event_date,empirical_period,contract_key,12h_prior,24h_prior,6h_prior,event_day_open,contract_complete,taec_date_eligible
2026-03-18,market_development,110474255066493490332588316800377380653285496596456220682434262080826926516690,0.035,,0.002,0.0025,False,False
2026-03-18,market_development,12268222159614728738434981709516892438897395269600915350011382182854202444351,0.125,,0.09,0.175,False,False
2026-03-18,market_development,12656638109055951261831148616722371673366233304846545884747086856267391003970,0.22,,0.2,0.465,False,False
2026-03-18,market_development,14905800807098121335450400627311466522885081603036629837583273111730697417676,0.11,,0.06,0.0155,False,False
2026-03-18,market_development,22145438231607492786248212827857227280720837366678546698439731971698231574617,0.06,,0.0245,0.01,False,False
2026-03-18,market_development,22934479917760701215287278315472904846214466137533312331227437532354462195085,0.08,,0.045,0.012,False,False
2026-03-18,market_development,37360368221043859735577577762103864480884668984172010078154389162590441254438,0.045,,0.0025,0.003,False,False
2026-03-18,market_development,38643976793577449599167113728084786609484981080463675275750414431860275832645,0.095,,0.1,0.07,False,False
2026-03-18,market_development,49564577024420605914456724618800305233138629860131859992441195347379033049612,0.205,,0.16,0.275,False,False
2026-03-18,market_development,55799776111437449950755224612061328454593820669968373633248129469898230341057,0.1,,0.205,0.13,False,False
2026-03-18,market_development,65325550865731780765945673249095015807109286488076063591627840343472326859602,0.225,,0.11,0.275,False,False
2026-03-19,market_development,111327742962296719107191162056033180829045697164415206391456323781676603034973,0.0035,0.01,0.0035,0.003,True,True
2026-03-19,market_development,11857229487982202063200562415296796289271555091000987698268878301801826678005,0.32,0.21,0.29,0.31,True,True
2026-03-19,market_development,15431830448012691091108550077442519840908831304557557953827441407855696839787,0.085,0.23,0.011,0.0075,True,True
2026-03-19,market_development,24762042096779966601488432413643803930851179036897482337508583017551372623713,0.25,0.175,0.3,0.27,True,True
2026-03-19,market_development,33331969367428365469801839917865236033975877132756792676749966476776128222554,0.02,0.1025,0.004,0.0035,True,True
2026-03-19,market_development,49876605515183080888328511221418524643937427572367378711874446294155620015523,0.105,0.225,0.096,0.01,True,True
2026-03-19,market_development,53037367002185492159295706167922652040897401640235496432151791691138525055341,0.02,0.145,0.0035,0.0035,True,True
2026-03-19,market_development,58255877209506276757395985315962201378432754743544335956414400721811407209025,0.215,0.21,0.075,0.017,True,True
2026-03-19,market_development,66728546636913381438287184123387568955943105833454696721546466213565130921220,0.001,0.0015,0.0005,0.002,True,True
2026-03-19,market_development,79187960723332863706622452381680494705039830276425331491162122163992604308333,0.05,0.12,0.004,0.0065,True,True
2026-03-19,market_development,93249664553656843954425644598282848387760105568219245579096150666609197485978,0.155,0.1,0.37,0.285,True,True
2026-03-21,market_development,102088886276256640789178906004032171914907020844488755076423380938065319598313,0.385,0.385,0.48,0.375,True,True
2026-03-21,market_development,104305537771588367224112116542613347081327883858996730472925261990486047414518,0.35,0.34,0.315,0.35,True,True
2026-03-21,market_development,108399962879827455930191557917522753238866769402481311182489416485838200710784,0.0705,0.0895,0.0175,0.0485,True,True
2026-03-21,market_development,108877812597976785287945800680591662770998265153262195019895235465116219204175,0.003,0.003,0.0025,0.0015,True,True
2026-03-21,market_development,10995773514615910108808686327047935393681504741600166218419762065251104715284,0.0055,0.0055,0.0025,0.0015,True,True
2026-03-21,market_development,11412188093244832334389982750845174466633334561984007686919983966906430842839,0.08,0.07,0.085,0.11,True,True
2026-03-21,market_development,41844844727044056800876593712459454410509909484007963541844378081792705209199,0.004,0.008,0.003,0.0015,True,True
2026-03-21,market_development,62955074773313067440933071197796382169974659936169570031288291349131182564927,0.0545,0.048,0.013,0.123,True,True
2026-03-21,market_development,68337647360620716571575822505322617404495513758825214568120233317105736908487,0.007,0.0185,0.004,0.002,True,True
2026-03-21,market_development,84359357523469143861917587429894942932335507522846988208694770568022646918547,0.12,0.145,0.13,0.0815,True,True
2026-03-21,market_development,96207918301408540735987615821561629684507546821777292334776379363785786396618,0.019,0.067,0.02,0.011,True,True
2026-03-22,market_development,103054874609567907521241184440902727919872165609041746797663970929323497783358,0.002,0.007,0.0015,0.0015,True,True
2026-03-22,market_development,10661603403154077109319835950031929261115397530111949046628209812225311742299,0.315,0.345,0.305,0.215,True,True
2026-03-22,market_development,13427458244854535858658649548778062487886769677181986602494591347639574474724,0.085,0.1,0.1395,0.226,True,True
2026-03-22,market_development,47202115027199822015426841580282121837628801885643792902476753618730424619054,0.165,0.215,0.134,0.1785,True,True
2026-03-22,market_development,52870987509696709409138819998988703476678563520711336584594966577786278464081,0.002,0.004,0.0015,0.0005,True,True
2026-03-22,market_development,72272744168421149592867037780411981773445830944847861579580446033008873614849,0.0165,0.0105,0.0185,0.0175,True,True
2026-03-22,market_development,83554383954968931800543430960477422252783369343178124617473524381445213170802,0.415,0.195,0.325,0.43,True,True
2026-03-22,market_development,83566191575630565041831420482622256292186807187848065096514280278270420733054,0.055,0.125,0.096,0.0615,True,True
2026-03-22,market_development,8829912748330094322908671258151171106923145759940671816777970475193569944148,0.007,0.007,0.007,0.004,True,True
2026-03-22,market_development,90519916769751639551556755497921691236148014271665946791625200932267689996143,0.004,0.01,0.0035,0.0015,True,True
2026-03-22,market_development,97577547037340214867576662147300980114418527616804458993986756049710457058650,0.0875,0.06,0.0525,0.016,True,True
2026-03-23,market_development,107058099367462719500521223268209486590354418058394651721958544630810952142213,0.0205,0.016,0.017,0.0015,True,True
2026-03-23,market_development,112569944724276400416612320011071331534778074908231042530180631856344262900744,0.005,0.004,0.0025,0.001,True,True
2026-03-23,market_development,114926042286195638295144866384392436539097553409939370449417086970144076257155,0.017,0.0105,0.0105,0.0015,True,True
2026-03-23,market_development,13729975962898075321418412115314570163160074116018327052618750028787591787401,0.345,0.17,0.115,0.4,True,True
2026-03-23,market_development,147589990323874140883572378503417323133185625772993602340772038579763640007,0.335,0.25,0.47,0.41,True,True
2026-03-23,market_development,1992409537585396768992248556042923700386754326555499331703434887743592834043,0.082,0.053,0.0245,0.0015,True,True
2026-03-23,market_development,44948127609813227591505175151877664275813448015319081155608612741819130745270,0.004,0.004,0.004,0.001,True,True
2026-03-23,market_development,52060484546467822988189644396808847172099306226499740439720989668955653573234,0.002,0.0035,0.002,0.0005,True,True
2026-03-23,market_development,5969654045616989549233366740679567665880473089672120994014078507805960993240,0.135,0.265,0.16,0.325,True,True
2026-03-23,market_development,71788933480081292507042279969719059660069314906232436902735095892469406082500,0.0525,0.085,0.0395,0.0135,True,True
2026-03-23,market_development,94871178000587895734122986447054197704112283429464220690850765831876273217994,0.225,0.31,0.215,0.14,True,True
2026-03-24,market_development,115219485479654155140901523286515638155424364247650141334125032672382852606791,0.045,0.041,0.027,0.0035,True,True
2026-03-24,market_development,22908081646702297821531285677585773398412300679473322720720434797350237199256,0.0325,0.0395,0.0155,0.002,True,True
2026-03-24,market_development,25774213028808917783935924032705159430534396020633061949453886501450333035247,0.22,0.22,0.135,0.15,True,True
2026-03-24,market_development,26644931795446021998903766398345967660072208950158761302811591786280742082141,0.0865,0.0405,0.0385,0.018,True,True
2026-03-24,market_development,30554253718225619757398478589155372644408539980043353179754089532304373679725,0.285,0.185,0.235,0.285,True,True
2026-03-24,market_development,43878369659918621104853044968363184641210195422334305911284181908593422944594,0.003,0.006,0.003,0.0005,True,True
2026-03-24,market_development,53363816501665767080308867138928290571388151361859151266160240382660356177234,0.0065,0.008,0.006,0.0025,True,True
2026-03-24,market_development,59698836163118574357590044831230009606202018996634783057821066110588316955361,0.0065,0.011,0.0065,0.0025,True,True
2026-03-24,market_development,69135516311351049101182041222287094292199596565962661027330097748096697074537,0.175,0.175,0.085,0.145,True,True
2026-03-24,market_development,74909063714307127283480831130811367296250205252617106942221137991858217993595,0.003,0.004,0.002,0.0005,True,True
2026-03-24,market_development,78692401451453472805200641405814451281055375405576234851156999373730988800439,0.28,0.325,0.43,0.44,True,True
2026-03-25,market_development,12656933192627678529143676547590123026507313796378840266478793759326273310265,0.003,0.0035,0.0015,0.004,True,True
2026-03-25,market_development,24347215888988629211141694053684838241376748257315236371809667481391911222804,0.69,0.555,0.755,0.59,True,True
2026-03-25,market_development,2911703517184963434171723185943428689708998400639162984489679257915821861772,0.0455,0.07,0.008,0.0115,True,True
2026-03-25,market_development,35661429830282660725405388626216874713967573969912136767653632280648406230268,0.0035,0.0035,0.0025,0.0035,True,True
2026-03-25,market_development,48261398911745060735282029377003717213202876304764845082990561855224474222455,0.0655,0.0575,0.0135,0.036,True,True
2026-03-25,market_development,48625235375638569300653183415041950043110165123292807912776961273592197936653,0.0655,0.2,0.03,0.128,True,True
2026-03-25,market_development,54489479291181091878944185758956172619425735262609328058120202757506067701540,0.145,0.205,0.205,0.3,True,True
2026-03-25,market_development,74965317274491758079286074758244691675836835780685008505710911824542847000457,0.004,0.004,0.0015,0.004,True,True
2026-03-25,market_development,85593705110850393416588149751910603985865049242427286019907997285544316213862,0.0065,0.0135,0.004,0.004,True,True
2026-03-25,market_development,87953537897502207805897315755989158651453327171327144549899828836282875077548,0.0015,0.004,0.0015,0.0015,True,True
2026-03-25,market_development,88455973483231224552550679490246033019627500814076700971155399059511087234143,0.018,0.0345,0.0055,0.0065,True,True
2026-03-26,market_development,22969928800325737622836680162973924649247011171657024145402068845051583480077,0.475,0.335,0.09,0.0335,True,True
2026-03-26,market_development,23843190388558098931986749150536567666927700643962005917978523441956297735857,0.0145,0.06,0.0205,0.0125,True,True
2026-03-26,market_development,25092836814386902697609370069097712709751835572182012672952141367636947482009,0.046,0.075,0.099,0.121,True,True
2026-03-26,market_development,42164541386186528569714547396461302380926782449172491678866538331543304741323,0.0055,0.0145,0.011,0.0005,True,True
2026-03-26,market_development,42391646575063594530261832661171138051442823154690189482888531407696273778554,0.0015,0.004,0.002,0.0005,True,True
2026-03-26,market_development,59163414750214341469483334261009421138074190462445288895603080051781471856315,0.01,0.02,0.0035,0.0015,True,True
2026-03-26,market_development,62299893849326736651807119038489757120926212059137156595402721461324353298819,0.004,0.0065,0.008,0.0005,True,True
2026-03-26,market_development,62529116197925117901791090492724201830689557143033315465010464401054057592062,0.21,0.205,0.57,0.605,True,True
2026-03-26,market_development,63285498758416300952829903668845992041254627156801788442562625872733574960460,0.295,0.32,0.225,0.205,True,True
2026-03-26,market_development,79443199743580028055368028841023886913236753013452848486147419991499776884223,0.0035,0.0085,0.0025,0.001,True,True
2026-03-26,market_development,99680828057000260324574657360626897979875824363304738872047555178345127750932,0.0015,0.004,0.0015,0.0005,True,True
2026-03-27,market_development,11076563508822869450293004697594652273143099887939412310469337736095137305452,0.31,0.2,0.41,0.315,True,True
2026-03-27,market_development,21504467181616258984888610080610713303929949633371084122946192948429989847910,0.0035,0.004,0.003,0.0015,True,True
2026-03-27,market_development,32488400266355763015032741739258899200441428753994679104529538653666327787626,0.0055,0.0065,0.004,0.0015,True,True
2026-03-27,market_development,48125303416714571952942041446891027365677668823521891550581089696150101984876,0.185,0.125,0.08,0.0175,True,True
2026-03-27,market_development,50060010016739109172171643437115576854369294678213890710065085897896957911280,0.1665,0.115,0.2535,0.551,True,True
2026-03-27,market_development,50216337123608368635981420998207922699423183302244226419438705541114009499748,0.0035,0.004,0.0035,0.0015,True,True
2026-03-27,market_development,63437344485655135382335021671971527249316141736618758443776897304537950605990,0.045,0.085,0.0175,0.0045,True,True
2026-03-27,market_development,63611159113458626054028364284072591815020738596249907013386357449451218280104,0.35,0.375,0.355,0.15,True,True
2026-03-27,market_development,67069094646061325414181065731559567715856785964401770438504631073567284666501,0.0025,0.007,0.002,0.0015,True,True
2026-03-27,market_development,67806656430312873415623375769685163366204044693944257425878203047139104994347,0.0335,0.048,0.006,0.0045,True,True
2026-03-27,market_development,74381165252008193294141801724469368635177857243492606443982441178446220824522,0.0025,0.0025,0.0015,0.0015,True,True
2026-03-28,market_development,114122130707350338382171318360123700026114926629558530897562726309577022062908,0.095,0.12,0.065,0.095,True,True
2026-03-28,market_development,115324454910885099820049470485170353086894462661740260053502290907324316017234,0.003,0.0035,0.0035,0.004,True,True
2026-03-28,market_development,11573782620866080466631406176015597200008079444112041781970095004034518125426,0.003,0.0035,0.0025,0.002,True,True
2026-03-28,market_development,14246889285495097864224568210119802800364508390272920762021995904517341083293,0.0035,0.0035,0.0035,0.0035,True,True
2026-03-28,market_development,32918468918450659301698070887006637438971382921141422595015405452806980796740,0.0035,0.0035,0.0065,0.0265,True,True
2026-03-28,market_development,33341022844721792044426870168003919852183060353141455146663362330602003526954,0.028,0.053,0.0315,0.025,True,True
2026-03-28,market_development,34229020418764135715882696831300771524349408071310473187883537354470572780973,0.38,0.32,0.315,0.32,True,True
2026-03-28,market_development,60824020405823701710000834929317753641382111250283900396378184585474255335836,0.003,0.0035,0.003,0.003,True,True
2026-03-28,market_development,76899255423270490492420649922592567206554513063920436813281145493964333161163,0.245,0.38,0.28,0.405,True,True
2026-03-28,market_development,80144057645313550120558964689423501334117025100325029265518559149051336127563,0.0015,0.003,0.0015,0.0025,True,True
2026-03-28,market_development,86239285114011274619793587954125983976639616193370774382729879159085660634638,0.26,0.215,0.315,0.165,True,True
2026-03-29,market_development,100590569152540473008751598967264639676200335785437381816287940905532477430102,0.0045,0.0035,0.0045,0.0035,True,True
2026-03-29,market_development,101033788152185750001183408407316121638918064333986370736444591098313397412990,0.275,0.285,0.26,0.27,True,True
2026-03-29,market_development,105614885103500195191159807271606634684553547561594647517594240625335838454404,0.012,0.0035,0.034,0.014,True,True
2026-03-29,market_development,114065163358686728188576118755979092205926359963925524761992462959168378454228,0.0035,0.0035,0.0025,0.002,True,True
2026-03-29,market_development,14533075464562273226372406064741893927808692196069570503174870196061184079930,0.26,0.3,0.405,0.395,True,True
2026-03-29,market_development,2515687879996028043087493811000485137097904278338161732398418673457552206949,0.2,0.22,0.15,0.115,True,True
2026-03-29,market_development,39051647567449298825917282091344570716499090205775891846154745451612866093574,0.0035,0.004,0.0025,0.0015,True,True
2026-03-29,market_development,49518575885169443028098291806383472808522406412906840085439045945397205472313,0.155,0.165,0.075,0.1,True,True
2026-03-29,market_development,50344364559681121036576082095485169202206556595157223068515342923348245073795,0.11,0.0675,0.157,0.115,True,True
2026-03-29,market_development,71672764944441207408529589461567097636372697248397497053343870833840957922852,0.0025,0.003,0.002,0.0005,True,True
2026-03-29,market_development,98321061165585559434172544960565428816135320117145012853581874868388551623884,0.0035,0.0035,0.0025,0.002,True,True
2026-04-01,market_development,13757421407633171963826033095139937965738957582512295012829992103522849849893,0.07,0.11,0.07,0.065,True,True
2026-04-01,market_development,15286266942096997100441907272183828891275214701549879934850424172490056004762,0.28,0.335,0.315,0.355,True,True
2026-04-01,market_development,20796348205047967733869729627896331196596616742840951445748283819848266836944,0.063,0.0735,0.028,0.0135,True,True
2026-04-01,market_development,2217105085674160947057305310232537454370298167764248642073346728367195238715,0.3,0.29,0.31,0.31,True,True
2026-04-01,market_development,40014900626589044189029630768093662713815741737430235059361070842764241218823,0.0005,0.0015,0.0005,0.0005,True,True
2026-04-01,market_development,43076841186972569954589188275745972187022313669271379429828637168322720934433,0.18,0.19,0.205,0.265,True,True
2026-04-01,market_development,44949916810529548120680678974005916291746611437060914085328650456191313099194,0.0435,0.031,0.0185,0.0025,True,True
2026-04-01,market_development,55079827773872631729176930461884414860375524560638114135289382035970218663038,0.002,0.007,0.0005,0.0005,True,True
2026-04-01,market_development,74029023981756759082197939119003286627001628189391619854668747272006096227673,0.1545,0.065,0.1715,0.1715,True,True
2026-04-01,market_development,83841444489435774308014761014987456636927246644172209548916425298470168255910,0.0015,0.0165,0.0015,0.0005,True,True
2026-04-01,market_development,8604720886787485019697790883292245503562985545875997741180261352304494220128,0.0005,0.0015,0.0005,0.0005,True,True
2026-04-02,market_development,101489720791327513044715212165796300689397114796861319650395214216916415963110,0.285,0.28,0.245,0.355,True,True
2026-04-02,market_development,2707559199914199733467025022761149078291533988836836054763541299454854266675,0.125,0.14,0.11,0.09,True,True
2026-04-02,market_development,37187550100478082566277726283160006593668804184997984687458722078783777953469,0.285,0.225,0.27,0.13,True,True
2026-04-02,market_development,4051363700900484219731864532842889784682698455108340009457856914049045646186,0.0035,0.0085,0.003,0.003,True,True
2026-04-02,market_development,51179129870315228133188809751350397382880229926863954733530257124053768162786,0.0135,0.0185,0.0065,0.006,True,True
2026-04-02,market_development,63429107648208862371179410008088743057354666250590351383575086027387364899726,0.0045,0.0045,0.003,0.003,True,True
2026-04-02,market_development,7469455243625447394036276357470426150200497655423027296955739966429742762577,0.0035,0.0035,0.0025,0.0015,True,True
2026-04-02,market_development,87257527542171335636790113676382413365426587827928119268896386814178163255530,0.315,0.2,0.33,0.4,True,True
2026-04-02,market_development,88757306596435871351989426582875199447793470835305755270448193752199546346984,0.0035,0.0035,0.0025,0.001,True,True
2026-04-02,market_development,90893194109927421143921342032808825774651261426004539401108520429107664351857,0.045,0.04,0.045,0.043,True,True
2026-04-02,market_development,94595470487792851764148293000869517732254538609449758139586836930369149522159,0.0505,0.06,0.053,0.028,True,True
2026-04-03,market_development,12404000717186025164513420188934048290926285314741201326081130081895600140473,0.345,0.355,0.395,0.355,True,True
2026-04-03,market_development,12420105298063046377642380667622482533826423004781087080112995216382474838019,0.0035,0.0055,0.002,0.0015,True,True
2026-04-03,market_development,17628245778653871888205685109112704653981223018314695881117527264675734261737,0.145,0.105,0.21,0.18,True,True
2026-04-03,market_development,21695926733987735361668859131137056871131110463766615930114704470867888048949,0.0055,0.0105,0.0015,0.0015,True,True
2026-04-03,market_development,28367476204779731230478977885638990650669723922677190980567112060305866079651,0.003,0.004,0.0015,0.0005,True,True
2026-04-03,market_development,489214184373807034980491617899152617536116229064820840303179512944737917580,0.155,0.17,0.075,0.0295,True,True
2026-04-03,market_development,53973273390056076105153935439645668024759457269464880276139554928412728339117,0.04,0.02,0.04,0.0345,True,True
2026-04-03,market_development,71049896896913136698232710369927204560548631038509003340906254566162201678369,0.205,0.2,0.19,0.055,True,True
2026-04-03,market_development,7565298029201963272915714516666148570142923461148059990393740130391824107339,0.22,0.275,0.235,0.28,True,True
2026-04-03,market_development,85573700139071295507347633720956517812924506101041421908445894959272474634021,0.0065,0.016,0.004,0.0025,True,True
2026-04-03,market_development,91698610797798048527035171242234447492535594968947107207338833518844824492121,0.0345,0.0355,0.006,0.0065,True,True
2026-04-04,market_development,16927444899138332089732684366750350745678248626865982093502478241791933967879,0.007,0.0155,0.0045,0.0015,True,True
2026-04-04,market_development,26987780746916575171793019236365369142604349376937464039759635679622895393358,0.295,0.285,0.275,0.135,True,True
2026-04-04,market_development,2996870457162447764374213545916038777865761105147153068649138363626173049945,0.05,0.07,0.0165,0.016,True,True
2026-04-04,market_development,35290952363826230941453878931960912678843994437850632601468894932168438346033,0.0225,0.03,0.0315,0.033,True,True
2026-04-04,market_development,35318765231852817823183901385207052431023964534377924230854941418442225420646,0.0015,0.0045,0.0015,0.0025,True,True
2026-04-04,market_development,37585048983762474421631253140015798951541224297453813511929743376835733024133,0.26,0.26,0.375,0.33,True,True
2026-04-04,market_development,41191145839955785161525453921862667868644075082531076977503059771554831015469,0.0025,0.0155,0.002,0.0005,True,True
2026-04-04,market_development,56818589220781215536311945582157676263200923645333101773100544924058229071772,0.11,0.105,0.1,0.095,True,True
2026-04-04,market_development,67435585219855414836643362510818376874620201009617886587882687403058346168079,0.175,0.14,0.05,0.175,True,True
2026-04-04,market_development,74834570560443581764802100986815327298866147619128490681788241355444234279762,0.135,0.23,0.225,0.25,True,True
2026-04-04,market_development,97533395277130040448921588909099758316119988503161779366461880466727686708712,0.0015,0.0055,0.0015,0.0015,True,True
2026-04-05,market_development,104757526012921090233180591680889167265603295056673214860338164056874618029396,0.12,0.155,0.255,0.27,True,True
2026-04-05,market_development,15292098526477030809993906300224555310006329210339601132926403923970392573628,0.0245,0.028,0.025,0.025,True,True
2026-04-05,market_development,22074646798189123635520932637727865137601081645580644112018376011577026693799,0.0855,0.0715,0.035,0.015,True,True
2026-04-05,market_development,25848404610935488581923593493158080453509930610464714765597544450751655080788,0.003,0.004,0.0035,0.0035,True,True
2026-04-05,market_development,26671144574678579633191242731406832933866690980311921251343613122666969078740,0.4,0.325,0.315,0.385,True,True
2026-04-05,market_development,41698514529858891844589742513124336251360409885818830357575227634874978902711,0.065,0.045,0.0905,0.058,True,True
2026-04-05,market_development,43866549669423541632974893827236151651339018283628336976804309112558024110725,0.37,0.385,0.375,0.375,True,True
2026-04-05,market_development,50409073537335131991936665136273430917848934617334036368110483089585055351802,0.0325,0.06,0.032,0.025,True,True
2026-04-05,market_development,57239072134856851649312401014770653867154061343716744536278881907453273749371,0.0015,0.003,0.0015,0.0015,True,True
2026-04-05,market_development,74665723756596504794254788516955728557433668850961942716437300494034489795628,0.01,0.014,0.0035,0.0015,True,True
2026-04-05,market_development,9229739253749905704680290741929854437533657473636588486929071654376804383371,0.0015,0.0025,0.0015,0.0015,True,True
2026-04-06,market_development,101278181446702086764876495706411648321531196037166235820461929146199404850882,0.0195,0.02,0.0195,0.0055,True,True
2026-04-06,market_development,109387958593385001719748750756014709698879084186116130540631025696593206881045,0.003,0.007,0.002,0.002,True,True
2026-04-06,market_development,33933611503720263839516233544720391602177918424273546465766104513169544729016,0.0015,0.0015,0.0015,0.0015,True,True
2026-04-06,market_development,43382942576271247142441321003283693526286321866069317184823908186687599298419,0.095,0.095,0.08,0.035,True,True
2026-04-06,market_development,58804196403277689077621440734443096149407730099808545628570784626832377973056,0.14,0.21,0.115,0.115,True,True
2026-04-06,market_development,62776658481087562462987229315895833357070304346160060536970088576179743492280,0.31,0.33,0.355,0.435,True,True
2026-04-06,market_development,76956330032487539628627307600596603866433041445338532128175772033529497016658,0.06,0.0625,0.039,0.0405,True,True
2026-04-06,market_development,83706924749752465624198363378474854123096599590367716338284996214587325440558,0.16,0.09,0.135,0.07,True,True
2026-04-06,market_development,95695866516635890736433149193468233322485504056511067561067060366927144049494,0.015,0.014,0.015,0.004,True,True
2026-04-06,market_development,96796916696571656668827559567186372669981446625310318554955365872889052831839,0.355,0.315,0.365,0.26,True,True
2026-04-06,market_development,99424131690512568330796705666391535224298691842851918480982668466809604378574,0.003,0.0135,0.003,0.003,True,True
2026-04-07,market_development,100505607321043525958445751645437389713435223755145526991672454362389443776740,0.003,0.011,0.002,0.002,True,True
2026-04-07,market_development,100570501844895180581522120182562030060979807663065334762845789490457565074581,0.175,0.175,0.0215,0.0745,True,True
2026-04-07,market_development,4251714928438279526608571105893790187255508256208611799436055960411623295839,0.185,0.185,0.055,0.135,True,True
2026-04-07,market_development,47524888104911950978143123605432255163926838802573525264813198274719645213701,0.25,0.25,0.39,0.39,True,True
2026-04-07,market_development,48824616568047241215393964534705339426232799048742235497234053786926847552877,0.0005,0.0055,0.0005,0.0005,True,True
2026-04-07,market_development,48999003397609306326624365385466206492414589785895264785458074556581093772127,0.024,0.036,0.0145,0.002,True,True
2026-04-07,market_development,67612448368719016965415027552145733682271571937997445491029944774981830131475,0.0315,0.011,0.0185,0.0015,True,True
2026-04-07,market_development,70232641775292882378091745605473121893306998899719561219140224693289694280040,0.0015,0.006,0.0005,0.0005,True,True
2026-04-07,market_development,72753505317986976264476630671218613885619803132653617556970502324594074977733,0.0015,0.0045,0.0005,0.0005,True,True
2026-04-07,market_development,76937541284970235713946827721430827942510392819625643067124039675409412469066,0.145,0.17,0.13,0.175,True,True
2026-04-07,market_development,85716700141418637713490714387097257151414766201026406342241175141449628457488,0.285,0.235,0.39,0.42,True,True
2026-04-08,market_development,101197467669475102451275235284873681509218415084558777853337669874089853513461,0.335,0.31,0.315,0.25,True,True
2026-04-08,market_development,17388263862173472791807925208165756515620925468145389651359282196904752922459,0.125,0.18,0.215,0.17,True,True
2026-04-08,market_development,1768030576685414304727308454365030688316874121892751436337190432480927297332,0.245,0.2,0.39,0.45,True,True
2026-04-08,market_development,35905002795015542341005756311532198098934030801174837185337965485082679853995,0.18,0.19,0.13,0.045,True,True
2026-04-08,market_development,56432863961852937314524414907053025012329178962029286176630806701853115189173,0.0325,0.009,0.019,0.0035,True,True
2026-04-08,market_development,69501325592959647039491854515657489033563562010496557585416845195336271862317,0.0045,0.0015,0.003,0.0015,True,True
2026-04-08,market_development,71080857083932516182262087905066912356382931963716896287174973115169575527708,0.0045,0.007,0.003,0.0025,True,True
2026-04-08,market_development,7240843114131447344717026785346230865212120754242354109849080324596672680161,0.002,0.0015,0.0025,0.0005,True,True
2026-04-08,market_development,72421226166215323078283475544953456189032019019011364844757743363733192096580,0.055,0.065,0.04,0.0395,True,True
2026-04-08,market_development,72971265062436874591916960670005440599870820650578379555909936974822178833527,0.0015,0.0075,0.0015,0.0015,True,True
2026-04-08,market_development,93832026256127406768566334388300360645792951155541746501864958660095103102503,0.085,0.055,0.055,0.014,True,True
2026-04-09,market_development,103836279898002045383380384609615921212758090839062152240136136849677390072831,0.0025,0.0035,0.0015,0.0005,True,True
2026-04-09,market_development,105760757640175064897261405748517269249180876310401389385974298047295976988708,0.033,0.0355,0.022,0.0045,True,True
2026-04-09,market_development,107639122197296031990264306598517424286138420658775696325026844766061367119749,0.0015,0.007,0.0015,0.0015,True,True
2026-04-09,market_development,15221227081466749843535737572611478569091311934751116969043791057209190055875,0.024,0.0145,0.0045,0.003,True,True
2026-04-09,market_development,17428582223469959693261692788334178184676077266061986974015056550482061773293,0.21,0.365,0.35,0.37,True,True
2026-04-09,market_development,23906953712039328957988930975062318247895779924552784852458714133990953072260,0.0065,0.0085,0.0025,0.0025,True,True
2026-04-09,market_development,36533265781141357971698875544368377840131891434407491325441641933184007977612,0.0015,0.0015,0.0015,0.0015,True,True
2026-04-09,market_development,47954663659725067052957219291826528944713330160842145244140849956421321086062,0.405,0.38,0.47,0.545,True,True
2026-04-09,market_development,71661577864680755562481797436474406999754540795343425087326216761762358466420,0.103,0.065,0.0495,0.009,True,True
2026-04-09,market_development,73561784534561019889024079728045864525315674008789391474517397673295630746957,0.315,0.285,0.16,0.08,True,True
2026-04-09,market_development,99585856623492714667595644143569564609152206791932534913519702421826482404888,0.0045,0.007,0.0015,0.0015,True,True
2026-04-10,market_development,114221833123908158105887372263604526651035188443468358054614096591140838124990,0.275,0.245,0.375,0.635,True,True
2026-04-10,market_development,21410421144675005956027138392042585861329063186102722742002484227225248573706,0.28,0.245,0.28,0.17,True,True
2026-04-10,market_development,22949151863078752582196083265341890533083952581087552910627824170177285810469,0.0015,0.0015,0.0015,0.0005,True,True
2026-04-10,market_development,27108372496993268654926442590603826923879365862633957505324227158731269160365,0.0035,0.0015,0.0025,0.0005,True,True
2026-04-10,market_development,33920930266990684139171199131588879631620210162811979261259740749860755381977,0.0075,0.0095,0.0055,0.0015,True,True
2026-04-10,market_development,36850248312549903875364114577225516929899282555521479198145552785017591833115,0.028,0.017,0.0065,0.01,True,True
2026-04-10,market_development,41642465981386783567093252900415715824417450066807872070855509555051948550405,0.0055,0.007,0.0095,0.0025,True,True
2026-04-10,market_development,54836983936980878212606421868210803097902568402169344278015434270494268497477,0.0015,0.004,0.0015,0.0005,True,True
2026-04-10,market_development,58956322473206871218357865379829554333961784487932969144570010590439148147860,0.385,0.435,0.16,0.235,True,True
2026-04-10,market_development,64601735238886796622927629959507020019160609939140331765301887751898128552410,0.0015,0.004,0.0015,0.0005,True,True
2026-04-10,market_development,88262719188573566470251670873242729419758093265490171670915320458063421254960,0.105,0.08,0.0255,0.055,True,True
2026-04-11,market_development,109670798574747185853429891426457365783370233096204837880877997939129390812751,0.225,0.215,0.105,0.07,True,True
2026-04-11,market_development,115323362012133967493704850051604257679341456620719145674170295163942973964852,0.022,0.035,0.019,0.0175,True,True
2026-04-11,market_development,12794935403832978907597576149827725505165804525101254774030044540293910764702,0.0015,0.0015,0.0015,0.0015,True,True
2026-04-11,market_development,35879719803810768508611009685428510433959413848777763007743594550055939964018,0.0025,0.0025,0.004,0.0005,True,True
2026-04-11,market_development,36143562334637565063970049458654785003551167675901869757774239018369416172106,0.355,0.355,0.445,0.335,True,True
2026-04-11,market_development,45708551049554033634350032853753718009141030316149444142960545499853150869971,0.0035,0.0055,0.0015,0.0015,True,True
2026-04-11,market_development,71015926237664695819190069349633226964696933882377479362384588034762150762857,0.0055,0.0055,0.0025,0.0035,True,True
2026-04-11,market_development,73712799162388775159427291550890203203666102742449442433252430982779807784372,0.295,0.295,0.29,0.385,True,True
2026-04-11,market_development,76783062408906872327708539394668637558494963875845953992950843706271674508706,0.0175,0.0175,0.003,0.0045,True,True
2026-04-11,market_development,82778080487551185763334075014686932270091422590989760299055816825048372587854,0.105,0.08,0.07,0.121,True,True
2026-04-11,market_development,99930559057710551029371876710342208093308728579790256394238027160576126928316,0.003,0.003,0.004,0.003,True,True
2026-04-12,market_development,100333235281670465080071734788280366907376455625839464815730335050100061014823,0.004,0.0115,0.0015,0.0015,True,True
2026-04-12,market_development,108947040358953994279545569359514292704251194307921803827466610331634022413754,0.158,0.0625,0.2405,0.244,True,True
2026-04-12,market_development,3132811527238312836263575614350430269923706889338590753719330223712337930127,0.0025,0.0025,0.0025,0.0005,True,True
2026-04-12,market_development,42534833793131152787940940650462504736697545275448677657744052058459793675583,0.245,0.28,0.105,0.105,True,True
2026-04-12,market_development,70877020873068393683668313520728986915239094865319327014117538689679159285073,0.305,0.285,0.455,0.48,True,True
2026-04-12,market_development,71121808715390735640599054502498556858825656848951017405299226650847282719271,0.0015,0.0015,0.0015,0.0005,True,True
2026-04-12,market_development,82751711863239094682915780023947413340015851545585231421153333500088775544090,0.315,0.345,0.235,0.23,True,True
2026-04-12,market_development,83662538222777860292389767984263238962567802565862327556198814758385298659816,0.0015,0.0015,0.0015,0.0015,True,True
2026-04-12,market_development,95407826925914946336643405384501184976180641795062108114518961575661241514277,0.0015,0.0015,0.0015,0.0005,True,True
2026-04-12,market_development,97222777706577848036961102988169046243923427138308254842001548461519760593317,0.0155,0.026,0.019,0.036,True,True
2026-04-12,market_development,98056206886920395187063628887347265100972900393545487973318684899311317533554,0.0035,0.008,0.0015,0.0005,True,True
2026-04-13,market_development,101611528061924439869750543339188192462591036912302611110969858486926507729000,0.14,0.125,0.155,0.0745,True,True
2026-04-13,market_development,115174939423224925168740068794692759585238904168976538381937391113259374197047,0.0025,0.0025,0.0015,0.004,True,True
2026-04-13,market_development,14097171019495854480993041567939052141066319840357605075917546750909592860309,0.055,0.065,0.035,0.0255,True,True
2026-04-13,market_development,22221388475281013860848007538942977086708290425322534714785647078464038861994,0.285,0.355,0.285,0.435,True,True
2026-04-13,market_development,29080195822267444386165649910402364530099441450849530341043845767837347461061,0.0025,0.002,0.0025,0.0025,True,True
2026-04-13,market_development,34491913205221681463207044821744867829885565533570547467894534209265318155741,0.2,0.1635,0.2,0.2,True,True
2026-04-13,market_development,62099603512781579860973431102523682933703135157382610058975557882648191716596,0.0445,0.0455,0.017,0.0175,True,True
2026-04-13,market_development,71620471481517480702473693260939429946258855782517416458483748133540376045129,0.315,0.335,0.475,0.475,True,True
2026-04-13,market_development,89916957096136682132924917633634048025087476514235776938773942283886309924625,0.0025,0.0015,0.0015,0.002,True,True
2026-04-13,market_development,97738960646174405599492671120798975234473473891362512867142859636452668830264,0.001,0.003,0.0005,0.0005,True,True
2026-04-13,market_development,99293621040730549325231814820410610832547732350335020675054652276589174114357,0.0005,0.0015,0.0015,0.0015,True,True
2026-04-14,market_development,112889139991084195812349620505190241975235202968016305170084766813585327085701,0.0855,,0.0445,0.0445,False,False
2026-04-14,market_development,113207127978191097885229707545567156326206459658678095990961358545827439600369,0.004,,0.0035,0.0035,False,False
2026-04-14,market_development,13370546282065697473371729572242097824239918684499475220284240858935920723041,0.004,,0.0015,0.0015,False,False
2026-04-14,market_development,13877836181753017167793295465122046990112502110510601480234694063678329353417,0.105,,0.025,0.051,False,False
2026-04-14,market_development,20341263943517209195091724322473110484518254189465116749974517703146002553256,0.28,,0.225,0.15,False,False
2026-04-14,market_development,2328851494895717659133690267688489021646281569491861569206504975271186629895,0.0135,,0.008,0.008,False,False
2026-04-14,market_development,31220456370460047001974226571142740576967519551640788680986594534826106551809,0.0055,,0.002,0.0045,False,False
2026-04-14,market_development,37469154916892071384543381829218229217717740835071670577695636049083897627097,0.135,,0.245,0.305,False,False
2026-04-14,market_development,38287895953980023815609167639954832336820963982937964017350700829859860447275,0.36,,0.46,0.46,False,False
2026-04-14,market_development,51196267787375220239249014120131355103310952687542254056429875066642467453212,0.0015,,0.0005,0.0005,False,False
2026-04-14,market_development,66641798241165753211489903705246684777385274370533677356411419213464933438987,0.0015,,0.0005,0.0005,False,False
2026-04-15,market_development,104664774560479599018761634997702357054043927749807836910462822701891848863380,0.255,0.295,0.4,0.385,True,True
2026-04-15,market_development,24586719670940893325491503095263308396844564257908058001178649176458858390320,0.0125,0.011,0.003,0.003,True,True
2026-04-15,market_development,30847951656902599848442268900741662000804195973277813042774970500087686098227,0.04,0.024,0.008,0.006,True,True
2026-04-15,market_development,31597152713066401714351153789917220579181049670186092718818019264003168301991,0.003,0.0015,0.0005,0.0005,True,True
2026-04-15,market_development,31748117763642965908058216974394850891926323666700537269432608176683751935345,0.007,0.006,0.007,0.0015,True,True
2026-04-15,market_development,45905243439724627261343671861961643965583073134822231461676508329733180622038,0.425,0.38,0.39,0.405,True,True
2026-04-15,market_development,59010406595208951889036271359750308579335796195927979946152381091189610697842,0.06,0.065,0.06,0.0345,True,True
2026-04-15,market_development,61987845043323177934129679021316900041876771071191229576825138543285066296461,0.002,0.0035,0.0005,0.0005,True,True
2026-04-15,market_development,71158703356485755362088776516876010734595262236288101958249353725089347837509,0.0005,0.0005,0.0005,0.0005,True,True
2026-04-15,market_development,72967961967480398642090394709558940770842347445291828200217599776104621012747,0.0015,0.0025,0.0005,0.0005,True,True
2026-04-15,market_development,77021653073709144168795911772489396681307425253408147970760970371658735688869,0.18,0.285,0.155,0.205,True,True
2026-04-16,market_development,104927466918490130770860889602449057946561824438896283963293421930540277011262,,,,0.019,False,False
2026-04-16,market_development,107437801681083339073544275346332489372530686920612991917177688660589026285052,,,,0.0005,False,False
2026-04-16,market_development,107879621279143879080119755321860961453882763206109524172804879311021560328914,,,,0.395,False,False
2026-04-16,market_development,113038927596348619456532270695268761744058501537797580547787732755648546356450,,,,0.46,False,False
2026-04-16,market_development,24531645722845287611812986318132210832705352889438715580291989356631184026338,,,,0.0025,False,False
2026-04-16,market_development,34435461563748604642799907585194831510570022784617329493032325149774980841993,,,,0.003,False,False
2026-04-16,market_development,44257849904292148716060129381998755183978924165497150254119649186580046120109,,,,0.115,False,False
2026-04-16,market_development,48048433716477505707695293112722186926089578768950552705404097789580119706471,,,,0.255,False,False
2026-04-16,market_development,5525050243761054467521962314594710839632041395683623770976821306042274383989,,,,0.006,False,False
2026-04-16,market_development,5913641206172387752962597144057924402358239060171002371156135215423927584834,,,,0.0005,False,False
2026-04-16,market_development,91903937096889988385692177634143684361709747894120468684893410047829901955307,,,,0.0025,False,False
2026-04-17,market_development,13113611667323185385406142085166788194052390205987424287815024597271735747472,0.145,,0.145,0.0495,False,False
2026-04-17,market_development,20008441658275738438097412842809301010691954435847936992450402401417749091309,0.002,,0.002,0.002,False,False
2026-04-17,market_development,27770072574360790143808038285391485694736244680489541674309896361851365167764,0.0005,,0.0005,0.0005,False,False
2026-04-17,market_development,52943460668945658049683866594332408811709772847995718142094202987585536405444,0.365,,0.365,0.58,False,False
2026-04-17,market_development,53760297382005675917555640360822651269542628177086713360479553041880375183046,0.0015,,0.002,0.004,False,False
2026-04-17,market_development,77061780706317654402101850969699917830338477228882325374024877186483852059808,0.0005,,0.0005,0.0005,False,False
2026-04-17,market_development,81742617710797878931090676114251997463553186155704072352029392796191129291936,0.385,,0.37,0.23,False,False
2026-04-17,market_development,85010183239375785750220925001764504672692327510948807249553797714154144016214,0.013,,0.013,0.013,False,False
2026-04-17,market_development,88964310918694159640138934518398167617494088206899103518323146879674411080152,0.0025,,0.002,0.0025,False,False
2026-04-17,market_development,89201406097350451073696076240400788460300422556288703676394698330615978449264,0.09,,0.09,0.165,False,False
2026-04-17,market_development,96166255159858954074733738893690851677998355122793079795907503523620522423903,0.061,,0.006,0.005,False,False
2026-04-18,market_development,101880568357033525018620845471304996467821262515493304209784143811590094935008,0.0025,,0.004,0.0035,False,False
2026-04-18,market_development,16192600508326193034608014038607901044884730752768784468845606677464577767058,0.285,,0.375,0.355,False,False
2026-04-18,market_development,26558595583128928455632885813661645590874329844289364553603386589601246004008,0.0015,,0.0025,0.0025,False,False
2026-04-18,market_development,31278128941217666489995233827448483355757518730290320242526099275408031424295,0.001,,0.0005,0.0005,False,False
2026-04-18,market_development,3474367580288780672438083812437126303193794306223425403905998554309317001729,0.075,,0.0345,0.021,False,False
2026-04-18,market_development,68409637147245886453619157311123715158829443268572111951700473766947617176414,0.0265,,0.008,0.0075,False,False
2026-04-18,market_development,68644662605353726595201952994283071572447581601968250415866871142824183555444,0.205,,0.145,0.15,False,False
2026-04-18,market_development,69907236677811730049178335809116972842684299385680304100205072598257172043082,0.0015,,0.0005,0.0005,False,False
2026-04-18,market_development,70789308062284073945654325236799809322464690037783875094501761421667815246925,0.11,,0.105,0.105,False,False
2026-04-18,market_development,78872091096123904013882382241145197514349554348378637576017933515534426776431,0.0025,,0.0025,0.0015,False,False
2026-04-18,market_development,81962522574444305926309776770229900050478616693498160728727529516280674474722,0.355,,0.38,0.365,False,False
2026-04-19,market_development,105533452761086702526160889910498002579867061781007198589249119316381987095222,0.405,0.38,0.465,0.465,True,True
2026-04-19,market_development,115512213824135718104283213366465464680479876122860334523905438137743342297743,0.0455,0.0395,0.02,0.025,True,True
2026-04-19,market_development,12818815690428944520988047007526089763317668536985005897025486466107307510172,0.0065,0.0085,0.007,0.0015,True,True
2026-04-19,market_development,15626111276277046610208392660629772560693564174019623089604711424873936080074,0.0015,0.004,0.002,0.0005,True,True
2026-04-19,market_development,39435050439672056403125000532910600650045060130341944375484761751549903513697,0.075,0.13,0.045,0.025,True,True
2026-04-19,market_development,43794156951255155056007383663789929856771686877757139349362396947557351268575,0.0025,0.0055,0.0015,0.003,True,True
2026-04-19,market_development,46285401981444015287487133277372198056114005659737841351727176532765025231196,0.0105,0.0265,0.007,0.0075,True,True
2026-04-19,market_development,62599201708023217322493813299978585495036221324923435388132735016186913745985,0.0015,0.002,0.001,0.0005,True,True
2026-04-19,market_development,95096993707796118432012873948660088938097424324558905674933043742931406639105,0.145,0.15,0.135,0.135,True,True
2026-04-19,market_development,95629151663276070365371190552441338452090705755511183324194236696955529458364,0.275,0.25,0.335,0.37,True,True
2026-04-19,market_development,96109260538313637625580173850100548169552169706062179459992714145109162477537,0.0015,0.0015,0.0025,0.001,True,True
2026-04-20,market_development,12835533810598244761479551057421131888609160305175219557309909446058274777704,0.0005,0.002,0.0005,0.0005,True,True
2026-04-20,market_development,16287523744216670446778159597433402302809730320808645410702438573193354677912,0.23,0.265,0.325,0.325,True,True
2026-04-20,market_development,29695013771125522409460266095387918863204851606003631160844086472628442509521,0.007,0.028,0.016,0.009,True,True
2026-04-20,market_development,38671671540397723423601616464778815020942030519279746286912245970376987808406,0.0035,0.005,0.0015,0.0015,True,True
2026-04-20,market_development,75081330095889130200938629863809885190095665493839541833702808883424149969816,0.395,0.35,0.41,0.41,True,True
2026-04-20,market_development,86104675974625844884922256352402469961716727193353127859101112624985224125011,0.0065,0.0195,0.0015,0.0015,True,True
2026-04-20,market_development,88486776606520744295873972203430176929652185107997890572986462128912279844089,0.0015,0.002,0.0005,0.0005,True,True
2026-04-20,market_development,88972544422870281253943106381371696142349945648787469999515671331873316541560,0.035,0.06,0.036,0.036,True,True
2026-04-20,market_development,9204461247074789966394042541918330427531702673498212816661814843856311780743,0.041,0.07,0.0155,0.0425,True,True
2026-04-20,market_development,92670989278231954672923309479779187288707355477681805044244609865076579244706,0.0025,0.002,0.0005,0.0005,True,True
2026-04-20,market_development,9640269693567121435952449142457313461995494148568641198480657769322562488728,0.26,0.16,0.235,0.235,True,True
2026-04-21,market_development,104751468212137122900468231265518334515957883839653791959001100529443059582587,0.185,0.14,0.115,0.37,True,True
2026-04-21,market_development,11390427908744933903133049134402875779875387110463093139939885130837171802815,0.005,0.0055,0.0095,0.003,True,True
2026-04-21,market_development,16504012867298104993124920289669993189896352173815864330895510332650637651210,0.0005,0.0015,0.001,0.0005,True,True
2026-04-21,market_development,20885720968403058090698808164155977364105443295388431991568349047552653520686,0.004,0.0035,0.004,0.0025,True,True
2026-04-21,market_development,21350320709134651076880098366785135029373711428609526031345594997351455462797,0.0345,0.0245,0.0115,0.0385,True,True
2026-04-21,market_development,23720245850478349542973357219883474554644501297537754586082412863660298412376,0.0105,0.046,0.0105,0.0105,True,True
2026-04-21,market_development,28918003172153971351922959547421203903072729201448656424548694992817320649214,0.115,0.185,0.105,0.0055,True,True
2026-04-21,market_development,31522716538515357649905900075493660037968125730386273446224093035580190531067,0.35,0.32,0.405,0.445,True,True
2026-04-21,market_development,37700172483977098993428412087241655789122851267027570845932483664527955642655,0.0015,0.0015,0.0005,0.0005,True,True
2026-04-21,market_development,44270864132929653857027294798149165554277465296295404395901827686060474676947,0.365,0.365,0.375,0.09,True,True
2026-04-21,market_development,76365446034304347182218922163461894596529331084251224954847284012177378697193,0.0005,0.0015,0.0005,0.0005,True,True
2026-04-22,market_development,112731293568137559147210521962820077020373296854205075382104568848902557726780,0.0635,0.0925,0.014,0.0415,True,True
2026-04-22,market_development,114464321077210892152441485236680730886409783791078123755866477773638795158849,0.0355,0.12,0.0395,0.0125,True,True
2026-04-22,market_development,12175327027127198015566100018831435051874404121048110602925077449266278012388,0.007,0.016,0.002,0.0015,True,True
2026-04-22,market_development,28773409563329231502506620405402479606980037718993172023153546307366740379784,0.0015,0.0015,0.0015,0.0005,True,True
2026-04-22,market_development,38627462182644699668443921466869900343227612995308755541406383513381066518985,0.0015,0.0005,0.001,0.0005,True,True
2026-04-22,market_development,40967913662529260855106463535837246011155356811427383218167127101009229036568,0.365,0.345,0.425,0.435,True,True
2026-04-22,market_development,58051022727624414566655973745782267326388253118921162367758016598351345586236,0.22,0.32,0.225,0.365,True,True
2026-04-22,market_development,79151562425146466429963912472810166950164410468697175304250817785130937757502,0.0015,0.0015,0.0015,0.0005,True,True
2026-04-22,market_development,8656030484262019559693490500098718552620492047067969162678776663221599719864,0.0015,0.0025,0.0015,0.0005,True,True
2026-04-22,market_development,9056496906497229464176975705287963363144736206939212339182488819313155002681,0.0015,0.0015,0.0015,0.0005,True,True
2026-04-22,market_development,97689574276249607392038076079473066524446736662269087408899535964480291273754,0.315,0.24,0.25,0.12,True,True
2026-04-23,market_development,107718112799469550308611741322001737306360666160002498195413616070015464035096,0.45,0.35,0.535,0.63,True,True
2026-04-23,market_development,112343789871362225039628792321275366984305119476329409814959147554447744697907,0.002,0.0055,0.0015,0.001,True,True
2026-04-23,market_development,115388439934877738882032876010966110345503829875996992172710800572790988435384,0.115,0.075,0.0265,0.0365,True,True
2026-04-23,market_development,12536153601155703043463893483091283496904839782814656694195561982625513111399,0.13,0.235,0.32,0.22,True,True
2026-04-23,market_development,13541995204451271137683135534366529195888610790696260625355311392997340321486,0.0035,0.0055,0.003,0.003,True,True
2026-04-23,market_development,45780029078938174091815211734011187972392676926668305531724447378755355900462,0.002,0.004,0.0015,0.0015,True,True
2026-04-23,market_development,48995693792828177691296426569929406456533883002489185690818641511293677747276,0.32,0.27,0.125,0.125,True,True
2026-04-23,market_development,76947160750001805507008721107173531516483389833534001925630681610976415054050,0.015,0.009,0.0045,0.0015,True,True
2026-04-23,market_development,77227117663754972665774977282942499954492375488576242642311238667053660065357,0.0105,0.0405,0.0145,0.0045,True,True
2026-04-23,market_development,77361369879445084136511819912999569226610273741547757753743696245080921707501,0.0225,0.0265,0.011,0.002,True,True
2026-04-23,market_development,78058759021359196528082911362613141170183128697558922927712923705591915070176,0.0015,0.004,0.0015,0.0005,True,True
2026-04-24,market_development,103594381940394529001100835512787667076510737880243071656685192060187279650043,0.175,0.305,0.215,0.08,True,True
2026-04-24,market_development,104930392699466582893444035306848052226678835744629832540041689501734042318942,0.0015,0.0035,0.0015,0.003,True,True
2026-04-24,market_development,1575736423919262478160119549293718310072384426354760696478328198936356156925,0.0195,0.05,0.0045,0.012,True,True
2026-04-24,market_development,34064597655347128012726865951425125057082557468283857358386416158402035611104,0.46,0.36,0.48,0.615,True,True
2026-04-24,market_development,36303000994244139178150230755839251893372870401144836226813225581016564106887,0.0065,0.017,0.003,0.0075,True,True
2026-04-24,market_development,51101994500069884350108725396063002300017670066909419832219392659439908413067,0.0015,0.0105,0.0015,0.0035,True,True
2026-04-24,market_development,53295422098411831987703947563791298398675988171898862577234613727244343757324,0.0385,0.047,0.0795,0.005,True,True
2026-04-24,market_development,57810289663951517517309595494791426742580630173160287590622822574059971593523,0.045,0.065,0.0265,0.044,True,True
2026-04-24,market_development,60132342727656218530123789431727579272565407310215867343475921265076976551806,0.01,0.0105,0.0025,0.0025,True,True
2026-04-24,market_development,76331189309115436154057149982808389015959468400037147229772662280735146931370,0.0015,0.0055,0.0015,0.0005,True,True
2026-04-24,market_development,98958859155098013417494076785191012433921543908168154336650462547287151894675,0.165,0.185,0.205,0.175,True,True
2026-04-25,market_development,23405679006767751441355126114356380275856958625076862562347191702901963442008,0.026,0.013,0.0205,0.0075,True,True
2026-04-25,market_development,42370132414047495099249566521098472851575360790467086832884465699096449043410,0.33,0.305,0.375,0.495,True,True
2026-04-25,market_development,5460493720123384648580836722998579621321055503562206912168168738981408333383,0.0035,0.0055,0.012,0.0025,True,True
2026-04-25,market_development,66996280834721330745527514912417353868063981943105582602809584529594242390175,0.006,0.01,0.023,0.0115,True,True
2026-04-25,market_development,70811618570778699094194059224027727574844725119153390664717592161148500376067,0.245,0.16,0.155,0.205,True,True
2026-04-25,market_development,80360590698382216564609552906968276878596310816277001256725784191621073483637,0.0015,0.0015,0.0015,0.0015,True,True
2026-04-25,market_development,81395623702030004256319395479016013685449380817063316427259851710104407454032,0.0275,0.04,0.0745,0.0285,True,True
2026-04-25,market_development,83618021677624823139062758607543203652775482705542519684596704558679580090174,0.265,0.345,0.31,0.22,True,True
2026-04-25,market_development,84058640952531573964178455906833755375620036894344091462285441049753967201001,0.0145,0.0075,0.0045,0.0025,True,True
2026-04-25,market_development,88422693101729190501465161478961233967003148441755650161884298629353051023120,0.085,0.145,0.046,0.035,True,True
2026-04-25,market_development,91832963839217430596871650091360126220207034693897305425854894272485351485632,0.0005,0.0015,0.0005,0.0005,True,True
2026-04-26,market_development,102016756470039749817114548381031645402205326912275524034377743894193509099613,0.16,0.14,0.055,0.05,True,True
2026-04-26,market_development,106291279353951790092793088587176653294772388980793488146445834391321119027722,0.0015,0.007,0.0015,0.0005,True,True
2026-04-26,market_development,111747944418882377117493134906762300581682854570573163057663063537424886498695,0.0325,0.0345,0.025,0.0175,True,True
2026-04-26,market_development,17264024582666837757848415422959710815251246562755621834084941122421233371234,0.0005,0.0025,0.0005,0.0005,True,True
2026-04-26,market_development,25418552138494145081591232123861764251863667676059224292067777164806687308008,0.0025,0.008,0.0015,0.0015,True,True
2026-04-26,market_development,28289519523723566737314949137193733396508896705335444345815938370734532701526,0.0505,0.008,0.0035,0.0035,True,True
2026-04-26,market_development,51581814549894812446530302702939198896763021012290608309261566377964517730830,0.105,0.13,0.26,0.21,True,True
2026-04-26,market_development,6131281487843155887731200380910001326393601812623280243081546732770219880606,0.0305,0.075,0.023,0.024,True,True
2026-04-26,market_development,74834451701517226204979123389987732227654944230415970529332720162949690282423,0.0015,0.0015,0.001,0.0005,True,True
2026-04-26,market_development,7551055591584135744759030214906407181441310992720796262135128150636493030943,0.365,0.36,0.375,0.455,True,True
2026-04-26,market_development,94000572746097858529503951848360296815067303155042198004623351333484182550279,0.305,0.27,0.285,0.27,True,True
2026-04-27,market_development,101075188267536239432315741306089506924175831504730826036562155993108826522447,0.0055,0.0035,0.0025,0.0025,True,True
2026-04-27,market_development,102043561406934641888065129218169628968804515884186445397252263363345179800143,0.0025,0.0025,0.0015,0.0025,True,True
2026-04-27,market_development,114965589683756300235113331528921888699556140149709243162585929389113461898081,0.035,0.095,0.0355,0.022,True,True
2026-04-27,market_development,33733143750218645059624141174527762479027607967767164935418769417967108430737,0.0015,0.0025,0.0005,0.0005,True,True
2026-04-27,market_development,34835714075262503201027560290839417045933800038846000276592420405713352149653,0.0105,0.0105,0.0055,0.0045,True,True
2026-04-27,market_development,55322651425691565529688966590441515013308199399265994746513699697553491347242,0.0005,0.0015,0.0005,0.0005,True,True
2026-04-27,market_development,55424196266225875825341936625154916357279815638079144388790386859232250848514,0.33,0.315,0.24,0.295,True,True
2026-04-27,market_development,62149753602360525898175492671974346257188855101083158126291701052381915111465,0.0235,0.024,0.014,0.0205,True,True
2026-04-27,market_development,69898941516685865403280401801445192358655429250529847738113752228214731214236,0.0025,0.0025,0.0015,0.0015,True,True
2026-04-27,market_development,74536617760393242094973977741150652808615410298427733635823970418103190765392,0.19,0.205,0.135,0.135,True,True
2026-04-27,market_development,98892163249611073275541429792543337181036805638997749173554103553376436960289,0.395,0.375,0.595,0.535,True,True
2026-04-28,market_development,11058303987921644040633850017655361794552513248282765987876308897395044171729,0.0015,0.004,0.003,0.0015,True,True
2026-04-28,market_development,15292718699490371759719179345704870159378447413569288790330758420097486452199,0.0015,0.0015,0.0005,0.0005,True,True
2026-04-28,market_development,18225167917799092357907713564345899933393411204441373236423390583599156899167,0.0405,0.0375,0.0605,0.065,True,True
2026-04-28,market_development,18877308374648957003843654954277806181064447414828554895715605457140264501229,0.0045,0.029,0.008,0.0025,True,True
2026-04-28,market_development,19667966848440626807546598454235942789014624955529669129584875678710194224360,0.033,0.055,0.0065,0.0065,True,True
2026-04-28,market_development,23291662509532227585018546290510044091689032197368321001690523251103028343008,0.0005,0.0015,0.0005,0.0005,True,True
2026-04-28,market_development,24378790351330352155536486077072950463244639734042357346800849289532662953974,0.0005,0.0015,0.0005,0.0005,True,True
2026-04-28,market_development,52261531473414819748200764670404546662516196835632812271859561187629965756318,0.0105,0.023,0.004,0.001,True,True
2026-04-28,market_development,58301002392757897332260641079860367870054755854311544380254298075391525460936,0.335,0.285,0.36,0.415,True,True
2026-04-28,market_development,65289035900416239894938054154915628883172472676035903802619612362044444342792,0.115,0.17,0.09,0.065,True,True
2026-04-28,market_development,73715745691457617653700468747471810184790602074342587122296422829550860991775,0.475,0.44,0.465,0.415,True,True
2026-04-29,market_development,107196134042807270350840854539988783729938288832440342610718692428689449782112,0.325,0.335,0.335,0.375,True,True
2026-04-29,market_development,113881691134106217285082572626481483810572587342424639904514904265261655647848,0.0005,0.001,0.0005,0.0005,True,True
2026-04-29,market_development,26599864156515234707114509028466083824765041860527832606681630740817497307941,0.46,0.405,0.445,0.4,True,True
2026-04-29,market_development,32766613900601096902725133378181087160626568491276640548161105094712216359126,0.0005,0.0015,0.0005,0.0005,True,True
2026-04-29,market_development,33382503912199449508456092604179310378788669629340451960638261701871376621964,0.0005,0.001,0.0005,0.0005,True,True
2026-04-29,market_development,60321732804956119466877979821783280553761796198807384803610454975410408914358,0.004,0.002,0.0035,0.0005,True,True
2026-04-29,market_development,61396129039251424750306185862064418008745980879176299785697353221778496226128,0.139,0.105,0.083,0.0245,True,True
2026-04-29,market_development,67988587861070746322103446535265952265698680576136842634282344847294397714748,0.0115,0.015,0.0115,0.0255,True,True
2026-04-29,market_development,78072101040546462148761060329993830408138964715275791665930685057461763384406,0.0105,0.0125,0.0165,0.0055,True,True
2026-04-29,market_development,85940186127203013888759160438932334649026982789525951065501302846422805920518,0.075,0.095,0.085,0.145,True,True
2026-04-29,market_development,92557168644196204805034028548844932159632087425536575881214494142810598999564,0.0055,0.0055,0.005,0.004,True,True
2026-04-30,market_development,108374954973335641875617237822126497277598770967804533225969513327290630092882,0.002,,0.001,0.0005,False,False
2026-04-30,market_development,29175966208431498342571459088074934988900563645466371498513699167612422372092,0.0035,,0.009,0.002,False,False
2026-04-30,market_development,30575220617318690608561489558960824453052744765369840465658337246499649048739,0.0055,,0.0055,0.0005,False,False
2026-04-30,market_development,39670300403790847696242152325992681789658441908801816523924156418938192717782,0.001,,0.0005,0.0005,False,False
2026-04-30,market_development,49083698325663893355272711934566113188116438229862492912776096331085178689806,0.002,,0.004,0.0005,False,False
2026-04-30,market_development,58241419617790886405472393240074075849959303014587052885072747799842743410659,0.82,,0.745,0.725,False,False
2026-04-30,market_development,62006899003238965865473005469486817359393482464489663688306374892150180866310,0.002,,0.0055,0.002,False,False
2026-04-30,market_development,70953357549837257926005976055218580091842441016996226274612474643045210981801,0.0215,,0.0485,0.0315,False,False
2026-04-30,market_development,86634081006768088679952772517484542165690893607224514816063694819285166969738,0.0015,,0.001,0.0005,False,False
2026-04-30,market_development,96394190312334567473356531036091600606609538532694314104976217940793896861752,0.001,,0.0005,0.0005,False,False
2026-04-30,market_development,99476611839931606930737592364209583628495445695100418696606993168892891923566,0.15,,0.2,0.255,False,False
2026-05-01,market_development,100808016941521787531021701374842386932070298742988274499461546013047922065481,0.005,0.0055,0.0035,0.003,True,True
2026-05-01,market_development,38887676108194370693911926295565069195496402081015306277779949187239623444841,0.365,0.365,0.425,0.445,True,True
2026-05-01,market_development,48034274784765486293107518690899253490859640458213446542444385582816652851302,0.14,0.115,0.03,0.0145,True,True
2026-05-01,market_development,48286639853934577933596923799254398027201205983375728468611300111544981455622,0.135,0.145,0.29,0.245,True,True
2026-05-01,market_development,48747411854567939377615928172063637224305410914656943832121082648433144636365,0.005,0.0145,0.0025,0.0025,True,True
2026-05-01,market_development,55487850658294666387235040133187823089033746511526190687675060457191099181232,0.001,0.001,0.0005,0.001,True,True
2026-05-01,market_development,59778322070447291832013361768934933772703147581272016838623784568885800029776,0.029,0.0365,0.058,0.0275,True,True
2026-05-01,market_development,60974293682574104962042314322923401149159400648468380657519799495513419544385,0.365,0.315,0.205,0.245,True,True
2026-05-01,market_development,61412394799291065659672172407033880102871119318534780351140067444804250027950,0.002,0.0025,0.0005,0.001,True,True
2026-05-01,market_development,62959743954308978724316124006756701227510167263367723066151632368666102670247,0.001,0.002,0.001,0.0005,True,True
2026-05-01,market_development,75260497244404232736106067878468609556285607306925535519555533661746630931591,0.028,0.0285,0.0055,0.0075,True,True
2026-05-02,market_development,19904683982352083698196270971644521419684835378315437848683070131957753359603,0.0025,0.003,0.002,0.0015,True,True
2026-05-02,market_development,31255432633457687312661503766191861129841905649431283474568991860912493117557,0.085,0.1,0.065,0.055,True,True
2026-05-02,market_development,38974711619046733874756349096368986550787565952421898948222552544658565146860,0.001,0.0015,0.0005,0.0015,True,True
2026-05-02,market_development,53771946134696182790564015992098013768706273293996458581921382327511040622451,0.0095,0.0085,0.0095,0.0075,True,True
2026-05-02,market_development,53812341625758655566012498545655727553754591123835931891221767771788572905537,0.0115,0.0335,0.005,0.007,True,True
2026-05-02,market_development,586088568333376748089640888223050649218631373406273551043898499595757438799,0.055,0.075,0.0325,0.01,True,True
2026-05-02,market_development,6964575325684391623932891816224015681756024590432230860546059676921465168999,0.195,0.18,0.365,0.3,True,True
2026-05-02,market_development,76463952229600236301444927933304191485668836487777907788646055108168693019034,0.39,0.405,0.445,0.48,True,True
2026-05-02,market_development,8149805057671439607674451630826434121877616865378935958178200073806298134252,0.0005,0.0035,0.0005,0.0005,True,True
2026-05-02,market_development,82552297214858931347910146511509651712338412842905619982827033361223732488372,0.0015,0.002,0.0015,0.0015,True,True
2026-05-02,market_development,94596352812490158509052296780353100304685850456694640160171583818062903781920,0.31,0.27,0.115,0.145,True,True
2026-05-03,market_development,111410091843448536341233837142071182079897792069150613274735878436102546564740,0.035,0.055,0.039,0.06,True,True
2026-05-03,market_development,112614273860755854329847113861447856154214968502329037158071849310884999974484,0.0005,0.0015,0.0005,0.0005,True,True
2026-05-03,market_development,15675225423908738312004325178965291571376971190339300808888304573728909721804,0.0005,0.0025,0.0005,0.0005,True,True
2026-05-03,market_development,19843375374939496011265105475589128338678224743349025244997981308854213864949,0.0015,0.004,0.002,0.001,True,True
2026-05-03,market_development,28860126515106115691772697301651664037818327170223470821728652267001479647445,0.0035,0.007,0.0045,0.0035,True,True
2026-05-03,market_development,40915820659694755924152472680772369134767580311555313192605845498177968711594,0.425,0.405,0.375,0.395,True,True
2026-05-03,market_development,54729194713526380949712398229942689473406134183270426014505031831217385505381,0.0005,0.0045,0.0005,0.0005,True,True
2026-05-03,market_development,60443370186417456467865976872489251706113489436917680078203542614823012258953,0.26,0.335,0.375,0.475,True,True
2026-05-03,market_development,83355097538008992029985327962925331278857141589370144574256514301948141274514,0.265,0.21,0.175,0.09,True,True
2026-05-03,market_development,87020764522710506909328315504264510132195203403844565095165017797240138179595,0.006,0.0185,0.006,0.0125,True,True
2026-05-03,market_development,9310978783630521789363745656204975559839390783730992100894729445809070551644,0.055,0.045,0.032,0.013,True,True
2026-05-04,market_development,105963347946619614603114307554083461903822487038255752588388131163877727572223,0.0005,0.0005,0.0005,0.0005,True,True
2026-05-04,market_development,112447578828177231594228264024996570923120416021700597931909230421428623314201,0.68,0.675,0.495,0.505,True,True
2026-05-04,market_development,13931121599148772800638144365958953914447366469883448508466561974576649237827,0.001,0.001,0.0015,0.0015,True,True
2026-05-04,market_development,18422141539392546505724151731235641230722570601800375331600721909126444945861,0.0235,0.0085,0.013,0.0195,True,True
2026-05-04,market_development,3529654944169415564682556937563972889978763368286892102906734523136619067824,0.001,0.001,0.001,0.0015,True,True
2026-05-04,market_development,52797212124075313391350639083883137559131347866192602878631305047029485686229,0.0015,0.0015,0.005,0.0035,True,True
2026-05-04,market_development,5316216010476065273817442590084028836828033761763879204264401856691517116504,0.0005,0.0005,0.0005,0.0005,True,True
2026-05-04,market_development,5909268814463807835595751454297257835365182497047822447183687413775679183552,0.0005,0.0005,0.0005,0.0005,True,True
2026-05-04,market_development,73432613538914549700600061909934590384792567061254807230040692446446773798070,0.245,0.25,0.355,0.385,True,True
2026-05-04,market_development,78990867874852727914346642785402836393074248583008171765836682061619658167711,0.075,0.06,0.155,0.105,True,True
2026-05-04,market_development,85706670194422551578660113691449231182529146529111144061329716794740618356493,0.0005,0.0005,0.0005,0.0005,True,True
2026-05-05,market_development,108512851894427506700590724580229531772442173178981256308386003154009990388648,0.0015,0.0015,0.0005,0.0005,True,True
2026-05-05,market_development,108610683288888490930883387304634942274046639536727656032696234216065141615982,0.185,0.235,0.145,0.17,True,True
2026-05-05,market_development,14590556269298896982820264756228625674638730049984980281410953715761024740136,0.115,0.05,0.115,0.11,True,True
2026-05-05,market_development,17021850097564594477293423315563877771858098808438110899938011583417466674172,0.0155,0.0065,0.008,0.0355,True,True
2026-05-05,market_development,34299967706029974464063611664710631736290322936948440950789116440001307499653,0.365,0.245,0.33,0.38,True,True
2026-05-05,market_development,36599265530565002358168465858521723691631236112887596493916821332299195462677,0.0005,0.0005,0.0005,0.0005,True,True
2026-05-05,market_development,43652514052319783651357504048675939763289286792885316897460456671024671923179,0.0325,0.105,0.0405,0.0165,True,True
2026-05-05,market_development,46773516555213726621215782604118543498981656107812738334298084866116573618882,0.0015,0.0015,0.0015,0.0025,True,True
2026-05-05,market_development,61814364428593580531590012605062477481743776404302190279375608556588601517380,0.345,0.36,0.395,0.325,True,True
2026-05-05,market_development,73991708580082780134561571601197366162132028479123444216073756321143641657961,0.0105,0.0345,0.015,0.0045,True,True
2026-05-05,market_development,7692476604981181161344917141343875509614560750314054124557140688275946415488,0.0015,0.0015,0.0005,0.0005,True,True
2026-05-06,market_development,100597171674457226931742486196431788501548638696540830586776423624614409247848,0.004,,0.0025,0.0045,False,False
2026-05-06,market_development,101281715570812081451448954031051812495348860926683851129659217069788836319275,0.003,,0.0035,0.002,False,False
2026-05-06,market_development,103349420611802674768983502643929736387901040111555850274466501302783915611106,0.195,,0.215,0.215,False,False
2026-05-06,market_development,112945876198208987085005086757055078562199837203244895764765866797089370092217,0.405,,0.475,0.475,False,False
2026-05-06,market_development,14277510019122637100493704938838105661939994897615877592514718187132683882451,0.0125,,0.0045,0.009,False,False
2026-05-06,market_development,20583738854916292592471221641368507490833691380262045518797626665674183969363,0.055,,0.048,0.0675,False,False
2026-05-06,market_development,32399463532492514704194105736321137702672256221445656543482186770818301242736,0.0225,,0.0085,0.0165,False,False
2026-05-06,market_development,35543169253542485189815711943165117886008862891882079329503671323891608929432,0.31,,0.205,0.205,False,False
2026-05-06,market_development,4735497999889700551279611816021137863861557262596949053183492037902944004955,0.0015,,0.0015,0.001,False,False
2026-05-06,market_development,65885182256464323387924003229854234619260954146221741098297412674435655589975,0.0565,,0.0555,0.039,False,False
2026-05-06,market_development,95745473431801139725863149587335687614195855320380572201486646478933550996125,0.0005,,0.0005,0.0005,False,False
2026-05-07,market_development,105288523691444576042732891193048479695797432121090091225318674374936071887835,0.0075,0.012,0.0065,0.004,True,True
2026-05-07,market_development,115599336581500646640168906469423016713625690722085755365353288768494562377284,0.0005,0.0005,0.0005,0.001,True,True
2026-05-07,market_development,22768828118221560442435845865618777037856578661671837417967295939820717403825,0.39,0.375,0.375,0.205,True,True
2026-05-07,market_development,32031425781170307167882724568761590510364972587053353674414497802579131526538,0.0015,0.0015,0.0005,0.0005,True,True
2026-05-07,market_development,34999188821447320789091592711311073384695366617689291700530214653758517091883,0.27,0.22,0.31,0.455,True,True
2026-05-07,market_development,45427231867523037361765297343206485319318788431298328575060838710146350879742,0.265,0.295,0.16,0.052,True,True
2026-05-07,market_development,49159070016038652678399705754396982595628695075178831134214884939455479797269,0.0015,0.0025,0.0025,0.0015,True,True
2026-05-07,market_development,6165193712404272848380566702015723519114368431502050035518284669802065733554,0.0015,0.002,0.0075,0.008,True,True
2026-05-07,market_development,85496398603942550247384799430661359872684457752327118649913136835913227667094,0.0075,0.0175,0.0365,0.143,True,True
2026-05-07,market_development,85792765829194992341305417970729049425696534686943573437443353734418291039289,0.066,0.0605,0.119,0.1885,True,True
2026-05-07,market_development,86292337369896474080009857166536116873642527626937787198432459136269960608489,0.04,0.085,0.035,0.0065,True,True
2026-05-08,market_development,11906670436656600835739700127123694594094082081453565369298581615043269627773,0.1005,0.0665,0.0225,0.0325,True,True
2026-05-08,market_development,25572566362300071719241602349064594760155001694189528073792612423036108823371,0.0005,0.0015,0.0015,0.0005,True,True
2026-05-08,market_development,34871344638207150751127019498046381119825806452759876532637307648984650272290,0.0115,0.026,0.0105,0.0175,True,True
2026-05-08,market_development,53105247258713766151754052791725822318255707909550963153210463101440177505685,0.425,0.4,0.42,0.335,True,True
2026-05-08,market_development,53468486004826129876241639699389666096547645651372034681661433034938426587539,0.0075,0.009,0.0045,0.004,True,True
2026-05-08,market_development,65887961658875134339642055644807916141632182365081343291527713226522392898197,0.0315,0.045,0.1065,0.13,True,True
2026-05-08,market_development,70684478307716500220503860855022581242839309104142022946468072746194774030179,0.0035,0.0065,0.0035,0.0005,True,True
2026-05-08,market_development,90681928144048992045119562931409148469300849219314404143767986445279334053721,0.255,0.225,0.39,0.425,True,True
2026-05-08,market_development,9339028643322510628218822423861057349341107125501211052601551987437534171263,0.003,0.003,0.0005,0.0005,True,True
2026-05-08,market_development,96987722132979346390984433570362229255985221371303535267719207439584470919779,0.215,0.31,0.095,0.095,True,True
2026-05-08,market_development,97062223382632036740031794148098581333467729596785998150199913831345606910891,0.0015,0.0015,0.0005,0.0005,True,True
2026-05-09,market_development,110237422420196844729517615584943413627928180742271281704797854163229266659022,0.0005,0.0015,0.0005,0.0005,True,True
2026-05-09,market_development,11546842290895549425459850415403401516115662553089219451090199844923372769666,0.003,0.003,0.0035,0.0015,True,True
2026-05-09,market_development,16483740062723069435901788328741307622178092111403820426704925422684425252631,0.35,0.36,0.27,0.006,True,True
2026-05-09,market_development,21725140321704985423651531139327547528309640953652485196917271690832796256647,0.0015,0.0015,0.0005,0.0005,True,True
2026-05-09,market_development,27236670072856622191502909073151433628992859413448160185867926805493851565431,0.0015,0.001,0.0015,0.0005,True,True
2026-05-09,market_development,3358788211708207872831664940363968327277827938098330635589931404860858441243,0.0085,0.0045,0.004,0.002,True,True
2026-05-09,market_development,35158041064794393671845093723991014996521989020425995110011978417443888480391,0.145,0.12,0.125,0.285,True,True
2026-05-09,market_development,43340312811581141164032796244758500899043594425022094943875093373582939823854,0.16,0.205,0.055,0.0075,True,True
2026-05-09,market_development,67886780782777007404816576296208647215053862142002210126840998072692210038796,0.35,0.325,0.525,0.69,True,True
2026-05-09,market_development,6830144703662738591840055539046575873736882365863661626364846678772402033389,0.029,0.028,0.013,0.0035,True,True
2026-05-09,market_development,70342197844825094404693684269462175125421468931864937963087574986265676348068,0.0015,0.0015,0.0015,0.0005,True,True
2026-05-10,market_development,108465775054830838143444755346751530319257319851368844031662960182488150506891,0.055,0.105,0.036,0.035,True,True
2026-05-10,market_development,111180398304424621426358029952301223844163522981769500950720230142250444424735,0.425,0.355,0.505,0.545,True,True
2026-05-10,market_development,112047286153050664215252932011721076035477192717048592577781353066314668276735,0.0005,0.002,0.0005,0.0005,True,True
2026-05-10,market_development,12340943141275474785702642796817421514807860557841038589630566845161188270216,0.0025,0.0035,0.0035,0.0005,True,True
2026-05-10,market_development,13630685904380936878221408644315917007413491740604550203866089386731319476310,0.165,0.265,0.18,0.13,True,True
2026-05-10,market_development,41580445596780586623562968305558978220320575574345655399496597357840714706461,0.012,0.0245,0.017,0.016,True,True
2026-05-10,market_development,43681413208091739377785454323681563819424949646797026856807579000995571747678,0.08,0.08,0.065,0.08,True,True
2026-05-10,market_development,56369416832872712190090826124409577500003142925815221428008462374848109568482,0.001,0.0015,0.001,0.0005,True,True
2026-05-10,market_development,66001377805269879342647860416908654959980953320033374776419488685190907502288,0.007,0.008,0.0055,0.004,True,True
2026-05-10,market_development,68574117907658170871155505283959284649116613188893004122029208467042706131781,0.32,0.2,0.23,0.245,True,True
2026-05-10,market_development,86216970442487405206636588785617541463962089574838954433720322849081141326561,0.0015,0.002,0.001,0.0015,True,True
2026-05-11,market_development,101398723126401504650252030457017816436308155810432567556907654059148001774766,0.047,0.039,0.0535,0.0495,True,True
2026-05-11,market_development,113522710362505363694074699828040192045480972694009836861671591780222795158523,0.0005,0.002,0.0005,0.0005,True,True
2026-05-11,market_development,12635259993737916795752280784433416290345723471626383587985752055999222428461,0.003,0.003,0.005,0.002,True,True
2026-05-11,market_development,31297432975649623717008452511829137188921721439161408496877419632339387330590,0.185,0.165,0.15,0.26,True,True
2026-05-11,market_development,44773921039712088215182448304894576960610820432436007109402404882742483903793,0.29,0.325,0.31,0.265,True,True
2026-05-11,market_development,57940332980035942801190521604320552091734645043332356555121738077352101093508,0.003,0.0025,0.002,0.003,True,True
2026-05-11,market_development,661792504278392656086585259196476565610623169730259709691270034125282915199,0.0015,0.0025,0.0005,0.0005,True,True
2026-05-11,market_development,74945798119791299988709168871477607037183531713573708666035033887391338159048,0.007,0.007,0.011,0.006,True,True
2026-05-11,market_development,90724103613644523627058472605271801049003456591123407291530524617384007800204,0.39,0.375,0.315,0.37,True,True
2026-05-11,market_development,92006648826617394984688443975245187298319767254497090471128348354069171522751,0.0015,0.0015,0.0005,0.0005,True,True
2026-05-11,market_development,9789536427720554419828482083888982655547363407755700131375656366767008469931,0.12,0.145,0.17,0.115,True,True
2026-05-12,market_development,100526579894567458037053999288374214201124749143227419664607770019620603164899,0.0065,0.015,0.0025,0.0035,True,True
2026-05-12,market_development,109212325655609776091416748101230786396997863607053052182577957624293470398221,0.033,0.065,0.0215,0.042,True,True
2026-05-12,market_development,21501584071606142044706692928603365748684803251201184622783874182587988417160,0.195,0.21,0.18,0.15,True,True
2026-05-12,market_development,40971770225839907987839430167804028659192244871441058945182324876628578858016,0.365,0.365,0.34,0.28,True,True
2026-05-12,market_development,49920848569354508053441355778249391064461898878781101297652628609370507579449,0.18,0.165,0.11,0.09,True,True
2026-05-12,market_development,52382953076824592646563469027077574993332272732178817818063891419362311970199,0.0005,0.0005,0.0005,0.0005,True,True
2026-05-12,market_development,66497901400324829910944213318212764806674118789471744282615437149080863777118,0.0005,0.0005,0.0005,0.0005,True,True
2026-05-12,market_development,71900287181658372709035958751553964881382455318541252652457580863652180041167,0.0005,0.0005,0.0005,0.0005,True,True
2026-05-12,market_development,83001765064498688497184517935938704035717477674270339573186473998636428516820,0.0045,0.008,0.0015,0.0005,True,True
2026-05-12,market_development,86098172129735979203348786646315644717604722168723203089309432600371519461274,0.26,0.25,0.39,0.48,True,True
2026-05-12,market_development,99365193748721998669741539404432315390991899982551301974543288641235828623890,0.0015,0.0035,0.001,0.001,True,True
2026-05-13,market_development,104450503538901721170061194972767547946753464605112920808116947194293717654463,0.001,0.0025,0.001,0.0005,True,True
2026-05-13,market_development,113044735620665045674340059480445915516184206057372753167507853740969846234795,0.001,0.001,0.001,0.0005,True,True
2026-05-13,market_development,15072537325954818905891215950970825104844834145268967009816315370640983664322,0.003,0.0055,0.001,0.0005,True,True
2026-05-13,market_development,24076747332507940187081748955679767950994553359949534290125878665109785852589,0.1145,0.1255,0.0475,0.0125,True,True
2026-05-13,market_development,24477730289429422110995748647031832343826179300167791601943678446528274285659,0.001,0.001,0.001,0.0005,True,True
2026-05-13,market_development,27501437318621310630672986409949191458583126158685581329323679937369462165165,0.0045,0.0115,0.002,0.0005,True,True
2026-05-13,market_development,43118934298443695497449802013170218206432197257079649859294698232705146672003,0.365,0.45,0.125,0.07,True,True
2026-05-13,market_development,66823202511511208025085598819892532740746040369560940703027053329618085686518,0.355,0.315,0.235,0.205,True,True
2026-05-13,market_development,76228555352966265831763695402997682028777232585833072805382636283279759029959,0.001,0.0015,0.001,0.0005,True,True
2026-05-13,market_development,77350277120769685585558148556145717166757300516354195932245725073346081112618,0.029,0.044,0.0085,0.002,True,True
2026-05-13,market_development,96952715645347933668193353345178687845203269202425706704597436723653923173021,0.191,0.091,0.624,0.759,True,True
2026-05-14,market_development,103664350911617261470534091154697814231480065645473321536779005854473575029145,0.065,0.085,0.0155,0.002,True,True
2026-05-14,market_development,10611607143288265551278725358846568129410268937146841219725713810979143691623,0.12,0.285,0.225,0.09,True,True
2026-05-14,market_development,111205811963363052942348288726305725802326163941798563318185371740853137382301,0.355,0.26,0.305,0.365,True,True
2026-05-14,market_development,114353278353205777474360915383230935741905630220842934044530479872855772527869,0.0035,0.0065,0.003,0.0015,True,True
2026-05-14,market_development,115460934613582062944368281420815381853327999645956356391132524378710044532804,0.39,0.385,0.4,0.425,True,True
2026-05-14,market_development,28966508111538782149857176457532451950070638989217766300717113885951395532500,0.0005,0.001,0.0005,0.0005,True,True
2026-05-14,market_development,31011844628496081254475872476457386902139391319310431332012713219036926417110,0.003,0.004,0.0025,0.0015,True,True
2026-05-14,market_development,57226492536499109381396778207373207848366966444736027036525324139134228741079,0.11,0.055,0.085,0.115,True,True
2026-05-14,market_development,73080109768778736097505814292433443701182804683603586241074458744000968453626,0.001,0.001,0.001,0.0005,True,True
2026-05-14,market_development,75377319358811890662378984641301732985563841265470001576319157905598721441942,0.0475,0.0475,0.029,0.0205,True,True
2026-05-14,market_development,83669070352390315284310187333271190482572609125829224621534733428656933027150,0.0005,0.001,0.001,0.0005,True,True
2026-05-15,market_development,103674196032690672583199597457772484505079303099707137850495070899947333628077,0.005,0.0055,0.002,0.0005,True,True
2026-05-15,market_development,112051175467596193118633097701591164138627560697073830936064437790145356007020,0.001,0.0015,0.0005,0.0005,True,True
2026-05-15,market_development,114996785451074563726218727756093212218003683331202710068787409594858690190466,0.0285,0.0255,0.049,0.043,True,True
2026-05-15,market_development,115586177997558157632001952570379958670244748914775941960520746646941695321524,0.445,0.465,0.29,0.315,True,True
2026-05-15,market_development,19959307199190656746133846770449502665289274469655226892301692404467658362629,0.35,0.375,0.41,0.415,True,True
2026-05-15,market_development,44067316585576843758336293306195862515018888276903451165477018952830130787488,0.0015,0.001,0.0005,0.0005,True,True
2026-05-15,market_development,47709800782323519283925630756243687698464571935536429638906024993951728850483,0.002,0.002,0.0005,0.0005,True,True
2026-05-15,market_development,64204507283196450773998366826451675066887732119896614302784411670845419870312,0.0145,0.013,0.007,0.0075,True,True
2026-05-15,market_development,66580496882875105399932953174008526968213133759654173210487115170801053677989,0.0065,0.0055,0.004,0.0005,True,True
2026-05-15,market_development,94529568305136792355299447016752627510735685157430183268158725040771483878776,0.18,0.155,0.265,0.24,True,True
2026-05-15,market_development,9599694560764662665168073859916134944089593676203757259624747727918406588501,0.001,0.001,0.0005,0.0005,True,True
2026-05-16,market_development,100353571608216435125231546658400297861997758553485825361209555763708200951209,0.375,0.345,0.395,0.405,True,True
2026-05-16,market_development,113721191225144841261460320727288792168719212974880130544461037956879238539847,0.0095,0.0145,0.0095,0.0065,True,True
2026-05-16,market_development,19493461908730296750609986581469452258430661932961405471097643968124920307358,0.0005,0.0055,0.001,0.0005,True,True
2026-05-16,market_development,29025594965008108883763831626497816450131971819720658344679098751940917071205,0.001,0.005,0.001,0.0005,True,True
2026-05-16,market_development,39653268274267775140324412776547972231629237327661997507789868581856964270745,0.009,0.0075,0.0025,0.0005,True,True
2026-05-16,market_development,49251422393540469042558197301257259492117165823759027530326582245146033740967,0.09,0.14,0.045,0.0135,True,True
2026-05-16,market_development,52658770106106021644274655330755662855334665490230125493014657442764585430246,0.001,0.0065,0.001,0.001,True,True
2026-05-16,market_development,58582762181792542778714176707849631284955121442805476026087975232384247610409,0.265,0.345,0.165,0.095,True,True
2026-05-16,market_development,60035987003808180797776585885295745773667155019750170560078569427133512053125,0.001,0.0075,0.001,0.0005,True,True
2026-05-16,market_development,63125595624521513613286231678401034047549098606194941329026258055113262214478,0.21,0.12,0.345,0.415,True,True
2026-05-16,market_development,772820938561247221679172181579648227536020465529777598453044115589189171592,0.041,0.07,0.074,0.0995,True,True
2026-05-17,market_development,100451876515133776872293979841038985432194440993416485005942203005578008015980,0.001,0.002,0.001,0.001,True,True
2026-05-17,market_development,106089897150301684153259082427110507581961629439215631375870564583948727406150,0.09,0.095,0.265,0.425,True,True
2026-05-17,market_development,110347534006426468349841688553417670312448425507483301572437943040547124992317,0.355,0.325,0.21,0.165,True,True
2026-05-17,market_development,12409415617967721468472122667357984390108612788030749088695443590929467092156,0.0005,0.001,0.0005,0.001,True,True
2026-05-17,market_development,17681810195423421963527805637615815364492908524715875295217615875799313427266,0.0085,0.027,0.078,0.079,True,True
2026-05-17,market_development,25250575657942558326379728090880034114491775722736748326583376497321025810588,0.0035,0.006,0.0035,0.0075,True,True
2026-05-17,market_development,25604532780787826159399758004281852245765584397155702004806927826562280670938,0.001,0.001,0.0005,0.001,True,True
2026-05-17,market_development,30417988825332817194494585298782306343541381450842060946702542887079581508347,0.265,0.25,0.13,0.0295,True,True
2026-05-17,market_development,39214402263739215803819033538021279083419359837466589684517851297807593603630,0.0015,0.002,0.001,0.0005,True,True
2026-05-17,market_development,54773024212077317988219884725333270172610864359131427487574136372737021819281,0.065,0.095,0.045,0.0235,True,True
2026-05-17,market_development,73946102071360310031698138708372025475736770568738538877271385510404135828011,0.255,0.255,0.33,0.345,True,True
2026-05-18,market_development,100717734160834953263378829006282734159472079458343890835980927564769808046036,0.001,0.0035,0.0005,0.0005,True,True
2026-05-18,market_development,105252345077918886251365033173279156056843842521088331966656681493694610447188,0.0445,0.0265,0.015,0.0065,True,True
2026-05-18,market_development,112695168198623995103105939466129181959362233884825465596357512386430171965661,0.041,0.055,0.0355,0.0105,True,True
2026-05-18,market_development,30442818545398295234011398610060846146592092472724201467572259516578434015243,0.33,0.28,0.275,0.375,True,True
2026-05-18,market_development,36380509536600121130653671551189040508791760465212583125305510510085562996309,0.004,0.0055,0.0115,0.002,True,True
2026-05-18,market_development,53891012475382202982805047559067899346575711044138418006280605446080195771712,0.001,0.002,0.0005,0.0005,True,True
2026-05-18,market_development,67629562283111492378797054293583388616287599215342026350537702552291825914164,0.0005,0.001,0.0005,0.0015,True,True
2026-05-18,market_development,76357722085042531458695473006182832059728886412763143279133334883419289945574,0.045,0.0355,0.143,0.056,True,True
2026-05-18,market_development,80394443249751207008452561683088404903340424420257234399289145441234851954771,0.325,0.28,0.275,0.25,True,True
2026-05-18,market_development,85550746338866993772457839522396875221499216969689188068314738584144915431646,0.145,0.27,0.205,0.295,True,True
2026-05-18,market_development,8793371545582822810690698136612044556737147618554458155782168291347570682358,0.095,0.075,0.09,0.063,True,True
2026-05-19,market_development,104959457971715245666010875378201570714497944856816214443978685522395941332826,0.145,0.13,0.145,0.145,True,True
2026-05-19,market_development,18413139114928411020074446496021610142958755223354766180966411177493111955873,0.0115,0.0155,0.0115,0.0115,True,True
2026-05-19,market_development,20599903146950262084413399107369060055098304926072236876045838328464316814461,0.0015,0.0015,0.0015,0.0015,True,True
2026-05-19,market_development,27040897561914129457300400370185244423054684020780385207288509705314377285498,0.28,0.345,0.28,0.28,True,True
2026-05-19,market_development,42443848074910761606221314758970459486723017527726189691633823653360619188247,0.059,0.0435,0.059,0.059,True,True
2026-05-19,market_development,44887099073380111454032706196487891827024755811447954942694862415732867039620,0.0315,0.045,0.0315,0.0315,True,True
2026-05-19,market_development,59033362848191297765391532872128038614780338413977188857507990299644387412022,0.0015,0.0015,0.0015,0.0015,True,True
2026-05-19,market_development,59975451640647514848806198632700710235687282852409024623536039349376686612112,0.0015,0.0015,0.0015,0.0015,True,True
2026-05-19,market_development,86719807393186319580565532938301956774198774432147924453622580778139687418887,0.34,0.355,0.34,0.34,True,True
2026-05-19,market_development,89253221901485350408588116439993062627666535843127801737068908523012429325464,0.2,0.105,0.2,0.2,True,True
2026-05-19,market_development,92875188227023742495116476034717069996978997560534579790344362964273082106845,0.008,0.015,0.008,0.008,True,True
2026-05-21,market_development,1088911328007765772043259527121565887150185022011486078006460590521155854760,0.0375,,0.0785,0.1555,False,False
2026-05-21,market_development,11405449266944202762456782320775222084182102974477195524950821678302989465656,0.16,,0.1,0.0335,False,False
2026-05-21,market_development,13980687958025205345191386065578971498328266121284717216793888488013688396926,0.0045,,0.001,0.0005,False,False
2026-05-21,market_development,15986379679213501176556365725235961692149280962152861525494785504573385934582,0.0425,,0.006,0.0015,False,False
2026-05-21,market_development,24188340560741475656990358450046739215075818061703110898306500334506833540771,0.085,,0.04,0.003,False,False
2026-05-21,market_development,29285539856307098757580794232976695851440382702159186265026855108746910520135,0.265,,0.28,0.26,False,False
2026-05-21,market_development,42291164191897849012824670108798703606309133963433370473740258667918792084015,0.0035,,0.0005,0.0005,False,False
2026-05-21,market_development,50671770365707653834169605646098654137741867749346584944277391232245329830269,0.265,,0.2,0.105,False,False
2026-05-21,market_development,8298995960565799240763564117311752642850515541086574337436555603327232170699,0.0175,,0.0465,0.0645,False,False
2026-05-21,market_development,86111030474385495553359000184931303809538460286930919806103313600632241493089,0.015,,0.003,0.0015,False,False
2026-05-21,market_development,97223865193682261688742825766492471063863406340216167995358163516725806746357,0.19,,0.325,0.385,False,False
2026-05-22,market_development,10692819914953102764908198707868038762149898941231466220546380338246125232232,0.07,0.08,0.0355,0.0165,True,True
2026-05-22,market_development,107323321707178778830464204176531092246283454264625620504575806860381719459016,0.27,0.31,0.255,0.185,True,True
2026-05-22,market_development,109629970021802230843168378465115957781109094774460646710426609529224087542485,0.0025,0.003,0.0005,0.0005,True,True
2026-05-22,market_development,25194199608782784165316135869811696616199856850720636894398972446842237931123,0.455,0.405,0.615,0.745,True,True
2026-05-22,market_development,53954892659405040522860642160988576386786692206737548087824724668806440024330,0.011,0.0035,0.0015,0.001,True,True
2026-05-22,market_development,66396587548680826929290690142630459515964742879773631962648355543142630674602,0.0085,0.006,0.0015,0.0005,True,True
2026-05-22,market_development,71404157753204269922358465281476437838756537761233647260309858302269647833070,0.0075,0.003,0.0005,0.0005,True,True
2026-05-22,market_development,73404202593816886496853432908130319478294223164789934503673740864669410469692,0.0025,0.003,0.0005,0.0005,True,True
2026-05-22,market_development,78820001118560798716068213801281256525904319895213714878889124917352475141869,0.195,0.21,0.085,0.095,True,True
2026-05-22,market_development,80249621104258839709335359266804431703683653370021218181647168129494244955849,0.0015,0.003,0.0005,0.0005,True,True
2026-05-22,market_development,93655378080648777452527792602332260937897082763572416305298506836889824949150,0.0315,0.028,0.01,0.0015,True,True
2026-05-23,market_development,102441187471322381424546674671977716754138748081202642711895949756097880090535,0.075,0.09,0.065,0.0665,True,True
2026-05-23,market_development,107390633356888492461153475359508338029143685807064655244589969915997425563645,0.33,0.34,0.36,0.305,True,True
2026-05-23,market_development,113829054741903587674457264065734059664177119772233754461140462311692908517580,0.005,0.0075,0.0025,0.0005,True,True
2026-05-23,market_development,13885238404632021210234084656747082937265188231346930067843245471750306078365,0.315,0.175,0.115,0.115,True,True
2026-05-23,market_development,14190892160230349368865253836509138978234629010573613551878349019062285617512,0.0015,0.0025,0.0005,0.0005,True,True
2026-05-23,market_development,15849965020394779170972610266482237333085847524068009093300948850375618094825,0.0005,0.0005,0.0005,0.0005,True,True
2026-05-23,market_development,48617618467702276653385787897325723048504586830350765622618695941484942341808,0.0005,0.0005,0.0005,0.0005,True,True
2026-05-23,market_development,51307976754259505936250862989444315478011279665373407834676171032865062151613,0.033,0.039,0.0055,0.005,True,True
2026-05-23,market_development,74998723177643552906468620759399581177823713860543539712452487824698401005082,0.0005,0.0025,0.0005,0.0005,True,True
2026-05-23,market_development,80212591666306569079281204307428126431053460303624502107770048053789716465635,0.125,0.2,0.095,0.155,True,True
2026-05-23,market_development,86198208955597666628188544210173143350011612250978304020721075145725283053811,0.19,0.3,0.405,0.38,True,True
2026-05-24,market_development,107863761973719076075453473067985648964140612534967588438343580933447747902461,0.0065,0.0165,0.004,0.003,True,True
2026-05-24,market_development,113346276500026081722781261615354210399158271517715176078077374660736422430886,0.0005,0.0005,0.0005,0.0005,True,True
2026-05-24,market_development,18111067704029944375643652227994314641269418443075850318410602366578729603440,0.0005,0.0005,0.0005,0.0005,True,True
2026-05-24,market_development,2292389363234693199225297710084052433953288190368852433872195660564045814091,0.365,0.355,0.305,0.36,True,True
2026-05-24,market_development,45484081126500267489890532278024858222200851699549669752236639248266192643275,0.0005,0.0005,0.0005,0.0005,True,True
2026-05-24,market_development,5162001419337719250203528218295138467373675072798809927176481388548920492189,0.145,0.18,0.285,0.225,True,True
2026-05-24,market_development,55572586296535560310610390219265484151291521818259387722223536740628095218516,0.065,0.07,0.035,0.02,True,True
2026-05-24,market_development,77185358037529006474960227844094965226578908148962731832475710442196499109755,0.0005,0.0005,0.0005,0.0005,True,True
2026-05-24,market_development,78404421271824909694576401657908736240820971267436086744106788398914452417847,0.002,0.003,0.0015,0.0005,True,True
2026-05-24,market_development,86093526869577786988876758849334125402993265998270209411503317076324194467729,0.001,0.0015,0.0005,0.0005,True,True
2026-05-24,market_development,96068073620452079325512806929798248396274543680628288008741254135704100913310,0.435,0.405,0.395,0.4,True,True
2026-05-25,market_development,104878227063818990471292486418542978583286212279436642627291627786610147023759,0.39,0.375,0.415,0.43,True,True
2026-05-25,market_development,108993080874681154225348790833554463477688847784005085894606798101769832220600,0.095,0.115,0.115,0.115,True,True
2026-05-25,market_development,112889790986766474429556517449997456814875365813791272636805787890090190673763,0.0075,0.014,0.003,0.0005,True,True
2026-05-25,market_development,15011541264475376686431021522800469274524086537147521302499648591099554911438,0.0005,0.001,0.0005,0.0005,True,True
2026-05-25,market_development,15633944902249019501990041860310820743316056274556607424312350450295721832975,0.0005,0.002,0.0005,0.0005,True,True
2026-05-25,market_development,27750127037932464795890430207652349224455785662532746372788523079623814252261,0.0005,0.001,0.0005,0.0005,True,True
2026-05-25,market_development,29874447108450685408240837642003205111409099334962027117970176962764786544177,0.0015,0.003,0.001,0.001,True,True
2026-05-25,market_development,55091969964735465827485445786588368624834426590636014205369754043573787371201,0.335,0.255,0.39,0.435,True,True
2026-05-25,market_development,68046543041802848206910045510854796363101731133754415474660694213633259724425,0.165,0.195,0.095,0.06,True,True
2026-05-25,market_development,74766055637019687028610839450958275154680605637216914098139160266667724097318,0.045,0.09,0.021,0.0125,True,True
2026-05-25,market_development,75939329840093649847578306755371730324910401019213370478663171157626691565966,0.0005,0.0015,0.0005,0.0005,True,True
2026-05-26,market_development,108510210570513282398318210055701909732702769389190151125775219021999155170953,0.0005,0.0005,0.0005,0.0005,True,True
2026-05-26,market_development,109732413724175295885443398846577987409881382719245626177023191589817136443200,0.0005,0.0005,0.0005,0.0005,True,True
2026-05-26,market_development,27988754180488946751226152402402391248765924187202989927945728938231185346438,0.001,0.001,0.0005,0.0005,True,True
2026-05-26,market_development,28599374026392020312449333680833484185411779508783126250176214786332359406939,0.415,0.34,0.42,0.4,True,True
2026-05-26,market_development,54881150356081648415796743182241410974014759993095082216657847745940509148699,0.385,0.34,0.425,0.415,True,True
2026-05-26,market_development,64287420932256463253294717301539310244140764151513106627544953795255780207608,0.0005,0.0005,0.0005,0.0005,True,True
2026-05-26,market_development,65140727874218532664224574586070699280070396987637372408713180446042784492820,0.0015,0.0015,0.001,0.0005,True,True
2026-05-26,market_development,73277765772098416543685223931713908045994803238502313696548427086386105271702,0.0015,0.0035,0.0015,0.0015,True,True
2026-05-26,market_development,86110535784630557283767129138566097964600916075124229967608348034336202143283,0.045,0.09,0.028,0.0345,True,True
2026-05-26,market_development,88015210804832119738562496259696947587285608091100101785885369402877807166041,0.185,0.265,0.15,0.16,True,True
2026-05-26,market_development,90242932071136881249070281262302782201088503114618032772637421408142097588417,0.004,0.0055,0.0035,0.0025,True,True
2026-05-27,market_development,107635123381922004520802958098093751162339350584228073444866547075322844466093,0.001,0.0055,0.0015,0.001,True,True
2026-05-27,market_development,10897309140651808659242857163650356915227500627250829485908221960184005273749,0.385,0.39,0.385,0.4,True,True
2026-05-27,market_development,21329932423597860672065383197885201219475761323024646789528389330924150533504,0.35,0.26,0.37,0.39,True,True
2026-05-27,market_development,37831446163375407660706456708090828546620920718871722055873907403937837651815,0.0005,0.001,0.0005,0.0005,True,True
2026-05-27,market_development,46841903129729003493488459208284369850942047763223961263776079752379834838680,0.0005,0.001,0.0005,0.0005,True,True
2026-05-27,market_development,50463414537717792045556088257094895883848325047457201364165268111805754776556,0.085,0.1,0.07,0.09,True,True
2026-05-27,market_development,57535003752734068607507698610143697903058923161607932089970523232952840379388,0.055,0.08,0.031,0.019,True,True
2026-05-27,market_development,67979331465593997749588445980704001097358289825210220547497593842522349975603,0.15,0.21,0.135,0.15,True,True
2026-05-27,market_development,80806454104744514139029837727896267869449666229642527774942192798097295761509,0.0005,0.0025,0.0005,0.0005,True,True
2026-05-27,market_development,87647090958035625086855096170064050569947012026904449991298367723618251584250,0.0085,0.0115,0.0065,0.0015,True,True
2026-05-27,market_development,89959327531811844553773132155907434898951262953748397355403076979256907561022,0.0005,0.001,0.0005,0.0005,True,True
2026-05-28,market_development,12069419895868058942370121387987812760879155062505746156217067876185778686169,0.12,0.215,0.04,0.0125,True,True
2026-05-28,market_development,18053052523568118684746590958647091986347015695995749195408583009967182642788,0.0005,0.001,0.0005,0.0005,True,True
2026-05-28,market_development,18119920474528951542376790373152393306432118327099782597879574977207255263604,0.49,0.38,0.815,0.845,True,True
2026-05-28,market_development,33523098302466749898301187446386005076941683954097165274747191177557763574729,0.405,0.395,0.145,0.15,True,True
2026-05-28,market_development,57063751045683169257990222958750475128667032611686321702485398588968724157549,0.0005,0.0015,0.0005,0.0005,True,True
2026-05-28,market_development,58258295405360301509504703598664230333721974070096078344299722703264476694993,0.0005,0.0015,0.0005,0.0005,True,True
2026-05-28,market_development,63372078465280824749597681385140711866418878731544633532100042760270891707119,0.0005,0.0015,0.0005,0.0005,True,True
2026-05-28,market_development,76949809054320795064663447349605948287610050021806086912504521009853343321742,0.0005,0.0015,0.0005,0.0005,True,True
2026-05-28,market_development,77224906493429560552223189858979476352875318696356349366922503206727973689471,0.0015,0.0015,0.0005,0.0005,True,True
2026-05-28,market_development,84404384652938028358486637453901919364214973778914943969839598100333042407459,0.0025,0.0035,0.001,0.0005,True,True
2026-05-28,market_development,86317986139686216424455315246921160437297123683682612591334456690190341014599,0.02,0.03,0.0045,0.0025,True,True
2026-05-29,market_development,108094532494892249246110269413642923119024947249449577483591208150600892487393,0.75,0.695,0.805,0.875,True,True
2026-05-29,market_development,13078680406753691731625500733934539847355644009289319491166103896240942374256,0.0005,0.0015,0.0005,0.0005,True,True
2026-05-29,market_development,16366888904111069676467788472641759606225096049911944194777381499213063790196,0.0005,0.001,0.0005,0.0005,True,True
2026-05-29,market_development,23000998725388123924720745449144731831548415099496923577745769902176608284569,0.013,0.013,0.008,0.005,True,True
2026-05-29,market_development,44803359649866943936623866915326063450069624318029655700299910500863860270390,0.0005,0.001,0.0005,0.0005,True,True
2026-05-29,market_development,51660193165520341981861555481900391973151099162069905836784002122891382541692,0.0005,0.001,0.0005,0.0005,True,True
2026-05-29,market_development,51670383596096403191280933519960013880878249775842320317366080905390976585715,0.0005,0.0015,0.0005,0.0005,True,True
2026-05-29,market_development,54906631775414158739030882045526662819193464135546792843153775435791221086184,0.195,0.21,0.17,0.12,True,True
2026-05-29,market_development,71557568204985575277520013400052776364438508818802668222425267407921648440893,0.004,0.0065,0.003,0.0005,True,True
2026-05-29,market_development,75102521437439331257439675145660354751567092916971133506776316681426948176287,0.06,0.11,0.0405,0.0185,True,True
2026-05-29,market_development,81589158757462869126820416076832080752278358539536416815550840600868694348972,0.0005,0.001,0.0005,0.0005,True,True
2026-05-30,market_development,103090632613335105696575044652226574305331091718952122795814570651721518603812,0.265,0.255,0.255,0.255,True,True
2026-05-30,market_development,104098551224041051535652571501965161052184191981803319580521433101175135019966,0.001,0.0015,0.0015,0.001,True,True
2026-05-30,market_development,12645194496611803743350597633174371314242279805170880436948587210330394421797,0.069,0.038,0.025,0.0445,True,True
2026-05-30,market_development,18661507430156186816506304808836654413270293684005669729458124949502624675203,0.4,0.375,0.455,0.42,True,True
2026-05-30,market_development,20824569139869352542413884449780129530235913878474389148568383817145661316366,0.0005,0.001,0.0005,0.0005,True,True
2026-05-30,market_development,29433771796781791963134752847722043393176820776469039612447712623833844812489,0.0005,0.0015,0.0005,0.0005,True,True
2026-05-30,market_development,32925288611736072212974090269000556022509517134138270808604868150567655720464,0.215,0.245,0.225,0.26,True,True
2026-05-30,market_development,46178968287818001545359968810247297221570204108162144498351079783117823071678,0.0005,0.0005,0.0005,0.0005,True,True
2026-05-30,market_development,67626412113749747090797283390366421451946760442890346081513892420619284880109,0.0125,0.0165,0.0035,0.006,True,True
2026-05-30,market_development,76739453778286594985946885215590311794095573371053022184763847160111143371661,0.09,0.115,0.075,0.07,True,True
2026-05-30,market_development,86120285841634796358131646432987653844516155510277273193498490338310303145903,0.0015,0.0025,0.0015,0.001,True,True
2026-05-31,market_development,100219190591120160966457091003186951399728474447451634780784282957470581045794,0.001,0.002,0.0005,0.0005,True,True
2026-05-31,market_development,108264837363558088156036420335154949616058322403301374440247027064708090385053,0.001,0.0015,0.0005,0.0005,True,True
2026-05-31,market_development,113446977662123040578492541156130827714869141666318452797464773782757894761356,0.345,0.315,0.615,0.575,True,True
2026-05-31,market_development,32140648137380797606439470021485351119760369331312412735223798816287033671775,0.015,0.026,0.0065,0.004,True,True
2026-05-31,market_development,33457022779843612999592145816385440829632062350449139676309838624293357226217,0.37,0.365,0.26,0.24,True,True
2026-05-31,market_development,36477279287652456241976945601778424435208734880871384495935229044707447400591,0.0035,0.0055,0.003,0.0005,True,True
2026-05-31,market_development,44233840427339442589948836002456978973720942360307256581035215341874134578996,0.001,0.0015,0.0005,0.0005,True,True
2026-05-31,market_development,87888663996434372288577313546264931734368009246018433667904838473642459781503,0.065,0.045,0.03,0.0625,True,True
2026-05-31,market_development,90196004361709283557605839339856035696422699774047476454722745649806763425973,0.001,0.0035,0.0005,0.0005,True,True
2026-05-31,market_development,9887642991423018748865291678971782228510477515110783338596076068007897721067,0.225,0.24,0.11,0.155,True,True
2026-05-31,market_development,99566467618781087115234208962217362688689901759143305180398442976538268584275,0.001,0.002,0.0005,0.0005,True,True
2026-06-01,market_development,102791106363177999814919670492692610216515711842617834699466764617965959955756,0.0035,0.004,0.0035,0.003,True,True
2026-06-01,market_development,105749588167952728432279717791565788887074538214172375246487110056347385229852,0.0205,0.0205,0.027,0.03,True,True
2026-06-01,market_development,30972649912981300300287364056852733222261313763395217631849225580391914094137,0.17,0.195,0.29,0.335,True,True
2026-06-01,market_development,33109649175044586034486784329116112829405915846033117560497923236900323362328,0.0005,0.001,0.0005,0.0005,True,True
2026-06-01,market_development,4083467477744059191210675199193670406641196383246498410741235460341185852061,0.0005,0.001,0.0005,0.0005,True,True
2026-06-01,market_development,45846858499768629814042830516018562042517565256654943720841033824701126342086,0.0015,0.003,0.0015,0.001,True,True
2026-06-01,market_development,47821540054251594557173065645442429727707704714747125880476226320159953291632,0.0005,0.002,0.0005,0.0005,True,True
2026-06-01,market_development,60656683354214505024335332668417724131523679943143741726648824044520001995789,0.31,0.3,0.37,0.36,True,True
2026-06-01,market_development,77160112288143044005152839286732238777445319108798917424851863152908426313312,0.0005,0.001,0.0005,0.0005,True,True
2026-06-01,market_development,86568206374613110179020980946797120463088236705685409215806254105317866390631,0.35,0.405,0.175,0.155,True,True
2026-06-01,market_development,97960505962225819736568730759072220917959099785280419094947403510365691355771,0.125,0.095,0.085,0.165,True,True
2026-06-02,market_development,100484768782026884613006583542624214102771770675102279149440983723682141739943,0.305,0.285,0.5,0.37,True,True
2026-06-02,market_development,103116235906878557135288190131762887405920915898392121413043530988623248117740,0.155,0.19,0.115,0.065,True,True
2026-06-02,market_development,108941248640921991425929665360872923911827040942888807382473842853651336924530,0.0025,0.004,0.0025,0.002,True,True
2026-06-02,market_development,114740059744078872707940774109462161930585551099505717461871655788998865515796,0.0005,0.0015,0.0005,0.0005,True,True
2026-06-02,market_development,15226969833994997352436900815603073105052512393257078591545030678991789900716,0.001,0.0015,0.0005,0.0005,True,True
2026-06-02,market_development,22827458075873049609581334549159428024034194489420190746949121051440739809685,0.0085,0.0095,0.008,0.004,True,True
2026-06-02,market_development,34430693711895645910854780686176464933992782498705117020867524516957738581548,0.001,0.001,0.0005,0.0005,True,True
2026-06-02,market_development,49552645954962416457082647426201795896981029149477666002442656954655427874274,0.075,0.085,0.021,0.0055,True,True
2026-06-02,market_development,58312757672971791187993141761925112179674441523886562232558727502236541771194,0.115,0.125,0.11,0.195,True,True
2026-06-02,market_development,68204105636844908552122959725670537359147587085907940403920271211692771625459,0.0005,0.001,0.0005,0.0005,True,True
2026-06-02,market_development,76757835213300482433156740376230737888004112548985868026763566151972188256801,0.37,0.31,0.285,0.295,True,True
2026-06-03,market_development,115365885962762616619722087218862836850215277623924894426689131428555593485613,0.0015,0.0015,0.0005,0.0005,True,True
2026-06-03,market_development,14990430381844012713096474798122139445789956683151334334127591538484769016528,0.001,0.001,0.0005,0.0005,True,True
2026-06-03,market_development,23788259905270169851436949162047578907295746755923701981200742581486443661576,0.001,0.0015,0.0005,0.0005,True,True
2026-06-03,market_development,42462109220882134744264699896530409280293320754273600503290517874405718130943,0.0005,0.0015,0.0005,0.0005,True,True
2026-06-03,market_development,51909770003906734559233156723495805973466571587018585434179546842505179791847,0.0125,0.0125,0.008,0.006,True,True
2026-06-03,market_development,69563713618263138313709082782688806232132482502442603881927703829598679188080,0.0025,0.002,0.0005,0.0005,True,True
2026-06-03,market_development,70675997955719641713326813112191327052904439541813108676969566928978228483514,0.385,0.31,0.335,0.405,True,True
2026-06-03,market_development,75294844336992417802256277550584197717534502122033210215470634114359616164291,0.075,0.09,0.019,0.021,True,True
2026-06-03,market_development,75585073457080587004861028757962724969532551604767090921568986503730782930194,0.175,0.255,0.075,0.065,True,True
2026-06-03,market_development,94305717748599320464862113044121100619546116114494682209750212996319550561825,0.0075,0.0065,0.0025,0.004,True,True
2026-06-03,market_development,96551333429618305900477956849857583605157428728609759462863015115502383598929,0.4,0.355,0.595,0.52,True,True
2026-06-04,market_development,109873367241838326146517367755564260116122386537599485849164411276527335416950,0.615,0.59,0.725,0.795,True,True
2026-06-04,market_development,38665828573094680678670732391672730349872310802149398880623493072598116263922,0.29,0.3,0.235,0.18,True,True
2026-06-04,market_development,41030685778380628661154552175629639624740135468439375635819952102942723654172,0.1,0.085,0.06,0.034,True,True
2026-06-04,market_development,4343626474842586107218237010216959570415882289019016221625230299427941398757,0.0205,0.04,0.0085,0.0075,True,True
2026-06-04,market_development,43638505525527858147957958394444951786713683989046585970876976503043537029108,0.001,0.0025,0.0005,0.0005,True,True
2026-06-04,market_development,51113044252510268660146967245535238431834292932574669426886284827949884024669,0.0005,0.001,0.0005,0.0005,True,True
2026-06-04,market_development,59347949681518311778934113789489126097096181191449072339553080192082153577195,0.0005,0.001,0.0005,0.0005,True,True
2026-06-04,market_development,70789812219424914719684147037078906124666331278901153269517487379603997282648,0.0005,0.001,0.0005,0.0005,True,True
2026-06-04,market_development,77129373408590996827873072816176200053826953236344988230559275662757978128579,0.0005,0.001,0.0005,0.0005,True,True
2026-06-04,market_development,7846525851606041571579481719726569841969254479401036287710603913649827168185,0.004,0.0065,0.0035,0.003,True,True
2026-06-04,market_development,86487539506056797648316307046505507978207784750078231239914353070670648084311,0.0005,0.0015,0.0005,0.0005,True,True
2026-06-05,market_development,100854702233288010219050937200673513533133473259827310464648321285539824429529,0.0005,0.0005,0.0005,0.0005,True,True
2026-06-05,market_development,101105979129358763875580149626790368196039928906754078810037841376972188627726,0.0005,0.0005,0.0005,0.0005,True,True
2026-06-05,market_development,111562464704240939815861443559693171316569825245723932429845449825211882872683,0.4,0.355,0.395,0.415,True,True
2026-06-05,market_development,314785944350233794394150240958573342383171889424829890588667378371032163557,0.0115,0.0065,0.0085,0.004,True,True
2026-06-05,market_development,70219778504609729319754892685586252172621545281645564317975210779101449015242,0.085,0.19,0.095,0.115,True,True
2026-06-05,market_development,71661349908038207152325617776415157925640571693298057244641779599548355185764,0.305,0.265,0.305,0.305,True,True
2026-06-05,market_development,71752079044836697844476899011523824436947276543952369930275808646756293342758,0.051,0.045,0.0445,0.0085,True,True
2026-06-05,market_development,73074601271117243944716284421960311163001256719098403293712325971618715668084,0.0035,0.006,0.0025,0.0035,True,True
2026-06-05,market_development,80040588456854924933995740693285560694119382333744783328375851746222396738886,0.175,0.155,0.165,0.205,True,True
2026-06-05,market_development,90673118748213091532657364110161998490134462154340123603949225713503675979702,0.0005,0.0005,0.0005,0.0005,True,True
2026-06-05,market_development,99691964668395594677631536613566256725287288190205616461376993224106073847958,0.0005,0.0005,0.0005,0.0005,True,True
2026-06-06,market_development,101343340295475857688992933436848292540455927071968895145913459559874890662371,,,0.0005,0.0005,False,False
2026-06-06,market_development,102394047929754063122834993419847356881125646394544490466077064814984823422696,,,0.115,0.055,False,False
2026-06-06,market_development,104715256319013960466822163578114020547966859740639661082284642461692003206468,,,0.0055,0.009,False,False
2026-06-06,market_development,14558458553826268232559798185452473264994335523789615862200037658877521272379,,,0.0015,0.003,False,False
2026-06-06,market_development,1470920211363179437297699476034483283535214308226974963085153129418715545350,,,0.07,0.0675,False,False
2026-06-06,market_development,53070912678898383789345794277115351305063933087228407374526063730979887484761,,,0.355,0.38,False,False
2026-06-06,market_development,5972431926294886618906569651057372176238425351608128883216145471796466636505,,,0.315,0.35,False,False
2026-06-06,market_development,66411761105489083850284949835207316165747228144676591956132194329686424487911,,,0.001,0.0005,False,False
2026-06-06,market_development,83570475763713590607375171691703466974698761052138084084808145782166518589513,,,0.0125,0.0065,False,False
2026-06-06,market_development,9273424420439087624761519577393471260336826873071866331940553797498915167687,,,0.195,0.18,False,False
2026-06-06,market_development,99947082129877520028391369465319679605730820920897243029207921710820004816493,,,0.001,0.0005,False,False
2026-06-07,market_development,10895563182697394774447165265000606822675038787769068938453174422812623271823,,,0.008,0.009,False,False
2026-06-07,market_development,109702844418672118931405331371953333186483466207802580549719767562429179503156,,,0.0015,0.002,False,False
2026-06-07,market_development,33496367006575523272385417568710756787503687033014145766850570126280888556566,,,0.0005,0.0005,False,False
2026-06-07,market_development,39187765733942117258763244080327247785439137283779171557411866022962033532671,,,0.285,0.305,False,False
2026-06-07,market_development,41994238011608810549191085190717677044535677482361511524288771288424335202427,,,0.005,0.0075,False,False
2026-06-07,market_development,49257132338384055173620292812137851782741843981529461794995463842158255770021,,,0.105,0.055,False,False
2026-06-07,market_development,50885544821691922750775774736996511944540800365695029221706050687796458755568,,,0.008,0.0035,False,False
2026-06-07,market_development,55222537853930925094442652977835664129199774149462968298682444943637485026047,,,0.215,0.295,False,False
2026-06-07,market_development,68603524343671399940940537906822492322841034755865519645231966184227704752997,,,0.0285,0.007,False,False
2026-06-07,market_development,72662791578526525297891091796548735183221453517733161220000630359457413220673,,,0.1335,0.1465,False,False
2026-06-07,market_development,87243494640826136804040842582703377727533757637699334752397384583868638181303,,,0.255,0.22,False,False
2026-06-08,market_development,20328141937822918987406193474401064738878424215145465969228741606185244338339,0.0245,,0.013,0.0365,False,False
2026-06-08,market_development,20802585845371514671773636858177507426674590377851853685199244643657475805092,0.03,,0.0155,0.0125,False,False
2026-06-08,market_development,21334640190836344539444478225597528721679303035295967166257026556622379660887,0.26,,0.32,0.305,False,False
2026-06-08,market_development,27969075357150440230698777397356282373018144488932276069397354598606782586027,0.22,,0.285,0.285,False,False
2026-06-08,market_development,32128662048585409722620593546990380786353004647103874607770848162635144446218,0.285,,0.255,0.195,False,False
2026-06-08,market_development,48140034694007827434223917773781643925580738867290232693734309590979756588250,0.098,,0.0705,0.113,False,False
2026-06-08,market_development,52913470222408377948829777355096044290317869363555978640846126327031511237469,0.0005,,0.0005,0.0005,False,False
2026-06-08,market_development,66958211756243757647900611958905354448109489512236215471900603130991679457945,0.0015,,0.001,0.0005,False,False
2026-06-08,market_development,91785469620798827637113095788632611003487333293273412769625180971858759328716,0.0125,,0.0065,0.011,False,False
2026-06-08,market_development,92319394919371932573270748942390509482992429496621814710223606023943095982065,0.0125,,0.0055,0.0015,False,False
2026-06-08,market_development,98437406741419295574424218787084417577378886176586287476235108886283950267384,0.075,,0.05,0.095,False,False
2026-06-09,market_development,101768867726634652828044803407510944022390484717193575884349604734910084935723,0.004,0.0075,0.0025,0.004,True,True
2026-06-09,market_development,110480384670535131191454795573060317571328153115143200828289345183530304000725,0.19,0.3,0.235,0.17,True,True
2026-06-09,market_development,26671855951859954744883892355707025634322162014233342170761519543583611804012,0.415,0.285,0.385,0.385,True,True
2026-06-09,market_development,36741607099939629040039512136459189111117026498638404654547997771568754425809,0.09,0.115,0.075,0.08,True,True
2026-06-09,market_development,37002767290866925317834458295773494445422665081252227034849232828492584466215,0.0855,0.0735,0.0605,0.074,True,True
2026-06-09,market_development,52109384727730693807106818888498497190012968820328329568856425474750415225067,0.185,0.195,0.23,0.275,True,True
2026-06-09,market_development,58641230516195033797167978823761100047409851169655002313185131308887449564342,0.007,0.0075,0.0085,0.017,True,True
2026-06-09,market_development,66029715227865888867361147781890826775196393422908430691139784685380186259430,0.0365,0.0445,0.0185,0.041,True,True
2026-06-09,market_development,66071690249609118937437174554736480560981565303435133625598756012139462191035,0.001,0.0015,0.001,0.001,True,True
2026-06-09,market_development,94282612016642990103661296960607742928971896273475593194962425045935265188757,0.019,0.021,0.019,0.0155,True,True
2026-06-09,market_development,97500717905305220478735223129139151352866705447727997530598458442669055447371,0.001,0.0015,0.0015,0.0015,True,True
2026-06-10,market_development,103952608358463914999985531818907503265383220402407534332311099994541518367084,0.145,0.13,0.245,0.28,True,True
2026-06-10,market_development,15718641776411360983478895165289796527836971336383880138777981093993104520784,0.023,0.0515,0.078,0.115,True,True
2026-06-10,market_development,16397666266689147390934382558167088774462847438957547963956284647658172511927,0.305,0.295,0.335,0.32,True,True
2026-06-10,market_development,18042873604242480997582327441850239974300322546654386266220557668631403409308,0.019,0.017,0.0045,0.005,True,True
2026-06-10,market_development,32060790227972710091841899429607160109976959200365988390236634739725974161146,0.055,0.05,0.0225,0.0265,True,True
2026-06-10,market_development,40310838860668352533543531372481493817226770877756044117440014897812532093092,0.125,0.17,0.115,0.095,True,True
2026-06-10,market_development,60695725697130387319209925704743130722245093469702331226851964018970374903889,0.345,0.285,0.225,0.2,True,True
2026-06-10,market_development,62422821600409057459698301447235282888890577446869542091777011845356809868287,0.0075,0.0075,0.0055,0.032,True,True
2026-06-10,market_development,71382408483524696020927376515786823240288329073616677127679194797612102154666,0.003,0.0025,0.0015,0.003,True,True
2026-06-10,market_development,75114801924149318393325176600531133058125419354659304337062518011403869315671,0.001,0.0015,0.0015,0.0015,True,True
2026-06-10,market_development,8840898554643784716059101654562265380799762329598945046892743193851375846616,0.0075,0.008,0.004,0.0035,True,True
2026-06-11,market_development,111490262994570656279026975088391815001887722346982449686473654293407638962735,0.09,0.09,0.105,0.095,True,True
2026-06-11,market_development,29820472903271626017508991879129300227082871163887545690779977530796387460326,0.0015,0.001,0.0015,0.0005,True,True
2026-06-11,market_development,32645862640362376749995328047641094101276837473186541508841061310616831967637,0.042,0.0275,0.024,0.0075,True,True
2026-06-11,market_development,38135699821953297625992049970239129220563218605446681793235458614495118860973,0.0165,0.022,0.016,0.0175,True,True
2026-06-11,market_development,4133393626268353394364047545626401520253986458600683097203065588811825090179,0.205,0.23,0.265,0.275,True,True
2026-06-11,market_development,5559238485732527465419831349082463600829725100047524273355042478989902127000,0.0015,0.001,0.0015,0.0005,True,True
2026-06-11,market_development,5952676095546443138778203926136373542461118292275848350636770409498114958829,0.0075,0.0065,0.005,0.0025,True,True
2026-06-11,market_development,71980181774353689992089147234441693987222736785944365606265585829010733774328,0.065,0.105,0.09,0.065,True,True
2026-06-11,market_development,8877958094435822675664796725096587946099018879234519761721212103700635516263,0.275,0.245,0.18,0.185,True,True
2026-06-11,market_development,94211965613954863974785255442107432666517488645946242799133949578515368946706,0.006,0.003,0.0025,0.0015,True,True
2026-06-11,market_development,99793519021577798162421705862048595868282188123067263234738095340866122949217,0.335,0.305,0.365,0.39,True,True
2026-06-12,market_development,110105783612785483187729756050966689716461310702652572334292900400866308052903,0.305,0.355,0.215,0.23,True,True
2026-06-12,market_development,21595250758049616961235231719525031995051432327165728901106104697133292027675,0.225,0.095,0.09,0.065,True,True
2026-06-12,market_development,24367041433946150450317458086604813343994694006340057457568523238167288586985,0.003,0.003,0.0025,0.0005,True,True
2026-06-12,market_development,35655431532011499512052280577777695120026505009079441191735565046040084929658,0.255,0.305,0.425,0.42,True,True
2026-06-12,market_development,45450352051342680646470635249559471020610700639668221257952543700582185314215,0.0015,0.001,0.0005,0.0005,True,True
2026-06-12,market_development,53493349835506468433805130794378022119939151806899597682669403721042826263745,0.0005,0.0005,0.0005,0.0005,True,True
2026-06-12,market_development,59194626867857967336286336605988675061806318754777307916645228670353298524121,0.195,0.18,0.26,0.27,True,True
2026-06-12,market_development,69533089084895384330002487673282392828524613366890105197306454515940512923012,0.0065,0.0085,0.007,0.0025,True,True
2026-06-12,market_development,75592998951909496700746757974652165571883982369594647338330106701644960781315,0.037,0.085,0.034,0.042,True,True
2026-06-12,market_development,7723799537245524362645027795659602561607947283598067449768623559144203370924,0.0245,0.0155,0.0205,0.0055,True,True
2026-06-12,market_development,81148862088485849064858123853617776982481094621586471660230416550483733464342,0.006,0.007,0.0135,0.0075,True,True
2026-06-13,market_development,104945924419402212509133029022872367473667811017691717149988268259962100773378,0.28,0.215,0.195,0.15,True,True
2026-06-13,market_development,107102651630168884981926221435837639120097660418389826521505606556785869232240,0.335,0.385,0.36,0.395,True,True
2026-06-13,market_development,108690514391637604901929034352475391714692022321466525525363144798571624565665,0.0105,0.0425,0.011,0.013,True,True
2026-06-13,market_development,114824364900684647899300695151236841374727069824430481597265835840195295670783,0.0045,0.0055,0.005,0.003,True,True
2026-06-13,market_development,4583399005146982099251506419272081557158566482836341324187459233974896239544,0.0025,0.0035,0.0015,0.0005,True,True
2026-06-13,market_development,46966485740925486748351908793102139824113697642877206127915670652661682621072,0.065,0.065,0.065,0.065,True,True
2026-06-13,market_development,60187822832096523435926720989479661100404360987462429408166207084377776731852,0.0005,0.0025,0.0015,0.0005,True,True
2026-06-13,market_development,78686453108752989180830666922013942087329268083890309075269998146340561000602,0.0015,0.003,0.0015,0.0015,True,True
2026-06-13,market_development,80016237287930198834507040622814036789822477759432752906713013774802244684771,0.08,0.071,0.0855,0.0765,True,True
2026-06-13,market_development,84915017528088428178890567790156305451600784947528249299584871348259314256158,0.016,0.041,0.011,0.008,True,True
2026-06-13,market_development,86317808451789076779307232997232297655146511651399278863897471109991211240611,0.25,0.215,0.315,0.35,True,True
2026-06-14,market_development,11625770451053782946397064257000531684137846277241186102111818498461224876425,0.245,0.21,0.23,0.095,True,True
2026-06-14,market_development,19936126753366732834854612029435136505460317268976099711165783538640170779648,0.09,0.065,0.065,0.0265,True,True
2026-06-14,market_development,29104786412102713336343439246478246169670214272769347950236349367880363714632,0.055,0.145,0.0415,0.0495,True,True
2026-06-14,market_development,36807282401193960934138206782316236641356365097723168395789223126370239068592,0.008,0.008,0.007,0.0035,True,True
2026-06-14,market_development,3764451359043223213055091335931870233925269548589065953543845024380951660513,0.205,0.235,0.225,0.27,True,True
2026-06-14,market_development,45816201155303460511198551299637330937120737935130523848500947160602145899097,0.36,0.335,0.375,0.485,True,True
2026-06-14,market_development,50623143811609792913304154623401237197368858031366970964132412589469080303126,0.001,0.001,0.001,0.0005,True,True
2026-06-14,market_development,70281472401652976202873181815211055714696719532596795595544275433388413794729,0.001,0.001,0.001,0.0005,True,True
2026-06-14,market_development,72612344238108140330424996301484051737804782198725433788903114473892873363040,0.0065,0.007,0.0065,0.004,True,True
2026-06-14,market_development,72693063146508551461836341376786779644612078635717943934796324606514646975968,0.018,0.0535,0.02,0.0165,True,True
2026-06-14,market_development,76547283576279194211145907752946623469047248194928350125510145932488812950142,0.0045,0.002,0.0035,0.0015,True,True
2026-06-15,market_development,105717220944315446649882522595793248977045127050018937484197636874723325029484,0.068,0.061,0.043,0.046,True,True
2026-06-15,market_development,10979453297375855122200364906316716492088796125411943962569995935447543592721,0.0005,0.002,0.0005,0.0005,True,True
2026-06-15,market_development,112180346218764548523053210030631132993116655841456286609852063420603871427776,0.08,0.115,0.055,0.065,True,True
2026-06-15,market_development,113052753842452077739606765985336260203032026178895132272631381384689077056484,0.0055,0.007,0.0045,0.0005,True,True
2026-06-15,market_development,14829495293966015426256163248571595460085721471169299786612942154805152857909,0.002,0.002,0.0015,0.0005,True,True
2026-06-15,market_development,39398136997271073058727558242742262881036167954635884643032438361374018758749,0.0065,0.0045,0.005,0.003,True,True
2026-06-15,market_development,44458587153542945402518521969210307781443639465672171644838741236227423051766,0.0075,0.04,0.008,0.0055,True,True
2026-06-15,market_development,44729492877428530378070494259985029590902587668018409932210813852952762615413,0.0185,0.018,0.0155,0.008,True,True
2026-06-15,market_development,62206187304311511066404748957048308114840214593170589502016591380727698205866,0.335,0.345,0.405,0.39,True,True
2026-06-15,market_development,67021189076493431244296274550070818556775094417513184382541373948635627154337,0.22,0.235,0.225,0.165,True,True
2026-06-15,market_development,75410262400948150987653618618440992181462561390288852882209629749510316901925,0.22,0.235,0.245,0.315,True,True
2026-06-16,market_development,102289408235804685514310314818506802638939011767855436548529732867943969117335,0.022,0.0195,0.018,0.011,True,True
2026-06-16,market_development,105337826201299791481894186254168201799983889354547674110250567475833907789905,0.023,0.0405,0.0325,0.053,True,True
2026-06-16,market_development,113444484050978376803322491079620100927568600225426033803696821741088621797550,0.24,0.28,0.22,0.325,True,True
2026-06-16,market_development,28633987360419177408066338852500740632196014977768717780193495903830282435762,0.004,0.004,0.006,0.002,True,True
2026-06-16,market_development,5183186613432491608578588580008011464211150565330754501619657051567586050679,0.195,0.185,0.165,0.095,True,True
2026-06-16,market_development,55691877430404605814192274111433123574907157398431287759164364698209416618680,0.355,0.325,0.365,0.29,True,True
2026-06-16,market_development,61722444308361469132657958405170314257285714973886897595172060371620662332321,0.0075,0.0075,0.0035,0.0015,True,True
2026-06-16,market_development,62559300118494432191251226547013343809831078784848383893269747624289991425446,0.044,0.081,0.061,0.051,True,True
2026-06-16,market_development,67856566236714093552559091082349010275527740516629432480508967670533010806419,0.0015,0.0025,0.0015,0.0005,True,True
2026-06-16,market_development,94051729345094770608976879034429792762243562740563528392126018020690704624158,0.0025,0.0025,0.002,0.003,True,True
2026-06-16,market_development,98158167972330275303038984005707547179923562323162568117089027736397352543039,0.055,0.13,0.1,0.22,True,True
2026-06-17,market_development,112499370106962976402899399732707868808370801758891369956398994679163838471808,0.195,0.145,0.135,0.14,True,True
2026-06-17,market_development,12488767314166187201246588419222276672993190737460109108898711665353845032190,0.034,0.004,0.056,0.032,True,True
2026-06-17,market_development,22513517516879620643130585683758684035957994758225957378631607526537084094273,0.002,0.0085,0.002,0.001,True,True
2026-06-17,market_development,3179335922710605011850354999967856073832669974708475409052290062095319807678,0.345,0.315,0.325,0.35,True,True
2026-06-17,market_development,55432203330166473361131320545194232783072179079668981307481713484383232069332,0.0005,0.0005,0.0005,0.0005,True,True
2026-06-17,market_development,5747548635338605314997454380864006774250804560248271727842599634310006362582,0.0125,0.026,0.0085,0.0035,True,True
2026-06-17,market_development,57841369994859841361001407901573044069159540979377393482427910132332966121176,0.0625,0.06,0.032,0.0185,True,True
2026-06-17,market_development,67647996856365291772194031748435597887101786306351050187126462283128821017494,0.0035,0.015,0.0015,0.002,True,True
2026-06-17,market_development,69900172867739829332722098336511531655275816129297816103029909814864801847912,0.25,0.255,0.205,0.205,True,True
2026-06-17,market_development,80015672701358422570478528108884850236665374689834983441219905549895152745291,0.14,0.165,0.28,0.3,True,True
2026-06-17,market_development,92638421259952339926266119785356444687167707595699241247096088173699044232249,0.0005,0.0005,0.0005,0.0015,True,True
2026-06-18,market_development,108034529299271378462045519261127137163348818111452801359673318926272085423807,0.095,0.065,0.08,0.0525,True,True
2026-06-18,market_development,11062291770861722188534599502693864388906465861407195090019054751723914233314,0.0015,0.0015,0.0015,0.0005,True,True
2026-06-18,market_development,13696202627976477339703317763388247227049450896107999300410778897735788694154,0.0475,0.041,0.017,0.0075,True,True
2026-06-18,market_development,17776989271593853623072669279548766866456960477769732450295956009921964269172,0.0185,0.0245,0.022,0.0215,True,True
2026-06-18,market_development,29044391695111002353140898938763707988552732973668320625636005709201016126848,0.0035,0.0035,0.004,0.002,True,True
2026-06-18,market_development,40766895280439608243212191924569066411455841788257339052132032064830071212291,0.0045,0.0025,0.0025,0.0015,True,True
2026-06-18,market_development,56288947273092549546121942221390522372625813902366360383042113901641604492121,0.26,0.245,0.245,0.36,True,True
2026-06-18,market_development,59774972385071288672827003419756429498837557811182013779781528535227672319769,0.0015,0.0015,0.001,0.0005,True,True
2026-06-18,market_development,6123208116525285626046425978303754962256978381514575281924079091670916226135,0.17,0.175,0.25,0.18,True,True
2026-06-18,market_development,69172127662155145577472089870235523058549369027230566687496588611713705198435,0.34,0.245,0.26,0.355,True,True
2026-06-18,market_development,71983599465099768411248937723872054891195315708394637473400496455381594444296,0.095,0.115,0.12,0.071,True,True
2026-06-19,market_development,22476224104231412413948115517461420583215814789343209639149397517888880592412,0.0015,0.0015,0.0015,0.003,True,True
2026-06-19,market_development,24267386105496025137952514046738826232196818751840205198986619113968624703026,0.021,0.018,0.0135,0.011,True,True
2026-06-19,market_development,24828880335618488001817390837334454303926572144268822014011914989565514045912,0.0275,0.0575,0.0405,0.0305,True,True
2026-06-19,market_development,2688078733614808344327616425843932641746432888242233626768629114470569044989,0.155,0.155,0.06,0.05,True,True
2026-06-19,market_development,36733644678048875399497259286521164806606501309367724951965930199926419590712,0.18,0.18,0.155,0.195,True,True
2026-06-19,market_development,43595514659751526037466910476189008036416627404467887057369919219096770933442,0.0045,0.008,0.0055,0.003,True,True
2026-06-19,market_development,63981395964245418149823170696369371251607933345164222989917827864867430852017,0.0045,0.008,0.002,0.0005,True,True
2026-06-19,market_development,65194525630475325559375734128393423848838792514827020125987624986509302810176,0.0005,0.0015,0.0015,0.0005,True,True
2026-06-19,market_development,7103047885766380242159828456547729681991783646945116999806787437144046883670,0.285,0.275,0.33,0.265,True,True
2026-06-19,market_development,83907315510828169331482672052299253542474270108421334762133373607648946862063,0.0035,0.0045,0.003,0.0045,True,True
2026-06-19,market_development,86402597308104156133292252930756599996232860258850725446908321032511192180533,0.365,0.365,0.435,0.39,True,True
2026-06-20,market_development,102747607448950863390918375670306600569497178749235846226893413267381970792454,0.165,0.09,0.245,0.275,True,True
2026-06-20,market_development,112166896445623439861084358893899515446612879758285501093315693167063326716996,0.435,0.455,0.435,0.46,True,True
2026-06-20,market_development,115577313634474034356326588253842621017845358826973030808082626461896515051640,0.24,0.27,0.18,0.16,True,True
2026-06-20,market_development,33754474033024591580000475666537543664143128223624222671925643745173033588478,0.022,0.0415,0.0095,0.0365,True,True
2026-06-20,market_development,3524844236956874518407406478050538284562528627675294609138795908098787828326,0.0005,0.001,0.0005,0.0005,True,True
2026-06-20,market_development,45290605776981778409555076455447534510830671699824548980072300637962371001415,0.0015,0.002,0.0005,0.001,True,True
2026-06-20,market_development,53952624408650263348883127357131023347964170106487094912680968803191291532598,0.035,0.0255,0.073,0.0325,True,True
2026-06-20,market_development,56760642343608881015248854761925735279376029430874004242942176182414561104659,0.13,0.145,0.09,0.0445,True,True
2026-06-20,market_development,71874632050051501532527501135575129370453988383145048294095793655414628870254,0.009,0.0055,0.0055,0.0055,True,True
2026-06-20,market_development,75139773341453388089928298214022280578818463891998309952621322349036694385351,0.0005,0.0015,0.0005,0.0005,True,True
2026-06-20,market_development,83047481678724680398873111229189273177862076158553536985438327940430931920123,0.0055,0.0065,0.0015,0.005,True,True
2026-06-21,market_development,107612492107082708572015022768128522308799338669494307289263901310689659032235,0.0015,0.0055,0.001,0.0005,True,True
2026-06-21,market_development,30801733951265373181061287606971133332702114467259346126776802794109292991839,0.415,0.325,0.34,0.405,True,True
2026-06-21,market_development,31281872130717142325918054679610951141294883097301680894887572621666398392004,0.08,0.16,0.14,0.15,True,True
2026-06-21,market_development,44163373075104386819737225881925451379845166780182963050239990511893038457506,0.033,0.0475,0.0245,0.018,True,True
2026-06-21,market_development,50929543358310337494121950753912935116809795636163197684856476799740226106298,0.0095,0.0155,0.0045,0.002,True,True
2026-06-21,market_development,64907750382947435545200909627250725124657198355328997882011224638685789549020,0.0025,0.006,0.002,0.0015,True,True
2026-06-21,market_development,72013445333105509063298728516709471881279622992977973902248161132090494890222,0.255,0.245,0.43,0.41,True,True
2026-06-21,market_development,72471284088994501516573002008100607693064168899819645489132669835759846234266,0.0035,0.006,0.004,0.0025,True,True
2026-06-21,market_development,75300056220033291551706978231264322496174359570184661748718521919372015860844,0.145,0.19,0.105,0.0445,True,True
2026-06-21,market_development,79730666530131098694551727654049876584858133464582891039961668418711213444425,0.0005,0.001,0.0005,0.0005,True,True
2026-06-21,market_development,89004704519477064808323185536884934241358157197775105798135406185343788821065,0.0315,0.0525,0.0125,0.0105,True,True
2026-06-22,market_development,11345504127985216824747852369316390656432286871641353068320687135121476558374,0.008,0.0225,0.0265,0.029,True,True
2026-06-22,market_development,18856571697173820375738244948546601441913296097129427726177760767442284880337,0.0245,0.055,0.0205,0.006,True,True
2026-06-22,market_development,28044369483910937851321037652268483204921938457705271549559212369922927608051,0.4,0.32,0.525,0.57,True,True
2026-06-22,market_development,40514063879301211939711704980384289898535103293061095912362467161845950661282,0.002,0.0025,0.001,0.0015,True,True
2026-06-22,market_development,53977777150130000657872223857484214695512559999068546445524492969922535787487,0.0065,0.004,0.0015,0.005,True,True
2026-06-22,market_development,58052242898909464111115907006516732211014941124687105856091755626683220021207,0.0065,0.0105,0.0045,0.0025,True,True
2026-06-22,market_development,63314723044854037857032328633580273402091000015626896035114100528391644005286,0.285,0.35,0.215,0.29,True,True
2026-06-22,market_development,65847003782568028625039255301435516800527220925777361738533405595351324383485,0.0015,0.0015,0.001,0.0015,True,True
2026-06-22,market_development,86505128415315111700768251813104224088976475883886045666279766739666843312719,0.105,0.0645,0.129,0.124,True,True
2026-06-22,market_development,97129909679325033357778621198516596555657214430345313955405939392418744951194,0.0015,0.0025,0.001,0.0015,True,True
2026-06-22,market_development,9841798487780829882321639588500801808107147894657038233586415736733936029925,0.115,0.14,0.115,0.04,True,True
2026-06-23,market_development,114661305146661646733334802213511257931978978181155709148500428991532286708686,0.485,0.455,0.495,0.575,True,True
2026-06-23,market_development,18913354565083040507187665278916145035661786496040249936354803372850709337228,0.065,0.08,0.045,0.0295,True,True
2026-06-23,market_development,30554428478878055442109365425811334086646606503112190612086197536361460443969,0.31,0.265,0.305,0.225,True,True
2026-06-23,market_development,34704251849982394995295407813927396915527498028652928559477791111939371936975,0.008,0.05,0.019,0.013,True,True
2026-06-23,market_development,51609527083350078049646427710777617440856140640004062131344707217781295779457,0.0005,0.001,0.0005,0.0005,True,True
2026-06-23,market_development,52859486509872902826601125961185532789648761000333593296375780015483840544128,0.0025,0.0005,0.003,0.001,True,True
2026-06-23,market_development,58174804188374841713676223236325978667550064287332078994045895366082548835183,0.0005,0.0005,0.0005,0.0005,True,True
2026-06-23,market_development,63998192232144492474570665729376541284791214943837653452470051312950080343660,0.011,0.011,0.006,0.016,True,True
2026-06-23,market_development,803164778610539854221101663634937090484212617473883462949012070796895814088,0.143,0.1335,0.1375,0.179,True,True
2026-06-23,market_development,97705266617798969958818789812428028331969132166264697403887994670090212144084,0.0005,0.0015,0.0015,0.001,True,True
2026-06-23,market_development,98074507475093494882635126000521561697801052939967240359819927638655265458117,0.004,0.008,0.0035,0.0045,True,True
2026-06-24,market_development,16669656867246638063946338665295185287479892885511625685350140967919887437167,0.051,0.0355,0.039,0.058,True,True
2026-06-24,market_development,18938911552715779573792197415043289643191304769317503042902636764523733182420,0.003,0.0025,0.007,0.003,True,True
2026-06-24,market_development,32094551881723721562606300602990725477329220520472164002764430024432962168830,0.0005,0.0005,0.0005,0.0005,True,True
2026-06-24,market_development,33468417652053799296884968936617381541783579122148237052711360371583168034954,0.0015,0.0015,0.0005,0.0005,True,True
2026-06-24,market_development,40176107298252551174179593755945599576991725730268895481349628899391359490377,0.0085,0.0085,0.0045,0.0055,True,True
2026-06-24,market_development,51009692906096262584298855833434561638435050866151880812142468585824076108365,0.24,0.38,0.185,0.18,True,True
2026-06-24,market_development,52599303912060017788198023094762625807324935346780151256642282155296422403651,0.475,0.395,0.405,0.41,True,True
2026-06-24,market_development,59474337898857890415932556019497971152717588750031510186936730332647690410981,0.145,0.16,0.355,0.39,True,True
2026-06-24,market_development,6008264490461078526025166340254842620363251845609874087120842948935909511319,0.0005,0.0005,0.0005,0.0005,True,True
2026-06-24,market_development,76730021715870084076203702214478909060538504082803528137308316547526140503265,0.0015,0.0015,0.0005,0.0005,True,True
2026-06-24,market_development,97304323902827488868506441975352019342841414960396444495492696650731437707781,0.0545,0.0695,0.0125,0.021,True,True
2026-06-25,market_development,100552746863063095862015929940178619722001037405323115492134114344246234459933,0.001,0.0015,0.001,0.001,True,True
2026-06-25,market_development,108038659330144098454340441883366833360550501508725816962969453125821824799342,0.325,0.345,0.395,0.405,True,True
2026-06-25,market_development,45212030947858714378283545635428500184310890240740163483677887873505559683236,0.003,0.0025,0.003,0.003,True,True
2026-06-25,market_development,67519344447469596260958962009303872096735674795388405220051379952614282956129,0.026,0.018,0.013,0.0095,True,True
2026-06-25,market_development,71468101443679994283492328841455036591665306562816433530580240331577395995243,0.0005,0.0005,0.0025,0.001,True,True
2026-06-25,market_development,72935136085113087257485184093042629849204866625902463056345369631290484391577,0.0145,0.02,0.0105,0.007,True,True
2026-06-25,market_development,76214219658468508064406807264107366072293704479783653684858035094228480596431,0.08,0.095,0.045,0.0395,True,True
2026-06-25,market_development,78085718594962953667437174036585028819383776945630884549671437326354752499719,0.001,0.0015,0.0025,0.002,True,True
2026-06-25,market_development,86013524443074833907061956138362389184628075888633104252967629479652949907916,0.14,0.125,0.155,0.285,True,True
2026-06-25,market_development,94235088269908433595847537103080241678008853895292862350383778778360682993997,0.445,0.45,0.405,0.31,True,True
2026-06-25,market_development,99566484654520736756514196408853766580566193608199241240635368925597484476041,0.0005,0.0015,0.002,0.001,True,True
2026-06-26,market_development,100527024939584479533203995117228876116327132413392735512099297388678663638517,0.33,0.37,0.31,0.31,True,True
2026-06-26,market_development,106730596652570222141016905348574732803679705447337800973466151181632719655479,0.135,0.11,0.14,0.15,True,True
2026-06-26,market_development,19905058717011812619349131782789023479860786838520759046577439533330065801454,0.0025,0.003,0.001,0.0005,True,True
2026-06-26,market_development,20761858010191511942265138727399320070829578781279596141900663379037512314505,0.003,0.0035,0.0015,0.0005,True,True
2026-06-26,market_development,20994009071327083153475034196382016306145634967579911313129326491189580874395,0.009,0.0245,0.0115,0.012,True,True
2026-06-26,market_development,25390471140428761324823989489263535720546878351758198481718082406033112656620,0.0005,0.002,0.0005,0.003,True,True
2026-06-26,market_development,32174486158965438345094580856697100694561134288212111492783560101476792264550,0.155,0.1,0.075,0.075,True,True
2026-06-26,market_development,38544165396388439007168439079079170979171092678535043927269195517620007819683,0.39,0.405,0.495,0.455,True,True
2026-06-26,market_development,49476911154761456635904677872641903684224657238107373437636587553463747876983,0.002,0.002,0.001,0.0035,True,True
2026-06-26,market_development,53939130036069108793875868692879933165935296683353955930826461067738939702071,0.001,0.002,0.0005,0.003,True,True
2026-06-26,market_development,66219503639381237933981882045647650372942259818533208136365592632250736543556,0.0125,0.0055,0.006,0.004,True,True
2026-06-27,market_development,109425077841944980475650178704727485028681658785939671186098629427213116319246,0.32,0.335,0.365,0.335,True,True
2026-06-27,market_development,112710558842259778108833587163710701686299601546818470687786702656736261828596,0.003,0.0065,0.0055,0.0075,True,True
2026-06-27,market_development,30413220583327119535289625980292620428494934143053336097103341834227909627103,0.085,0.095,0.07,0.04,True,True
2026-06-27,market_development,33017879023981560014460242710905451538206845618268039069582818713937530319634,0.46,0.46,0.325,0.26,True,True
2026-06-27,market_development,54278360031656365725631356715740967685749929242540225667312441708145928885417,0.003,0.0035,0.003,0.0025,True,True
2026-06-27,market_development,56831433955412951460944887130769204453933263955890630691855849814428625885557,0.013,0.017,0.0145,0.006,True,True
2026-06-27,market_development,59956987343149445046286542265694035238275689252885633706857370210618169843949,0.13,0.095,0.24,0.335,True,True
2026-06-27,market_development,73189368094587581843734448954122033924659339389909720434601840994581722370816,0.0195,0.0135,0.0375,0.053,True,True
2026-06-27,market_development,77072506102248659423472619954278415730732299495708239607191967809181476546925,0.0005,0.0025,0.0005,0.0015,True,True
2026-06-27,market_development,79797058726061581815036982412149189846440459805815912673279098298821948134756,0.0025,0.003,0.0025,0.002,True,True
2026-06-27,market_development,86596782081306031872938248892135295499477004829872631734001476859472829171886,0.006,0.0065,0.0055,0.004,True,True
2026-06-28,market_development,30511095044382288075035539698387870732871742184720238358202150951471238739619,0.003,0.002,0.0025,0.0025,True,True
2026-06-28,market_development,30938229450947002131075094797633201192262996358406890239086300183467463044049,0.205,0.195,0.13,0.065,True,True
2026-06-28,market_development,34425349675579572133747381859915087535126105220991533230535242018423581929417,0.001,0.0015,0.001,0.001,True,True
2026-06-28,market_development,41989893292350958413527287571921135016616017523393769001624741517235378548863,0.265,0.425,0.365,0.31,True,True
2026-06-28,market_development,44348673278649040387243060252921046475718563861916154287159413128113627820480,0.052,0.054,0.015,0.012,True,True
2026-06-28,market_development,51057984708234300510765924542407367395223861589084289325785086952727120931671,0.0085,0.0085,0.0085,0.008,True,True
2026-06-28,market_development,7570346978209076482333667176682300607807263224919331351394727561612913664017,0.051,0.05,0.06,0.064,True,True
2026-06-28,market_development,76764209679669848988981089891002981434211140622937133826879208743246799905469,0.455,0.315,0.415,0.465,True,True
2026-06-28,market_development,83373666664240750427521200906801559661898449281511983174644080351242417171982,0.002,0.002,0.002,0.002,True,True
2026-06-28,market_development,84709136406060600964834418164461836062244105478386681171854626610435261444658,0.002,0.002,0.002,0.002,True,True
2026-06-28,market_development,97054797485980105694601677631452169106654772788481833507950669950845260038686,0.0025,0.004,0.003,0.0045,True,True
2026-06-29,market_development,102371364693764765855735849646093351376243537042733095259290599604875813645761,0.4,0.43,0.425,0.465,True,True
2026-06-29,market_development,13283668045963044145679928100266411091214250940260718053997388376219994280477,0.006,0.0085,0.0015,0.0015,True,True
2026-06-29,market_development,18599079044443335809112753336278097990508521925499336847361088017678561318995,0.29,0.235,0.325,0.27,True,True
2026-06-29,market_development,34515623555612069373784918874847323945495926579662925944225545390979836063779,0.002,0.0025,0.002,0.0015,True,True
2026-06-29,market_development,46331088217318097989616399755932096133431436372395535852859552868574851603636,0.0045,0.003,0.0035,0.004,True,True
2026-06-29,market_development,51594061376509121868477636214473756558156652615217721388531755181674785085081,0.1,0.045,0.079,0.0325,True,True
2026-06-29,market_development,65862402897701757422421417734679513970795983098075837494426501994116254908377,0.19,0.25,0.19,0.235,True,True
2026-06-29,market_development,81021827211405009055229420341123835451847930104846354391376792769461890706033,0.001,0.002,0.0015,0.0015,True,True
2026-06-29,market_development,86803041429700264180075232036280241717973067249583806630320133559559431558195,0.04,0.0425,0.0305,0.0285,True,True
2026-06-29,market_development,87448461309395940201876483059277690377170625747388871089810605910313934244254,0.002,0.0025,0.0015,0.0015,True,True
2026-06-29,market_development,97369158429476038651334439167263231789925266054389490442898747174991812811185,0.0045,0.006,0.0015,0.001,True,True
2026-06-30,market_development,104827586241169477144854191571221515925949198676412658111421095553530751600084,0.47,0.44,0.355,0.37,True,True
2026-06-30,market_development,11060121586649539590290606868779534555017669125270428902415139514453927388652,0.002,0.002,0.002,0.002,True,True
2026-06-30,market_development,18414900884814253824400997318010209786974461183690996131243378292308473741087,0.3,0.315,0.315,0.395,True,True
2026-06-30,market_development,41851870232030997866645389365157244531125774335832321240556587580971992188787,0.002,0.002,0.002,0.004,True,True
2026-06-30,market_development,50207518829638078238810214160311337370782857411291425124188706539316823329143,0.0025,0.0015,0.002,0.0015,True,True
2026-06-30,market_development,60098373067415084155870427576235336425125939136865926614689895806089888992607,0.004,0.005,0.004,0.0035,True,True
2026-06-30,market_development,60903967540690677388962540318239342758504699204922192084990900398274023458025,0.0045,0.0045,0.0045,0.009,True,True
2026-06-30,market_development,62298142279683615020600853195882527410642710126256835899972394595383137800874,0.21,0.155,0.16,0.165,True,True
2026-06-30,market_development,76680549762248579916432605662689725726085622058043024133962848768145678297573,0.0305,0.093,0.0335,0.043,True,True
2026-06-30,market_development,8919294204912771859477384430652898808137568127699280119144164595451812446704,0.0365,0.039,0.049,0.046,True,True
2026-06-30,market_development,91136306003756735876252280873619312830325329928640381919778460504430760594206,0.008,0.0095,0.022,0.025,True,True
2026-07-01,external_validation,13653337591519956344540360990931215051672955498030874055285277218374313412203,0.09,0.22,0.105,0.037,True,True
2026-07-01,external_validation,16612630974846338348716463397560733981787365087674764885991386398176720483964,0.0015,0.006,0.0025,0.0025,True,True
2026-07-01,external_validation,260257675284067887116491958585471578192693760457572965622778340364761556498,0.04,0.105,0.03,0.0065,True,True
2026-07-01,external_validation,37048480240716514160903026237279543328653581676524345136427689572851996067201,0.002,0.006,0.0015,0.0015,True,True
2026-07-01,external_validation,47733752358611797113763851716025959052323776054789799086978792001095777647499,0.0055,0.0175,0.008,0.002,True,True
2026-07-01,external_validation,52321341496132680020531520547539234384581597283342390591533717014099994884407,0.28,0.285,0.375,0.365,True,True
2026-07-01,external_validation,53930127323498454849891094629495385985627513722649515776136701813376978655443,0.145,0.075,0.125,0.065,True,True
2026-07-01,external_validation,66362040914288093210005292442506914317113953550727954161868992879594705972548,0.0035,0.003,0.003,0.0035,True,True
2026-07-01,external_validation,79061065414632725098839937943312604916118962035681630773986873131284649067277,0.0015,0.002,0.002,0.0025,True,True
2026-07-01,external_validation,81729589196448642841353116566874110824828694041534245397756454410625879433529,0.0265,0.009,0.014,0.012,True,True
2026-07-01,external_validation,87381688852530176226959814808217908172464003588273570142673057290552157623140,0.395,0.335,0.395,0.545,True,True
2026-07-02,external_validation,106328945933691188665926813142680828718613040824254812730615240346065823813770,0.355,0.365,0.365,0.295,True,True
2026-07-02,external_validation,113990567325261402289647582107174506826150201713433731767796962107837538586035,0.0035,0.0015,0.0005,0.0015,True,True
2026-07-02,external_validation,22736547277237988789051923583839466877113645155982262308856457474909264315784,0.0025,0.0025,0.0005,0.0005,True,True
2026-07-02,external_validation,29442283718580546643229406039218544806414569142762012347796078586877201126090,0.13,0.195,0.105,0.08,True,True
2026-07-02,external_validation,45026940542758112586767769426403412050489714276955269014315409799381296052710,0.0035,0.003,0.0035,0.003,True,True
2026-07-02,external_validation,50779967896975244613102678296957667933919190169987951219657172497472874477465,0.002,0.0015,0.0005,0.001,True,True
2026-07-02,external_validation,60228382787770757524452556961563201817686529104980109922701927274398339707741,0.0345,0.0325,0.0065,0.014,True,True
2026-07-02,external_validation,6068430130924089515691463261758702808860112290047282134757768105471294096213,0.0075,0.0085,0.0075,0.011,True,True
2026-07-02,external_validation,74150737135240570458240506320783934924163866635774455006147147391927896934878,0.37,0.355,0.425,0.46,True,True
2026-07-02,external_validation,93403031194702005348990291517660362869028424226817874487747153308022653395523,0.085,0.09,0.11,0.195,True,True
2026-07-02,external_validation,95334711974541225296336884672751116609547744601232043532033860813972067884885,0.0045,0.006,0.0005,0.0025,True,True
2026-07-03,external_validation,105162016744015171349800293253716198463578731898185999667373333447707065139847,0.003,0.0025,0.002,0.0015,True,True
2026-07-03,external_validation,113357679433630161024345509129749356276016134013857633848187730651238572350384,0.0025,0.0025,0.0015,0.002,True,True
2026-07-03,external_validation,113782468210576969311646447102134848579441951807674676589279951071738818128133,0.285,0.285,0.445,0.505,True,True
2026-07-03,external_validation,113900840767317207144833229772726494724502527794481612430000907945385415174227,0.0025,0.0045,0.0015,0.002,True,True
2026-07-03,external_validation,50082963990905546850585804878109730850091918951352407944083349869528528096791,0.003,0.003,0.0025,0.0025,True,True
2026-07-03,external_validation,51775781964358814137809934350161501509342852987969863151978314553254339103163,0.033,0.0345,0.0055,0.0095,True,True
2026-07-03,external_validation,51909133697634959528413287176214224631507653461228238689868513552996261805016,0.365,0.365,0.355,0.37,True,True
2026-07-03,external_validation,91608504297029733476969544149020682021002927394317208519948148537112302854415,0.0045,0.01,0.009,0.003,True,True
2026-07-03,external_validation,95036481348275043096907818524225992566627488084426018406116509554007185202240,0.205,0.215,0.145,0.12,True,True
2026-07-03,external_validation,96050229458924659072618027709145865069828811866061327859456588787889224087401,0.11,0.11,0.055,0.039,True,True
2026-07-03,external_validation,96714053932855283827289033907156230893875202930489805212300873957418457328138,0.0745,0.0425,0.0265,0.014,True,True
2026-07-04,external_validation,111521095421432918919967137904018730462656789837268189449924072469510048720320,0.054,0.04,0.014,0.01,True,True
2026-07-04,external_validation,18980869135302823696324187344317965235297791969652130859928907897634007488907,0.305,0.23,0.095,0.085,True,True
2026-07-04,external_validation,24193897546973506337272742792525840585333075294166397597413866886688751362811,0.24,0.415,0.445,0.43,True,True
2026-07-04,external_validation,24955578843130984075297032464160056660845641830792486616181005387985703132900,0.315,0.29,0.375,0.355,True,True
2026-07-04,external_validation,29968045025106696197037659612522591022002861405779916375606782343860326641261,0.0025,0.0015,0.0015,0.0015,True,True
2026-07-04,external_validation,43177454034624556164183106549194473159417858759494016086272402760023537382492,0.0035,0.0045,0.008,0.0025,True,True
2026-07-04,external_validation,49782335939729108641728148884623515331835507684852306159054280862937632087961,0.0025,0.0015,0.0015,0.0025,True,True
2026-07-04,external_validation,50372861404912048835272054080275005645092780440768983234275087328726450106061,0.013,0.007,0.015,0.0145,True,True
2026-07-04,external_validation,58980106291392915317356340669278420561596599668246018507314801989314605515811,0.0115,0.0095,0.0075,0.0025,True,True
2026-07-04,external_validation,84023733771545638431500347924000906701100601326171866880944006321630483638924,0.0025,0.003,0.0025,0.0015,True,True
2026-07-04,external_validation,93174651483811658343724502188696035561568262816159656593031015699826579059038,0.065,0.09,0.08,0.125,True,True
2026-07-05,external_validation,101314313899999012547186030735930993148772234219470559156211612155696201451507,0.23,0.25,0.065,0.0305,True,True
2026-07-05,external_validation,106480783340211096394312744908930824998263188892215965196451921172168823488490,0.38,0.39,0.295,0.145,True,True
2026-07-05,external_validation,28961895605746695993031809340613459362705380911821904278770576080543527059778,0.0035,0.0035,0.008,0.0155,True,True
2026-07-05,external_validation,29759603777140313990044030961662228702340433950850262139390193818073011759900,0.0115,0.0075,0.0645,0.0705,True,True
2026-07-05,external_validation,3842497439035649319580069770591369464041847573179755668391841906710652229951,0.0015,0.0035,0.0015,0.0015,True,True
2026-07-05,external_validation,39432247368629862746189292521692729384156615910564786508380558310477090335479,0.002,0.003,0.004,0.008,True,True
2026-07-05,external_validation,45820616640527552688456956962247141461446695014674861437958591260724131704128,0.0115,0.075,0.007,0.0085,True,True
2026-07-05,external_validation,5462469899563951453485224185266795682973762047084302601273219606978978724857,0.3,0.255,0.37,0.53,True,True
2026-07-05,external_validation,69080620211187761130528779212001540093424402362333555473504954102019434810984,0.0015,0.002,0.0015,0.002,True,True
2026-07-05,external_validation,76747069448045935545702964210715765299150467109866903162588242267841706582555,0.0015,0.002,0.001,0.0005,True,True
2026-07-05,external_validation,90604393632504605077891102794194212305643774899615656856127081759042387630925,0.0995,0.068,0.1705,0.241,True,True
2026-07-06,external_validation,21287837347358398325505771213844101240440866441850793449424565412058363377766,0.0095,0.032,0.036,0.0255,True,True
2026-07-06,external_validation,31419295561943399583165840951425901333897225502276715952563302687033677743376,0.0015,0.0015,0.0015,0.001,True,True
2026-07-06,external_validation,32171820316406162613375886367187744371530440707146626725733115464732164732393,0.0015,0.003,0.003,0.003,True,True
2026-07-06,external_validation,33054032818414881178054781688771929109448570251845203315498720602263282727258,0.008,0.026,0.0055,0.0015,True,True
2026-07-06,external_validation,39103029808711023092572444037405056639614055845197836169607574118590622386222,0.06,0.05,0.0275,0.046,True,True
2026-07-06,external_validation,50137939937943356687752028302132563676425350195462094262093718974631854025087,0.1015,0.0485,0.1655,0.1275,True,True
2026-07-06,external_validation,6171507562619344654252068371855387180956742980170811146806287950138355336631,0.375,0.38,0.365,0.365,True,True
2026-07-06,external_validation,76812632578487544539004405329295179556323038668878215349840662927986610237265,0.315,0.31,0.345,0.375,True,True
2026-07-06,external_validation,77082583978836262477640549154899597959273125867678967729151686633252287333195,0.145,0.19,0.11,0.135,True,True
2026-07-06,external_validation,78274120029983454416029249070532253934604362866599163378202705185335897579150,0.0015,0.002,0.0015,0.0005,True,True
2026-07-06,external_validation,85532895962987507759732343921419939284866546066712553096633802593799602480181,0.0025,0.006,0.0015,0.003,True,True
2026-07-07,external_validation,15207077699769899787532436647298309225932262385125071975155288580064531950540,0.0425,0.011,0.0225,0.0625,True,True
2026-07-07,external_validation,15566176579759215733462538938354830105196755849143157550050345869553664402249,0.08,0.1085,0.122,0.1155,True,True
2026-07-07,external_validation,20354049265734362508171663578136167214790405374304834403150400778049261521832,0.365,0.395,0.37,0.36,True,True
2026-07-07,external_validation,23284624109087501199378099066140858199865539453404709464384879426531448718852,0.0015,0.0055,0.003,0.003,True,True
2026-07-07,external_validation,23501075589652205876136339809789683499398844527150376895343605901181128521464,0.0015,0.0025,0.0015,0.0005,True,True
2026-07-07,external_validation,35897604558312164192521730391267220795908590653851501936448884402178804013293,0.0025,0.0025,0.0015,0.0005,True,True
2026-07-07,external_validation,64510146875674188468743892527524537353956700809667180831462707929317484456156,0.0135,0.1115,0.037,0.0345,True,True
2026-07-07,external_validation,66082588691411812190235695811595760192678480253751331524451284102950741907599,0.205,0.31,0.245,0.39,True,True
2026-07-07,external_validation,6978906342697963288190174563149457083662980593872825017951690124129417977600,0.305,0.105,0.135,0.09,True,True
2026-07-07,external_validation,8324114575116684682754230709171632484402517302802793944569596505328862113531,0.0015,0.0015,0.0015,0.0005,True,True
2026-07-07,external_validation,83660833944131946441850206254559078212246476136867212179168458937877994817913,0.0035,0.0035,0.002,0.0015,True,True
2026-07-08,external_validation,104645722672967784838855640503913144641907502671814007782413733306576372207696,0.158,0.1865,0.117,0.128,True,True
2026-07-08,external_validation,41412297007349268510457379270314354458940970993019053838335959620574773337096,0.01,0.0025,0.007,0.0145,True,True
2026-07-08,external_validation,60579794411620348997870495139088079983042952672998391175679471122237743989296,0.028,0.0355,0.0815,0.0425,True,True
2026-07-08,external_validation,61369420640729457922617105439393936438260829598834200356095590081912423819716,0.002,0.002,0.0025,0.003,True,True
2026-07-08,external_validation,71341470842701834825361871768790913250917988626822313242973109083044544334359,0.003,0.0025,0.003,0.0025,True,True
2026-07-08,external_validation,75905508825590230437172862286412689334643552449585352314574091330424726658879,0.095,0.06,0.155,0.185,True,True
2026-07-08,external_validation,85982216372767205047042086739159815835005246112762310594256920323941848489542,0.0415,0.041,0.021,0.0205,True,True
2026-07-08,external_validation,87699259212769322050433069746217031324279106363193222050666044860246297198455,0.003,0.002,0.0025,0.003,True,True
2026-07-08,external_validation,96012438271350686174034141769516875723012628679374262005065249627087414425326,0.01,0.0125,0.004,0.0065,True,True
2026-07-08,external_validation,98625937043381273033596076160036011091635646847589555601638154818247937015913,0.395,0.41,0.385,0.315,True,True
2026-07-08,external_validation,99958644818014031784857075870041891082703542396184355841211371136147116026751,0.32,0.305,0.28,0.345,True,True
2026-07-09,external_validation,115489883553791990606637901277109476300722233004874367545431289405621605993037,0.032,0.05,0.0345,0.0575,True,True
2026-07-09,external_validation,42930008546487515802406141898878484046806401140598221849209886529680371122085,0.003,0.0025,0.0025,0.0005,True,True
2026-07-09,external_validation,50780362803975383294610164372281771871072278622780053355487492473205102739261,0.375,0.385,0.405,0.405,True,True
2026-07-09,external_validation,50946609493281607170795641070087261655347492039262302055206269746527638432695,0.135,0.115,0.0725,0.0445,True,True
2026-07-09,external_validation,54499418102888661906289813598032273756081950225451698404325560300601853849871,0.163,0.1565,0.2125,0.2325,True,True
2026-07-09,external_validation,62029045522351883490546831297373761904086837351712722940826734539409755490092,0.0035,0.0055,0.007,0.004,True,True
2026-07-09,external_validation,70331628003304852715676025519145268228883220584251774595190868372885603306002,0.003,0.003,0.0025,0.0015,True,True
2026-07-09,external_validation,73659155687678869639281690734376809680725427586797019793831970090123654779059,0.0175,0.0135,0.0065,0.0105,True,True
2026-07-09,external_validation,79213464160871378489096015044991045382529537321335452761329220660245195606227,0.021,0.026,0.015,0.011,True,True
2026-07-09,external_validation,81136890342117581154443007715879094260171649503875386276185943031251957863912,0.0035,0.004,0.0035,0.003,True,True
2026-07-09,external_validation,93016320602458963906937567399103494977078611421248619409670735923640166022414,0.315,0.3,0.285,0.265,True,True
2026-07-10,external_validation,107411166532379945019388687715417200725111612539268371962397448038389085832867,0.21,0.16,0.245,0.265,True,True
2026-07-10,external_validation,109979461198256148093471572802484654370943802012135379069140491395568713027710,0.004,0.004,0.003,0.0045,True,True
2026-07-10,external_validation,2227646052387153701047686427057358010385557846435619629532314641193853515890,0.0995,0.103,0.103,0.0725,True,True
2026-07-10,external_validation,30866925143032489359852587919177172408334043376048916698715971521942241939739,0.0025,0.003,0.002,0.001,True,True
2026-07-10,external_validation,35662567476569901747353074045101366020249056105569534230630475258400477222639,0.0025,0.0025,0.0015,0.0005,True,True
2026-07-10,external_validation,41916500141981192314899637073795772861265161159339191638590888149827240419545,0.2815,0.2965,0.256,0.2325,True,True
2026-07-10,external_validation,4283876527956492098201510637393090335341187321843041024661960407903234966033,0.0195,0.0045,0.007,0.0135,True,True
2026-07-10,external_validation,50179021562962272945727364948256791624643752426047639860038208560925718193239,0.077,0.066,0.0535,0.0765,True,True
2026-07-10,external_validation,52072669069583597856174807488583845779275994639059060927681445837087344394797,0.0025,0.0025,0.002,0.0025,True,True
2026-07-10,external_validation,74358864996310087632101050086259392421569756132177911830758990969407727724031,0.0205,0.022,0.0085,0.008,True,True
2026-07-10,external_validation,90686122131726896542032027472324062163282408735902522897833024822091832395466,0.325,0.365,0.35,0.375,True,True
2026-07-11,external_validation,12202486129953261538710854769023407358742166886291359573636474959943157399378,0.265,0.245,0.295,0.2,True,True
2026-07-11,external_validation,16753595874260746963649223738243095896397630352095313943809435136274424437593,0.066,0.0625,0.0735,0.082,True,True
2026-07-11,external_validation,20522452651739571051082755163734630302568814001461268066121836234193848140406,0.0015,0.0025,0.0015,0.0015,True,True
2026-07-11,external_validation,24288692673035346650574005172248307359504248521186083893601375526491571261771,0.006,0.0165,0.0035,0.0025,True,True
2026-07-11,external_validation,27353055636905557030162608783851260681410269439802076339730990523288966220029,0.0025,0.0045,0.002,0.003,True,True
2026-07-11,external_validation,3029841079654485589325722588593318186538306241976300439746685084087689100222,0.0025,0.009,0.0025,0.002,True,True
2026-07-11,external_validation,32798501913687532568315524472325214838307816811610469001412065305258894242348,0.225,0.225,0.215,0.275,True,True
2026-07-11,external_validation,45212483133360523469711946304222333372009609326989323816925028827614105772158,0.005,0.0065,0.0045,0.0025,True,True
2026-07-11,external_validation,55251699828091513273160009041535451547873965353888597112677152525966095832025,0.0325,0.028,0.0255,0.013,True,True
2026-07-11,external_validation,80301121018890023228083927659568239398232069497450654072668825498370821458891,0.335,0.335,0.365,0.415,True,True
2026-07-11,external_validation,85061650584696792474714006792237502692233204279257910848815344929727823548904,0.095,0.105,0.055,0.03,True,True
2026-07-12,external_validation,108782103491770683351202099782325216514740389006030450487961897021459603448281,0.0355,0.047,0.024,0.029,True,True
2026-07-12,external_validation,112211810584311867494228642975181145824806865171400603388203020326321320729907,0.09,0.115,0.065,0.075,True,True
2026-07-12,external_validation,26259334096610544635203612424993219546096283382878524925509517537534107777906,0.0315,0.027,0.043,0.0255,True,True
2026-07-12,external_validation,26992456795398164577344397341113515128769320323017910645129106552111042752858,0.011,0.0065,0.0305,0.009,True,True
2026-07-12,external_validation,46095712260119894713284935719373971952028329355186544067903152552123442157970,0.0025,0.0015,0.001,0.0005,True,True
2026-07-12,external_validation,59496233564261810548088301891494874905833023800336623360302076464723151780199,0.0045,0.0155,0.0035,0.0025,True,True
2026-07-12,external_validation,59857978102449115502760256319808644252293043248021117366414014095332232460335,0.385,0.38,0.44,0.465,True,True
2026-07-12,external_validation,63221202050491361387783760270778988628371673804652382522709620496628492536548,0.165,0.165,0.135,0.085,True,True
2026-07-12,external_validation,73710085574759158475131556980623803566126293122554254797836088015671927468271,0.0015,0.0025,0.002,0.0015,True,True
2026-07-12,external_validation,82447161950548826972778835312079878981590107923108053472712207879078604223985,0.0055,0.0075,0.0045,0.004,True,True
2026-07-12,external_validation,93192573516703040994013568577877664304522191502254580140961698541159635026014,0.325,0.305,0.295,0.355,True,True
2026-07-13,external_validation,104480586165579781258286316643860214495998517780767105542908139281041683407565,0.002,0.0035,0.0015,0.0005,True,True
2026-07-13,external_validation,107722972653468644539861045863472902856187931590558247572468529602301429841994,0.0015,0.0025,0.0005,0.0025,True,True
2026-07-13,external_validation,111818721431255686614176708033004935941112401433262808580023366567380642843054,0.0155,0.014,0.0075,0.0045,True,True
2026-07-13,external_validation,264605962841251247949911567235189372160019267942237922992153437360974162147,0.0535,0.0795,0.0305,0.011,True,True
2026-07-13,external_validation,27237532924282061737961898210747119587576296652845593521114613670437056731770,0.17,0.21,0.16,0.04,True,True
2026-07-13,external_validation,33390893986910054640162063718206481869270148589936106605879345533729780721029,0.075,0.095,0.085,0.125,True,True
2026-07-13,external_validation,51068117788780577162000346284582106520643119549151675054744952078737057698156,0.445,0.355,0.385,0.36,True,True
2026-07-13,external_validation,55599574927398170043822787406235450872266221511008357376306918014748042037999,0.0035,0.007,0.0025,0.0015,True,True
2026-07-13,external_validation,63636338702540348341159072361165867283901440186616091726283274292391737844500,0.004,0.003,0.0025,0.0025,True,True
2026-07-13,external_validation,76659279118353463642737769485324335981151310669991489037718120554186168486685,0.28,0.285,0.345,0.485,True,True
2026-07-13,external_validation,96689810362776723893224477837456772545161827016212204067154956013040553672270,0.0155,0.0135,0.0345,0.0075,True,True
2026-07-14,external_validation,102520892883191970448052969362582862625253864472443431340298701773849235524618,0.0005,0.0015,0.0005,0.0005,True,True
2026-07-14,external_validation,112811270123909058128388564316112365223404956068228201113475262755116373337166,0.085,0.115,0.09,0.0405,True,True
2026-07-14,external_validation,115081266603689015336241953280375061635283003526037089700216195118157921108400,0.385,0.35,0.395,0.455,True,True
2026-07-14,external_validation,115214342081120978444932319696698866863705723848641170537690356169030539531139,0.0025,0.0025,0.003,0.0035,True,True
2026-07-14,external_validation,32104456283101193356516083953938557619129919145460135422936120237315712158592,0.375,0.315,0.38,0.415,True,True
2026-07-14,external_validation,55914448065191387684040103482321742771733607992990252553954949902408055747076,0.0015,0.003,0.0015,0.0025,True,True
2026-07-14,external_validation,62536664493376932324329668802546104079131774076581368995750617567333096272674,0.0085,0.0085,0.011,0.007,True,True
2026-07-14,external_validation,73813403426773686598362707044228463729445823860633499053812025439048708536448,0.008,0.0135,0.007,0.0085,True,True
2026-07-14,external_validation,87709364866982246955711105706813447996257381337656577305875370850519901426056,0.1355,0.1885,0.133,0.1095,True,True
2026-07-14,external_validation,92000135590463472682340502367151104633215102872751900460864312508207705504512,0.045,0.0615,0.0315,0.015,True,True
2026-07-14,external_validation,99784922376427339536747447788692939667784664983190600355404116817240953016891,0.0025,0.002,0.0005,0.0005,True,True
2026-07-15,external_validation,10278972815665091782535742184158700728969483503235962727981486781710587267102,0.0015,0.002,0.0005,0.0005,True,True
2026-07-15,external_validation,18167120926068506341763629076162208201951647451606189061898610701615217707155,0.415,0.375,0.305,0.25,True,True
2026-07-15,external_validation,28460880616088909190952516256026877097955109210051147875892688530774982091128,0.21,0.21,0.355,0.325,True,True
2026-07-15,external_validation,39119020091573968361851922223254171792745407728891347032185673576826872158796,0.28,0.27,0.15,0.125,True,True
2026-07-15,external_validation,58323376828840183000641417501823040719884378361593084012551137571423446941141,0.0025,0.0025,0.0015,0.0005,True,True
2026-07-15,external_validation,60503758903495126520897233771544045241925737159480261441122498263503658111903,0.0025,0.0035,0.0025,0.0025,True,True
2026-07-15,external_validation,63376607585996409595958084979227258735674713924452789476274027323780103066927,0.0565,0.073,0.033,0.028,True,True
2026-07-15,external_validation,83015810059343608841819799358902206312199787062245661834281029018558034457015,0.017,0.0435,0.006,0.005,True,True
2026-07-15,external_validation,83403804330064740796169410107184584559212300340352964942217211754021534348196,0.0005,0.001,0.0005,0.0005,True,True
2026-07-15,external_validation,83644399871374077962709706550114371621641563823375838371867188922623744392406,0.06,0.06,0.18,0.29,True,True
2026-07-15,external_validation,86650100721822577704561367485485154458034218281921124117515121620769616334893,0.0145,0.027,0.032,0.031,True,True
2026-07-16,external_validation,105231247618707167855291175899184481230224824108056007276808499037212339905607,0.0025,0.0025,0.0005,0.0005,True,True
2026-07-16,external_validation,11569906768907982980767704895579494186632963638907467762131494144493393490472,0.056,0.0325,0.219,0.218,True,True
2026-07-16,external_validation,21344778735058676741407921341371233671453085672389554079201297079245986378960,0.0035,0.004,0.011,0.0355,True,True
2026-07-16,external_validation,23352986315724514920209568940387431975718277072706691828088573564293064146722,0.33,0.29,0.31,0.28,True,True
2026-07-16,external_validation,36152574633663997337246281045320841863719123015504661231962202971159699881080,0.0065,0.0115,0.0035,0.0025,True,True
2026-07-16,external_validation,38050553320496098207623295180606467248474809742914510178202897788318298440516,0.14,0.135,0.285,0.385,True,True
2026-07-16,external_validation,42325645062688337135864445666839732790481830164030419328025090908405307068924,0.0005,0.0005,0.0015,0.0005,True,True
2026-07-16,external_validation,45084621778155370297027577347594308168405335704847216167488899143238094676222,0.135,0.185,0.0475,0.0345,True,True
2026-07-16,external_validation,47507817753937882363899561286254988143927861824583422558181490780248533342838,0.0215,0.0325,0.012,0.0055,True,True
2026-07-16,external_validation,64437558231565356585115633869565364028819770367657624655387737268932548079272,0.0005,0.0005,0.0005,0.0005,True,True
2026-07-16,external_validation,94383695865246628553935917186559213263954854063892404022862620968736692123044,0.295,0.355,0.155,0.09,True,True
2026-07-17,external_validation,105496578282208321591999229630982291385154944300985197960745320774438846078561,0.075,0.175,0.045,0.021,True,True
2026-07-17,external_validation,110474822178059312057691921151560355734030906741697571399738794944662190995004,0.225,0.355,0.17,0.07,True,True
2026-07-17,external_validation,115783562781085135620208171715012559773753265705833102911077444234959471044971,0.0005,0.002,0.0075,0.037,True,True
2026-07-17,external_validation,14832439323147377930848212660383207227234959065813183281966584143715930742929,0.32,0.275,0.205,0.155,True,True
2026-07-17,external_validation,19736793256371242385187663737927608445918251300344648376643135530256736241628,0.049,0.003,0.1605,0.2105,True,True
2026-07-17,external_validation,39300681577258570389454074387641664483778514426961945509403403500130008432495,0.004,0.0115,0.0025,0.0025,True,True
2026-07-17,external_validation,41808531555205527614856925050446979954026905475601985932890004705481793134134,0.0165,0.035,0.014,0.004,True,True
2026-07-17,external_validation,56524854992600491928772953716733160352408742666999688869918048759052709003606,0.245,0.14,0.255,0.265,True,True
2026-07-17,external_validation,78034381314069775908220317745158106654006714571256244895038281439009063390426,0.112,0.0435,0.214,0.3035,True,True
2026-07-17,external_validation,93052471878844764119985515530375111737540363080650546319190725282957712341593,0.0005,0.006,0.0005,0.0005,True,True
2026-07-17,external_validation,94962445418848808995531979662068498615174558858807311051845426080615500215766,0.0005,0.001,0.0015,0.0025,True,True
2026-07-18,external_validation,100736952832514838901485815651971548762330303370739147654524287174490124782858,0.0015,0.002,0.0055,0.0005,True,True
2026-07-18,external_validation,107747384906063797806436204790392145320598909541034227241697118380632225780018,0.06,0.14,0.075,0.0095,True,True
2026-07-18,external_validation,113080820458088789948062982254826148542196086608704623681168553596429390867677,0.255,0.225,0.325,0.36,True,True
2026-07-18,external_validation,16190916356819476850351499780816034664421688351802842084957481718745394207967,0.027,0.0415,0.0185,0.004,True,True
2026-07-18,external_validation,33762398845275585624124782185669028417931054480206529077001449805457279396481,0.225,0.22,0.15,0.18,True,True
2026-07-18,external_validation,34959364784515305126007578476364192957385519971873363482924907702473373471116,0.006,0.001,0.002,0.0015,True,True
2026-07-18,external_validation,46264085069665085138696984906234156698188104697637191124500396633020188819813,0.275,0.27,0.315,0.275,True,True
2026-07-18,external_validation,86225612180650608182779730045896535533122378577532559075678162807695784030363,0.0005,0.001,0.0005,0.0005,True,True
2026-07-18,external_validation,9469521074858658190841394245152429266317536686643231035037739784743623771465,0.037,0.04,0.035,0.0655,True,True
2026-07-18,external_validation,94939898451557450708828787919536728768267867313435768557141509084226459229289,0.135,0.135,0.14,0.16,True,True
2026-07-18,external_validation,9590896934240364116944336795213894931740130851965085421559651536034043961404,0.008,0.013,0.0045,0.007,True,True
2026-07-19,external_validation,108878564100821119058561291215280656679295887958578340808212267949808777791802,0.29,0.285,0.345,0.39,True,True
2026-07-19,external_validation,110849808991809458640433186457807914311430910703918014959030924815701032969169,0.0005,0.0005,0.0005,0.0005,True,True
2026-07-19,external_validation,19162065134202567539967075273322149467949542319755594604821849433211607705444,0.0035,0.0205,0.0075,0.0015,True,True
2026-07-19,external_validation,37203397103756964384504952662608295771451058153147561344903123585428041992861,0.0085,0.007,0.0035,0.003,True,True
2026-07-19,external_validation,38666720675770730559611394393658485700190103187832848513815912669351901360326,0.002,0.0025,0.0015,0.0005,True,True
2026-07-19,external_validation,43512391670742093768892479954440199227507795622869947198191112216552875877075,0.325,0.365,0.265,0.255,True,True
2026-07-19,external_validation,60820473684050121772295451349896381135563272159647854838309116165150182279580,0.135,0.125,0.235,0.27,True,True
2026-07-19,external_validation,74863589924556345164595030949308382474828544894701534405419636872981111217111,0.17,0.135,0.11,0.08,True,True
2026-07-19,external_validation,75427237965055100919970376385267947897548272260948634696799625506233559266114,0.06,0.055,0.034,0.0315,True,True
2026-07-19,external_validation,83238843722751974893431765019408357543514241104798623514944255321419708060906,0.0005,0.0005,0.0005,0.0005,True,True
2026-07-19,external_validation,95167494521382154372565079448977487829374811564264159505247346976409202060321,0.045,0.07,0.06,0.0405,True,True
2026-07-20,external_validation,100272847191347931664487367763810970805585268531296418957098027757414653708831,0.0005,0.002,0.0005,0.0005,True,True
2026-07-20,external_validation,15615436407957897863200404950471010468977267930691514862480114439750572565030,0.0055,0.0165,0.0025,0.0015,True,True
2026-07-20,external_validation,32428501140636939745817082572266054507097083864736947959104844442285977398852,0.023,0.045,0.008,0.048,True,True
2026-07-20,external_validation,43204253992686221005566381622538381507003716671757249486059172190808368957078,0.085,0.13,0.115,0.145,True,True
2026-07-20,external_validation,47795601914452015604217096924225002685122747090511545482290349831842541614778,0.4,0.33,0.455,0.405,True,True
2026-07-20,external_validation,60527324254146771913014203326367731681332217322552432445626499132544748546889,0.0035,0.0035,0.0025,0.0005,True,True
2026-07-20,external_validation,68576229481722627298383699845030325447057198516027491409040528090968934787524,0.035,0.06,0.029,0.009,True,True
2026-07-20,external_validation,69818400540647380416838534020934708200537008112633742828997520074381544779695,0.0005,0.0015,0.0015,0.0005,True,True
2026-07-20,external_validation,69822359841098222315019300893892120049842709423605363423345435698503088484622,0.0015,0.0025,0.0005,0.0005,True,True
2026-07-20,external_validation,78935786363684456842678571414465807747253557126226143484570285693101914811902,0.26,0.305,0.225,0.26,True,True
2026-07-20,external_validation,97246063896587991545235448177708061109918620859922967641973523601695115417263,0.195,0.14,0.215,0.17,True,True
2026-07-21,external_validation,18623773289952632409178669189181168527704214811652290190228970442336242092107,0.027,0.0305,0.017,0.0305,True,True
2026-07-21,external_validation,27937778426954196845130455251475592141966003142248731160243285078636171064047,0.13,0.09,0.135,0.13,True,True
2026-07-21,external_validation,38288051162740589566239195856808473790455240010955635957693952332650141965222,0.0045,0.0055,0.0015,0.011,True,True
2026-07-21,external_validation,48632686259101721697735686839561433174774131991672366921863372087271529110506,0.385,0.375,0.38,0.395,True,True
2026-07-21,external_validation,52573678641536908978268052541860909622164775757252244471618729227745652228695,0.004,0.002,0.0005,0.0005,True,True
2026-07-21,external_validation,60539683809668639779792026263366227015069093120088655388289058364554866096195,0.0335,0.064,0.017,0.031,True,True
2026-07-21,external_validation,63387408393212193617057906909160912333441084891552245068361227391664160026121,0.0005,0.0005,0.0005,0.0005,True,True
2026-07-21,external_validation,81957521895175488765219231146576485895584675647388105289952533674028530178572,0.29,0.265,0.365,0.345,True,True
2026-07-21,external_validation,83151381091121544889229325888643536360868414344435364183174295946521251026730,0.18,0.2,0.115,0.11,True,True
2026-07-21,external_validation,83622122627209329296443977548758857445050922969726007402958521319556384623600,0.002,0.0025,0.002,0.0005,True,True
2026-07-21,external_validation,94533077870874307127934182927049243399860846227716019457500049806259906916441,0.0005,0.0005,0.0005,0.0005,True,True
2026-07-22,external_validation,12074242601027565927332420531163838503613520443256740431295535698671695726384,0.35,0.36,0.355,0.3,True,True
2026-07-22,external_validation,20574061704209012547931182821181103620430305782603309565796242103008931788479,0.16,0.14,0.175,0.18,True,True
2026-07-22,external_validation,22473469040314940698963251334965697112691625932294065714817889380953903998207,0.0035,0.004,0.0015,0.0045,True,True
2026-07-22,external_validation,50596781423917008950342169095564579977017929359407097336622898615242249649702,0.0015,0.002,0.0005,0.0005,True,True
2026-07-22,external_validation,51839161792640744817561446783420161098173570763770910905405077496792538531226,0.1,0.105,0.115,0.06,True,True
2026-07-22,external_validation,53614526114737959033889356297422153518345686513372163152587218564378704056700,0.0005,0.001,0.0005,0.0005,True,True
2026-07-22,external_validation,6134801413620038727286555743752690471763899822751875793799329050238105764194,0.375,0.375,0.375,0.485,True,True
2026-07-22,external_validation,70088884376650481227789528258473295647703582702397795435009733310204251139809,0.003,0.0045,0.0025,0.0045,True,True
2026-07-22,external_validation,86294830653837325630705118942002860976238617799863561581721642864152590183875,0.0465,0.045,0.0195,0.0145,True,True
2026-07-22,external_validation,89296490218077266472557603761957933221113795908359492196794553933606034030151,0.0205,0.024,0.017,0.012,True,True
2026-07-22,external_validation,94868349877659361390650479687314321596147587476149070304079914079721331656406,0.0005,0.0025,0.0005,0.0005,True,True
2026-07-23,external_validation,114232357757738556257624944430608238043252775567793215171697236849211123760622,0.003,0.0025,0.004,0.015,True,True
2026-07-23,external_validation,15536377856489686982790094770001241226179290355522862232498813427979457990654,0.0025,0.0035,0.0005,0.0005,True,True
2026-07-23,external_validation,18993851614326065779885051173847802069200712154731441271852328311998428659523,0.35,0.435,0.195,0.07,True,True
2026-07-23,external_validation,44671522289251846139884679948841786496199854980396981780341416502905962343336,0.127,0.096,0.3225,0.405,True,True
2026-07-23,external_validation,44803526073968701897606129537372390080360794853005743484333911538551092009232,0.029,0.013,0.076,0.0905,True,True
2026-07-23,external_validation,45318046883972389324020392962592428739675784010258831355638777087976247410942,0.0305,0.065,0.0055,0.001,True,True
2026-07-23,external_validation,46370684670636089867861129794294801974728527586387264492509268388855233218084,0.07,0.155,0.032,0.029,True,True
2026-07-23,external_validation,47920761005770657940717260598300852868308806037204982591325925438807244745966,0.375,0.29,0.415,0.415,True,True
2026-07-23,external_validation,52882276451852579929258565804156236516958630754412998207356597489422273345772,0.004,0.0105,0.0005,0.0005,True,True
2026-07-23,external_validation,94435143700955398336036917606823223701457013331893475186879400598861110678360,0.0005,0.001,0.0005,0.0005,True,True
2026-07-23,external_validation,9788492404059502734783124248781637415238478727241168896046694992710938059866,0.0005,0.0015,0.0005,0.0005,True,True
2026-07-24,external_validation,109632043922465801348404240470157078357100681807530996296900539956778718044138,0.0035,0.002,0.0005,0.0005,True,True
2026-07-24,external_validation,110966528323141329750727136269409550590537291659279088503968687655409035082268,0.0005,0.0005,0.0005,0.0005,True,True
2026-07-24,external_validation,24714792610667480848468802174456025623433930716245313506516586863076730845826,0.0185,0.0135,0.011,0.007,True,True
2026-07-24,external_validation,35110154046133592382425317567733304195779006232994914789637861646518559424639,0.375,0.385,0.44,0.485,True,True
2026-07-24,external_validation,48349437066583536144843008044068472033645320209667946459436828460627769484666,0.095,0.097,0.099,0.084,True,True
2026-07-24,external_validation,52671860651529266437164542365041966490166276209042212057347353521599447095850,0.365,0.365,0.41,0.4,True,True
2026-07-24,external_validation,72851677454140837657948709902509189426369134541846566850633491532536920408982,0.0005,0.0005,0.0005,0.0005,True,True
2026-07-24,external_validation,74924706601034530661178611057285299910020294096736573494370225180350162064232,0.135,0.165,0.05,0.049,True,True
2026-07-24,external_validation,8424314029712965697927022241825490403657154080184399698063670431087806681500,0.0005,0.0005,0.0005,0.0005,True,True
2026-07-24,external_validation,85083577837842114034823723274929851586920385974524037801277402882357852703449,0.0575,0.019,0.0205,0.0135,True,True
2026-07-24,external_validation,89007477118421452990097279577457039612527985279104552027050556856871450404179,0.0005,0.0005,0.0005,0.0005,True,True
2026-07-25,external_validation,103701950807774510434918841911118306728667494317242396178942110871687251482924,0.0445,0.058,0.0755,0.092,True,True
2026-07-25,external_validation,18557053854760697514003647299737159691518299088710695700260243226328883278157,0.009,0.0065,0.0255,0.038,True,True
2026-07-25,external_validation,18563683271133532549669607774646849631646496890073477439761001308520922170180,0.085,0.09,0.025,0.015,True,True
2026-07-25,external_validation,23836983117575221447747217028428779594849789309374112584314455380178965503565,0.375,0.38,0.42,0.385,True,True
2026-07-25,external_validation,24243531542409476964839933773319300007175591885132726890360213508167327707562,0.0005,0.0005,0.0005,0.0005,True,True
2026-07-25,external_validation,5034365047267227338119730691210557108429891327525702243093271133815000125500,0.0005,0.0015,0.0005,0.0005,True,True
2026-07-25,external_validation,63205425518615833278880234897551546113505525841431715476715871090337722544617,0.35,0.265,0.225,0.09,True,True
2026-07-25,external_validation,71657299039277562422011544712568494776986214761968940495952038366032118223808,0.0045,0.0055,0.007,0.005,True,True
2026-07-25,external_validation,82238516911421674417886681840818585309271867164285331279262747400123586014381,0.0145,0.032,0.0105,0.0035,True,True
2026-07-25,external_validation,84542988325363771408446692667704546920322320711838344607798204880463046160284,0.16,0.21,0.265,0.425,True,True
2026-07-25,external_validation,85646266537210672860442546889880183774709825440138217396179855672702801038794,0.003,0.0055,0.003,0.0005,True,True
2026-07-26,external_validation,107801146369049819641413257879517377912288973061980354727123373165053828124095,0.0025,0.0045,0.0025,0.003,True,True
2026-07-26,external_validation,112920710757510028524446088357339091413935496630488789548997535104572297185405,0.0035,0.003,0.0265,0.0195,True,True
2026-07-26,external_validation,114970330901361441595459615850821663537125917498002262814948683453747247130039,0.235,0.225,0.125,0.135,True,True
2026-07-26,external_validation,33593498476782936800360583970103131457360648661451726887762443086120267613581,0.195,0.185,0.365,0.395,True,True
2026-07-26,external_validation,41909874140274233441474170087068137086795947700589227160852580155843040912362,0.007,0.015,0.006,0.0025,True,True
2026-07-26,external_validation,42706122336541227187447787401215140823594366396622349018557300668283367140130,0.0005,0.0005,0.0075,0.0005,True,True
2026-07-26,external_validation,73490800877389176347579447214900820497468271873710065430603566562186777863109,0.395,0.445,0.355,0.305,True,True
2026-07-26,external_validation,7888352378459482705175743070719808964181830227495446598810008242762763800977,0.095,0.065,0.06,0.045,True,True
2026-07-26,external_validation,89316705755453152877834819266544409409876545322074455803183133276907577665298,0.085,0.065,0.105,0.115,True,True
2026-07-26,external_validation,90535847756563966834824604541942026636138671848504163101406735367350809816538,0.025,0.025,0.01,0.008,True,True
2026-07-26,external_validation,93517832440400910924776070674171579541757045666283869506426908743748113532942,0.0005,0.0005,0.0165,0.003,True,True
2026-07-27,external_validation,101191317228538290815452103429494611428757340921429194663910865187558437405959,0.18,0.265,0.145,0.07,True,True
2026-07-27,external_validation,21408185818387534796772385120416516887959622859554632963937689769061955987571,0.165,0.075,0.145,0.21,True,True
2026-07-27,external_validation,38454995332290825563076491774311940678654624081390479157778689007242038854422,0.0025,0.003,0.0025,0.006,True,True
2026-07-27,external_validation,41825121706094852220580677262397879652872720744040307670342872234184482205746,0.35,0.355,0.345,0.23,True,True
2026-07-27,external_validation,45744568393655359107715078477001048714657131051021096041751977784453576004985,0.0005,0.0015,0.0005,0.0005,True,True
2026-07-27,external_validation,70872129518629963910926507111207302010710040088062336999344788309459625664612,0.035,0.015,0.025,0.055,True,True
2026-07-27,external_validation,74204386067758450265292412204255801559723755456323527492076942761697342812352,0.0025,0.0055,0.002,0.0025,True,True
2026-07-27,external_validation,78116111843603529062715416041198349104737245132985273411830160212847099127962,0.045,0.075,0.035,0.012,True,True
2026-07-27,external_validation,89045323220904475329142315504256159238699878374649097035850419122214627941141,0.25,0.235,0.34,0.46,True,True
2026-07-27,external_validation,95985779725568888578216963281637416909695382294069756582362469668530410157457,0.025,0.035,0.003,0.002,True,True
2026-07-27,external_validation,97967281418814211414449940128111476811549876048807246938502585792150225704245,0.0005,0.0025,0.001,0.0005,True,True
2026-07-28,external_validation,113927978549662726649526657140372522064930153625833074255826942429508494558814,0.0035,0.003,0.003,0.003,True,True
2026-07-28,external_validation,113979525386617604502548198876999473619850283830076029940396928226923030892311,0.035,0.05,0.025,0.0425,True,True
2026-07-28,external_validation,114441491201914944413173349020673704510725263561519198430277613252331734112643,0.0025,0.003,0.002,0.002,True,True
2026-07-28,external_validation,15537396778719360115617294672438016202800835198420285191880833438291900730104,0.335,0.365,0.305,0.255,True,True
2026-07-28,external_validation,43555715683453206073780282126619233174554749025242934251823286564718471228114,0.0005,0.0005,0.0005,0.0005,True,True
2026-07-28,external_validation,52824174140770268463668833195362853526007613820233413528965978456617332867557,0.025,0.025,0.03,0.0275,True,True
2026-07-28,external_validation,55118172596064806444880063710940948778766310200380470826197859907468913565246,0.355,0.315,0.37,0.395,True,True
2026-07-28,external_validation,55823785956604253278371851861664678195971524288905281943703659670056734307405,0.0005,0.0005,0.0005,0.0005,True,True
2026-07-28,external_validation,6718503028740687985692373288639792506360339093308587203139483577280359639936,0.0105,0.0015,0.0025,0.0055,True,True
2026-07-28,external_validation,70825836709656219370972359324865939337525820832592785429242616368489596051674,0.155,0.125,0.185,0.23,True,True
2026-07-28,external_validation,9480208579291277273633991364628066144615881557393233851535580024275973394386,0.135,0.115,0.135,0.105,True,True
2026-07-29,external_validation,103673947541085148389731343439366045168369751414494222979509456874491697867107,0.08,0.12,0.07,0.05,True,True
2026-07-29,external_validation,29674290996440456569116105589590380733319772278867361211998570456156513899321,0.0085,0.02,0.0055,0.004,True,True
2026-07-29,external_validation,39988627342246071577602182629497953879219148223704595168021196070063571522582,0.0005,0.0005,0.0005,0.0005,True,True
2026-07-29,external_validation,52884213209635655244003927315064790317303965227903706795044440326793081604845,0.0045,0.003,0.003,0.0015,True,True
2026-07-29,external_validation,53818537637084533197196456180806324933831938673049518153246350131963718854449,0.245,0.32,0.245,0.155,True,True
2026-07-29,external_validation,5488639006253333107792103700238282825032407074592087304355753130248197377492,0.175,0.14,0.265,0.355,True,True
2026-07-29,external_validation,55317180445483188870948272681423635794729778132334534067895839085054146261012,0.05,0.045,0.06,0.045,True,True
2026-07-29,external_validation,61535669439745229607707264598121780601962457603542226553009706424257071111381,0.003,0.005,0.0025,0.0005,True,True
2026-07-29,external_validation,77033580782471778375301300799192582696321690464244762138646984129731688692957,0.445,0.36,0.4,0.435,True,True
2026-07-29,external_validation,84095741186033991450676107862871440638906447954868804428142709890701511382072,0.025,0.045,0.015,0.006,True,True
2026-07-29,external_validation,9304218360996329185319258162636329755129197382258326949194469090764584909235,0.0005,0.001,0.0005,0.0005,True,True
2026-07-30,external_validation,109422631651302148690543845166037099369953698754691313406020360381895432605272,0.0075,0.0075,0.005,0.0125,True,True
2026-07-30,external_validation,42417928371365493080706323971165908338841347627774239282859859536358768782537,0.045,0.05,0.075,0.045,True,True
2026-07-30,external_validation,44071091979942477611107931650478160643604444211174880824734634065192072446441,0.0045,0.006,0.0025,0.0015,True,True
2026-07-30,external_validation,45344704697851803058710953791248866320868794863762321782675111420670329398436,0.0005,0.002,0.0005,0.0005,True,True
2026-07-30,external_validation,58611434933612244545065576118202515266934717402653731278586417817646803992658,0.005,0.002,0.001,0.0005,True,True
2026-07-30,external_validation,62036642675795284172554941185359637921534073417034370038249460031160285827269,0.002,0.002,0.0015,0.0005,True,True
2026-07-30,external_validation,70725088996120933887102399927955611486803545037789467557209704840264787975237,0.015,0.035,0.015,0.0145,True,True
2026-07-30,external_validation,81830506033723453332609682368720987448528904645946741410437337471755592313579,0.275,0.28,0.195,0.255,True,True
2026-07-30,external_validation,91646343704739601014456197642723707599644012199600149329272669872378394015682,0.07,0.075,0.055,0.045,True,True
2026-07-30,external_validation,93924783433327919212758005636354911183497678137170970958451451476011306339024,0.225,0.23,0.29,0.295,True,True
2026-07-30,external_validation,95572177408094348974698736173179232312866048807132524302346319456101795942986,0.4,0.38,0.425,0.375,True,True
2026-07-31,external_validation,101179834021686898615891149110394343849932774223932194178372555550633832701758,0.26,0.25,0.395,0.425,True,True
2026-07-31,external_validation,111397422396576795791288002180429421948781474725850750565465755103321372006296,0.345,0.37,0.34,0.28,True,True
2026-07-31,external_validation,14463469615267230748291543830304190725448910324044063602904008161185808337605,0.0015,0.0015,0.0005,0.0005,True,True
2026-07-31,external_validation,28301771440376931420677471601877644202147591088934472811827305501700891594580,0.013,0.015,0.027,0.017,True,True
2026-07-31,external_validation,28999295518061330147224424672861115794321283834063226817306881010680386148324,0.055,0.055,0.02,0.02,True,True
2026-07-31,external_validation,33534074919211837430376419595245846128029746885465271246109281508959600890366,0.0015,0.0045,0.0015,0.0035,True,True
2026-07-31,external_validation,38889098671913880263208489659444416269364344095445817535831258520710496733409,0.0015,0.0045,0.001,0.0005,True,True
2026-07-31,external_validation,58034682386805626361730528237003878868674623562392084656229346651816357484805,0.045,0.07,0.135,0.2,True,True
2026-07-31,external_validation,63814960049091332612658265390975993956101731818519659414900793578152298835811,0.235,0.23,0.095,0.09,True,True
2026-07-31,external_validation,72062650773552217782849831725763195371720636554669443278117626441636711921828,0.007,0.007,0.003,0.0035,True,True
2026-07-31,external_validation,98441518488769553559975049823593640494084077708860051369659103994611252146026,0.025,0.02,0.012,0.0115,True,True
2026-08-01,external_validation,104886666279405297030463591569904585337388035731015428984245588434430007794246,0.0005,0.0025,0.0005,0.003,True,True
2026-08-01,external_validation,105501887123840666866812420273004466557350113768843464792268912128899670688620,0.03,0.065,0.015,0.0255,True,True
2026-08-01,external_validation,12548366170899915606612767430860915099714053478333629992445697225313691536878,0.0005,0.001,0.0005,0.0005,True,True
2026-08-01,external_validation,28139315086328452526250489647951558412824797015630432895508722369404827972338,0.0005,0.001,0.0005,0.0005,True,True
2026-08-01,external_validation,31179595261685300244901003673525780221689368716488603705221926023550765556708,0.4,0.315,0.29,0.19,True,True
2026-08-01,external_validation,34955691993596396570650352596286040706461245374806427751752889104065790417771,0.0125,0.004,0.017,0.0145,True,True
2026-08-01,external_validation,5652094221990759147409205939854083315817790090758014335881040103685901456815,0.015,0.03,0.004,0.008,True,True
2026-08-01,external_validation,59966669360403258740242604301383811445821827721174430230786670931617684943573,0.095,0.08,0.25,0.265,True,True
2026-08-01,external_validation,74686397820308771701152202707082916280032341769820192300519386048617420808660,0.07,0.175,0.055,0.07,True,True
2026-08-01,external_validation,80804663117510256649242841781831833212223169329434359146198308823233945786642,0.385,0.315,0.415,0.435,True,True
2026-08-01,external_validation,93419175313275467059811491020611218611082154751005084968079934446946311299759,0.0065,0.0085,0.0015,0.003,True,True
2026-08-02,external_validation,103498896031063847578042427868742733007647565526149170629288409245138208964518,0.245,0.245,0.315,0.375,True,True
2026-08-02,external_validation,110360548539868492008901687407453932331118136392154605743208927869746455092218,0.011,0.0075,0.013,0.0075,True,True
2026-08-02,external_validation,15706002174610091609637005117406468712920899426232540760963655364317573243596,0.335,0.415,0.36,0.325,True,True
2026-08-02,external_validation,22618072368881552154199428349437266119509180891898817704054573757094733119121,0.015,0.045,0.02,0.02,True,True
2026-08-02,external_validation,35190175233720171430165060552376593363659569558450759598624845344377503577208,0.25,0.18,0.215,0.185,True,True
2026-08-02,external_validation,44186954408141360562911720169190038024926300776876079277002719952590343450464,0.0005,0.0005,0.0005,0.0005,True,True
2026-08-02,external_validation,47631235390973564404721648407911262486477638269896025493997127662433513692971,0.0015,0.003,0.0025,0.0005,True,True
2026-08-02,external_validation,52563227304462965944358876156705061095293139975650640133569016974587947647076,0.09,0.095,0.105,0.11,True,True
2026-08-02,external_validation,8579142816810400789028601875778978231392398000188503493798925967942476874589,0.0005,0.0005,0.0005,0.0005,True,True
2026-08-02,external_validation,9291762593260435887017687404630061206287821428796664718185012714154635165890,0.002,0.003,0.0005,0.0005,True,True
2026-08-02,external_validation,94024381671400142516818917437761642141267458503328651667360617130186136292319,0.035,0.015,0.03,0.025,True,True
2026-08-03,external_validation,101231202218972380685044849208237050982237983031917018282265954492920123454609,0.365,0.335,0.295,0.29,True,True
2026-08-03,external_validation,103706770786575569763618929220573415752200885070028831114384192829835478024327,0.045,0.045,0.04,0.0065,True,True
2026-08-03,external_validation,16505181141727373182112429838975818901479225724422665279640329014603642947063,0.155,0.29,0.125,0.09,True,True
2026-08-03,external_validation,21311590342315979424816124423278721851151972008490925114715845009088036252178,0.075,0.105,0.035,0.025,True,True
2026-08-03,external_validation,2232917078504395407856800968378631859132233195842044906646373263494206121012,0.07,0.03,0.135,0.2,True,True
2026-08-03,external_validation,44972633144039556429664079635427866270946092171035525319334515541883695124701,0.0005,0.0045,0.0005,0.0005,True,True
2026-08-03,external_validation,46472323689894176675497008293827979795087731982727978667580190384625168972381,0.0035,0.0055,0.0035,0.0125,True,True
2026-08-03,external_validation,47098205385613609694588018434727079094651712517149109861647250329529827258787,0.0005,0.002,0.0005,0.0005,True,True
2026-08-03,external_validation,50274973989548374055750966779152939503868692677645828423644626522985222511657,0.0005,0.0005,0.0005,0.0005,True,True
2026-08-03,external_validation,89732524933022302248955326764408605942563031120417649931017713193251145466935,0.315,0.205,0.38,0.405,True,True
2026-08-03,external_validation,91815749005817485700325578603416666527346195693386819830931019428871310198611,0.0025,0.01,0.0075,0.005,True,True
2026-08-04,external_validation,103674076238861774201247047041192320832607085539390975877327434428858776154434,0.0005,0.0005,0.0005,0.0005,True,True
2026-08-04,external_validation,106143348125214562954780543633810372649651323751251375938297946711917712381697,0.225,0.155,0.285,0.395,True,True
2026-08-04,external_validation,107436652172962938068947817334936933405743049735804076501340804908366096307718,0.265,0.27,0.105,0.095,True,True
2026-08-04,external_validation,114747543641479056033059014743473413776178158869602544055259768415678668964469,0.02,0.03,0.075,0.06,True,True
2026-08-04,external_validation,21283083817988538187094523860247361737311916045097950066762774976400749877934,0.115,0.085,0.11,0.11,True,True
2026-08-04,external_validation,27548192200237543495050323196604975103041855181591116561245075239972632311147,0.295,0.335,0.315,0.335,True,True
2026-08-04,external_validation,37879761337710863817566634272825065472918856664067024990051314472805495706138,0.0005,0.0005,0.0005,0.0005,True,True
2026-08-04,external_validation,49105247070267164605584136393766938079253373869552396203346010625189413833157,0.115,0.15,0.03,0.0205,True,True
2026-08-04,external_validation,50404519576029436097889398315175864623700094487112896536765080207776580921613,0.006,0.006,0.0155,0.016,True,True
2026-08-04,external_validation,55568958981493978497338795969317920420217138283927221803790659509398955248115,0.0075,0.02,0.0095,0.006,True,True
2026-08-04,external_validation,93923893524109255509328795397245282712635700254193949237928544503950425977611,0.0005,0.0005,0.0005,0.0005,True,True
2026-08-05,external_validation,18916137104414478325797436636916887078534239917464481229633284171950471537504,0.0025,0.0045,0.0025,0.0035,True,True
2026-08-05,external_validation,20005426146326751356582203261705888843857377362755172247323396124160710493173,0.025,0.03,0.055,0.135,True,True
2026-08-05,external_validation,34243030508156346611561893024313510882035968573398480273234918335931381538871,0.115,0.22,0.025,0.0055,True,True
2026-08-05,external_validation,38913097122869171171350638186133513266357421966570389194773829142481442302377,0.0025,0.002,0.0015,0.0015,True,True
2026-08-05,external_validation,40171512321139994092759440104739732654170857653263515498492874558941310300448,0.007,0.0075,0.0075,0.0145,True,True
2026-08-05,external_validation,51800195974276233241057106416517501370600125420565448037616438118314490472203,0.355,0.225,0.425,0.405,True,True
2026-08-05,external_validation,60358428626434367838867641857238740041721771954382104887583033447089128434659,0.325,0.32,0.15,0.115,True,True
2026-08-05,external_validation,63200797113592313468976641804156354182313276278008948006239010263394105727308,0.0025,0.007,0.0005,0.0005,True,True
2026-08-05,external_validation,63434814069792253913458675042679891581216884426408363502157732785315736642916,0.015,0.03,0.0015,0.0005,True,True
2026-08-05,external_validation,64025320692228438164808725867281611865765732111047357847990344788385425470209,0.165,0.115,0.345,0.355,True,True
2026-08-05,external_validation,84157084569582501074358779655615638743051660901054301679390195634151952636994,0.035,0.07,0.025,0.003,True,True
2026-08-06,external_validation,106028891361560001151252315460103462950848699043990089930172170127360803039902,0.095,0.075,0.035,0.04,True,True
2026-08-06,external_validation,108753420410930678972536820366130788445643495568111709209824023863372441469222,0.285,0.36,0.425,0.425,True,True
2026-08-06,external_validation,109546354912816540117386816291461198147360335414390145222943633851690810233644,0.045,0.04,0.007,0.01,True,True
2026-08-06,external_validation,111713606114984434083124374012123201693482385643874350622315901780815953263818,0.006,0.0065,0.0005,0.0005,True,True
2026-08-06,external_validation,113048453991791541566892763921063553299052892317832237695237783093768660601220,0.014,0.0155,0.0045,0.0045,True,True
2026-08-06,external_validation,13298138770619945722170260926226501650165068900986698828437411752495193688968,0.205,0.245,0.225,0.235,True,True
2026-08-06,external_validation,13701261934309571100639349688014241007997669047899594832141485633442085702852,0.325,0.255,0.275,0.285,True,True
2026-08-06,external_validation,16921054350408524154372375685010830399601670467571535096013674598719529394474,0.085,0.05,0.045,0.035,True,True
2026-08-06,external_validation,28742428434372768666214282534952392679439033143794201515421630457325651963215,0.0015,0.0015,0.0005,0.0005,True,True
2026-08-06,external_validation,54427410750227544094364443744681900031728266647168053274352185068133661680822,0.0015,0.004,0.004,0.0035,True,True
2026-08-06,external_validation,81455131256460304731552994446667035656613194511647695644157467975947931052595,0.0005,0.0015,0.0005,0.0005,True,True
2026-08-07,external_validation,113976938613715902980233592946698972736568352060954723967360092257374719481459,0.0065,0.0215,0.0045,0.0055,True,True
2026-08-07,external_validation,3034873365885786603521223084898192564600530023578872962324490872874872802226,0.34,0.36,0.265,0.285,True,True
2026-08-07,external_validation,3077822658047344203391339377492404757404922681297432263674257857588586499792,0.085,0.075,0.045,0.045,True,True
2026-08-07,external_validation,32249657871332592870138942376031945104694493476041574259695363352624546834932,0.05,0.055,0.07,0.045,True,True
2026-08-07,external_validation,42676625738146981640854336116899134839839160300010517893445902717563031473784,0.004,0.0035,0.003,0.002,True,True
2026-08-07,external_validation,61160836522362146558069457197478206878871458849521195290476331942137582427267,0.0045,0.03,0.005,0.004,True,True
2026-08-07,external_validation,64859313381102806474308876739629427165405116826867958136730331312743721583540,0.415,0.395,0.44,0.445,True,True
2026-08-07,external_validation,72606337868573613650000632174146972706517545316039878041737637407586065411157,0.135,0.12,0.205,0.215,True,True
2026-08-07,external_validation,81615252895662784788953719813509488994722789057860348336012440004932613801645,0.0035,0.0055,0.0025,0.0005,True,True
2026-08-07,external_validation,82950989045365109338673977006298154397225467438404528515050494547689406681781,0.0015,0.0015,0.002,0.0005,True,True
2026-08-07,external_validation,88623376414444420624390148944250081725196306032881163194669482068447135609631,0.0025,0.0025,0.0025,0.0005,True,True
2026-08-08,external_validation,100623882916260116342373097482399920633203948381755330571496156895658396482314,0.003,0.004,0.003,0.0005,True,True
2026-08-08,external_validation,101811848407872730917207400272313981480007536405364777563064354970277578326927,0.405,0.355,0.35,0.395,True,True
2026-08-08,external_validation,105244013167506055492757326719152827982392984033685945185617864573764717435354,0.265,0.225,0.395,0.385,True,True
2026-08-08,external_validation,10983702731444073666519650740986239262301030316171725632499174354313308142761,0.0055,0.015,0.005,0.0055,True,True
2026-08-08,external_validation,111769572490630804298809717819729005928674687339068108339687911312381963361005,0.0025,0.0025,0.0025,0.0005,True,True
2026-08-08,external_validation,11364707020227389105824541507425276580222285363579586758210628463574098279111,0.002,0.002,0.0005,0.0005,True,True
2026-08-08,external_validation,12950036325160304525020292456663792892741201651610586118768963404593133113255,0.07,0.095,0.11,0.035,True,True
2026-08-08,external_validation,17464163129578680798342457568757564704893517893165253509014051019992390909162,0.095,0.125,0.04,0.07,True,True
2026-08-08,external_validation,36419248205693960288274246063660761964465856553433775775325308059363253157346,0.013,0.006,0.004,0.0055,True,True
2026-08-08,external_validation,48032495544359567911982190644917500010925205498977463964495627171157230647672,0.0005,0.0015,0.0005,0.0005,True,True
2026-08-08,external_validation,55329109492696557999026770337069934485864352511166769338029134582201789570658,0.19,0.215,0.15,0.155,True,True
2026-08-09,external_validation,113183676290801724942236165886721139550899307156885891027086040685451165339230,0.0005,0.0015,0.0005,0.0005,True,True
2026-08-09,external_validation,39099628334607864797267888556266676811615322212117878327679135581602446624895,0.045,0.04,0.02,0.0145,True,True
2026-08-09,external_validation,52305806094504188474946333290620622053476165957385092301437192457826222046663,0.175,0.125,0.23,0.26,True,True
2026-08-09,external_validation,63027560503237962233456892803731505456452111138649501247134363205988657901301,0.37,0.41,0.455,0.485,True,True
2026-08-09,external_validation,64646176993802002072427847693079976457686380108229138591222872184455015223712,0.04,0.05,0.025,0.03,True,True
2026-08-09,external_validation,71081380565953290544324303232465417935547919465968453670862538498283554159468,0.003,0.004,0.0025,0.0005,True,True
2026-08-09,external_validation,73473618807116481964020591519101385799987593559872870852283573632789645391570,0.0005,0.0005,0.0005,0.0005,True,True
2026-08-09,external_validation,75359965983867872012489090848581662793896396436113038806470238853339777714719,0.0035,0.008,0.003,0.0045,True,True
2026-08-09,external_validation,85056882879873092259045591012821082555489080436936220741670956581091615542042,0.29,0.275,0.185,0.215,True,True
2026-08-09,external_validation,90758584468096459466050782502902812225625992348561290475026212789765936392108,0.003,0.0015,0.003,0.0025,True,True
2026-08-09,external_validation,95014977684790177782599927588781820159575995214324071777486983644449266573634,0.125,0.135,0.06,0.045,True,True
2026-08-10,external_validation,103695564044886382612733471833930838924446807194914334042755179076350108097243,0.0025,0.0015,0.0005,0.0005,True,True
2026-08-10,external_validation,104232968066910840253545352088135442147865536609683972377137262463067053451181,0.135,0.14,0.255,0.365,True,True
2026-08-10,external_validation,107947905878046432423366817442308280871887261641463007350582061597430855376939,0.005,0.0015,0.003,0.0025,True,True
2026-08-10,external_validation,109919221417918132392005028043998123748836325209033643603952769777346132751520,0.0205,0.0055,0.0105,0.014,True,True
2026-08-10,external_validation,125309551146276152728031026324243796513613799664768558756691908337498953339,0.035,0.045,0.11,0.125,True,True
2026-08-10,external_validation,19058397714219751491068851009787375540816768429406235930095857111610451295610,0.385,0.355,0.215,0.1,True,True
2026-08-10,external_validation,3049343711290665485435337738095034572938214642418323820392620401373418276956,0.375,0.39,0.365,0.375,True,True
2026-08-10,external_validation,31000167016338796176479169075789851602372064337105505348056326976055899705019,0.085,0.08,0.045,0.025,True,True
2026-08-10,external_validation,65871936627633964624645801167515289887877203902774489706758002659928471575972,0.0015,0.0015,0.003,0.0005,True,True
2026-08-10,external_validation,6642280685885496588454212146739603537172221992382598644367220736455733422213,0.0005,0.0005,0.0005,0.0005,True,True
2026-08-10,external_validation,93214097585864869404280171039593238305159673967562919805437227328697744493632,0.008,0.006,0.0045,0.0065,True,True
2026-08-11,external_validation,14973013634500527518761318321279150166596906109781931599787743444799836002324,0.0035,0.0035,0.0035,0.0005,True,True
2026-08-11,external_validation,27799560328774598364551431851470027334392723287242591391477007831703918505540,0.003,0.003,0.003,0.0005,True,True
2026-08-11,external_validation,37462168912976936596895238227833996708280177069296619167124940975732251521643,0.325,0.3,0.44,0.405,True,True
2026-08-11,external_validation,65615202569222156117288829432548407072457591747786363363958538585694950341367,0.405,0.365,0.355,0.38,True,True
2026-08-11,external_validation,76581928499320678764214188802228545555285027695848686410106931813361758217821,0.045,0.065,0.0105,0.025,True,True
2026-08-11,external_validation,78401810633396326003790454427229126085878040294734863882605820505592574677076,0.013,0.0215,0.0135,0.016,True,True
2026-08-11,external_validation,81740531147454602022631803010890649179550708573556400049839435266431474697272,0.07,0.135,0.105,0.105,True,True
2026-08-11,external_validation,89226280262862594524908286003110513715480804311257915229558251553790909159113,0.175,0.14,0.075,0.075,True,True
2026-08-11,external_validation,90970257895682070948513249037616238696145751333376808589740172691683953554612,0.0015,0.0015,0.0005,0.0005,True,True
2026-08-11,external_validation,92933918047952567220567825130961869584132400921585275794779597983988825456537,0.0015,0.0015,0.0005,0.0005,True,True
2026-08-11,external_validation,93407759303137123315842277405930179564419373352581752923926816791738949266902,0.015,0.015,0.0055,0.0005,True,True
2026-08-12,external_validation,100435306730204238539764778691758434446968505249811103670101846747479802411367,0.135,0.125,0.135,0.085,True,True
2026-08-12,external_validation,17271306651452444406220575447104810392959655553358514033390835436015529191737,0.01,0.007,0.012,0.006,True,True
2026-08-12,external_validation,45619675709278335724975696579564615832730340878143992869166522753265085311054,0.0025,0.004,0.003,0.0015,True,True
2026-08-12,external_validation,54646922005132636750888100515178503446752808610001365730558779346981121600890,0.025,0.03,0.035,0.02,True,True
2026-08-12,external_validation,61237343651805179986754234101307009497469936615377195012933256263298753288718,0.355,0.35,0.405,0.42,True,True
2026-08-12,external_validation,70091947764566201094434354490233585203579871775520935540422303323190807225038,0.03,0.045,0.015,0.005,True,True
2026-08-12,external_validation,71406490145666552527798259104925926661639724348871591198925857784650199009010,0.0005,0.002,0.0005,0.0005,True,True
2026-08-12,external_validation,73403297460496948846986320132728359179544273529431297864238924493165562160011,0.115,0.12,0.115,0.105,True,True
2026-08-12,external_validation,88480104186393568809332687319372656453960433058754686998756933824649658664109,0.365,0.385,0.31,0.405,True,True
2026-08-12,external_validation,9683950363581402928034734801891185328988733384097033154651938103767138002841,0.0005,0.003,0.0005,0.0005,True,True
2026-08-12,external_validation,99432867377471935140223119371276948775595861662614507597068469425928214458154,0.0035,0.0035,0.0015,0.0005,True,True
2026-08-13,external_validation,106524816990261022208155348446544279817591142620742268123261920417559166496316,0.0075,0.0075,0.006,0.006,True,True
2026-08-13,external_validation,15565287749497248733157964908465705040912430800771892996255866233243131093757,0.0055,0.006,0.002,0.0005,True,True
2026-08-13,external_validation,5381906894240931185432232807871564219434640141869602163919272578229125099466,0.195,0.155,0.23,0.28,True,True
2026-08-13,external_validation,58207053757512823054171329454173209764657992919540668992782486674480023433764,0.03,0.02,0.0045,0.0045,True,True
2026-08-13,external_validation,60989785810005267652843265918739019857372837152127411436246459717814371794887,0.0005,0.0005,0.0005,0.0005,True,True
2026-08-13,external_validation,68667173840664023570484546426158711022698456069351901977049306624073290582947,0.06,0.085,0.065,0.025,True,True
2026-08-13,external_validation,71171831552862053193428854311785617945182318361082914454856196054259537077741,0.41,0.42,0.43,0.46,True,True
2026-08-13,external_validation,74859378110978657128145661300705798536056797338819304922969469144682462884580,0.0015,0.002,0.0005,0.0005,True,True
2026-08-13,external_validation,87443767678247599131789033381514009343016959197453704295627925436141140803544,0.0035,0.0045,0.002,0.0025,True,True
2026-08-13,external_validation,96570724818376537897093836262297927123117999670831605416610079920212412419629,0.035,0.045,0.025,0.04,True,True
2026-08-13,external_validation,98493426763607331466533530705985918135711921240902145443894135407011246730175,0.31,0.325,0.3,0.225,True,True
2026-08-14,external_validation,101638064409906312705036507435222881453958483802471058626150718073491477665818,0.115,0.06,0.07,0.05,True,True
2026-08-14,external_validation,112901520469505854872352100483113078833885482774657319106975146095872862653838,0.045,0.085,0.045,0.045,True,True
2026-08-14,external_validation,28088322749216717221979124965181016417440088653939780708471016048782217412605,0.0005,0.0005,0.0005,0.0005,True,True
2026-08-14,external_validation,51347889888037591244407771153613437830611386627079014121372777684689587838320,0.007,0.007,0.0015,0.002,True,True
2026-08-14,external_validation,55865315792530401076382543347121431538432185949890062890268999516159449970929,0.175,0.275,0.155,0.165,True,True
2026-08-14,external_validation,69419255949529597585006748717174473015751867414158320658293994864014789032227,0.0125,0.0055,0.0205,0.01,True,True
2026-08-14,external_validation,72406087851392976014633915847105199149393357181885747636286427615807209916624,0.002,0.002,0.002,0.0005,True,True
2026-08-14,external_validation,73569839028362452719023932635570891334198424298520096401021934496044702146909,0.015,0.035,0.0205,0.007,True,True
2026-08-14,external_validation,81902374791627689157175667674609130503444524185405788457842553743929055098349,0.305,0.165,0.365,0.315,True,True
2026-08-14,external_validation,84294906084242651689102306792768382568863764271023951723123609543788123179955,0.38,0.395,0.385,0.415,True,True
2026-08-14,external_validation,91904863787499454134925217595139655878072865396054427185673534953101746389302,0.0025,0.0025,0.003,0.0005,True,True
2026-08-15,external_validation,113736612259236331946435735689764431300809067677906446683219942569894670114589,0.085,0.115,0.13,0.175,True,True
2026-08-15,external_validation,36022718634634075848272761060988996554301019605585307619506802621314143609471,0.305,0.27,0.375,0.415,True,True
2026-08-15,external_validation,37830250977335957914265958280650520396730580553723530729857441323435971504868,0.025,0.03,0.035,0.04,True,True
2026-08-15,external_validation,45987758236012640581041157644707308559280011014213123842088828253746798935719,0.385,0.38,0.275,0.315,True,True
2026-08-15,external_validation,77485353198602312205915210132622906669312071745437209710773668053179587683785,0.175,0.19,0.145,0.085,True,True
2026-08-15,external_validation,80067438304861025947452860112131811721085654069106814871343046317107009813606,0.0015,0.002,0.0005,0.0005,True,True
2026-08-15,external_validation,82734572046102599310456641535913455180137832129805300544467795288475432488219,0.0005,0.004,0.0005,0.0005,True,True
2026-08-15,external_validation,849693018560846135061763455661166851545256886988987328543400759753906855427,0.003,0.005,0.003,0.003,True,True
2026-08-15,external_validation,87327709146307945998454877213581830876873956207622116493489398792834068000492,0.055,0.055,0.025,0.015,True,True
2026-08-15,external_validation,88053871043509097167041071815123319199111263674171110155819121201691410063770,0.0075,0.0055,0.005,0.002,True,True
2026-08-15,external_validation,94768315763044454869851334870703940924983920900977193244461803727772441365839,0.004,0.0035,0.0045,0.004,True,True
2026-08-16,external_validation,13091172054098177545235585379787323280615012074921525160171969820770100402017,0.375,0.385,0.365,0.375,True,True
2026-08-16,external_validation,24648510960180894617825995557383731459059311690368459541360763668740299846495,0.001,0.0025,0.0015,0.0005,True,True
2026-08-16,external_validation,2553264342432160752269550423433587477644242688878738193997885207118408883584,0.0045,0.0035,0.0045,0.0045,True,True
2026-08-16,external_validation,28592676972080246590451368704686667717201437784589821541860545754420139238819,0.0035,0.0025,0.0035,0.0035,True,True
2026-08-16,external_validation,31388976649651112835085953819030188654648031002681474495977113279765705638734,0.025,0.04,0.02,0.025,True,True
2026-08-16,external_validation,41353322748740745621702677606362159900064226370322017249810271941748888932340,0.135,0.115,0.095,0.1,True,True
2026-08-16,external_validation,50407348442432403296574364433173389965859014509094587850822679995504246640618,0.325,0.335,0.375,0.415,True,True
2026-08-16,external_validation,51271557265268924314206023690553948364240777834566464635939833944659107256851,0.0045,0.0055,0.0025,0.0015,True,True
2026-08-16,external_validation,82998186951721368448293387787122049560511990144306808121962597850118540304463,0.115,0.12,0.135,0.1,True,True
2026-08-16,external_validation,88637668432905863879496868461592664712215841580845581336978392922861644269733,0.035,0.025,0.03,0.015,True,True
2026-08-16,external_validation,91901035100294271935434443819523812244962746120081847299270750988689504559850,0.007,0.0075,0.006,0.0065,True,True
2026-08-17,external_validation,10669969695854451178113241919857015353649192034542914773013255562161252913745,0.265,,0.305,0.355,False,False
2026-08-17,external_validation,10706862136202926215042308084915096629848233079582916498067357622798640021361,0.0025,,0.0005,0.0005,False,False
2026-08-17,external_validation,110352741326151127626682653865410280716177636510414901831531390386501707891269,0.07,,0.035,0.085,False,False
2026-08-17,external_validation,114219471117054904811064104148085426655837994276697522955569267603133565002026,0.01,,0.0045,0.0045,False,False
2026-08-17,external_validation,15033042359127461667693206771878548401648561680076330039391209914868725779129,0.0025,,0.0015,0.002,False,False
2026-08-17,external_validation,21267985525951657240042877472736212235330141133340602854016080538809427873837,0.015,,0.015,0.025,False,False
2026-08-17,external_validation,37709103454612151916741662282768102673391354393506825391039367443806217966368,0.0025,,0.0025,0.0005,False,False
2026-08-17,external_validation,75339582538664943073029715241534978241446868166666685239907199990327001887987,0.22,,0.23,0.155,False,False
2026-08-17,external_validation,75425306915941035831166226229137330333518351250194775552316159058068710994234,0.045,,0.04,0.025,False,False
2026-08-17,external_validation,92876370338536990436899401607844973311225246918600940167394700086147318078971,0.375,,0.405,0.395,False,False
2026-08-17,external_validation,96348110748830479575273059948546584155817639550204083396068459965180037296463,0.003,,0.0035,0.0035,False,False
2026-08-18,external_validation,114642344158329801754538744059928432816125916649807438707846847182150648990058,0.15,0.225,0.085,0.115,True,True
2026-08-18,external_validation,29614244972583972134434290006692685586367051424416919783791290711428297474432,0.0025,0.0045,0.001,0.0005,True,True
2026-08-18,external_validation,29992288872423155236420990736015216750162565318197072026457337450001855014522,0.325,0.305,0.335,0.38,True,True
2026-08-18,external_validation,32310133051001242342554687547373229315800693551329138363108718607043296944867,0.345,0.345,0.415,0.41,True,True
2026-08-18,external_validation,51540184784051107025374580755955380753496668539984863094808206450503849850799,0.0035,0.004,0.0045,0.003,True,True
2026-08-18,external_validation,6541544536080884470183602461295973009748439608813838300483188833433972869993,0.125,0.095,0.095,0.1,True,True
2026-08-18,external_validation,66889282435649052249928893496316677495422250883194216241309372126884110512182,0.0015,0.002,0.0015,0.0005,True,True
2026-08-18,external_validation,6830252992053944758723487868542506441161653602698749876069488297893301041133,0.015,0.015,0.025,0.015,True,True
2026-08-18,external_validation,86152950780693222784562357210654384428306094265231814818839027434512439070855,0.0065,0.0085,0.0035,0.003,True,True
2026-08-18,external_validation,86619397698137873406316003885983989408651529107987790169882610884936409622270,0.0015,0.0055,0.001,0.0005,True,True
2026-08-18,external_validation,98698927379125042321302591310323035555906170332867102116142583906558906843712,0.035,0.05,0.015,0.035,True,True
2026-08-19,external_validation,22035197042175997224688387092475498882134196620963085219500762487742688766322,0.025,0.055,0.025,0.035,True,True
2026-08-19,external_validation,26171325124260261302845216196317281163263064386376393633847407882261116771095,0.0005,0.0005,0.0005,0.0005,True,True
2026-08-19,external_validation,26608738735491256397940602597653872917997542092536450842267564894470029475768,0.0005,0.01,0.0005,0.0005,True,True
2026-08-19,external_validation,31152236890570383265476952958677544713529012177132943234399070941333343148308,0.004,0.0065,0.004,0.0055,True,True
2026-08-19,external_validation,38141300999762055557149243742135311017386411587898741296758815383145452866981,0.125,0.12,0.18,0.2,True,True
2026-08-19,external_validation,49105024998111384940110173887525025256443218499209994530011924748898468617348,0.335,0.33,0.395,0.36,True,True
2026-08-19,external_validation,70692011098223905477976962315895868413401891676253284460494479128747820305259,0.345,0.345,0.325,0.27,True,True
2026-08-19,external_validation,76240273181440865735514862413371396664990046878014298968463976480449688246129,0.03,0.025,0.045,0.055,True,True
2026-08-19,external_validation,87466855212928509902246270941792748586877939626254283209143094191975831062622,0.002,0.002,0.002,0.0005,True,True
2026-08-19,external_validation,9444139194544805760864851141532358422943563506454625896526053106353876178205,0.115,0.165,0.075,0.12,True,True
2026-08-19,external_validation,9654116184254725483194727632610607832735780621782474167225369219533360588856,0.0055,0.01,0.005,0.0045,True,True
2026-08-20,external_validation,111151701496526364145632689092920700311312234227686686257437759057359451755684,0.385,0.355,0.365,0.325,True,True
2026-08-20,external_validation,17451185280062123769436336453786841133739396125191507597570004508570882617953,0.0045,0.0085,0.0005,0.0005,True,True
2026-08-20,external_validation,38771178651744000164071766987106980721970640279869435230238775784599491074506,0.003,0.0055,0.003,0.0035,True,True
2026-08-20,external_validation,39360349618288731524582658305666179477294079496985661282116404073898867761128,0.0005,0.0025,0.0005,0.0005,True,True
2026-08-20,external_validation,3954185389811372900260184691237248172803148041099157483518071135351408384109,0.27,0.18,0.275,0.37,True,True
2026-08-20,external_validation,43062643290514196392570686232212691699239228993546194081273457250282037176940,0.0045,0.0045,0.013,0.0035,True,True
2026-08-20,external_validation,45216873618837125099804109021409267137172722653354279581147205598756431072056,0.075,0.045,0.055,0.125,True,True
2026-08-20,external_validation,46104958208809555337685800744531549102135610623099054852388829094974864397418,0.055,0.115,0.055,0.025,True,True
2026-08-20,external_validation,72897047068142029929586890714892582585923241481617915435576443968156073060170,0.225,0.305,0.255,0.205,True,True
2026-08-20,external_validation,90608798689375282129513396449375847933499245702879484599454138903323656711946,0.015,0.045,0.004,0.007,True,True
2026-08-20,external_validation,95248408468545193312825624108004291343816192846477103684998410420568855781446,0.0015,0.0025,0.0005,0.0005,True,True
2026-08-21,external_validation,103737665751028227832094720254363710404636444498195507705356740556470736445240,0.0035,0.006,0.0015,0.0005,True,True
2026-08-21,external_validation,10403955382845535755760125301889079885422599778012132267818600846674800344698,0.115,0.095,0.035,0.045,True,True
2026-08-21,external_validation,113496142073122851637732928664355077171884157658178875833462681223022627881989,0.065,0.06,0.095,0.135,True,True
2026-08-21,external_validation,20393598481237385706099379662466126572992295415209110242506457702337467715431,0.225,0.225,0.275,0.295,True,True
2026-08-21,external_validation,24558023917723124511019834179903351885079110921552019711168578284324654250176,0.035,0.0055,0.005,0.0135,True,True
2026-08-21,external_validation,32367816124563403736871995500732760730788041822509271043397750322446678570055,0.295,0.395,0.335,0.365,True,True
2026-08-21,external_validation,58129617006846783828967625651970307147998833118043593080017530563004269531715,0.295,0.25,0.245,0.185,True,True
2026-08-21,external_validation,73973176621438993937947901816750267195612530196496760880045628410348965749504,0.015,0.015,0.02,0.0095,True,True
2026-08-21,external_validation,77971493795810835195852294492957239551363552269628520724951221971884845301291,0.006,0.01,0.0045,0.0045,True,True
2026-08-21,external_validation,83080235384637534335093439401427346098397906920053624511387050572111452236826,0.0005,0.0015,0.0005,0.0025,True,True
2026-08-21,external_validation,92417116346107979915951985010208640727011222027228870612169594718813299275461,0.0005,0.0015,0.0005,0.0005,True,True
2026-08-22,external_validation,100674019928014740372101454174055810001979833771127238325427131685643408029568,0.385,0.385,0.26,0.315,True,True
2026-08-22,external_validation,2676765980830133703953151091849816166316760483951110578448174986977391527409,0.285,0.28,0.425,0.415,True,True
2026-08-22,external_validation,42969568951079671630718112940687633585246145030080173897261268916310329428627,0.008,0.009,0.008,0.037,True,True
2026-08-22,external_validation,59831442398582728761811936841238609737848611875116145624631050670687897876529,0.065,0.075,0.135,0.11,True,True
2026-08-22,external_validation,76214528990040519332163877522143718686448860041692027547171079745913877568365,0.0115,0.0065,0.0045,0.0065,True,True
2026-08-22,external_validation,80940594257087657148629662743535438665987962556716285792380256000272972945150,0.0025,0.0025,0.0005,0.0005,True,True
2026-08-22,external_validation,83106592863908628275422060409245985934400792813433863079902286648521026980537,0.21,0.205,0.185,0.13,True,True
2026-08-22,external_validation,85214731435589910660533981641170465863430395221018176201570902612906180731855,0.003,0.003,0.0005,0.0005,True,True
2026-08-22,external_validation,9327486442567600942272531110165230731111972345272557631369492932999992985318,0.055,0.055,0.025,0.013,True,True
2026-08-22,external_validation,94160078256324283557196435765967331836788501796715754604096318028358792503597,0.0055,0.006,0.0015,0.0015,True,True
2026-08-22,external_validation,95129915587210997705655438299962119774304496762967806963710306823665658390374,0.0065,0.0075,0.0025,0.003,True,True
2026-08-23,external_validation,112459394224705371225385486241469389183916323771189903530708958059929490945356,0.005,0.0075,0.0055,0.008,True,True
2026-08-23,external_validation,113627196179415877767991409018224926663224967600628319758698628858978793616812,0.065,0.025,0.015,0.006,True,True
2026-08-23,external_validation,18119182991350411421731825849056679798513658512102981280013932593634381010469,0.23,0.185,0.195,0.165,True,True
2026-08-23,external_validation,32651813119565924018665483793127777784471223553733256205099847402715013540414,0.0015,0.0015,0.0015,0.0005,True,True
2026-08-23,external_validation,3921343128798516890771470740887480870594636537115688774635327637508208645502,0.115,0.065,0.055,0.045,True,True
2026-08-23,external_validation,44657847690799413504380314511333152520386470385427356917484832873598916742685,0.0015,0.005,0.0005,0.0015,True,True
2026-08-23,external_validation,52465195031128234920850150154115967817030388381114729948688830239248891265990,0.1,0.115,0.075,0.12,True,True
2026-08-23,external_validation,65975181336668422223428480467948301025571165603013004647075721375274853699477,0.235,0.34,0.315,0.355,True,True
2026-08-23,external_validation,7523610130656667668814243837208113597611770966800913758424072002951162370761,0.0065,0.006,0.004,0.003,True,True
2026-08-23,external_validation,87213433981902773561348692111420950946265411917196455808851656862865137904531,0.0015,0.0015,0.001,0.0015,True,True
2026-08-23,external_validation,92318611615611573947971129436839768673298875078402610281288782176335875948905,0.27,0.28,0.365,0.315,True,True
2026-08-24,external_validation,101285285093456613628844322369223453903321517780512448955961911452969682819692,0.035,0.035,0.035,0.045,True,True
2026-08-24,external_validation,14119108688361806638453390257635765157981453648215736806267483198145571990364,0.015,0.02,0.015,0.0085,True,True
2026-08-24,external_validation,1517005430157043912934118807587797488645290028538819202094009670103618384276,0.105,0.1,0.115,0.245,True,True
2026-08-24,external_validation,33119205431704715963620538354241069905185728168427850884252162530783179994684,0.32,0.315,0.305,0.275,True,True
2026-08-24,external_validation,3387326433728375454346370954504929818638944779650855291249254017109655620456,0.0025,0.0025,0.0025,0.002,True,True
2026-08-24,external_validation,45360870016442424690732965354199795646800529864228218588170213970156070784125,0.195,0.175,0.13,0.08,True,True
2026-08-24,external_validation,54584330908540581886883563485535622523886914497627601508473119470775852295179,0.0025,0.0015,0.0025,0.002,True,True
2026-08-24,external_validation,6073205538241499225754135430359174515029438082197994756932818883087869373088,0.025,0.055,0.015,0.0055,True,True
2026-08-24,external_validation,6991479410993822622293767905073268643758445073527576584819158442230913381056,0.0045,0.006,0.004,0.003,True,True
2026-08-24,external_validation,79746106256613503487538041240800381532286368772476116862851276992099510864412,0.0035,0.0035,0.0035,0.0025,True,True
2026-08-24,external_validation,91177438327094972465792816489319045078864335684968286327388471405095817930097,0.31,0.31,0.37,0.385,True,True
2026-08-25,external_validation,106631526428505885326258039720844575106171246456199269582471546993353692962074,0.002,0.01,0.003,0.003,True,True
2026-08-25,external_validation,107553550106262611238312281890724544751231004787687614189592712742044747417250,0.225,0.225,0.305,0.425,True,True
2026-08-25,external_validation,14031502378169632665888528850704799044494111734797361856246753109713023247446,0.064,0.0605,0.086,0.11,True,True
2026-08-25,external_validation,20590475190753857352120730551924351515869036586220239242589299397431764444978,0.0015,0.004,0.0005,0.0005,True,True
2026-08-25,external_validation,23562231070546840975173619668221806893043738993816552506986195918890141300650,0.035,0.05,0.0065,0.002,True,True
2026-08-25,external_validation,33353250476575161808470901198572741468843224639667092878770833902595860626883,0.23,0.245,0.155,0.095,True,True
2026-08-25,external_validation,50550123826908821764343892415814934915774811342200352549176370467392871313711,0.0055,0.0035,0.0105,0.0155,True,True
2026-08-25,external_validation,51032276367233041852047655524358633436383880892041345056424831090590692334699,0.0045,0.02,0.0015,0.0005,True,True
2026-08-25,external_validation,60796745895461892890243756514741106582267856620634063032540870708772909797347,0.295,0.3,0.365,0.35,True,True
2026-08-25,external_validation,73186557777129074061593982217291156379217304210286379109108208656774061241314,0.145,0.155,0.055,0.03,True,True
2026-08-25,external_validation,88258386643124141265552618255527928022525562945964212981309657735074769054330,0.0015,0.004,0.0015,0.0005,True,True
2026-08-26,external_validation,100945577399482988240054781191459522569859067961812951718423291799276889288737,0.001,0.001,0.0005,0.0005,True,True
2026-08-26,external_validation,101122734782269491585360194942849529374909626523156469671586938519197564510212,0.315,0.33,0.335,0.35,True,True
2026-08-26,external_validation,103647669095441456299795302845805300630966082206248229954492172166623337840666,0.001,0.001,0.0005,0.0005,True,True
2026-08-26,external_validation,11800395042685523412750363987566082539677441257393896858166797548702981796888,0.17,0.195,0.115,0.125,True,True
2026-08-26,external_validation,17692007850927708197428611795896882914036880522824225257741798632187882567522,0.11,0.135,0.135,0.085,True,True
2026-08-26,external_validation,20951310521459103577829353295547896038645706454873498928345103881849619738114,0.345,0.29,0.38,0.435,True,True
2026-08-26,external_validation,35506778594115381328583483683585503782482646160806895229831142580766873202791,0.0005,0.0005,0.0005,0.0005,True,True
2026-08-26,external_validation,50298874310213803693521791467473772949900017222132257949549771292949270646889,0.03,0.05,0.025,0.025,True,True
2026-08-26,external_validation,59382199243889826315902119924690796978332834868568650491070268804278120683278,0.005,0.01,0.0015,0.0045,True,True
2026-08-26,external_validation,65538943284421556971276137560546036039344151861868368413755731508170474062410,0.0045,0.005,0.0035,0.0015,True,True
2026-08-26,external_validation,74448820316777642897821469154836659426355212411264641485227275524198570986133,0.025,0.03,0.025,0.0015,True,True
2026-08-27,external_validation,104525901900438056278123225905980745310564408249422345866274025897492258210869,0.03,0.02,0.03,0.065,True,True
2026-08-27,external_validation,24544835576745576116552325257405938402081940625546461705583311054968250285606,0.0055,0.015,0.002,0.0005,True,True
2026-08-27,external_validation,36516424907913899715221342105588814369258256231836986228180429255052050076584,0.24,0.11,0.205,0.205,True,True
2026-08-27,external_validation,44412902320467362389850232491163922757136272246311863312750293950682310333119,0.095,0.195,0.105,0.095,True,True
2026-08-27,external_validation,87432047950477457918695038721794252906240368604683090353850376023855409650179,0.03,0.045,0.015,0.015,True,True
2026-08-27,external_validation,87837487535848522560211655193160330628598706778390311326777943502574826828836,0.345,0.305,0.36,0.325,True,True
2026-08-27,external_validation,91661487392833487519828534410874977465020783322576782945515705975965209965328,0.0005,0.0005,0.0005,0.0005,True,True
2026-08-27,external_validation,94710549731253867325047149468104074985997720495752106459639930784131734617172,0.0025,0.0045,0.003,0.0045,True,True
2026-08-27,external_validation,98103053086476373543240240984854512903758823237739636225260270026241968088237,0.0005,0.0005,0.0005,0.0005,True,True
2026-08-27,external_validation,98460794821021241496107192391418214660354938576040875220949840512139233159762,0.0025,0.0025,0.003,0.0005,True,True
2026-08-27,external_validation,99487125527504535277166629530126932445618357418915930540389692858013788683727,0.305,0.365,0.31,0.26,True,True
2026-08-28,external_validation,102009220840475618399815519205208215165796883464330671664671181624970510627193,0.013,0.013,0.0015,0.0005,True,True
2026-08-28,external_validation,112341651466607296015470742658555785504656920072196232819615569572151207309327,0.055,0.11,0.025,0.0095,True,True
2026-08-28,external_validation,25368066513820437750646970742016864255940392049454742121474273514826065860003,0.0115,0.0045,0.006,0.0115,True,True
2026-08-28,external_validation,36067970781681325676454615505020524456147094178555692238810657972645368927898,0.33,0.35,0.365,0.34,True,True
2026-08-28,external_validation,38291669897092396877097081599300439025188167614269904354785675258234038906164,0.275,0.23,0.215,0.155,True,True
2026-08-28,external_validation,4618866963842650071064259652872768281112900355902745650754957312920751359613,0.002,0.002,0.0025,0.0005,True,True
2026-08-28,external_validation,51350049012486498533137877214976166020737244708213786033578601268505057536968,0.09,0.075,0.095,0.11,True,True
2026-08-28,external_validation,53495858207073932829113899077782882633460684286479283247154122930324043359255,0.265,0.23,0.28,0.37,True,True
2026-08-28,external_validation,61999550994551762924083289655050413996627040261011262025780684042639483640126,0.0005,0.0005,0.0005,0.0005,True,True
2026-08-28,external_validation,63586954677048042724400609550539905427558777741297259596121411955707362304981,0.0005,0.0005,0.0005,0.0005,True,True
2026-08-28,external_validation,73713951214661527947151855481879479636564527911273263859425376903351176440506,0.003,0.0025,0.003,0.0015,True,True
2026-08-29,external_validation,102173637404509937275968091152283632914279080202478643079784461043795593852338,0.035,0.06,0.01,0.0065,True,True
2026-08-29,external_validation,104586343250112446176964748117457701748473051237889150692700367782836777870636,0.0025,0.003,0.001,0.0005,True,True
2026-08-29,external_validation,12527472065717814862204962092751606117321671849618095218705088455012944631788,0.0025,0.003,0.002,0.0005,True,True
2026-08-29,external_validation,17393056408497015685498857347712159348175706259000715406744084138694797358905,0.31,0.285,0.315,0.35,True,True
2026-08-29,external_validation,1822658408751409656905372706154506529730047337569115538871974827014700810049,0.345,0.345,0.345,0.355,True,True
2026-08-29,external_validation,20521596224097518935932249859281504231677971549326416921671600774956023451194,0.0025,0.015,0.001,0.0005,True,True
2026-08-29,external_validation,46073669088692592148787812229700429199673303826532262074518627205498878144501,0.0045,0.004,0.0045,0.004,True,True
2026-08-29,external_validation,63883221578020754818427803132753751888565871405765441148017869804341492273643,0.025,0.015,0.045,0.0145,True,True
2026-08-29,external_validation,72268842261362989424843144131853141845153986292452000187418753038276437117444,0.006,0.03,0.0085,0.004,True,True
2026-08-29,external_validation,79882854192922614365130613103906018282800566382129252748154160955338447717606,0.155,0.165,0.115,0.12,True,True
2026-08-29,external_validation,9006737195117596221082780667303391733986362269494750873391108961601090663947,0.165,0.145,0.175,0.135,True,True
2026-08-30,external_validation,17576167770765427413536883711550611735500170358955781909639554649049476335225,0.02,0.03,0.005,0.0005,True,True
2026-08-30,external_validation,24626220247993965374178354650280891193870457442230600628093009718031792716473,0.0005,0.0005,0.0005,0.0015,True,True
2026-08-30,external_validation,26268173819511299325634862520419996103446182338186120520978670027557936394279,0.285,0.285,0.405,0.37,True,True
2026-08-30,external_validation,30723834681008824482906388677219657208585207481520875767340293211763377830298,0.035,0.06,0.025,0.0115,True,True
2026-08-30,external_validation,42622157867431053196087831529092506375142318396228171562178730313289219210678,0.0105,0.0005,0.0035,0.0035,True,True
2026-08-30,external_validation,45210345324475656003589684302423077914805818692662026352900554651988267634885,0.175,0.115,0.09,0.02,True,True
2026-08-30,external_validation,47622566833710776166471767973894398035086021170226895697087298687287905804417,0.295,0.355,0.285,0.17,True,True
2026-08-30,external_validation,47901435613767030871389712036331923923354373125326612776245219909208859401623,0.135,0.19,0.18,0.42,True,True
2026-08-30,external_validation,60314657652280636080658306961013887505049569427807364351141925719693195195224,0.003,0.003,0.0005,0.0005,True,True
2026-08-30,external_validation,70738564273825149959149671625490510409556860525603201918976672981139028797763,0.035,0.035,0.035,0.019,True,True
2026-08-30,external_validation,8776524279594082118720755001082464067566112448260461602895068978853006199483,0.0005,0.0005,0.0005,0.0005,True,True
2026-08-31,external_validation,107247002716017061845259951171487605119487555920878650146057053474479920916731,0.015,0.045,0.02,0.015,True,True
2026-08-31,external_validation,110055446390231634147058872470356085348355267195625734163358916067855814260931,0.0025,0.0025,0.001,0.0005,True,True
2026-08-31,external_validation,112587786381405441729726856079708418395182031509545498228208959354319918038995,0.315,0.335,0.33,0.355,True,True
2026-08-31,external_validation,21164815222617595454016463351215322885615441030711287471031538535108233392042,0.185,0.185,0.245,0.25,True,True
2026-08-31,external_validation,33198092014293061309024103409257032806616635467712485361637701171687406822730,0.006,0.0055,0.005,0.0015,True,True
2026-08-31,external_validation,44604232874572097247364310610883753516806995690353721373932514909827544960319,0.0025,0.0025,0.0005,0.0005,True,True
2026-08-31,external_validation,51845868909601867110878888591317426898303018390898966904450436877268596167017,0.025,0.04,0.0065,0.0015,True,True
2026-08-31,external_validation,62048751611412237167105647906992216359491829443373047877383302802261726746138,0.065,0.055,0.055,0.055,True,True
2026-08-31,external_validation,63300343711332377281055074793780055285811608739282598506972797005669722959311,0.305,0.295,0.32,0.34,True,True
2026-08-31,external_validation,705361092278532278197263589037898004754221750085740241258926789742070240086,0.13,0.095,0.055,0.025,True,True
2026-08-31,external_validation,87633008205510772331301168290080133747150913150186211384043677083093798718634,0.005,0.005,0.0015,0.0005,True,True
