event_date,empirical_period,decision_rule,probability_source,probability_column,market_id,event_rank,group_item_title,contract_event_type,lower_bound_c,upper_bound_c,model_probability,market_raw_yes,probability_gap,second_best_gap,selection_margin,target_available,Y,hko_daily_max_c,raw_temperature_c,static_mean_c,static_sd_c,selected_gp_mean_c,selected_gp_sd_c,record_age_hours,decision_cutoff_utc,selected_price_timestamp_utc
2026-03-19,market_development,24h_prior,selected_gp,p_selected_gp,1609346,8,26°C,interior_bin,26.0,27.0,0.2496154783968046,0.175,0.0746154783968046,0.027240183893448094,0.04737529450335651,True,0.0,28.1,25.9,27.3065982405,1.5733951503,26.122464062,1.5242447516,0.9905555555555556,2026-03-17T16:00:00+00:00,2026-03-17T15:00:34+00:00
2026-03-21,market_development,24h_prior,selected_gp,p_selected_gp,1626012,6,23°C,interior_bin,23.0,24.0,0.260842871338768,0.145,0.115842871338768,0.09557402440266449,0.020268846936103507,True,0.0,22.3,22.7,24.1065982405,1.5733951503,23.7763288252,1.4755530017,0.9883333333333332,2026-03-19T16:00:00+00:00,2026-03-19T15:00:42+00:00
2026-03-22,market_development,24h_prior,selected_gp,p_selected_gp,1638205,6,23°C,interior_bin,23.0,24.0,0.1491403995414612,0.1,0.04914039954146118,0.04485189079181398,0.004288508749647202,True,0.0,25.4,24.7,26.1065982405,1.5733951503,25.117866367,1.5059736032,0.9852777777777778,2026-03-20T16:00:00+00:00,2026-03-20T15:00:53+00:00
2026-03-23,market_development,24h_prior,selected_gp,p_selected_gp,1649221,8,26°C,interior_bin,26.0,27.0,0.2498018323873463,0.17,0.07980183238734628,0.05451829779071839,0.025283534596627896,True,0.0,27.4,25.8,27.2065982405,1.5733951503,26.2197178841,1.5448382064,0.9872222222222222,2026-03-21T16:00:00+00:00,2026-03-21T15:00:46+00:00
2026-03-24,market_development,24h_prior,selected_gp,p_selected_gp,1660893,6,24°C,interior_bin,24.0,25.0,0.1348433327459633,0.0405,0.0943433327459633,0.0652784337437472,0.029064899002216094,True,0.0,26.9,25.8,27.2065982405,1.5733951503,26.2692104514,1.5500963186,0.9908333333333332,2026-03-22T16:00:00+00:00,2026-03-22T15:00:33+00:00
2026-03-25,market_development,24h_prior,selected_gp,p_selected_gp,1670883,10,28°C or higher,upper_tail,28.0,inf,0.6552582311951983,0.555,0.10025823119519828,-0.0034999705629331166,0.1037582017581314,True,1.0,30.0,27.8,29.2065982405,1.5733951503,28.6369774051,1.5942129155,0.9933333333333332,2026-03-23T16:00:00+00:00,2026-03-23T15:00:24+00:00
2026-03-26,market_development,24h_prior,selected_gp,p_selected_gp,1680835,7,25°C,interior_bin,25.0,26.0,0.2313316122100774,0.075,0.1563316122100774,0.08570336769151729,0.07062824451856012,True,0.0,28.4,25.6,27.0065982405,1.5733951503,26.1572187171,1.5551824314,0.9908333333333332,2026-03-24T16:00:00+00:00,2026-03-24T15:00:33+00:00
2026-03-27,market_development,24h_prior,selected_gp,p_selected_gp,1690234,6,25°C,interior_bin,25.0,26.0,0.2208690948851429,0.085,0.13586909488514287,0.12422833123436641,0.011640763650776459,True,0.0,26.2,25.7,27.1065982405,1.5733951503,26.3049900717,1.5619805626,0.9877777777777778,2026-03-25T16:00:00+00:00,2026-03-25T15:00:44+00:00
2026-03-28,market_development,24h_prior,selected_gp,p_selected_gp,1701884,7,25°C,interior_bin,25.0,26.0,0.224556021313339,0.12,0.10455602131333899,0.0841901203874594,0.020365900925879588,True,0.0,27.4,25.6,27.0065982405,1.5733951503,26.247505123,1.5643043958,0.9872222222222222,2026-03-26T16:00:00+00:00,2026-03-26T15:00:46+00:00
2026-03-29,market_development,24h_prior,selected_gp,p_selected_gp,1714954,6,25°C,interior_bin,25.0,26.0,0.2389815523058552,0.0675,0.17148155230585518,0.1576090610857988,0.013872491220056377,True,1.0,25.8,25.3,26.7065982405,1.5733951503,25.996834667,1.563110234,0.9925,2026-03-27T16:00:00+00:00,2026-03-27T15:00:27+00:00
2026-04-01,market_development,24h_prior,selected_gp,p_selected_gp,1779996,10,30°C or higher,upper_tail,30.0,inf,0.2250804010346662,0.0735,0.1515804010346662,0.1126459990010961,0.038934402033570084,True,0.0,27.3,27.8,29.2065982405,1.5733951503,28.7893227148,1.60323398,0.99,2026-03-30T16:00:00+00:00,2026-03-30T15:00:36+00:00
2026-04-02,market_development,24h_prior,selected_gp,p_selected_gp,1780351,5,23°C,interior_bin,23.0,24.0,0.1669046645837619,0.06,0.10690466458376191,0.0591897916356523,0.04771487294810961,True,0.0,24.0,23.9,25.3065982405,1.5733951503,24.9356623029,1.5643372658,0.9844444444444445,2026-03-31T16:00:00+00:00,2026-03-31T15:00:56+00:00
2026-04-03,market_development,24h_prior,selected_gp,p_selected_gp,1780890,6,25°C,interior_bin,25.0,26.0,0.1981164478122188,0.105,0.0931164478122188,0.0881124954660991,0.005003952346119694,True,0.0,27.1,25.7,27.1065982405,1.5733951503,26.5750315129,1.5861966892,0.9880555555555556,2026-04-01T16:00:00+00:00,2026-04-01T15:00:43+00:00
2026-04-04,market_development,24h_prior,selected_gp,p_selected_gp,1781314,4,23°C,interior_bin,23.0,24.0,0.0485698538257889,0.03,0.0185698538257889,0.0018697975319414972,0.016700056293847403,True,0.0,26.4,25.5,26.9065982405,1.5733951503,26.4102707167,1.5867049566,0.9966666666666668,2026-04-02T16:00:00+00:00,2026-04-02T15:00:12+00:00
2026-04-05,market_development,24h_prior,selected_gp,p_selected_gp,1815124,9,28°C,interior_bin,28.0,29.0,0.109625551575621,0.045,0.064625551575621,0.05342639498002849,0.011199156595592508,True,0.0,25.7,25.5,26.9065982405,1.5733951503,26.4409957701,1.5892245723,0.9841666666666666,2026-04-03T16:00:00+00:00,2026-04-03T15:00:57+00:00
2026-04-06,market_development,24h_prior,selected_gp,p_selected_gp,1827308,9,29°C,interior_bin,29.0,30.0,0.1324811144421449,0.09,0.04248111444214489,0.036249161672444505,0.006231952769700386,True,0.0,28.1,26.7,28.1065982405,1.5733951503,27.6944673406,1.600931963,2.983611111111111,2026-04-04T16:00:00+00:00,2026-04-04T13:00:59+00:00
2026-04-07,market_development,24h_prior,selected_gp,p_selected_gp,1842913,10,30°C or higher,upper_tail,30.0,inf,0.2260844832686086,0.17,0.0560844832686086,-0.0032616622085438994,0.0593461454771525,True,0.0,29.2,27.7,29.1065982405,1.5733951503,28.7913799348,1.6076266505,0.99,2026-04-05T16:00:00+00:00,2026-04-05T15:00:36+00:00
2026-04-08,market_development,24h_prior,selected_gp,p_selected_gp,1854647,5,24°C,interior_bin,24.0,25.0,0.2101659558849516,0.055,0.1551659558849516,0.1129454878372297,0.04222046804772191,True,0.0,26.7,24.3,25.7065982405,1.5733951503,25.4189050605,1.5881519022,0.9841666666666666,2026-04-06T16:00:00+00:00,2026-04-06T15:00:57+00:00
2026-04-09,market_development,24h_prior,selected_gp,p_selected_gp,1871852,7,26°C,interior_bin,26.0,27.0,0.2065688885098303,0.065,0.1415688885098303,0.08406269655619131,0.057506191953638985,True,0.0,28.0,26.4,27.8065982405,1.5733951503,27.4508216578,1.6027648775,1.9916666666666667,2026-04-07T16:00:00+00:00,2026-04-07T14:00:30+00:00
2026-04-10,market_development,24h_prior,selected_gp,p_selected_gp,1886474,7,27°C,interior_bin,27.0,28.0,0.2161011554248708,0.08,0.13610115542487078,0.1153679661158701,0.020733189309000685,True,0.0,28.3,27.2,28.6065982405,1.5733951503,28.3081281848,1.607551112,0.9988888888888888,2026-04-08T16:00:00+00:00,2026-04-08T15:00:04+00:00
2026-04-11,market_development,24h_prior,selected_gp,p_selected_gp,1901878,7,27°C,interior_bin,27.0,28.0,0.2369029476086474,0.08,0.15690294760864743,0.1336254433440249,0.023277504264622523,True,1.0,27.6,26.8,28.2065982405,1.5733951503,27.9063951378,1.6066602065,1.986388888888889,2026-04-09T16:00:00+00:00,2026-04-09T14:00:49+00:00
2026-04-12,market_development,24h_prior,selected_gp,p_selected_gp,1915005,7,27°C,interior_bin,27.0,28.0,0.2265001686749968,0.0625,0.1640001686749968,0.1222036849801224,0.0417964836948744,True,0.0,28.5,27.0,28.4065982405,1.5733951503,28.1328561604,1.6081644543,1.9852777777777777,2026-04-10T16:00:00+00:00,2026-04-10T14:00:53+00:00
2026-04-13,market_development,24h_prior,selected_gp,p_selected_gp,1924534,5,26°C,interior_bin,26.0,27.0,0.1187282301857854,0.0455,0.0732282301857854,0.0447804690470141,0.02844776113877131,True,0.0,29.7,27.3,28.7065982405,1.5733951503,28.4628514859,1.6097235716,4.984166666666667,2026-04-11T16:00:00+00:00,2026-04-11T11:00:57+00:00
2026-04-15,market_development,24h_prior,selected_gp,p_selected_gp,1965432,7,27°C,interior_bin,27.0,28.0,0.186266686698348,0.065,0.121266686698348,0.07476476423181669,0.046501922466531315,True,0.0,28.9,27.5,28.9065982405,1.5733951503,28.7003331275,1.6111351225,0.9836111111111112,2026-04-13T16:00:00+00:00,2026-04-13T15:00:59+00:00
2026-04-19,market_development,24h_prior,selected_gp,p_selected_gp,2003842,10,31°C or higher,upper_tail,31.0,inf,0.1560965650955447,0.0395,0.1165965650955447,0.041890376466812096,0.0747061886287326,True,0.0,30.0,28.1,29.5065982405,1.5733951503,29.3696079443,1.6132418744,0.9983333333333332,2026-04-17T16:00:00+00:00,2026-04-17T15:00:06+00:00
2026-04-20,market_development,24h_prior,selected_gp,p_selected_gp,2011249,5,26°C,interior_bin,26.0,27.0,0.1743609763209312,0.07,0.10436097632093119,0.0682790836874594,0.03608189263347179,True,0.0,28.4,26.6,28.0065982405,1.5733951503,27.8396626016,1.6113140202,0.9894444444444443,2026-04-18T16:00:00+00:00,2026-04-18T15:00:38+00:00
2026-04-21,market_development,24h_prior,selected_gp,p_selected_gp,2019318,10,31°C or higher,upper_tail,31.0,inf,0.1046308326579938,0.046,0.058630832657993806,0.0533768240007871,0.005254008657206703,True,0.0,28.9,27.7,29.1065982405,1.5733951503,28.9745167634,1.6131618794,2.984166666666667,2026-04-19T16:00:00+00:00,2026-04-19T13:00:57+00:00
2026-04-22,market_development,24h_prior,selected_gp,p_selected_gp,2029695,5,26°C,interior_bin,26.0,27.0,0.084753732942817,0.016,0.068753732942817,0.05068815862150511,0.018065574321311895,True,0.0,29.4,27.6,29.0065982405,1.5733951503,28.8809562765,1.6132487101,2.997777777777778,2026-04-20T16:00:00+00:00,2026-04-20T13:00:08+00:00
2026-04-23,market_development,24h_prior,selected_gp,p_selected_gp,2040375,4,25°C,interior_bin,25.0,26.0,0.1266561483710491,0.0265,0.10015614837104911,0.0467681230693205,0.053388025301728606,True,0.0,29.0,26.1,27.5065982405,1.5733951503,27.3732010862,1.6116982038,0.9875,2026-04-21T16:00:00+00:00,2026-04-21T15:00:45+00:00
2026-04-24,market_development,24h_prior,selected_gp,p_selected_gp,2049567,3,21°C,interior_bin,21.0,22.0,0.163710201144704,0.047,0.116710201144704,0.0680145387482569,0.0486956623964471,True,0.0,23.7,21.4,22.8065982405,1.5733951503,22.9611578617,1.6077349022,0.9963888888888888,2026-04-22T16:00:00+00:00,2026-04-22T15:00:13+00:00
2026-04-25,market_development,24h_prior,selected_gp,p_selected_gp,2057069,9,28°C,interior_bin,28.0,29.0,0.1082410031717899,0.013,0.0952410031717899,0.05057585927671421,0.0446651438950757,True,0.0,26.5,25.1,26.5065982405,1.5733951503,26.4141534915,1.6112972621,0.9958333333333332,2026-04-23T16:00:00+00:00,2026-04-23T15:00:15+00:00
2026-04-26,market_development,24h_prior,selected_gp,p_selected_gp,2065023,5,25°C,interior_bin,25.0,26.0,0.1682054935365035,0.0345,0.1337054935365035,0.09605579206183659,0.0376497014746669,True,0.0,28.8,25.6,27.0065982405,1.5733951503,26.9094996633,1.6121704929,0.9988888888888888,2026-04-24T16:00:00+00:00,2026-04-24T15:00:04+00:00
2026-04-27,market_development,24h_prior,selected_gp,p_selected_gp,2074466,6,26°C,interior_bin,26.0,27.0,0.1768523213065346,0.095,0.08185232130653461,0.0796605984153191,0.0021917228912155112,True,0.0,27.9,26.5,27.9065982405,1.5733951503,27.8101140769,1.6132303403,0.9980555555555556,2026-04-25T16:00:00+00:00,2026-04-25T15:00:07+00:00
2026-04-28,market_development,24h_prior,selected_gp,p_selected_gp,2082493,5,26°C,interior_bin,26.0,27.0,0.1584667510134237,0.0375,0.12096675101342369,0.0457748773950844,0.07519187361833929,True,0.0,29.4,26.7,28.1065982405,1.5733951503,28.0186044043,1.6135687697,0.9980555555555556,2026-04-26T16:00:00+00:00,2026-04-26T15:00:07+00:00
2026-04-29,market_development,24h_prior,selected_gp,p_selected_gp,2091686,5,24°C,interior_bin,24.0,25.0,0.1202933876432222,0.0125,0.1077933876432222,0.10111036980966191,0.00668301783356029,True,0.0,28.4,25.1,26.5065982405,1.5733951503,26.4459271578,1.6126817167,0.9955555555555556,2026-04-27T16:00:00+00:00,2026-04-27T15:00:16+00:00
2026-05-01,market_development,24h_prior,selected_gp,p_selected_gp,2112388,5,24°C,interior_bin,24.0,25.0,0.2268984275074639,0.0365,0.19039842750746389,0.1352509502518352,0.055147477255628685,True,0.0,26.9,23.7,25.1065982405,1.5733951503,25.1156690614,1.612542455,0.9958333333333332,2026-04-29T16:00:00+00:00,2026-04-29T15:00:15+00:00
2026-05-02,market_development,24h_prior,selected_gp,p_selected_gp,2122363,5,26°C,interior_bin,26.0,27.0,0.1469949837354667,0.075,0.07199498373546671,0.0326811302487843,0.03931385348668241,True,0.0,27.0,26.8,28.2065982405,1.5733951503,28.1462582701,1.6141823721,0.9983333333333332,2026-04-30T16:00:00+00:00,2026-04-30T15:00:06+00:00
2026-05-03,market_development,24h_prior,selected_gp,p_selected_gp,2130008,10,31°C or higher,upper_tail,31.0,inf,0.2045446617175073,0.045,0.1595446617175073,0.046650329096096003,0.1128943326214113,True,0.0,29.6,28.3,29.7065982405,1.5733951503,29.6670027716,1.6147808752,0.9961111111111112,2026-05-01T16:00:00+00:00,2026-05-01T15:00:14+00:00
2026-05-04,market_development,24h_prior,selected_gp,p_selected_gp,2137347,8,24°C,interior_bin,24.0,25.0,0.1610639028495527,0.06,0.10106390284955269,0.068330022297481,0.03273388055207169,True,0.0,27.6,24.6,26.0065982405,1.5733951503,25.9895429404,1.6136111341,0.9977777777777778,2026-05-02T16:00:00+00:00,2026-05-02T15:00:08+00:00
2026-05-05,market_development,24h_prior,selected_gp,p_selected_gp,2144875,5,23°C,interior_bin,23.0,24.0,0.1230280413330522,0.05,0.0730280413330522,0.0435903138715771,0.029437727461475098,True,1.0,23.0,24.0,25.4065982405,1.5733951503,25.4149517964,1.6136303746,0.9975,2026-05-03T16:00:00+00:00,2026-05-03T15:00:09+00:00
2026-05-07,market_development,24h_prior,selected_gp,p_selected_gp,2162008,4,26°C,interior_bin,26.0,27.0,0.1267531178334145,0.0605,0.0662531178334145,0.0349794742880453,0.031273643545369205,True,0.0,29.3,27.0,28.4065982405,1.5733951503,28.3728842338,1.6146677707,0.9983333333333332,2026-05-05T16:00:00+00:00,2026-05-05T15:00:06+00:00
2026-05-08,market_development,24h_prior,selected_gp,p_selected_gp,2171319,9,30°C,interior_bin,30.0,31.0,0.1846910063526614,0.045,0.1396910063526614,0.11785010796623879,0.021840898386422614,True,1.0,30.3,27.9,29.3065982405,1.5733951503,29.2830749159,1.6148955739,0.9975,2026-05-06T16:00:00+00:00,2026-05-06T15:00:09+00:00
2026-05-09,market_development,24h_prior,selected_gp,p_selected_gp,2179274,6,23°C,interior_bin,23.0,24.0,0.1221750073521052,0.028,0.0941750073521052,0.045093495292685006,0.04908151205942019,True,0.0,26.1,24.0,25.4065982405,1.5733951503,25.4248960096,1.6142703539,0.9947222222222222,2026-05-07T16:00:00+00:00,2026-05-07T15:00:19+00:00
2026-05-10,market_development,24h_prior,selected_gp,p_selected_gp,2186786,6,25°C,interior_bin,25.0,26.0,0.1944623961081751,0.08,0.11446239610817509,0.08291818821542599,0.0315442078927491,True,0.0,26.1,25.2,26.6065982405,1.5733951503,26.5972209813,1.6145512298,0.9988888888888888,2026-05-08T16:00:00+00:00,2026-05-08T15:00:04+00:00
2026-05-11,market_development,24h_prior,selected_gp,p_selected_gp,2206097,6,26°C,interior_bin,26.0,27.0,0.1253580877746453,0.039,0.08635808777464529,0.044978273972337085,0.04137981380230821,True,0.0,28.8,27.0,28.4065982405,1.5733951503,28.38877796,1.6148742387,0.9947222222222222,2026-05-09T16:00:00+00:00,2026-05-09T15:00:19+00:00
2026-05-12,market_development,24h_prior,selected_gp,p_selected_gp,2219843,10,31°C or higher,upper_tail,31.0,inf,0.2684833900069193,0.21,0.058483390006919295,0.010976675894919394,0.0475067141119999,True,1.0,31.6,28.6,30.0065982405,1.5733951503,30.0028346699,1.6150877638,0.9986111111111112,2026-05-10T16:00:00+00:00,2026-05-10T15:00:05+00:00
2026-05-13,market_development,24h_prior,selected_gp,p_selected_gp,2227747,10,31°C or higher,upper_tail,31.0,inf,0.2900551443251997,0.091,0.1990551443251997,0.025069420049725705,0.17398572427547399,True,1.0,31.1,28.7,30.1065982405,1.5733951503,30.1064817216,1.6151122822,0.9955555555555556,2026-05-11T16:00:00+00:00,2026-05-11T15:00:16+00:00
2026-05-14,market_development,24h_prior,selected_gp,p_selected_gp,2237515,9,30°C,interior_bin,30.0,31.0,0.1242989677973247,0.055,0.0692989677973247,0.0343464954735018,0.0349524723238229,True,0.0,29.2,27.2,28.6065982405,1.5733951503,28.5991305859,1.6150016208,0.9958333333333332,2026-05-12T16:00:00+00:00,2026-05-12T15:00:15+00:00
2026-05-15,market_development,24h_prior,selected_gp,p_selected_gp,2247295,10,29°C or higher,upper_tail,29.0,inf,0.6695455777629122,0.465,0.2045455777629122,0.010440068384476604,0.1941055093784356,True,0.0,27.4,28.3,29.7065982405,1.5733951503,29.7084814518,1.615108567,0.9941666666666666,2026-05-13T16:00:00+00:00,2026-05-13T15:00:21+00:00
2026-05-16,market_development,24h_prior,selected_gp,p_selected_gp,2257382,6,25°C,interior_bin,25.0,26.0,0.2311351018642754,0.07,0.1611351018642754,0.14362098500913897,0.01751411685513643,True,1.0,25.6,24.6,26.0065982405,1.5733951503,26.0222643611,1.6149377495,0.9983333333333332,2026-05-14T16:00:00+00:00,2026-05-14T15:00:06+00:00
2026-05-17,market_development,24h_prior,selected_gp,p_selected_gp,2265856,6,25°C,interior_bin,25.0,26.0,0.2310620953818729,0.095,0.1360620953818729,0.1309884792849447,0.005073616096928191,True,1.0,25.4,24.6,26.0065982405,1.5733951503,26.0237384222,1.6149927555,0.9958333333333332,2026-05-15T16:00:00+00:00,2026-05-15T15:00:15+00:00
2026-05-18,market_development,24h_prior,selected_gp,p_selected_gp,2274320,4,25°C,interior_bin,25.0,26.0,0.1848038525978382,0.0355,0.14930385259783818,0.09222940413509989,0.05707444846273829,True,0.0,26.3,25.3,26.7065982405,1.5733951503,26.7154812397,1.6150483031,0.9955555555555556,2026-05-16T16:00:00+00:00,2026-05-16T15:00:16+00:00
2026-05-19,market_development,24h_prior,selected_gp,p_selected_gp,2281874,8,30°C,interior_bin,30.0,31.0,0.178929605998632,0.13,0.048929605998632,0.0472162647754609,0.0017133412231710998,True,0.0,26.4,27.8,29.2065982405,1.5733951503,29.2149851479,1.6151390242,0.9969444444444444,2026-05-17T16:00:00+00:00,2026-05-17T15:00:11+00:00
2026-05-22,market_development,24h_prior,selected_gp,p_selected_gp,2309321,7,28°C,interior_bin,28.0,29.0,0.1047553914336625,0.08,0.024755391433662496,0.0114479965987478,0.013307394834914697,True,0.0,31.4,29.2,30.6065982405,1.5733951503,30.6295280156,1.6152156806,0.9975,2026-05-20T16:00:00+00:00,2026-05-20T15:00:09+00:00
2026-05-23,market_development,24h_prior,selected_gp,p_selected_gp,2319898,6,29°C,interior_bin,29.0,30.0,0.1748654127393664,0.09,0.0848654127393664,0.049559842149528306,0.035305570589838096,True,0.0,30.3,29.4,30.8065982405,1.5733951503,30.8322634834,1.6152275,0.9966666666666668,2026-05-21T16:00:00+00:00,2026-05-21T15:00:12+00:00
2026-05-24,market_development,24h_prior,selected_gp,p_selected_gp,2328439,7,29°C,interior_bin,29.0,30.0,0.1389816923710307,0.07,0.06898169237103069,0.0440927434686475,0.02488894890238319,True,0.0,31.5,29.8,31.2065982405,1.5733951503,31.2355547697,1.6152475078,0.9983333333333332,2026-05-22T16:00:00+00:00,2026-05-22T15:00:06+00:00
2026-05-25,market_development,24h_prior,selected_gp,p_selected_gp,2336836,5,28°C,interior_bin,28.0,29.0,0.0545361268833839,0.014,0.0405361268833839,0.0399103007382664,0.0006258261451174973,True,0.0,32.0,29.9,31.3065982405,1.5733951503,31.3373192643,1.615253683,0.9988888888888888,2026-05-23T16:00:00+00:00,2026-05-23T15:00:04+00:00
2026-05-26,market_development,24h_prior,selected_gp,p_selected_gp,2344162,7,30°C,interior_bin,30.0,31.0,0.206401258030369,0.09,0.11640125803036899,0.11547695504919099,0.0009243029811780018,True,0.0,32.0,30.0,31.4065982405,1.5733951503,31.4389448521,1.6152594305,0.9980555555555556,2026-05-24T16:00:00+00:00,2026-05-24T15:00:07+00:00
2026-05-27,market_development,24h_prior,selected_gp,p_selected_gp,2350807,6,30°C,interior_bin,30.0,31.0,0.1474575857710549,0.08,0.06745758577105489,0.05508743836719221,0.012370147403862677,True,0.0,33.7,30.7,32.1065982405,1.5733951503,32.1411161878,1.6152980895,0.9977777777777778,2026-05-25T16:00:00+00:00,2026-05-25T15:00:08+00:00
2026-05-28,market_development,24h_prior,selected_gp,p_selected_gp,2358664,10,33°C or higher,upper_tail,33.0,inf,0.4608616596578554,0.38,0.08086165965785541,0.057876824700363094,0.022984834957492317,True,1.0,33.4,31.4,32.8065982405,1.5733951503,32.841270884,1.6153469213,0.9975,2026-05-26T16:00:00+00:00,2026-05-26T15:00:09+00:00
2026-05-29,market_development,24h_prior,selected_gp,p_selected_gp,2367420,10,34°C or higher,upper_tail,34.0,inf,0.7579078231751197,0.695,0.06290782317511978,0.008053319683318202,0.05485450349180158,True,1.0,34.1,33.7,35.1065982405,1.5733951503,35.1302343943,1.6155703884,0.9983333333333332,2026-05-27T16:00:00+00:00,2026-05-27T15:00:06+00:00
2026-05-30,market_development,24h_prior,selected_gp,p_selected_gp,2375835,10,33°C or higher,upper_tail,33.0,inf,0.2566463496951445,0.115,0.1416463496951445,0.0422038338803729,0.09944251581477159,True,0.0,32.6,30.5,31.9065982405,1.5733951503,31.9440574292,1.6152845004,0.9972222222222222,2026-05-28T16:00:00+00:00,2026-05-28T15:00:10+00:00
2026-05-31,market_development,24h_prior,selected_gp,p_selected_gp,2383811,7,29°C,interior_bin,29.0,30.0,0.1292648890384491,0.045,0.0842648890384491,0.028118692395934102,0.056146196642514995,True,0.0,30.9,29.9,31.3065982405,1.5733951503,31.3446068379,1.6152587676,0.9977777777777778,2026-05-29T16:00:00+00:00,2026-05-29T15:00:08+00:00
2026-06-01,market_development,24h_prior,selected_gp,p_selected_gp,2391364,7,30°C,interior_bin,30.0,31.0,0.225015273808824,0.095,0.130015273808824,0.1265810349034778,0.003434238905346193,True,0.0,32.3,29.7,31.1065982405,1.5733951503,31.1453072772,1.6152534448,0.9977777777777778,2026-05-30T16:00:00+00:00,2026-05-30T15:00:08+00:00
2026-06-02,market_development,24h_prior,selected_gp,p_selected_gp,2399846,10,34°C or higher,upper_tail,34.0,inf,0.2008097416251764,0.125,0.0758097416251764,0.0292416527441166,0.046568088881059795,True,0.0,33.3,31.2,32.6065982405,1.5733951503,32.6451769711,1.6153221246,0.9983333333333332,2026-05-31T16:00:00+00:00,2026-05-31T15:00:06+00:00
2026-06-03,market_development,24h_prior,selected_gp,p_selected_gp,2407121,7,31°C,interior_bin,31.0,32.0,0.198409505598878,0.09,0.10840950559887799,0.0992610217702298,0.00914848382864819,True,0.0,34.3,31.1,32.5065982405,1.5733951503,32.5460710894,1.6153138841,0.9977777777777778,2026-06-01T16:00:00+00:00,2026-06-01T15:00:08+00:00
2026-06-04,market_development,24h_prior,selected_gp,p_selected_gp,2416144,10,34°C or higher,upper_tail,34.0,inf,0.6968380086135927,0.59,0.10683800861359272,0.0035556902149366937,0.10328231839865602,True,1.0,34.2,33.4,34.8065982405,1.5733951503,34.8325177187,1.6155110107,0.9975,2026-06-02T16:00:00+00:00,2026-06-02T15:00:09+00:00
2026-06-05,market_development,24h_prior,selected_gp,p_selected_gp,2424601,10,36°C or higher,upper_tail,36.0,inf,0.5057866527908333,0.19,0.31578665279083334,-0.00041047696500660284,0.31619712975583997,True,0.0,34.6,34.6,36.0065982405,1.5733951503,36.0234355544,1.6156327319,0.9975,2026-06-03T16:00:00+00:00,2026-06-03T15:00:09+00:00
2026-06-09,market_development,24h_prior,selected_gp,p_selected_gp,2459842,3,26°C,interior_bin,26.0,27.0,0.1743039955072564,0.021,0.1533039955072564,0.1229596992534084,0.030344296253848005,True,0.0,28.4,26.4,27.8065982405,1.5733951503,27.8386932609,1.6153658862,0.9983333333333332,2026-06-07T16:00:00+00:00,2026-06-07T15:00:06+00:00
2026-06-10,market_development,24h_prior,selected_gp,p_selected_gp,2467887,8,32°C,interior_bin,32.0,33.0,0.1982904711805388,0.05,0.14829047118053879,0.0946239673842069,0.05366650379633188,True,0.0,28.6,30.0,31.4065982405,1.5733951503,31.45233709,1.6152619598,0.9983333333333332,2026-06-08T16:00:00+00:00,2026-06-08T15:00:06+00:00
2026-06-11,market_development,24h_prior,selected_gp,p_selected_gp,2476242,4,27°C,interior_bin,27.0,28.0,0.2194667732920336,0.09,0.1294667732920336,0.1108972599263213,0.018569513365712303,True,0.0,29.0,26.8,28.2065982405,1.5733951503,28.2420935491,1.6153460187,0.9947222222222222,2026-06-09T16:00:00+00:00,2026-06-09T15:00:19+00:00
2026-06-12,market_development,24h_prior,selected_gp,p_selected_gp,2488090,4,27°C,interior_bin,27.0,28.0,0.1905837164268227,0.085,0.1055837164268227,0.09648014492411139,0.009103571502711308,True,0.0,30.4,27.2,28.6065982405,1.5733951503,28.645018036,1.6153229731,0.9980555555555556,2026-06-10T16:00:00+00:00,2026-06-10T15:00:07+00:00
2026-06-13,market_development,24h_prior,selected_gp,p_selected_gp,2502525,7,32°C,interior_bin,32.0,33.0,0.1291272876201717,0.071,0.058127287620171705,0.0377512461397644,0.02037604148040731,True,0.0,30.6,29.2,30.6065982405,1.5733951503,30.6538392552,1.6152564863,0.9991666666666666,2026-06-11T16:00:00+00:00,2026-06-11T15:00:03+00:00
2026-06-14,market_development,24h_prior,selected_gp,p_selected_gp,2513936,4,27°C,interior_bin,27.0,28.0,0.1199613754671644,0.065,0.0549613754671644,0.0412844271332736,0.013676948333890798,True,0.0,29.5,28.0,29.4065982405,1.5733951503,29.4506285375,1.6152859287,0.995,2026-06-12T16:00:00+00:00,2026-06-12T15:00:18+00:00
2026-06-15,market_development,24h_prior,selected_gp,p_selected_gp,2528212,8,31°C,interior_bin,31.0,32.0,0.0950022011824905,0.061,0.034002201182490505,0.022668557773508693,0.011333643408981811,True,0.0,29.9,27.8,29.2065982405,1.5733951503,29.2502311155,1.615296778,0.9975,2026-06-13T16:00:00+00:00,2026-06-13T15:00:09+00:00
2026-06-16,market_development,24h_prior,selected_gp,p_selected_gp,2539135,3,26°C,interior_bin,26.0,27.0,0.1561730584653897,0.0405,0.1156730584653897,0.10008935937322788,0.015583699092161812,True,0.0,27.1,26.6,28.0065982405,1.5733951503,28.0439803473,1.615378918,0.9977777777777778,2026-06-14T16:00:00+00:00,2026-06-14T15:00:08+00:00
2026-06-17,market_development,24h_prior,selected_gp,p_selected_gp,2549496,3,26°C,interior_bin,26.0,27.0,0.0596318842259447,0.004,0.0556318842259447,0.0370047245700669,0.0186271596558778,True,0.0,28.4,27.8,29.2065982405,1.5733951503,29.2512983994,1.6153000237,0.9980555555555556,2026-06-15T16:00:00+00:00,2026-06-15T15:00:07+00:00
2026-06-18,market_development,24h_prior,selected_gp,p_selected_gp,2560441,2,26°C,interior_bin,26.0,27.0,0.1560878947603626,0.0245,0.13158789476036262,0.11504450770265799,0.016543387057704625,True,0.0,29.0,26.6,28.0065982405,1.5733951503,28.0449311381,1.6153842048,0.9983333333333332,2026-06-16T16:00:00+00:00,2026-06-16T15:00:06+00:00
2026-06-19,market_development,24h_prior,selected_gp,p_selected_gp,2575384,8,33°C,interior_bin,33.0,34.0,0.1034931470021369,0.0575,0.04599314700213689,0.0355165809739115,0.010476566028225394,True,0.0,31.3,29.9,31.3065982405,1.5733951503,31.355174746,1.6152572381,0.9969444444444444,2026-06-17T16:00:00+00:00,2026-06-17T15:00:11+00:00
2026-06-20,market_development,24h_prior,selected_gp,p_selected_gp,2592055,4,29°C,interior_bin,29.0,30.0,0.1027218036036197,0.0415,0.061221803603619694,0.044842083438158514,0.01637972016546118,True,0.0,31.5,30.2,31.6065982405,1.5733951503,31.6541994575,1.6152600005,0.9980555555555556,2026-06-18T16:00:00+00:00,2026-06-18T15:00:07+00:00
2026-06-21,market_development,24h_prior,selected_gp,p_selected_gp,2603568,4,30°C,interior_bin,30.0,31.0,0.1815801842777092,0.0475,0.13408018427770918,0.08020713744905258,0.053873046828656596,True,0.0,33.1,30.3,31.7065982405,1.5733951503,31.7537504733,1.6152608113,0.9983333333333332,2026-06-19T16:00:00+00:00,2026-06-19T15:00:06+00:00
2026-06-22,market_development,24h_prior,selected_gp,p_selected_gp,2615259,4,30°C,interior_bin,30.0,31.0,0.1898420954731542,0.055,0.1348420954731542,0.1020248203154151,0.032817275157739106,True,0.0,33.0,30.2,31.6065982405,1.5733951503,31.6542002561,1.6152586629,0.9980555555555556,2026-06-20T16:00:00+00:00,2026-06-20T15:00:07+00:00
2026-06-23,market_development,24h_prior,selected_gp,p_selected_gp,2625877,4,30°C,interior_bin,30.0,31.0,0.1730556407573861,0.011,0.1620556407573861,0.1575336077012049,0.004522033056181207,True,0.0,32.2,30.4,31.8065982405,1.5733951503,31.8531206496,1.6152609166,0.9983333333333332,2026-06-21T16:00:00+00:00,2026-06-21T15:00:06+00:00
2026-06-24,market_development,24h_prior,selected_gp,p_selected_gp,2636686,5,31°C,interior_bin,31.0,32.0,0.2189699429076986,0.0355,0.1834699429076986,0.1351523937774747,0.0483175491302239,True,0.0,32.8,30.8,32.2065982405,1.5733951503,32.2504082519,1.615268671,0.9972222222222222,2026-06-22T16:00:00+00:00,2026-06-22T15:00:10+00:00
2026-06-25,market_development,24h_prior,selected_gp,p_selected_gp,2647487,3,30°C,interior_bin,30.0,31.0,0.1033144197097879,0.018,0.0853144197097879,0.06542507533997219,0.01988934436981571,True,0.0,32.9,31.2,32.6065982405,1.5733951503,32.6470065758,1.615280002,0.9988888888888888,2026-06-23T16:00:00+00:00,2026-06-23T15:00:04+00:00
2026-06-26,market_development,24h_prior,selected_gp,p_selected_gp,2663108,2,29°C,interior_bin,29.0,30.0,0.0725953935030942,0.0055,0.0670953935030942,0.06468021379069219,0.002415179712402002,True,0.0,31.6,30.6,32.0065982405,1.5733951503,32.0514896873,1.615262188,0.9977777777777778,2026-06-24T16:00:00+00:00,2026-06-24T15:00:08+00:00
2026-06-27,market_development,24h_prior,selected_gp,p_selected_gp,2677952,4,29°C,interior_bin,29.0,30.0,0.2185408291430831,0.095,0.12354082914308309,0.1235252284497892,1.5600693293885137e-05,True,0.0,30.2,28.8,30.2065982405,1.5733951503,30.2574206715,1.6152668482,0.9991666666666666,2026-06-25T16:00:00+00:00,2026-06-25T15:00:03+00:00
2026-06-28,market_development,24h_prior,selected_gp,p_selected_gp,2688208,7,32°C,interior_bin,32.0,33.0,0.1562426170035891,0.05,0.1062426170035891,0.0646652230592929,0.0415773939442962,True,0.0,30.0,29.5,30.9065982405,1.5733951503,30.9567816889,1.6152548351,0.9980555555555556,2026-06-26T16:00:00+00:00,2026-06-26T15:00:07+00:00
2026-06-29,market_development,24h_prior,selected_gp,p_selected_gp,2702415,7,33°C,interior_bin,33.0,34.0,0.1203867256514219,0.0425,0.0778867256514219,0.06606296787923001,0.011823757772191898,True,0.0,31.6,30.1,31.5065982405,1.5733951503,31.5542754246,1.6152539656,0.9972222222222222,2026-06-27T16:00:00+00:00,2026-06-27T15:00:10+00:00
2026-06-30,market_development,24h_prior,selected_gp,p_selected_gp,2715237,3,29°C,interior_bin,29.0,30.0,0.1727068245987444,0.039,0.1337068245987444,0.08240874763386749,0.0512980769648769,True,0.0,32.1,29.4,30.8065982405,1.5733951503,30.8571333303,1.6152553701,0.9988888888888888,2026-06-28T16:00:00+00:00,2026-06-28T15:00:04+00:00
2026-03-18,market_development,12h_prior,selected_gp,p_selected_gp,1609289,6,24°C,interior_bin,24.0,25.0,0.1763471583696229,0.1,0.07634715836962289,0.04819938111580882,0.028147777253814066,True,0.0,27.8,25.2,26.6377386197,1.5557671203,25.8521840932,1.5069760693,0.9883333333333332,2026-03-17T04:00:00+00:00,2026-03-17T03:00:42+00:00
2026-03-19,market_development,12h_prior,selected_gp,p_selected_gp,1609348,10,28°C or higher,upper_tail,28.0,inf,0.2710384766701611,0.155,0.11603847667016112,-0.0009999042359462263,0.11703838090610735,True,1.0,28.1,26.2,27.6377386197,1.5557671203,27.0567255622,1.54717522,0.9925,2026-03-18T04:00:00+00:00,2026-03-18T03:00:27+00:00
2026-03-21,market_development,12h_prior,selected_gp,p_selected_gp,1626012,6,23°C,interior_bin,23.0,24.0,0.228788857433587,0.12,0.10878885743358702,0.0570328784060405,0.051755979027546514,True,0.0,22.3,23.0,24.4377386197,1.5557671203,24.319851783,1.474344428,0.9883333333333332,2026-03-20T04:00:00+00:00,2026-03-20T03:00:42+00:00
2026-03-22,market_development,12h_prior,selected_gp,p_selected_gp,1638209,10,27°C or higher,upper_tail,27.0,inf,0.1194839270670422,0.055,0.0644839270670422,0.052558712759415496,0.011925214307626705,True,0.0,25.4,24.3,25.7377386197,1.5557671203,25.230605662,1.5025803166,0.9902777777777778,2026-03-21T04:00:00+00:00,2026-03-21T03:00:35+00:00
2026-03-23,market_development,12h_prior,selected_gp,p_selected_gp,1649219,6,24°C,interior_bin,24.0,25.0,0.1402582117374372,0.0525,0.0877582117374372,0.004591768600408885,0.08316644313702831,True,0.0,27.4,25.3,26.7377386197,1.5557671203,26.2113779848,1.5405785051,0.9891666666666666,2026-03-22T04:00:00+00:00,2026-03-22T03:00:39+00:00
2026-03-24,market_development,12h_prior,selected_gp,p_selected_gp,1660894,7,25°C,interior_bin,25.0,26.0,0.2101438054813003,0.175,0.035143805481300305,0.030254258409028303,0.004889547072272002,True,0.0,26.9,25.5,26.9377386197,1.5557671203,26.4610933393,1.5496851948,0.9916666666666668,2026-03-23T04:00:00+00:00,2026-03-23T03:00:30+00:00
2026-03-25,market_development,12h_prior,selected_gp,p_selected_gp,1670883,10,28°C or higher,upper_tail,28.0,inf,0.8068100356389964,0.69,0.1168100356389965,-0.0014984977105241648,0.11830853334952067,True,1.0,30.0,28.1,29.5377386197,1.5557671203,29.369007789,1.5804735181,0.9927777777777778,2026-03-24T04:00:00+00:00,2026-03-24T03:00:26+00:00
2026-03-26,market_development,12h_prior,selected_gp,p_selected_gp,1680835,7,25°C,interior_bin,25.0,26.0,0.2035554289480289,0.046,0.15755542894802887,0.0959049797277247,0.061650449220304174,True,0.0,28.4,25.5,26.9377386197,1.5557671203,26.5342441956,1.5567184464,0.9913888888888888,2026-03-25T04:00:00+00:00,2026-03-25T03:00:31+00:00
2026-03-27,market_development,12h_prior,selected_gp,p_selected_gp,1690234,6,25°C,interior_bin,25.0,26.0,0.141755162363632,0.045,0.096755162363632,0.04223305539704231,0.0545221069665897,True,0.0,26.2,26.1,27.5377386197,1.5557671203,27.1998766654,1.5678423163,0.9877777777777778,2026-03-26T04:00:00+00:00,2026-03-26T03:00:44+00:00
2026-03-28,market_development,12h_prior,selected_gp,p_selected_gp,1701887,10,28°C or higher,upper_tail,28.0,inf,0.3109103647666631,0.26,0.05091036476666311,0.04433341877851521,0.0065769459881478975,True,0.0,27.4,26.1,27.5377386197,1.5557671203,27.2257358254,1.5696509933,0.9866666666666668,2026-03-27T04:00:00+00:00,2026-03-27T03:00:48+00:00
2026-03-29,market_development,12h_prior,selected_gp,p_selected_gp,1714953,5,24°C,interior_bin,24.0,25.0,0.1114216314451208,0.012,0.0994216314451208,0.0937044434274054,0.005717188017715397,True,0.0,25.8,25.4,26.8377386197,1.5557671203,26.5263040019,1.5637355788,0.9908333333333332,2026-03-28T04:00:00+00:00,2026-03-28T03:00:33+00:00
2026-04-01,market_development,12h_prior,selected_gp,p_selected_gp,1779995,9,29°C,interior_bin,29.0,30.0,0.210794651979965,0.07,0.140794651979965,0.1215895806296256,0.019205071350339387,True,0.0,27.3,27.3,28.7377386197,1.5557671203,28.5806650614,1.5805300666,2.984722222222222,2026-03-31T04:00:00+00:00,2026-03-31T01:00:55+00:00
2026-04-02,market_development,12h_prior,selected_gp,p_selected_gp,1780351,5,23°C,interior_bin,23.0,24.0,0.1764886566078832,0.0505,0.12598865660788322,0.0715145449475928,0.054474111660290425,True,0.0,24.0,23.4,24.8377386197,1.5557671203,24.8355932314,1.5584627021,0.9841666666666666,2026-04-01T04:00:00+00:00,2026-04-01T03:00:57+00:00
2026-04-03,market_development,12h_prior,selected_gp,p_selected_gp,1780889,5,24°C,interior_bin,24.0,25.0,0.085461708684585,0.04,0.045461708684584996,0.030354241606322607,0.015107467078262389,True,0.0,27.1,25.6,27.0377386197,1.5557671203,26.8423024256,1.5744955682,0.9852777777777778,2026-04-02T04:00:00+00:00,2026-04-02T03:00:53+00:00
2026-04-04,market_development,12h_prior,selected_gp,p_selected_gp,1781314,4,23°C,interior_bin,23.0,24.0,0.1030149919108164,0.0225,0.0805149919108164,0.029702380156857902,0.0508126117539585,True,0.0,26.4,24.3,25.7377386197,1.5557671203,25.6246120542,1.5683540874,1.9836111111111112,2026-04-03T04:00:00+00:00,2026-04-03T02:00:59+00:00
2026-04-05,market_development,12h_prior,selected_gp,p_selected_gp,1815121,6,25°C,interior_bin,25.0,26.0,0.2373098963902969,0.12,0.1173098963902969,0.0745889131581945,0.0427209832321024,True,1.0,25.7,24.7,26.1377386197,1.5557671203,26.0064990066,1.5723132142,6.997222222222222,2026-04-04T04:00:00+00:00,2026-04-03T21:00:10+00:00
2026-04-06,market_development,12h_prior,selected_gp,p_selected_gp,1827305,6,26°C,interior_bin,26.0,27.0,0.1878027086912956,0.14,0.047802708691295576,0.037169366948658605,0.01063334174263697,True,0.0,28.1,26.4,27.8377386197,1.5557671203,27.7009335961,1.5801951436,3.996111111111111,2026-04-05T04:00:00+00:00,2026-04-05T00:00:14+00:00
2026-04-07,market_development,12h_prior,selected_gp,p_selected_gp,1842913,10,30°C or higher,upper_tail,30.0,inf,0.2748685527279293,0.145,0.12986855272792933,-0.0004960135857198832,0.1303645663136492,True,0.0,29.2,27.7,29.1377386197,1.5557671203,29.0532853051,1.5827270473,0.9894444444444443,2026-04-06T04:00:00+00:00,2026-04-06T03:00:38+00:00
2026-04-08,market_development,12h_prior,selected_gp,p_selected_gp,1854647,5,24°C,interior_bin,24.0,25.0,0.1650684682073191,0.085,0.0800684682073191,0.05921091567652051,0.020857552530798587,True,0.0,26.7,24.6,26.0377386197,1.5557671203,25.9528831382,1.5759922126,0.985,2026-04-07T04:00:00+00:00,2026-04-07T03:00:54+00:00
2026-04-09,market_development,12h_prior,selected_gp,p_selected_gp,1871852,7,26°C,interior_bin,26.0,27.0,0.1936574911938334,0.103,0.09065749119383341,0.0699807733038353,0.020676717889998114,True,0.0,28.0,26.3,27.7377386197,1.5557671203,27.6323015783,1.5812132359,1.993055555555556,2026-04-08T04:00:00+00:00,2026-04-08T02:00:25+00:00
2026-04-10,market_development,12h_prior,selected_gp,p_selected_gp,1886474,7,27°C,interior_bin,27.0,28.0,0.2223170791022749,0.105,0.11731707910227492,0.10905276991563409,0.008264309186640825,True,0.0,28.3,26.9,28.3377386197,1.5557671203,28.2521474755,1.5823619004,0.9855555555555556,2026-04-09T04:00:00+00:00,2026-04-09T03:00:52+00:00
2026-04-11,market_development,12h_prior,selected_gp,p_selected_gp,1901877,6,26°C,interior_bin,26.0,27.0,0.1741296304011713,0.022,0.1521296304011713,0.1371229382358125,0.015006692165358798,True,0.0,27.6,26.5,27.9377386197,1.5557671203,27.8530681738,1.5820980995,1.9852777777777777,2026-04-10T04:00:00+00:00,2026-04-10T02:00:53+00:00
2026-04-12,market_development,12h_prior,selected_gp,p_selected_gp,1915004,6,26°C,interior_bin,26.0,27.0,0.1171914978683835,0.0155,0.1016914978683835,0.04873101009450739,0.0529604877738761,True,0.0,28.5,27.1,28.5377386197,1.5557671203,28.4700725114,1.5828648194,4.9975,2026-04-11T04:00:00+00:00,2026-04-10T23:00:09+00:00
2026-04-13,market_development,12h_prior,selected_gp,p_selected_gp,1924534,5,26°C,interior_bin,26.0,27.0,0.1351308124857022,0.0445,0.09063081248570219,0.053669676985591996,0.036961135500110195,True,0.0,29.7,26.9,28.3377386197,1.5557671203,28.2729780687,1.5828437675,2.984166666666667,2026-04-12T04:00:00+00:00,2026-04-12T01:00:57+00:00
2026-04-14,market_development,12h_prior,selected_gp,p_selected_gp,1953601,7,27°C,interior_bin,27.0,28.0,0.197652797089235,0.105,0.092652797089235,0.050402803278870284,0.04224999381036472,True,0.0,29.0,27.2,28.6377386197,1.5557671203,28.5831417901,1.5831430759,0.9883333333333332,2026-04-13T04:00:00+00:00,2026-04-13T03:00:42+00:00
2026-04-15,market_development,12h_prior,selected_gp,p_selected_gp,1965432,7,27°C,interior_bin,27.0,28.0,0.2054006054159956,0.06,0.14540060541599562,0.0757108917262348,0.06968971368976082,True,0.0,28.9,27.1,28.5377386197,1.5557671203,28.4868463277,1.5831794367,0.9869444444444444,2026-04-14T04:00:00+00:00,2026-04-14T03:00:47+00:00
2026-04-17,market_development,12h_prior,selected_gp,p_selected_gp,1988526,10,31°C or higher,upper_tail,31.0,inf,0.0822866966443528,0.013,0.0692866966443528,0.051845041135787,0.0174416555085658,True,0.0,28.0,27.4,28.8377386197,1.5557671203,28.7992636194,1.5834305636,6.987222222222222,2026-04-16T04:00:00+00:00,2026-04-15T21:00:46+00:00
2026-04-18,market_development,12h_prior,selected_gp,p_selected_gp,1996498,10,31°C or higher,upper_tail,31.0,inf,0.2466415531722223,0.075,0.1716415531722223,0.026963061618066025,0.14467849155415627,True,0.0,28.5,28.5,29.9377386197,1.5557671203,29.9150260024,1.5836808281,2.984166666666667,2026-04-17T04:00:00+00:00,2026-04-17T01:00:57+00:00
2026-04-19,market_development,12h_prior,selected_gp,p_selected_gp,2003838,6,27°C,interior_bin,27.0,28.0,0.1691255242731553,0.075,0.0941255242731553,0.0705213661466437,0.023604158126511607,True,0.0,30.0,27.5,28.9377386197,1.5557671203,28.9073456311,1.5835421374,1.9836111111111112,2026-04-18T04:00:00+00:00,2026-04-18T02:00:59+00:00
2026-04-20,market_development,12h_prior,selected_gp,p_selected_gp,2011253,9,30°C,interior_bin,30.0,31.0,0.1152249320832303,0.035,0.0802249320832303,0.0728914161852817,0.007333515897948603,True,0.0,28.4,27.1,28.5377386197,1.5557671203,28.507541884,1.5834916898,2.984166666666667,2026-04-19T04:00:00+00:00,2026-04-19T01:00:57+00:00
2026-04-21,market_development,12h_prior,selected_gp,p_selected_gp,2019313,5,26°C,interior_bin,26.0,27.0,0.2112827288986054,0.0345,0.17678272889860538,0.11763116020132999,0.05915156869727539,True,0.0,28.9,26.0,27.4377386197,1.5557671203,27.4096253695,1.5832344123,11.993055555555555,2026-04-20T04:00:00+00:00,2026-04-19T16:00:25+00:00
2026-04-22,market_development,12h_prior,selected_gp,p_selected_gp,2029696,6,27°C,interior_bin,27.0,28.0,0.1590177309226962,0.0355,0.12351773092269619,0.066039628805139,0.05747810211755719,True,0.0,29.4,27.6,29.0377386197,1.5557671203,29.0165979064,1.5836439882,1.9994444444444444,2026-04-21T04:00:00+00:00,2026-04-21T02:00:02+00:00
2026-04-23,market_development,12h_prior,selected_gp,p_selected_gp,2040380,9,30°C,interior_bin,30.0,31.0,0.0987380354730737,0.0105,0.0882380354730737,0.07408730956842859,0.014150725904645112,True,0.0,29.0,26.9,28.3377386197,1.5557671203,28.3158698798,1.583567298,0.9988888888888888,2026-04-22T04:00:00+00:00,2026-04-22T03:00:04+00:00
2026-04-24,market_development,12h_prior,selected_gp,p_selected_gp,2049567,3,21°C,interior_bin,21.0,22.0,0.2065486483085675,0.0385,0.1680486483085675,0.1069027450807692,0.061145903227798296,True,0.0,23.7,20.9,22.3377386197,1.5557671203,22.473063444,1.5822476323,0.9963888888888888,2026-04-23T04:00:00+00:00,2026-04-23T03:00:13+00:00
2026-04-25,market_development,12h_prior,selected_gp,p_selected_gp,2057068,8,27°C,interior_bin,27.0,28.0,0.2209295329658277,0.085,0.13592953296582772,0.10924536580648869,0.026684167159339023,True,0.0,26.5,25.3,26.7377386197,1.5557671203,26.7281642284,1.5833514433,0.9941666666666666,2026-04-24T04:00:00+00:00,2026-04-24T03:00:21+00:00
2026-04-26,market_development,12h_prior,selected_gp,p_selected_gp,2065023,5,25°C,interior_bin,25.0,26.0,0.1672077271350077,0.0325,0.1347077271350077,0.0792081567149085,0.055499570420099203,True,0.0,28.8,25.5,26.9377386197,1.5557671203,26.9282181446,1.5834508559,0.9986111111111112,2026-04-25T04:00:00+00:00,2026-04-25T03:00:05+00:00
2026-04-27,market_development,12h_prior,selected_gp,p_selected_gp,2074466,6,26°C,interior_bin,26.0,27.0,0.2099719414073807,0.035,0.1749719414073807,0.1105922630772712,0.0643796783301095,True,0.0,27.9,26.0,27.4377386197,1.5557671203,27.4268016868,1.5835705206,0.9936111111111112,2026-04-26T04:00:00+00:00,2026-04-26T03:00:23+00:00
2026-04-28,market_development,12h_prior,selected_gp,p_selected_gp,2082493,5,26°C,interior_bin,26.0,27.0,0.1301589241302899,0.0405,0.08965892413028989,0.07505054124187228,0.014608382888417606,True,0.0,29.4,26.9,28.3377386197,1.5557671203,28.3271235283,1.5836884026,0.9977777777777778,2026-04-27T04:00:00+00:00,2026-04-27T03:00:08+00:00
2026-04-29,market_development,12h_prior,selected_gp,p_selected_gp,2091686,5,24°C,interior_bin,24.0,25.0,0.0944839503065919,0.0105,0.0839839503065919,0.06488207738431301,0.019101872922278898,True,0.0,28.4,25.3,26.7377386197,1.5557671203,26.7357707023,1.5835589763,0.9972222222222222,2026-04-28T04:00:00+00:00,2026-04-28T03:00:10+00:00
2026-04-30,market_development,12h_prior,selected_gp,p_selected_gp,2102288,8,23°C,interior_bin,23.0,24.0,0.0467395876499936,0.0215,0.0252395876499936,0.008882335086918,0.016357252563075603,True,0.0,26.7,25.0,26.4377386197,1.5557671203,26.4404499355,1.5835655623,0.9991666666666666,2026-04-29T04:00:00+00:00,2026-04-29T03:00:03+00:00
2026-05-01,market_development,12h_prior,selected_gp,p_selected_gp,2112388,5,24°C,interior_bin,24.0,25.0,0.183212630370549,0.029,0.154212630370549,0.10980556267723138,0.04440706769331762,True,0.0,26.9,24.3,25.7377386197,1.5557671203,25.7513328167,1.5835420151,0.9975,2026-04-30T04:00:00+00:00,2026-04-30T03:00:09+00:00
2026-05-02,market_development,12h_prior,selected_gp,p_selected_gp,2122363,5,26°C,interior_bin,26.0,27.0,0.111653665281077,0.055,0.056653665281076994,0.050161014425013396,0.006492650856063598,True,0.0,27.0,27.1,28.5377386197,1.5557671203,28.5331150415,1.5837470662,0.9988888888888888,2026-05-01T04:00:00+00:00,2026-05-01T03:00:04+00:00
2026-05-03,market_development,12h_prior,selected_gp,p_selected_gp,2130008,10,31°C or higher,upper_tail,31.0,inf,0.2123816243141789,0.055,0.1573816243141789,0.0594896464318862,0.0978919778822927,True,0.0,29.6,28.3,29.7377386197,1.5557671203,29.7358482282,1.5837832912,0.9969444444444444,2026-05-02T04:00:00+00:00,2026-05-02T03:00:11+00:00
2026-05-04,market_development,12h_prior,selected_gp,p_selected_gp,2137347,8,24°C,interior_bin,24.0,25.0,0.1742971592329134,0.075,0.09929715923291339,0.06185313468753079,0.0374440245453826,True,0.0,27.6,24.4,25.8377386197,1.5557671203,25.8506913168,1.5836469274,0.9988888888888888,2026-05-03T04:00:00+00:00,2026-05-03T03:00:04+00:00
2026-05-05,market_development,12h_prior,selected_gp,p_selected_gp,2144874,4,22°C,interior_bin,22.0,23.0,0.2127015476526131,0.0155,0.1972015476526131,0.13222410933636908,0.06497743831624403,True,0.0,23.0,21.9,23.3377386197,1.5557671203,23.38994261,1.5835672882,0.9944444444444444,2026-05-04T04:00:00+00:00,2026-05-04T03:00:20+00:00
2026-05-06,market_development,12h_prior,selected_gp,p_selected_gp,2156968,4,25°C,interior_bin,25.0,26.0,0.2158436981872931,0.0565,0.1593436981872931,0.10593461260021161,0.05340908558708149,True,0.0,24.6,24.9,26.3377386197,1.5557671203,26.3459535385,1.5837085305,0.9983333333333332,2026-05-05T04:00:00+00:00,2026-05-05T03:00:06+00:00
2026-05-07,market_development,12h_prior,selected_gp,p_selected_gp,2162008,4,26°C,interior_bin,26.0,27.0,0.242227434815009,0.066,0.176227434815009,0.1675151683264717,0.00871226648853729,True,0.0,29.3,25.4,26.8377386197,1.5557671203,26.8427448565,1.5837374343,0.9991666666666666,2026-05-06T04:00:00+00:00,2026-05-06T03:00:03+00:00
2026-05-08,market_development,12h_prior,selected_gp,p_selected_gp,2171319,9,30°C,interior_bin,30.0,31.0,0.1733344212621245,0.0315,0.1418344212621245,0.1084614523910892,0.0333729688710353,True,1.0,30.3,27.7,29.1377386197,1.5557671203,29.1387654981,1.5837873971,0.9986111111111112,2026-05-07T04:00:00+00:00,2026-05-07T03:00:05+00:00
2026-05-09,market_development,12h_prior,selected_gp,p_selected_gp,2179274,6,23°C,interior_bin,23.0,24.0,0.1098404820175943,0.029,0.0808404820175943,0.040011614971092097,0.04082886704650221,True,0.0,26.1,24.1,25.5377386197,1.5557671203,25.5538765333,1.5837294708,0.9983333333333332,2026-05-08T04:00:00+00:00,2026-05-08T03:00:06+00:00
2026-05-10,market_development,12h_prior,selected_gp,p_selected_gp,2186786,6,25°C,interior_bin,25.0,26.0,0.2006680750842654,0.08,0.1206680750842654,0.098549131061318,0.022118944022947395,True,0.0,26.1,25.1,26.5377386197,1.5557671203,26.5457576698,1.5837587811,0.9983333333333332,2026-05-09T04:00:00+00:00,2026-05-09T03:00:06+00:00
2026-05-11,market_development,12h_prior,selected_gp,p_selected_gp,2206097,6,26°C,interior_bin,26.0,27.0,0.184084726906483,0.047,0.137084726906483,0.08704306555642419,0.0500416613500588,True,0.0,28.8,26.3,27.7377386197,1.5557671203,27.7413326056,1.5837809553,0.9980555555555556,2026-05-10T04:00:00+00:00,2026-05-10T03:00:07+00:00
2026-05-12,market_development,12h_prior,selected_gp,p_selected_gp,2219843,10,31°C or higher,upper_tail,31.0,inf,0.3160937070288833,0.195,0.12109370702888328,0.025123835575100596,0.09596987145378269,True,1.0,31.6,28.8,30.2377386197,1.5557671203,30.2419140457,1.5837991177,0.9988888888888888,2026-05-11T04:00:00+00:00,2026-05-11T03:00:04+00:00
2026-05-13,market_development,12h_prior,selected_gp,p_selected_gp,2227744,7,28°C,interior_bin,28.0,29.0,0.1840396415702109,0.1145,0.0695396415702109,0.0650030979787759,0.004536543591435002,True,0.0,31.1,28.3,29.7377386197,1.5557671203,29.7418354116,1.583797891,0.9966666666666668,2026-05-12T04:00:00+00:00,2026-05-12T03:00:12+00:00
2026-05-14,market_development,12h_prior,selected_gp,p_selected_gp,2237516,10,31°C or higher,upper_tail,31.0,inf,0.2135568541767396,0.0475,0.1660568541767396,0.1118019830479116,0.054254871128828,True,0.0,29.2,28.3,29.7377386197,1.5557671203,29.7422416075,1.5837985495,0.9897222222222222,2026-05-13T04:00:00+00:00,2026-05-13T03:00:37+00:00
2026-05-15,market_development,12h_prior,selected_gp,p_selected_gp,2247292,7,26°C,interior_bin,26.0,27.0,0.2384957420714488,0.0285,0.2099957420714488,0.1511715431582923,0.05882419891315652,True,0.0,27.4,25.5,26.9377386197,1.5557671203,26.94479851,1.583788947,0.9983333333333332,2026-05-14T04:00:00+00:00,2026-05-14T03:00:06+00:00
2026-05-16,market_development,12h_prior,selected_gp,p_selected_gp,2257382,6,25°C,interior_bin,25.0,26.0,0.2337943421862491,0.041,0.19279434218624908,0.14652373675432878,0.0462706054319203,True,1.0,25.6,24.6,26.0377386197,1.5557671203,26.0487368486,1.5837884881,0.9983333333333332,2026-05-15T04:00:00+00:00,2026-05-15T03:00:06+00:00
2026-05-17,market_development,12h_prior,selected_gp,p_selected_gp,2265855,5,24°C,interior_bin,24.0,25.0,0.1833090666809565,0.0085,0.1748090666809565,0.1547979772672842,0.0200110894136723,True,0.0,25.4,24.3,25.7377386197,1.5557671203,25.7501166946,1.5837913265,0.9941666666666666,2026-05-16T04:00:00+00:00,2026-05-16T03:00:21+00:00
2026-05-18,market_development,12h_prior,selected_gp,p_selected_gp,2274324,8,29°C,interior_bin,29.0,30.0,0.1459585720924198,0.095,0.0509585720924198,0.040929122489571604,0.010029449602848198,True,0.0,26.3,26.4,27.8377386197,1.5557671203,27.8433785911,1.5837982176,0.9975,2026-05-17T04:00:00+00:00,2026-05-17T03:00:09+00:00
2026-05-19,market_development,12h_prior,selected_gp,p_selected_gp,2281870,4,26°C,interior_bin,26.0,27.0,0.1565193722194408,0.059,0.09751937221944079,0.05966221736903081,0.03785715485040998,True,1.0,26.4,26.6,28.0377386197,1.5557671203,28.0434168908,1.5837996629,2.998055555555556,2026-05-18T04:00:00+00:00,2026-05-18T01:00:07+00:00
2026-05-21,market_development,12h_prior,selected_gp,p_selected_gp,2299510,9,31°C,interior_bin,31.0,32.0,0.0928640910546538,0.0375,0.055364091054653806,0.0234253051361413,0.031938785918512506,True,1.0,31.5,27.8,29.2377386197,1.5557671203,29.2441097771,1.5838013703,0.9991666666666666,2026-05-20T04:00:00+00:00,2026-05-20T03:00:03+00:00
2026-05-22,market_development,12h_prior,selected_gp,p_selected_gp,2309321,7,28°C,interior_bin,28.0,29.0,0.10197587418114,0.07,0.03197587418113999,0.005244298711663202,0.02673157546947679,True,0.0,31.4,29.2,30.6377386197,1.5557671203,30.6456366535,1.5838023836,0.9966666666666668,2026-05-21T04:00:00+00:00,2026-05-21T03:00:12+00:00
2026-05-23,market_development,12h_prior,selected_gp,p_selected_gp,2319899,7,30°C,interior_bin,30.0,31.0,0.2339191245262744,0.125,0.10891912452627439,0.08126263802220791,0.027656486504066477,True,1.0,30.3,29.6,31.0377386197,1.5557671203,31.0461720402,1.5838030074,0.9972222222222222,2026-05-22T04:00:00+00:00,2026-05-22T03:00:10+00:00
2026-05-24,market_development,12h_prior,selected_gp,p_selected_gp,2328440,8,30°C,interior_bin,30.0,31.0,0.2285856556592674,0.145,0.0835856556592674,0.0819047821682605,0.0016808734910069012,True,0.0,31.5,29.7,31.1377386197,1.5557671203,31.1464770179,1.5838032096,0.9977777777777778,2026-05-23T04:00:00+00:00,2026-05-23T03:00:08+00:00
2026-05-25,market_development,12h_prior,selected_gp,p_selected_gp,2336837,6,29°C,interior_bin,29.0,30.0,0.1468818668320732,0.045,0.10188186683207319,0.06357165186293348,0.03831021496913971,True,0.0,32.0,29.7,31.1377386197,1.5557671203,31.1467226667,1.5838032432,0.9975,2026-05-24T04:00:00+00:00,2026-05-24T03:00:09+00:00
2026-05-26,market_development,12h_prior,selected_gp,p_selected_gp,2344162,7,30°C,interior_bin,30.0,31.0,0.1835802615776152,0.045,0.13858026157761522,0.089580828420081,0.04899943315753422,True,0.0,32.0,30.3,31.7377386197,1.5557671203,31.7470397911,1.5838044245,0.9980555555555556,2026-05-25T04:00:00+00:00,2026-05-25T03:00:07+00:00
2026-05-27,market_development,12h_prior,selected_gp,p_selected_gp,2350811,10,34°C or higher,upper_tail,34.0,inf,0.1794243639618037,0.085,0.09442436396180369,0.055463636364690004,0.038960727597113685,True,0.0,33.7,31.1,32.5377386197,1.5557671203,32.5467606507,1.5838067463,0.9991666666666666,2026-05-26T04:00:00+00:00,2026-05-26T03:00:03+00:00
2026-05-28,market_development,12h_prior,selected_gp,p_selected_gp,2358661,7,30°C,interior_bin,30.0,31.0,0.0856832727608294,0.02,0.0656832727608294,0.05466760199869042,0.011015670762138982,True,0.0,33.4,31.4,32.8377386197,1.5557671203,32.8465531043,1.5838077631,0.9983333333333332,2026-05-27T04:00:00+00:00,2026-05-27T03:00:06+00:00
2026-05-29,market_development,12h_prior,selected_gp,p_selected_gp,2367420,10,34°C or higher,upper_tail,34.0,inf,0.7645257253678455,0.75,0.014525725367845466,0.006184057293174701,0.008341668074670764,True,1.0,34.1,33.7,35.1377386197,1.5557671203,35.1418323517,1.5838180766,0.9975,2026-05-28T04:00:00+00:00,2026-05-28T03:00:09+00:00
2026-05-30,market_development,12h_prior,selected_gp,p_selected_gp,2375831,6,29°C,interior_bin,29.0,30.0,0.1282643433334821,0.069,0.0592643433334821,0.0584373955814112,0.0008269477520709001,True,0.0,32.6,29.9,31.3377386197,1.5557671203,31.3478414315,1.5838036397,0.9991666666666666,2026-05-29T04:00:00+00:00,2026-05-29T03:00:03+00:00
2026-05-31,market_development,12h_prior,selected_gp,p_selected_gp,2383811,7,29°C,interior_bin,29.0,30.0,0.183516364805937,0.065,0.118516364805937,0.0785220093240929,0.0399943554818441,True,0.0,30.9,29.3,30.7377386197,1.5557671203,30.7477641371,1.5838030975,0.9977777777777778,2026-05-30T04:00:00+00:00,2026-05-30T03:00:08+00:00
2026-06-01,market_development,12h_prior,selected_gp,p_selected_gp,2391363,6,29°C,interior_bin,29.0,30.0,0.1191802181843457,0.0205,0.09868021818434569,0.08333545017596289,0.015344768008382803,True,0.0,32.3,30.0,31.4377386197,1.5557671203,31.4481815954,1.583803793,0.9991666666666666,2026-05-31T04:00:00+00:00,2026-05-31T03:00:03+00:00
2026-06-02,market_development,12h_prior,selected_gp,p_selected_gp,2399846,10,34°C or higher,upper_tail,34.0,inf,0.2530586412429183,0.115,0.13805864124291833,0.0165454972372234,0.12151314400569493,True,0.0,33.3,31.5,32.9377386197,1.5557671203,32.9469333165,1.5838076142,0.9986111111111112,2026-06-01T04:00:00+00:00,2026-06-01T03:00:05+00:00
2026-06-03,market_development,12h_prior,selected_gp,p_selected_gp,2407121,7,31°C,interior_bin,31.0,32.0,0.156202976965936,0.075,0.081202976965936,0.058886972604709015,0.02231600436122698,True,0.0,34.3,31.6,33.0377386197,1.5557671203,33.0468119182,1.5838078557,0.9980555555555556,2026-06-02T04:00:00+00:00,2026-06-02T03:00:07+00:00
2026-06-04,market_development,12h_prior,selected_gp,p_selected_gp,2416144,10,34°C or higher,upper_tail,34.0,inf,0.6576025966174206,0.615,0.04260259661742061,0.016366558055859796,0.02623603856156081,True,1.0,34.2,33.2,34.6377386197,1.5557671203,34.6429161221,1.5838144183,0.9975,2026-06-03T04:00:00+00:00,2026-06-03T03:00:09+00:00
2026-06-05,market_development,12h_prior,selected_gp,p_selected_gp,2424601,10,36°C or higher,upper_tail,36.0,inf,0.2324088516841645,0.085,0.1474088516841645,0.0350114997053269,0.1123973519788376,True,0.0,34.6,33.4,34.8377386197,1.5557671203,34.842331126,1.583815092,0.9975,2026-06-04T04:00:00+00:00,2026-06-04T03:00:09+00:00
2026-06-08,market_development,12h_prior,selected_gp,p_selected_gp,2456233,3,27°C,interior_bin,27.0,28.0,0.2225855994777466,0.03,0.1925855994777466,0.1696927875961743,0.0228928118815723,True,0.0,30.9,26.8,28.2377386197,1.5557671203,28.2455734976,1.583809057,0.9983333333333332,2026-06-07T04:00:00+00:00,2026-06-07T03:00:06+00:00
2026-06-09,market_development,12h_prior,selected_gp,p_selected_gp,2459842,3,26°C,interior_bin,26.0,27.0,0.2286955846403801,0.019,0.2096955846403801,0.151801787295009,0.05789379734537109,True,0.0,28.4,25.7,27.1377386197,1.5557671203,27.1445225629,1.5838142835,0.9986111111111112,2026-06-08T04:00:00+00:00,2026-06-08T03:00:05+00:00
2026-06-10,market_development,12h_prior,selected_gp,p_selected_gp,2467882,3,27°C,interior_bin,27.0,28.0,0.101801273164215,0.023,0.07880127316421501,0.0471965153127355,0.03160475785147951,True,0.0,28.6,28.2,29.6377386197,1.5557671203,29.6477075181,1.5838047963,0.9983333333333332,2026-06-09T04:00:00+00:00,2026-06-09T03:00:06+00:00
2026-06-11,market_development,12h_prior,selected_gp,p_selected_gp,2476242,4,27°C,interior_bin,27.0,28.0,0.1654946663537504,0.09,0.0754946663537504,0.036105108781591795,0.03938955757215861,True,0.0,29.0,27.5,28.9377386197,1.5557671203,28.9467105154,1.5838069141,0.9988888888888888,2026-06-10T04:00:00+00:00,2026-06-10T03:00:04+00:00
2026-06-12,market_development,12h_prior,selected_gp,p_selected_gp,2488090,4,27°C,interior_bin,27.0,28.0,0.0935091071114398,0.037,0.0565091071114398,0.033001569469817596,0.023507537641622202,True,0.0,30.4,28.3,29.7377386197,1.5557671203,29.7479243489,1.583804743,0.9980555555555556,2026-06-11T04:00:00+00:00,2026-06-11T03:00:07+00:00
2026-06-13,market_development,12h_prior,selected_gp,p_selected_gp,2502525,7,32°C,interior_bin,32.0,33.0,0.2154681226656594,0.08,0.13546812266565939,0.1174622265350694,0.01800589613058999,True,0.0,30.6,30.2,31.6377386197,1.5557671203,31.6488527317,1.5838037422,0.9991666666666666,2026-06-12T04:00:00+00:00,2026-06-12T03:00:03+00:00
2026-06-14,market_development,12h_prior,selected_gp,p_selected_gp,2513940,8,31°C,interior_bin,31.0,32.0,0.2081041049710263,0.055,0.1531041049710263,0.1009085902677538,0.05219551470327251,True,0.0,29.5,29.1,30.5377386197,1.5557671203,30.5487843435,1.5838036167,0.9980555555555556,2026-06-13T04:00:00+00:00,2026-06-13T03:00:07+00:00
2026-06-15,market_development,12h_prior,selected_gp,p_selected_gp,2528208,4,27°C,interior_bin,27.0,28.0,0.1375279464334243,0.08,0.05752794643342431,0.0502961971135309,0.007231749319893406,True,0.0,29.9,27.8,29.2377386197,1.5557671203,29.2472601299,1.5838063471,0.9980555555555556,2026-06-14T04:00:00+00:00,2026-06-14T03:00:07+00:00
2026-06-16,market_development,12h_prior,selected_gp,p_selected_gp,2539136,4,27°C,interior_bin,27.0,28.0,0.238471465035131,0.055,0.183471465035131,0.14262327975992692,0.04084818527520409,True,1.0,27.1,26.5,27.9377386197,1.5557671203,27.9453164276,1.5838118457,0.9980555555555556,2026-06-15T04:00:00+00:00,2026-06-15T03:00:07+00:00
2026-06-17,market_development,12h_prior,selected_gp,p_selected_gp,2549496,3,26°C,interior_bin,26.0,27.0,0.0856753268284121,0.034,0.051675326828412096,0.0346582895412515,0.0170170372871606,True,0.0,28.4,27.4,28.8377386197,1.5557671203,28.8466557024,1.5838079608,0.9980555555555556,2026-06-16T04:00:00+00:00,2026-06-16T03:00:07+00:00
2026-06-18,market_development,12h_prior,selected_gp,p_selected_gp,2560442,3,27°C,interior_bin,27.0,28.0,0.1654859695852581,0.095,0.0704859695852581,0.0595982227405442,0.0108877468447139,True,0.0,29.0,27.5,28.9377386197,1.5557671203,28.9468045464,1.5838076517,0.9988888888888888,2026-06-17T04:00:00+00:00,2026-06-17T03:00:04+00:00
2026-06-19,market_development,12h_prior,selected_gp,p_selected_gp,2575379,3,28°C,interior_bin,28.0,29.0,0.1103011514050517,0.021,0.0893011514050517,0.04543285397227159,0.043868297432780104,True,0.0,31.3,29.1,30.5377386197,1.5557671203,30.5486228563,1.5838036587,0.9980555555555556,2026-06-18T04:00:00+00:00,2026-06-18T03:00:07+00:00
2026-06-20,market_development,12h_prior,selected_gp,p_selected_gp,2592055,4,29°C,interior_bin,29.0,30.0,0.0934800762763858,0.022,0.0714800762763858,0.05347065944578361,0.0180094168306022,True,0.0,31.5,30.3,31.7377386197,1.5557671203,31.7482815145,1.5838034161,0.9991666666666666,2026-06-19T04:00:00+00:00,2026-06-19T03:00:03+00:00
2026-06-21,market_development,12h_prior,selected_gp,p_selected_gp,2603569,5,31°C,interior_bin,31.0,32.0,0.2448418272254293,0.08,0.16484182722542928,0.1504798328666698,0.014361994358759483,True,0.0,33.1,30.3,31.7377386197,1.5557671203,31.7481776798,1.5838033519,0.9986111111111112,2026-06-20T04:00:00+00:00,2026-06-20T03:00:05+00:00
2026-06-22,market_development,12h_prior,selected_gp,p_selected_gp,2615259,4,30°C,interior_bin,30.0,31.0,0.1561224303505214,0.0245,0.1316224303505214,0.11884484681320119,0.012777583537320211,True,0.0,33.0,30.6,32.0377386197,1.5557671203,32.0476766312,1.5838035252,0.9977777777777778,2026-06-21T04:00:00+00:00,2026-06-21T03:00:08+00:00
2026-06-23,market_development,12h_prior,selected_gp,p_selected_gp,2625878,5,31°C,interior_bin,31.0,32.0,0.2338508475421203,0.065,0.1688508475421203,0.14513373688500228,0.023717110657118012,True,0.0,32.2,30.6,32.0377386197,1.5557671203,32.0475553059,1.5838034476,0.9983333333333332,2026-06-22T04:00:00+00:00,2026-06-22T03:00:06+00:00
2026-06-24,market_development,12h_prior,selected_gp,p_selected_gp,2636686,5,31°C,interior_bin,31.0,32.0,0.183669365402404,0.051,0.132669365402404,0.09989178624984962,0.03277757915255439,True,0.0,32.8,31.3,32.7377386197,1.5557671203,32.7460304133,1.5838043031,0.9977777777777778,2026-06-23T04:00:00+00:00,2026-06-23T03:00:08+00:00
2026-06-25,market_development,12h_prior,selected_gp,p_selected_gp,2647491,7,34°C,interior_bin,34.0,35.0,0.1738872538510791,0.08,0.09388725385107909,0.0705177514730385,0.023369502378040585,True,0.0,32.9,31.7,33.1377386197,1.5557671203,33.1448508251,1.5838049912,0.9986111111111112,2026-06-24T04:00:00+00:00,2026-06-24T03:00:05+00:00
2026-06-26,market_development,12h_prior,selected_gp,p_selected_gp,2663108,2,29°C,interior_bin,29.0,30.0,0.0935335105615491,0.0125,0.0810335105615491,0.04852889327868398,0.03250461728286512,True,0.0,31.6,30.3,31.7377386197,1.5557671203,31.7476222806,1.5838030521,0.9977777777777778,2026-06-25T04:00:00+00:00,2026-06-25T03:00:08+00:00
2026-06-27,market_development,12h_prior,selected_gp,p_selected_gp,2677951,3,28°C,interior_bin,28.0,29.0,0.2384148681197437,0.0195,0.2189148681197437,0.1624947488546159,0.0564201192651278,True,0.0,30.2,27.5,28.9377386197,1.5557671203,28.9467094046,1.5838079415,0.9980555555555556,2026-06-26T04:00:00+00:00,2026-06-26T03:00:07+00:00
2026-06-28,market_development,12h_prior,selected_gp,p_selected_gp,2688208,7,32°C,interior_bin,32.0,33.0,0.1463960036993564,0.051,0.09539600369935641,0.0553292359697151,0.040066767729641316,True,0.0,30.0,29.4,30.8377386197,1.5557671203,30.8480685805,1.5838032071,0.9977777777777778,2026-06-27T04:00:00+00:00,2026-06-27T03:00:08+00:00
2026-06-29,market_development,12h_prior,selected_gp,p_selected_gp,2702410,2,28°C,interior_bin,28.0,29.0,0.1191970097732587,0.0045,0.1146970097732587,0.1083497428667887,0.0063472669064700005,True,0.0,31.6,29.0,30.4377386197,1.5557671203,30.4479940642,1.5838036909,0.9991666666666666,2026-06-28T04:00:00+00:00,2026-06-28T03:00:03+00:00
2026-06-30,market_development,12h_prior,selected_gp,p_selected_gp,2715237,3,29°C,interior_bin,29.0,30.0,0.200485653500242,0.0365,0.163985653500242,0.1058579310961495,0.0581277224040925,True,0.0,32.1,29.1,30.5377386197,1.5557671203,30.5479714165,1.5838035177,0.9991666666666666,2026-06-29T04:00:00+00:00,2026-06-29T03:00:03+00:00
2026-03-18,market_development,6h_prior,selected_gp,p_selected_gp,1609290,7,25°C,interior_bin,25.0,26.0,0.2657945905891138,0.16,0.10579459058911381,0.06819911670541967,0.037595473883694136,True,0.0,27.8,25.6,27.0245227606,1.4792745721,26.0177135854,1.3716419748,0.9922222222222222,2026-03-17T10:00:00+00:00,2026-03-17T09:00:28+00:00
2026-03-19,market_development,6h_prior,selected_gp,p_selected_gp,1609345,7,25°C,interior_bin,25.0,26.0,0.1849935811821448,0.075,0.10999358118214479,0.008902520783662,0.10109106039848278,True,0.0,28.1,26.4,27.8245227606,1.4792745721,26.7953854724,1.4056527364,0.9866666666666668,2026-03-18T10:00:00+00:00,2026-03-18T09:00:48+00:00
2026-03-21,market_development,6h_prior,selected_gp,p_selected_gp,1626012,6,23°C,interior_bin,23.0,24.0,0.2615800776929721,0.13,0.13158007769297209,0.1245693083940584,0.0070107692989136855,True,0.0,22.3,22.8,24.2245227606,1.4792745721,24.1404022957,1.3353602649,0.9880555555555556,2026-03-20T10:00:00+00:00,2026-03-20T09:00:43+00:00
2026-03-22,market_development,6h_prior,selected_gp,p_selected_gp,1638208,9,26°C,interior_bin,26.0,27.0,0.201962130549052,0.134,0.06796213054905198,0.016456626531976798,0.05150550401707518,True,0.0,25.4,24.6,26.0245227606,1.4792745721,25.3380419564,1.3694823101,0.9877777777777778,2026-03-21T10:00:00+00:00,2026-03-21T09:00:44+00:00
2026-03-23,market_development,6h_prior,selected_gp,p_selected_gp,1649221,8,26°C,interior_bin,26.0,27.0,0.2762549719457141,0.115,0.1612549719457141,0.0622241441005184,0.09903082784519568,True,0.0,27.4,26.0,27.4245227606,1.4792745721,26.5410737393,1.4139981188,0.9916666666666668,2026-03-22T10:00:00+00:00,2026-03-22T09:00:30+00:00
2026-03-24,market_development,6h_prior,selected_gp,p_selected_gp,1660894,7,25°C,interior_bin,25.0,26.0,0.2591859723709004,0.085,0.1741859723709004,0.1173452177062653,0.05684075466463509,True,0.0,26.9,25.4,26.8245227606,1.4792745721,26.0437663918,1.4024637318,0.9891666666666666,2026-03-23T10:00:00+00:00,2026-03-23T09:00:39+00:00
2026-03-25,market_development,6h_prior,selected_gp,p_selected_gp,1670881,8,26°C,interior_bin,26.0,27.0,0.1089398363424271,0.03,0.0789398363424271,0.022602396803555705,0.056337439538871395,True,0.0,30.0,27.9,29.3245227606,1.4792745721,28.5086338021,1.4792034478,0.9941666666666666,2026-03-24T10:00:00+00:00,2026-03-24T09:00:21+00:00
2026-03-26,market_development,6h_prior,selected_gp,p_selected_gp,1680835,7,25°C,interior_bin,25.0,26.0,0.2298968474801488,0.099,0.1308968474801488,0.0995953748080209,0.03130147267212789,True,0.0,28.4,25.7,27.1245227606,1.4792745721,26.3678960005,1.421930055,0.9902777777777778,2026-03-25T10:00:00+00:00,2026-03-25T09:00:35+00:00
2026-03-27,market_development,6h_prior,selected_gp,p_selected_gp,1690235,7,26°C,interior_bin,26.0,27.0,0.2706901179871688,0.08,0.19069011798716878,0.1807452492806444,0.00994486870652439,True,1.0,26.2,26.0,27.4245227606,1.4792745721,26.6679507169,1.4350451909,0.9894444444444443,2026-03-26T10:00:00+00:00,2026-03-26T09:00:38+00:00
2026-03-28,market_development,6h_prior,selected_gp,p_selected_gp,1701884,7,25°C,interior_bin,25.0,26.0,0.1535577895570452,0.065,0.08855778955704519,0.028086385011954998,0.06047140454509019,True,0.0,27.4,26.4,27.8245227606,1.4792745721,27.0701514317,1.4501400269,0.99,2026-03-27T10:00:00+00:00,2026-03-27T09:00:36+00:00
2026-03-29,market_development,6h_prior,selected_gp,p_selected_gp,1714955,7,26°C,interior_bin,26.0,27.0,0.2714017548075341,0.15,0.1214017548075341,0.0685661414805675,0.052835613326966596,True,0.0,25.8,25.8,27.2245227606,1.4792745721,26.5502237334,1.4400844409,0.9894444444444443,2026-03-28T10:00:00+00:00,2026-03-28T09:00:38+00:00
2026-04-01,market_development,6h_prior,selected_gp,p_selected_gp,1779995,9,29°C,interior_bin,29.0,30.0,0.1783793574409488,0.07,0.10837935744094879,0.0805010156802919,0.027878341760656886,True,0.0,27.3,27.4,28.8245227606,1.4792745721,28.1629364887,1.4880559814,1.9844444444444445,2026-03-31T10:00:00+00:00,2026-03-31T08:00:56+00:00
2026-04-02,market_development,6h_prior,selected_gp,p_selected_gp,1780351,5,23°C,interior_bin,23.0,24.0,0.1120172226284066,0.053,0.059017222628406606,0.029050966059678704,0.0299662565687279,True,0.0,24.0,24.3,25.7245227606,1.4792745721,25.4509584319,1.4325597873,0.9844444444444445,2026-04-01T10:00:00+00:00,2026-04-01T09:00:56+00:00
2026-04-03,market_development,6h_prior,selected_gp,p_selected_gp,1780889,5,24°C,interior_bin,24.0,25.0,0.0756538862276835,0.04,0.0356538862276835,0.0149051583744581,0.0207487278532254,True,0.0,27.1,26.0,27.4245227606,1.4792745721,26.8741841202,1.4669362887,0.9905555555555556,2026-04-02T10:00:00+00:00,2026-04-02T09:00:34+00:00
2026-04-04,market_development,6h_prior,selected_gp,p_selected_gp,1781315,5,24°C,interior_bin,24.0,25.0,0.1473322445132504,0.05,0.09733224451325038,0.024557825026381097,0.07277441948686929,True,0.0,26.4,25.1,26.5245227606,1.4792745721,26.1277470114,1.4553671973,1.9841666666666664,2026-04-03T10:00:00+00:00,2026-04-03T08:00:57+00:00
2026-04-05,market_development,6h_prior,selected_gp,p_selected_gp,1815120,5,24°C,interior_bin,24.0,25.0,0.2198897269347681,0.035,0.1848897269347681,0.08811966207978639,0.09677006485498171,True,0.0,25.7,24.2,25.6245227606,1.4792745721,25.4483560225,1.4472141795,0.9866666666666668,2026-04-04T10:00:00+00:00,2026-04-04T09:00:48+00:00
2026-04-06,market_development,6h_prior,selected_gp,p_selected_gp,1827305,6,26°C,interior_bin,26.0,27.0,0.2418622329491055,0.115,0.12686223294910548,0.1080451242268147,0.018817108722290782,True,0.0,28.1,26.2,27.6245227606,1.4792745721,27.1348719013,1.4818065763,5.983611111111111,2026-04-05T10:00:00+00:00,2026-04-05T04:00:59+00:00
2026-04-07,market_development,6h_prior,selected_gp,p_selected_gp,1842913,10,30°C or higher,upper_tail,30.0,inf,0.2575431860436221,0.13,0.12754318604362208,0.10475348420980801,0.02278970183381407,True,0.0,29.2,28.1,29.5245227606,1.4792745721,29.0143632409,1.51417867,0.9844444444444445,2026-04-06T10:00:00+00:00,2026-04-06T09:00:56+00:00
2026-04-08,market_development,6h_prior,selected_gp,p_selected_gp,1854648,6,25°C,interior_bin,25.0,26.0,0.2607570206364767,0.13,0.1307570206364767,0.1255426403048403,0.0052143803316364035,True,0.0,26.7,24.6,26.0245227606,1.4792745721,25.8218112053,1.4664449407,3.9963888888888888,2026-04-07T10:00:00+00:00,2026-04-07T06:00:13+00:00
2026-04-09,market_development,6h_prior,selected_gp,p_selected_gp,1871852,7,26°C,interior_bin,26.0,27.0,0.2207355953179566,0.0495,0.17123559531795662,0.10138383582903601,0.06985175948892061,True,0.0,28.0,26.4,27.8245227606,1.4792745721,27.3919066789,1.4944987961,1.9869444444444444,2026-04-08T10:00:00+00:00,2026-04-08T08:00:47+00:00
2026-04-10,market_development,6h_prior,selected_gp,p_selected_gp,1886474,7,27°C,interior_bin,27.0,28.0,0.2522986023574538,0.0255,0.22679860235745383,0.1664679436529761,0.060330658704477735,True,0.0,28.3,26.9,28.3245227606,1.4792745721,27.8860613038,1.5040685272,0.9852777777777778,2026-04-09T10:00:00+00:00,2026-04-09T09:00:53+00:00
2026-04-11,market_development,6h_prior,selected_gp,p_selected_gp,1901878,7,27°C,interior_bin,27.0,28.0,0.2578391016653898,0.07,0.1878391016653898,0.1709060306004941,0.016933071064895694,True,1.0,27.6,26.7,28.1245227606,1.4792745721,27.7176904549,1.5039571555,2.9875,2026-04-10T10:00:00+00:00,2026-04-10T07:00:45+00:00
2026-04-12,market_development,6h_prior,selected_gp,p_selected_gp,1915004,6,26°C,interior_bin,26.0,27.0,0.1390286139266861,0.019,0.12002861392668611,0.053047857613594596,0.06698075631309151,True,0.0,28.5,27.2,28.6245227606,1.4792745721,28.2183088933,1.5123479207,1.985,2026-04-11T10:00:00+00:00,2026-04-11T08:00:54+00:00
2026-04-13,market_development,6h_prior,selected_gp,p_selected_gp,1924534,5,26°C,interior_bin,26.0,27.0,0.1467896426748746,0.017,0.12978964267487458,0.0580476541260486,0.07174198854882599,True,0.0,29.7,27.1,28.5245227606,1.4792745721,28.1417374394,1.5132591372,2.984444444444444,2026-04-12T10:00:00+00:00,2026-04-12T07:00:56+00:00
2026-04-14,market_development,6h_prior,selected_gp,p_selected_gp,1953601,7,27°C,interior_bin,27.0,28.0,0.2215427542050321,0.025,0.19654275420503212,0.08105756255008849,0.11548519165494363,True,0.0,29.0,27.3,28.7245227606,1.4792745721,28.3554600448,1.517361222,0.9872222222222222,2026-04-13T10:00:00+00:00,2026-04-13T09:00:46+00:00
2026-04-15,market_development,6h_prior,selected_gp,p_selected_gp,1965432,7,27°C,interior_bin,27.0,28.0,0.1937570420621962,0.06,0.1337570420621962,0.08870888476342961,0.0450481572987666,True,0.0,28.9,27.6,29.0245227606,1.4792745721,28.668540868,1.5220915539,0.9869444444444444,2026-04-14T10:00:00+00:00,2026-04-14T09:00:47+00:00
2026-04-17,market_development,6h_prior,selected_gp,p_selected_gp,1988521,5,26°C,interior_bin,26.0,27.0,0.1203847631708001,0.006,0.1143847631708001,0.07157555766467,0.0428092055061301,True,0.0,28.0,27.3,28.7245227606,1.4792745721,28.4109579339,1.5225304998,0.9836111111111112,2026-04-16T10:00:00+00:00,2026-04-16T09:00:59+00:00
2026-04-18,market_development,6h_prior,selected_gp,p_selected_gp,1996498,10,31°C or higher,upper_tail,31.0,inf,0.3833701239434364,0.0345,0.3488701239434364,0.10949581427770563,0.23937430966573078,True,0.0,28.5,29.4,30.8245227606,1.4792745721,30.5432081225,1.5398786959,1.998888888888889,2026-04-17T10:00:00+00:00,2026-04-17T08:00:04+00:00
2026-04-19,market_development,6h_prior,selected_gp,p_selected_gp,2003838,6,27°C,interior_bin,27.0,28.0,0.2213509599533294,0.045,0.1763509599533294,0.119480885168987,0.05687007478434239,True,0.0,30.0,27.2,28.6245227606,1.4792745721,28.3486066476,1.5248231799,0.9880555555555556,2026-04-18T10:00:00+00:00,2026-04-18T09:00:43+00:00
2026-04-20,market_development,6h_prior,selected_gp,p_selected_gp,2011249,5,26°C,interior_bin,26.0,27.0,0.1249390926520007,0.0155,0.1094390926520007,0.06390301899766151,0.04553607365433919,True,0.0,28.4,27.2,28.6245227606,1.4792745721,28.3650576172,1.5263036534,2.9855555555555555,2026-04-19T10:00:00+00:00,2026-04-19T07:00:52+00:00
2026-04-21,market_development,6h_prior,selected_gp,p_selected_gp,2019313,5,26°C,interior_bin,26.0,27.0,0.1978972439594445,0.0115,0.1863972439594445,0.1416371083630905,0.04476013559635397,True,0.0,28.9,26.4,27.8245227606,1.4792745721,27.6242501177,1.5220894102,1.9975,2026-04-20T10:00:00+00:00,2026-04-20T08:00:09+00:00
2026-04-22,market_development,6h_prior,selected_gp,p_selected_gp,2029696,6,27°C,interior_bin,27.0,28.0,0.1726582522944025,0.0395,0.13315825229440248,0.0776061236789457,0.055552128615456775,True,0.0,29.4,27.7,29.1245227606,1.4792745721,28.8830200952,1.5323102332,1.9902777777777776,2026-04-21T10:00:00+00:00,2026-04-21T08:00:35+00:00
2026-04-23,market_development,6h_prior,selected_gp,p_selected_gp,2040379,8,29°C,interior_bin,29.0,30.0,0.1546135480633298,0.0265,0.1281135480633298,0.1152225095698731,0.012891038493456713,True,1.0,29.0,26.7,28.1245227606,1.4792745721,27.9348710294,1.5272404589,0.9986111111111112,2026-04-22T10:00:00+00:00,2026-04-22T09:00:05+00:00
2026-04-24,market_development,6h_prior,selected_gp,p_selected_gp,2049567,3,21°C,interior_bin,21.0,22.0,0.2335363253097273,0.0795,0.15403632530972727,0.13737576808242039,0.016660557227306888,True,0.0,23.7,20.1,21.5245227606,1.4792745721,22.2089898848,1.5079449922,0.9977777777777778,2026-04-23T10:00:00+00:00,2026-04-23T09:00:08+00:00
2026-04-25,market_development,6h_prior,selected_gp,p_selected_gp,2057068,8,27°C,interior_bin,27.0,28.0,0.2304798815397409,0.046,0.18447988153974088,0.11782224923631889,0.06665763230342199,True,0.0,26.5,25.4,26.8245227606,1.4792745721,26.7723393608,1.5230762374,0.9980555555555556,2026-04-24T10:00:00+00:00,2026-04-24T09:00:07+00:00
2026-04-26,market_development,6h_prior,selected_gp,p_selected_gp,2065024,6,26°C,interior_bin,26.0,27.0,0.2356405068196395,0.055,0.1806405068196395,0.1217947040735165,0.058845802746123,True,0.0,28.8,25.8,27.2245227606,1.4792745721,27.1432571212,1.5267291317,0.9955555555555556,2026-04-25T10:00:00+00:00,2026-04-25T09:00:16+00:00
2026-04-27,market_development,6h_prior,selected_gp,p_selected_gp,2074466,6,26°C,interior_bin,26.0,27.0,0.2285670158510919,0.0355,0.1930670158510919,0.1311366026327221,0.06193041321836981,True,0.0,27.9,25.9,27.3245227606,1.4792745721,27.2459273007,1.5287021674,0.9980555555555556,2026-04-26T10:00:00+00:00,2026-04-26T09:00:07+00:00
2026-04-28,market_development,6h_prior,selected_gp,p_selected_gp,2082493,5,26°C,interior_bin,26.0,27.0,0.1794928875130904,0.0605,0.1189928875130904,0.0772179753976957,0.04177491211539469,True,0.0,29.4,26.5,27.9245227606,1.4792745721,27.812811453,1.5327501943,0.9980555555555556,2026-04-27T10:00:00+00:00,2026-04-27T09:00:07+00:00
2026-04-29,market_development,6h_prior,selected_gp,p_selected_gp,2091691,10,29°C or higher,upper_tail,29.0,inf,0.3466396896314092,0.0115,0.33513968963140917,0.16955796082230817,0.165581728809101,True,0.0,28.4,27.1,28.5245227606,1.4792745721,28.3940163948,1.5364359994,0.9986111111111112,2026-04-28T10:00:00+00:00,2026-04-28T09:00:05+00:00
2026-04-30,market_development,6h_prior,selected_gp,p_selected_gp,2102290,10,25°C or higher,upper_tail,25.0,inf,0.8586067393692978,0.745,0.11360673936929777,-0.0004999998549544338,0.1141067392242522,True,1.0,26.7,25.2,26.6245227606,1.4792745721,26.6435693128,1.5302102887,0.9991666666666666,2026-04-29T10:00:00+00:00,2026-04-29T09:00:03+00:00
2026-05-01,market_development,6h_prior,selected_gp,p_selected_gp,2112388,5,24°C,interior_bin,24.0,25.0,0.2345393637306969,0.058,0.1765393637306969,0.1426503979215766,0.03388896580912029,True,0.0,26.9,23.5,24.9245227606,1.4792745721,25.1597878463,1.5271653043,0.9958333333333332,2026-04-30T10:00:00+00:00,2026-04-30T09:00:15+00:00
2026-05-02,market_development,6h_prior,selected_gp,p_selected_gp,2122364,6,27°C,interior_bin,27.0,28.0,0.2057364990982636,0.115,0.0907364990982636,0.078096894459209,0.0126396046390546,True,1.0,27.0,27.2,28.6245227606,1.4792745721,28.5234436794,1.53945074,0.9975,2026-05-01T10:00:00+00:00,2026-05-01T09:00:09+00:00
2026-05-03,market_development,6h_prior,selected_gp,p_selected_gp,2130008,10,31°C or higher,upper_tail,31.0,inf,0.3523614964410362,0.032,0.3203614964410362,0.0781945429295946,0.24216695351144157,True,0.0,29.6,29.1,30.5245227606,1.4792745721,30.4140278438,1.54629368,0.9961111111111112,2026-05-02T10:00:00+00:00,2026-05-02T09:00:14+00:00
2026-05-04,market_development,6h_prior,selected_gp,p_selected_gp,2137349,10,26°C or higher,upper_tail,26.0,inf,0.7687856948568326,0.495,0.2737856948568326,0.0042526810717831,0.26953301378504946,True,1.0,27.6,25.7,27.1245227606,1.4792745721,27.1292152015,1.5366531203,0.9983333333333332,2026-05-03T10:00:00+00:00,2026-05-03T09:00:06+00:00
2026-05-05,market_development,6h_prior,selected_gp,p_selected_gp,2144874,4,22°C,interior_bin,22.0,23.0,0.1333129819654794,0.008,0.12531298196547938,0.1106575525744883,0.014655429390991084,True,0.0,23.0,22.5,23.9245227606,1.4792745721,24.280766812,1.5325774577,0.9986111111111112,2026-05-04T10:00:00+00:00,2026-05-04T09:00:05+00:00
2026-05-06,market_development,6h_prior,selected_gp,p_selected_gp,2156968,4,25°C,interior_bin,25.0,26.0,0.2151216259077627,0.0555,0.15962162590776272,0.11225560169779539,0.04736602420996733,True,0.0,24.6,24.9,26.3245227606,1.4792745721,26.4129257426,1.5369926966,0.9986111111111112,2026-05-05T10:00:00+00:00,2026-05-05T09:00:05+00:00
2026-05-07,market_development,6h_prior,selected_gp,p_selected_gp,2162008,4,26°C,interior_bin,26.0,27.0,0.1888573165365749,0.119,0.0698573165365749,0.05767569818851571,0.01218161834805919,True,0.0,29.3,26.3,27.7245227606,1.4792745721,27.7107620033,1.5408676905,0.9983333333333332,2026-05-06T10:00:00+00:00,2026-05-06T09:00:06+00:00
2026-05-08,market_development,6h_prior,selected_gp,p_selected_gp,2171320,10,31°C or higher,upper_tail,31.0,inf,0.1304992284595227,0.0105,0.1199992284595227,0.0797309747589993,0.04026825370052339,True,0.0,30.3,27.9,29.3245227606,1.4792745721,29.2631607763,1.5451834142,0.9988888888888888,2026-05-07T10:00:00+00:00,2026-05-07T09:00:04+00:00
2026-05-09,market_development,6h_prior,selected_gp,p_selected_gp,2179278,10,27°C or higher,upper_tail,27.0,inf,0.2712479694224584,0.125,0.14624796942245838,0.09989474173952051,0.04635322768293787,True,0.0,26.1,24.5,25.9245227606,1.4792745721,26.0623396731,1.5395634301,0.9991666666666666,2026-05-08T10:00:00+00:00,2026-05-08T09:00:03+00:00
2026-05-10,market_development,6h_prior,selected_gp,p_selected_gp,2186786,6,25°C,interior_bin,25.0,26.0,0.2058383546451387,0.065,0.1408383546451387,0.09391317971299509,0.0469251749321436,True,0.0,26.1,25.0,26.4245227606,1.4792745721,26.5208142443,1.5411118917,0.9986111111111112,2026-05-09T10:00:00+00:00,2026-05-09T09:00:05+00:00
2026-05-11,market_development,6h_prior,selected_gp,p_selected_gp,2206097,6,26°C,interior_bin,26.0,27.0,0.1680169656683964,0.0535,0.11451696566839642,0.09468332572659191,0.01983363994180451,True,0.0,28.8,26.5,27.9245227606,1.4792745721,27.9280400669,1.5440271475,0.9980555555555556,2026-05-10T10:00:00+00:00,2026-05-10T09:00:07+00:00
2026-05-12,market_development,6h_prior,selected_gp,p_selected_gp,2219843,10,31°C or higher,upper_tail,31.0,inf,0.2570865481043022,0.18,0.07708654810430221,0.0519262335347004,0.025160314569601813,True,1.0,31.6,28.6,30.0245227606,1.4792745721,29.9900630325,1.5481434958,0.9983333333333332,2026-05-11T10:00:00+00:00,2026-05-11T09:00:06+00:00
2026-05-13,market_development,6h_prior,selected_gp,p_selected_gp,2227744,7,28°C,interior_bin,28.0,29.0,0.1803825844047702,0.0475,0.1328825844047702,0.12379793958558291,0.009084644819187276,True,0.0,31.1,28.4,29.8245227606,1.4792745721,29.7979458819,1.5480948268,0.9966666666666668,2026-05-12T10:00:00+00:00,2026-05-12T09:00:12+00:00
2026-05-14,market_development,6h_prior,selected_gp,p_selected_gp,2237515,9,30°C,interior_bin,30.0,31.0,0.1622727990760394,0.085,0.07727279907603939,0.070567908726683,0.006704890349356382,True,0.0,29.2,27.6,29.0245227606,1.4792745721,29.0133919766,1.5471813723,0.9972222222222222,2026-05-13T10:00:00+00:00,2026-05-13T09:00:10+00:00
2026-05-15,market_development,6h_prior,selected_gp,p_selected_gp,2247295,10,29°C or higher,upper_tail,29.0,inf,0.5807791999645039,0.29,0.2907791999645039,0.006447717775635699,0.2843314821888682,True,0.0,27.4,27.9,29.3245227606,1.4792745721,29.3156099039,1.54796284,0.9969444444444444,2026-05-14T10:00:00+00:00,2026-05-14T09:00:11+00:00
2026-05-16,market_development,6h_prior,selected_gp,p_selected_gp,2257382,6,25°C,interior_bin,25.0,26.0,0.1695847255627276,0.074,0.09558472556272761,0.0688103166717349,0.02677440889099271,True,1.0,25.6,25.4,26.8245227606,1.4792745721,26.9115003769,1.5458775249,0.9983333333333332,2026-05-15T10:00:00+00:00,2026-05-15T09:00:06+00:00
2026-05-17,market_development,6h_prior,selected_gp,p_selected_gp,2265860,10,29°C or higher,upper_tail,29.0,inf,0.2315144214404015,0.045,0.18651442144040148,0.1036245007364639,0.08288992070393758,True,0.0,25.4,26.4,27.8245227606,1.4792745721,27.8646366262,1.5470936032,0.9963888888888888,2026-05-16T10:00:00+00:00,2026-05-16T09:00:13+00:00
2026-05-18,market_development,6h_prior,selected_gp,p_selected_gp,2274324,8,29°C,interior_bin,29.0,30.0,0.2028327137936542,0.09,0.1128327137936542,0.0730857397873386,0.039746974006315605,True,0.0,26.3,27.0,28.4245227606,1.4792745721,28.4499126536,1.5480063728,0.9975,2026-05-17T10:00:00+00:00,2026-05-17T09:00:09+00:00
2026-05-19,market_development,6h_prior,selected_gp,p_selected_gp,2281870,4,26°C,interior_bin,26.0,27.0,0.1083933006900157,0.059,0.0493933006900157,0.027245910596098797,0.0221473900939169,True,1.0,26.4,27.1,28.5245227606,1.4792745721,28.5524647168,1.5484483931,8.998055555555556,2026-05-18T10:00:00+00:00,2026-05-18T01:00:07+00:00
2026-05-21,market_development,6h_prior,selected_gp,p_selected_gp,2299510,9,31°C,interior_bin,31.0,32.0,0.1845822923913108,0.0785,0.1060822923913108,0.0827380976499996,0.02334419474131119,True,1.0,31.5,28.8,30.2245227606,1.4792745721,30.2479259002,1.5505079579,0.9991666666666666,2026-05-20T10:00:00+00:00,2026-05-20T09:00:03+00:00
2026-05-22,market_development,6h_prior,selected_gp,p_selected_gp,2309322,8,29°C,interior_bin,29.0,30.0,0.1934765727467655,0.085,0.10847657274676549,0.0640643210852363,0.04441225166152919,True,0.0,31.4,29.2,30.6245227606,1.4792745721,30.6543861833,1.5510836788,0.995,2026-05-21T10:00:00+00:00,2026-05-21T09:00:18+00:00
2026-05-23,market_development,6h_prior,selected_gp,p_selected_gp,2319899,7,30°C,interior_bin,30.0,31.0,0.2515073383983122,0.095,0.15650733839831218,0.1280087311135527,0.028498607284759475,True,1.0,30.3,29.2,30.6245227606,1.4792745721,30.6595137803,1.5512201072,0.9975,2026-05-22T10:00:00+00:00,2026-05-22T09:00:09+00:00
2026-05-24,market_development,6h_prior,selected_gp,p_selected_gp,2328442,10,32°C or higher,upper_tail,32.0,inf,0.3904749612132336,0.305,0.08547496121323361,0.07215960835083479,0.013315352862398822,True,0.0,31.5,30.1,31.5245227606,1.4792745721,31.5683331445,1.5523043053,0.9986111111111112,2026-05-23T10:00:00+00:00,2026-05-23T09:00:05+00:00
2026-05-25,market_development,6h_prior,selected_gp,p_selected_gp,2336838,7,30°C,interior_bin,30.0,31.0,0.2090136031365459,0.095,0.1140136031365459,0.0948192526964384,0.019194350440107505,True,0.0,32.0,30.0,31.4245227606,1.4792745721,31.4723973523,1.5522666419,0.9977777777777778,2026-05-24T10:00:00+00:00,2026-05-24T09:00:08+00:00
2026-05-26,market_development,6h_prior,selected_gp,p_selected_gp,2344162,7,30°C,interior_bin,30.0,31.0,0.2002068947772568,0.028,0.1722068947772568,0.1028941946220269,0.06931270015522992,True,0.0,32.0,30.1,31.5245227606,1.4792745721,31.5770366916,1.5524491906,0.9986111111111112,2026-05-25T10:00:00+00:00,2026-05-25T09:00:05+00:00
2026-05-27,market_development,6h_prior,selected_gp,p_selected_gp,2350807,6,30°C,interior_bin,30.0,31.0,0.1336825354174069,0.031,0.1026825354174069,0.0883703508471714,0.014312184570235503,True,0.0,33.7,30.8,32.2245227606,1.4792745721,32.2820904225,1.5533216415,0.9980555555555556,2026-05-26T10:00:00+00:00,2026-05-26T09:00:07+00:00
2026-05-28,market_development,6h_prior,selected_gp,p_selected_gp,2358662,8,31°C,interior_bin,31.0,32.0,0.1720405344100183,0.04,0.13204053441001828,0.10000515319056072,0.032035381219457565,True,0.0,33.4,31.4,32.8245227606,1.4792745721,32.8839469853,1.5541483762,0.9952777777777778,2026-05-27T10:00:00+00:00,2026-05-27T09:00:17+00:00
2026-05-29,market_development,6h_prior,selected_gp,p_selected_gp,2367418,8,32°C,interior_bin,32.0,33.0,0.0615843862122099,0.0405,0.0210843862122099,0.009494821809929398,0.0115895644022805,True,0.0,34.1,33.7,35.1245227606,1.4792745721,35.159589296,1.5581718142,0.9988888888888888,2026-05-28T10:00:00+00:00,2026-05-28T09:00:04+00:00
2026-05-30,market_development,6h_prior,selected_gp,p_selected_gp,2375831,6,29°C,interior_bin,29.0,30.0,0.1423742495399303,0.025,0.11737424953993031,0.055626522751973294,0.061747726787957015,True,0.0,32.6,29.7,31.1245227606,1.4792745721,31.1913928463,1.5523553956,0.9988888888888888,2026-05-29T10:00:00+00:00,2026-05-29T09:00:04+00:00
2026-05-31,market_development,6h_prior,selected_gp,p_selected_gp,2383811,7,29°C,interior_bin,29.0,30.0,0.2484353384037931,0.03,0.2184353384037931,0.1743135681218048,0.0441217702819883,True,0.0,30.9,28.3,29.7245227606,1.4792745721,29.7919555976,1.5517014413,0.9986111111111112,2026-05-30T10:00:00+00:00,2026-05-30T09:00:05+00:00
2026-06-01,market_development,6h_prior,selected_gp,p_selected_gp,2391364,7,30°C,interior_bin,30.0,31.0,0.2447491607645946,0.085,0.1597491607645946,0.1437869187493952,0.015962242015199413,True,0.0,32.3,29.4,30.8245227606,1.4792745721,30.8975457315,1.5522950006,0.9980555555555556,2026-05-31T10:00:00+00:00,2026-05-31T09:00:07+00:00
2026-06-02,market_development,6h_prior,selected_gp,p_selected_gp,2399842,6,30°C,interior_bin,30.0,31.0,0.1226040983887786,0.021,0.1016040983887786,0.09968706696013839,0.0019170314286402063,True,0.0,33.3,30.9,32.3245227606,1.4792745721,32.3995385575,1.5535898816,0.9986111111111112,2026-06-01T10:00:00+00:00,2026-06-01T09:00:05+00:00
2026-06-03,market_development,6h_prior,selected_gp,p_selected_gp,2407122,8,32°C,interior_bin,32.0,33.0,0.2478793371056383,0.075,0.1728793371056383,0.16107034827044542,0.01180898883519288,True,0.0,34.3,31.3,32.7245227606,1.4792745721,32.7989680131,1.5540513324,0.9975,2026-06-02T10:00:00+00:00,2026-06-02T09:00:09+00:00
2026-06-04,market_development,6h_prior,selected_gp,p_selected_gp,2416142,8,32°C,interior_bin,32.0,33.0,0.1068682753249833,0.06,0.046868275324983305,0.0297751655409031,0.017093109784080206,True,0.0,34.2,33.1,34.5245227606,1.4792745721,34.5739861743,1.5567155521,0.9961111111111112,2026-06-03T10:00:00+00:00,2026-06-03T09:00:14+00:00
2026-06-05,market_development,6h_prior,selected_gp,p_selected_gp,2424597,6,32°C,interior_bin,32.0,33.0,0.1246861524341358,0.0445,0.08018615243413581,0.0536877256320806,0.026498426802055206,True,0.0,34.6,32.9,34.3245227606,1.4792745721,34.378189197,1.5563235965,0.9988888888888888,2026-06-04T10:00:00+00:00,2026-06-04T09:00:04+00:00
2026-06-06,market_development,6h_prior,selected_gp,p_selected_gp,2440927,6,34°C,interior_bin,34.0,35.0,0.1514944509372526,0.07,0.0814944509372526,0.05296062123768121,0.028533829699571397,True,0.0,30.4,31.4,32.8245227606,1.4792745721,32.9027538504,1.5541660045,0.9888888888888888,2026-06-05T10:00:00+00:00,2026-06-05T09:00:40+00:00
2026-06-07,market_development,6h_prior,selected_gp,p_selected_gp,2450204,3,27°C,interior_bin,27.0,28.0,0.071256431829801,0.008,0.06325643182980101,0.026188152382207397,0.03706827944759361,True,0.0,32.0,28.5,29.9245227606,1.4792745721,30.0127042358,1.5524823016,0.9991666666666666,2026-06-06T10:00:00+00:00,2026-06-06T09:00:03+00:00
2026-06-08,market_development,6h_prior,selected_gp,p_selected_gp,2456234,4,28°C,interior_bin,28.0,29.0,0.2502132802829387,0.05,0.20021328028293872,0.1723933186293976,0.027819961653541114,True,0.0,30.9,27.2,28.6245227606,1.4792745721,28.7150101386,1.5528362373,0.9983333333333332,2026-06-07T10:00:00+00:00,2026-06-07T09:00:06+00:00
2026-06-09,market_development,6h_prior,selected_gp,p_selected_gp,2459843,4,27°C,interior_bin,27.0,28.0,0.1966744825886304,0.075,0.12167448258863041,0.0838969359898287,0.03777754659880171,True,0.0,28.4,27.1,28.5245227606,1.4792745721,28.6171199962,1.5530130911,0.9991666666666666,2026-06-08T10:00:00+00:00,2026-06-08T09:00:03+00:00
2026-06-10,market_development,6h_prior,selected_gp,p_selected_gp,2467882,3,27°C,interior_bin,27.0,28.0,0.1208393494355804,0.078,0.042839349435580404,0.0403408839460479,0.002498465489532503,True,0.0,28.6,27.9,29.3245227606,1.4792745721,29.4182091785,1.5528076259,0.9986111111111112,2026-06-09T10:00:00+00:00,2026-06-09T09:00:05+00:00
2026-06-11,market_development,6h_prior,selected_gp,p_selected_gp,2476241,3,26°C,interior_bin,26.0,27.0,0.0513351077941921,0.024,0.0273351077941921,0.025072219447392005,0.002262888346800093,True,0.0,29.0,27.8,29.2245227606,1.4792745721,29.3199396781,1.5529292715,0.9986111111111112,2026-06-10T10:00:00+00:00,2026-06-10T09:00:05+00:00
2026-06-12,market_development,6h_prior,selected_gp,p_selected_gp,2488090,4,27°C,interior_bin,27.0,28.0,0.1024508610335029,0.034,0.0684508610335029,0.0346135428845305,0.033837318148972395,True,0.0,30.4,28.1,29.5245227606,1.4792745721,29.6221858442,1.5529284865,0.9983333333333332,2026-06-11T10:00:00+00:00,2026-06-11T09:00:06+00:00
2026-06-13,market_development,6h_prior,selected_gp,p_selected_gp,2502525,7,32°C,interior_bin,32.0,33.0,0.1249215522850263,0.0855,0.03942155228502629,0.0372340065366223,0.0021875457484039906,True,0.0,30.6,29.1,30.5245227606,1.4792745721,30.62547169,1.5529230156,0.9991666666666666,2026-06-12T10:00:00+00:00,2026-06-12T09:00:03+00:00
2026-06-14,market_development,6h_prior,selected_gp,p_selected_gp,2513936,4,27°C,interior_bin,27.0,28.0,0.1296181294561421,0.065,0.06461812945614209,0.05639367767269409,0.008224451783448002,True,0.0,29.5,27.8,29.2245227606,1.4792745721,29.3248018393,1.5531846574,0.9983333333333332,2026-06-13T10:00:00+00:00,2026-06-13T09:00:06+00:00
2026-06-15,market_development,6h_prior,selected_gp,p_selected_gp,2528208,4,27°C,interior_bin,27.0,28.0,0.1680735329884334,0.055,0.1130735329884334,0.0697391358131487,0.0433343971752847,True,0.0,29.9,27.4,28.8245227606,1.4792745721,28.9256034476,1.5534708008,0.9977777777777778,2026-06-14T10:00:00+00:00,2026-06-14T09:00:08+00:00
2026-06-16,market_development,6h_prior,selected_gp,p_selected_gp,2539136,4,27°C,interior_bin,27.0,28.0,0.1485956595753694,0.1,0.048595659575369404,0.030894430501603093,0.01770122907376631,True,1.0,27.1,27.6,29.0245227606,1.4792745721,29.1271622917,1.5534361472,0.9944444444444444,2026-06-15T10:00:00+00:00,2026-06-15T09:00:20+00:00
2026-06-17,market_development,6h_prior,selected_gp,p_selected_gp,2549496,3,26°C,interior_bin,26.0,27.0,0.16775830691714,0.056,0.11175830691714,0.0755731709514359,0.03618513596570411,True,0.0,28.4,26.4,27.8245227606,1.4792745721,27.9286860098,1.5544868102,0.9972222222222222,2026-06-16T10:00:00+00:00,2026-06-16T09:00:10+00:00
2026-06-18,market_development,6h_prior,selected_gp,p_selected_gp,2560441,2,26°C,interior_bin,26.0,27.0,0.0774888465221739,0.022,0.0554888465221739,0.047730926005852214,0.007757920516321688,True,0.0,29.0,27.4,28.8245227606,1.4792745721,28.9291271582,1.553707747,0.9941666666666666,2026-06-17T10:00:00+00:00,2026-06-17T09:00:21+00:00
2026-06-19,market_development,6h_prior,selected_gp,p_selected_gp,2575380,4,29°C,interior_bin,29.0,30.0,0.1482227172107443,0.06,0.08822271721074429,0.049622273243752,0.03860044396699229,True,0.0,31.3,29.6,31.0245227606,1.4792745721,31.1310003751,1.5531998065,0.9988888888888888,2026-06-18T10:00:00+00:00,2026-06-18T09:00:04+00:00
2026-06-20,market_development,6h_prior,selected_gp,p_selected_gp,2592056,5,30°C,interior_bin,30.0,31.0,0.1681921030550469,0.09,0.0781921030550469,0.06833088061049421,0.00986122244455269,True,0.0,31.5,30.4,31.8245227606,1.4792745721,31.9243714271,1.553450545,0.9991666666666666,2026-06-19T10:00:00+00:00,2026-06-19T09:00:03+00:00
2026-06-21,market_development,6h_prior,selected_gp,p_selected_gp,2603568,4,30°C,interior_bin,30.0,31.0,0.1491246813570612,0.0245,0.1246246813570612,0.09363996281570469,0.03098471854135651,True,0.0,33.1,30.6,32.0245227606,1.4792745721,32.1217038963,1.5535498432,0.9986111111111112,2026-06-20T10:00:00+00:00,2026-06-20T09:00:05+00:00
2026-06-22,market_development,6h_prior,selected_gp,p_selected_gp,2615259,4,30°C,interior_bin,30.0,31.0,0.1120348340287439,0.0205,0.09153483402874389,0.0904092296804704,0.0011256043482734956,True,0.0,33.0,31.0,32.4245227606,1.4792745721,32.5146859556,1.5537736611,0.9972222222222222,2026-06-21T10:00:00+00:00,2026-06-21T09:00:10+00:00
2026-06-23,market_development,6h_prior,selected_gp,p_selected_gp,2625878,5,31°C,interior_bin,31.0,32.0,0.2389753071585953,0.045,0.1939753071585953,0.1526607634212821,0.04131454373731319,True,0.0,32.2,30.5,31.9245227606,1.4792745721,32.0232368264,1.5535177191,0.9972222222222222,2026-06-22T10:00:00+00:00,2026-06-22T09:00:10+00:00
2026-06-24,market_development,6h_prior,selected_gp,p_selected_gp,2636686,5,31°C,interior_bin,31.0,32.0,0.1970776495262339,0.039,0.1580776495262339,0.09638963781821869,0.06168801170801522,True,0.0,32.8,31.1,32.5245227606,1.4792745721,32.611955019,1.5538339089,0.9975,2026-06-23T10:00:00+00:00,2026-06-23T09:00:09+00:00
2026-06-25,market_development,6h_prior,selected_gp,p_selected_gp,2647491,7,34°C,interior_bin,34.0,35.0,0.2134748688648015,0.045,0.1684748688648015,0.1108016778909664,0.05767319097383511,True,0.0,32.9,32.1,33.5245227606,1.4792745721,33.5860690705,1.5546507615,0.9983333333333332,2026-06-24T10:00:00+00:00,2026-06-24T09:00:06+00:00
2026-06-26,market_development,6h_prior,selected_gp,p_selected_gp,2663112,6,33°C,interior_bin,33.0,34.0,0.2350459946457159,0.075,0.1600459946457159,0.1401118197883074,0.019934174857408504,True,0.0,31.6,31.4,32.8245227606,1.4792745721,32.9039688608,1.5540304467,0.9936111111111112,2026-06-25T10:00:00+00:00,2026-06-25T09:00:23+00:00
2026-06-27,market_development,6h_prior,selected_gp,p_selected_gp,2677951,3,28°C,interior_bin,28.0,29.0,0.1282492929435497,0.0375,0.09074929294354969,0.0447537733929928,0.04599551955055689,True,0.0,30.2,28.8,30.2245227606,1.4792745721,30.3393503602,1.5534532877,0.9983333333333332,2026-06-26T10:00:00+00:00,2026-06-26T09:00:06+00:00
2026-06-28,market_development,6h_prior,selected_gp,p_selected_gp,2688208,7,32°C,interior_bin,32.0,33.0,0.1739018896147303,0.06,0.1139018896147303,0.0739185514481529,0.0399833381665774,True,0.0,30.0,29.6,31.0245227606,1.4792745721,31.1354074759,1.5533801894,0.9977777777777778,2026-06-27T10:00:00+00:00,2026-06-27T09:00:08+00:00
2026-06-29,market_development,6h_prior,selected_gp,p_selected_gp,2702415,7,33°C,interior_bin,33.0,34.0,0.134654105123998,0.0305,0.104154105123998,0.0527096900151626,0.051444415108835406,True,0.0,31.6,30.2,31.6245227606,1.4792745721,31.7280520161,1.5534709879,0.9977777777777778,2026-06-28T10:00:00+00:00,2026-06-28T09:00:08+00:00
2026-06-30,market_development,6h_prior,selected_gp,p_selected_gp,2715237,3,29°C,interior_bin,29.0,30.0,0.2114305867261598,0.049,0.1624305867261598,0.1142417470639078,0.04818883966225199,True,0.0,32.1,28.9,30.3245227606,1.4792745721,30.4411356253,1.5534960104,0.9988888888888888,2026-06-29T10:00:00+00:00,2026-06-29T09:00:04+00:00
2026-03-18,market_development,event_day_open,selected_gp,p_selected_gp,1609289,6,24°C,interior_bin,24.0,25.0,0.1650332975591519,0.13,0.03503329755915188,-0.0015542321847386003,0.036587529743890485,True,0.0,27.8,25.6,27.0240469208,1.4737217387,25.9645412347,1.3827117068,0.9861111111111112,2026-03-17T16:00:00+00:00,2026-03-17T15:00:50+00:00
2026-03-19,market_development,event_day_open,selected_gp,p_selected_gp,1609345,7,25°C,interior_bin,25.0,26.0,0.1884137352682209,0.017,0.1714137352682209,0.0706700948355609,0.10074364043266,True,0.0,28.1,26.4,27.8240469208,1.4737217387,26.7641469903,1.4125949284,0.9841666666666666,2026-03-18T16:00:00+00:00,2026-03-18T15:00:57+00:00
2026-03-21,market_development,event_day_open,selected_gp,p_selected_gp,1626012,6,23°C,interior_bin,23.0,24.0,0.2654308763023498,0.0815,0.18393087630234978,0.1037220643444746,0.08020881195787517,True,0.0,22.3,22.8,24.2240469208,1.4737217387,24.0640418467,1.3522680932,0.9880555555555556,2026-03-20T16:00:00+00:00,2026-03-20T15:00:43+00:00
2026-03-22,market_development,event_day_open,selected_gp,p_selected_gp,1638207,8,25°C,interior_bin,25.0,26.0,0.2776591247801763,0.215,0.0626591247801763,0.04454945807090491,0.018109666709271388,True,1.0,25.4,24.6,26.0240469208,1.4737217387,25.2684220944,1.3876883126,0.9869444444444444,2026-03-21T16:00:00+00:00,2026-03-21T15:00:47+00:00
2026-03-23,market_development,event_day_open,selected_gp,p_selected_gp,1649219,6,24°C,interior_bin,24.0,25.0,0.1063101810280753,0.0135,0.0928101810280753,0.0765363141873178,0.016273866840757503,True,0.0,27.4,26.0,27.4240469208,1.4737217387,26.5016277201,1.4234648491,0.9891666666666666,2026-03-22T16:00:00+00:00,2026-03-22T15:00:39+00:00
2026-03-24,market_development,event_day_open,selected_gp,p_selected_gp,1660893,6,24°C,interior_bin,24.0,25.0,0.1622118845990332,0.018,0.14421188459903322,0.11561180004290891,0.02860008455612431,True,0.0,26.9,25.4,26.8240469208,1.4737217387,25.9905018126,1.4156578467,0.9916666666666668,2026-03-23T16:00:00+00:00,2026-03-23T15:00:30+00:00
2026-03-25,market_development,event_day_open,selected_gp,p_selected_gp,1670883,10,28°C or higher,upper_tail,28.0,inf,0.637967079328768,0.59,0.04796707932876798,-0.0005707378324381965,0.04853781716120618,True,1.0,30.0,27.9,29.3240469208,1.4737217387,28.5220146618,1.4786688031,0.9927777777777778,2026-03-24T16:00:00+00:00,2026-03-24T15:00:26+00:00
2026-03-26,market_development,event_day_open,selected_gp,p_selected_gp,1680834,6,24°C,interior_bin,24.0,25.0,0.12542318546311,0.0125,0.11292318546310999,0.1119014195881892,0.0010217658749207964,True,0.0,28.4,25.7,27.1240469208,1.4737217387,26.3230922392,1.4328338105,0.9925,2026-03-25T16:00:00+00:00,2026-03-25T15:00:27+00:00
2026-03-27,market_development,event_day_open,selected_gp,p_selected_gp,1690235,7,26°C,interior_bin,26.0,27.0,0.2698082861109315,0.0175,0.2523082861109315,0.1972009030026946,0.055107383108236874,True,1.0,26.2,26.0,27.4240469208,1.4737217387,26.6312599851,1.4438416886,0.9883333333333332,2026-03-26T16:00:00+00:00,2026-03-26T15:00:42+00:00
2026-03-28,market_development,event_day_open,selected_gp,p_selected_gp,1701887,10,28°C or higher,upper_tail,28.0,inf,0.2558393105330154,0.165,0.09083931053301539,0.06146091561216879,0.029378394920846596,True,0.0,27.4,26.4,27.8240469208,1.4737217387,27.0443305591,1.4563111057,0.9875,2026-03-27T16:00:00+00:00,2026-03-27T15:00:45+00:00
2026-03-29,market_development,event_day_open,selected_gp,p_selected_gp,1714955,7,26°C,interior_bin,26.0,27.0,0.2698795424488946,0.115,0.15487954244889462,0.09874169956321859,0.05613784288567604,True,0.0,25.8,25.8,27.2240469208,1.4737217387,26.5097708827,1.449388208,0.9883333333333332,2026-03-28T16:00:00+00:00,2026-03-28T15:00:42+00:00
2026-04-01,market_development,event_day_open,selected_gp,p_selected_gp,1779995,9,29°C,interior_bin,29.0,30.0,0.178380382878335,0.065,0.11338038287833499,0.094954244720381,0.018426138157953992,True,0.0,27.3,27.4,28.8240469208,1.4737217387,28.1628822327,1.4877971522,0.9852777777777778,2026-03-31T16:00:00+00:00,2026-03-31T15:00:53+00:00
2026-04-02,market_development,event_day_open,selected_gp,p_selected_gp,1780352,6,24°C,interior_bin,24.0,25.0,0.2262855281827076,0.13,0.09628552818270761,0.0920001289538277,0.00428539922887991,True,1.0,24.0,24.3,25.7240469208,1.4737217387,25.3808072957,1.446451701,0.9836111111111112,2026-04-01T16:00:00+00:00,2026-04-01T15:00:59+00:00
2026-04-03,market_development,event_day_open,selected_gp,p_selected_gp,1780893,9,28°C,interior_bin,28.0,29.0,0.144295411635997,0.055,0.089295411635997,0.0442981508916719,0.0449972607443251,True,0.0,27.1,26.0,27.4240469208,1.4737217387,26.84074718,1.4727243567,0.9969444444444444,2026-04-02T16:00:00+00:00,2026-04-02T15:00:11+00:00
2026-04-04,market_development,event_day_open,selected_gp,p_selected_gp,1781316,6,25°C,interior_bin,25.0,26.0,0.2481223231492555,0.135,0.1131223231492555,0.027477063753746797,0.0856452593955087,True,0.0,26.4,25.1,26.5240469208,1.4737217387,26.0740779744,1.4648773136,0.9844444444444445,2026-04-03T16:00:00+00:00,2026-04-03T15:00:56+00:00
2026-04-05,market_development,event_day_open,selected_gp,p_selected_gp,1815120,5,24°C,interior_bin,24.0,25.0,0.2254599875682282,0.015,0.2104599875682282,0.09602500072764,0.1144349868405882,True,0.0,25.7,24.2,25.6240469208,1.4737217387,25.376683182,1.4588168028,0.9858333333333332,2026-04-04T16:00:00+00:00,2026-04-04T15:00:51+00:00
2026-04-06,market_development,event_day_open,selected_gp,p_selected_gp,1827305,6,26°C,interior_bin,26.0,27.0,0.2433015308557495,0.115,0.12830153085574947,0.10955413407653308,0.018747396779216385,True,0.0,28.1,26.2,27.6240469208,1.4737217387,27.1067469057,1.4849683726,11.983611111111111,2026-04-05T16:00:00+00:00,2026-04-05T04:00:59+00:00
2026-04-07,market_development,event_day_open,selected_gp,p_selected_gp,1842913,10,30°C or higher,upper_tail,30.0,inf,0.2593681089574029,0.175,0.08436810895740293,0.023552794777754182,0.06081531417964875,True,0.0,29.2,28.1,29.5240469208,1.4737217387,29.02625012,1.5090002438,0.9897222222222222,2026-04-06T16:00:00+00:00,2026-04-06T15:00:37+00:00
2026-04-08,market_development,event_day_open,selected_gp,p_selected_gp,1854648,6,25°C,interior_bin,25.0,26.0,0.2615645815994504,0.045,0.2165645815994504,0.17298452889927488,0.04358005270017554,True,0.0,26.7,24.6,26.0240469208,1.4737217387,25.7583504811,1.4745442261,1.9847222222222225,2026-04-07T16:00:00+00:00,2026-04-07T14:00:55+00:00
2026-04-09,market_development,event_day_open,selected_gp,p_selected_gp,1871852,7,26°C,interior_bin,26.0,27.0,0.2226544814606075,0.009,0.2136544814606075,0.1809600074191114,0.03269447404149611,True,0.0,28.0,26.4,27.8240469208,1.4737217387,27.3683770769,1.4951344072,0.9963888888888888,2026-04-08T16:00:00+00:00,2026-04-08T15:00:13+00:00
2026-04-10,market_development,event_day_open,selected_gp,p_selected_gp,1886474,7,27°C,interior_bin,27.0,28.0,0.2531102520556236,0.055,0.1981102520556236,0.1643267673212602,0.033783484734363406,True,0.0,28.3,26.9,28.3240469208,1.4737217387,27.8731480009,1.5022053552,1.9852777777777777,2026-04-09T16:00:00+00:00,2026-04-09T14:00:53+00:00
2026-04-11,market_development,event_day_open,selected_gp,p_selected_gp,1901877,6,26°C,interior_bin,26.0,27.0,0.1916857940448225,0.0175,0.17418579404482248,0.1374960380480738,0.036689755996748674,True,0.0,27.6,26.7,28.1240469208,1.4737217387,27.7003465327,1.5023700734,4.985833333333333,2026-04-10T16:00:00+00:00,2026-04-10T11:00:51+00:00
2026-04-12,market_development,event_day_open,selected_gp,p_selected_gp,1915004,6,26°C,interior_bin,26.0,27.0,0.1397088465755888,0.036,0.10370884657558879,0.0532371582357531,0.050471688339835695,True,0.0,28.5,27.2,28.6240469208,1.4737217387,28.2107521254,1.5084902899,4.984444444444445,2026-04-11T16:00:00+00:00,2026-04-11T11:00:56+00:00
2026-04-13,market_development,event_day_open,selected_gp,p_selected_gp,1924534,5,26°C,interior_bin,26.0,27.0,0.1477492668663966,0.0175,0.1302492668663966,0.055915211358895,0.07433405550750159,True,0.0,29.7,27.1,28.5240469208,1.4737217387,28.1318325854,1.5093104776,4.983611111111111,2026-04-12T16:00:00+00:00,2026-04-12T11:00:59+00:00
2026-04-14,market_development,event_day_open,selected_gp,p_selected_gp,1953601,7,27°C,interior_bin,27.0,28.0,0.2225605095321771,0.051,0.1715605095321771,0.1078203103188978,0.06374019921327931,True,0.0,29.0,27.3,28.7240469208,1.4737217387,28.3488705634,1.5123347551,1.986388888888889,2026-04-13T16:00:00+00:00,2026-04-13T14:00:49+00:00
2026-04-15,market_development,event_day_open,selected_gp,p_selected_gp,1965432,7,27°C,interior_bin,27.0,28.0,0.1942669294535759,0.0345,0.1597669294535759,0.0904950742528179,0.069271855200758,True,0.0,28.9,27.6,29.0240469208,1.4737217387,28.6667030752,1.5157570539,0.9866666666666668,2026-04-14T16:00:00+00:00,2026-04-14T15:00:48+00:00
2026-04-16,market_development,event_day_open,selected_gp,p_selected_gp,1986012,6,26°C,interior_bin,26.0,27.0,0.142080950900905,0.019,0.123080950900905,0.1192728002908209,0.0038081506100841045,True,0.0,30.2,27.1,28.5240469208,1.4737217387,28.1883233231,1.5137673721,0.985,2026-04-15T16:00:00+00:00,2026-04-15T15:00:54+00:00
2026-04-17,market_development,event_day_open,selected_gp,p_selected_gp,1988522,6,27°C,interior_bin,27.0,28.0,0.2178106484772626,0.0495,0.16831064847726257,0.1159216264164978,0.052389022060764776,True,0.0,28.0,27.3,28.7240469208,1.4737217387,28.4027997914,1.5163028286,4.984166666666667,2026-04-16T16:00:00+00:00,2026-04-16T11:00:57+00:00
2026-04-18,market_development,event_day_open,selected_gp,p_selected_gp,1996498,10,31°C or higher,upper_tail,31.0,inf,0.3872248141928722,0.021,0.3662248141928722,0.10625821061514809,0.25996660357772405,True,0.0,28.5,29.4,30.8240469208,1.4737217387,30.5620659566,1.5282482096,0.99,2026-04-17T16:00:00+00:00,2026-04-17T15:00:36+00:00
2026-04-19,market_development,event_day_open,selected_gp,p_selected_gp,2003838,6,27°C,interior_bin,27.0,28.0,0.2228752989175325,0.025,0.1978752989175325,0.1198256732832731,0.0780496256342594,True,0.0,30.0,27.2,28.6240469208,1.4737217387,28.3376319309,1.5180850905,1.985,2026-04-18T16:00:00+00:00,2026-04-18T14:00:54+00:00
2026-04-20,market_development,event_day_open,selected_gp,p_selected_gp,2011249,5,26°C,interior_bin,26.0,27.0,0.1258089052506981,0.0425,0.08330890525069809,0.0624790927144095,0.020829812536288593,True,0.0,28.4,27.2,28.6240469208,1.4737217387,28.3535369303,1.519181235,4.0,2026-04-19T16:00:00+00:00,2026-04-19T12:00:00+00:00
2026-04-21,market_development,event_day_open,selected_gp,p_selected_gp,2019313,5,26°C,interior_bin,26.0,27.0,0.2006751329235507,0.0385,0.16217513292355068,0.09966486501022209,0.06251026791332859,True,0.0,28.9,26.4,27.8240469208,1.4737217387,27.5979292953,1.5164995545,2.995,2026-04-20T16:00:00+00:00,2026-04-20T13:00:18+00:00
2026-04-22,market_development,event_day_open,selected_gp,p_selected_gp,2029696,6,27°C,interior_bin,27.0,28.0,0.1733497469976268,0.0125,0.1608497469976268,0.1297271010215374,0.031122645976089408,True,0.0,29.4,27.7,29.1240469208,1.4737217387,28.8781263629,1.5233384005,1.9861111111111112,2026-04-21T16:00:00+00:00,2026-04-21T14:00:50+00:00
2026-04-23,market_development,event_day_open,selected_gp,p_selected_gp,2040379,8,29°C,interior_bin,29.0,30.0,0.1524171343444148,0.0365,0.11591713434441481,0.114916274346541,0.0010008599978738042,True,1.0,29.0,26.7,28.1240469208,1.4737217387,27.9132462977,1.5200966261,0.9988888888888888,2026-04-22T16:00:00+00:00,2026-04-22T15:00:04+00:00
2026-04-24,market_development,event_day_open,selected_gp,p_selected_gp,2049567,3,21°C,interior_bin,21.0,22.0,0.2474253204487178,0.005,0.24242532044871778,0.16696538843020742,0.07545993201851037,True,0.0,23.7,20.1,21.5240469208,1.4737217387,21.9956429776,1.5021944919,0.9961111111111112,2026-04-23T16:00:00+00:00,2026-04-23T15:00:14+00:00
2026-04-25,market_development,event_day_open,selected_gp,p_selected_gp,2057068,8,27°C,interior_bin,27.0,28.0,0.2277250611284498,0.035,0.1927250611284498,0.1260229084640088,0.06670215266444102,True,0.0,26.5,25.4,26.8240469208,1.4737217387,26.7253788084,1.517517999,0.9966666666666668,2026-04-24T16:00:00+00:00,2026-04-24T15:00:12+00:00
2026-04-26,market_development,event_day_open,selected_gp,p_selected_gp,2065024,6,26°C,interior_bin,26.0,27.0,0.2388981267698776,0.05,0.1888981267698776,0.1331720656115693,0.055726061158308304,True,0.0,28.8,25.8,27.2240469208,1.4737217387,27.104036288,1.5200180375,0.9969444444444444,2026-04-25T16:00:00+00:00,2026-04-25T15:00:11+00:00
2026-04-27,market_development,event_day_open,selected_gp,p_selected_gp,2074466,6,26°C,interior_bin,26.0,27.0,0.2320093103129591,0.022,0.2100093103129591,0.1357102049765491,0.07429910533641002,True,0.0,27.9,25.9,27.3240469208,1.4737217387,27.2083659414,1.5213750176,0.9980555555555556,2026-04-26T16:00:00+00:00,2026-04-26T15:00:07+00:00
2026-04-28,market_development,event_day_open,selected_gp,p_selected_gp,2082493,5,26°C,interior_bin,26.0,27.0,0.1824329825355384,0.065,0.11743298253553841,0.0843790266956214,0.03305395583991701,True,0.0,29.4,26.5,27.9240469208,1.4737217387,27.7856438302,1.5240423162,0.9975,2026-04-27T16:00:00+00:00,2026-04-27T15:00:09+00:00
2026-04-29,market_development,event_day_open,selected_gp,p_selected_gp,2091691,10,29°C or higher,upper_tail,29.0,inf,0.3413272540903687,0.0255,0.31582725409036866,0.1109398762257037,0.20488737786466496,True,0.0,28.4,27.1,28.5240469208,1.4737217387,28.375928808,1.5264304773,0.9988888888888888,2026-04-28T16:00:00+00:00,2026-04-28T15:00:04+00:00
2026-04-30,market_development,event_day_open,selected_gp,p_selected_gp,2102290,10,25°C or higher,upper_tail,25.0,inf,0.8521373273192574,0.725,0.12713732731925742,0.0058749633799909,0.12126236393926652,True,1.0,26.7,25.2,26.6240469208,1.4737217387,26.5919848058,1.5224919168,0.9988888888888888,2026-04-29T16:00:00+00:00,2026-04-29T15:00:04+00:00
2026-05-01,market_development,event_day_open,selected_gp,p_selected_gp,2112388,5,24°C,interior_bin,24.0,25.0,0.2408528759031991,0.0275,0.2133528759031991,0.151521151769658,0.0618317241335411,True,0.0,26.9,23.5,24.9240469208,1.4737217387,25.0708684316,1.5199900475,0.9966666666666668,2026-04-30T16:00:00+00:00,2026-04-30T15:00:12+00:00
2026-05-02,market_development,event_day_open,selected_gp,p_selected_gp,2122363,5,26°C,interior_bin,26.0,27.0,0.1117635975655109,0.01,0.1017635975655109,0.063136546314254,0.0386270512512569,True,0.0,27.0,27.2,28.6240469208,1.4737217387,28.5051853671,1.52845194,0.9988888888888888,2026-05-01T16:00:00+00:00,2026-05-01T15:00:04+00:00
2026-05-03,market_development,event_day_open,selected_gp,p_selected_gp,2130008,10,31°C or higher,upper_tail,31.0,inf,0.3514847808938113,0.013,0.3384847808938113,0.16536534564521868,0.1731194352485926,True,0.0,29.6,29.1,30.5240469208,1.4737217387,30.4155498332,1.532722929,0.9966666666666668,2026-05-02T16:00:00+00:00,2026-05-02T15:00:12+00:00
2026-05-04,market_development,event_day_open,selected_gp,p_selected_gp,2137349,10,26°C or higher,upper_tail,26.0,inf,0.7616578390081118,0.505,0.2566578390081118,-0.00021242254281599992,0.2568702615509278,True,1.0,27.6,25.7,27.1240469208,1.4737217387,27.0865481155,1.5268109056,0.9977777777777778,2026-05-03T16:00:00+00:00,2026-05-03T15:00:08+00:00
2026-05-05,market_development,event_day_open,selected_gp,p_selected_gp,2144875,5,23°C,interior_bin,23.0,24.0,0.2344772111873084,0.11,0.12447721118730841,0.10877992175563289,0.015697289431675518,True,1.0,23.0,22.5,23.9240469208,1.4737217387,24.1679813163,1.5233144764,0.9980555555555556,2026-05-04T16:00:00+00:00,2026-05-04T15:00:07+00:00
2026-05-06,market_development,event_day_open,selected_gp,p_selected_gp,2156968,4,25°C,interior_bin,25.0,26.0,0.2206009159317827,0.039,0.18160091593178268,0.1093956669129922,0.07220524901879048,True,0.0,24.6,24.9,26.3240469208,1.4737217387,26.3554231345,1.5270571444,0.9983333333333332,2026-05-05T16:00:00+00:00,2026-05-05T15:00:06+00:00
2026-05-07,market_development,event_day_open,selected_gp,p_selected_gp,2162011,7,29°C,interior_bin,29.0,30.0,0.1291507356583611,0.052,0.07715073565836111,0.0430236360290671,0.034127099629294014,True,1.0,29.3,26.3,27.7240469208,1.4737217387,27.6773542984,1.5295196753,0.9980555555555556,2026-05-06T16:00:00+00:00,2026-05-06T15:00:07+00:00
2026-05-08,market_development,event_day_open,selected_gp,p_selected_gp,2171320,10,31°C or higher,upper_tail,31.0,inf,0.1266853781074849,0.0175,0.1091853781074849,0.05555621393361421,0.05362916417387069,True,0.0,30.3,27.9,29.3240469208,1.4737217387,29.250021376,1.5321118094,0.9947222222222222,2026-05-07T16:00:00+00:00,2026-05-07T15:00:19+00:00
2026-05-09,market_development,event_day_open,selected_gp,p_selected_gp,2179276,8,25°C,interior_bin,25.0,26.0,0.243610666796266,0.006,0.237610666796266,0.1538655274951058,0.0837451393011602,True,0.0,26.1,24.5,25.9240469208,1.4737217387,25.9975554657,1.5287329271,0.9991666666666666,2026-05-08T16:00:00+00:00,2026-05-08T15:00:03+00:00
2026-05-10,market_development,event_day_open,selected_gp,p_selected_gp,2186786,6,25°C,interior_bin,25.0,26.0,0.2114123249089666,0.08,0.1314123249089666,0.0995122429260249,0.0319000819829417,True,0.0,26.1,25.0,26.4240469208,1.4737217387,26.4655668169,1.5297620548,0.9958333333333332,2026-05-09T16:00:00+00:00,2026-05-09T15:00:15+00:00
2026-05-11,market_development,event_day_open,selected_gp,p_selected_gp,2206097,6,26°C,interior_bin,26.0,27.0,0.1713467293998694,0.0495,0.12184672939986939,0.0725027464878761,0.049343982911993295,True,0.0,28.8,26.5,27.9240469208,1.4737217387,27.8965379589,1.531526962,0.9977777777777778,2026-05-10T16:00:00+00:00,2026-05-10T15:00:08+00:00
2026-05-12,market_development,event_day_open,selected_gp,p_selected_gp,2219843,10,31°C or higher,upper_tail,31.0,inf,0.2532483923420939,0.15,0.1032483923420939,0.0729635569788449,0.030284835363248996,True,1.0,31.6,28.6,30.0240469208,1.4737217387,29.9810128406,1.5339206331,0.9980555555555556,2026-05-11T16:00:00+00:00,2026-05-11T15:00:07+00:00
2026-05-13,market_development,event_day_open,selected_gp,p_selected_gp,2227745,8,29°C,interior_bin,29.0,30.0,0.2512790389046753,0.07,0.18127903890467528,0.16947319180409118,0.011805847100584105,True,0.0,31.1,28.4,29.8240469208,1.4737217387,29.7866761003,1.5339005874,0.9983333333333332,2026-05-12T16:00:00+00:00,2026-05-12T15:00:06+00:00
2026-05-14,market_development,event_day_open,selected_gp,p_selected_gp,2237516,10,31°C or higher,upper_tail,31.0,inf,0.0954181810436191,0.0205,0.0749181810436191,0.0716663466681329,0.003251834375486193,True,0.0,29.2,27.6,29.0240469208,1.4737217387,28.9941538565,1.5333938056,0.9933333333333332,2026-05-13T16:00:00+00:00,2026-05-13T15:00:24+00:00
2026-05-15,market_development,event_day_open,selected_gp,p_selected_gp,2247295,10,29°C or higher,upper_tail,29.0,inf,0.5772551025788373,0.315,0.2622551025788373,0.008216380595650205,0.25403872198318705,True,0.0,27.4,27.9,29.3240469208,1.4737217387,29.2989111431,1.5338507343,0.9975,2026-05-14T16:00:00+00:00,2026-05-14T15:00:09+00:00
2026-05-16,market_development,event_day_open,selected_gp,p_selected_gp,2257382,6,25°C,interior_bin,25.0,26.0,0.1745420766564462,0.0995,0.07504207665644619,0.0746551622411773,0.0003869144152688908,True,1.0,25.6,25.4,26.8240469208,1.4737217387,26.8636729867,1.532786615,0.9972222222222222,2026-05-15T16:00:00+00:00,2026-05-15T15:00:10+00:00
2026-05-17,market_development,event_day_open,selected_gp,p_selected_gp,2265859,9,28°C,interior_bin,28.0,29.0,0.2331794961816621,0.0295,0.2036794961816621,0.199396054389434,0.004283441792228088,True,0.0,25.4,26.4,27.8240469208,1.4737217387,27.8308208375,1.5334524148,0.9969444444444444,2026-05-16T16:00:00+00:00,2026-05-16T15:00:11+00:00
2026-05-18,market_development,event_day_open,selected_gp,p_selected_gp,2274324,8,29°C,interior_bin,29.0,30.0,0.2014480444769171,0.063,0.1384480444769171,0.0949852057377044,0.04346283873921271,True,0.0,26.3,27.0,28.4240469208,1.4737217387,28.4230708341,1.5339520643,0.9969444444444444,2026-05-17T16:00:00+00:00,2026-05-17T15:00:11+00:00
2026-05-19,market_development,event_day_open,selected_gp,p_selected_gp,2281870,4,26°C,interior_bin,26.0,27.0,0.1100706882576841,0.059,0.0510706882576841,0.027536787272289597,0.023533900985394502,True,1.0,26.4,27.1,28.5240469208,1.4737217387,28.5265173908,1.534210747,14.998055555555556,2026-05-18T16:00:00+00:00,2026-05-18T01:00:07+00:00
2026-05-21,market_development,event_day_open,selected_gp,p_selected_gp,2299511,10,32°C or higher,upper_tail,32.0,inf,0.1252760890982795,0.0645,0.0607760890982795,0.0327635948616697,0.0280124942366098,True,0.0,31.5,28.8,30.2240469208,1.4737217387,30.2358895102,1.5353318813,0.9988888888888888,2026-05-20T16:00:00+00:00,2026-05-20T15:00:04+00:00
2026-05-22,market_development,event_day_open,selected_gp,p_selected_gp,2309322,8,29°C,interior_bin,29.0,30.0,0.1952515947584714,0.095,0.1002515947584714,0.0830915712880522,0.0171600234704192,True,0.0,31.4,29.2,30.6240469208,1.4737217387,30.6444095789,1.535661911,0.9977777777777778,2026-05-21T16:00:00+00:00,2026-05-21T15:00:08+00:00
2026-05-23,market_development,event_day_open,selected_gp,p_selected_gp,2319898,6,29°C,interior_bin,29.0,30.0,0.1948121215648643,0.0665,0.1283121215648643,0.09909548349198768,0.02921663807287661,True,0.0,30.3,29.2,30.6240469208,1.4737217387,30.6491623514,1.5357392589,0.9966666666666668,2026-05-22T16:00:00+00:00,2026-05-22T15:00:12+00:00
2026-05-24,market_development,event_day_open,selected_gp,p_selected_gp,2328439,7,29°C,interior_bin,29.0,30.0,0.106957888393712,0.02,0.08695788839371199,0.034492354557849596,0.052465533835862395,True,0.0,31.5,30.1,31.5240469208,1.4737217387,31.5619362293,1.5363833638,0.9988888888888888,2026-05-23T16:00:00+00:00,2026-05-23T15:00:04+00:00
2026-05-25,market_development,event_day_open,selected_gp,p_selected_gp,2336838,7,30°C,interior_bin,30.0,31.0,0.2109006795108811,0.06,0.1509006795108811,0.10332636053906981,0.04757431897181129,True,0.0,32.0,30.0,31.4240469208,1.4737217387,31.4652156946,1.5363533725,0.9977777777777778,2026-05-24T16:00:00+00:00,2026-05-24T15:00:08+00:00
2026-05-26,market_development,event_day_open,selected_gp,p_selected_gp,2344162,7,30°C,interior_bin,30.0,31.0,0.2019014186619184,0.0345,0.1674014186619184,0.1037422817444354,0.06365913691748301,True,0.0,32.0,30.1,31.5240469208,1.4737217387,31.5699215687,1.5364586862,0.9980555555555556,2026-05-25T16:00:00+00:00,2026-05-25T15:00:07+00:00
2026-05-27,market_development,event_day_open,selected_gp,p_selected_gp,2350807,6,30°C,interior_bin,30.0,31.0,0.1337745906137714,0.019,0.11477459061377139,0.07544603683310461,0.03932855378066678,True,0.0,33.7,30.8,32.2240469208,1.4737217387,32.2771569122,1.5369997626,0.9975,2026-05-26T16:00:00+00:00,2026-05-26T15:00:09+00:00
2026-05-28,market_development,event_day_open,selected_gp,p_selected_gp,2358662,8,31°C,interior_bin,31.0,32.0,0.1727831269890889,0.0125,0.1602831269890889,0.0975431629558037,0.06273996403328519,True,0.0,33.4,31.4,32.8240469208,1.4737217387,32.8804790365,1.5375271773,0.9991666666666666,2026-05-27T16:00:00+00:00,2026-05-27T15:00:03+00:00
2026-05-29,market_development,event_day_open,selected_gp,p_selected_gp,2367418,8,32°C,interior_bin,32.0,33.0,0.0602067829945383,0.0185,0.0417067829945383,0.025152308937778617,0.01655447405675968,True,0.0,34.1,33.7,35.1240469208,1.4737217387,35.161346261,1.5401907435,0.9991666666666666,2026-05-28T16:00:00+00:00,2026-05-28T15:00:03+00:00
2026-05-30,market_development,event_day_open,selected_gp,p_selected_gp,2375831,6,29°C,interior_bin,29.0,30.0,0.1431217195775176,0.0445,0.0986217195775176,0.0526280372059844,0.0459936823715332,True,0.0,32.6,29.7,31.1240469208,1.4737217387,31.1815135635,1.5363769011,0.9983333333333332,2026-05-29T16:00:00+00:00,2026-05-29T15:00:06+00:00
2026-05-31,market_development,event_day_open,selected_gp,p_selected_gp,2383811,7,29°C,interior_bin,29.0,30.0,0.251306248195237,0.0625,0.188806248195237,0.1790616994631436,0.009744548732093405,True,0.0,30.9,28.3,29.7240469208,1.4737217387,29.7744711529,1.5360279034,0.9977777777777778,2026-05-30T16:00:00+00:00,2026-05-30T15:00:08+00:00
2026-06-01,market_development,event_day_open,selected_gp,p_selected_gp,2391363,6,29°C,interior_bin,29.0,30.0,0.1722769146855018,0.03,0.1422769146855018,0.08250526671810479,0.05977164796739701,True,0.0,32.3,29.4,30.8240469208,1.4737217387,30.8859589587,1.5363329607,0.9991666666666666,2026-05-31T16:00:00+00:00,2026-05-31T15:00:03+00:00
2026-06-02,market_development,event_day_open,selected_gp,p_selected_gp,2399843,7,31°C,interior_bin,31.0,32.0,0.2166642154909011,0.065,0.1516642154909011,0.11710751190924279,0.0345567035816583,True,0.0,33.3,30.9,32.3240469208,1.4737217387,32.3934109839,1.5371268319,0.9983333333333332,2026-06-01T16:00:00+00:00,2026-06-01T15:00:06+00:00
2026-06-03,market_development,event_day_open,selected_gp,p_selected_gp,2407122,8,32°C,interior_bin,32.0,33.0,0.2505293753558321,0.065,0.18552937535583208,0.1601572546598941,0.025372120695937972,True,0.0,34.3,31.3,32.7240469208,1.4737217387,32.7938490347,1.5374200118,0.9975,2026-06-02T16:00:00+00:00,2026-06-02T15:00:09+00:00
2026-06-04,market_development,event_day_open,selected_gp,p_selected_gp,2416142,8,32°C,interior_bin,32.0,33.0,0.1060577273945229,0.034,0.0720577273945229,0.02963847865849,0.0424192487360329,True,0.0,34.2,33.1,34.5240469208,1.4737217387,34.573499659,1.5391878829,0.9977777777777778,2026-06-03T16:00:00+00:00,2026-06-03T15:00:08+00:00
2026-06-05,market_development,event_day_open,selected_gp,p_selected_gp,2424597,6,32°C,interior_bin,32.0,33.0,0.1242196250974693,0.0085,0.1157196250974693,0.0431140128684316,0.0726056122290377,True,0.0,34.6,32.9,34.3240469208,1.4737217387,34.3770952371,1.5389197918,0.9983333333333332,2026-06-04T16:00:00+00:00,2026-06-04T15:00:06+00:00
2026-06-06,market_development,event_day_open,selected_gp,p_selected_gp,2440927,6,34°C,interior_bin,34.0,35.0,0.1509276725890953,0.0675,0.08342767258909531,0.057434739165947,0.02599293342314831,True,0.0,30.4,31.4,32.8240469208,1.4737217387,32.8975082385,1.5374751279,0.9986111111111112,2026-06-05T16:00:00+00:00,2026-06-05T15:00:05+00:00
2026-06-07,market_development,event_day_open,selected_gp,p_selected_gp,2450204,3,27°C,interior_bin,27.0,28.0,0.0713424078057604,0.009,0.0623424078057604,0.015803550529346698,0.0465388572764137,True,0.0,32.0,28.5,29.9240469208,1.4737217387,29.9962936727,1.5364474261,0.9988888888888888,2026-06-06T16:00:00+00:00,2026-06-06T15:00:04+00:00
2026-06-08,market_development,event_day_open,selected_gp,p_selected_gp,2456233,3,27°C,interior_bin,27.0,28.0,0.1909262950351438,0.0125,0.1784262950351438,0.15820272933117038,0.020223565703973406,True,0.0,30.9,27.2,28.6240469208,1.4737217387,28.6906757589,1.5367619307,0.9986111111111112,2026-06-07T16:00:00+00:00,2026-06-07T15:00:05+00:00
2026-06-09,market_development,event_day_open,selected_gp,p_selected_gp,2459843,4,27°C,interior_bin,27.0,28.0,0.1998877206987734,0.08,0.11988772069877339,0.0887595869173115,0.031128133781461884,True,0.0,28.4,27.1,28.5240469208,1.4737217387,28.5922934763,1.5368739271,0.9991666666666666,2026-06-08T16:00:00+00:00,2026-06-08T15:00:03+00:00
2026-06-10,market_development,event_day_open,selected_gp,p_selected_gp,2467881,2,26°C,interior_bin,26.0,27.0,0.0457722111058789,0.032,0.013772211105878902,0.009195223938237598,0.004576987167641305,True,0.0,28.6,27.9,29.3240469208,1.4737217387,29.3987021583,1.5366683181,0.9938888888888888,2026-06-09T16:00:00+00:00,2026-06-09T15:00:22+00:00
2026-06-11,market_development,event_day_open,selected_gp,p_selected_gp,2476241,3,26°C,interior_bin,26.0,27.0,0.0513593667329086,0.0075,0.0438593667329086,0.036553587536856086,0.007305779196052513,True,0.0,29.0,27.8,29.2240469208,1.4737217387,29.2999880842,1.5367445386,0.9983333333333332,2026-06-10T16:00:00+00:00,2026-06-10T15:00:06+00:00
2026-06-12,market_development,event_day_open,selected_gp,p_selected_gp,2488090,4,27°C,interior_bin,27.0,28.0,0.1032068065580435,0.042,0.061206806558043496,0.057350120898436704,0.0038566856596067914,True,0.0,30.4,28.1,29.5240469208,1.4737217387,29.604031249,1.5367157643,0.9983333333333332,2026-06-11T16:00:00+00:00,2026-06-11T15:00:06+00:00
2026-06-13,market_development,event_day_open,selected_gp,p_selected_gp,2502522,4,29°C,interior_bin,29.0,30.0,0.1981289767495975,0.15,0.04812897674959751,0.046610553082906195,0.0015184236666913181,True,0.0,30.6,29.1,30.5240469208,1.4737217387,30.6120628549,1.5366561748,0.995,2026-06-12T16:00:00+00:00,2026-06-12T15:00:18+00:00
2026-06-14,market_development,event_day_open,selected_gp,p_selected_gp,2513937,5,28°C,interior_bin,28.0,29.0,0.2234161733914824,0.095,0.1284161733914824,0.1045434801723954,0.023872693219087,True,0.0,29.5,27.8,29.2240469208,1.4737217387,29.3052987516,1.5368832956,0.9980555555555556,2026-06-13T16:00:00+00:00,2026-06-13T15:00:07+00:00
2026-06-15,market_development,event_day_open,selected_gp,p_selected_gp,2528208,4,27°C,interior_bin,27.0,28.0,0.1704955993410988,0.065,0.10549559934109881,0.07279936196695419,0.03269623737414462,True,0.0,29.9,27.4,28.8240469208,1.4737217387,28.9040140765,1.5370870946,0.9980555555555556,2026-06-14T16:00:00+00:00,2026-06-14T15:00:07+00:00
2026-06-16,market_development,event_day_open,selected_gp,p_selected_gp,2539139,7,30°C,interior_bin,30.0,31.0,0.1715622094089518,0.095,0.07656220940895181,0.028137888634716106,0.0484243207742357,True,0.0,27.1,27.6,29.0240469208,1.4737217387,29.1068885745,1.5370425501,0.9991666666666666,2026-06-15T16:00:00+00:00,2026-06-15T15:00:03+00:00
2026-06-17,market_development,event_day_open,selected_gp,p_selected_gp,2549496,3,26°C,interior_bin,26.0,27.0,0.1707496827498302,0.032,0.1387496827498302,0.0775596517810884,0.061190030968741815,True,0.0,28.4,26.4,27.8240469208,1.4737217387,27.9012592431,1.53780751,0.9977777777777778,2026-06-16T16:00:00+00:00,2026-06-16T15:00:08+00:00
2026-06-18,market_development,event_day_open,selected_gp,p_selected_gp,2560442,3,27°C,interior_bin,27.0,28.0,0.1700920799615779,0.071,0.09909207996157791,0.0564930856669943,0.042598994294583616,True,0.0,29.0,27.4,28.8240469208,1.4737217387,28.9081115102,1.5372158272,0.9983333333333332,2026-06-17T16:00:00+00:00,2026-06-17T15:00:06+00:00
2026-06-19,market_development,event_day_open,selected_gp,p_selected_gp,2575380,4,29°C,interior_bin,29.0,30.0,0.1492374124296504,0.05,0.09923741242965041,0.05173187208077501,0.0475055403488754,True,0.0,31.3,29.6,31.0240469208,1.4737217387,31.1195602774,1.5367848192,0.9980555555555556,2026-06-18T16:00:00+00:00,2026-06-18T15:00:07+00:00
2026-06-20,market_development,event_day_open,selected_gp,p_selected_gp,2592056,5,30°C,interior_bin,30.0,31.0,0.1693722745830512,0.0445,0.12487227458305121,0.0862233366506307,0.03864893793242051,True,0.0,31.5,30.4,31.8240469208,1.4737217387,31.9155203598,1.5369298807,0.9988888888888888,2026-06-19T16:00:00+00:00,2026-06-19T15:00:04+00:00
2026-06-21,market_development,event_day_open,selected_gp,p_selected_gp,2603568,4,30°C,interior_bin,30.0,31.0,0.1498420377061106,0.018,0.1318420377061106,0.08618032368863701,0.0456617140174736,True,0.0,33.1,30.6,32.0240469208,1.4737217387,32.1134541339,1.5369880281,0.9983333333333332,2026-06-20T16:00:00+00:00,2026-06-20T15:00:06+00:00
2026-06-22,market_development,event_day_open,selected_gp,p_selected_gp,2615260,5,31°C,interior_bin,31.0,32.0,0.2072619624341903,0.04,0.16726196243419028,0.1059354795813748,0.061326482852815487,True,0.0,33.0,31.0,32.4240469208,1.4737217387,32.5076522959,1.5371275721,0.9983333333333332,2026-06-21T16:00:00+00:00,2026-06-21T15:00:06+00:00
2026-06-23,market_development,event_day_open,selected_gp,p_selected_gp,2625878,5,31°C,interior_bin,31.0,32.0,0.2416257573322374,0.0295,0.2121257573322374,0.14361405210031158,0.06851170523192582,True,0.0,32.2,30.5,31.9240469208,1.4737217387,32.0146195009,1.5369586734,0.9969444444444444,2026-06-22T16:00:00+00:00,2026-06-22T15:00:11+00:00
2026-06-24,market_development,event_day_open,selected_gp,p_selected_gp,2636686,5,31°C,interior_bin,31.0,32.0,0.1804409370631752,0.058,0.12244093706317521,0.0834314304440039,0.03900950661917131,True,0.0,32.8,31.3,32.7240469208,1.4737217387,32.8013883199,1.5372453915,0.9972222222222222,2026-06-23T16:00:00+00:00,2026-06-23T15:00:10+00:00
2026-06-25,market_development,event_day_open,selected_gp,p_selected_gp,2647491,7,34°C,interior_bin,34.0,35.0,0.2146958535195769,0.0395,0.1751958535195769,0.1133552506650663,0.061840602854510596,True,0.0,32.9,32.1,33.5240469208,1.4737217387,33.5825497595,1.5376943173,0.9983333333333332,2026-06-24T16:00:00+00:00,2026-06-24T15:00:06+00:00
2026-06-26,market_development,event_day_open,selected_gp,p_selected_gp,2663112,6,33°C,interior_bin,33.0,34.0,0.2368217313160661,0.075,0.1618217313160661,0.1389845879259039,0.022837143390162185,True,0.0,31.6,31.4,32.8240469208,1.4737217387,32.8980934023,1.5372780521,0.9983333333333332,2026-06-25T16:00:00+00:00,2026-06-25T15:00:06+00:00
2026-06-27,market_development,event_day_open,selected_gp,p_selected_gp,2677951,3,28°C,interior_bin,28.0,29.0,0.1291450237289119,0.053,0.07614502372891191,0.05700426543161229,0.019140758297299616,True,0.0,30.2,28.8,30.2240469208,1.4737217387,30.324981152,1.5369319548,0.9980555555555556,2026-06-26T16:00:00+00:00,2026-06-26T15:00:07+00:00
2026-06-28,market_development,event_day_open,selected_gp,p_selected_gp,2688208,7,32°C,interior_bin,32.0,33.0,0.1731996735334584,0.064,0.10919967353345839,0.0838358734572246,0.02536380007623379,True,0.0,30.0,29.6,31.0240469208,1.4737217387,31.1236300661,1.5368609265,0.9972222222222222,2026-06-27T16:00:00+00:00,2026-06-27T15:00:10+00:00
2026-06-29,market_development,event_day_open,selected_gp,p_selected_gp,2702415,7,33°C,interior_bin,33.0,34.0,0.1333103421444483,0.0285,0.10481034214444832,0.060822763459813495,0.04398757868463482,True,0.0,31.6,30.2,31.6240469208,1.4737217387,31.7180871708,1.536906961,0.9975,2026-06-28T16:00:00+00:00,2026-06-28T15:00:09+00:00
2026-06-30,market_development,event_day_open,selected_gp,p_selected_gp,2715237,3,29°C,interior_bin,29.0,30.0,0.2140018497959823,0.046,0.16800184979598232,0.11044029786843561,0.05756155192754671,True,0.0,32.1,28.9,30.3240469208,1.4737217387,30.4268621253,1.5369445964,0.9983333333333332,2026-06-29T16:00:00+00:00,2026-06-29T15:00:06+00:00
