row_id,target_date,decision_rule,development_fold,chronology_block,candidate_model,forecast_daily_max_c,hko_daily_max_c,crps_99q,central_80_covered,central_80_width_c,median_absolute_error_c
2026-04-12|24h_prior,2026-04-12,24h_prior,1,development_validation,pooled_catboost_quantile,27.0,28.5,0.5948631126866094,False,0.09876461099151612,0.606166140075441
2026-04-12|event_day_open,2026-04-12,event_day_open,1,development_validation,pooled_catboost_quantile,27.1,28.5,0.2578045714933346,False,0.0,0.2578045714933346
2026-04-13|24h_prior,2026-04-13,24h_prior,1,development_validation,pooled_catboost_quantile,27.1,29.7,1.4223779506868721,False,0.0,1.4223779506868723
2026-04-13|event_day_open,2026-04-13,event_day_open,1,development_validation,pooled_catboost_quantile,27.0,29.7,1.860639125787307,False,0.036260193176151034,1.8576728185272202
2026-04-14|24h_prior,2026-04-14,24h_prior,1,development_validation,pooled_catboost_quantile,27.0,29.0,1.0948631126866093,False,0.09876461099151612,1.106166140075441
2026-04-14|event_day_open,2026-04-14,event_day_open,1,development_validation,pooled_catboost_quantile,27.5,29.0,0.35780457149333594,False,0.0,0.357804571493336
2026-04-15|24h_prior,2026-04-15,24h_prior,1,development_validation,pooled_catboost_quantile,27.2,28.9,0.5223779506868738,False,0.0,0.5223779506868738
2026-04-15|event_day_open,2026-04-15,event_day_open,1,development_validation,pooled_catboost_quantile,26.8,28.9,1.2606391257873057,False,0.03626019317615459,1.2576728185272188
2026-04-16|24h_prior,2026-04-16,24h_prior,1,development_validation,pooled_catboost_quantile,27.0,30.2,2.294863112686609,False,0.09876461099151612,2.3061661400754403
2026-04-16|event_day_open,2026-04-16,event_day_open,1,development_validation,pooled_catboost_quantile,26.8,30.2,2.560639125787306,False,0.03626019317615459,2.5576728185272195
2026-04-17|24h_prior,2026-04-17,24h_prior,1,development_validation,pooled_catboost_quantile,27.3,28.0,0.4776220493131262,False,0.0,0.47762204931312624
2026-04-17|event_day_open,2026-04-17,event_day_open,1,development_validation,pooled_catboost_quantile,27.1,28.0,0.2421954285066654,False,0.0,0.24219542850666542
2026-04-18|24h_prior,2026-04-18,24h_prior,1,development_validation,pooled_catboost_quantile,27.9,28.5,0.2760850008011736,False,0.1588383764373198,0.35400937120088116
2026-04-18|event_day_open,2026-04-18,event_day_open,1,development_validation,pooled_catboost_quantile,28.3,28.5,0.655547689396587,False,0.1370956944547359,0.7177783422266089
2026-04-19|24h_prior,2026-04-19,24h_prior,1,development_validation,pooled_catboost_quantile,27.2,30.0,1.6223779506868747,False,0.0,1.6223779506868752
2026-04-19|event_day_open,2026-04-19,event_day_open,1,development_validation,pooled_catboost_quantile,27.9,30.0,1.205708236817808,False,0.10955662828285284,1.1974973072508988
2026-04-20|24h_prior,2026-04-20,24h_prior,1,development_validation,pooled_catboost_quantile,26.6,28.4,0.8573371325778371,False,0.04864248686005723,0.8594741664743033
2026-04-20|event_day_open,2026-04-20,event_day_open,1,development_validation,pooled_catboost_quantile,27.1,28.4,0.15780457149333313,False,0.0,0.15780457149333316
2026-04-21|24h_prior,2026-04-21,24h_prior,1,development_validation,pooled_catboost_quantile,25.9,28.9,1.6474645686966376,False,0.0,1.6474645686966376
2026-04-21|event_day_open,2026-04-21,event_day_open,1,development_validation,pooled_catboost_quantile,27.0,28.9,1.0606391257873065,False,0.036260193176151034,1.0576728185272195
2026-04-22|12h_prior,2026-04-22,12h_prior,2,development_validation,pooled_catboost_quantile,27.6,29.4,0.2235663824053606,True,1.3005809052464734,0.3605979876954528
2026-04-22|24h_prior,2026-04-22,24h_prior,2,development_validation,pooled_catboost_quantile,27.4,29.4,0.3409039792654338,True,1.3005809052464734,0.5605979876954557
2026-04-22|6h_prior,2026-04-22,6h_prior,2,development_validation,pooled_catboost_quantile,27.7,29.4,0.20659029686474495,True,1.3412965330330628,0.339575801598496
2026-04-22|event_day_open,2026-04-22,event_day_open,2,development_validation,pooled_catboost_quantile,27.7,29.4,0.2097621945020117,True,1.3899137878888261,0.3411463528716041
2026-04-23|12h_prior,2026-04-23,12h_prior,2,development_validation,pooled_catboost_quantile,26.2,29.0,0.1364844430921891,True,1.1348811443863198,0.042479590424282065
2026-04-23|24h_prior,2026-04-23,24h_prior,2,development_validation,pooled_catboost_quantile,26.4,29.0,0.1450666504131221,True,1.303009770909778,0.04553501583203712
2026-04-23|6h_prior,2026-04-23,6h_prior,2,development_validation,pooled_catboost_quantile,26.7,29.0,0.15505331493745553,True,1.461809280671229,0.052002909474520465
2026-04-23|event_day_open,2026-04-23,event_day_open,2,development_validation,pooled_catboost_quantile,25.7,29.0,0.42759805753309277,True,1.0683522820690676,0.7350607825361877
2026-04-24|12h_prior,2026-04-24,12h_prior,2,development_validation,pooled_catboost_quantile,21.2,23.7,0.47607815008835547,False,1.0380720047268355,0.7031415436308599
2026-04-24|24h_prior,2026-04-24,24h_prior,2,development_validation,pooled_catboost_quantile,21.6,23.7,0.8760781500883572,False,1.038072004726832,1.103141543630862
2026-04-24|6h_prior,2026-04-24,6h_prior,2,development_validation,pooled_catboost_quantile,20.1,23.7,0.32529826218382174,False,0.9077741420230616,0.6206467863132268
2026-04-24|event_day_open,2026-04-24,event_day_open,2,development_validation,pooled_catboost_quantile,21.4,23.7,0.7971447912769545,False,0.644031110888541,0.7971109619100964
2026-04-25|12h_prior,2026-04-25,12h_prior,2,development_validation,pooled_catboost_quantile,24.2,26.5,0.47291036346341064,False,0.8845789493941112,0.6618165319744875
2026-04-25|24h_prior,2026-04-25,24h_prior,2,development_validation,pooled_catboost_quantile,24.8,26.5,1.0187678243791596,False,0.9357421586950956,1.2290699009703374
2026-04-25|6h_prior,2026-04-25,6h_prior,2,development_validation,pooled_catboost_quantile,25.4,26.5,1.4592689984233889,False,0.9599834398915483,1.5768580049360565
2026-04-25|event_day_open,2026-04-25,event_day_open,2,development_validation,pooled_catboost_quantile,25.3,26.5,1.3535093208044495,False,0.8740367446963759,1.3909916175263
2026-04-26|12h_prior,2026-04-26,12h_prior,2,development_validation,pooled_catboost_quantile,25.6,28.8,0.20201191997656778,True,1.019337819909783,0.3477149227587084
2026-04-26|24h_prior,2026-04-26,24h_prior,2,development_validation,pooled_catboost_quantile,25.5,28.8,0.23129263066255995,True,1.0303315334655458,0.4024995544169805
2026-04-26|6h_prior,2026-04-26,6h_prior,2,development_validation,pooled_catboost_quantile,25.8,28.8,0.18174757155086507,True,1.021086725633836,0.32326015927653984
2026-04-26|event_day_open,2026-04-26,event_day_open,2,development_validation,pooled_catboost_quantile,25.7,28.8,0.2880726579870423,True,1.0683522820690676,0.5350607825361884
2026-04-27|12h_prior,2026-04-27,12h_prior,2,development_validation,pooled_catboost_quantile,26.2,27.9,0.8315497817145393,False,1.1348811443863198,1.0575204095757194
2026-04-27|24h_prior,2026-04-27,24h_prior,2,development_validation,pooled_catboost_quantile,26.4,27.9,0.8210143241918917,False,1.303009770909778,1.0544649841679643
2026-04-27|6h_prior,2026-04-27,6h_prior,2,development_validation,pooled_catboost_quantile,25.9,27.9,0.5035666594676886,False,1.1135093551044584,0.6818199545110808
2026-04-27|event_day_open,2026-04-27,event_day_open,2,development_validation,pooled_catboost_quantile,26.0,27.9,0.5293515452881672,False,1.16077491153969,0.6700193312514315
2026-04-28|12h_prior,2026-04-28,12h_prior,2,development_validation,pooled_catboost_quantile,26.9,29.4,0.16447502052409582,True,1.4835644738330735,0.07981190959244344
2026-04-28|24h_prior,2026-04-28,24h_prior,2,development_validation,pooled_catboost_quantile,25.3,29.4,0.9770322038632193,False,0.9357421586950956,1.1709300990296612
2026-04-28|6h_prior,2026-04-28,6h_prior,2,development_validation,pooled_catboost_quantile,26.5,29.4,0.2728733814804942,True,1.3484665863932577,0.4904333807053476
2026-04-28|event_day_open,2026-04-28,event_day_open,2,development_validation,pooled_catboost_quantile,26.7,29.4,0.26370155437618026,True,1.5090748371064642,0.45979771378512524
2026-04-29|12h_prior,2026-04-29,12h_prior,2,development_validation,pooled_catboost_quantile,24.9,28.4,0.3770322038632211,False,0.9357421586950956,0.5709300990296668
2026-04-29|24h_prior,2026-04-29,24h_prior,2,development_validation,pooled_catboost_quantile,25.9,28.4,0.17752010694911316,True,1.0860295322178999,0.2795329080544988
2026-04-29|6h_prior,2026-04-29,6h_prior,2,development_validation,pooled_catboost_quantile,27.1,28.4,0.4870301063518298,False,1.6594454637045608,0.6893623038645451
2026-04-29|event_day_open,2026-04-29,event_day_open,2,development_validation,pooled_catboost_quantile,25.7,28.4,0.12692340230906005,True,1.0683522820690676,0.13506078253618625
2026-04-30|12h_prior,2026-04-30,12h_prior,2,development_validation,pooled_catboost_quantile,24.4,26.7,0.42986486134759644,False,0.9139226235783546,0.635590408576018
2026-04-30|24h_prior,2026-04-30,24h_prior,2,development_validation,pooled_catboost_quantile,24.5,26.7,0.5263092663701333,False,0.9191937094176019,0.7346325295924316
2026-04-30|6h_prior,2026-04-30,6h_prior,2,development_validation,pooled_catboost_quantile,25.2,26.7,1.112829648826129,False,0.8379422778795238,1.20279224078595
2026-04-30|event_day_open,2026-04-30,event_day_open,2,development_validation,pooled_catboost_quantile,24.9,26.7,0.7535093208044489,False,0.8740367446963759,0.7909916175262985
2026-05-01|12h_prior,2026-05-01,12h_prior,2,development_validation,pooled_catboost_quantile,24.3,26.9,0.19798633647617173,True,0.878095584954238,0.35188521240628035
2026-05-01|24h_prior,2026-05-01,24h_prior,2,development_validation,pooled_catboost_quantile,23.4,26.9,0.1799541200846228,True,1.0005327090245402,0.2553089518368381
2026-05-01|6h_prior,2026-05-01,6h_prior,2,development_validation,pooled_catboost_quantile,23.5,26.9,0.19420730013258436,True,0.8702348463207699,0.3790972817809255
2026-05-01|event_day_open,2026-05-01,event_day_open,2,development_validation,pooled_catboost_quantile,23.6,26.9,0.12158879927001587,True,0.6546731636140493,0.22642042164085652
2026-05-02|12h_prior,2026-05-02,12h_prior,3,development_validation,pooled_catboost_quantile,27.3,27.0,2.2146383552508224,False,0.7277564570463433,2.500147870322664
2026-05-02|24h_prior,2026-05-02,24h_prior,3,development_validation,pooled_catboost_quantile,26.9,27.0,2.2724726928288934,False,0.9732348912845978,2.5788359435777686
2026-05-02|6h_prior,2026-05-02,6h_prior,3,development_validation,pooled_catboost_quantile,27.2,27.0,2.4423170703786545,False,0.9552395312922606,2.7447482573183066
2026-05-02|event_day_open,2026-05-02,event_day_open,3,development_validation,pooled_catboost_quantile,26.8,27.0,2.0942225256840237,False,1.0318964242313982,2.4227558167207803
2026-05-03|12h_prior,2026-05-03,12h_prior,3,development_validation,pooled_catboost_quantile,29.0,29.6,0.36992376712106445,False,0.09847688506349783,0.402258898754404
2026-05-03|24h_prior,2026-05-03,24h_prior,3,development_validation,pooled_catboost_quantile,28.2,29.6,0.02518224419560522,True,0.2374857641823418,0.00984062654743667
2026-05-03|6h_prior,2026-05-03,6h_prior,3,development_validation,pooled_catboost_quantile,29.1,29.6,0.1141181544271637,False,0.051046210636972233,0.11215447076695995
2026-05-03|event_day_open,2026-05-03,event_day_open,3,development_validation,pooled_catboost_quantile,28.6,29.6,0.04176947226771559,True,0.1263588979728283,0.06418104057839713
2026-05-04|12h_prior,2026-05-04,12h_prior,3,development_validation,pooled_catboost_quantile,25.1,27.6,0.16727532531542044,True,1.4243252564952193,0.17092647592991383
2026-05-04|24h_prior,2026-05-04,24h_prior,3,development_validation,pooled_catboost_quantile,26.0,27.6,0.8192018607294186,False,1.1131588115557989,1.1161070607799743
2026-05-04|6h_prior,2026-05-04,6h_prior,3,development_validation,pooled_catboost_quantile,25.7,27.6,0.5482931353790615,False,1.2464761550296188,0.9098626872480367
2026-05-04|event_day_open,2026-05-04,event_day_open,3,development_validation,pooled_catboost_quantile,26.1,27.6,0.8409516935845504,False,1.1718203445026028,1.1600269339229854
2026-05-05|12h_prior,2026-05-05,12h_prior,3,development_validation,pooled_catboost_quantile,21.7,23.0,1.4053526118811093,False,1.1085064304933745,1.6443795455555943
2026-05-05|24h_prior,2026-05-05,24h_prior,3,development_validation,pooled_catboost_quantile,23.1,23.0,2.8872815655568025,False,1.017298545469984,3.109113465435378
2026-05-05|6h_prior,2026-05-05,6h_prior,3,development_validation,pooled_catboost_quantile,22.5,23.0,2.2634689516762614,False,1.2156156047581455,2.515643325485737
2026-05-05|event_day_open,2026-05-05,event_day_open,3,development_validation,pooled_catboost_quantile,22.0,23.0,1.7580368458819637,False,1.2219492535409202,2.0135608533641722
2026-05-06|12h_prior,2026-05-06,12h_prior,3,development_validation,pooled_catboost_quantile,24.7,24.6,2.524694679660221,False,1.3497362266048611,2.771727079274747
2026-05-06|24h_prior,2026-05-06,24h_prior,3,development_validation,pooled_catboost_quantile,24.8,24.6,2.587268924436844,False,1.4432006907234296,2.8602972646150526
2026-05-06|6h_prior,2026-05-06,6h_prior,3,development_validation,pooled_catboost_quantile,24.9,24.6,2.616854859612102,False,1.4328771439978283,2.916942260777894
2026-05-06|event_day_open,2026-05-06,event_day_open,3,development_validation,pooled_catboost_quantile,25.5,24.6,3.3232804392154036,False,1.2909666974608136,3.6943421447356464
2026-05-07|12h_prior,2026-05-07,12h_prior,3,development_validation,pooled_catboost_quantile,25.3,29.3,1.0225498332623153,False,1.4243252564952193,1.3290735240700862
2026-05-07|24h_prior,2026-05-07,24h_prior,3,development_validation,pooled_catboost_quantile,25.9,29.3,0.45366155193569496,False,1.167061262280157,0.6005113433347944
2026-05-07|6h_prior,2026-05-07,6h_prior,3,development_validation,pooled_catboost_quantile,26.3,29.3,0.23324802741854628,True,1.133083219048686,0.35550019535332567
2026-05-07|event_day_open,2026-05-07,event_day_open,3,development_validation,pooled_catboost_quantile,26.7,29.3,0.10634532814561312,True,1.0318964242313982,0.0227558167207782
2026-05-08|12h_prior,2026-05-08,12h_prior,3,development_validation,pooled_catboost_quantile,28.4,30.3,0.7419859507592855,False,0.11038349229917088,0.7308709574722201
2026-05-08|24h_prior,2026-05-08,24h_prior,3,development_validation,pooled_catboost_quantile,27.8,30.3,0.50152978303614,False,0.4602816453603289,0.5018901377125751
2026-05-08|6h_prior,2026-05-08,6h_prior,3,development_validation,pooled_catboost_quantile,27.9,30.3,0.4913345869848617,False,0.397357110490141,0.4862085042425939
2026-05-08|event_day_open,2026-05-08,event_day_open,3,development_validation,pooled_catboost_quantile,28.9,30.3,0.3401598774934646,False,0.1263588979728283,0.335818959421605
2026-05-09|12h_prior,2026-05-09,12h_prior,3,development_validation,pooled_catboost_quantile,24.1,26.1,0.8453239840437704,False,1.053478521261546,1.1014971400593012
2026-05-09|24h_prior,2026-05-09,24h_prior,3,development_validation,pooled_catboost_quantile,24.6,26.1,0.9246946796602228,False,1.3497362266048611,1.1717270792747492
2026-05-09|6h_prior,2026-05-09,6h_prior,3,development_validation,pooled_catboost_quantile,24.5,26.1,0.7742268873205249,False,1.3233498749279349,1.0502094286185972
2026-05-09|event_day_open,2026-05-09,event_day_open,3,development_validation,pooled_catboost_quantile,23.1,26.1,0.12659098174854297,True,1.1307413685175298,0.07829477324395384
2026-05-10|12h_prior,2026-05-10,12h_prior,3,development_validation,pooled_catboost_quantile,25.1,26.1,1.401753537588811,False,1.4243252564952193,1.6709264759299138
2026-05-10|24h_prior,2026-05-10,24h_prior,3,development_validation,pooled_catboost_quantile,25.0,26.1,1.3017535375888099,False,1.4243252564952193,1.5709264759299124
2026-05-10|6h_prior,2026-05-10,6h_prior,3,development_validation,pooled_catboost_quantile,25.0,26.1,1.2168548596121036,False,1.4328771439978283,1.5169422607778955
2026-05-10|event_day_open,2026-05-10,event_day_open,3,development_validation,pooled_catboost_quantile,25.1,26.1,1.3114227538178083,False,1.439210792780596,1.6148597886563323
2026-05-11|12h_prior,2026-05-11,12h_prior,4,development_validation,pooled_catboost_quantile,26.5,28.8,0.9378387943633284,False,0.2194089894236626,0.9282478700155465
2026-05-11|24h_prior,2026-05-11,24h_prior,4,development_validation,pooled_catboost_quantile,26.7,28.8,0.6368723183487833,False,0.1400648251994312,0.6280636390277934
2026-05-11|6h_prior,2026-05-11,6h_prior,4,development_validation,pooled_catboost_quantile,26.5,28.8,0.9744175739460146,False,0.22839983431799737,0.9588811044121712
2026-05-11|event_day_open,2026-05-11,event_day_open,4,development_validation,pooled_catboost_quantile,26.5,28.8,0.9894170122847945,False,0.2588988617318435,0.9710553325698505
2026-05-12|12h_prior,2026-05-12,12h_prior,4,development_validation,pooled_catboost_quantile,28.9,31.6,1.3029442871267225,False,0.15185744427211034,1.2976676244166612
2026-05-12|24h_prior,2026-05-12,24h_prior,4,development_validation,pooled_catboost_quantile,28.8,31.6,1.3981481202185642,False,0.1539547175185625,1.3927985825593332
2026-05-12|6h_prior,2026-05-12,6h_prior,4,development_validation,pooled_catboost_quantile,28.6,31.6,1.5254174432853524,False,0.1557271931177091,1.5200063165749995
2026-05-12|event_day_open,2026-05-12,event_day_open,4,development_validation,pooled_catboost_quantile,28.8,31.6,1.355330433891311,False,0.17828722364680516,1.3491354030898464
2026-05-13|12h_prior,2026-05-13,12h_prior,4,development_validation,pooled_catboost_quantile,28.3,31.1,1.1704491545823643,False,0.0,1.1704491545823643
2026-05-13|24h_prior,2026-05-13,24h_prior,4,development_validation,pooled_catboost_quantile,28.3,31.1,1.1663387897174184,False,0.0015691587296657872,1.1662842654140846
2026-05-13|6h_prior,2026-05-13,6h_prior,4,development_validation,pooled_catboost_quantile,28.4,31.1,1.051887190426969,False,0.050567121457724795,1.0501301106510645
2026-05-13|event_day_open,2026-05-13,event_day_open,4,development_validation,pooled_catboost_quantile,28.6,31.1,0.997051356248547,False,0.13106173651789277,0.9924972918685313
2026-05-14|12h_prior,2026-05-14,12h_prior,4,development_validation,pooled_catboost_quantile,27.5,29.2,0.03192079599343682,True,0.15417094186431868,0.048057152867052366
2026-05-14|24h_prior,2026-05-14,24h_prior,4,development_validation,pooled_catboost_quantile,27.5,29.2,0.034884081898450305,True,0.15626821511077083,0.052926194724378206
2026-05-14|6h_prior,2026-05-14,6h_prior,4,development_validation,pooled_catboost_quantile,27.6,29.2,0.08642027959999725,True,0.17995519223915224,0.13036948209649069
2026-05-14|event_day_open,2026-05-14,event_day_open,4,development_validation,pooled_catboost_quantile,27.4,29.2,0.08511784275320179,False,0.21826254525106492,0.07753377047377086
2026-05-15|12h_prior,2026-05-15,12h_prior,4,development_validation,pooled_catboost_quantile,27.3,27.4,1.5931992904555343,False,0.15417094186431868,1.6480571528670538
2026-05-15|24h_prior,2026-05-15,24h_prior,4,development_validation,pooled_catboost_quantile,28.6,27.4,2.625862609242526,False,0.1067292303896501,2.663839528661981
2026-05-15|6h_prior,2026-05-15,6h_prior,4,development_validation,pooled_catboost_quantile,27.9,27.4,2.306019275961772,False,0.15636408669345414,2.3616575139475096
2026-05-15|event_day_open,2026-05-15,event_day_open,4,development_validation,pooled_catboost_quantile,27.3,27.4,1.5448029777345396,False,0.21826254525106492,1.622466229526232
2026-05-16|12h_prior,2026-05-16,12h_prior,4,development_validation,pooled_catboost_quantile,24.5,25.6,0.03715943337270705,True,0.2593992624739023,0.05159208576519703
2026-05-16|24h_prior,2026-05-16,24h_prior,4,development_validation,pooled_catboost_quantile,25.4,25.6,0.9241873643798975,False,0.4764216643235173,1.0778962855162177
2026-05-16|6h_prior,2026-05-16,6h_prior,4,development_validation,pooled_catboost_quantile,25.4,25.6,0.8261591839362328,False,0.418747343232738,0.9873376861577086
2026-05-16|event_day_open,2026-05-16,event_day_open,4,development_validation,pooled_catboost_quantile,24.9,25.6,0.2294426889008828,False,0.4160741714452172,0.2892862011927022
2026-05-19|12h_prior,2026-05-19,12h_prior,4,development_validation,pooled_catboost_quantile,26.9,26.4,1.885531767894812,False,0.15059650797800828,1.95527621646022
2026-05-19|24h_prior,2026-05-19,24h_prior,4,development_validation,pooled_catboost_quantile,27.0,26.4,1.9881591038635875,False,0.14895328255328621,2.0564047596463766
2026-05-19|6h_prior,2026-05-19,6h_prior,4,development_validation,pooled_catboost_quantile,27.1,26.4,2.075196703583111,False,0.18919223011977238,2.151064629550696
2026-05-19|event_day_open,2026-05-19,event_day_open,4,development_validation,pooled_catboost_quantile,27.2,26.4,2.385419297395736,False,0.10941564717489172,2.424352110841671
2026-05-20|12h_prior,2026-05-20,12h_prior,4,development_validation,pooled_catboost_quantile,28.6,30.7,0.6446652094839576,False,0.10463195714319795,0.6410295131953454
2026-05-20|24h_prior,2026-05-20,24h_prior,4,development_validation,pooled_catboost_quantile,27.9,30.7,0.9582273424967351,False,0.10736612396539158,0.9544966408155133
2026-05-20|6h_prior,2026-05-20,6h_prior,4,development_validation,pooled_catboost_quantile,27.8,30.7,1.175883506401517,False,0.17995519223915224,1.16963051790351
2026-05-20|event_day_open,2026-05-20,event_day_open,4,development_validation,pooled_catboost_quantile,28.6,30.7,0.597051356248545,False,0.13106173651789277,0.5924972918685292
2026-05-21|12h_prior,2026-05-21,12h_prior,4,development_validation,pooled_catboost_quantile,27.3,31.5,2.457299898042173,False,0.15417094186431868,2.4519428471329476
2026-05-21|24h_prior,2026-05-21,24h_prior,4,development_validation,pooled_catboost_quantile,26.5,31.5,3.6361147680609385,False,0.21796150580051332,3.6271193268293906
2026-05-21|6h_prior,2026-05-21,6h_prior,4,development_validation,pooled_catboost_quantile,28.8,31.5,1.2836965209281115,False,0.2029526802466215,1.2766444277963096
2026-05-21|event_day_open,2026-05-21,event_day_open,4,development_validation,pooled_catboost_quantile,27.7,31.5,2.0851178427532018,False,0.21826254525106492,2.077533770473771
2026-04-12|24h_prior,2026-04-12,24h_prior,1,development_validation,pooled_empirical_residual,27.0,28.5,0.15296282828282828,True,1.8699999999999974,0.0
2026-04-12|event_day_open,2026-04-12,event_day_open,1,development_validation,pooled_empirical_residual,27.1,28.5,0.1562153535353538,True,1.8699999999999974,0.10000000000000142
2026-04-13|24h_prior,2026-04-13,24h_prior,1,development_validation,pooled_empirical_residual,27.1,29.7,0.8294072727272711,False,1.8699999999999974,1.0999999999999979
2026-04-13|event_day_open,2026-04-13,event_day_open,1,development_validation,pooled_empirical_residual,27.0,29.7,0.9214072727272725,False,1.8699999999999974,1.1999999999999993
2026-04-14|24h_prior,2026-04-14,24h_prior,1,development_validation,pooled_empirical_residual,27.0,29.0,0.3637103030303029,True,1.8699999999999974,0.5
2026-04-14|event_day_open,2026-04-14,event_day_open,1,development_validation,pooled_empirical_residual,27.5,29.0,0.15296282828282828,True,1.8699999999999974,0.0
2026-04-15|24h_prior,2026-04-15,24h_prior,1,development_validation,pooled_empirical_residual,27.2,28.9,0.2012052525252521,True,1.8699999999999974,0.1999999999999993
2026-04-15|event_day_open,2026-04-15,event_day_open,1,development_validation,pooled_empirical_residual,26.8,28.9,0.4317103030303016,True,1.8699999999999974,0.5999999999999979
2026-04-16|24h_prior,2026-04-16,24h_prior,1,development_validation,pooled_empirical_residual,27.0,30.2,1.4123567676767674,False,1.8699999999999974,1.6999999999999993
2026-04-16|event_day_open,2026-04-16,event_day_open,1,development_validation,pooled_empirical_residual,26.8,30.2,1.6123567676767665,False,1.8699999999999974,1.8999999999999986
2026-04-17|24h_prior,2026-04-17,24h_prior,1,development_validation,pooled_empirical_residual,27.3,28.0,0.4577911111111118,True,1.8699999999999974,0.8000000000000007
2026-04-17|event_day_open,2026-04-17,event_day_open,1,development_validation,pooled_empirical_residual,27.1,28.0,0.31977090909091005,True,1.8699999999999974,0.6000000000000014
2026-04-18|24h_prior,2026-04-18,24h_prior,1,development_validation,pooled_empirical_residual,27.9,28.5,0.534679999999999,True,1.8699999999999974,0.8999999999999986
2026-04-18|event_day_open,2026-04-18,event_day_open,1,development_validation,pooled_empirical_residual,28.3,28.5,0.863124444444445,False,1.8699999999999974,1.3000000000000007
2026-04-19|24h_prior,2026-04-19,24h_prior,1,development_validation,pooled_empirical_residual,27.2,30.0,1.0153466666666675,False,1.8699999999999974,1.3000000000000007
2026-04-19|event_day_open,2026-04-19,event_day_open,1,development_validation,pooled_empirical_residual,27.9,30.0,0.4317103030303041,True,1.8699999999999974,0.6000000000000014
2026-04-20|24h_prior,2026-04-20,24h_prior,1,development_validation,pooled_empirical_residual,26.6,28.4,0.2459527272727257,True,1.8699999999999974,0.29999999999999716
2026-04-20|event_day_open,2026-04-20,event_day_open,1,development_validation,pooled_empirical_residual,27.1,28.4,0.16597292929292984,True,1.8699999999999974,0.20000000000000284
2026-04-21|24h_prior,2026-04-21,24h_prior,1,development_validation,pooled_empirical_residual,25.9,28.9,1.2123567676767677,False,1.8699999999999974,1.5
2026-04-21|event_day_open,2026-04-21,event_day_open,1,development_validation,pooled_empirical_residual,27.0,28.9,0.29720525252525154,True,1.8699999999999974,0.3999999999999986
2026-04-22|12h_prior,2026-04-22,12h_prior,2,development_validation,pooled_empirical_residual,27.6,29.4,0.22850848484848396,True,2.2699999999999996,0.29999999999999716
2026-04-22|24h_prior,2026-04-22,24h_prior,2,development_validation,pooled_empirical_residual,27.4,29.4,0.3109327272727273,True,2.2699999999999996,0.5
2026-04-22|6h_prior,2026-04-22,6h_prior,2,development_validation,pooled_empirical_residual,27.7,29.4,0.19911454545454524,True,2.2699999999999996,0.1999999999999993
2026-04-22|event_day_open,2026-04-22,event_day_open,2,development_validation,pooled_empirical_residual,27.7,29.4,0.19911454545454524,True,2.2699999999999996,0.1999999999999993
2026-04-23|12h_prior,2026-04-23,12h_prior,2,development_validation,pooled_empirical_residual,26.2,29.0,0.8169933333333342,True,2.2699999999999996,1.3000000000000007
2026-04-23|24h_prior,2026-04-23,24h_prior,2,development_validation,pooled_empirical_residual,26.4,29.0,0.6640236363636376,True,2.2699999999999996,1.1000000000000014
2026-04-23|6h_prior,2026-04-23,6h_prior,2,development_validation,pooled_empirical_residual,26.7,29.0,0.47180141414141435,True,2.2699999999999996,0.8000000000000007
2026-04-23|event_day_open,2026-04-23,event_day_open,2,development_validation,pooled_empirical_residual,25.7,29.0,1.269963030303031,False,2.2699999999999996,1.8000000000000007
2026-04-24|12h_prior,2026-04-24,12h_prior,2,development_validation,pooled_empirical_residual,21.2,23.7,0.5953771717171719,True,2.2699999999999996,1.0
2026-04-24|24h_prior,2026-04-24,24h_prior,2,development_validation,pooled_empirical_residual,21.6,23.7,0.35998323232323126,True,2.2699999999999996,0.5999999999999979
2026-04-24|6h_prior,2026-04-24,6h_prior,2,development_validation,pooled_empirical_residual,20.1,23.7,1.5680034343434328,False,2.2699999999999996,2.099999999999998
2026-04-24|event_day_open,2026-04-24,event_day_open,2,development_validation,pooled_empirical_residual,21.4,23.7,0.4718014141414145,True,2.2699999999999996,0.8000000000000007
2026-04-25|12h_prior,2026-04-25,12h_prior,2,development_validation,pooled_empirical_residual,24.2,26.5,0.47180141414141435,True,2.2699999999999996,0.8000000000000007
2026-04-25|24h_prior,2026-04-25,24h_prior,2,development_validation,pooled_empirical_residual,24.8,26.5,0.19911454545454524,True,2.2699999999999996,0.1999999999999993
2026-04-25|6h_prior,2026-04-25,6h_prior,2,development_validation,pooled_empirical_residual,25.4,26.5,0.2952559595959587,True,2.2699999999999996,0.3999999999999986
2026-04-25|event_day_open,2026-04-25,event_day_open,2,development_validation,pooled_empirical_residual,25.3,26.5,0.25208424242424254,True,2.2699999999999996,0.3000000000000007
2026-04-26|12h_prior,2026-04-26,12h_prior,2,development_validation,pooled_empirical_residual,25.6,28.8,1.1738822222222218,False,2.2699999999999996,1.6999999999999993
2026-04-26|24h_prior,2026-04-26,24h_prior,2,development_validation,pooled_empirical_residual,25.5,28.8,1.2699630303030311,False,2.2699999999999996,1.8000000000000007
2026-04-26|6h_prior,2026-04-26,6h_prior,2,development_validation,pooled_empirical_residual,25.8,28.8,0.9915185858585862,False,2.2699999999999996,1.5
2026-04-26|event_day_open,2026-04-26,event_day_open,2,development_validation,pooled_empirical_residual,25.7,28.8,1.081720606060608,False,2.2699999999999996,1.6000000000000014
2026-04-27|12h_prior,2026-04-27,12h_prior,2,development_validation,pooled_empirical_residual,26.2,27.9,0.19911454545454524,True,2.2699999999999996,0.1999999999999993
2026-04-27|24h_prior,2026-04-27,24h_prior,2,development_validation,pooled_empirical_residual,26.4,27.9,0.18147818181818184,True,2.2699999999999996,0.0
2026-04-27|6h_prior,2026-04-27,6h_prior,2,development_validation,pooled_empirical_residual,25.9,27.9,0.3109327272727273,True,2.2699999999999996,0.5
2026-04-27|event_day_open,2026-04-27,event_day_open,2,development_validation,pooled_empirical_residual,26.0,27.9,0.2638418181818177,True,2.2699999999999996,0.3999999999999986
2026-04-28|12h_prior,2026-04-28,12h_prior,2,development_validation,pooled_empirical_residual,26.9,29.4,0.595377171717172,True,2.2699999999999996,1.0
2026-04-28|24h_prior,2026-04-28,24h_prior,2,development_validation,pooled_empirical_residual,25.3,29.4,2.0680034343434333,False,2.2699999999999996,2.599999999999998
2026-04-28|6h_prior,2026-04-28,6h_prior,2,development_validation,pooled_empirical_residual,26.5,29.4,0.9032761616161608,False,2.2699999999999996,1.3999999999999986
2026-04-28|event_day_open,2026-04-28,event_day_open,2,development_validation,pooled_empirical_residual,26.7,29.4,0.7385488888888886,True,2.2699999999999996,1.1999999999999993
2026-04-29|12h_prior,2026-04-29,12h_prior,2,development_validation,pooled_empirical_residual,24.9,28.4,1.4680034343434345,False,2.2699999999999996,2.0
2026-04-29|24h_prior,2026-04-29,24h_prior,2,development_validation,pooled_empirical_residual,25.9,28.4,0.595377171717172,True,2.2699999999999996,1.0
2026-04-29|6h_prior,2026-04-29,6h_prior,2,development_validation,pooled_empirical_residual,27.1,28.4,0.2167509090909099,True,2.2699999999999996,0.20000000000000284
2026-04-29|event_day_open,2026-04-29,event_day_open,2,development_validation,pooled_empirical_residual,25.7,28.4,0.7385488888888886,True,2.2699999999999996,1.1999999999999993
2026-04-30|12h_prior,2026-04-30,12h_prior,2,development_validation,pooled_empirical_residual,24.4,26.7,0.4718014141414145,True,2.2699999999999996,0.8000000000000007
2026-04-30|24h_prior,2026-04-30,24h_prior,2,development_validation,pooled_empirical_residual,24.5,26.7,0.41491252525252503,True,2.2699999999999996,0.6999999999999993
2026-04-30|6h_prior,2026-04-30,6h_prior,2,development_validation,pooled_empirical_residual,25.2,26.7,0.18147818181818187,True,2.2699999999999996,0.0
2026-04-30|event_day_open,2026-04-30,event_day_open,2,development_validation,pooled_empirical_residual,24.9,26.7,0.22850848484848502,True,2.2699999999999996,0.3000000000000007
2026-05-01|12h_prior,2026-05-01,12h_prior,2,development_validation,pooled_empirical_residual,24.3,26.9,0.6640236363636352,True,2.2699999999999996,1.0999999999999979
2026-05-01|24h_prior,2026-05-01,24h_prior,2,development_validation,pooled_empirical_residual,23.4,26.9,1.4680034343434345,False,2.2699999999999996,2.0
2026-05-01|6h_prior,2026-05-01,6h_prior,2,development_validation,pooled_empirical_residual,23.5,26.9,1.3680034343434335,False,2.2699999999999996,1.8999999999999986
2026-05-01|event_day_open,2026-05-01,event_day_open,2,development_validation,pooled_empirical_residual,23.6,26.9,1.2699630303030276,False,2.2699999999999996,1.7999999999999972
2026-05-02|12h_prior,2026-05-02,12h_prior,3,development_validation,pooled_empirical_residual,27.3,27.0,1.6040858585858588,False,2.400000000000002,2.0
2026-05-02|24h_prior,2026-05-02,24h_prior,3,development_validation,pooled_empirical_residual,26.9,27.0,1.230045454545453,False,2.400000000000002,1.5999999999999979
2026-05-02|6h_prior,2026-05-02,6h_prior,3,development_validation,pooled_empirical_residual,27.2,27.0,1.5081262626262617,False,2.400000000000002,1.8999999999999986
2026-05-02|event_day_open,2026-05-02,event_day_open,3,development_validation,pooled_empirical_residual,26.8,27.0,1.1409949494949496,False,2.400000000000002,1.5
2026-05-03|12h_prior,2026-05-03,12h_prior,3,development_validation,pooled_empirical_residual,29.0,29.6,0.7914797979797966,False,2.400000000000002,1.0999999999999979
2026-05-03|24h_prior,2026-05-03,24h_prior,3,development_validation,pooled_empirical_residual,28.2,29.6,0.27109595959595895,True,2.400000000000002,0.29999999999999716
2026-05-03|6h_prior,2026-05-03,6h_prior,3,development_validation,pooled_empirical_residual,29.1,29.6,0.8773585858585856,False,2.400000000000002,1.1999999999999993
2026-05-03|event_day_open,2026-05-03,event_day_open,3,development_validation,pooled_empirical_residual,28.6,29.6,0.48426767676767646,True,2.400000000000002,0.6999999999999993
2026-05-04|12h_prior,2026-05-04,12h_prior,3,development_validation,pooled_empirical_residual,25.1,27.6,0.4332575757575759,True,2.400000000000002,0.8000000000000007
2026-05-04|24h_prior,2026-05-04,24h_prior,3,development_validation,pooled_empirical_residual,26.0,27.6,0.21778282828282824,True,2.400000000000002,0.09999999999999787
2026-05-04|6h_prior,2026-05-04,6h_prior,3,development_validation,pooled_empirical_residual,25.7,27.6,0.22642929292929329,True,2.400000000000002,0.20000000000000284
2026-05-04|event_day_open,2026-05-04,event_day_open,3,development_validation,pooled_empirical_residual,26.1,27.6,0.23737878787878797,True,2.400000000000002,0.1999999999999993
2026-05-05|12h_prior,2026-05-05,12h_prior,3,development_validation,pooled_empirical_residual,21.7,23.0,0.3104898989898988,True,2.400000000000002,0.3999999999999986
2026-05-05|24h_prior,2026-05-05,24h_prior,3,development_validation,pooled_empirical_residual,23.1,23.0,1.412166666666668,False,2.400000000000002,1.8000000000000007
2026-05-05|6h_prior,2026-05-05,6h_prior,3,development_validation,pooled_empirical_residual,22.5,23.0,0.8773585858585856,False,2.400000000000002,1.1999999999999993
2026-05-05|event_day_open,2026-05-05,event_day_open,3,development_validation,pooled_empirical_residual,22.0,23.0,0.48426767676767646,True,2.400000000000002,0.6999999999999993
2026-05-06|12h_prior,2026-05-06,12h_prior,3,development_validation,pooled_empirical_residual,24.7,24.6,1.4121666666666648,False,2.400000000000002,1.7999999999999972
2026-05-06|24h_prior,2026-05-06,24h_prior,3,development_validation,pooled_empirical_residual,24.8,24.6,1.5081262626262617,False,2.400000000000002,1.8999999999999986
2026-05-06|6h_prior,2026-05-06,6h_prior,3,development_validation,pooled_empirical_residual,24.9,24.6,1.604085858585856,False,2.400000000000002,1.9999999999999964
2026-05-06|event_day_open,2026-05-06,event_day_open,3,development_validation,pooled_empirical_residual,25.5,24.6,2.197176767676766,False,2.400000000000002,2.599999999999998
2026-05-07|12h_prior,2026-05-07,12h_prior,3,development_validation,pooled_empirical_residual,25.3,29.3,1.6959444444444454,False,2.400000000000002,2.3000000000000007
2026-05-07|24h_prior,2026-05-07,24h_prior,3,development_validation,pooled_empirical_residual,25.9,29.3,1.1025707070707096,False,2.400000000000002,1.7000000000000028
2026-05-07|6h_prior,2026-05-07,6h_prior,3,development_validation,pooled_empirical_residual,26.3,29.3,0.7637020202020205,True,2.400000000000002,1.3000000000000007
2026-05-07|event_day_open,2026-05-07,event_day_open,3,development_validation,pooled_empirical_residual,26.7,29.3,0.4867929292929303,True,2.400000000000002,0.9000000000000021
2026-05-08|12h_prior,2026-05-08,12h_prior,3,development_validation,pooled_empirical_residual,28.4,30.3,0.22642929292929334,True,2.400000000000002,0.20000000000000284
2026-05-08|24h_prior,2026-05-08,24h_prior,3,development_validation,pooled_empirical_residual,27.8,30.3,0.4332575757575759,True,2.400000000000002,0.8000000000000007
2026-05-08|6h_prior,2026-05-08,6h_prior,3,development_validation,pooled_empirical_residual,27.9,30.3,0.38657070707070806,True,2.400000000000002,0.7000000000000028
2026-05-08|event_day_open,2026-05-08,event_day_open,3,development_validation,pooled_empirical_residual,28.9,30.3,0.271095959595959,True,2.400000000000002,0.29999999999999716
2026-05-09|12h_prior,2026-05-09,12h_prior,3,development_validation,pooled_empirical_residual,24.1,26.1,0.24919696969696958,True,2.400000000000002,0.3000000000000007
2026-05-09|24h_prior,2026-05-09,24h_prior,3,development_validation,pooled_empirical_residual,24.6,26.1,0.23737878787878797,True,2.400000000000002,0.1999999999999993
2026-05-09|6h_prior,2026-05-09,6h_prior,3,development_validation,pooled_empirical_residual,24.5,26.1,0.21778282828282824,True,2.400000000000002,0.09999999999999787
2026-05-09|event_day_open,2026-05-09,event_day_open,3,development_validation,pooled_empirical_residual,23.1,26.1,0.7637020202020205,True,2.400000000000002,1.3000000000000007
2026-05-10|12h_prior,2026-05-10,12h_prior,3,development_validation,pooled_empirical_residual,25.1,26.1,0.48426767676767646,True,2.400000000000002,0.6999999999999993
2026-05-10|24h_prior,2026-05-10,24h_prior,3,development_validation,pooled_empirical_residual,25.0,26.1,0.4191363636363624,True,2.400000000000002,0.5999999999999979
2026-05-10|6h_prior,2026-05-10,6h_prior,3,development_validation,pooled_empirical_residual,25.0,26.1,0.4191363636363624,True,2.400000000000002,0.5999999999999979
2026-05-10|event_day_open,2026-05-10,event_day_open,3,development_validation,pooled_empirical_residual,25.1,26.1,0.48426767676767646,True,2.400000000000002,0.6999999999999993
2026-05-11|12h_prior,2026-05-11,12h_prior,4,development_validation,pooled_empirical_residual,26.5,28.8,0.3926818181818182,True,2.8099999999999987,0.6500000000000021
2026-05-11|24h_prior,2026-05-11,24h_prior,4,development_validation,pooled_empirical_residual,26.7,28.8,0.31591414141414187,True,2.8099999999999987,0.4499999999999993
2026-05-11|6h_prior,2026-05-11,6h_prior,4,development_validation,pooled_empirical_residual,26.5,28.8,0.3926818181818182,True,2.8099999999999987,0.6500000000000021
2026-05-11|event_day_open,2026-05-11,event_day_open,4,development_validation,pooled_empirical_residual,26.5,28.8,0.3926818181818182,True,2.8099999999999987,0.6500000000000021
2026-05-12|12h_prior,2026-05-12,12h_prior,4,development_validation,pooled_empirical_residual,28.9,31.6,0.609287878787881,True,2.8099999999999987,1.0500000000000043
2026-05-12|24h_prior,2026-05-12,24h_prior,4,development_validation,pooled_empirical_residual,28.8,31.6,0.6782575757575762,True,2.8099999999999987,1.1499999999999986
2026-05-12|6h_prior,2026-05-12,6h_prior,4,development_validation,pooled_empirical_residual,28.6,31.6,0.8292676767676769,True,2.8099999999999987,1.3500000000000014
2026-05-12|event_day_open,2026-05-12,event_day_open,4,development_validation,pooled_empirical_residual,28.8,31.6,0.6782575757575762,True,2.8099999999999987,1.1499999999999986
2026-05-13|12h_prior,2026-05-13,12h_prior,4,development_validation,pooled_empirical_residual,28.3,31.1,0.6782575757575762,True,2.8099999999999987,1.1499999999999986
2026-05-13|24h_prior,2026-05-13,24h_prior,4,development_validation,pooled_empirical_residual,28.3,31.1,0.6782575757575762,True,2.8099999999999987,1.1499999999999986
2026-05-13|6h_prior,2026-05-13,6h_prior,4,development_validation,pooled_empirical_residual,28.4,31.1,0.609287878787881,True,2.8099999999999987,1.0500000000000043
2026-05-13|event_day_open,2026-05-13,event_day_open,4,development_validation,pooled_empirical_residual,28.6,31.1,0.48763131313131314,True,2.8099999999999987,0.8500000000000014
2026-05-14|12h_prior,2026-05-14,12h_prior,4,development_validation,pooled_empirical_residual,27.5,29.2,0.22409595959595954,True,2.8099999999999987,0.05000000000000071
2026-05-14|24h_prior,2026-05-14,24h_prior,4,development_validation,pooled_empirical_residual,27.5,29.2,0.22409595959595954,True,2.8099999999999987,0.05000000000000071
2026-05-14|6h_prior,2026-05-14,6h_prior,4,development_validation,pooled_empirical_residual,27.6,29.2,0.2240959595959597,True,2.8099999999999987,0.05000000000000071
2026-05-14|event_day_open,2026-05-14,event_day_open,4,development_validation,pooled_empirical_residual,27.4,29.2,0.23674242424242445,True,2.8099999999999987,0.15000000000000213
2026-05-15|12h_prior,2026-05-15,12h_prior,4,development_validation,pooled_empirical_residual,27.3,27.4,1.098742424242426,False,2.8099999999999987,1.5500000000000043
2026-05-15|24h_prior,2026-05-15,24h_prior,4,development_validation,pooled_empirical_residual,28.6,27.4,2.3442171717171747,False,2.8099999999999987,2.8500000000000014
2026-05-15|6h_prior,2026-05-15,6h_prior,4,development_validation,pooled_empirical_residual,27.9,27.4,1.6491060606060608,False,2.8099999999999987,2.1499999999999986
2026-05-15|event_day_open,2026-05-15,event_day_open,4,development_validation,pooled_empirical_residual,27.3,27.4,1.098742424242426,False,2.8099999999999987,1.5500000000000043
2026-05-16|12h_prior,2026-05-16,12h_prior,4,development_validation,pooled_empirical_residual,24.5,25.6,0.37510606060605955,True,2.8099999999999987,0.5499999999999972
2026-05-16|24h_prior,2026-05-16,24h_prior,4,development_validation,pooled_empirical_residual,25.4,25.6,1.016702020202018,True,2.8099999999999987,1.4499999999999957
2026-05-16|6h_prior,2026-05-16,6h_prior,4,development_validation,pooled_empirical_residual,25.4,25.6,1.016702020202018,True,2.8099999999999987,1.4499999999999957
2026-05-16|event_day_open,2026-05-16,event_day_open,4,development_validation,pooled_empirical_residual,24.9,25.6,0.6268434343434325,True,2.8099999999999987,0.9499999999999957
2026-05-19|12h_prior,2026-05-19,12h_prior,4,development_validation,pooled_empirical_residual,26.9,26.4,1.6491060606060608,False,2.8099999999999987,2.1499999999999986
2026-05-19|24h_prior,2026-05-19,24h_prior,4,development_validation,pooled_empirical_residual,27.0,26.4,1.7470858585858604,False,2.8099999999999987,2.25
2026-05-19|6h_prior,2026-05-19,6h_prior,4,development_validation,pooled_empirical_residual,27.1,26.4,1.8450656565656587,False,2.8099999999999987,2.3500000000000014
2026-05-19|event_day_open,2026-05-19,event_day_open,4,development_validation,pooled_empirical_residual,27.2,26.4,1.9442171717171721,False,2.8099999999999987,2.450000000000003
2026-05-20|12h_prior,2026-05-20,12h_prior,4,development_validation,pooled_empirical_residual,28.6,30.7,0.31591414141414065,True,2.8099999999999987,0.4499999999999993
2026-05-20|24h_prior,2026-05-20,24h_prior,4,development_validation,pooled_empirical_residual,27.9,30.7,0.6782575757575763,True,2.8099999999999987,1.1500000000000021
2026-05-20|6h_prior,2026-05-20,6h_prior,4,development_validation,pooled_empirical_residual,27.8,30.7,0.7525404040404033,True,2.8099999999999987,1.2499999999999964
2026-05-20|event_day_open,2026-05-20,event_day_open,4,development_validation,pooled_empirical_residual,28.6,30.7,0.31591414141414065,True,2.8099999999999987,0.4499999999999993
2026-05-21|12h_prior,2026-05-21,12h_prior,4,development_validation,pooled_empirical_residual,27.3,31.5,1.9644393939393934,False,2.8099999999999987,2.549999999999997
2026-05-21|24h_prior,2026-05-21,24h_prior,4,development_validation,pooled_empirical_residual,26.5,31.5,2.7644393939393948,False,2.8099999999999987,3.3500000000000014
2026-05-21|6h_prior,2026-05-21,6h_prior,4,development_validation,pooled_empirical_residual,28.8,31.5,0.6092878787878783,True,2.8099999999999987,1.0499999999999972
2026-05-21|event_day_open,2026-05-21,event_day_open,4,development_validation,pooled_empirical_residual,27.7,31.5,1.5644393939393944,False,2.8099999999999987,2.1499999999999986
2026-04-12|24h_prior,2026-04-12,24h_prior,1,development_validation,pooled_mean_residual,27.0,28.5,0.1125000000000007,False,0.0,0.11250000000000071
2026-04-12|event_day_open,2026-04-12,event_day_open,1,development_validation,pooled_mean_residual,27.1,28.5,0.012499999999999288,False,0.0,0.01249999999999929
2026-04-13|24h_prior,2026-04-13,24h_prior,1,development_validation,pooled_mean_residual,27.1,29.7,1.2124999999999988,False,0.0,1.2124999999999986
2026-04-13|event_day_open,2026-04-13,event_day_open,1,development_validation,pooled_mean_residual,27.0,29.7,1.3125,False,0.0,1.3125
2026-04-14|24h_prior,2026-04-14,24h_prior,1,development_validation,pooled_mean_residual,27.0,29.0,0.6125000000000007,False,0.0,0.6125000000000007
2026-04-14|event_day_open,2026-04-14,event_day_open,1,development_validation,pooled_mean_residual,27.5,29.0,0.1125000000000007,False,0.0,0.11250000000000071
2026-04-15|24h_prior,2026-04-15,24h_prior,1,development_validation,pooled_mean_residual,27.2,28.9,0.3125,False,0.0,0.3125
2026-04-15|event_day_open,2026-04-15,event_day_open,1,development_validation,pooled_mean_residual,26.8,28.9,0.7124999999999987,False,0.0,0.7124999999999986
2026-04-16|24h_prior,2026-04-16,24h_prior,1,development_validation,pooled_mean_residual,27.0,30.2,1.8125000000000002,False,0.0,1.8125
2026-04-16|event_day_open,2026-04-16,event_day_open,1,development_validation,pooled_mean_residual,26.8,30.2,2.012499999999998,False,0.0,2.0124999999999993
2026-04-17|24h_prior,2026-04-17,24h_prior,1,development_validation,pooled_mean_residual,27.3,28.0,0.6875000000000001,False,0.0,0.6875
2026-04-17|event_day_open,2026-04-17,event_day_open,1,development_validation,pooled_mean_residual,27.1,28.0,0.48750000000000066,False,0.0,0.4875000000000007
2026-04-18|24h_prior,2026-04-18,24h_prior,1,development_validation,pooled_mean_residual,27.9,28.5,0.7874999999999979,False,0.0,0.7874999999999979
2026-04-18|event_day_open,2026-04-18,event_day_open,1,development_validation,pooled_mean_residual,28.3,28.5,1.1875000000000002,False,0.0,1.1875
2026-04-19|24h_prior,2026-04-19,24h_prior,1,development_validation,pooled_mean_residual,27.2,30.0,1.4125000000000019,False,0.0,1.4125000000000014
2026-04-19|event_day_open,2026-04-19,event_day_open,1,development_validation,pooled_mean_residual,27.9,30.0,0.7125000000000021,False,0.0,0.7125000000000021
2026-04-20|24h_prior,2026-04-20,24h_prior,1,development_validation,pooled_mean_residual,26.6,28.4,0.4124999999999979,False,0.0,0.41249999999999787
2026-04-20|event_day_open,2026-04-20,event_day_open,1,development_validation,pooled_mean_residual,27.1,28.4,0.08750000000000213,False,0.0,0.08750000000000213
2026-04-21|24h_prior,2026-04-21,24h_prior,1,development_validation,pooled_mean_residual,25.9,28.9,1.6125000000000014,False,0.0,1.6125000000000007
2026-04-21|event_day_open,2026-04-21,event_day_open,1,development_validation,pooled_mean_residual,27.0,28.9,0.5124999999999993,False,0.0,0.5124999999999993
2026-04-22|12h_prior,2026-04-22,12h_prior,2,development_validation,pooled_mean_residual,27.6,29.4,0.24999999999999642,False,0.0,0.24999999999999645
2026-04-22|24h_prior,2026-04-22,24h_prior,2,development_validation,pooled_mean_residual,27.4,29.4,0.44999999999999934,False,0.0,0.4499999999999993
2026-04-22|6h_prior,2026-04-22,6h_prior,2,development_validation,pooled_mean_residual,27.7,29.4,0.14999999999999858,False,0.0,0.14999999999999858
2026-04-22|event_day_open,2026-04-22,event_day_open,2,development_validation,pooled_mean_residual,27.7,29.4,0.14999999999999858,False,0.0,0.14999999999999858
2026-04-23|12h_prior,2026-04-23,12h_prior,2,development_validation,pooled_mean_residual,26.2,29.0,1.25,False,0.0,1.25
2026-04-23|24h_prior,2026-04-23,24h_prior,2,development_validation,pooled_mean_residual,26.4,29.0,1.050000000000001,False,0.0,1.0500000000000007
2026-04-23|6h_prior,2026-04-23,6h_prior,2,development_validation,pooled_mean_residual,26.7,29.0,0.7499999999999999,False,0.0,0.75
2026-04-23|event_day_open,2026-04-23,event_day_open,2,development_validation,pooled_mean_residual,25.7,29.0,1.75,False,0.0,1.75
2026-04-24|12h_prior,2026-04-24,12h_prior,2,development_validation,pooled_mean_residual,21.2,23.7,0.9499999999999993,False,0.0,0.9499999999999993
2026-04-24|24h_prior,2026-04-24,24h_prior,2,development_validation,pooled_mean_residual,21.6,23.7,0.5499999999999972,False,0.0,0.5499999999999972
2026-04-24|6h_prior,2026-04-24,6h_prior,2,development_validation,pooled_mean_residual,20.1,23.7,2.049999999999997,False,0.0,2.049999999999997
2026-04-24|event_day_open,2026-04-24,event_day_open,2,development_validation,pooled_mean_residual,21.4,23.7,0.7499999999999999,False,0.0,0.75
2026-04-25|12h_prior,2026-04-25,12h_prior,2,development_validation,pooled_mean_residual,24.2,26.5,0.7499999999999999,False,0.0,0.75
2026-04-25|24h_prior,2026-04-25,24h_prior,2,development_validation,pooled_mean_residual,24.8,26.5,0.14999999999999858,False,0.0,0.14999999999999858
2026-04-25|6h_prior,2026-04-25,6h_prior,2,development_validation,pooled_mean_residual,25.4,26.5,0.44999999999999934,False,0.0,0.4499999999999993
2026-04-25|event_day_open,2026-04-25,event_day_open,2,development_validation,pooled_mean_residual,25.3,26.5,0.3500000000000014,False,0.0,0.3500000000000014
2026-04-26|12h_prior,2026-04-26,12h_prior,2,development_validation,pooled_mean_residual,25.6,28.8,1.6499999999999988,False,0.0,1.6499999999999986
2026-04-26|24h_prior,2026-04-26,24h_prior,2,development_validation,pooled_mean_residual,25.5,28.8,1.75,False,0.0,1.75
2026-04-26|6h_prior,2026-04-26,6h_prior,2,development_validation,pooled_mean_residual,25.8,28.8,1.4499999999999993,False,0.0,1.4499999999999993
2026-04-26|event_day_open,2026-04-26,event_day_open,2,development_validation,pooled_mean_residual,25.7,28.8,1.5500000000000007,False,0.0,1.5500000000000007
2026-04-27|12h_prior,2026-04-27,12h_prior,2,development_validation,pooled_mean_residual,26.2,27.9,0.14999999999999858,False,0.0,0.14999999999999858
2026-04-27|24h_prior,2026-04-27,24h_prior,2,development_validation,pooled_mean_residual,26.4,27.9,0.05000000000000072,False,0.0,0.05000000000000071
2026-04-27|6h_prior,2026-04-27,6h_prior,2,development_validation,pooled_mean_residual,25.9,27.9,0.44999999999999934,False,0.0,0.4499999999999993
2026-04-27|event_day_open,2026-04-27,event_day_open,2,development_validation,pooled_mean_residual,26.0,27.9,0.34999999999999776,False,0.0,0.34999999999999787
2026-04-28|12h_prior,2026-04-28,12h_prior,2,development_validation,pooled_mean_residual,26.9,29.4,0.9499999999999993,False,0.0,0.9499999999999993
2026-04-28|24h_prior,2026-04-28,24h_prior,2,development_validation,pooled_mean_residual,25.3,29.4,2.549999999999997,False,0.0,2.549999999999997
2026-04-28|6h_prior,2026-04-28,6h_prior,2,development_validation,pooled_mean_residual,26.5,29.4,1.3499999999999979,False,0.0,1.3499999999999979
2026-04-28|event_day_open,2026-04-28,event_day_open,2,development_validation,pooled_mean_residual,26.7,29.4,1.1499999999999986,False,0.0,1.1499999999999986
2026-04-29|12h_prior,2026-04-29,12h_prior,2,development_validation,pooled_mean_residual,24.9,28.4,1.949999999999999,False,0.0,1.9499999999999993
2026-04-29|24h_prior,2026-04-29,24h_prior,2,development_validation,pooled_mean_residual,25.9,28.4,0.9499999999999993,False,0.0,0.9499999999999993
2026-04-29|6h_prior,2026-04-29,6h_prior,2,development_validation,pooled_mean_residual,27.1,28.4,0.25000000000000355,False,0.0,0.25000000000000355
2026-04-29|event_day_open,2026-04-29,event_day_open,2,development_validation,pooled_mean_residual,25.7,28.4,1.1499999999999986,False,0.0,1.1499999999999986
2026-04-30|12h_prior,2026-04-30,12h_prior,2,development_validation,pooled_mean_residual,24.4,26.7,0.7499999999999999,False,0.0,0.75
2026-04-30|24h_prior,2026-04-30,24h_prior,2,development_validation,pooled_mean_residual,24.5,26.7,0.6499999999999987,False,0.0,0.6499999999999986
2026-04-30|6h_prior,2026-04-30,6h_prior,2,development_validation,pooled_mean_residual,25.2,26.7,0.05000000000000072,False,0.0,0.05000000000000071
2026-04-30|event_day_open,2026-04-30,event_day_open,2,development_validation,pooled_mean_residual,24.9,26.7,0.25,False,0.0,0.25
2026-05-01|12h_prior,2026-05-01,12h_prior,2,development_validation,pooled_mean_residual,24.3,26.9,1.049999999999997,False,0.0,1.0499999999999972
2026-05-01|24h_prior,2026-05-01,24h_prior,2,development_validation,pooled_mean_residual,23.4,26.9,1.949999999999999,False,0.0,1.9499999999999993
2026-05-01|6h_prior,2026-05-01,6h_prior,2,development_validation,pooled_mean_residual,23.5,26.9,1.849999999999998,False,0.0,1.8499999999999979
2026-05-01|event_day_open,2026-05-01,event_day_open,2,development_validation,pooled_mean_residual,23.6,26.9,1.7499999999999964,False,0.0,1.7499999999999964
2026-05-02|12h_prior,2026-05-02,12h_prior,3,development_validation,pooled_mean_residual,27.3,27.0,2.09652777777778,False,0.0,2.09652777777778
2026-05-02|24h_prior,2026-05-02,24h_prior,3,development_validation,pooled_mean_residual,26.9,27.0,1.6965277777777776,False,0.0,1.6965277777777779
2026-05-02|6h_prior,2026-05-02,6h_prior,3,development_validation,pooled_mean_residual,27.2,27.0,1.9965277777777781,False,0.0,1.9965277777777786
2026-05-02|event_day_open,2026-05-02,event_day_open,3,development_validation,pooled_mean_residual,26.8,27.0,1.5965277777777802,False,0.0,1.59652777777778
2026-05-03|12h_prior,2026-05-03,12h_prior,3,development_validation,pooled_mean_residual,29.0,29.6,1.1965277777777779,False,0.0,1.1965277777777779
2026-05-03|24h_prior,2026-05-03,24h_prior,3,development_validation,pooled_mean_residual,28.2,29.6,0.39652777777777715,False,0.0,0.39652777777777715
2026-05-03|6h_prior,2026-05-03,6h_prior,3,development_validation,pooled_mean_residual,29.1,29.6,1.296527777777779,False,0.0,1.2965277777777793
2026-05-03|event_day_open,2026-05-03,event_day_open,3,development_validation,pooled_mean_residual,28.6,29.6,0.7965277777777794,False,0.0,0.7965277777777793
2026-05-04|12h_prior,2026-05-04,12h_prior,3,development_validation,pooled_mean_residual,25.1,27.6,0.703472222222221,False,0.0,0.7034722222222207
2026-05-04|24h_prior,2026-05-04,24h_prior,3,development_validation,pooled_mean_residual,26.0,27.6,0.19652777777777788,False,0.0,0.19652777777777786
2026-05-04|6h_prior,2026-05-04,6h_prior,3,development_validation,pooled_mean_residual,25.7,27.6,0.10347222222222285,False,0.0,0.10347222222222285
2026-05-04|event_day_open,2026-05-04,event_day_open,3,development_validation,pooled_mean_residual,26.1,27.6,0.29652777777777933,False,0.0,0.2965277777777793
2026-05-05|12h_prior,2026-05-05,12h_prior,3,development_validation,pooled_mean_residual,21.7,23.0,0.4965277777777788,False,0.0,0.49652777777777857
2026-05-05|24h_prior,2026-05-05,24h_prior,3,development_validation,pooled_mean_residual,23.1,23.0,1.8965277777777807,False,0.0,1.8965277777777807
2026-05-05|6h_prior,2026-05-05,6h_prior,3,development_validation,pooled_mean_residual,22.5,23.0,1.296527777777779,False,0.0,1.2965277777777793
2026-05-05|event_day_open,2026-05-05,event_day_open,3,development_validation,pooled_mean_residual,22.0,23.0,0.7965277777777794,False,0.0,0.7965277777777793
2026-05-06|12h_prior,2026-05-06,12h_prior,3,development_validation,pooled_mean_residual,24.7,24.6,1.896527777777777,False,0.0,1.8965277777777771
2026-05-06|24h_prior,2026-05-06,24h_prior,3,development_validation,pooled_mean_residual,24.8,24.6,1.9965277777777781,False,0.0,1.9965277777777786
2026-05-06|6h_prior,2026-05-06,6h_prior,3,development_validation,pooled_mean_residual,24.9,24.6,2.0965277777777764,False,0.0,2.0965277777777764
2026-05-06|event_day_open,2026-05-06,event_day_open,3,development_validation,pooled_mean_residual,25.5,24.6,2.696527777777778,False,0.0,2.696527777777778
2026-05-07|12h_prior,2026-05-07,12h_prior,3,development_validation,pooled_mean_residual,25.3,29.3,2.203472222222221,False,0.0,2.2034722222222207
2026-05-07|24h_prior,2026-05-07,24h_prior,3,development_validation,pooled_mean_residual,25.9,29.3,1.6034722222222229,False,0.0,1.6034722222222229
2026-05-07|6h_prior,2026-05-07,6h_prior,3,development_validation,pooled_mean_residual,26.3,29.3,1.2034722222222207,False,0.0,1.2034722222222207
2026-05-07|event_day_open,2026-05-07,event_day_open,3,development_validation,pooled_mean_residual,26.7,29.3,0.8034722222222221,False,0.0,0.8034722222222221
2026-05-08|12h_prior,2026-05-08,12h_prior,3,development_validation,pooled_mean_residual,28.4,30.3,0.10347222222222285,False,0.0,0.10347222222222285
2026-05-08|24h_prior,2026-05-08,24h_prior,3,development_validation,pooled_mean_residual,27.8,30.3,0.703472222222221,False,0.0,0.7034722222222207
2026-05-08|6h_prior,2026-05-08,6h_prior,3,development_validation,pooled_mean_residual,27.9,30.3,0.6034722222222229,False,0.0,0.6034722222222229
2026-05-08|event_day_open,2026-05-08,event_day_open,3,development_validation,pooled_mean_residual,28.9,30.3,0.39652777777777715,False,0.0,0.39652777777777715
2026-05-09|12h_prior,2026-05-09,12h_prior,3,development_validation,pooled_mean_residual,24.1,26.1,0.20347222222222072,False,0.0,0.20347222222222072
2026-05-09|24h_prior,2026-05-09,24h_prior,3,development_validation,pooled_mean_residual,24.6,26.1,0.29652777777777933,False,0.0,0.2965277777777793
2026-05-09|6h_prior,2026-05-09,6h_prior,3,development_validation,pooled_mean_residual,24.5,26.1,0.19652777777777788,False,0.0,0.19652777777777786
2026-05-09|event_day_open,2026-05-09,event_day_open,3,development_validation,pooled_mean_residual,23.1,26.1,1.2034722222222207,False,0.0,1.2034722222222207
2026-05-10|12h_prior,2026-05-10,12h_prior,3,development_validation,pooled_mean_residual,25.1,26.1,0.7965277777777794,False,0.0,0.7965277777777793
2026-05-10|24h_prior,2026-05-10,24h_prior,3,development_validation,pooled_mean_residual,25.0,26.1,0.6965277777777782,False,0.0,0.6965277777777779
2026-05-10|6h_prior,2026-05-10,6h_prior,3,development_validation,pooled_mean_residual,25.0,26.1,0.6965277777777782,False,0.0,0.6965277777777779
2026-05-10|event_day_open,2026-05-10,event_day_open,3,development_validation,pooled_mean_residual,25.1,26.1,0.7965277777777794,False,0.0,0.7965277777777793
2026-05-11|12h_prior,2026-05-11,12h_prior,4,development_validation,pooled_mean_residual,26.5,28.8,0.6099999999999994,False,0.0,0.6099999999999994
2026-05-11|24h_prior,2026-05-11,24h_prior,4,development_validation,pooled_mean_residual,26.7,28.8,0.4100000000000001,False,0.0,0.41000000000000014
2026-05-11|6h_prior,2026-05-11,6h_prior,4,development_validation,pooled_mean_residual,26.5,28.8,0.6099999999999994,False,0.0,0.6099999999999994
2026-05-11|event_day_open,2026-05-11,event_day_open,4,development_validation,pooled_mean_residual,26.5,28.8,0.6099999999999994,False,0.0,0.6099999999999994
2026-05-12|12h_prior,2026-05-12,12h_prior,4,development_validation,pooled_mean_residual,28.9,31.6,1.0100000000000016,False,0.0,1.0100000000000016
2026-05-12|24h_prior,2026-05-12,24h_prior,4,development_validation,pooled_mean_residual,28.8,31.6,1.1099999999999992,False,0.0,1.1099999999999994
2026-05-12|6h_prior,2026-05-12,6h_prior,4,development_validation,pooled_mean_residual,28.6,31.6,1.3099999999999985,False,0.0,1.3099999999999987
2026-05-12|event_day_open,2026-05-12,event_day_open,4,development_validation,pooled_mean_residual,28.8,31.6,1.1099999999999992,False,0.0,1.1099999999999994
2026-05-13|12h_prior,2026-05-13,12h_prior,4,development_validation,pooled_mean_residual,28.3,31.1,1.1099999999999992,False,0.0,1.1099999999999994
2026-05-13|24h_prior,2026-05-13,24h_prior,4,development_validation,pooled_mean_residual,28.3,31.1,1.1099999999999992,False,0.0,1.1099999999999994
2026-05-13|6h_prior,2026-05-13,6h_prior,4,development_validation,pooled_mean_residual,28.4,31.1,1.0100000000000016,False,0.0,1.0100000000000016
2026-05-13|event_day_open,2026-05-13,event_day_open,4,development_validation,pooled_mean_residual,28.6,31.1,0.8099999999999987,False,0.0,0.8099999999999987
2026-05-14|12h_prior,2026-05-14,12h_prior,4,development_validation,pooled_mean_residual,27.5,29.2,0.009999999999998009,False,0.0,0.00999999999999801
2026-05-14|24h_prior,2026-05-14,24h_prior,4,development_validation,pooled_mean_residual,27.5,29.2,0.009999999999998009,False,0.0,0.00999999999999801
2026-05-14|6h_prior,2026-05-14,6h_prior,4,development_validation,pooled_mean_residual,27.6,29.2,0.0900000000000034,False,0.0,0.09000000000000341
2026-05-14|event_day_open,2026-05-14,event_day_open,4,development_validation,pooled_mean_residual,27.4,29.2,0.10999999999999942,False,0.0,0.10999999999999943
2026-05-15|12h_prior,2026-05-15,12h_prior,4,development_validation,pooled_mean_residual,27.3,27.4,1.5900000000000032,False,0.0,1.5900000000000034
2026-05-15|24h_prior,2026-05-15,24h_prior,4,development_validation,pooled_mean_residual,28.6,27.4,2.8900000000000037,False,0.0,2.890000000000004
2026-05-15|6h_prior,2026-05-15,6h_prior,4,development_validation,pooled_mean_residual,27.9,27.4,2.1900000000000013,False,0.0,2.1900000000000013
2026-05-15|event_day_open,2026-05-15,event_day_open,4,development_validation,pooled_mean_residual,27.3,27.4,1.5900000000000032,False,0.0,1.5900000000000034
2026-05-16|12h_prior,2026-05-16,12h_prior,4,development_validation,pooled_mean_residual,24.5,25.6,0.5899999999999999,False,0.0,0.5899999999999999
2026-05-16|24h_prior,2026-05-16,24h_prior,4,development_validation,pooled_mean_residual,25.4,25.6,1.4899999999999984,False,0.0,1.4899999999999984
2026-05-16|6h_prior,2026-05-16,6h_prior,4,development_validation,pooled_mean_residual,25.4,25.6,1.4899999999999984,False,0.0,1.4899999999999984
2026-05-16|event_day_open,2026-05-16,event_day_open,4,development_validation,pooled_mean_residual,24.9,25.6,0.9899999999999982,False,0.0,0.9899999999999984
2026-05-19|12h_prior,2026-05-19,12h_prior,4,development_validation,pooled_mean_residual,26.9,26.4,2.1900000000000013,False,0.0,2.1900000000000013
2026-05-19|24h_prior,2026-05-19,24h_prior,4,development_validation,pooled_mean_residual,27.0,26.4,2.2900000000000027,False,0.0,2.2900000000000027
2026-05-19|6h_prior,2026-05-19,6h_prior,4,development_validation,pooled_mean_residual,27.1,26.4,2.390000000000004,False,0.0,2.390000000000004
2026-05-19|event_day_open,2026-05-19,event_day_open,4,development_validation,pooled_mean_residual,27.2,26.4,2.490000000000003,False,0.0,2.490000000000002
2026-05-20|12h_prior,2026-05-20,12h_prior,4,development_validation,pooled_mean_residual,28.6,30.7,0.40999999999999664,False,0.0,0.4099999999999966
2026-05-20|24h_prior,2026-05-20,24h_prior,4,development_validation,pooled_mean_residual,27.9,30.7,1.1099999999999992,False,0.0,1.1099999999999994
2026-05-20|6h_prior,2026-05-20,6h_prior,4,development_validation,pooled_mean_residual,27.8,30.7,1.2099999999999973,False,0.0,1.2099999999999973
2026-05-20|event_day_open,2026-05-20,event_day_open,4,development_validation,pooled_mean_residual,28.6,30.7,0.40999999999999664,False,0.0,0.4099999999999966
2026-05-21|12h_prior,2026-05-21,12h_prior,4,development_validation,pooled_mean_residual,27.3,31.5,2.509999999999998,False,0.0,2.509999999999998
2026-05-21|24h_prior,2026-05-21,24h_prior,4,development_validation,pooled_mean_residual,26.5,31.5,3.3099999999999996,False,0.0,3.3099999999999987
2026-05-21|6h_prior,2026-05-21,6h_prior,4,development_validation,pooled_mean_residual,28.8,31.5,1.009999999999998,False,0.0,1.009999999999998
2026-05-21|event_day_open,2026-05-21,event_day_open,4,development_validation,pooled_mean_residual,27.7,31.5,2.1099999999999994,False,0.0,2.1099999999999994
2026-04-12|24h_prior,2026-04-12,24h_prior,1,development_validation,raw_deterministic,27.0,28.5,1.4999999999999998,False,0.0,1.5
2026-04-12|event_day_open,2026-04-12,event_day_open,1,development_validation,raw_deterministic,27.1,28.5,1.3999999999999988,False,0.0,1.3999999999999986
2026-04-13|24h_prior,2026-04-13,24h_prior,1,development_validation,raw_deterministic,27.1,29.7,2.5999999999999974,False,0.0,2.599999999999998
2026-04-13|event_day_open,2026-04-13,event_day_open,1,development_validation,raw_deterministic,27.0,29.7,2.6999999999999984,False,0.0,2.6999999999999993
2026-04-14|24h_prior,2026-04-14,24h_prior,1,development_validation,raw_deterministic,27.0,29.0,2.0,False,0.0,2.0
2026-04-14|event_day_open,2026-04-14,event_day_open,1,development_validation,raw_deterministic,27.5,29.0,1.4999999999999998,False,0.0,1.5
2026-04-15|24h_prior,2026-04-15,24h_prior,1,development_validation,raw_deterministic,27.2,28.9,1.6999999999999993,False,0.0,1.6999999999999993
2026-04-15|event_day_open,2026-04-15,event_day_open,1,development_validation,raw_deterministic,26.8,28.9,2.0999999999999974,False,0.0,2.099999999999998
2026-04-16|24h_prior,2026-04-16,24h_prior,1,development_validation,raw_deterministic,27.0,30.2,3.2,False,0.0,3.1999999999999993
2026-04-16|event_day_open,2026-04-16,event_day_open,1,development_validation,raw_deterministic,26.8,30.2,3.3999999999999986,False,0.0,3.3999999999999986
2026-04-17|24h_prior,2026-04-17,24h_prior,1,development_validation,raw_deterministic,27.3,28.0,0.6999999999999994,False,0.0,0.6999999999999993
2026-04-17|event_day_open,2026-04-17,event_day_open,1,development_validation,raw_deterministic,27.1,28.0,0.8999999999999987,False,0.0,0.8999999999999986
2026-04-18|24h_prior,2026-04-18,24h_prior,1,development_validation,raw_deterministic,27.9,28.5,0.6000000000000013,False,0.0,0.6000000000000014
2026-04-18|event_day_open,2026-04-18,event_day_open,1,development_validation,raw_deterministic,28.3,28.5,0.1999999999999993,False,0.0,0.1999999999999993
2026-04-19|24h_prior,2026-04-19,24h_prior,1,development_validation,raw_deterministic,27.2,30.0,2.8000000000000003,False,0.0,2.8000000000000007
2026-04-19|event_day_open,2026-04-19,event_day_open,1,development_validation,raw_deterministic,27.9,30.0,2.100000000000002,False,0.0,2.1000000000000014
2026-04-20|24h_prior,2026-04-20,24h_prior,1,development_validation,raw_deterministic,26.6,28.4,1.7999999999999974,False,0.0,1.7999999999999972
2026-04-20|event_day_open,2026-04-20,event_day_open,1,development_validation,raw_deterministic,27.1,28.4,1.2999999999999974,False,0.0,1.2999999999999972
2026-04-21|24h_prior,2026-04-21,24h_prior,1,development_validation,raw_deterministic,25.9,28.9,2.9999999999999996,False,0.0,3.0
2026-04-21|event_day_open,2026-04-21,event_day_open,1,development_validation,raw_deterministic,27.0,28.9,1.8999999999999986,False,0.0,1.8999999999999986
2026-04-22|12h_prior,2026-04-22,12h_prior,2,development_validation,raw_deterministic,27.6,29.4,1.7999999999999974,False,0.0,1.7999999999999972
2026-04-22|24h_prior,2026-04-22,24h_prior,2,development_validation,raw_deterministic,27.4,29.4,2.0,False,0.0,2.0
2026-04-22|6h_prior,2026-04-22,6h_prior,2,development_validation,raw_deterministic,27.7,29.4,1.6999999999999993,False,0.0,1.6999999999999993
2026-04-22|event_day_open,2026-04-22,event_day_open,2,development_validation,raw_deterministic,27.7,29.4,1.6999999999999993,False,0.0,1.6999999999999993
2026-04-23|12h_prior,2026-04-23,12h_prior,2,development_validation,raw_deterministic,26.2,29.0,2.8000000000000003,False,0.0,2.8000000000000007
2026-04-23|24h_prior,2026-04-23,24h_prior,2,development_validation,raw_deterministic,26.4,29.0,2.6000000000000014,False,0.0,2.6000000000000014
2026-04-23|6h_prior,2026-04-23,6h_prior,2,development_validation,raw_deterministic,26.7,29.0,2.300000000000001,False,0.0,2.3000000000000007
2026-04-23|event_day_open,2026-04-23,event_day_open,2,development_validation,raw_deterministic,25.7,29.0,3.300000000000001,False,0.0,3.3000000000000007
2026-04-24|12h_prior,2026-04-24,12h_prior,2,development_validation,raw_deterministic,21.2,23.7,2.5,False,0.0,2.5
2026-04-24|24h_prior,2026-04-24,24h_prior,2,development_validation,raw_deterministic,21.6,23.7,2.0999999999999974,False,0.0,2.099999999999998
2026-04-24|6h_prior,2026-04-24,6h_prior,2,development_validation,raw_deterministic,20.1,23.7,3.599999999999998,False,0.0,3.599999999999998
2026-04-24|event_day_open,2026-04-24,event_day_open,2,development_validation,raw_deterministic,21.4,23.7,2.300000000000001,False,0.0,2.3000000000000007
2026-04-25|12h_prior,2026-04-25,12h_prior,2,development_validation,raw_deterministic,24.2,26.5,2.300000000000001,False,0.0,2.3000000000000007
2026-04-25|24h_prior,2026-04-25,24h_prior,2,development_validation,raw_deterministic,24.8,26.5,1.6999999999999993,False,0.0,1.6999999999999993
2026-04-25|6h_prior,2026-04-25,6h_prior,2,development_validation,raw_deterministic,25.4,26.5,1.1000000000000014,False,0.0,1.1000000000000014
2026-04-25|event_day_open,2026-04-25,event_day_open,2,development_validation,raw_deterministic,25.3,26.5,1.1999999999999995,False,0.0,1.1999999999999993
2026-04-26|12h_prior,2026-04-26,12h_prior,2,development_validation,raw_deterministic,25.6,28.8,3.2,False,0.0,3.1999999999999993
2026-04-26|24h_prior,2026-04-26,24h_prior,2,development_validation,raw_deterministic,25.5,28.8,3.300000000000001,False,0.0,3.3000000000000007
2026-04-26|6h_prior,2026-04-26,6h_prior,2,development_validation,raw_deterministic,25.8,28.8,2.9999999999999996,False,0.0,3.0
2026-04-26|event_day_open,2026-04-26,event_day_open,2,development_validation,raw_deterministic,25.7,28.8,3.1000000000000014,False,0.0,3.1000000000000014
2026-04-27|12h_prior,2026-04-27,12h_prior,2,development_validation,raw_deterministic,26.2,27.9,1.6999999999999993,False,0.0,1.6999999999999993
2026-04-27|24h_prior,2026-04-27,24h_prior,2,development_validation,raw_deterministic,26.4,27.9,1.4999999999999998,False,0.0,1.5
2026-04-27|6h_prior,2026-04-27,6h_prior,2,development_validation,raw_deterministic,25.9,27.9,2.0,False,0.0,2.0
2026-04-27|event_day_open,2026-04-27,event_day_open,2,development_validation,raw_deterministic,26.0,27.9,1.8999999999999986,False,0.0,1.8999999999999986
2026-04-28|12h_prior,2026-04-28,12h_prior,2,development_validation,raw_deterministic,26.9,29.4,2.5,False,0.0,2.5
2026-04-28|24h_prior,2026-04-28,24h_prior,2,development_validation,raw_deterministic,25.3,29.4,4.099999999999998,False,0.0,4.099999999999998
2026-04-28|6h_prior,2026-04-28,6h_prior,2,development_validation,raw_deterministic,26.5,29.4,2.8999999999999986,False,0.0,2.8999999999999986
2026-04-28|event_day_open,2026-04-28,event_day_open,2,development_validation,raw_deterministic,26.7,29.4,2.6999999999999984,False,0.0,2.6999999999999993
2026-04-29|12h_prior,2026-04-29,12h_prior,2,development_validation,raw_deterministic,24.9,28.4,3.5,False,0.0,3.5
2026-04-29|24h_prior,2026-04-29,24h_prior,2,development_validation,raw_deterministic,25.9,28.4,2.5,False,0.0,2.5
2026-04-29|6h_prior,2026-04-29,6h_prior,2,development_validation,raw_deterministic,27.1,28.4,1.2999999999999974,False,0.0,1.2999999999999972
2026-04-29|event_day_open,2026-04-29,event_day_open,2,development_validation,raw_deterministic,25.7,28.4,2.6999999999999984,False,0.0,2.6999999999999993
2026-04-30|12h_prior,2026-04-30,12h_prior,2,development_validation,raw_deterministic,24.4,26.7,2.300000000000001,False,0.0,2.3000000000000007
2026-04-30|24h_prior,2026-04-30,24h_prior,2,development_validation,raw_deterministic,24.5,26.7,2.1999999999999997,False,0.0,2.1999999999999993
2026-04-30|6h_prior,2026-04-30,6h_prior,2,development_validation,raw_deterministic,25.2,26.7,1.4999999999999998,False,0.0,1.5
2026-04-30|event_day_open,2026-04-30,event_day_open,2,development_validation,raw_deterministic,24.9,26.7,1.8000000000000007,False,0.0,1.8000000000000007
2026-05-01|12h_prior,2026-05-01,12h_prior,2,development_validation,raw_deterministic,24.3,26.9,2.5999999999999974,False,0.0,2.599999999999998
2026-05-01|24h_prior,2026-05-01,24h_prior,2,development_validation,raw_deterministic,23.4,26.9,3.5,False,0.0,3.5
2026-05-01|6h_prior,2026-05-01,6h_prior,2,development_validation,raw_deterministic,23.5,26.9,3.3999999999999986,False,0.0,3.3999999999999986
2026-05-01|event_day_open,2026-05-01,event_day_open,2,development_validation,raw_deterministic,23.6,26.9,3.2999999999999976,False,0.0,3.299999999999997
2026-05-02|12h_prior,2026-05-02,12h_prior,3,development_validation,raw_deterministic,27.3,27.0,0.30000000000000066,False,0.0,0.3000000000000007
2026-05-02|24h_prior,2026-05-02,24h_prior,3,development_validation,raw_deterministic,26.9,27.0,0.10000000000000142,False,0.0,0.10000000000000142
2026-05-02|6h_prior,2026-05-02,6h_prior,3,development_validation,raw_deterministic,27.2,27.0,0.19999999999999926,False,0.0,0.1999999999999993
2026-05-02|event_day_open,2026-05-02,event_day_open,3,development_validation,raw_deterministic,26.8,27.0,0.1999999999999993,False,0.0,0.1999999999999993
2026-05-03|12h_prior,2026-05-03,12h_prior,3,development_validation,raw_deterministic,29.0,29.6,0.6000000000000013,False,0.0,0.6000000000000014
2026-05-03|24h_prior,2026-05-03,24h_prior,3,development_validation,raw_deterministic,28.2,29.6,1.4000000000000021,False,0.0,1.4000000000000021
2026-05-03|6h_prior,2026-05-03,6h_prior,3,development_validation,raw_deterministic,29.1,29.6,0.5,False,0.0,0.5
2026-05-03|event_day_open,2026-05-03,event_day_open,3,development_validation,raw_deterministic,28.6,29.6,1.0,False,0.0,1.0
2026-05-04|12h_prior,2026-05-04,12h_prior,3,development_validation,raw_deterministic,25.1,27.6,2.5,False,0.0,2.5
2026-05-04|24h_prior,2026-05-04,24h_prior,3,development_validation,raw_deterministic,26.0,27.6,1.600000000000001,False,0.0,1.6000000000000014
2026-05-04|6h_prior,2026-05-04,6h_prior,3,development_validation,raw_deterministic,25.7,27.6,1.9000000000000021,False,0.0,1.9000000000000021
2026-05-04|event_day_open,2026-05-04,event_day_open,3,development_validation,raw_deterministic,26.1,27.6,1.4999999999999998,False,0.0,1.5
2026-05-05|12h_prior,2026-05-05,12h_prior,3,development_validation,raw_deterministic,21.7,23.0,1.3000000000000007,False,0.0,1.3000000000000007
2026-05-05|24h_prior,2026-05-05,24h_prior,3,development_validation,raw_deterministic,23.1,23.0,0.10000000000000143,False,0.0,0.10000000000000142
2026-05-05|6h_prior,2026-05-05,6h_prior,3,development_validation,raw_deterministic,22.5,23.0,0.5,False,0.0,0.5
2026-05-05|event_day_open,2026-05-05,event_day_open,3,development_validation,raw_deterministic,22.0,23.0,1.0,False,0.0,1.0
2026-05-06|12h_prior,2026-05-06,12h_prior,3,development_validation,raw_deterministic,24.7,24.6,0.09999999999999787,False,0.0,0.09999999999999787
2026-05-06|24h_prior,2026-05-06,24h_prior,3,development_validation,raw_deterministic,24.8,24.6,0.19999999999999926,False,0.0,0.1999999999999993
2026-05-06|6h_prior,2026-05-06,6h_prior,3,development_validation,raw_deterministic,24.9,24.6,0.2999999999999972,False,0.0,0.29999999999999716
2026-05-06|event_day_open,2026-05-06,event_day_open,3,development_validation,raw_deterministic,25.5,24.6,0.8999999999999987,False,0.0,0.8999999999999986
2026-05-07|12h_prior,2026-05-07,12h_prior,3,development_validation,raw_deterministic,25.3,29.3,4.0,False,0.0,4.0
2026-05-07|24h_prior,2026-05-07,24h_prior,3,development_validation,raw_deterministic,25.9,29.3,3.4000000000000026,False,0.0,3.400000000000002
2026-05-07|6h_prior,2026-05-07,6h_prior,3,development_validation,raw_deterministic,26.3,29.3,2.9999999999999996,False,0.0,3.0
2026-05-07|event_day_open,2026-05-07,event_day_open,3,development_validation,raw_deterministic,26.7,29.3,2.6000000000000014,False,0.0,2.6000000000000014
2026-05-08|12h_prior,2026-05-08,12h_prior,3,development_validation,raw_deterministic,28.4,30.3,1.9000000000000021,False,0.0,1.9000000000000021
2026-05-08|24h_prior,2026-05-08,24h_prior,3,development_validation,raw_deterministic,27.8,30.3,2.5,False,0.0,2.5
2026-05-08|6h_prior,2026-05-08,6h_prior,3,development_validation,raw_deterministic,27.9,30.3,2.400000000000002,False,0.0,2.400000000000002
2026-05-08|event_day_open,2026-05-08,event_day_open,3,development_validation,raw_deterministic,28.9,30.3,1.4000000000000021,False,0.0,1.4000000000000021
2026-05-09|12h_prior,2026-05-09,12h_prior,3,development_validation,raw_deterministic,24.1,26.1,2.0,False,0.0,2.0
2026-05-09|24h_prior,2026-05-09,24h_prior,3,development_validation,raw_deterministic,24.6,26.1,1.4999999999999998,False,0.0,1.5
2026-05-09|6h_prior,2026-05-09,6h_prior,3,development_validation,raw_deterministic,24.5,26.1,1.600000000000001,False,0.0,1.6000000000000014
2026-05-09|event_day_open,2026-05-09,event_day_open,3,development_validation,raw_deterministic,23.1,26.1,2.9999999999999996,False,0.0,3.0
2026-05-10|12h_prior,2026-05-10,12h_prior,3,development_validation,raw_deterministic,25.1,26.1,1.0,False,0.0,1.0
2026-05-10|24h_prior,2026-05-10,24h_prior,3,development_validation,raw_deterministic,25.0,26.1,1.1000000000000014,False,0.0,1.1000000000000014
2026-05-10|6h_prior,2026-05-10,6h_prior,3,development_validation,raw_deterministic,25.0,26.1,1.1000000000000014,False,0.0,1.1000000000000014
2026-05-10|event_day_open,2026-05-10,event_day_open,3,development_validation,raw_deterministic,25.1,26.1,1.0,False,0.0,1.0
2026-05-11|12h_prior,2026-05-11,12h_prior,4,development_validation,raw_deterministic,26.5,28.8,2.300000000000001,False,0.0,2.3000000000000007
2026-05-11|24h_prior,2026-05-11,24h_prior,4,development_validation,raw_deterministic,26.7,28.8,2.100000000000002,False,0.0,2.1000000000000014
2026-05-11|6h_prior,2026-05-11,6h_prior,4,development_validation,raw_deterministic,26.5,28.8,2.300000000000001,False,0.0,2.3000000000000007
2026-05-11|event_day_open,2026-05-11,event_day_open,4,development_validation,raw_deterministic,26.5,28.8,2.300000000000001,False,0.0,2.3000000000000007
2026-05-12|12h_prior,2026-05-12,12h_prior,4,development_validation,raw_deterministic,28.9,31.6,2.700000000000003,False,0.0,2.700000000000003
2026-05-12|24h_prior,2026-05-12,24h_prior,4,development_validation,raw_deterministic,28.8,31.6,2.8000000000000003,False,0.0,2.8000000000000007
2026-05-12|6h_prior,2026-05-12,6h_prior,4,development_validation,raw_deterministic,28.6,31.6,2.9999999999999996,False,0.0,3.0
2026-05-12|event_day_open,2026-05-12,event_day_open,4,development_validation,raw_deterministic,28.8,31.6,2.8000000000000003,False,0.0,2.8000000000000007
2026-05-13|12h_prior,2026-05-13,12h_prior,4,development_validation,raw_deterministic,28.3,31.1,2.8000000000000003,False,0.0,2.8000000000000007
2026-05-13|24h_prior,2026-05-13,24h_prior,4,development_validation,raw_deterministic,28.3,31.1,2.8000000000000003,False,0.0,2.8000000000000007
2026-05-13|6h_prior,2026-05-13,6h_prior,4,development_validation,raw_deterministic,28.4,31.1,2.700000000000003,False,0.0,2.700000000000003
2026-05-13|event_day_open,2026-05-13,event_day_open,4,development_validation,raw_deterministic,28.6,31.1,2.5,False,0.0,2.5
2026-05-14|12h_prior,2026-05-14,12h_prior,4,development_validation,raw_deterministic,27.5,29.2,1.6999999999999993,False,0.0,1.6999999999999993
2026-05-14|24h_prior,2026-05-14,24h_prior,4,development_validation,raw_deterministic,27.5,29.2,1.6999999999999993,False,0.0,1.6999999999999993
2026-05-14|6h_prior,2026-05-14,6h_prior,4,development_validation,raw_deterministic,27.6,29.2,1.5999999999999979,False,0.0,1.5999999999999979
2026-05-14|event_day_open,2026-05-14,event_day_open,4,development_validation,raw_deterministic,27.4,29.2,1.8000000000000007,False,0.0,1.8000000000000007
2026-05-15|12h_prior,2026-05-15,12h_prior,4,development_validation,raw_deterministic,27.3,27.4,0.09999999999999787,False,0.0,0.09999999999999787
2026-05-15|24h_prior,2026-05-15,24h_prior,4,development_validation,raw_deterministic,28.6,27.4,1.2000000000000026,False,0.0,1.2000000000000028
2026-05-15|6h_prior,2026-05-15,6h_prior,4,development_validation,raw_deterministic,27.9,27.4,0.5,False,0.0,0.5
2026-05-15|event_day_open,2026-05-15,event_day_open,4,development_validation,raw_deterministic,27.3,27.4,0.09999999999999787,False,0.0,0.09999999999999787
2026-05-16|12h_prior,2026-05-16,12h_prior,4,development_validation,raw_deterministic,24.5,25.6,1.1000000000000014,False,0.0,1.1000000000000014
2026-05-16|24h_prior,2026-05-16,24h_prior,4,development_validation,raw_deterministic,25.4,25.6,0.20000000000000284,False,0.0,0.20000000000000284
2026-05-16|6h_prior,2026-05-16,6h_prior,4,development_validation,raw_deterministic,25.4,25.6,0.20000000000000284,False,0.0,0.20000000000000284
2026-05-16|event_day_open,2026-05-16,event_day_open,4,development_validation,raw_deterministic,24.9,25.6,0.7000000000000027,False,0.0,0.7000000000000028
2026-05-19|12h_prior,2026-05-19,12h_prior,4,development_validation,raw_deterministic,26.9,26.4,0.5,False,0.0,0.5
2026-05-19|24h_prior,2026-05-19,24h_prior,4,development_validation,raw_deterministic,27.0,26.4,0.6000000000000013,False,0.0,0.6000000000000014
2026-05-19|6h_prior,2026-05-19,6h_prior,4,development_validation,raw_deterministic,27.1,26.4,0.7000000000000028,False,0.0,0.7000000000000028
2026-05-19|event_day_open,2026-05-19,event_day_open,4,development_validation,raw_deterministic,27.2,26.4,0.8000000000000007,False,0.0,0.8000000000000007
2026-05-20|12h_prior,2026-05-20,12h_prior,4,development_validation,raw_deterministic,28.6,30.7,2.0999999999999974,False,0.0,2.099999999999998
2026-05-20|24h_prior,2026-05-20,24h_prior,4,development_validation,raw_deterministic,27.9,30.7,2.8000000000000003,False,0.0,2.8000000000000007
2026-05-20|6h_prior,2026-05-20,6h_prior,4,development_validation,raw_deterministic,27.8,30.7,2.8999999999999986,False,0.0,2.8999999999999986
2026-05-20|event_day_open,2026-05-20,event_day_open,4,development_validation,raw_deterministic,28.6,30.7,2.0999999999999974,False,0.0,2.099999999999998
2026-05-21|12h_prior,2026-05-21,12h_prior,4,development_validation,raw_deterministic,27.3,31.5,4.199999999999999,False,0.0,4.199999999999999
2026-05-21|24h_prior,2026-05-21,24h_prior,4,development_validation,raw_deterministic,26.5,31.5,5.0,False,0.0,5.0
2026-05-21|6h_prior,2026-05-21,6h_prior,4,development_validation,raw_deterministic,28.8,31.5,2.6999999999999984,False,0.0,2.6999999999999993
2026-05-21|event_day_open,2026-05-21,event_day_open,4,development_validation,raw_deterministic,27.7,31.5,3.8000000000000003,False,0.0,3.8000000000000007
2026-04-12|24h_prior,2026-04-12,24h_prior,1,development_validation,rule_catboost_quantile,27.0,28.5,0.45391047560220354,False,0.0,0.45391047560220343
2026-04-12|event_day_open,2026-04-12,event_day_open,1,development_validation,rule_catboost_quantile,27.1,28.5,0.5991334829675837,False,0.0016346094168682157,0.5993334586473722
2026-04-13|24h_prior,2026-04-13,24h_prior,1,development_validation,rule_catboost_quantile,27.1,29.7,1.480000650379484,False,0.0,1.480000650379484
2026-04-13|event_day_open,2026-04-13,event_day_open,1,development_validation,rule_catboost_quantile,27.0,29.7,1.8991334829675843,False,0.0016346094168682157,1.899333458647373
2026-04-14|24h_prior,2026-04-14,24h_prior,1,development_validation,rule_catboost_quantile,27.0,29.0,0.9539104756022037,False,0.0,0.9539104756022034
2026-04-14|event_day_open,2026-04-14,event_day_open,1,development_validation,rule_catboost_quantile,27.5,29.0,0.699133482967585,False,0.0016346094168682157,0.6993334586473736
2026-04-15|24h_prior,2026-04-15,24h_prior,1,development_validation,rule_catboost_quantile,27.2,28.9,0.5800006503794854,False,0.0,0.5800006503794854
2026-04-15|event_day_open,2026-04-15,event_day_open,1,development_validation,rule_catboost_quantile,26.8,28.9,1.299133482967583,False,0.0016346094168682157,1.2993334586473715
2026-04-16|24h_prior,2026-04-16,24h_prior,1,development_validation,rule_catboost_quantile,27.0,30.2,2.1539104756022027,False,0.0,2.1539104756022027
2026-04-16|event_day_open,2026-04-16,event_day_open,1,development_validation,rule_catboost_quantile,26.8,30.2,2.5991334829675847,False,0.0016346094168682157,2.599333458647372
2026-04-17|24h_prior,2026-04-17,24h_prior,1,development_validation,rule_catboost_quantile,27.3,28.0,0.41999934962051494,False,0.0,0.41999934962051455
2026-04-17|event_day_open,2026-04-17,event_day_open,1,development_validation,rule_catboost_quantile,27.1,28.0,0.09913348296758366,False,0.0016346094168682157,0.0993334586473722
2026-04-18|24h_prior,2026-04-18,24h_prior,1,development_validation,rule_catboost_quantile,27.9,28.5,0.4695158478253879,False,0.0,0.469515847825388
2026-04-18|event_day_open,2026-04-18,event_day_open,1,development_validation,rule_catboost_quantile,28.3,28.5,0.6002377011157695,False,0.0016346094168682157,0.6006665413526271
2026-04-19|24h_prior,2026-04-19,24h_prior,1,development_validation,rule_catboost_quantile,27.2,30.0,1.6800006503794869,False,0.0,1.6800006503794869
2026-04-19|event_day_open,2026-04-19,event_day_open,1,development_validation,rule_catboost_quantile,27.9,30.0,1.2991334829675865,False,0.0016346094168682157,1.299333458647375
2026-04-20|24h_prior,2026-04-20,24h_prior,1,development_validation,rule_catboost_quantile,26.6,28.4,0.8737460749989647,False,0.017956650727700918,0.8742699227884145
2026-04-20|event_day_open,2026-04-20,event_day_open,1,development_validation,rule_catboost_quantile,27.1,28.4,0.49913348296758225,False,0.0016346094168682157,0.4993334586473708
2026-04-21|24h_prior,2026-04-21,24h_prior,1,development_validation,rule_catboost_quantile,25.9,28.9,2.0473375538096974,False,0.048789854712698144,2.052135432925983
2026-04-21|event_day_open,2026-04-21,event_day_open,1,development_validation,rule_catboost_quantile,27.0,28.9,1.0991334829675838,False,0.0016346094168682157,1.0993334586473722
2026-04-22|12h_prior,2026-04-22,12h_prior,2,development_validation,rule_catboost_quantile,27.6,29.4,1.4173893556161423,False,0.029110771867816965,1.4163778298057856
2026-04-22|24h_prior,2026-04-22,24h_prior,2,development_validation,rule_catboost_quantile,27.4,29.4,0.1600870343957759,True,1.3031463556408092,0.20400064577023258
2026-04-22|6h_prior,2026-04-22,6h_prior,2,development_validation,rule_catboost_quantile,27.7,29.4,0.5650269175591595,False,1.3500639706373043,0.9052660062923685
2026-04-22|event_day_open,2026-04-22,event_day_open,2,development_validation,rule_catboost_quantile,27.7,29.4,0.16475424236413277,True,1.2358212742278347,0.3329998105907528
2026-04-23|12h_prior,2026-04-23,12h_prior,2,development_validation,rule_catboost_quantile,26.2,29.0,0.12038712654409872,True,0.8148856034332894,0.11579488791944215
2026-04-23|24h_prior,2026-04-23,24h_prior,2,development_validation,rule_catboost_quantile,26.4,29.0,0.2153421494608315,True,1.302608213775727,0.3616874658742688
2026-04-23|6h_prior,2026-04-23,6h_prior,2,development_validation,rule_catboost_quantile,26.7,29.0,0.14536928058064247,True,1.0154712496418696,0.18329413671660433
2026-04-23|event_day_open,2026-04-23,event_day_open,2,development_validation,rule_catboost_quantile,25.7,29.0,0.9462340437430083,False,0.0,0.9462340437430079
2026-04-24|12h_prior,2026-04-24,12h_prior,2,development_validation,rule_catboost_quantile,21.2,23.7,0.533850536630388,False,0.45106849797792137,0.5298322906708357
2026-04-24|24h_prior,2026-04-24,24h_prior,2,development_validation,rule_catboost_quantile,21.6,23.7,0.7994217768392294,False,0.13922682830230926,0.8231705287594941
2026-04-24|6h_prior,2026-04-24,6h_prior,2,development_validation,rule_catboost_quantile,20.1,23.7,1.1562869858761262,False,0.24059464144290743,1.2895246541277245
2026-04-24|event_day_open,2026-04-24,event_day_open,2,development_validation,rule_catboost_quantile,21.4,23.7,0.14123631885159324,False,0.0,0.14123631885159327
2026-04-25|12h_prior,2026-04-25,12h_prior,2,development_validation,rule_catboost_quantile,24.2,26.5,1.148485237420737,False,0.08616416456685627,1.1969889058636376
2026-04-25|24h_prior,2026-04-25,24h_prior,2,development_validation,rule_catboost_quantile,24.8,26.5,1.2324106728428923,False,0.10683661722634596,1.262558741097287
2026-04-25|6h_prior,2026-04-25,6h_prior,2,development_validation,rule_catboost_quantile,25.4,26.5,1.3264269673764273,False,0.2850570997959565,1.3309018677018472
2026-04-25|event_day_open,2026-04-25,event_day_open,2,development_validation,rule_catboost_quantile,25.3,26.5,1.2394337924328838,False,0.0,1.2394337924328838
2026-04-26|12h_prior,2026-04-26,12h_prior,2,development_validation,rule_catboost_quantile,25.6,28.8,0.06793815645835505,True,0.5881366219362967,0.06867706156631925
2026-04-26|24h_prior,2026-04-26,24h_prior,2,development_validation,rule_catboost_quantile,25.5,28.8,0.21860698681540824,False,0.09015837829525708,0.26620863154217744
2026-04-26|6h_prior,2026-04-26,6h_prior,2,development_validation,rule_catboost_quantile,25.8,28.8,0.4491402177944466,False,0.28505709979596006,0.5690981322981514
2026-04-26|event_day_open,2026-04-26,event_day_open,2,development_validation,rule_catboost_quantile,25.7,28.8,0.7462340437430084,False,0.0,0.7462340437430086
2026-04-27|12h_prior,2026-04-27,12h_prior,2,development_validation,rule_catboost_quantile,26.2,27.9,0.9418960018707103,False,0.8148856034332894,0.9842051120805593
2026-04-27|24h_prior,2026-04-27,24h_prior,2,development_validation,rule_catboost_quantile,26.4,27.9,0.5540524600623382,False,1.302608213775727,0.7383125341257326
2026-04-27|6h_prior,2026-04-27,6h_prior,2,development_validation,rule_catboost_quantile,25.9,27.9,0.4264269673764291,False,0.2850570997959565,0.4309018677018486
2026-04-27|event_day_open,2026-04-27,event_day_open,2,development_validation,rule_catboost_quantile,26.0,27.9,0.4537659562569942,False,0.0,0.45376595625699423
2026-04-28|12h_prior,2026-04-28,12h_prior,2,development_validation,rule_catboost_quantile,26.9,29.4,0.16422945141503842,True,1.2718408720025067,0.0949460706876053
2026-04-28|24h_prior,2026-04-28,24h_prior,2,development_validation,rule_catboost_quantile,25.3,29.4,1.1191998936578196,False,0.10683661722634596,1.1374412589027116
2026-04-28|6h_prior,2026-04-28,6h_prior,2,development_validation,rule_catboost_quantile,26.5,29.4,0.3908659600775885,False,0.3828773273672468,0.5516924942896289
2026-04-28|event_day_open,2026-04-28,event_day_open,2,development_validation,rule_catboost_quantile,26.7,29.4,0.5033584995829228,False,0.9183189286578184,0.825958673482031
2026-04-29|12h_prior,2026-04-29,12h_prior,2,development_validation,rule_catboost_quantile,24.9,28.4,0.013222838342781018,True,0.08616416456685627,0.0030110941363616917
2026-04-29|24h_prior,2026-04-29,24h_prior,2,development_validation,rule_catboost_quantile,25.9,28.4,0.44136323921659026,False,0.18659917506773027,0.4515638341498054
2026-04-29|6h_prior,2026-04-29,6h_prior,2,development_validation,rule_catboost_quantile,27.1,28.4,0.7365327532080443,False,1.0154712496418696,0.8167058632833957
2026-04-29|event_day_open,2026-04-29,event_day_open,2,development_validation,rule_catboost_quantile,25.7,28.4,0.34623404374300637,False,0.0,0.3462340437430065
2026-04-30|12h_prior,2026-04-30,12h_prior,2,development_validation,rule_catboost_quantile,24.4,26.7,1.1484852374207368,False,0.08616416456685627,1.1969889058636376
2026-04-30|24h_prior,2026-04-30,24h_prior,2,development_validation,rule_catboost_quantile,24.5,26.7,0.7356766612307132,False,0.10841219433639893,0.7717353866321055
2026-04-30|6h_prior,2026-04-30,6h_prior,2,development_validation,rule_catboost_quantile,25.2,26.7,0.9264269673764275,False,0.28505709979596006,0.9309018677018486
2026-04-30|event_day_open,2026-04-30,event_day_open,2,development_validation,rule_catboost_quantile,24.9,26.7,0.6394337924328859,False,0.0,0.6394337924328859
2026-05-01|12h_prior,2026-05-01,12h_prior,2,development_validation,rule_catboost_quantile,24.3,26.9,0.8484852374207393,False,0.08616416456685627,0.8969889058636404
2026-05-01|24h_prior,2026-05-01,24h_prior,2,development_validation,rule_catboost_quantile,23.4,26.9,0.5375183142610201,False,0.13922682830230926,0.576829471240508
2026-05-01|6h_prior,2026-05-01,6h_prior,2,development_validation,rule_catboost_quantile,23.5,26.9,0.9562869858761267,False,0.24059464144290743,1.0895246541277253
2026-05-01|event_day_open,2026-05-01,event_day_open,2,development_validation,rule_catboost_quantile,23.6,26.9,0.8587636811484035,False,0.0,0.8587636811484032
2026-05-02|12h_prior,2026-05-02,12h_prior,3,development_validation,rule_catboost_quantile,27.3,27.0,1.9309230593491868,False,0.7854672891457142,2.224042601102038
2026-05-02|24h_prior,2026-05-02,24h_prior,3,development_validation,rule_catboost_quantile,26.9,27.0,1.9187678082949127,False,1.050142304392267,2.0021637810291253
2026-05-02|6h_prior,2026-05-02,6h_prior,3,development_validation,rule_catboost_quantile,27.2,27.0,1.5061677491133485,False,2.1407492829701162,1.890504100456674
2026-05-02|event_day_open,2026-05-02,event_day_open,3,development_validation,rule_catboost_quantile,26.8,27.0,2.7899105724081426,False,0.35444120544762825,2.871146534700518
2026-05-03|12h_prior,2026-05-03,12h_prior,3,development_validation,rule_catboost_quantile,29.0,29.6,0.06313370419977815,False,0.0,0.06313370419977815
2026-05-03|24h_prior,2026-05-03,24h_prior,3,development_validation,rule_catboost_quantile,28.2,29.6,0.10768505047077605,True,0.8750833693550888,0.2180440799886938
2026-05-03|6h_prior,2026-05-03,6h_prior,3,development_validation,rule_catboost_quantile,29.1,29.6,0.47951943569313993,False,0.15905751052760309,0.4739925888626857
2026-05-03|event_day_open,2026-05-03,event_day_open,3,development_validation,rule_catboost_quantile,28.6,29.6,0.10719632384730939,False,0.0023129726439634624,0.10858457470088823
2026-05-04|12h_prior,2026-05-04,12h_prior,3,development_validation,rule_catboost_quantile,25.1,27.6,0.507249999805936,False,0.7134734872066382,0.7057828494380942
2026-05-04|24h_prior,2026-05-04,24h_prior,3,development_validation,rule_catboost_quantile,26.0,27.6,0.36406803295321105,False,1.145378116444796,0.4189900988620856
2026-05-04|6h_prior,2026-05-04,6h_prior,3,development_validation,rule_catboost_quantile,25.7,27.6,0.1446585298727276,True,1.262603469747603,0.10401013191587438
2026-05-04|event_day_open,2026-05-04,event_day_open,3,development_validation,rule_catboost_quantile,26.1,27.6,1.5013623422906528,False,0.3535957351731014,1.5885513502537876
2026-05-05|12h_prior,2026-05-05,12h_prior,3,development_validation,rule_catboost_quantile,21.7,23.0,1.12526745967957,False,0.11845862986286804,1.1123189120943344
2026-05-05|24h_prior,2026-05-05,24h_prior,3,development_validation,rule_catboost_quantile,23.1,23.0,2.793933045350857,False,1.537828811663342,3.097462321940611
2026-05-05|6h_prior,2026-05-05,6h_prior,3,development_validation,rule_catboost_quantile,22.5,23.0,2.9173856255531807,False,0.19436366186580045,2.9017811564675178
2026-05-05|event_day_open,2026-05-05,event_day_open,3,development_validation,rule_catboost_quantile,22.0,23.0,2.103007681760156,False,0.23319737540374774,2.114417310829978
2026-05-06|12h_prior,2026-05-06,12h_prior,3,development_validation,rule_catboost_quantile,24.7,24.6,3.0829365996657603,False,0.7382107667580229,3.287288262310849
2026-05-06|24h_prior,2026-05-06,24h_prior,3,development_validation,rule_catboost_quantile,24.8,24.6,2.76823716730421,False,1.703292547079144,3.0957618989260816
2026-05-06|6h_prior,2026-05-06,6h_prior,3,development_validation,rule_catboost_quantile,24.9,24.6,3.0105131379571146,False,0.11208795180291276,2.9940056396006867
2026-05-06|event_day_open,2026-05-06,event_day_open,3,development_validation,rule_catboost_quantile,25.5,24.6,4.295456793469152,False,0.019090438776252938,4.302249647239773
2026-05-07|12h_prior,2026-05-07,12h_prior,3,development_validation,rule_catboost_quantile,25.3,29.3,0.6806929048869012,False,0.736730557839131,0.7746390898211857
2026-05-07|24h_prior,2026-05-07,24h_prior,3,development_validation,rule_catboost_quantile,25.9,29.3,0.5229739078974319,True,1.4139511364061548,0.9000758686753016
2026-05-07|6h_prior,2026-05-07,6h_prior,3,development_validation,rule_catboost_quantile,26.3,29.3,0.49013541462268384,True,1.9327122531424692,0.7156003044542523
2026-05-07|event_day_open,2026-05-07,event_day_open,3,development_validation,rule_catboost_quantile,26.7,29.3,0.40136234229065143,False,0.35359573517310494,0.48855135025378615
2026-05-08|12h_prior,2026-05-08,12h_prior,3,development_validation,rule_catboost_quantile,28.4,30.3,1.2368662958002226,False,0.0,1.2368662958002226
2026-05-08|24h_prior,2026-05-08,24h_prior,3,development_validation,rule_catboost_quantile,27.8,30.3,0.8111157454408017,False,0.8700225310125234,0.8516805150426414
2026-05-08|6h_prior,2026-05-08,6h_prior,3,development_validation,rule_catboost_quantile,27.9,30.3,0.6508160269069829,False,1.6488079497463772,0.977009445997016
2026-05-08|event_day_open,2026-05-08,event_day_open,3,development_validation,rule_catboost_quantile,28.9,30.3,0.5071963238473115,False,0.0023129726439634624,0.5085845747008904
2026-05-09|12h_prior,2026-05-09,12h_prior,3,development_validation,rule_catboost_quantile,24.1,26.1,0.37499245751487864,False,0.5077452166572414,0.3465808161368962
2026-05-09|24h_prior,2026-05-09,24h_prior,3,development_validation,rule_catboost_quantile,24.6,26.1,1.0682371673042113,False,1.703292547079144,1.3957618989260823
2026-05-09|6h_prior,2026-05-09,6h_prior,3,development_validation,rule_catboost_quantile,24.5,26.1,1.8874013119653157,False,0.0,1.8874013119653164
2026-05-09|event_day_open,2026-05-09,event_day_open,3,development_validation,rule_catboost_quantile,23.1,26.1,0.10300768176015579,False,0.23319737540374774,0.11441731082997819
2026-05-10|12h_prior,2026-05-10,12h_prior,3,development_validation,rule_catboost_quantile,25.1,26.1,2.007249999805936,False,0.7134734872066382,2.205782849438094
2026-05-10|24h_prior,2026-05-10,24h_prior,3,development_validation,rule_catboost_quantile,25.0,26.1,1.4682371673042096,False,1.703292547079144,1.7957618989260808
2026-05-10|6h_prior,2026-05-10,6h_prior,3,development_validation,rule_catboost_quantile,25.0,26.1,1.6105131379571178,False,0.11208795180291276,1.594005639600688
2026-05-10|event_day_open,2026-05-10,event_day_open,3,development_validation,rule_catboost_quantile,25.1,26.1,1.7017094800090942,False,0.028784987877791934,1.7119518958977302
2026-05-11|12h_prior,2026-05-11,12h_prior,4,development_validation,rule_catboost_quantile,26.5,28.8,0.3001076073147213,True,1.92737676388629,0.483020562025807
2026-05-11|24h_prior,2026-05-11,24h_prior,4,development_validation,rule_catboost_quantile,26.7,28.8,0.1549405109342943,True,1.471497668921149,0.10444487737748176
2026-05-11|6h_prior,2026-05-11,6h_prior,4,development_validation,rule_catboost_quantile,26.5,28.8,0.1286878823194478,True,1.1307575446759799,0.06386660359930829
2026-05-11|event_day_open,2026-05-11,event_day_open,4,development_validation,rule_catboost_quantile,26.5,28.8,0.2441276553540932,True,1.971426833828719,0.29344165706867287
2026-05-12|12h_prior,2026-05-12,12h_prior,4,development_validation,rule_catboost_quantile,28.9,31.6,1.1317147955569773,False,0.0,1.1317147955569773
2026-05-12|24h_prior,2026-05-12,24h_prior,4,development_validation,rule_catboost_quantile,28.8,31.6,1.2503256563961462,False,0.2779712494914506,1.3118394985500785
2026-05-12|6h_prior,2026-05-12,6h_prior,4,development_validation,rule_catboost_quantile,28.6,31.6,1.5359775043018857,False,0.9227470502378097,1.887918785993616
2026-05-12|event_day_open,2026-05-12,event_day_open,4,development_validation,rule_catboost_quantile,28.8,31.6,1.3563459394550021,False,0.16383367609015664,1.3980554823286795
2026-05-13|12h_prior,2026-05-13,12h_prior,4,development_validation,rule_catboost_quantile,28.3,31.1,1.2334422656685815,False,0.0,1.2334422656685824
2026-05-13|24h_prior,2026-05-13,24h_prior,4,development_validation,rule_catboost_quantile,28.3,31.1,1.2503256563961462,False,0.2779712494914506,1.3118394985500785
2026-05-13|6h_prior,2026-05-13,6h_prior,4,development_validation,rule_catboost_quantile,28.4,31.1,1.2359775043018884,False,0.9227470502378097,1.5879187859936188
2026-05-13|event_day_open,2026-05-13,event_day_open,4,development_validation,rule_catboost_quantile,28.6,31.1,1.0563459394550017,False,0.16383367609015664,1.0980554823286788
2026-05-14|12h_prior,2026-05-14,12h_prior,4,development_validation,rule_catboost_quantile,27.5,29.2,0.128714399826151,True,0.4507615203468056,0.12683164017053983
2026-05-14|24h_prior,2026-05-14,24h_prior,4,development_validation,rule_catboost_quantile,27.5,29.2,0.3973015305863046,False,0.5694460696959318,0.5120175623717316
2026-05-14|6h_prior,2026-05-14,6h_prior,4,development_validation,rule_catboost_quantile,27.6,29.2,0.19729861546871466,True,1.5146967883091271,0.26152846784248496
2026-05-14|event_day_open,2026-05-14,event_day_open,4,development_validation,rule_catboost_quantile,27.4,29.2,0.12436432083486629,True,0.5141372084749243,0.15969595406034287
2026-05-15|12h_prior,2026-05-15,12h_prior,4,development_validation,rule_catboost_quantile,27.3,27.4,1.2926171304508138,False,0.4507615203468056,1.4731683598294616
2026-05-15|24h_prior,2026-05-15,24h_prior,4,development_validation,rule_catboost_quantile,28.6,27.4,2.642966509456855,False,0.2779712494914506,2.688160501449925
2026-05-15|6h_prior,2026-05-15,6h_prior,4,development_validation,rule_catboost_quantile,27.9,27.4,2.083775322080106,False,1.5146967883091271,2.361528467842483
2026-05-15|event_day_open,2026-05-15,event_day_open,4,development_validation,rule_catboost_quantile,27.3,27.4,1.5050232251579452,False,0.16022595897398162,1.5871358326616374
2026-05-16|12h_prior,2026-05-16,12h_prior,4,development_validation,rule_catboost_quantile,24.5,25.6,0.19903854460386866,True,1.5216457520743134,0.20821795046846958
2026-05-16|24h_prior,2026-05-16,24h_prior,4,development_validation,rule_catboost_quantile,25.4,25.6,1.6808042595654609,False,1.731372838529797,1.9375637977115296
2026-05-16|6h_prior,2026-05-16,6h_prior,4,development_validation,rule_catboost_quantile,25.4,25.6,0.7989838969527535,False,1.9570976141482745,1.0397769176982337
2026-05-16|event_day_open,2026-05-16,event_day_open,4,development_validation,rule_catboost_quantile,24.9,25.6,0.6097159110330741,False,1.3792730560869764,0.8175259330369151
2026-05-19|12h_prior,2026-05-19,12h_prior,4,development_validation,rule_catboost_quantile,26.9,26.4,1.9822959266386402,False,1.92737676388629,2.3169794379741937
2026-05-19|24h_prior,2026-05-19,24h_prior,4,development_validation,rule_catboost_quantile,27.0,26.4,2.2519720084929293,False,1.4733487030997168,2.6032416495642607
2026-05-19|6h_prior,2026-05-19,6h_prior,4,development_validation,rule_catboost_quantile,27.1,26.4,2.4370619974870094,False,1.5456756235546152,2.6773258599731875
2026-05-19|event_day_open,2026-05-19,event_day_open,4,development_validation,rule_catboost_quantile,27.2,26.4,2.4050232251579446,False,0.16022595897398162,2.487135832661636
2026-05-20|12h_prior,2026-05-20,12h_prior,4,development_validation,rule_catboost_quantile,28.6,30.7,0.5317147955569724,False,0.0,0.5317147955569723
2026-05-20|24h_prior,2026-05-20,24h_prior,4,development_validation,rule_catboost_quantile,27.9,30.7,1.321103867977323,False,0.2383694555547784,1.285998548159256
2026-05-20|6h_prior,2026-05-20,6h_prior,4,development_validation,rule_catboost_quantile,27.8,30.7,0.7125462504561724,False,1.5146967883091236,1.0384715321575158
2026-05-20|event_day_open,2026-05-20,event_day_open,4,development_validation,rule_catboost_quantile,28.6,30.7,0.6563459394549995,False,0.16383367609015664,0.6980554823286766
2026-05-21|12h_prior,2026-05-21,12h_prior,4,development_validation,rule_catboost_quantile,27.3,31.5,2.620036403192765,False,0.4507615203468056,2.62683164017054
2026-05-21|24h_prior,2026-05-21,24h_prior,4,development_validation,rule_catboost_quantile,26.5,31.5,2.7685698964721372,False,1.4807604959849172,2.9975096019722507
2026-05-21|6h_prior,2026-05-21,6h_prior,4,development_validation,rule_catboost_quantile,28.8,31.5,1.6754932280796224,False,0.5471933558092594,1.9985576857436378
2026-05-21|event_day_open,2026-05-21,event_day_open,4,development_validation,rule_catboost_quantile,27.7,31.5,2.0662940677818478,False,0.7826167817710683,2.187675801978127
2026-04-12|24h_prior,2026-04-12,24h_prior,1,development_validation,rule_empirical_residual,27.0,28.5,0.14497494949494982,True,1.629999999999999,0.05000000000000071
2026-04-12|event_day_open,2026-04-12,event_day_open,1,development_validation,rule_empirical_residual,27.1,28.5,0.13502141414141428,True,1.5199999999999996,0.10000000000000142
2026-04-13|24h_prior,2026-04-13,24h_prior,1,development_validation,rule_empirical_residual,27.1,29.7,0.7272375757575738,False,1.629999999999999,1.0499999999999972
2026-04-13|event_day_open,2026-04-13,event_day_open,1,development_validation,rule_empirical_residual,27.0,29.7,1.0234658585858578,False,1.5199999999999996,1.1999999999999993
2026-04-14|24h_prior,2026-04-14,24h_prior,1,development_validation,rule_empirical_residual,27.0,29.0,0.28301535353535345,True,1.629999999999999,0.4499999999999993
2026-04-14|event_day_open,2026-04-14,event_day_open,1,development_validation,rule_empirical_residual,27.5,29.0,0.13288000000000008,True,1.5199999999999996,0.0
2026-04-15|24h_prior,2026-04-15,24h_prior,1,development_validation,rule_empirical_residual,27.2,28.9,0.15687393939393932,True,1.629999999999999,0.14999999999999858
2026-04-15|event_day_open,2026-04-15,event_day_open,1,development_validation,rule_empirical_residual,26.8,28.9,0.5236678787878769,True,1.5199999999999996,0.5999999999999979
2026-04-16|24h_prior,2026-04-16,24h_prior,1,development_validation,rule_empirical_residual,27.0,30.2,1.327237575757576,False,1.629999999999999,1.6499999999999986
2026-04-16|event_day_open,2026-04-16,event_day_open,1,development_validation,rule_empirical_residual,26.8,30.2,1.6900113131313113,False,1.5199999999999996,1.8999999999999986
2026-04-17|24h_prior,2026-04-17,24h_prior,1,development_validation,rule_empirical_residual,27.3,28.0,0.560894141414142,False,1.629999999999999,0.8500000000000014
2026-04-17|event_day_open,2026-04-17,event_day_open,1,development_validation,rule_empirical_residual,27.1,28.0,0.2687183838383846,True,1.5199999999999996,0.6000000000000014
2026-04-18|24h_prior,2026-04-18,24h_prior,1,development_validation,rule_empirical_residual,27.9,28.5,0.6507931313131298,False,1.629999999999999,0.9499999999999993
2026-04-18|event_day_open,2026-04-18,event_day_open,1,development_validation,rule_empirical_residual,28.3,28.5,0.8494456565656571,False,1.5199999999999996,1.3000000000000007
2026-04-19|24h_prior,2026-04-19,24h_prior,1,development_validation,rule_empirical_residual,27.2,30.0,0.9272375757575768,False,1.629999999999999,1.25
2026-04-19|event_day_open,2026-04-19,event_day_open,1,development_validation,rule_empirical_residual,27.9,30.0,0.5236678787878797,True,1.5199999999999996,0.6000000000000014
2026-04-20|24h_prior,2026-04-20,24h_prior,1,development_validation,rule_empirical_residual,26.6,28.4,0.18956080808080683,True,1.629999999999999,0.24999999999999645
2026-04-20|event_day_open,2026-04-20,event_day_open,1,development_validation,rule_empirical_residual,27.1,28.4,0.14136484848484876,True,1.5199999999999996,0.20000000000000284
2026-04-21|24h_prior,2026-04-21,24h_prior,1,development_validation,rule_empirical_residual,25.9,28.9,1.1272375757575757,False,1.629999999999999,1.4499999999999993
2026-04-21|event_day_open,2026-04-21,event_day_open,1,development_validation,rule_empirical_residual,27.0,28.9,0.36690020202020074,True,1.5199999999999996,0.3999999999999986
2026-04-22|12h_prior,2026-04-22,12h_prior,2,development_validation,rule_empirical_residual,27.6,29.4,0.2187224242424235,True,2.8200000000000003,0.19999999999999574
2026-04-22|24h_prior,2026-04-22,24h_prior,2,development_validation,rule_empirical_residual,27.4,29.4,0.24224565656565672,True,1.9600000000000009,0.3000000000000007
2026-04-22|6h_prior,2026-04-22,6h_prior,2,development_validation,rule_empirical_residual,27.7,29.4,0.248055555555555,True,2.429999999999996,0.3999999999999986
2026-04-22|event_day_open,2026-04-22,event_day_open,2,development_validation,rule_empirical_residual,27.7,29.4,0.19713171717171704,True,2.0599999999999987,0.1999999999999993
2026-04-23|12h_prior,2026-04-23,12h_prior,2,development_validation,rule_empirical_residual,26.2,29.0,0.7320961616161624,True,2.8200000000000003,1.1999999999999993
2026-04-23|24h_prior,2026-04-23,24h_prior,2,development_validation,rule_empirical_residual,26.4,29.0,0.563821414141416,True,1.9600000000000009,0.9000000000000021
2026-04-23|6h_prior,2026-04-23,6h_prior,2,development_validation,rule_empirical_residual,26.7,29.0,0.5699747474747482,True,2.429999999999996,1.0
2026-04-23|event_day_open,2026-04-23,event_day_open,2,development_validation,rule_empirical_residual,25.7,29.0,1.3839195959595976,False,2.0599999999999987,1.8000000000000007
2026-04-24|12h_prior,2026-04-24,12h_prior,2,development_validation,rule_empirical_residual,21.2,23.7,0.5342375757575758,True,2.8200000000000003,0.8999999999999986
2026-04-24|24h_prior,2026-04-24,24h_prior,2,development_validation,rule_empirical_residual,21.6,23.7,0.28464969696969616,True,1.9600000000000009,0.3999999999999986
2026-04-24|6h_prior,2026-04-24,6h_prior,2,development_validation,rule_empirical_residual,20.1,23.7,1.7578939393939372,False,2.4299999999999997,2.3000000000000007
2026-04-24|event_day_open,2026-04-24,event_day_open,2,development_validation,rule_empirical_residual,21.4,23.7,0.5491721212121213,True,2.0599999999999987,0.8000000000000007
2026-04-25|12h_prior,2026-04-25,12h_prior,2,development_validation,rule_empirical_residual,24.2,26.5,0.4299951515151518,True,2.8200000000000003,0.6999999999999993
2026-04-25|24h_prior,2026-04-25,24h_prior,2,development_validation,rule_empirical_residual,24.8,26.5,0.16747797979797968,True,1.9600000000000009,0.0
2026-04-25|6h_prior,2026-04-25,6h_prior,2,development_validation,rule_empirical_residual,25.4,26.5,0.20409595959595897,True,2.4299999999999997,0.19999999999999574
2026-04-25|event_day_open,2026-04-25,event_day_open,2,development_validation,rule_empirical_residual,25.3,26.5,0.201050909090909,True,2.0599999999999987,0.3000000000000007
2026-04-26|12h_prior,2026-04-26,12h_prior,2,development_validation,rule_empirical_residual,25.6,28.8,1.073995151515151,False,2.8200000000000003,1.5999999999999979
2026-04-26|24h_prior,2026-04-26,24h_prior,2,development_validation,rule_empirical_residual,25.5,28.8,1.2024880808080816,False,1.9600000000000009,1.6000000000000014
2026-04-26|6h_prior,2026-04-26,6h_prior,2,development_validation,rule_empirical_residual,25.8,28.8,1.1585202020202012,False,2.429999999999996,1.6999999999999993
2026-04-26|event_day_open,2026-04-26,event_day_open,2,development_validation,rule_empirical_residual,25.7,28.8,1.1965256565656581,False,2.0599999999999987,1.6000000000000014
2026-04-27|12h_prior,2026-04-27,12h_prior,2,development_validation,rule_empirical_residual,26.2,27.9,0.197671919191919,True,2.8200000000000003,0.09999999999999787
2026-04-27|24h_prior,2026-04-27,24h_prior,2,development_validation,rule_empirical_residual,26.4,27.9,0.18994262626262612,True,1.9600000000000009,0.1999999999999993
2026-04-27|6h_prior,2026-04-27,6h_prior,2,development_validation,rule_empirical_residual,25.9,27.9,0.38631818181818167,True,2.4299999999999997,0.7000000000000028
2026-04-27|event_day_open,2026-04-27,event_day_open,2,development_validation,rule_empirical_residual,26.0,27.9,0.2903438383838376,True,2.0599999999999987,0.3999999999999986
2026-04-28|12h_prior,2026-04-28,12h_prior,2,development_validation,rule_empirical_residual,26.9,29.4,0.5342375757575759,True,2.8200000000000003,0.8999999999999986
2026-04-28|24h_prior,2026-04-28,24h_prior,2,development_validation,rule_empirical_residual,25.3,29.4,2.0024880808080794,False,1.9600000000000009,2.3999999999999986
2026-04-28|6h_prior,2026-04-28,6h_prior,2,development_validation,rule_empirical_residual,26.5,29.4,1.0617929292929282,False,2.4299999999999997,1.6000000000000014
2026-04-28|event_day_open,2026-04-28,event_day_open,2,development_validation,rule_empirical_residual,26.7,29.4,0.8498589898989901,True,2.0599999999999987,1.1999999999999993
2026-04-29|12h_prior,2026-04-29,12h_prior,2,development_validation,rule_empirical_residual,24.9,28.4,1.3590456565656572,False,2.8200000000000003,1.8999999999999986
2026-04-29|24h_prior,2026-04-29,24h_prior,2,development_validation,rule_empirical_residual,25.9,28.4,0.4946496969696971,True,1.9600000000000009,0.8000000000000007
2026-04-29|6h_prior,2026-04-29,6h_prior,2,development_validation,rule_empirical_residual,27.1,28.4,0.16019696969696998,True,2.4299999999999997,0.0
2026-04-29|event_day_open,2026-04-29,event_day_open,2,development_validation,rule_empirical_residual,25.7,28.4,0.8498589898989901,True,2.0599999999999987,1.1999999999999993
2026-04-30|12h_prior,2026-04-30,12h_prior,2,development_validation,rule_empirical_residual,24.4,26.7,0.4299951515151517,True,2.8200000000000003,0.6999999999999993
2026-04-30|24h_prior,2026-04-30,24h_prior,2,development_validation,rule_empirical_residual,24.5,26.7,0.3294577777777776,True,1.9600000000000009,0.5
2026-04-30|6h_prior,2026-04-30,6h_prior,2,development_validation,rule_empirical_residual,25.2,26.7,0.18654040404040395,True,2.429999999999996,0.1999999999999993
2026-04-30|event_day_open,2026-04-30,event_day_open,2,development_validation,rule_empirical_residual,24.9,26.7,0.23983878787878832,True,2.0599999999999987,0.3000000000000007
2026-05-01|12h_prior,2026-05-01,12h_prior,2,development_validation,rule_empirical_residual,24.3,26.9,0.5952880808080795,True,2.8200000000000003,0.9999999999999964
2026-05-01|24h_prior,2026-05-01,24h_prior,2,development_validation,rule_empirical_residual,23.4,26.9,1.402488080808082,False,1.9600000000000009,1.8000000000000007
2026-05-01|6h_prior,2026-05-01,6h_prior,2,development_validation,rule_empirical_residual,23.5,26.9,1.5578939393939375,False,2.4299999999999997,2.1000000000000014
2026-05-01|event_day_open,2026-05-01,event_day_open,2,development_validation,rule_empirical_residual,23.6,26.9,1.3839195959595931,False,2.0599999999999987,1.7999999999999972
2026-05-02|12h_prior,2026-05-02,12h_prior,3,development_validation,rule_empirical_residual,27.3,27.0,1.6654383838383833,False,2.7799999999999976,2.1000000000000014
2026-05-02|24h_prior,2026-05-02,24h_prior,3,development_validation,rule_empirical_residual,26.9,27.0,1.3721577777777763,False,2.2900000000000027,1.7499999999999964
2026-05-02|6h_prior,2026-05-02,6h_prior,3,development_validation,rule_empirical_residual,27.2,27.0,1.3792630303030289,False,2.2099999999999973,1.6999999999999993
2026-05-02|event_day_open,2026-05-02,event_day_open,3,development_validation,rule_empirical_residual,26.8,27.0,1.1100161616161621,False,2.34,1.4000000000000021
2026-05-03|12h_prior,2026-05-03,12h_prior,3,development_validation,rule_empirical_residual,29.0,29.6,0.892832323232322,True,2.7799999999999976,1.1999999999999993
2026-05-03|24h_prior,2026-05-03,24h_prior,3,development_validation,rule_empirical_residual,28.2,29.6,0.3048042424242413,True,2.2900000000000027,0.44999999999999574
2026-05-03|6h_prior,2026-05-03,6h_prior,3,development_validation,rule_empirical_residual,29.1,29.6,0.7704549494949499,False,2.2099999999999973,1.0
2026-05-03|event_day_open,2026-05-03,event_day_open,3,development_validation,rule_empirical_residual,28.6,29.6,0.42549090909090853,True,2.34,0.6000000000000014
2026-05-04|12h_prior,2026-05-04,12h_prior,3,development_validation,rule_empirical_residual,25.1,27.6,0.3433373737373736,True,2.7799999999999976,0.6999999999999993
2026-05-04|24h_prior,2026-05-04,24h_prior,3,development_validation,rule_empirical_residual,26.0,27.6,0.2227840404040399,True,2.2900000000000027,0.24999999999999645
2026-05-04|6h_prior,2026-05-04,6h_prior,3,development_validation,rule_empirical_residual,25.7,27.6,0.27271757575757644,True,2.2099999999999973,0.40000000000000213
2026-05-04|event_day_open,2026-05-04,event_day_open,3,development_validation,rule_empirical_residual,26.1,27.6,0.19813737373737378,True,2.34,0.10000000000000142
2026-05-05|12h_prior,2026-05-05,12h_prior,3,development_validation,rule_empirical_residual,21.7,23.0,0.40863030303030246,True,2.7799999999999976,0.5
2026-05-05|24h_prior,2026-05-05,24h_prior,3,development_validation,rule_empirical_residual,23.1,23.0,1.5681173737373746,False,2.2900000000000027,1.9499999999999993
2026-05-05|6h_prior,2026-05-05,6h_prior,3,development_validation,rule_empirical_residual,22.5,23.0,0.7704549494949499,False,2.2099999999999973,1.0
2026-05-05|event_day_open,2026-05-05,event_day_open,3,development_validation,rule_empirical_residual,22.0,23.0,0.42549090909090853,True,2.34,0.6000000000000014
2026-05-06|12h_prior,2026-05-06,12h_prior,3,development_validation,rule_empirical_residual,24.7,24.6,1.4720646464646443,False,2.7799999999999976,1.8999999999999986
2026-05-06|24h_prior,2026-05-06,24h_prior,3,development_validation,rule_empirical_residual,24.8,24.6,1.6660971717171706,False,2.2900000000000027,2.049999999999997
2026-05-06|6h_prior,2026-05-06,6h_prior,3,development_validation,rule_empirical_residual,24.9,24.6,1.4724751515151486,False,2.2099999999999973,1.7999999999999972
2026-05-06|event_day_open,2026-05-06,event_day_open,3,development_validation,rule_empirical_residual,25.5,24.6,2.2044404040404024,False,2.34,2.5
2026-05-07|12h_prior,2026-05-07,12h_prior,3,development_validation,rule_empirical_residual,25.3,29.3,1.5978424242424247,False,2.7799999999999976,2.1999999999999993
2026-05-07|24h_prior,2026-05-07,24h_prior,3,development_validation,rule_empirical_residual,25.9,29.3,1.062299191919194,False,2.2900000000000027,1.5500000000000043
2026-05-07|6h_prior,2026-05-07,6h_prior,3,development_validation,rule_empirical_residual,26.3,29.3,0.89096,False,2.2099999999999973,1.5
2026-05-07|event_day_open,2026-05-07,event_day_open,3,development_validation,rule_empirical_residual,26.7,29.3,0.5580161616161625,True,2.34,1.0
2026-05-08|12h_prior,2026-05-08,12h_prior,3,development_validation,rule_empirical_residual,28.4,30.3,0.22442828282828312,True,2.7799999999999976,0.10000000000000142
2026-05-08|24h_prior,2026-05-08,24h_prior,3,development_validation,rule_empirical_residual,27.8,30.3,0.3703800000000004,True,2.2900000000000027,0.6500000000000021
2026-05-08|6h_prior,2026-05-08,6h_prior,3,development_validation,rule_empirical_residual,27.9,30.3,0.4854448484848493,True,2.2099999999999973,0.9000000000000021
2026-05-08|event_day_open,2026-05-08,event_day_open,3,development_validation,rule_empirical_residual,28.9,30.3,0.22904646464646405,True,2.34,0.1999999999999993
2026-05-09|12h_prior,2026-05-09,12h_prior,3,development_validation,rule_empirical_residual,24.1,26.1,0.23723636363636366,True,2.7799999999999976,0.1999999999999993
2026-05-09|24h_prior,2026-05-09,24h_prior,3,development_validation,rule_empirical_residual,24.6,26.1,0.2555921212121211,True,2.2900000000000027,0.34999999999999787
2026-05-09|6h_prior,2026-05-09,6h_prior,3,development_validation,rule_empirical_residual,24.5,26.1,0.21150545454545477,True,2.2099999999999973,0.10000000000000142
2026-05-09|event_day_open,2026-05-09,event_day_open,3,development_validation,rule_empirical_residual,23.1,26.1,0.8332484848484853,True,2.34,1.3999999999999986
2026-05-10|12h_prior,2026-05-10,12h_prior,3,development_validation,rule_empirical_residual,25.1,26.1,0.6001858585858584,True,2.7799999999999976,0.8000000000000007
2026-05-10|24h_prior,2026-05-10,24h_prior,3,development_validation,rule_empirical_residual,25.0,26.1,0.49417797979797856,True,2.2900000000000027,0.7499999999999964
2026-05-10|6h_prior,2026-05-10,6h_prior,3,development_validation,rule_empirical_residual,25.0,26.1,0.3033236363636354,True,2.2099999999999973,0.3999999999999986
2026-05-10|event_day_open,2026-05-10,event_day_open,3,development_validation,rule_empirical_residual,25.1,26.1,0.42549090909090853,True,2.34,0.6000000000000014
2026-05-11|12h_prior,2026-05-11,12h_prior,4,development_validation,rule_empirical_residual,26.5,28.8,0.32820464646464664,True,3.0799999999999983,0.5000000000000036
2026-05-11|24h_prior,2026-05-11,24h_prior,4,development_validation,rule_empirical_residual,26.7,28.8,0.2679604040404045,True,2.419999999999998,0.40000000000000213
2026-05-11|6h_prior,2026-05-11,6h_prior,4,development_validation,rule_empirical_residual,26.5,28.8,0.4716513131313136,True,2.9599999999999973,0.8000000000000007
2026-05-11|event_day_open,2026-05-11,event_day_open,4,development_validation,rule_empirical_residual,26.5,28.8,0.4487787878787885,True,2.400000000000002,0.8000000000000007
2026-05-12|12h_prior,2026-05-12,12h_prior,4,development_validation,rule_empirical_residual,28.9,31.6,0.5161844444444461,True,3.0799999999999983,0.9000000000000057
2026-05-12|24h_prior,2026-05-12,24h_prior,4,development_validation,rule_empirical_residual,28.8,31.6,0.6345866666666677,True,2.419999999999998,1.1000000000000014
2026-05-12|6h_prior,2026-05-12,6h_prior,4,development_validation,rule_empirical_residual,28.6,31.6,0.9454694949494952,False,2.9599999999999973,1.5
2026-05-12|event_day_open,2026-05-12,event_day_open,4,development_validation,rule_empirical_residual,28.8,31.6,0.7403949494949503,True,2.3999999999999986,1.3000000000000007
2026-05-13|12h_prior,2026-05-13,12h_prior,4,development_validation,rule_empirical_residual,28.3,31.1,0.5819420202020209,True,3.0799999999999983,1.0
2026-05-13|24h_prior,2026-05-13,24h_prior,4,development_validation,rule_empirical_residual,28.3,31.1,0.6345866666666677,True,2.419999999999998,1.1000000000000014
2026-05-13|6h_prior,2026-05-13,6h_prior,4,development_validation,rule_empirical_residual,28.4,31.1,0.7206210101010119,True,2.9599999999999973,1.2000000000000028
2026-05-13|event_day_open,2026-05-13,event_day_open,4,development_validation,rule_empirical_residual,28.6,31.1,0.5547383838383841,True,2.400000000000002,1.0
2026-05-14|12h_prior,2026-05-14,12h_prior,4,development_validation,rule_empirical_residual,27.5,29.2,0.23899252525252515,True,3.0799999999999983,0.09999999999999787
2026-05-14|24h_prior,2026-05-14,24h_prior,4,development_validation,rule_empirical_residual,27.5,29.2,0.20202101010100995,True,2.419999999999998,0.0
2026-05-14|6h_prior,2026-05-14,6h_prior,4,development_validation,rule_empirical_residual,27.6,29.2,0.22862101010101002,True,2.9599999999999973,0.09999999999999787
2026-05-14|event_day_open,2026-05-14,event_day_open,4,development_validation,rule_empirical_residual,27.4,29.2,0.23776868686868716,True,2.400000000000002,0.3000000000000007
2026-05-15|12h_prior,2026-05-15,12h_prior,4,development_validation,rule_empirical_residual,27.3,27.4,1.1649117171717192,True,3.0799999999999983,1.7000000000000028
2026-05-15|24h_prior,2026-05-15,24h_prior,4,development_validation,rule_empirical_residual,28.6,27.4,2.4759200000000026,False,2.419999999999998,2.900000000000002
2026-05-15|6h_prior,2026-05-15,6h_prior,4,development_validation,rule_empirical_residual,27.9,27.4,1.5175503030303035,False,2.9599999999999973,2.0
2026-05-15|event_day_open,2026-05-15,event_day_open,4,development_validation,rule_empirical_residual,27.3,27.4,1.0938292929292952,False,2.3999999999999986,1.4000000000000021
2026-05-16|12h_prior,2026-05-16,12h_prior,4,development_validation,rule_empirical_residual,24.5,25.6,0.47390161616161525,True,3.0799999999999983,0.6999999999999957
2026-05-16|24h_prior,2026-05-16,24h_prior,4,development_validation,rule_empirical_residual,25.4,25.6,1.1198795959595937,False,2.419999999999998,1.4999999999999964
2026-05-16|6h_prior,2026-05-16,6h_prior,4,development_validation,rule_empirical_residual,25.4,25.6,0.9085806060606039,True,2.9599999999999973,1.2999999999999972
2026-05-16|event_day_open,2026-05-16,event_day_open,4,development_validation,rule_empirical_residual,24.9,25.6,0.5821121212121187,True,2.400000000000002,0.7999999999999972
2026-05-19|12h_prior,2026-05-19,12h_prior,4,development_validation,rule_empirical_residual,26.9,26.4,1.7143056565656576,False,3.0799999999999983,2.299999999999997
2026-05-19|24h_prior,2026-05-19,24h_prior,4,development_validation,rule_empirical_residual,27.0,26.4,1.8759200000000016,False,2.419999999999998,2.3000000000000007
2026-05-19|6h_prior,2026-05-19,6h_prior,4,development_validation,rule_empirical_residual,27.1,26.4,1.714560404040408,False,2.9599999999999973,2.200000000000003
2026-05-19|event_day_open,2026-05-19,event_day_open,4,development_validation,rule_empirical_residual,27.2,26.4,1.9733242424242434,False,2.3999999999999986,2.3000000000000007
2026-05-20|12h_prior,2026-05-20,12h_prior,4,development_validation,rule_empirical_residual,28.6,30.7,0.27967939393939356,True,3.0799999999999983,0.3000000000000007
2026-05-20|24h_prior,2026-05-20,24h_prior,4,development_validation,rule_empirical_residual,27.9,30.7,0.6345866666666676,True,2.419999999999998,1.1000000000000014
2026-05-20|6h_prior,2026-05-20,6h_prior,4,development_validation,rule_empirical_residual,27.8,30.7,0.8660351515151509,True,2.9599999999999973,1.3999999999999986
2026-05-20|event_day_open,2026-05-20,event_day_open,4,development_validation,rule_empirical_residual,28.6,30.7,0.3499909090909084,True,2.400000000000002,0.5999999999999979
2026-05-21|12h_prior,2026-05-21,12h_prior,4,development_validation,rule_empirical_residual,27.3,31.5,1.852790505050504,False,3.0799999999999983,2.3999999999999986
2026-05-21|24h_prior,2026-05-21,24h_prior,4,development_validation,rule_empirical_residual,26.5,31.5,2.713495757575757,False,2.419999999999998,3.3000000000000007
2026-05-21|6h_prior,2026-05-21,6h_prior,4,development_validation,rule_empirical_residual,28.8,31.5,0.7206210101010094,True,2.9599999999999973,1.1999999999999993
2026-05-21|event_day_open,2026-05-21,event_day_open,4,development_validation,rule_empirical_residual,27.7,31.5,1.647566666666668,False,2.3999999999999986,2.3000000000000007
2026-04-12|24h_prior,2026-04-12,24h_prior,1,development_validation,rule_gp_matern32,27.0,28.5,0.17930355019491148,True,1.9474290257221618,0.00585703911958646
2026-04-12|event_day_open,2026-04-12,event_day_open,1,development_validation,rule_gp_matern32,27.1,28.5,0.17869714202665615,True,1.9401730109909252,0.011940260677970826
2026-04-13|24h_prior,2026-04-13,24h_prior,1,development_validation,rule_gp_matern32,27.1,29.7,0.7334669217201019,False,1.9474292762632146,1.1055595379338747
2026-04-13|event_day_open,2026-04-13,event_day_open,1,development_validation,rule_gp_matern32,27.0,29.7,0.9193206428010834,False,1.940173097673643,1.3117662274663928
2026-04-14|24h_prior,2026-04-14,24h_prior,1,development_validation,rule_gp_matern32,27.0,29.0,0.3100529974692203,True,1.9474292763069236,0.5055555973173611
2026-04-14|event_day_open,2026-04-14,event_day_open,1,development_validation,rule_gp_matern32,27.5,29.0,0.1852360031859103,True,1.9401730976801517,0.11176471630970042
2026-04-15|24h_prior,2026-04-15,24h_prior,1,development_validation,rule_gp_matern32,27.2,28.9,0.20156188931849106,True,1.9474292763069307,0.20555555595079866
2026-04-15|event_day_open,2026-04-15,event_day_open,1,development_validation,rule_gp_matern32,26.8,28.9,0.4300784345374218,True,1.9401730976801517,0.7117647059467664
2026-04-16|24h_prior,2026-04-16,24h_prior,1,development_validation,rule_gp_matern32,27.0,30.2,1.2963196740461966,False,1.9474292763069272,1.7055555555590836
2026-04-16|event_day_open,2026-04-16,event_day_open,1,development_validation,rule_gp_matern32,26.8,30.2,1.6028060204317327,False,1.9401730976801517,2.011764705882726
2026-04-17|24h_prior,2026-04-17,24h_prior,1,development_validation,rule_gp_matern32,27.3,28.0,0.4865532540980334,True,1.9474292763069307,0.7944444444444159
2026-04-17|event_day_open,2026-04-17,event_day_open,1,development_validation,rule_gp_matern32,27.1,28.0,0.30125739936468976,True,1.9401730976801517,0.4882352941176471
2026-04-18|24h_prior,2026-04-18,24h_prior,1,development_validation,rule_gp_matern32,27.9,28.5,0.5605722743122274,True,1.9474292763069272,0.8944444444444422
2026-04-18|event_day_open,2026-04-18,event_day_open,1,development_validation,rule_gp_matern32,28.3,28.5,0.8069206396566224,False,1.9401730976801552,1.1882352941176464
2026-04-19|24h_prior,2026-04-19,24h_prior,1,development_validation,rule_gp_matern32,27.2,30.0,0.9125405519359887,False,1.9474292763069307,1.3055555555555571
2026-04-19|event_day_open,2026-04-19,event_day_open,1,development_validation,rule_gp_matern32,27.9,30.0,0.43007843449512995,True,1.9401730976801517,0.7117647058823557
2026-04-20|24h_prior,2026-04-20,24h_prior,1,development_validation,rule_gp_matern32,26.6,28.4,0.2281516245141155,True,1.9474292763069272,0.3055555555555536
2026-04-20|event_day_open,2026-04-20,event_day_open,1,development_validation,rule_gp_matern32,27.1,28.4,0.18276072678481098,True,1.9401730976801517,0.08823529411764852
2026-04-21|24h_prior,2026-04-21,24h_prior,1,development_validation,rule_gp_matern32,25.9,28.9,1.1014685560544835,False,1.9474292763069272,1.5055555555555564
2026-04-21|event_day_open,2026-04-21,event_day_open,1,development_validation,rule_gp_matern32,27.0,28.9,0.31292753691499103,True,1.9401730976801517,0.5117647058823529
2026-04-22|12h_prior,2026-04-22,12h_prior,2,development_validation,rule_gp_matern32,27.6,29.4,0.2570767880318549,True,2.6399047144522783,0.18970251057418963
2026-04-22|24h_prior,2026-04-22,24h_prior,2,development_validation,rule_gp_matern32,27.4,29.4,0.24297621496854166,True,2.1384951342591485,0.3106953607195777
2026-04-22|6h_prior,2026-04-22,6h_prior,2,development_validation,rule_gp_matern32,27.7,29.4,0.26297480319797994,True,2.379361116574554,0.31962929890019254
2026-04-22|event_day_open,2026-04-22,event_day_open,2,development_validation,rule_gp_matern32,27.7,29.4,0.20803834433097806,True,2.0915497617530114,0.1773942993637725
2026-04-23|12h_prior,2026-04-23,12h_prior,2,development_validation,rule_gp_matern32,26.2,29.0,0.7442482793493442,True,2.6399066762300123,1.1918921636198476
2026-04-23|24h_prior,2026-04-23,24h_prior,2,development_validation,rule_gp_matern32,26.4,29.0,0.5635255393173294,True,2.138587154224158,0.9128370975250952
2026-04-23|6h_prior,2026-04-23,6h_prior,2,development_validation,rule_gp_matern32,26.7,29.0,0.5595909895352802,True,2.3793625026948035,0.9207847112895919
2026-04-23|event_day_open,2026-04-23,event_day_open,2,development_validation,rule_gp_matern32,25.7,29.0,1.3393323617540331,False,2.0915508846439863,1.7777629941723738
2026-04-24|12h_prior,2026-04-24,12h_prior,2,development_validation,rule_gp_matern32,21.2,23.7,0.5362534220496608,True,2.6399066805458737,0.8919959183931141
2026-04-24|24h_prior,2026-04-24,24h_prior,2,development_validation,rule_gp_matern32,21.6,23.7,0.2784214941160484,True,2.1386619546430765,0.41516740052161794
2026-04-24|6h_prior,2026-04-24,6h_prior,2,development_validation,rule_gp_matern32,20.1,23.7,1.719298687876234,False,2.379362504951402,2.220831753869053
2026-04-24|event_day_open,2026-04-24,event_day_open,2,development_validation,rule_gp_matern32,21.4,23.7,0.47051433759852274,True,2.0915508862993697,0.7777773205617038
2026-04-25|12h_prior,2026-04-25,12h_prior,2,development_validation,rule_gp_matern32,24.2,26.5,0.4236076352865858,True,2.639906680552052,0.6919998599345654
2026-04-25|24h_prior,2026-04-25,24h_prior,2,development_validation,rule_gp_matern32,24.8,26.5,0.19702685076407817,True,2.138718047686961,0.017416504762849172
2026-04-25|6h_prior,2026-04-25,6h_prior,2,development_validation,rule_gp_matern32,25.4,26.5,0.2526126303218085,True,2.3793625049537823,0.27916671315051644
2026-04-25|event_day_open,2026-04-25,event_day_open,2,development_validation,rule_gp_matern32,25.3,26.5,0.24317426269131928,True,2.0915508863009507,0.3222222350228172
2026-04-26|12h_prior,2026-04-26,12h_prior,2,development_validation,rule_gp_matern32,25.6,28.8,1.0758542427568973,False,2.639906680552059,1.5919999954567565
2026-04-26|24h_prior,2026-04-26,24h_prior,2,development_validation,rule_gp_matern32,25.5,28.8,1.1770372787986725,False,2.1387578308138693,1.619449895051055
2026-04-26|6h_prior,2026-04-26,6h_prior,2,development_validation,rule_gp_matern32,25.8,28.8,1.1385713562878712,False,2.379362504953786,1.6208333320406503
2026-04-26|event_day_open,2026-04-26,event_day_open,2,development_validation,rule_gp_matern32,25.7,28.8,1.145369641879453,False,2.091550886300954,1.5777777774392554
2026-04-27|12h_prior,2026-04-27,12h_prior,2,development_validation,rule_gp_matern32,26.2,27.9,0.24635480528556325,True,2.639906680552059,0.09199999985793283
2026-04-27|24h_prior,2026-04-27,24h_prior,2,development_validation,rule_gp_matern32,26.4,27.9,0.21228768065347994,True,2.1387849164344033,0.17878599824200236
2026-04-27|6h_prior,2026-04-27,6h_prior,2,development_validation,rule_gp_matern32,25.9,27.9,0.38037941587171603,True,2.379362504953786,0.620833333298684
2026-04-27|event_day_open,2026-04-27,event_day_open,2,development_validation,rule_gp_matern32,26.0,27.9,0.26178250268755743,True,2.091550886300954,0.37777777776915045
2026-04-28|12h_prior,2026-04-28,12h_prior,2,development_validation,rule_gp_matern32,26.9,29.4,0.5362559369764577,True,2.6399066805520626,0.8919999999956687
2026-04-28|24h_prior,2026-04-28,24h_prior,2,development_validation,rule_gp_matern32,25.3,29.4,1.9718748509734458,False,2.138802789812761,2.422701624319906
2026-04-28|6h_prior,2026-04-28,6h_prior,2,development_validation,rule_gp_matern32,26.5,29.4,1.0467755195632178,False,2.379362504953786,1.5208333333324262
2026-04-28|event_day_open,2026-04-28,event_day_open,2,development_validation,rule_gp_matern32,26.7,29.4,0.7795056051696752,False,2.0915508863009507,1.177777777777564
2026-04-29|12h_prior,2026-04-29,12h_prior,2,development_validation,rule_gp_matern32,24.9,28.4,1.3511542518476127,False,2.6399066805520626,1.8919999999998716
2026-04-29|24h_prior,2026-04-29,24h_prior,2,development_validation,rule_gp_matern32,25.9,28.4,0.5004694785071975,True,2.1388142967389356,0.8239303142172183
2026-04-29|6h_prior,2026-04-29,6h_prior,2,development_validation,rule_gp_matern32,27.1,28.4,0.2217755548303694,True,2.379362504953786,0.07916666666669414
2026-04-29|event_day_open,2026-04-29,event_day_open,2,development_validation,rule_gp_matern32,25.7,28.4,0.7795056051698545,False,2.091550886300954,1.1777777777777736
2026-04-30|12h_prior,2026-04-30,12h_prior,2,development_validation,rule_gp_matern32,24.4,26.7,0.42360770461190045,True,2.639906680552059,0.6919999999999966
2026-04-30|24h_prior,2026-04-30,24h_prior,2,development_validation,rule_gp_matern32,24.5,26.7,0.325762676408406,True,2.1388215584142074,0.5249291867435915
2026-04-30|6h_prior,2026-04-30,6h_prior,2,development_validation,rule_gp_matern32,25.2,26.7,0.22536369546442533,True,2.379362504953786,0.12083333333333357
2026-04-30|event_day_open,2026-04-30,event_day_open,2,development_validation,rule_gp_matern32,24.9,26.7,0.23029539958219164,True,2.0915508863009507,0.27777777777777857
2026-05-01|12h_prior,2026-05-01,12h_prior,2,development_validation,rule_gp_matern32,24.3,26.9,0.6008265743299734,True,2.639906680552059,0.9919999999999973
2026-05-01|24h_prior,2026-05-01,24h_prior,2,development_validation,rule_gp_matern32,23.4,26.9,1.3772334148957555,False,2.138826066029303,1.8257311476623848
2026-05-01|6h_prior,2026-05-01,6h_prior,2,development_validation,rule_gp_matern32,23.5,26.9,1.5221032196241122,False,2.3793625049537823,2.020833333333332
2026-05-01|event_day_open,2026-05-01,event_day_open,2,development_validation,rule_gp_matern32,23.6,26.9,1.3393468463818599,False,2.0915508863009507,1.777777777777775
2026-05-02|12h_prior,2026-05-02,12h_prior,3,development_validation,rule_gp_matern32,27.3,27.0,2.0539620413824378,False,2.5021718179691703,2.5813814240512976
2026-05-02|24h_prior,2026-05-02,24h_prior,3,development_validation,rule_gp_matern32,26.9,27.0,1.87689873516817,False,2.2090408277478346,2.342530607965255
2026-05-02|6h_prior,2026-05-02,6h_prior,3,development_validation,rule_gp_matern32,27.2,27.0,1.6497184396724929,False,2.494516263063467,2.1736979167175043
2026-05-02|event_day_open,2026-05-02,event_day_open,3,development_validation,rule_gp_matern32,26.8,27.0,1.451408350376592,False,2.1992934054745206,1.9133122588034155
2026-05-03|12h_prior,2026-05-03,12h_prior,3,development_validation,rule_gp_matern32,29.0,29.6,1.1629610799475814,False,2.5124627531226515,1.6687454661817789
2026-05-03|24h_prior,2026-05-03,24h_prior,3,development_validation,rule_gp_matern32,28.2,29.6,0.6448227949569402,True,2.22450325584958,1.0274812528170045
2026-05-03|6h_prior,2026-05-03,6h_prior,3,development_validation,rule_gp_matern32,29.1,29.6,0.9720799859140998,False,2.504520471082035,1.4550520790840622
2026-05-03|event_day_open,2026-05-03,event_day_open,3,development_validation,rule_gp_matern32,28.6,29.6,0.7106989690460898,False,2.206038982395974,1.1089918617012238
2026-05-04|12h_prior,2026-05-04,12h_prior,3,development_validation,rule_gp_matern32,25.1,27.6,0.25696462849749035,True,2.5229719671085498,0.24637572413702458
2026-05-04|24h_prior,2026-05-04,24h_prior,3,development_validation,rule_gp_matern32,26.0,27.6,0.48734032785474746,True,2.240376977760807,0.8077556213742518
2026-05-04|6h_prior,2026-05-04,6h_prior,3,development_validation,rule_gp_matern32,25.7,27.6,0.23196930396443946,True,2.514369016904986,0.03430986397409086
2026-05-04|event_day_open,2026-05-04,event_day_open,3,development_validation,rule_gp_matern32,26.1,27.6,0.366415359145329,True,2.2129623468510324,0.6021409519718617
2026-05-05|12h_prior,2026-05-05,12h_prior,3,development_validation,rule_gp_matern32,21.7,23.0,0.5664088081367039,True,2.5333708524174234,0.9367488571858402
2026-05-05|24h_prior,2026-05-05,24h_prior,3,development_validation,rule_gp_matern32,23.1,23.0,2.0092186000980847,False,2.2560451670943884,2.4847582655826557
2026-05-05|6h_prior,2026-05-05,6h_prior,3,development_validation,rule_gp_matern32,22.5,23.0,0.9332187767595334,False,2.5236379142102976,1.412562709992386
2026-05-05|event_day_open,2026-05-05,event_day_open,3,development_validation,rule_gp_matern32,22.0,23.0,0.6969572639262959,True,2.219894891409613,1.0932949471907634
2026-05-06|12h_prior,2026-05-06,12h_prior,3,development_validation,rule_gp_matern32,24.7,24.6,1.7826043040638553,False,2.5434088793034597,2.3187158258079847
2026-05-06|24h_prior,2026-05-06,24h_prior,3,development_validation,rule_gp_matern32,24.8,24.6,2.0809122924156034,False,2.2710541650810683,2.559615624118365
2026-05-06|6h_prior,2026-05-06,6h_prior,3,development_validation,rule_gp_matern32,24.9,24.6,1.6590663625800524,False,2.5320715285700466,2.190615061793153
2026-05-06|event_day_open,2026-05-06,event_day_open,3,development_validation,rule_gp_matern32,25.5,24.6,2.5135547417429462,False,2.2266996667803305,2.982908826545728
2026-05-07|12h_prior,2026-05-07,12h_prior,3,development_validation,rule_gp_matern32,25.3,29.3,1.2787668983682126,False,2.552907376238732,1.7999914486078836
2026-05-07|24h_prior,2026-05-07,24h_prior,3,development_validation,rule_gp_matern32,25.9,29.3,0.6711818398761638,True,2.285097424419149,1.0667763901546046
2026-05-07|6h_prior,2026-05-07,6h_prior,3,development_validation,rule_gp_matern32,26.3,29.3,0.7041155342135562,True,2.539546166913304,1.1309530355709327
2026-05-07|event_day_open,2026-05-07,event_day_open,3,development_validation,rule_gp_matern32,26.7,29.3,0.3310087596550694,True,2.2332703521939656,0.5286322649253314
2026-05-08|12h_prior,2026-05-08,12h_prior,3,development_validation,rule_gp_matern32,28.4,30.3,0.26743425374464563,True,2.5617494516982227,0.28101522585199135
2026-05-08|24h_prior,2026-05-08,24h_prior,3,development_validation,rule_gp_matern32,27.8,30.3,0.22836767734074115,True,2.297990701967027,0.1937123547297297
2026-05-08|6h_prior,2026-05-08,6h_prior,3,development_validation,rule_gp_matern32,27.9,30.3,0.3547656153625158,True,2.5460331784019807,0.5517358281106972
2026-05-08|event_day_open,2026-05-08,event_day_open,3,development_validation,rule_gp_matern32,28.9,30.3,0.39749623793586447,True,2.2395285024413703,0.6589962839072889
2026-05-09|12h_prior,2026-05-09,12h_prior,3,development_validation,rule_gp_matern32,24.1,26.1,0.24712740463052046,True,2.5698687341694075,0.16204428358071965
2026-05-09|24h_prior,2026-05-09,24h_prior,3,development_validation,rule_gp_matern32,24.6,26.1,0.46852061522199223,True,2.309645616667243,0.7793562905228875
2026-05-09|6h_prior,2026-05-09,6h_prior,3,development_validation,rule_gp_matern32,24.5,26.1,0.2559177574039769,True,2.551567179133407,0.22853813299328607
2026-05-09|event_day_open,2026-05-09,event_day_open,3,development_validation,rule_gp_matern32,23.1,26.1,0.5883549186077272,True,2.2454199607592606,0.9539332999347252
2026-05-10|12h_prior,2026-05-10,12h_prior,3,development_validation,rule_gp_matern32,25.1,26.1,0.711231831200414,True,2.5772384553018313,1.1433375426175587
2026-05-10|24h_prior,2026-05-10,24h_prior,3,development_validation,rule_gp_matern32,25.0,26.1,0.7365642349434017,True,2.320045215374247,1.1528494402501366
2026-05-10|6h_prior,2026-05-10,6h_prior,3,development_validation,rule_gp_matern32,25.0,26.1,0.43083302623017883,True,2.556221078563727,0.7100377857519753
2026-05-10|event_day_open,2026-05-10,event_day_open,3,development_validation,rule_gp_matern32,25.1,26.1,0.6471321451413788,True,2.2509110135226287,1.0328059618204328
2026-05-11|12h_prior,2026-05-11,12h_prior,4,development_validation,rule_gp_matern32,26.5,28.8,0.3596327220654034,True,2.762504619122172,0.5362614458147732
2026-05-11|24h_prior,2026-05-11,24h_prior,4,development_validation,rule_gp_matern32,26.7,28.8,0.28608919076636086,True,2.5312843233597633,0.36258784579641556
2026-05-11|6h_prior,2026-05-11,6h_prior,4,development_validation,rule_gp_matern32,26.5,28.8,0.4577505816155977,True,2.6446023245302968,0.757042607080713
2026-05-11|event_day_open,2026-05-11,event_day_open,4,development_validation,rule_gp_matern32,26.5,28.8,0.3967981357658422,True,2.4379400783782827,0.6500241317477133
2026-05-12|12h_prior,2026-05-12,12h_prior,4,development_validation,rule_gp_matern32,28.9,31.6,0.5546028312567676,True,2.763120508199517,0.922788129200736
2026-05-12|24h_prior,2026-05-12,24h_prior,4,development_validation,rule_gp_matern32,28.8,31.6,0.6484009887052549,True,2.5342299170444846,1.0550759739119506
2026-05-12|6h_prior,2026-05-12,6h_prior,4,development_validation,rule_gp_matern32,28.6,31.6,0.9579943649258281,False,2.645285632666919,1.4571157818171123
2026-05-12|event_day_open,2026-05-12,event_day_open,4,development_validation,rule_gp_matern32,28.8,31.6,0.7254745248440779,True,2.4380172387663634,1.1502215590003928
2026-05-13|12h_prior,2026-05-13,12h_prior,4,development_validation,rule_gp_matern32,28.3,31.1,0.6171428400313098,True,2.7631336875823855,1.0207379497648361
2026-05-13|24h_prior,2026-05-13,24h_prior,4,development_validation,rule_gp_matern32,28.3,31.1,0.6432549380560928,True,2.536460757149328,1.0480333890434537
2026-05-13|6h_prior,2026-05-13,6h_prior,4,development_validation,rule_gp_matern32,28.4,31.1,0.7175258816459584,True,2.6457226586901186,1.1569261604534553
2026-05-13|event_day_open,2026-05-13,event_day_open,4,development_validation,rule_gp_matern32,28.6,31.1,0.5118221671090135,True,2.438048992938093,0.8501912388119663
2026-05-14|12h_prior,2026-05-14,12h_prior,4,development_validation,rule_gp_matern32,27.5,29.2,0.25670074665724796,True,2.763133880520037,0.07951405884631413
2026-05-14|24h_prior,2026-05-14,24h_prior,4,development_validation,rule_gp_matern32,27.5,29.2,0.23502568212457517,True,2.537977358590492,0.058034963913751625
2026-05-14|6h_prior,2026-05-14,6h_prior,4,development_validation,rule_gp_matern32,27.6,29.2,0.24483244795369527,True,2.645966146677811,0.05667541840256263
2026-05-14|event_day_open,2026-05-14,event_day_open,4,development_validation,rule_gp_matern32,27.4,29.2,0.23397852022681115,True,2.4380596604302234,0.15012581253703772
2026-05-15|12h_prior,2026-05-15,12h_prior,4,development_validation,rule_gp_matern32,27.3,27.4,1.1377691204183418,False,2.7631338828782255,1.679542158265832
2026-05-15|24h_prior,2026-05-15,24h_prior,4,development_validation,rule_gp_matern32,28.6,27.4,2.427838268332295,False,2.538938020306894,2.9630074016780625
2026-05-15|6h_prior,2026-05-15,6h_prior,4,development_validation,rule_gp_matern32,27.9,27.4,1.4945840098579288,False,2.6460906232983277,2.043555352292067
2026-05-15|event_day_open,2026-05-15,event_day_open,4,development_validation,rule_gp_matern32,27.3,27.4,1.0650242336512055,False,2.438062852737172,1.549926124283008
2026-05-16|12h_prior,2026-05-16,12h_prior,4,development_validation,rule_gp_matern32,24.5,25.6,0.4215119285388081,True,2.7631338829041567,0.6795451204457486
2026-05-16|24h_prior,2026-05-16,24h_prior,4,development_validation,rule_gp_matern32,25.4,25.6,1.0666634181932435,False,2.539516891974305,1.566947902454622
2026-05-16|6h_prior,2026-05-16,6h_prior,4,development_validation,rule_gp_matern32,25.4,25.6,0.863532491801294,False,2.646150623146557,1.3437409151472401
2026-05-16|event_day_open,2026-05-16,event_day_open,4,development_validation,rule_gp_matern32,24.9,25.6,0.5778482586328576,True,2.4380637391962487,0.9499592648731934
2026-05-19|12h_prior,2026-05-19,12h_prior,4,development_validation,rule_gp_matern32,26.9,26.4,1.7017325339661444,False,2.7631338829044267,2.2795454542388285
2026-05-19|24h_prior,2026-05-19,24h_prior,4,development_validation,rule_gp_matern32,27.0,26.4,1.8386281175963535,False,2.5401470938293684,2.37405210506774
2026-05-19|6h_prior,2026-05-19,6h_prior,4,development_validation,rule_gp_matern32,27.1,26.4,1.6894573564235051,False,2.646196118256217,2.2440486498814955
2026-05-19|event_day_open,2026-05-19,event_day_open,4,development_validation,rule_gp_matern32,27.2,26.4,1.936087935299221,False,2.4380640465735404,2.449994384535234
2026-05-20|12h_prior,2026-05-20,12h_prior,4,development_validation,rule_gp_matern32,28.6,30.7,0.2924881882097014,True,2.763133882904423,0.3204545454835426
2026-05-20|24h_prior,2026-05-20,24h_prior,4,development_validation,rule_gp_matern32,27.9,30.7,0.626383017504065,True,2.540203654587369,1.0246599146957003
2026-05-20|6h_prior,2026-05-20,6h_prior,4,development_validation,rule_gp_matern32,27.8,30.7,0.8734800548392537,False,2.6461984224820725,1.355904255743365
2026-05-20|event_day_open,2026-05-20,event_day_open,4,development_validation,rule_gp_matern32,28.6,30.7,0.308663389479368,True,2.4380640500744875,0.4500027917635485
2026-05-21|12h_prior,2026-05-21,12h_prior,4,development_validation,rule_gp_matern32,27.3,31.5,1.8397949768771338,False,2.7631338829044267,2.420454545457261
2026-05-21|24h_prior,2026-05-21,24h_prior,4,development_validation,rule_gp_matern32,26.5,31.5,2.6882714580557416,False,2.540233787899897,3.223713719305465
2026-05-21|6h_prior,2026-05-21,6h_prior,4,development_validation,rule_gp_matern32,28.8,31.5,0.7167246912167776,True,2.646199389506844,1.1558727410844867
2026-05-21|event_day_open,2026-05-21,event_day_open,4,development_validation,rule_gp_matern32,27.7,31.5,1.6373647663458755,False,2.4380640508996976,2.1500013709987513
2026-04-12|24h_prior,2026-04-12,24h_prior,1,development_validation,rule_gp_rbf,27.0,28.5,0.17939689122653235,True,1.947225420509028,0.016953075073246282
2026-04-12|event_day_open,2026-04-12,event_day_open,1,development_validation,rule_gp_rbf,27.1,28.5,0.17867456572279725,True,1.9399416164620185,0.0118136998202516
2026-04-13|24h_prior,2026-04-13,24h_prior,1,development_validation,rule_gp_rbf,27.1,29.7,0.7334470250191084,False,1.9475832596550013,1.1055562333574116
2026-04-13|event_day_open,2026-04-13,event_day_open,1,development_validation,rule_gp_rbf,27.0,29.7,0.9193534187480894,False,1.9399416231906592,1.3117647059106687
2026-04-14|24h_prior,2026-04-14,24h_prior,1,development_validation,rule_gp_rbf,27.0,29.0,0.3100577074431236,True,1.9475832596562697,0.5055555555556168
2026-04-14|event_day_open,2026-04-14,event_day_open,1,development_validation,rule_gp_rbf,27.5,29.0,0.1852153838210084,True,1.9399416231906592,0.11176470588235432
2026-04-15|24h_prior,2026-04-15,24h_prior,1,development_validation,rule_gp_rbf,27.2,28.9,0.20157437907769588,True,1.947583259656266,0.2055555555555557
2026-04-15|event_day_open,2026-04-15,event_day_open,1,development_validation,rule_gp_rbf,26.8,28.9,0.4300828776723315,True,1.9399416231906592,0.7117647058823522
2026-04-16|24h_prior,2026-04-16,24h_prior,1,development_validation,rule_gp_rbf,27.0,30.2,1.296290040148827,False,1.947583259656266,1.7055555555555557
2026-04-16|event_day_open,2026-04-16,event_day_open,1,development_validation,rule_gp_rbf,26.8,30.2,1.6028548116979988,False,1.9399416231906592,2.011764705882353
2026-04-17|24h_prior,2026-04-17,24h_prior,1,development_validation,rule_gp_rbf,27.3,28.0,0.4865466754823382,True,1.947583259656266,0.7944444444444443
2026-04-17|event_day_open,2026-04-17,event_day_open,1,development_validation,rule_gp_rbf,27.1,28.0,0.3012502880544335,True,1.9399416231906592,0.4882352941176471
2026-04-18|24h_prior,2026-04-18,24h_prior,1,development_validation,rule_gp_rbf,27.9,28.5,0.5605615914143717,True,1.947583259656266,0.8944444444444422
2026-04-18|event_day_open,2026-04-18,event_day_open,1,development_validation,rule_gp_rbf,28.3,28.5,0.8069518132538839,False,1.9399416231906592,1.1882352941176464
2026-04-19|24h_prior,2026-04-19,24h_prior,1,development_validation,rule_gp_rbf,27.2,30.0,0.9125178180630867,False,1.947583259656266,1.3055555555555571
2026-04-19|event_day_open,2026-04-19,event_day_open,1,development_validation,rule_gp_rbf,27.9,30.0,0.43008287767233444,True,1.9399416231906592,0.7117647058823557
2026-04-20|24h_prior,2026-04-20,24h_prior,1,development_validation,rule_gp_rbf,26.6,28.4,0.22816209913148197,True,1.947583259656266,0.3055555555555536
2026-04-20|event_day_open,2026-04-20,event_day_open,1,development_validation,rule_gp_rbf,27.1,28.4,0.18273987931571753,True,1.9399416231906592,0.08823529411764852
2026-04-21|24h_prior,2026-04-21,24h_prior,1,development_validation,rule_gp_rbf,25.9,28.9,1.101441414744714,False,1.947583259656266,1.5055555555555564
2026-04-21|event_day_open,2026-04-21,event_day_open,1,development_validation,rule_gp_rbf,27.0,28.9,0.3129216561772443,True,1.9399416231906592,0.5117647058823529
2026-04-22|12h_prior,2026-04-22,12h_prior,2,development_validation,rule_gp_rbf,27.6,29.4,0.2571051365890056,True,2.6398551648246027,0.1899178967319557
2026-04-22|24h_prior,2026-04-22,24h_prior,2,development_validation,rule_gp_rbf,27.4,29.4,0.24238942014478865,True,2.137258977361938,0.30899204252976276
2026-04-22|6h_prior,2026-04-22,6h_prior,2,development_validation,rule_gp_rbf,27.7,29.4,0.2630221091053276,True,2.37931728947898,0.3198146274408771
2026-04-22|event_day_open,2026-04-22,event_day_open,2,development_validation,rule_gp_rbf,27.7,29.4,0.20803641514921387,True,2.0914021569683996,0.1774560448214615
2026-04-23|12h_prior,2026-04-23,12h_prior,2,development_validation,rule_gp_rbf,26.2,29.0,0.7443308711528759,True,2.639856763408595,1.1919972240698975
2026-04-23|24h_prior,2026-04-23,24h_prior,2,development_validation,rule_gp_rbf,26.4,29.0,0.5619525985405036,True,2.1373544566328526,0.9106182749087139
2026-04-23|6h_prior,2026-04-23,6h_prior,2,development_validation,rule_gp_rbf,26.7,29.0,0.5596245592159637,True,2.3793182721689092,0.9208325682310985
2026-04-23|event_day_open,2026-04-23,event_day_open,2,development_validation,rule_gp_rbf,25.7,29.0,1.3393751281920812,False,2.091402915209162,1.7777775787238852
2026-04-24|12h_prior,2026-04-24,12h_prior,2,development_validation,rule_gp_rbf,21.2,23.7,0.53625618957567,True,2.639856763411437,0.8919999999551784
2026-04-24|24h_prior,2026-04-24,24h_prior,2,development_validation,rule_gp_rbf,21.6,23.7,0.27732668352106027,True,2.1374422776876614,0.41250328134800185
2026-04-24|6h_prior,2026-04-24,6h_prior,2,development_validation,rule_gp_rbf,20.1,23.7,1.7193095909267282,False,2.3793182721694635,2.220833333328585
2026-04-24|event_day_open,2026-04-24,event_day_open,2,development_validation,rule_gp_rbf,21.4,23.7,0.47051747811096456,True,2.0914029152094535,0.7777777777768868
2026-04-25|12h_prior,2026-04-25,12h_prior,2,development_validation,rule_gp_rbf,24.2,26.5,0.42360617106807696,True,2.639856763411437,0.6920000000000002
2026-04-25|24h_prior,2026-04-25,24h_prior,2,development_validation,rule_gp_rbf,24.8,26.5,0.19688741548305713,True,2.137518213622034,0.014545436193191819
2026-04-25|6h_prior,2026-04-25,6h_prior,2,development_validation,rule_gp_rbf,25.4,26.5,0.25260912910939437,True,2.3793182721694635,0.279166666666665
2026-04-25|event_day_open,2026-04-25,event_day_open,2,development_validation,rule_gp_rbf,25.3,26.5,0.2431641930456224,True,2.0914029152094535,0.32222222222222285
2026-04-26|12h_prior,2026-04-26,12h_prior,2,development_validation,rule_gp_rbf,25.6,28.8,1.0758603575808483,False,2.639856763411437,1.5919999999999987
2026-04-26|24h_prior,2026-04-26,24h_prior,2,development_validation,rule_gp_rbf,25.5,28.8,1.1745479970369324,False,2.1375799483528617,1.6166394446083174
2026-04-26|6h_prior,2026-04-26,6h_prior,2,development_validation,rule_gp_rbf,25.8,28.8,1.1385778879386514,False,2.3793182721694635,1.6208333333333336
2026-04-26|event_day_open,2026-04-26,event_day_open,2,development_validation,rule_gp_rbf,25.7,28.8,1.1453957237855104,False,2.0914029152094535,1.5777777777777793
2026-04-27|12h_prior,2026-04-27,12h_prior,2,development_validation,rule_gp_rbf,26.2,27.9,0.2463502700542584,True,2.639856763411437,0.09199999999999875
2026-04-27|24h_prior,2026-04-27,24h_prior,2,development_validation,rule_gp_rbf,26.4,27.9,0.21262348156008662,True,2.137627144336026,0.1813139809431341
2026-04-27|6h_prior,2026-04-27,6h_prior,2,development_validation,rule_gp_rbf,25.9,27.9,0.38037805697863125,True,2.3793182721694635,0.6208333333333336
2026-04-27|event_day_open,2026-04-27,event_day_open,2,development_validation,rule_gp_rbf,26.0,27.9,0.26177343116894136,True,2.09140291520945,0.37777777777777644
2026-04-28|12h_prior,2026-04-28,12h_prior,2,development_validation,rule_gp_rbf,26.9,29.4,0.5362561896032869,True,2.639856763411437,0.8919999999999995
2026-04-28|24h_prior,2026-04-28,24h_prior,2,development_validation,rule_gp_rbf,25.3,29.4,1.9700145129854656,False,2.1376610773150553,2.4206006308755725
2026-04-28|6h_prior,2026-04-28,6h_prior,2,development_validation,rule_gp_rbf,26.5,29.4,1.0467814765703836,False,2.3793182721694635,1.5208333333333321
2026-04-28|event_day_open,2026-04-28,event_day_open,2,development_validation,rule_gp_rbf,26.7,29.4,0.7795219985203824,False,2.0914029152094535,1.1777777777777771
2026-04-29|12h_prior,2026-04-29,12h_prior,2,development_validation,rule_gp_rbf,24.9,28.4,1.3511623103299886,False,2.639856763411437,1.8919999999999995
2026-04-29|24h_prior,2026-04-29,24h_prior,2,development_validation,rule_gp_rbf,25.9,28.4,0.49940976569817286,True,2.137684023978501,0.8223198519019448
2026-04-29|6h_prior,2026-04-29,6h_prior,2,development_validation,rule_gp_rbf,27.1,28.4,0.22177153604343464,True,2.3793182721694635,0.07916666666666927
2026-04-29|event_day_open,2026-04-29,event_day_open,2,development_validation,rule_gp_rbf,25.7,28.4,0.7795219985203824,False,2.0914029152094535,1.1777777777777771
2026-04-30|12h_prior,2026-04-30,12h_prior,2,development_validation,rule_gp_rbf,24.4,26.7,0.42360617106807696,True,2.639856763411437,0.6920000000000002
2026-04-30|24h_prior,2026-04-30,24h_prior,2,development_validation,rule_gp_rbf,24.5,26.7,0.3251884986525471,True,2.1376986198387655,0.5238044099878962
2026-04-30|6h_prior,2026-04-30,6h_prior,2,development_validation,rule_gp_rbf,25.2,26.7,0.22535975550251133,True,2.3793182721694635,0.12083333333333357
2026-04-30|event_day_open,2026-04-30,event_day_open,2,development_validation,rule_gp_rbf,24.9,26.7,0.23028446648435555,True,2.09140291520945,0.27777777777777857
2026-05-01|12h_prior,2026-05-01,12h_prior,2,development_validation,rule_gp_rbf,24.3,26.9,0.600827907901443,True,2.639856763411437,0.9919999999999973
2026-05-01|24h_prior,2026-05-01,24h_prior,2,development_validation,rule_gp_rbf,23.4,26.9,1.3767703805976954,False,2.1377073531472384,1.8250388323677562
2026-05-01|6h_prior,2026-05-01,6h_prior,2,development_validation,rule_gp_rbf,23.5,26.9,1.5221117321655238,False,2.3793182721694635,2.020833333333332
2026-05-01|event_day_open,2026-05-01,event_day_open,2,development_validation,rule_gp_rbf,23.6,26.9,1.339375323224625,False,2.09140291520945,1.777777777777775
2026-05-02|12h_prior,2026-05-02,12h_prior,3,development_validation,rule_gp_rbf,27.3,27.0,2.099925030544331,False,2.4860234312428346,2.623940581351153
2026-05-02|24h_prior,2026-05-02,24h_prior,3,development_validation,rule_gp_rbf,26.9,27.0,1.9072210079534022,False,2.192552593306239,2.3693774142105646
2026-05-02|6h_prior,2026-05-02,6h_prior,3,development_validation,rule_gp_rbf,27.2,27.0,1.6924940889876812,False,2.4837257482350523,2.2152361008204444
2026-05-02|event_day_open,2026-05-02,event_day_open,3,development_validation,rule_gp_rbf,26.8,27.0,1.4885664904340297,False,2.1854481449412546,1.9485171056308488
2026-05-03|12h_prior,2026-05-03,12h_prior,3,development_validation,rule_gp_rbf,29.0,29.6,1.2174931696772202,False,2.4946674270232982,1.724755896509194
2026-05-03|24h_prior,2026-05-03,24h_prior,3,development_validation,rule_gp_rbf,28.2,29.6,0.6773596465278553,True,2.2052275990454824,1.067283031635128
2026-05-03|6h_prior,2026-05-03,6h_prior,3,development_validation,rule_gp_rbf,29.1,29.6,1.020177786088477,False,2.4916208447496047,1.5079870768115882
2026-05-03|event_day_open,2026-05-03,event_day_open,3,development_validation,rule_gp_rbf,28.6,29.6,0.747776624160939,False,2.1918672716588468,1.1526154480228925
2026-05-04|12h_prior,2026-05-04,12h_prior,3,development_validation,rule_gp_rbf,25.1,27.6,0.24343813612755089,True,2.50383936472792,0.17736106974505716
2026-05-04|24h_prior,2026-05-04,24h_prior,3,development_validation,rule_gp_rbf,26.0,27.6,0.5233126771388408,True,2.2188381198576828,0.8608426729570802
2026-05-04|6h_prior,2026-05-04,6h_prior,3,development_validation,rule_gp_rbf,25.7,27.6,0.23405340455705584,True,2.499891684206194,0.09793599134868458
2026-05-04|event_day_open,2026-05-04,event_day_open,3,development_validation,rule_gp_rbf,26.1,27.6,0.39440935083631806,True,2.1986520312903792,0.6544710844155901
2026-05-05|12h_prior,2026-05-05,12h_prior,3,development_validation,rule_gp_rbf,21.7,23.0,0.6225168124319604,True,2.513437477964935,1.0177453193520059
2026-05-05|24h_prior,2026-05-05,24h_prior,3,development_validation,rule_gp_rbf,23.1,23.0,2.079620923487083,False,2.233165063261339,2.5503378145513054
2026-05-05|6h_prior,2026-05-05,6h_prior,3,development_validation,rule_gp_rbf,22.5,23.0,0.9982792303391519,False,2.5083883324086393,1.4854038246180394
2026-05-05|event_day_open,2026-05-05,event_day_open,3,development_validation,rule_gp_rbf,22.0,23.0,0.7476783249256977,False,2.205739955008969,1.1541481432027503
2026-05-06|12h_prior,2026-05-06,12h_prior,3,development_validation,rule_gp_rbf,24.7,24.6,1.8783772664681893,False,2.523347940618084,2.410260250499114
2026-05-06|24h_prior,2026-05-06,24h_prior,3,development_validation,rule_gp_rbf,24.8,24.6,2.162270922919573,False,2.2479618490470052,2.6361067491298584
2026-05-06|6h_prior,2026-05-06,6h_prior,3,development_validation,rule_gp_rbf,24.9,24.6,1.7404809065333644,False,2.516953415588059,2.2707388062062073
2026-05-06|event_day_open,2026-05-06,event_day_open,3,development_validation,rule_gp_rbf,25.5,24.6,2.5852537496503754,False,2.213061295870972,3.0517330753682863
2026-05-07|12h_prior,2026-05-07,12h_prior,3,development_validation,rule_gp_rbf,25.3,29.3,1.188229171312532,False,2.533449120113797,1.6996057107214533
2026-05-07|24h_prior,2026-05-07,24h_prior,3,development_validation,rule_gp_rbf,25.9,29.3,0.6077565396529206,True,2.262967481918153,0.9814644105570203
2026-05-07|6h_prior,2026-05-07,6h_prior,3,development_validation,rule_gp_rbf,26.3,29.3,0.6420479023163554,True,2.525430478610552,1.045693250383426
2026-05-07|event_day_open,2026-05-07,event_day_open,3,development_validation,rule_gp_rbf,26.7,29.3,0.29759200488234305,True,2.220541152234155,0.45266722426363515
2026-05-08|12h_prior,2026-05-08,12h_prior,3,development_validation,rule_gp_rbf,28.4,30.3,0.2946413993943622,True,2.5436160629446185,0.3883788143641631
2026-05-08|24h_prior,2026-05-08,24h_prior,3,development_validation,rule_gp_rbf,27.8,30.3,0.21442645425588433,True,2.2779199639607626,0.10195191661573233
2026-05-08|6h_prior,2026-05-08,6h_prior,3,development_validation,rule_gp_rbf,27.9,30.3,0.31922371230268826,True,2.5336719005221937,0.4635187716310263
2026-05-08|event_day_open,2026-05-08,event_day_open,3,development_validation,rule_gp_rbf,28.9,30.3,0.4453442257022629,True,2.22810176035982,0.741072386169531
2026-05-09|12h_prior,2026-05-09,12h_prior,3,development_validation,rule_gp_rbf,24.1,26.1,0.2653558752279786,True,2.553724948195928,0.27446118480044035
2026-05-09|24h_prior,2026-05-09,24h_prior,3,development_validation,rule_gp_rbf,24.6,26.1,0.5309881678572858,True,2.2925689743743867,0.8750946276683251
2026-05-09|6h_prior,2026-05-09,6h_prior,3,development_validation,rule_gp_rbf,24.5,26.1,0.2746447908409389,True,2.5415457620938646,0.31763398344232385
2026-05-09|event_day_open,2026-05-09,event_day_open,3,development_validation,rule_gp_rbf,23.1,26.1,0.5269673913229367,True,2.2356648386453735,0.8669071644141937
2026-05-10|12h_prior,2026-05-10,12h_prior,3,development_validation,rule_gp_rbf,25.1,26.1,0.8019341159691167,True,2.563657266982709,1.2588997726899969
2026-05-10|24h_prior,2026-05-10,24h_prior,3,development_validation,rule_gp_rbf,25.0,26.1,0.8180913788411777,False,2.306686919754373,1.250140896535104
2026-05-10|6h_prior,2026-05-10,6h_prior,3,development_validation,rule_gp_rbf,25.0,26.1,0.47973701692102816,True,2.548941207525118,0.7981259253446105
2026-05-10|event_day_open,2026-05-10,event_day_open,3,development_validation,rule_gp_rbf,25.1,26.1,0.7193000639716853,False,2.243153869452364,1.1235481772200124
2026-05-11|12h_prior,2026-05-11,12h_prior,4,development_validation,rule_gp_rbf,26.5,28.8,0.3619983588483178,True,2.7621178699238946,0.5423192549388851
2026-05-11|24h_prior,2026-05-11,24h_prior,4,development_validation,rule_gp_rbf,26.7,28.8,0.28871817404803535,True,2.529597539579747,0.3719718458015606
2026-05-11|6h_prior,2026-05-11,6h_prior,4,development_validation,rule_gp_rbf,26.5,28.8,0.45448828307906924,True,2.6432579092278736,0.7509986995746587
2026-05-11|event_day_open,2026-05-11,event_day_open,4,development_validation,rule_gp_rbf,26.5,28.8,0.3959565270975011,True,2.4376171057095135,0.6484063487380425
2026-05-12|12h_prior,2026-05-12,12h_prior,4,development_validation,rule_gp_rbf,28.9,31.6,0.5538270106823505,True,2.7632162583463504,0.9215297970115337
2026-05-12|24h_prior,2026-05-12,24h_prior,4,development_validation,rule_gp_rbf,28.8,31.6,0.651875119319382,True,2.5323597450911315,1.05980877549581
2026-05-12|6h_prior,2026-05-12,6h_prior,4,development_validation,rule_gp_rbf,28.6,31.6,0.9540867995405276,False,2.644489177227179,1.4524618468964228
2026-05-12|event_day_open,2026-05-12,event_day_open,4,development_validation,rule_gp_rbf,28.8,31.6,0.7246078138142094,True,2.4377175279881094,1.1490804823584355
2026-05-13|12h_prior,2026-05-13,12h_prior,4,development_validation,rule_gp_rbf,28.3,31.1,0.6169597007332049,True,2.7632188528577935,1.020461504385981
2026-05-13|24h_prior,2026-05-13,24h_prior,4,development_validation,rule_gp_rbf,28.3,31.1,0.6446092956442879,True,2.534831308493615,1.0498247909913587
2026-05-13|6h_prior,2026-05-13,6h_prior,4,development_validation,rule_gp_rbf,28.4,31.1,0.7157168602325602,True,2.645424831714571,1.1544521349646466
2026-05-13|event_day_open,2026-05-13,event_day_open,4,development_validation,rule_gp_rbf,28.6,31.1,0.5115667444856853,True,2.4377788651598813,0.8497847749172109
2026-05-14|12h_prior,2026-05-14,12h_prior,4,development_validation,rule_gp_rbf,27.5,29.2,0.2567101026125108,True,2.76321885296613,0.07954544856059798
2026-05-14|24h_prior,2026-05-14,24h_prior,4,development_validation,rule_gp_rbf,27.5,29.2,0.23491649215280463,True,2.5368265247215724,0.057956798286756595
2026-05-14|6h_prior,2026-05-14,6h_prior,4,development_validation,rule_gp_rbf,27.6,29.2,0.24479638495019085,True,2.6460061786269264,0.055888885746345096
2026-05-14|event_day_open,2026-05-14,event_day_open,4,development_validation,rule_gp_rbf,27.4,29.2,0.23395528916668148,True,2.4378056921049804,0.15011887146241776
2026-05-15|12h_prior,2026-05-15,12h_prior,4,development_validation,rule_gp_rbf,27.3,27.4,1.1377606404775116,False,2.76321885296613,1.6795454545447726
2026-05-15|24h_prior,2026-05-15,24h_prior,4,development_validation,rule_gp_rbf,28.6,27.4,2.428796858744302,False,2.538281510500191,2.963827609907643
2026-05-15|6h_prior,2026-05-15,6h_prior,4,development_validation,rule_gp_rbf,27.9,27.4,1.4944696081630129,False,2.6463018742346165,2.043474936859507
2026-05-15|event_day_open,2026-05-15,event_day_open,4,development_validation,rule_gp_rbf,27.3,27.4,1.0649770215060124,False,2.4378140979873635,1.5498363424684847
2026-05-16|12h_prior,2026-05-16,12h_prior,4,development_validation,rule_gp_rbf,24.5,25.6,0.42151512844671346,True,2.76321885296613,0.6795454545454547
2026-05-16|24h_prior,2026-05-16,24h_prior,4,development_validation,rule_gp_rbf,25.4,25.6,1.0678092656703377,False,2.539240865174417,1.5681811463908062
2026-05-16|6h_prior,2026-05-16,6h_prior,4,development_validation,rule_gp_rbf,25.4,25.6,0.8632428961473884,False,2.6464250996067378,1.3434168705872125
2026-05-16|event_day_open,2026-05-16,event_day_open,4,development_validation,rule_gp_rbf,24.9,25.6,0.5778126339097687,True,2.437815985517801,0.9498958681800467
2026-05-19|12h_prior,2026-05-19,12h_prior,4,development_validation,rule_gp_rbf,26.9,26.4,1.7017161818894844,False,2.76321885296613,2.279545454545456
2026-05-19|24h_prior,2026-05-19,24h_prior,4,development_validation,rule_gp_rbf,27.0,26.4,1.8399623792677129,False,2.5402734383068903,2.3754129982141485
2026-05-19|6h_prior,2026-05-19,6h_prior,4,development_validation,rule_gp_rbf,27.1,26.4,1.6893678395937133,False,2.646481701230236,2.2440133806105074
2026-05-19|event_day_open,2026-05-19,event_day_open,4,development_validation,rule_gp_rbf,27.2,26.4,1.9361412252887384,False,2.4378163272745645,2.449995459101814
2026-05-20|12h_prior,2026-05-20,12h_prior,4,development_validation,rule_gp_rbf,28.6,30.7,0.2924948931984581,True,2.76321885296613,0.3204545454545418
2026-05-20|24h_prior,2026-05-20,24h_prior,4,development_validation,rule_gp_rbf,27.9,30.7,0.6254962601475934,True,2.5403404068829936,1.023394390472955
2026-05-20|6h_prior,2026-05-20,6h_prior,4,development_validation,rule_gp_rbf,27.8,30.7,0.8734430315976842,False,2.6464822124729217,1.3558899255575732
2026-05-20|event_day_open,2026-05-20,event_day_open,4,development_validation,rule_gp_rbf,28.6,30.7,0.3086484606072597,True,2.4378163274465656,0.4500010387472315
2026-05-21|12h_prior,2026-05-21,12h_prior,4,development_validation,rule_gp_rbf,27.3,31.5,1.8397786244973806,False,2.76321885296613,2.420454545454543
2026-05-21|24h_prior,2026-05-21,24h_prior,4,development_validation,rule_gp_rbf,26.5,31.5,2.687108455321306,False,2.540367289964504,3.2225788567554865
2026-05-21|6h_prior,2026-05-21,6h_prior,4,development_validation,rule_gp_rbf,28.8,31.5,0.7166885612397433,True,2.6464822916044213,1.1558434008915306
2026-05-21|event_day_open,2026-05-21,event_day_open,4,development_validation,rule_gp_rbf,27.7,31.5,1.6374112896959387,False,2.437816327453884,2.150000196570275
2026-04-12|24h_prior,2026-04-12,24h_prior,1,development_validation,rule_mean_residual,27.0,28.5,0.005555555555556424,False,0.0,0.005555555555556424
2026-04-12|event_day_open,2026-04-12,event_day_open,1,development_validation,rule_mean_residual,27.1,28.5,0.011764705882352894,False,0.0,0.0117647058823529
2026-04-13|24h_prior,2026-04-13,24h_prior,1,development_validation,rule_mean_residual,27.1,29.7,1.1055555555555543,False,0.0,1.1055555555555543
2026-04-13|event_day_open,2026-04-13,event_day_open,1,development_validation,rule_mean_residual,27.0,29.7,1.3117647058823536,False,0.0,1.3117647058823536
2026-04-14|24h_prior,2026-04-14,24h_prior,1,development_validation,rule_mean_residual,27.0,29.0,0.5055555555555564,False,0.0,0.5055555555555564
2026-04-14|event_day_open,2026-04-14,event_day_open,1,development_validation,rule_mean_residual,27.5,29.0,0.11176470588235432,False,0.0,0.11176470588235432
2026-04-15|24h_prior,2026-04-15,24h_prior,1,development_validation,rule_mean_residual,27.2,28.9,0.20555555555555569,False,0.0,0.2055555555555557
2026-04-15|event_day_open,2026-04-15,event_day_open,1,development_validation,rule_mean_residual,26.8,28.9,0.7117647058823523,False,0.0,0.7117647058823522
2026-04-16|24h_prior,2026-04-16,24h_prior,1,development_validation,rule_mean_residual,27.0,30.2,1.7055555555555562,False,0.0,1.7055555555555557
2026-04-16|event_day_open,2026-04-16,event_day_open,1,development_validation,rule_mean_residual,26.8,30.2,2.011764705882353,False,0.0,2.011764705882353
2026-04-17|24h_prior,2026-04-17,24h_prior,1,development_validation,rule_mean_residual,27.3,28.0,0.7944444444444444,False,0.0,0.7944444444444443
2026-04-17|event_day_open,2026-04-17,event_day_open,1,development_validation,rule_mean_residual,27.1,28.0,0.48823529411764716,False,0.0,0.4882352941176471
2026-04-18|24h_prior,2026-04-18,24h_prior,1,development_validation,rule_mean_residual,27.9,28.5,0.8944444444444418,False,0.0,0.8944444444444422
2026-04-18|event_day_open,2026-04-18,event_day_open,1,development_validation,rule_mean_residual,28.3,28.5,1.1882352941176462,False,0.0,1.1882352941176464
2026-04-19|24h_prior,2026-04-19,24h_prior,1,development_validation,rule_mean_residual,27.2,30.0,1.3055555555555574,False,0.0,1.3055555555555571
2026-04-19|event_day_open,2026-04-19,event_day_open,1,development_validation,rule_mean_residual,27.9,30.0,0.7117647058823554,False,0.0,0.7117647058823557
2026-04-20|24h_prior,2026-04-20,24h_prior,1,development_validation,rule_mean_residual,26.6,28.4,0.3055555555555535,False,0.0,0.3055555555555536
2026-04-20|event_day_open,2026-04-20,event_day_open,1,development_validation,rule_mean_residual,27.1,28.4,0.08823529411764852,False,0.0,0.08823529411764852
2026-04-21|24h_prior,2026-04-21,24h_prior,1,development_validation,rule_mean_residual,25.9,28.9,1.5055555555555578,False,0.0,1.5055555555555564
2026-04-21|event_day_open,2026-04-21,event_day_open,1,development_validation,rule_mean_residual,27.0,28.9,0.5117647058823529,False,0.0,0.5117647058823529
2026-04-22|12h_prior,2026-04-22,12h_prior,2,development_validation,rule_mean_residual,27.6,29.4,0.1919999999999966,False,0.0,0.19199999999999662
2026-04-22|24h_prior,2026-04-22,24h_prior,2,development_validation,rule_mean_residual,27.4,29.4,0.3285714285714292,False,0.0,0.3285714285714292
2026-04-22|6h_prior,2026-04-22,6h_prior,2,development_validation,rule_mean_residual,27.7,29.4,0.32083333333333286,False,0.0,0.32083333333333286
2026-04-22|event_day_open,2026-04-22,event_day_open,2,development_validation,rule_mean_residual,27.7,29.4,0.17777777777777715,False,0.0,0.17777777777777715
2026-04-23|12h_prior,2026-04-23,12h_prior,2,development_validation,rule_mean_residual,26.2,29.0,1.1919999999999995,False,0.0,1.1920000000000002
2026-04-23|24h_prior,2026-04-23,24h_prior,2,development_validation,rule_mean_residual,26.4,29.0,0.9285714285714305,False,0.0,0.9285714285714306
2026-04-23|6h_prior,2026-04-23,6h_prior,2,development_validation,rule_mean_residual,26.7,29.0,0.9208333333333338,False,0.0,0.9208333333333343
2026-04-23|event_day_open,2026-04-23,event_day_open,2,development_validation,rule_mean_residual,25.7,29.0,1.7777777777777783,False,0.0,1.7777777777777786
2026-04-24|12h_prior,2026-04-24,12h_prior,2,development_validation,rule_mean_residual,21.2,23.7,0.8919999999999993,False,0.0,0.8919999999999995
2026-04-24|24h_prior,2026-04-24,24h_prior,2,development_validation,rule_mean_residual,21.6,23.7,0.4285714285714271,False,0.0,0.42857142857142705
2026-04-24|6h_prior,2026-04-24,6h_prior,2,development_validation,rule_mean_residual,20.1,23.7,2.220833333333332,False,0.0,2.2208333333333314
2026-04-24|event_day_open,2026-04-24,event_day_open,2,development_validation,rule_mean_residual,21.4,23.7,0.7777777777777785,False,0.0,0.7777777777777786
2026-04-25|12h_prior,2026-04-25,12h_prior,2,development_validation,rule_mean_residual,24.2,26.5,0.692,False,0.0,0.6920000000000002
2026-04-25|24h_prior,2026-04-25,24h_prior,2,development_validation,rule_mean_residual,24.8,26.5,0.02857142857142847,False,0.0,0.02857142857142847
2026-04-25|6h_prior,2026-04-25,6h_prior,2,development_validation,rule_mean_residual,25.4,26.5,0.27916666666666495,False,0.0,0.279166666666665
2026-04-25|event_day_open,2026-04-25,event_day_open,2,development_validation,rule_mean_residual,25.3,26.5,0.3222222222222228,False,0.0,0.32222222222222285
2026-04-26|12h_prior,2026-04-26,12h_prior,2,development_validation,rule_mean_residual,25.6,28.8,1.5919999999999985,False,0.0,1.5919999999999987
2026-04-26|24h_prior,2026-04-26,24h_prior,2,development_validation,rule_mean_residual,25.5,28.8,1.62857142857143,False,0.0,1.62857142857143
2026-04-26|6h_prior,2026-04-26,6h_prior,2,development_validation,rule_mean_residual,25.8,28.8,1.6208333333333333,False,0.0,1.6208333333333336
2026-04-26|event_day_open,2026-04-26,event_day_open,2,development_validation,rule_mean_residual,25.7,28.8,1.5777777777777788,False,0.0,1.5777777777777793
2026-04-27|12h_prior,2026-04-27,12h_prior,2,development_validation,rule_mean_residual,26.2,27.9,0.09199999999999875,False,0.0,0.09199999999999875
2026-04-27|24h_prior,2026-04-27,24h_prior,2,development_validation,rule_mean_residual,26.4,27.9,0.17142857142857082,False,0.0,0.17142857142857082
2026-04-27|6h_prior,2026-04-27,6h_prior,2,development_validation,rule_mean_residual,25.9,27.9,0.6208333333333333,False,0.0,0.6208333333333336
2026-04-27|event_day_open,2026-04-27,event_day_open,2,development_validation,rule_mean_residual,26.0,27.9,0.3777777777777765,False,0.0,0.37777777777777644
2026-04-28|12h_prior,2026-04-28,12h_prior,2,development_validation,rule_mean_residual,26.9,29.4,0.8919999999999993,False,0.0,0.8919999999999995
2026-04-28|24h_prior,2026-04-28,24h_prior,2,development_validation,rule_mean_residual,25.3,29.4,2.4285714285714266,False,0.0,2.428571428571427
2026-04-28|6h_prior,2026-04-28,6h_prior,2,development_validation,rule_mean_residual,26.5,29.4,1.520833333333331,False,0.0,1.5208333333333321
2026-04-28|event_day_open,2026-04-28,event_day_open,2,development_validation,rule_mean_residual,26.7,29.4,1.177777777777777,False,0.0,1.1777777777777771
2026-04-29|12h_prior,2026-04-29,12h_prior,2,development_validation,rule_mean_residual,24.9,28.4,1.891999999999999,False,0.0,1.8919999999999995
2026-04-29|24h_prior,2026-04-29,24h_prior,2,development_validation,rule_mean_residual,25.9,28.4,0.8285714285714293,False,0.0,0.8285714285714292
2026-04-29|6h_prior,2026-04-29,6h_prior,2,development_validation,rule_mean_residual,27.1,28.4,0.07916666666666929,False,0.0,0.07916666666666927
2026-04-29|event_day_open,2026-04-29,event_day_open,2,development_validation,rule_mean_residual,25.7,28.4,1.177777777777777,False,0.0,1.1777777777777771
2026-04-30|12h_prior,2026-04-30,12h_prior,2,development_validation,rule_mean_residual,24.4,26.7,0.692,False,0.0,0.6920000000000002
2026-04-30|24h_prior,2026-04-30,24h_prior,2,development_validation,rule_mean_residual,24.5,26.7,0.5285714285714285,False,0.0,0.5285714285714285
2026-04-30|6h_prior,2026-04-30,6h_prior,2,development_validation,rule_mean_residual,25.2,26.7,0.12083333333333357,False,0.0,0.12083333333333357
2026-04-30|event_day_open,2026-04-30,event_day_open,2,development_validation,rule_mean_residual,24.9,26.7,0.27777777777777857,False,0.0,0.27777777777777857
2026-05-01|12h_prior,2026-05-01,12h_prior,2,development_validation,rule_mean_residual,24.3,26.9,0.9919999999999974,False,0.0,0.9919999999999973
2026-05-01|24h_prior,2026-05-01,24h_prior,2,development_validation,rule_mean_residual,23.4,26.9,1.8285714285714292,False,0.0,1.8285714285714292
2026-05-01|6h_prior,2026-05-01,6h_prior,2,development_validation,rule_mean_residual,23.5,26.9,2.020833333333332,False,0.0,2.020833333333332
2026-05-01|event_day_open,2026-05-01,event_day_open,2,development_validation,rule_mean_residual,23.6,26.9,1.777777777777775,False,0.0,1.777777777777775
2026-05-02|12h_prior,2026-05-02,12h_prior,3,development_validation,rule_mean_residual,27.3,27.0,2.168571428571429,False,0.0,2.168571428571429
2026-05-02|24h_prior,2026-05-02,24h_prior,3,development_validation,rule_mean_residual,26.9,27.0,1.8026315789473668,False,0.0,1.8026315789473664
2026-05-02|6h_prior,2026-05-02,6h_prior,3,development_validation,rule_mean_residual,27.2,27.0,1.844117647058823,False,0.0,1.8441176470588232
2026-05-02|event_day_open,2026-05-02,event_day_open,3,development_validation,rule_mean_residual,26.8,27.0,1.5594594594594606,False,0.0,1.559459459459461
2026-05-03|12h_prior,2026-05-03,12h_prior,3,development_validation,rule_mean_residual,29.0,29.6,1.268571428571427,False,0.0,1.268571428571427
2026-05-03|24h_prior,2026-05-03,24h_prior,3,development_validation,rule_mean_residual,28.2,29.6,0.502631578947366,False,0.0,0.5026315789473657
2026-05-03|6h_prior,2026-05-03,6h_prior,3,development_validation,rule_mean_residual,29.1,29.6,1.1441176470588241,False,0.0,1.144117647058824
2026-05-03|event_day_open,2026-05-03,event_day_open,3,development_validation,rule_mean_residual,28.6,29.6,0.7594594594594604,False,0.0,0.7594594594594604
2026-05-04|12h_prior,2026-05-04,12h_prior,3,development_validation,rule_mean_residual,25.1,27.6,0.6314285714285717,False,0.0,0.6314285714285717
2026-05-04|24h_prior,2026-05-04,24h_prior,3,development_validation,rule_mean_residual,26.0,27.6,0.3026315789473663,False,0.0,0.30263157894736636
2026-05-04|6h_prior,2026-05-04,6h_prior,3,development_validation,rule_mean_residual,25.7,27.6,0.2558823529411782,False,0.0,0.2558823529411782
2026-05-04|event_day_open,2026-05-04,event_day_open,3,development_validation,rule_mean_residual,26.1,27.6,0.2594594594594603,False,0.0,0.25945945945946036
2026-05-05|12h_prior,2026-05-05,12h_prior,3,development_validation,rule_mean_residual,21.7,23.0,0.5685714285714276,False,0.0,0.5685714285714276
2026-05-05|24h_prior,2026-05-05,24h_prior,3,development_validation,rule_mean_residual,23.1,23.0,2.0026315789473697,False,0.0,2.002631578947369
2026-05-05|6h_prior,2026-05-05,6h_prior,3,development_validation,rule_mean_residual,22.5,23.0,1.1441176470588241,False,0.0,1.144117647058824
2026-05-05|event_day_open,2026-05-05,event_day_open,3,development_validation,rule_mean_residual,22.0,23.0,0.7594594594594604,False,0.0,0.7594594594594604
2026-05-06|12h_prior,2026-05-06,12h_prior,3,development_validation,rule_mean_residual,24.7,24.6,1.9685714285714258,False,0.0,1.9685714285714262
2026-05-06|24h_prior,2026-05-06,24h_prior,3,development_validation,rule_mean_residual,24.8,24.6,2.102631578947368,False,0.0,2.102631578947367
2026-05-06|6h_prior,2026-05-06,6h_prior,3,development_validation,rule_mean_residual,24.9,24.6,1.9441176470588206,False,0.0,1.944117647058821
2026-05-06|event_day_open,2026-05-06,event_day_open,3,development_validation,rule_mean_residual,25.5,24.6,2.6594594594594594,False,0.0,2.659459459459459
2026-05-07|12h_prior,2026-05-07,12h_prior,3,development_validation,rule_mean_residual,25.3,29.3,2.1314285714285717,False,0.0,2.1314285714285717
2026-05-07|24h_prior,2026-05-07,24h_prior,3,development_validation,rule_mean_residual,25.9,29.3,1.4973684210526346,False,0.0,1.4973684210526343
2026-05-07|6h_prior,2026-05-07,6h_prior,3,development_validation,rule_mean_residual,26.3,29.3,1.355882352941176,False,0.0,1.355882352941176
2026-05-07|event_day_open,2026-05-07,event_day_open,3,development_validation,rule_mean_residual,26.7,29.3,0.8405405405405407,False,0.0,0.8405405405405411
2026-05-08|12h_prior,2026-05-08,12h_prior,3,development_validation,rule_mean_residual,28.4,30.3,0.03142857142857381,False,0.0,0.031428571428573804
2026-05-08|24h_prior,2026-05-08,24h_prior,3,development_validation,rule_mean_residual,27.8,30.3,0.5973684210526322,False,0.0,0.5973684210526322
2026-05-08|6h_prior,2026-05-08,6h_prior,3,development_validation,rule_mean_residual,27.9,30.3,0.7558823529411783,False,0.0,0.7558823529411782
2026-05-08|event_day_open,2026-05-08,event_day_open,3,development_validation,rule_mean_residual,28.9,30.3,0.3594594594594582,False,0.0,0.35945945945945823
2026-05-09|12h_prior,2026-05-09,12h_prior,3,development_validation,rule_mean_residual,24.1,26.1,0.13142857142857164,False,0.0,0.13142857142857167
2026-05-09|24h_prior,2026-05-09,24h_prior,3,development_validation,rule_mean_residual,24.6,26.1,0.4026315789473679,False,0.0,0.4026315789473678
2026-05-09|6h_prior,2026-05-09,6h_prior,3,development_validation,rule_mean_residual,24.5,26.1,0.04411764705882249,False,0.0,0.044117647058822484
2026-05-09|event_day_open,2026-05-09,event_day_open,3,development_validation,rule_mean_residual,23.1,26.1,1.2405405405405396,False,0.0,1.2405405405405396
2026-05-10|12h_prior,2026-05-10,12h_prior,3,development_validation,rule_mean_residual,25.1,26.1,0.8685714285714284,False,0.0,0.8685714285714283
2026-05-10|24h_prior,2026-05-10,24h_prior,3,development_validation,rule_mean_residual,25.0,26.1,0.8026315789473664,False,0.0,0.8026315789473664
2026-05-10|6h_prior,2026-05-10,6h_prior,3,development_validation,rule_mean_residual,25.0,26.1,0.5441176470588225,False,0.0,0.5441176470588225
2026-05-10|event_day_open,2026-05-10,event_day_open,3,development_validation,rule_mean_residual,25.1,26.1,0.7594594594594604,False,0.0,0.7594594594594604
2026-05-11|12h_prior,2026-05-11,12h_prior,4,development_validation,rule_mean_residual,26.5,28.8,0.5204545454545446,False,0.0,0.5204545454545446
2026-05-11|24h_prior,2026-05-11,24h_prior,4,development_validation,rule_mean_residual,26.7,28.8,0.3212765957446813,False,0.0,0.32127659574468126
2026-05-11|6h_prior,2026-05-11,6h_prior,4,development_validation,rule_mean_residual,26.5,28.8,0.7558139534883743,False,0.0,0.7558139534883743
2026-05-11|event_day_open,2026-05-11,event_day_open,4,development_validation,rule_mean_residual,26.5,28.8,0.6500000000000021,False,0.0,0.6500000000000021
2026-05-12|12h_prior,2026-05-12,12h_prior,4,development_validation,rule_mean_residual,28.9,31.6,0.9204545454545466,False,0.0,0.9204545454545467
2026-05-12|24h_prior,2026-05-12,24h_prior,4,development_validation,rule_mean_residual,28.8,31.6,1.0212765957446805,False,0.0,1.0212765957446805
2026-05-12|6h_prior,2026-05-12,6h_prior,4,development_validation,rule_mean_residual,28.6,31.6,1.4558139534883738,False,0.0,1.4558139534883736
2026-05-12|event_day_open,2026-05-12,event_day_open,4,development_validation,rule_mean_residual,28.8,31.6,1.1500000000000021,False,0.0,1.1500000000000021
2026-05-13|12h_prior,2026-05-13,12h_prior,4,development_validation,rule_mean_residual,28.3,31.1,1.0204545454545446,False,0.0,1.0204545454545446
2026-05-13|24h_prior,2026-05-13,24h_prior,4,development_validation,rule_mean_residual,28.3,31.1,1.0212765957446805,False,0.0,1.0212765957446805
2026-05-13|6h_prior,2026-05-13,6h_prior,4,development_validation,rule_mean_residual,28.4,31.1,1.1558139534883765,False,0.0,1.1558139534883765
2026-05-13|event_day_open,2026-05-13,event_day_open,4,development_validation,rule_mean_residual,28.6,31.1,0.8500000000000015,False,0.0,0.8500000000000014
2026-05-14|12h_prior,2026-05-14,12h_prior,4,development_validation,rule_mean_residual,27.5,29.2,0.0795454545454568,False,0.0,0.0795454545454568
2026-05-14|24h_prior,2026-05-14,24h_prior,4,development_validation,rule_mean_residual,27.5,29.2,0.07872340425532087,False,0.0,0.07872340425532087
2026-05-14|6h_prior,2026-05-14,6h_prior,4,development_validation,rule_mean_residual,27.6,29.2,0.055813953488371475,False,0.0,0.05581395348837148
2026-05-14|event_day_open,2026-05-14,event_day_open,4,development_validation,rule_mean_residual,27.4,29.2,0.15000000000000213,False,0.0,0.15000000000000213
2026-05-15|12h_prior,2026-05-15,12h_prior,4,development_validation,rule_mean_residual,27.3,27.4,1.6795454545454578,False,0.0,1.6795454545454582
2026-05-15|24h_prior,2026-05-15,24h_prior,4,development_validation,rule_mean_residual,28.6,27.4,2.9787234042553226,False,0.0,2.978723404255323
2026-05-15|6h_prior,2026-05-15,6h_prior,4,development_validation,rule_mean_residual,27.9,27.4,2.044186046511627,False,0.0,2.0441860465116264
2026-05-15|event_day_open,2026-05-15,event_day_open,4,development_validation,rule_mean_residual,27.3,27.4,1.550000000000001,False,0.0,1.5500000000000007
2026-05-16|12h_prior,2026-05-16,12h_prior,4,development_validation,rule_mean_residual,24.5,25.6,0.6795454545454545,False,0.0,0.6795454545454547
2026-05-16|24h_prior,2026-05-16,24h_prior,4,development_validation,rule_mean_residual,25.4,25.6,1.578723404255318,False,0.0,1.5787234042553173
2026-05-16|6h_prior,2026-05-16,6h_prior,4,development_validation,rule_mean_residual,25.4,25.6,1.3441860465116235,False,0.0,1.3441860465116235
2026-05-16|event_day_open,2026-05-16,event_day_open,4,development_validation,rule_mean_residual,24.9,25.6,0.9499999999999958,False,0.0,0.9499999999999957
2026-05-19|12h_prior,2026-05-19,12h_prior,4,development_validation,rule_mean_residual,26.9,26.4,2.2795454545454565,False,0.0,2.279545454545456
2026-05-19|24h_prior,2026-05-19,24h_prior,4,development_validation,rule_mean_residual,27.0,26.4,2.3787234042553216,False,0.0,2.3787234042553216
2026-05-19|6h_prior,2026-05-19,6h_prior,4,development_validation,rule_mean_residual,27.1,26.4,2.2441860465116292,False,0.0,2.2441860465116292
2026-05-19|event_day_open,2026-05-19,event_day_open,4,development_validation,rule_mean_residual,27.2,26.4,2.4499999999999993,False,0.0,2.4499999999999993
2026-05-20|12h_prior,2026-05-20,12h_prior,4,development_validation,rule_mean_residual,28.6,30.7,0.32045454545454183,False,0.0,0.3204545454545418
2026-05-20|24h_prior,2026-05-20,24h_prior,4,development_validation,rule_mean_residual,27.9,30.7,1.0212765957446805,False,0.0,1.0212765957446805
2026-05-20|6h_prior,2026-05-20,6h_prior,4,development_validation,rule_mean_residual,27.8,30.7,1.3558139534883722,False,0.0,1.3558139534883722
2026-05-20|event_day_open,2026-05-20,event_day_open,4,development_validation,rule_mean_residual,28.6,30.7,0.44999999999999934,False,0.0,0.4499999999999993
2026-05-21|12h_prior,2026-05-21,12h_prior,4,development_validation,rule_mean_residual,27.3,31.5,2.420454545454543,False,0.0,2.420454545454543
2026-05-21|24h_prior,2026-05-21,24h_prior,4,development_validation,rule_mean_residual,26.5,31.5,3.22127659574468,False,0.0,3.22127659574468
2026-05-21|6h_prior,2026-05-21,6h_prior,4,development_validation,rule_mean_residual,28.8,31.5,1.155813953488373,False,0.0,1.155813953488373
2026-05-21|event_day_open,2026-05-21,event_day_open,4,development_validation,rule_mean_residual,27.7,31.5,2.150000000000002,False,0.0,2.150000000000002
