row_id,target_date,decision_rule,chronology_block,forecast_daily_max_c,selected_model,selected_family,dispersion_scale,forecast_variant,forecast_variant_display,q_01,q_02,q_03,q_04,q_05,q_06,q_07,q_08,q_09,q_10,q_11,q_12,q_13,q_14,q_15,q_16,q_17,q_18,q_19,q_20,q_21,q_22,q_23,q_24,q_25,q_26,q_27,q_28,q_29,q_30,q_31,q_32,q_33,q_34,q_35,q_36,q_37,q_38,q_39,q_40,q_41,q_42,q_43,q_44,q_45,q_46,q_47,q_48,q_49,q_50,q_51,q_52,q_53,q_54,q_55,q_56,q_57,q_58,q_59,q_60,q_61,q_62,q_63,q_64,q_65,q_66,q_67,q_68,q_69,q_70,q_71,q_72,q_73,q_74,q_75,q_76,q_77,q_78,q_79,q_80,q_81,q_82,q_83,q_84,q_85,q_86,q_87,q_88,q_89,q_90,q_91,q_92,q_93,q_94,q_95,q_96,q_97,q_98,q_99,hko_daily_max_c
2026-06-01|12h_prior,2026-06-01,12h_prior,external_test,30.0,pooled_empirical_residual,empirical_residual,1.25,raw_deterministic,Raw deterministic,30.0,30.0,30.0,30.0,30.0,30.0,30.0,30.0,30.0,30.0,30.0,30.0,30.0,30.0,30.0,30.0,30.0,30.0,30.0,30.0,30.0,30.0,30.0,30.0,30.0,30.0,30.0,30.0,30.0,30.0,30.0,30.0,30.0,30.0,30.0,30.0,30.0,30.0,30.0,30.0,30.0,30.0,30.0,30.0,30.0,30.0,30.0,30.0,30.0,30.0,30.0,30.0,30.0,30.0,30.0,30.0,30.0,30.0,30.0,30.0,30.0,30.0,30.0,30.0,30.0,30.0,30.0,30.0,30.0,30.0,30.0,30.0,30.0,30.0,30.0,30.0,30.0,30.0,30.0,30.0,30.0,30.0,30.0,30.0,30.0,30.0,30.0,30.0,30.0,30.0,30.0,30.0,30.0,30.0,30.0,30.0,30.0,30.0,30.0,32.3
2026-06-01|12h_prior,2026-06-01,12h_prior,external_test,30.0,pooled_empirical_residual,empirical_residual,1.25,selected_calibrated,Selected calibrated,28.468750000000004,28.7,28.88125,28.95,29.2,29.312500000000004,29.45,29.45,29.49375,29.7,29.700000000000003,29.825,29.825000000000003,30.2,30.325000000000003,30.375,30.45,30.5375,30.575000000000003,30.700000000000003,30.718750000000004,30.825,30.825,30.825,30.95,30.950000000000003,30.950000000000003,30.975,31.075,31.075,31.2,31.2,31.200000000000003,31.200000000000003,31.325,31.325,31.325000000000003,31.45,31.45,31.45,31.45,31.45,31.50625,31.575,31.575000000000003,31.575000000000003,31.575000000000003,31.7,31.7,31.7,31.7,31.7,31.700000000000003,31.825,31.825000000000003,31.825000000000003,31.95,31.95,31.950000000000003,31.950000000000003,32.075,32.075,32.2,32.2,32.2,32.3125,32.45,32.45,32.45,32.45,32.575,32.575,32.7,32.7,32.7,32.75,32.825,32.825,32.931250000000006,32.95,32.95,32.9875,33.075,33.075,33.075,33.075,33.2,33.224999999999994,33.325,33.325,33.45,33.575,33.69375,33.7,33.825,33.87500000000001,33.95,34.24999999999999,34.68124999999999,32.3
2026-06-01|12h_prior,2026-06-01,12h_prior,external_test,30.0,pooled_empirical_residual,empirical_residual,1.25,selected_uncalibrated,Selected uncalibrated,29.115,29.3,29.445,29.5,29.7,29.790000000000003,29.9,29.9,29.935,30.1,30.1,30.2,30.200000000000003,30.5,30.6,30.64,30.7,30.77,30.8,30.9,30.915000000000003,31.0,31.0,31.0,31.1,31.1,31.1,31.12,31.2,31.2,31.3,31.3,31.3,31.3,31.4,31.4,31.4,31.5,31.5,31.5,31.5,31.5,31.545,31.6,31.6,31.6,31.6,31.7,31.7,31.7,31.7,31.7,31.700000000000003,31.8,31.8,31.8,31.9,31.9,31.9,31.9,32.0,32.0,32.099999999999994,32.099999999999994,32.1,32.19,32.3,32.3,32.3,32.3,32.4,32.4,32.5,32.5,32.5,32.54,32.599999999999994,32.6,32.685,32.7,32.7,32.73,32.8,32.8,32.8,32.8,32.9,32.919999999999995,33.0,33.0,33.1,33.2,33.295,33.3,33.4,33.440000000000005,33.5,33.739999999999995,34.084999999999994,32.3
2026-06-01|24h_prior,2026-06-01,24h_prior,external_test,29.2,pooled_empirical_residual,empirical_residual,1.25,raw_deterministic,Raw deterministic,29.2,29.2,29.2,29.2,29.2,29.2,29.2,29.2,29.2,29.2,29.2,29.2,29.2,29.2,29.2,29.2,29.2,29.2,29.2,29.2,29.2,29.2,29.2,29.2,29.2,29.2,29.2,29.2,29.2,29.2,29.2,29.2,29.2,29.2,29.2,29.2,29.2,29.2,29.2,29.2,29.2,29.2,29.2,29.2,29.2,29.2,29.2,29.2,29.2,29.2,29.2,29.2,29.2,29.2,29.2,29.2,29.2,29.2,29.2,29.2,29.2,29.2,29.2,29.2,29.2,29.2,29.2,29.2,29.2,29.2,29.2,29.2,29.2,29.2,29.2,29.2,29.2,29.2,29.2,29.2,29.2,29.2,29.2,29.2,29.2,29.2,29.2,29.2,29.2,29.2,29.2,29.2,29.2,29.2,29.2,29.2,29.2,29.2,29.2,32.3
2026-06-01|24h_prior,2026-06-01,24h_prior,external_test,29.2,pooled_empirical_residual,empirical_residual,1.25,selected_calibrated,Selected calibrated,27.668750000000003,27.899999999999995,28.08125,28.15,28.4,28.512500000000003,28.65,28.65,28.69375,28.9,28.9,29.025,29.025,29.4,29.525,29.575,29.65,29.7375,29.775,29.9,29.918750000000003,30.025,30.025,30.025,30.15,30.15,30.15,30.175,30.275,30.275,30.399999999999995,30.399999999999995,30.4,30.4,30.525,30.525,30.525,30.65,30.65,30.65,30.65,30.65,30.70625,30.775,30.775,30.775,30.775,30.9,30.9,30.9,30.9,30.9,30.9,31.024999999999995,31.025,31.025,31.15,31.15,31.15,31.15,31.275,31.275,31.4,31.4,31.4,31.512500000000003,31.65,31.65,31.65,31.65,31.775,31.775,31.9,31.9,31.9,31.95,32.025,32.025,32.131249999999994,32.15,32.15,32.1875,32.275,32.275,32.275,32.275,32.39999999999999,32.425,32.525000000000006,32.525000000000006,32.65,32.775,32.89375,32.9,33.02499999999999,33.075,33.150000000000006,33.45,33.881249999999994,32.3
2026-06-01|24h_prior,2026-06-01,24h_prior,external_test,29.2,pooled_empirical_residual,empirical_residual,1.25,selected_uncalibrated,Selected uncalibrated,28.315,28.5,28.645,28.7,28.9,28.99,29.1,29.1,29.135,29.3,29.3,29.4,29.4,29.7,29.8,29.84,29.9,29.97,30.0,30.1,30.115,30.2,30.2,30.2,30.3,30.3,30.3,30.32,30.4,30.4,30.5,30.5,30.5,30.5,30.6,30.6,30.6,30.7,30.7,30.7,30.7,30.7,30.745,30.8,30.8,30.8,30.8,30.9,30.9,30.9,30.9,30.9,30.9,31.0,31.0,31.0,31.1,31.1,31.1,31.1,31.2,31.2,31.3,31.3,31.3,31.39,31.5,31.5,31.5,31.5,31.6,31.6,31.7,31.7,31.7,31.74,31.8,31.8,31.885,31.9,31.9,31.93,32.0,32.0,32.0,32.0,32.099999999999994,32.12,32.2,32.2,32.3,32.4,32.495,32.5,32.599999999999994,32.64,32.7,32.94,33.285,32.3
2026-06-01|6h_prior,2026-06-01,6h_prior,external_test,29.4,pooled_empirical_residual,empirical_residual,1.25,raw_deterministic,Raw deterministic,29.4,29.4,29.4,29.4,29.4,29.4,29.4,29.4,29.4,29.4,29.4,29.4,29.4,29.4,29.4,29.4,29.4,29.4,29.4,29.4,29.4,29.4,29.4,29.4,29.4,29.4,29.4,29.4,29.4,29.4,29.4,29.4,29.4,29.4,29.4,29.4,29.4,29.4,29.4,29.4,29.4,29.4,29.4,29.4,29.4,29.4,29.4,29.4,29.4,29.4,29.4,29.4,29.4,29.4,29.4,29.4,29.4,29.4,29.4,29.4,29.4,29.4,29.4,29.4,29.4,29.4,29.4,29.4,29.4,29.4,29.4,29.4,29.4,29.4,29.4,29.4,29.4,29.4,29.4,29.4,29.4,29.4,29.4,29.4,29.4,29.4,29.4,29.4,29.4,29.4,29.4,29.4,29.4,29.4,29.4,29.4,29.4,29.4,29.4,32.3
2026-06-01|6h_prior,2026-06-01,6h_prior,external_test,29.4,pooled_empirical_residual,empirical_residual,1.25,selected_calibrated,Selected calibrated,27.86875,28.099999999999994,28.28125,28.35,28.6,28.7125,28.85,28.85,28.89375,29.099999999999994,29.1,29.225,29.225,29.6,29.725,29.775,29.85,29.9375,29.975,30.1,30.11875,30.225,30.225,30.225,30.349999999999994,30.35,30.35,30.375,30.475,30.475,30.599999999999994,30.599999999999994,30.6,30.6,30.725,30.725,30.725,30.85,30.85,30.85,30.85,30.85,30.90625,30.974999999999994,30.975,30.975,30.975,31.1,31.1,31.1,31.1,31.1,31.1,31.224999999999994,31.225,31.225,31.35,31.35,31.35,31.35,31.475,31.475,31.599999999999994,31.599999999999994,31.6,31.7125,31.85,31.85,31.85,31.85,31.975,31.975,32.1,32.1,32.1,32.15,32.224999999999994,32.225,32.331250000000004,32.35,32.35,32.3875,32.475,32.475,32.475,32.475,32.599999999999994,32.62499999999999,32.725,32.725,32.85,32.975,33.09375,33.1,33.224999999999994,33.275000000000006,33.35,33.64999999999999,34.08125,32.3
2026-06-01|6h_prior,2026-06-01,6h_prior,external_test,29.4,pooled_empirical_residual,empirical_residual,1.25,selected_uncalibrated,Selected uncalibrated,28.515,28.7,28.845,28.9,29.1,29.19,29.3,29.3,29.335,29.5,29.5,29.6,29.6,29.9,30.0,30.04,30.1,30.17,30.2,30.3,30.315,30.4,30.4,30.4,30.5,30.5,30.5,30.52,30.6,30.6,30.7,30.7,30.7,30.7,30.8,30.8,30.8,30.9,30.9,30.9,30.9,30.9,30.945,31.0,31.0,31.0,31.0,31.1,31.1,31.1,31.1,31.1,31.1,31.2,31.2,31.2,31.3,31.3,31.3,31.3,31.4,31.4,31.5,31.5,31.5,31.59,31.7,31.7,31.7,31.7,31.8,31.8,31.9,31.9,31.9,31.94,32.0,32.0,32.085,32.1,32.1,32.129999999999995,32.2,32.2,32.2,32.2,32.3,32.31999999999999,32.4,32.4,32.5,32.6,32.695,32.7,32.8,32.84,32.9,33.13999999999999,33.485,32.3
2026-06-01|event_day_open,2026-06-01,event_day_open,external_test,29.5,pooled_empirical_residual,empirical_residual,1.25,raw_deterministic,Raw deterministic,29.5,29.5,29.5,29.5,29.5,29.5,29.5,29.5,29.5,29.5,29.5,29.5,29.5,29.5,29.5,29.5,29.5,29.5,29.5,29.5,29.5,29.5,29.5,29.5,29.5,29.5,29.5,29.5,29.5,29.5,29.5,29.5,29.5,29.5,29.5,29.5,29.5,29.5,29.5,29.5,29.5,29.5,29.5,29.5,29.5,29.5,29.5,29.5,29.5,29.5,29.5,29.5,29.5,29.5,29.5,29.5,29.5,29.5,29.5,29.5,29.5,29.5,29.5,29.5,29.5,29.5,29.5,29.5,29.5,29.5,29.5,29.5,29.5,29.5,29.5,29.5,29.5,29.5,29.5,29.5,29.5,29.5,29.5,29.5,29.5,29.5,29.5,29.5,29.5,29.5,29.5,29.5,29.5,29.5,29.5,29.5,29.5,29.5,29.5,32.3
2026-06-01|event_day_open,2026-06-01,event_day_open,external_test,29.5,pooled_empirical_residual,empirical_residual,1.25,selected_calibrated,Selected calibrated,27.968750000000004,28.2,28.38125,28.45,28.7,28.812500000000004,28.95,28.95,28.99375,29.2,29.200000000000003,29.325,29.325000000000003,29.7,29.825000000000003,29.875,29.95,30.0375,30.075000000000003,30.200000000000003,30.218750000000004,30.325,30.325,30.325,30.45,30.450000000000003,30.450000000000003,30.475,30.575,30.575,30.7,30.7,30.700000000000003,30.700000000000003,30.825,30.825,30.825000000000003,30.95,30.95,30.95,30.95,30.95,31.00625,31.075,31.075000000000003,31.075000000000003,31.075000000000003,31.2,31.2,31.2,31.2,31.2,31.200000000000003,31.325,31.325000000000003,31.325000000000003,31.45,31.45,31.450000000000003,31.450000000000003,31.575,31.575,31.7,31.7,31.700000000000003,31.8125,31.950000000000003,31.950000000000003,31.950000000000003,31.950000000000003,32.075,32.075,32.2,32.2,32.2,32.25,32.325,32.325,32.431250000000006,32.45,32.45,32.4875,32.575,32.575,32.575,32.575,32.7,32.724999999999994,32.825,32.825,32.95,33.075,33.19375,33.2,33.325,33.37500000000001,33.45,33.74999999999999,34.18124999999999,32.3
2026-06-01|event_day_open,2026-06-01,event_day_open,external_test,29.5,pooled_empirical_residual,empirical_residual,1.25,selected_uncalibrated,Selected uncalibrated,28.615,28.8,28.945,29.0,29.2,29.290000000000003,29.4,29.4,29.435,29.6,29.6,29.7,29.700000000000003,30.0,30.1,30.14,30.2,30.27,30.3,30.4,30.415000000000003,30.5,30.5,30.5,30.6,30.6,30.6,30.62,30.7,30.7,30.8,30.8,30.8,30.8,30.9,30.9,30.9,31.0,31.0,31.0,31.0,31.0,31.045,31.1,31.1,31.1,31.1,31.2,31.2,31.2,31.2,31.2,31.200000000000003,31.3,31.3,31.3,31.4,31.4,31.4,31.4,31.5,31.5,31.6,31.6,31.6,31.69,31.8,31.8,31.8,31.8,31.9,31.9,32.0,32.0,32.0,32.04,32.099999999999994,32.1,32.185,32.2,32.2,32.23,32.3,32.3,32.3,32.3,32.4,32.419999999999995,32.5,32.5,32.6,32.7,32.795,32.8,32.9,32.940000000000005,33.0,33.239999999999995,33.584999999999994,32.3
2026-06-02|12h_prior,2026-06-02,12h_prior,external_test,30.7,pooled_empirical_residual,empirical_residual,1.25,raw_deterministic,Raw deterministic,30.7,30.7,30.7,30.7,30.7,30.7,30.7,30.7,30.7,30.7,30.7,30.7,30.7,30.7,30.7,30.7,30.7,30.7,30.7,30.7,30.7,30.7,30.7,30.7,30.7,30.7,30.7,30.7,30.7,30.7,30.7,30.7,30.7,30.7,30.7,30.7,30.7,30.7,30.7,30.7,30.7,30.7,30.7,30.7,30.7,30.7,30.7,30.7,30.7,30.7,30.7,30.7,30.7,30.7,30.7,30.7,30.7,30.7,30.7,30.7,30.7,30.7,30.7,30.7,30.7,30.7,30.7,30.7,30.7,30.7,30.7,30.7,30.7,30.7,30.7,30.7,30.7,30.7,30.7,30.7,30.7,30.7,30.7,30.7,30.7,30.7,30.7,30.7,30.7,30.7,30.7,30.7,30.7,30.7,30.7,30.7,30.7,30.7,30.7,33.3
2026-06-02|12h_prior,2026-06-02,12h_prior,external_test,30.7,pooled_empirical_residual,empirical_residual,1.25,selected_calibrated,Selected calibrated,29.168750000000003,29.399999999999995,29.58125,29.65,29.9,30.012500000000003,30.15,30.15,30.19375,30.4,30.4,30.525,30.525,30.9,31.025,31.075,31.15,31.2375,31.275,31.4,31.418750000000003,31.525,31.525,31.525,31.65,31.65,31.65,31.675,31.775,31.775,31.899999999999995,31.899999999999995,31.9,31.9,32.02499999999999,32.025000000000006,32.025000000000006,32.150000000000006,32.150000000000006,32.150000000000006,32.150000000000006,32.150000000000006,32.20625,32.275,32.275,32.275,32.275,32.4,32.4,32.4,32.4,32.4,32.4,32.525,32.525,32.525,32.64999999999999,32.64999999999999,32.650000000000006,32.650000000000006,32.775000000000006,32.775000000000006,32.9,32.9,32.9,33.0125,33.15,33.15,33.15,33.15,33.27499999999999,33.275000000000006,33.400000000000006,33.400000000000006,33.400000000000006,33.45,33.525,33.525,33.631249999999994,33.65,33.65,33.6875,33.775,33.775,33.775,33.775,33.89999999999999,33.925,34.025000000000006,34.025000000000006,34.15,34.275,34.39375,34.4,34.52499999999999,34.575,34.650000000000006,34.95,35.381249999999994,33.3
2026-06-02|12h_prior,2026-06-02,12h_prior,external_test,30.7,pooled_empirical_residual,empirical_residual,1.25,selected_uncalibrated,Selected uncalibrated,29.815,30.0,30.145,30.2,30.4,30.49,30.6,30.6,30.635,30.8,30.8,30.9,30.9,31.2,31.3,31.34,31.4,31.47,31.5,31.6,31.615,31.7,31.7,31.7,31.8,31.8,31.8,31.82,31.9,31.9,32.0,32.0,32.0,32.0,32.099999999999994,32.1,32.1,32.2,32.2,32.2,32.2,32.2,32.245,32.3,32.3,32.3,32.3,32.4,32.4,32.4,32.4,32.4,32.4,32.5,32.5,32.5,32.599999999999994,32.599999999999994,32.6,32.6,32.7,32.7,32.8,32.8,32.8,32.89,33.0,33.0,33.0,33.0,33.099999999999994,33.1,33.2,33.2,33.2,33.24,33.3,33.3,33.385,33.4,33.4,33.43,33.5,33.5,33.5,33.5,33.599999999999994,33.62,33.7,33.7,33.8,33.9,33.995,34.0,34.099999999999994,34.14,34.2,34.44,34.785,33.3
2026-06-02|24h_prior,2026-06-02,24h_prior,external_test,31.2,pooled_empirical_residual,empirical_residual,1.25,raw_deterministic,Raw deterministic,31.2,31.2,31.2,31.2,31.2,31.2,31.2,31.2,31.2,31.2,31.2,31.2,31.2,31.2,31.2,31.2,31.2,31.2,31.2,31.2,31.2,31.2,31.2,31.2,31.2,31.2,31.2,31.2,31.2,31.2,31.2,31.2,31.2,31.2,31.2,31.2,31.2,31.2,31.2,31.2,31.2,31.2,31.2,31.2,31.2,31.2,31.2,31.2,31.2,31.2,31.2,31.2,31.2,31.2,31.2,31.2,31.2,31.2,31.2,31.2,31.2,31.2,31.2,31.2,31.2,31.2,31.2,31.2,31.2,31.2,31.2,31.2,31.2,31.2,31.2,31.2,31.2,31.2,31.2,31.2,31.2,31.2,31.2,31.2,31.2,31.2,31.2,31.2,31.2,31.2,31.2,31.2,31.2,31.2,31.2,31.2,31.2,31.2,31.2,33.3
2026-06-02|24h_prior,2026-06-02,24h_prior,external_test,31.2,pooled_empirical_residual,empirical_residual,1.25,selected_calibrated,Selected calibrated,29.668750000000003,29.899999999999995,30.08125,30.15,30.4,30.512500000000003,30.65,30.65,30.69375,30.9,30.9,31.025,31.025,31.4,31.525,31.575,31.65,31.7375,31.775,31.9,31.918750000000003,32.025000000000006,32.025000000000006,32.025000000000006,32.15,32.15,32.15,32.175,32.275,32.275,32.4,32.4,32.4,32.4,32.52499999999999,32.525000000000006,32.525000000000006,32.650000000000006,32.650000000000006,32.650000000000006,32.650000000000006,32.650000000000006,32.70625,32.775,32.775,32.775,32.775,32.9,32.9,32.9,32.9,32.9,32.9,33.025,33.025,33.025,33.14999999999999,33.14999999999999,33.150000000000006,33.150000000000006,33.275000000000006,33.275000000000006,33.4,33.4,33.4,33.5125,33.65,33.65,33.65,33.65,33.77499999999999,33.775000000000006,33.900000000000006,33.900000000000006,33.900000000000006,33.95,34.025,34.025,34.131249999999994,34.15,34.15,34.1875,34.275,34.275,34.275,34.275,34.39999999999999,34.425,34.525000000000006,34.525000000000006,34.65,34.775,34.89375,34.9,35.02499999999999,35.075,35.150000000000006,35.45,35.881249999999994,33.3
2026-06-02|24h_prior,2026-06-02,24h_prior,external_test,31.2,pooled_empirical_residual,empirical_residual,1.25,selected_uncalibrated,Selected uncalibrated,30.315,30.5,30.645,30.7,30.9,30.99,31.1,31.1,31.135,31.3,31.3,31.4,31.4,31.7,31.8,31.84,31.9,31.97,32.0,32.1,32.115,32.2,32.2,32.2,32.3,32.3,32.3,32.32,32.4,32.4,32.5,32.5,32.5,32.5,32.599999999999994,32.6,32.6,32.7,32.7,32.7,32.7,32.7,32.745,32.8,32.8,32.8,32.8,32.9,32.9,32.9,32.9,32.9,32.9,33.0,33.0,33.0,33.099999999999994,33.099999999999994,33.1,33.1,33.2,33.2,33.3,33.3,33.3,33.39,33.5,33.5,33.5,33.5,33.599999999999994,33.6,33.7,33.7,33.7,33.74,33.8,33.8,33.885,33.9,33.9,33.93,34.0,34.0,34.0,34.0,34.099999999999994,34.12,34.2,34.2,34.3,34.4,34.495,34.5,34.599999999999994,34.64,34.7,34.94,35.285,33.3
2026-06-02|6h_prior,2026-06-02,6h_prior,external_test,30.9,pooled_empirical_residual,empirical_residual,1.25,raw_deterministic,Raw deterministic,30.9,30.9,30.9,30.9,30.9,30.9,30.9,30.9,30.9,30.9,30.9,30.9,30.9,30.9,30.9,30.9,30.9,30.9,30.9,30.9,30.9,30.9,30.9,30.9,30.9,30.9,30.9,30.9,30.9,30.9,30.9,30.9,30.9,30.9,30.9,30.9,30.9,30.9,30.9,30.9,30.9,30.9,30.9,30.9,30.9,30.9,30.9,30.9,30.9,30.9,30.9,30.9,30.9,30.9,30.9,30.9,30.9,30.9,30.9,30.9,30.9,30.9,30.9,30.9,30.9,30.9,30.9,30.9,30.9,30.9,30.9,30.9,30.9,30.9,30.9,30.9,30.9,30.9,30.9,30.9,30.9,30.9,30.9,30.9,30.9,30.9,30.9,30.9,30.9,30.9,30.9,30.9,30.9,30.9,30.9,30.9,30.9,30.9,30.9,33.3
2026-06-02|6h_prior,2026-06-02,6h_prior,external_test,30.9,pooled_empirical_residual,empirical_residual,1.25,selected_calibrated,Selected calibrated,29.36875,29.599999999999994,29.78125,29.85,30.1,30.2125,30.35,30.35,30.393750000000004,30.6,30.6,30.725,30.725,31.1,31.225,31.275,31.35,31.4375,31.475,31.6,31.61875,31.725,31.725,31.725,31.85,31.85,31.85,31.875000000000007,31.974999999999994,31.974999999999994,32.099999999999994,32.099999999999994,32.099999999999994,32.10000000000001,32.224999999999994,32.224999999999994,32.224999999999994,32.35,32.35,32.35,32.35,32.35,32.40625,32.475,32.475,32.475,32.475,32.599999999999994,32.599999999999994,32.599999999999994,32.599999999999994,32.599999999999994,32.6,32.724999999999994,32.72500000000001,32.72500000000001,32.849999999999994,32.849999999999994,32.849999999999994,32.849999999999994,32.975,32.975,33.1,33.1,33.1,33.2125,33.35000000000001,33.35000000000001,33.35000000000001,33.35000000000001,33.474999999999994,33.474999999999994,33.6,33.6,33.6,33.65,33.725,33.725,33.831250000000004,33.85,33.85,33.8875,33.97500000000001,33.97500000000001,33.97500000000001,33.97500000000001,34.099999999999994,34.12499999999999,34.225,34.225,34.35,34.475,34.59375,34.60000000000001,34.724999999999994,34.775000000000006,34.85,35.14999999999999,35.58125,33.3
2026-06-02|6h_prior,2026-06-02,6h_prior,external_test,30.9,pooled_empirical_residual,empirical_residual,1.25,selected_uncalibrated,Selected uncalibrated,30.015,30.2,30.345,30.4,30.6,30.69,30.8,30.8,30.835,31.0,31.0,31.1,31.1,31.4,31.5,31.54,31.6,31.67,31.7,31.8,31.815,31.9,31.9,31.9,32.0,32.0,32.0,32.02,32.099999999999994,32.099999999999994,32.2,32.2,32.2,32.2,32.3,32.3,32.3,32.4,32.4,32.4,32.4,32.4,32.445,32.5,32.5,32.5,32.5,32.599999999999994,32.599999999999994,32.599999999999994,32.599999999999994,32.599999999999994,32.6,32.7,32.7,32.7,32.8,32.8,32.8,32.8,32.9,32.9,33.0,33.0,33.0,33.09,33.2,33.2,33.2,33.2,33.3,33.3,33.4,33.4,33.4,33.44,33.5,33.5,33.585,33.6,33.6,33.629999999999995,33.7,33.7,33.7,33.7,33.8,33.81999999999999,33.9,33.9,34.0,34.1,34.195,34.2,34.3,34.34,34.4,34.63999999999999,34.985,33.3
2026-06-02|event_day_open,2026-06-02,event_day_open,external_test,31.6,pooled_empirical_residual,empirical_residual,1.25,raw_deterministic,Raw deterministic,31.6,31.6,31.6,31.6,31.6,31.6,31.6,31.6,31.6,31.6,31.6,31.6,31.6,31.6,31.6,31.6,31.6,31.6,31.6,31.6,31.6,31.6,31.6,31.6,31.6,31.6,31.6,31.6,31.6,31.6,31.6,31.6,31.6,31.6,31.6,31.6,31.6,31.6,31.6,31.6,31.6,31.6,31.6,31.6,31.6,31.6,31.6,31.6,31.6,31.6,31.6,31.6,31.6,31.6,31.6,31.6,31.6,31.6,31.6,31.6,31.6,31.6,31.6,31.6,31.6,31.6,31.6,31.6,31.6,31.6,31.6,31.6,31.6,31.6,31.6,31.6,31.6,31.6,31.6,31.6,31.6,31.6,31.6,31.6,31.6,31.6,31.6,31.6,31.6,31.6,31.6,31.6,31.6,31.6,31.6,31.6,31.6,31.6,31.6,33.3
2026-06-02|event_day_open,2026-06-02,event_day_open,external_test,31.6,pooled_empirical_residual,empirical_residual,1.25,selected_calibrated,Selected calibrated,30.068750000000005,30.3,30.481250000000003,30.550000000000004,30.8,30.912500000000005,31.05,31.05,31.093750000000007,31.3,31.300000000000004,31.425,31.425000000000004,31.800000000000004,31.925000000000004,31.975,32.05,32.1375,32.17500000000001,32.3,32.31875,32.425000000000004,32.425000000000004,32.425000000000004,32.550000000000004,32.550000000000004,32.550000000000004,32.57500000000001,32.675,32.675,32.8,32.8,32.8,32.80000000000001,32.925,32.925,32.925,33.050000000000004,33.050000000000004,33.050000000000004,33.050000000000004,33.050000000000004,33.10625,33.175000000000004,33.175000000000004,33.175000000000004,33.175000000000004,33.3,33.3,33.3,33.3,33.3,33.300000000000004,33.425,33.42500000000001,33.42500000000001,33.55,33.55,33.55,33.55,33.675000000000004,33.675000000000004,33.800000000000004,33.800000000000004,33.800000000000004,33.9125,34.05000000000001,34.05000000000001,34.05000000000001,34.05000000000001,34.175,34.175,34.300000000000004,34.300000000000004,34.300000000000004,34.35,34.425000000000004,34.425000000000004,34.53125000000001,34.550000000000004,34.550000000000004,34.5875,34.67500000000001,34.67500000000001,34.67500000000001,34.67500000000001,34.8,34.825,34.925000000000004,34.925000000000004,35.050000000000004,35.175000000000004,35.29375,35.30000000000001,35.425,35.47500000000001,35.550000000000004,35.849999999999994,36.28125,33.3
2026-06-02|event_day_open,2026-06-02,event_day_open,external_test,31.6,pooled_empirical_residual,empirical_residual,1.25,selected_uncalibrated,Selected uncalibrated,30.715000000000003,30.9,31.045,31.1,31.3,31.390000000000004,31.5,31.5,31.535000000000004,31.7,31.700000000000003,31.8,31.800000000000004,32.1,32.2,32.24,32.3,32.370000000000005,32.400000000000006,32.5,32.515,32.6,32.6,32.6,32.7,32.7,32.7,32.720000000000006,32.8,32.8,32.9,32.9,32.9,32.900000000000006,33.0,33.0,33.0,33.1,33.1,33.1,33.1,33.1,33.145,33.2,33.2,33.2,33.2,33.3,33.3,33.3,33.3,33.3,33.300000000000004,33.4,33.400000000000006,33.400000000000006,33.5,33.5,33.5,33.5,33.6,33.6,33.7,33.7,33.7,33.79,33.900000000000006,33.900000000000006,33.900000000000006,33.900000000000006,34.0,34.0,34.1,34.1,34.1,34.14,34.2,34.2,34.285000000000004,34.300000000000004,34.300000000000004,34.33,34.400000000000006,34.400000000000006,34.400000000000006,34.400000000000006,34.5,34.52,34.6,34.6,34.7,34.800000000000004,34.895,34.900000000000006,35.0,35.040000000000006,35.1,35.34,35.685,33.3
2026-06-03|12h_prior,2026-06-03,12h_prior,external_test,31.5,pooled_empirical_residual,empirical_residual,1.25,raw_deterministic,Raw deterministic,31.5,31.5,31.5,31.5,31.5,31.5,31.5,31.5,31.5,31.5,31.5,31.5,31.5,31.5,31.5,31.5,31.5,31.5,31.5,31.5,31.5,31.5,31.5,31.5,31.5,31.5,31.5,31.5,31.5,31.5,31.5,31.5,31.5,31.5,31.5,31.5,31.5,31.5,31.5,31.5,31.5,31.5,31.5,31.5,31.5,31.5,31.5,31.5,31.5,31.5,31.5,31.5,31.5,31.5,31.5,31.5,31.5,31.5,31.5,31.5,31.5,31.5,31.5,31.5,31.5,31.5,31.5,31.5,31.5,31.5,31.5,31.5,31.5,31.5,31.5,31.5,31.5,31.5,31.5,31.5,31.5,31.5,31.5,31.5,31.5,31.5,31.5,31.5,31.5,31.5,31.5,31.5,31.5,31.5,31.5,31.5,31.5,31.5,31.5,34.3
2026-06-03|12h_prior,2026-06-03,12h_prior,external_test,31.5,pooled_empirical_residual,empirical_residual,1.25,selected_calibrated,Selected calibrated,29.96875,30.2,30.38125,30.45,30.7,30.812500000000004,30.95,30.95,30.99375,31.2,31.200000000000003,31.325,31.325000000000003,31.7,31.825000000000003,31.875,31.950000000000003,32.0375,32.075,32.2,32.21875,32.325,32.325,32.325,32.45,32.45,32.45,32.47500000000001,32.575,32.575,32.7,32.7,32.7,32.7,32.825,32.825,32.825,32.95,32.95,32.95,32.95,32.95,33.00625,33.075,33.075,33.075,33.075,33.2,33.2,33.2,33.2,33.2,33.2,33.325,33.325,33.325,33.45,33.45,33.45,33.45,33.575,33.575,33.69999999999999,33.69999999999999,33.7,33.8125,33.95,33.95,33.95,33.95,34.075,34.075,34.2,34.2,34.2,34.25,34.32499999999999,34.325,34.431250000000006,34.45,34.45,34.4875,34.575,34.575,34.575,34.575,34.7,34.724999999999994,34.825,34.825,34.95,35.075,35.19375,35.2,35.325,35.37500000000001,35.45,35.74999999999999,36.18124999999999,34.3
2026-06-03|12h_prior,2026-06-03,12h_prior,external_test,31.5,pooled_empirical_residual,empirical_residual,1.25,selected_uncalibrated,Selected uncalibrated,30.615,30.8,30.945,31.0,31.2,31.290000000000003,31.4,31.4,31.435,31.6,31.6,31.7,31.700000000000003,32.0,32.1,32.14,32.2,32.27,32.3,32.400000000000006,32.415,32.5,32.5,32.5,32.6,32.6,32.6,32.620000000000005,32.7,32.7,32.8,32.8,32.8,32.8,32.9,32.9,32.9,33.0,33.0,33.0,33.0,33.0,33.045,33.1,33.1,33.1,33.1,33.2,33.2,33.2,33.2,33.2,33.2,33.3,33.3,33.3,33.4,33.4,33.4,33.4,33.5,33.5,33.599999999999994,33.599999999999994,33.6,33.69,33.8,33.8,33.8,33.8,33.9,33.9,34.0,34.0,34.0,34.04,34.099999999999994,34.1,34.185,34.2,34.2,34.23,34.3,34.3,34.3,34.3,34.4,34.419999999999995,34.5,34.5,34.6,34.7,34.795,34.8,34.9,34.940000000000005,35.0,35.239999999999995,35.584999999999994,34.3
2026-06-03|24h_prior,2026-06-03,24h_prior,external_test,31.1,pooled_empirical_residual,empirical_residual,1.25,raw_deterministic,Raw deterministic,31.1,31.1,31.1,31.1,31.1,31.1,31.1,31.1,31.1,31.1,31.1,31.1,31.1,31.1,31.1,31.1,31.1,31.1,31.1,31.1,31.1,31.1,31.1,31.1,31.1,31.1,31.1,31.1,31.1,31.1,31.1,31.1,31.1,31.1,31.1,31.1,31.1,31.1,31.1,31.1,31.1,31.1,31.1,31.1,31.1,31.1,31.1,31.1,31.1,31.1,31.1,31.1,31.1,31.1,31.1,31.1,31.1,31.1,31.1,31.1,31.1,31.1,31.1,31.1,31.1,31.1,31.1,31.1,31.1,31.1,31.1,31.1,31.1,31.1,31.1,31.1,31.1,31.1,31.1,31.1,31.1,31.1,31.1,31.1,31.1,31.1,31.1,31.1,31.1,31.1,31.1,31.1,31.1,31.1,31.1,31.1,31.1,31.1,31.1,34.3
2026-06-03|24h_prior,2026-06-03,24h_prior,external_test,31.1,pooled_empirical_residual,empirical_residual,1.25,selected_calibrated,Selected calibrated,29.568750000000005,29.8,29.981250000000003,30.050000000000004,30.3,30.412500000000005,30.55,30.55,30.593750000000007,30.8,30.800000000000004,30.925,30.925000000000004,31.300000000000004,31.425000000000004,31.475,31.55,31.637500000000003,31.675000000000004,31.8,31.81875,31.925000000000004,31.925000000000004,31.925000000000004,32.050000000000004,32.050000000000004,32.050000000000004,32.07500000000001,32.175,32.175,32.3,32.3,32.3,32.30000000000001,32.425,32.425,32.425,32.550000000000004,32.550000000000004,32.550000000000004,32.550000000000004,32.550000000000004,32.60625,32.675000000000004,32.675000000000004,32.675000000000004,32.675000000000004,32.8,32.8,32.8,32.8,32.8,32.800000000000004,32.925,32.92500000000001,32.92500000000001,33.05,33.05,33.05,33.05,33.175000000000004,33.175000000000004,33.300000000000004,33.300000000000004,33.300000000000004,33.4125,33.55000000000001,33.55000000000001,33.55000000000001,33.55000000000001,33.675,33.675,33.800000000000004,33.800000000000004,33.800000000000004,33.85,33.925000000000004,33.925000000000004,34.03125000000001,34.050000000000004,34.050000000000004,34.0875,34.17500000000001,34.17500000000001,34.17500000000001,34.17500000000001,34.3,34.325,34.425000000000004,34.425000000000004,34.550000000000004,34.675000000000004,34.79375,34.80000000000001,34.925,34.97500000000001,35.050000000000004,35.349999999999994,35.78125,34.3
2026-06-03|24h_prior,2026-06-03,24h_prior,external_test,31.1,pooled_empirical_residual,empirical_residual,1.25,selected_uncalibrated,Selected uncalibrated,30.215000000000003,30.4,30.545,30.6,30.8,30.890000000000004,31.0,31.0,31.035000000000004,31.2,31.200000000000003,31.3,31.300000000000004,31.6,31.700000000000003,31.74,31.8,31.87,31.9,32.0,32.015,32.1,32.1,32.1,32.2,32.2,32.2,32.220000000000006,32.3,32.3,32.4,32.4,32.4,32.400000000000006,32.5,32.5,32.5,32.6,32.6,32.6,32.6,32.6,32.645,32.7,32.7,32.7,32.7,32.8,32.8,32.8,32.8,32.8,32.800000000000004,32.9,32.900000000000006,32.900000000000006,33.0,33.0,33.0,33.0,33.1,33.1,33.2,33.2,33.2,33.29,33.400000000000006,33.400000000000006,33.400000000000006,33.400000000000006,33.5,33.5,33.6,33.6,33.6,33.64,33.7,33.7,33.785000000000004,33.800000000000004,33.800000000000004,33.83,33.900000000000006,33.900000000000006,33.900000000000006,33.900000000000006,34.0,34.02,34.1,34.1,34.2,34.300000000000004,34.395,34.400000000000006,34.5,34.540000000000006,34.6,34.84,35.185,34.3
2026-06-03|6h_prior,2026-06-03,6h_prior,external_test,31.3,pooled_empirical_residual,empirical_residual,1.25,raw_deterministic,Raw deterministic,31.3,31.3,31.3,31.3,31.3,31.3,31.3,31.3,31.3,31.3,31.3,31.3,31.3,31.3,31.3,31.3,31.3,31.3,31.3,31.3,31.3,31.3,31.3,31.3,31.3,31.3,31.3,31.3,31.3,31.3,31.3,31.3,31.3,31.3,31.3,31.3,31.3,31.3,31.3,31.3,31.3,31.3,31.3,31.3,31.3,31.3,31.3,31.3,31.3,31.3,31.3,31.3,31.3,31.3,31.3,31.3,31.3,31.3,31.3,31.3,31.3,31.3,31.3,31.3,31.3,31.3,31.3,31.3,31.3,31.3,31.3,31.3,31.3,31.3,31.3,31.3,31.3,31.3,31.3,31.3,31.3,31.3,31.3,31.3,31.3,31.3,31.3,31.3,31.3,31.3,31.3,31.3,31.3,31.3,31.3,31.3,31.3,31.3,31.3,34.3
2026-06-03|6h_prior,2026-06-03,6h_prior,external_test,31.3,pooled_empirical_residual,empirical_residual,1.25,selected_calibrated,Selected calibrated,29.768750000000004,30.0,30.18125,30.25,30.5,30.612500000000004,30.75,30.75,30.793750000000003,31.0,31.000000000000004,31.125,31.125000000000004,31.5,31.625000000000004,31.675,31.75,31.8375,31.875,32.0,32.018750000000004,32.125,32.125,32.125,32.25,32.25000000000001,32.25000000000001,32.275000000000006,32.375,32.375,32.49999999999999,32.49999999999999,32.5,32.5,32.625,32.625,32.625,32.75,32.75,32.75,32.75,32.75,32.80625,32.875,32.87500000000001,32.87500000000001,32.87500000000001,33.0,33.0,33.0,33.0,33.0,33.0,33.12499999999999,33.125,33.125,33.24999999999999,33.24999999999999,33.25,33.25,33.375,33.375,33.5,33.5,33.5,33.612500000000004,33.75,33.75,33.75,33.75,33.875,33.875,34.0,34.0,34.0,34.050000000000004,34.125,34.125,34.23125,34.25,34.25,34.2875,34.375,34.375,34.375,34.375,34.5,34.525,34.625,34.625,34.75,34.875,34.99375,35.0,35.125,35.175000000000004,35.25,35.55,35.98125,34.3
2026-06-03|6h_prior,2026-06-03,6h_prior,external_test,31.3,pooled_empirical_residual,empirical_residual,1.25,selected_uncalibrated,Selected uncalibrated,30.415000000000003,30.6,30.745,30.8,31.0,31.090000000000003,31.2,31.2,31.235000000000003,31.4,31.4,31.5,31.500000000000004,31.8,31.9,31.94,32.0,32.07,32.1,32.2,32.215,32.3,32.3,32.3,32.4,32.400000000000006,32.400000000000006,32.42,32.5,32.5,32.599999999999994,32.599999999999994,32.6,32.6,32.7,32.7,32.7,32.8,32.8,32.8,32.8,32.8,32.845,32.9,32.900000000000006,32.900000000000006,32.900000000000006,33.0,33.0,33.0,33.0,33.0,33.0,33.099999999999994,33.1,33.1,33.2,33.2,33.2,33.2,33.3,33.3,33.4,33.4,33.4,33.49,33.6,33.6,33.6,33.6,33.7,33.7,33.8,33.8,33.8,33.84,33.9,33.9,33.985,34.0,34.0,34.03,34.1,34.1,34.1,34.1,34.2,34.22,34.3,34.3,34.4,34.5,34.595,34.6,34.7,34.74,34.8,35.04,35.385,34.3
2026-06-03|event_day_open,2026-06-03,event_day_open,external_test,31.4,pooled_empirical_residual,empirical_residual,1.25,raw_deterministic,Raw deterministic,31.4,31.4,31.4,31.4,31.4,31.4,31.4,31.4,31.4,31.4,31.4,31.4,31.4,31.4,31.4,31.4,31.4,31.4,31.4,31.4,31.4,31.4,31.4,31.4,31.4,31.4,31.4,31.4,31.4,31.4,31.4,31.4,31.4,31.4,31.4,31.4,31.4,31.4,31.4,31.4,31.4,31.4,31.4,31.4,31.4,31.4,31.4,31.4,31.4,31.4,31.4,31.4,31.4,31.4,31.4,31.4,31.4,31.4,31.4,31.4,31.4,31.4,31.4,31.4,31.4,31.4,31.4,31.4,31.4,31.4,31.4,31.4,31.4,31.4,31.4,31.4,31.4,31.4,31.4,31.4,31.4,31.4,31.4,31.4,31.4,31.4,31.4,31.4,31.4,31.4,31.4,31.4,31.4,31.4,31.4,31.4,31.4,31.4,31.4,34.3
2026-06-03|event_day_open,2026-06-03,event_day_open,external_test,31.4,pooled_empirical_residual,empirical_residual,1.25,selected_calibrated,Selected calibrated,29.86875,30.099999999999994,30.28125,30.35,30.6,30.7125,30.85,30.85,30.893750000000004,31.1,31.1,31.225,31.225,31.6,31.725,31.775,31.849999999999994,31.937500000000004,31.975000000000005,32.099999999999994,32.11875,32.225,32.225,32.225,32.35,32.35,32.35,32.37500000000001,32.474999999999994,32.474999999999994,32.599999999999994,32.599999999999994,32.599999999999994,32.60000000000001,32.724999999999994,32.724999999999994,32.724999999999994,32.85,32.85,32.85,32.85,32.85,32.90625,32.975,32.975,32.975,32.975,33.099999999999994,33.099999999999994,33.099999999999994,33.099999999999994,33.099999999999994,33.1,33.224999999999994,33.22500000000001,33.22500000000001,33.349999999999994,33.349999999999994,33.349999999999994,33.349999999999994,33.475,33.475,33.6,33.6,33.6,33.7125,33.85000000000001,33.85000000000001,33.85000000000001,33.85000000000001,33.974999999999994,33.974999999999994,34.1,34.1,34.1,34.15,34.225,34.225,34.331250000000004,34.35,34.35,34.3875,34.47500000000001,34.47500000000001,34.47500000000001,34.47500000000001,34.599999999999994,34.62499999999999,34.725,34.725,34.85,34.975,35.09375,35.10000000000001,35.224999999999994,35.275000000000006,35.35,35.64999999999999,36.08125,34.3
2026-06-03|event_day_open,2026-06-03,event_day_open,external_test,31.4,pooled_empirical_residual,empirical_residual,1.25,selected_uncalibrated,Selected uncalibrated,30.515,30.7,30.845,30.9,31.1,31.19,31.3,31.3,31.335,31.5,31.5,31.6,31.6,31.9,32.0,32.04,32.099999999999994,32.17,32.2,32.3,32.315,32.4,32.4,32.4,32.5,32.5,32.5,32.52,32.599999999999994,32.599999999999994,32.7,32.7,32.7,32.7,32.8,32.8,32.8,32.9,32.9,32.9,32.9,32.9,32.945,33.0,33.0,33.0,33.0,33.099999999999994,33.099999999999994,33.099999999999994,33.099999999999994,33.099999999999994,33.1,33.2,33.2,33.2,33.3,33.3,33.3,33.3,33.4,33.4,33.5,33.5,33.5,33.59,33.7,33.7,33.7,33.7,33.8,33.8,33.9,33.9,33.9,33.94,34.0,34.0,34.085,34.1,34.1,34.129999999999995,34.2,34.2,34.2,34.2,34.3,34.31999999999999,34.4,34.4,34.5,34.6,34.695,34.7,34.8,34.84,34.9,35.13999999999999,35.485,34.3
2026-06-04|12h_prior,2026-06-04,12h_prior,external_test,32.4,pooled_empirical_residual,empirical_residual,1.25,raw_deterministic,Raw deterministic,32.4,32.4,32.4,32.4,32.4,32.4,32.4,32.4,32.4,32.4,32.4,32.4,32.4,32.4,32.4,32.4,32.4,32.4,32.4,32.4,32.4,32.4,32.4,32.4,32.4,32.4,32.4,32.4,32.4,32.4,32.4,32.4,32.4,32.4,32.4,32.4,32.4,32.4,32.4,32.4,32.4,32.4,32.4,32.4,32.4,32.4,32.4,32.4,32.4,32.4,32.4,32.4,32.4,32.4,32.4,32.4,32.4,32.4,32.4,32.4,32.4,32.4,32.4,32.4,32.4,32.4,32.4,32.4,32.4,32.4,32.4,32.4,32.4,32.4,32.4,32.4,32.4,32.4,32.4,32.4,32.4,32.4,32.4,32.4,32.4,32.4,32.4,32.4,32.4,32.4,32.4,32.4,32.4,32.4,32.4,32.4,32.4,32.4,32.4,34.2
2026-06-04|12h_prior,2026-06-04,12h_prior,external_test,32.4,pooled_empirical_residual,empirical_residual,1.25,selected_calibrated,Selected calibrated,30.86875,31.099999999999994,31.28125,31.35,31.599999999999994,31.7125,31.85,31.85,31.893750000000004,32.099999999999994,32.1,32.224999999999994,32.225,32.6,32.725,32.775,32.849999999999994,32.9375,32.97500000000001,33.099999999999994,33.11875,33.225,33.225,33.225,33.35,33.35,33.35,33.37500000000001,33.474999999999994,33.474999999999994,33.599999999999994,33.599999999999994,33.599999999999994,33.60000000000001,33.724999999999994,33.724999999999994,33.724999999999994,33.85,33.85,33.85,33.85,33.85,33.90625,33.975,33.975,33.975,33.975,34.099999999999994,34.099999999999994,34.099999999999994,34.099999999999994,34.099999999999994,34.1,34.224999999999994,34.22500000000001,34.22500000000001,34.349999999999994,34.349999999999994,34.349999999999994,34.349999999999994,34.475,34.475,34.6,34.6,34.6,34.7125,34.85000000000001,34.85000000000001,34.85000000000001,34.85000000000001,34.974999999999994,34.974999999999994,35.1,35.1,35.1,35.15,35.225,35.225,35.331250000000004,35.35,35.35,35.3875,35.47500000000001,35.47500000000001,35.47500000000001,35.47500000000001,35.599999999999994,35.62499999999999,35.725,35.725,35.85,35.975,36.09375,36.10000000000001,36.225,36.275000000000006,36.35,36.64999999999999,37.08125,34.2
2026-06-04|12h_prior,2026-06-04,12h_prior,external_test,32.4,pooled_empirical_residual,empirical_residual,1.25,selected_uncalibrated,Selected uncalibrated,31.515,31.7,31.845,31.9,32.099999999999994,32.19,32.3,32.3,32.335,32.49999999999999,32.5,32.599999999999994,32.6,32.9,33.0,33.04,33.099999999999994,33.17,33.2,33.3,33.315,33.4,33.4,33.4,33.5,33.5,33.5,33.52,33.599999999999994,33.599999999999994,33.7,33.7,33.7,33.7,33.8,33.8,33.8,33.9,33.9,33.9,33.9,33.9,33.945,34.0,34.0,34.0,34.0,34.099999999999994,34.099999999999994,34.099999999999994,34.099999999999994,34.099999999999994,34.1,34.2,34.2,34.2,34.3,34.3,34.3,34.3,34.4,34.4,34.5,34.5,34.5,34.59,34.7,34.7,34.7,34.7,34.8,34.8,34.9,34.9,34.9,34.94,35.0,35.0,35.085,35.1,35.1,35.129999999999995,35.2,35.2,35.2,35.2,35.3,35.31999999999999,35.4,35.4,35.5,35.6,35.695,35.7,35.8,35.84,35.9,36.13999999999999,36.485,34.2
2026-06-04|24h_prior,2026-06-04,24h_prior,external_test,33.2,pooled_empirical_residual,empirical_residual,1.25,raw_deterministic,Raw deterministic,33.2,33.2,33.2,33.2,33.2,33.2,33.2,33.2,33.2,33.2,33.2,33.2,33.2,33.2,33.2,33.2,33.2,33.2,33.2,33.2,33.2,33.2,33.2,33.2,33.2,33.2,33.2,33.2,33.2,33.2,33.2,33.2,33.2,33.2,33.2,33.2,33.2,33.2,33.2,33.2,33.2,33.2,33.2,33.2,33.2,33.2,33.2,33.2,33.2,33.2,33.2,33.2,33.2,33.2,33.2,33.2,33.2,33.2,33.2,33.2,33.2,33.2,33.2,33.2,33.2,33.2,33.2,33.2,33.2,33.2,33.2,33.2,33.2,33.2,33.2,33.2,33.2,33.2,33.2,33.2,33.2,33.2,33.2,33.2,33.2,33.2,33.2,33.2,33.2,33.2,33.2,33.2,33.2,33.2,33.2,33.2,33.2,33.2,33.2,34.2
2026-06-04|24h_prior,2026-06-04,24h_prior,external_test,33.2,pooled_empirical_residual,empirical_residual,1.25,selected_calibrated,Selected calibrated,31.668750000000003,31.9,32.081250000000004,32.150000000000006,32.400000000000006,32.5125,32.65,32.65,32.69375000000001,32.89999999999999,32.900000000000006,33.025000000000006,33.025000000000006,33.400000000000006,33.525000000000006,33.575,33.650000000000006,33.737500000000004,33.775,33.900000000000006,33.91875,34.025000000000006,34.025000000000006,34.025000000000006,34.150000000000006,34.150000000000006,34.150000000000006,34.17500000000001,34.275000000000006,34.275000000000006,34.4,34.4,34.4,34.4,34.525,34.525,34.525,34.650000000000006,34.650000000000006,34.650000000000006,34.650000000000006,34.650000000000006,34.706250000000004,34.775000000000006,34.775000000000006,34.775000000000006,34.775000000000006,34.900000000000006,34.900000000000006,34.900000000000006,34.900000000000006,34.900000000000006,34.900000000000006,35.025,35.025,35.025,35.15,35.15,35.15,35.15,35.275000000000006,35.275000000000006,35.39999999999999,35.39999999999999,35.400000000000006,35.5125,35.65,35.65,35.65,35.65,35.775,35.775,35.900000000000006,35.900000000000006,35.900000000000006,35.95,36.02499999999999,36.025000000000006,36.13125000000001,36.150000000000006,36.150000000000006,36.1875,36.275,36.275,36.275,36.275,36.4,36.425,36.525000000000006,36.525000000000006,36.650000000000006,36.775000000000006,36.89375,36.9,37.025,37.07500000000001,37.150000000000006,37.45,37.88125,34.2
2026-06-04|24h_prior,2026-06-04,24h_prior,external_test,33.2,pooled_empirical_residual,empirical_residual,1.25,selected_uncalibrated,Selected uncalibrated,32.315000000000005,32.5,32.645,32.7,32.900000000000006,32.99,33.1,33.1,33.135000000000005,33.3,33.300000000000004,33.400000000000006,33.400000000000006,33.7,33.800000000000004,33.84,33.900000000000006,33.970000000000006,34.0,34.10000000000001,34.115,34.2,34.2,34.2,34.300000000000004,34.300000000000004,34.300000000000004,34.32000000000001,34.400000000000006,34.400000000000006,34.5,34.5,34.5,34.5,34.6,34.6,34.6,34.7,34.7,34.7,34.7,34.7,34.745000000000005,34.800000000000004,34.800000000000004,34.800000000000004,34.800000000000004,34.900000000000006,34.900000000000006,34.900000000000006,34.900000000000006,34.900000000000006,34.900000000000006,35.0,35.0,35.0,35.1,35.1,35.1,35.1,35.2,35.2,35.3,35.3,35.300000000000004,35.39,35.5,35.5,35.5,35.5,35.6,35.6,35.7,35.7,35.7,35.74,35.8,35.800000000000004,35.885000000000005,35.900000000000006,35.900000000000006,35.93,36.0,36.0,36.0,36.0,36.1,36.12,36.2,36.2,36.3,36.400000000000006,36.495000000000005,36.5,36.6,36.64000000000001,36.7,36.94,37.285,34.2
2026-06-04|6h_prior,2026-06-04,6h_prior,external_test,33.1,pooled_empirical_residual,empirical_residual,1.25,raw_deterministic,Raw deterministic,33.1,33.1,33.1,33.1,33.1,33.1,33.1,33.1,33.1,33.1,33.1,33.1,33.1,33.1,33.1,33.1,33.1,33.1,33.1,33.1,33.1,33.1,33.1,33.1,33.1,33.1,33.1,33.1,33.1,33.1,33.1,33.1,33.1,33.1,33.1,33.1,33.1,33.1,33.1,33.1,33.1,33.1,33.1,33.1,33.1,33.1,33.1,33.1,33.1,33.1,33.1,33.1,33.1,33.1,33.1,33.1,33.1,33.1,33.1,33.1,33.1,33.1,33.1,33.1,33.1,33.1,33.1,33.1,33.1,33.1,33.1,33.1,33.1,33.1,33.1,33.1,33.1,33.1,33.1,33.1,33.1,33.1,33.1,33.1,33.1,33.1,33.1,33.1,33.1,33.1,33.1,33.1,33.1,33.1,33.1,33.1,33.1,33.1,33.1,34.2
2026-06-04|6h_prior,2026-06-04,6h_prior,external_test,33.1,pooled_empirical_residual,empirical_residual,1.25,selected_calibrated,Selected calibrated,31.568750000000005,31.8,31.981250000000003,32.050000000000004,32.3,32.4125,32.55,32.55,32.59375000000001,32.8,32.800000000000004,32.925,32.925000000000004,33.300000000000004,33.425000000000004,33.475,33.55,33.6375,33.67500000000001,33.8,33.81875,33.925000000000004,33.925000000000004,33.925000000000004,34.050000000000004,34.050000000000004,34.050000000000004,34.07500000000001,34.175,34.175,34.3,34.3,34.3,34.30000000000001,34.425,34.425,34.425,34.550000000000004,34.550000000000004,34.550000000000004,34.550000000000004,34.550000000000004,34.60625,34.675000000000004,34.675000000000004,34.675000000000004,34.675000000000004,34.8,34.8,34.8,34.8,34.8,34.800000000000004,34.925,34.92500000000001,34.92500000000001,35.05,35.05,35.05,35.05,35.175000000000004,35.175000000000004,35.300000000000004,35.300000000000004,35.300000000000004,35.4125,35.55000000000001,35.55000000000001,35.55000000000001,35.55000000000001,35.675,35.675,35.800000000000004,35.800000000000004,35.800000000000004,35.85,35.925000000000004,35.925000000000004,36.03125000000001,36.05,36.05,36.0875,36.17500000000001,36.17500000000001,36.17500000000001,36.17500000000001,36.3,36.325,36.425,36.425,36.55,36.675,36.79375,36.80000000000001,36.925,36.97500000000001,37.05,37.35,37.78125,34.2
2026-06-04|6h_prior,2026-06-04,6h_prior,external_test,33.1,pooled_empirical_residual,empirical_residual,1.25,selected_uncalibrated,Selected uncalibrated,32.215,32.4,32.545,32.6,32.8,32.89,33.0,33.0,33.035000000000004,33.2,33.2,33.3,33.300000000000004,33.6,33.7,33.74,33.8,33.870000000000005,33.900000000000006,34.0,34.015,34.1,34.1,34.1,34.2,34.2,34.2,34.220000000000006,34.3,34.3,34.4,34.4,34.4,34.400000000000006,34.5,34.5,34.5,34.6,34.6,34.6,34.6,34.6,34.645,34.7,34.7,34.7,34.7,34.8,34.8,34.8,34.8,34.8,34.800000000000004,34.9,34.900000000000006,34.900000000000006,35.0,35.0,35.0,35.0,35.1,35.1,35.2,35.2,35.2,35.29,35.400000000000006,35.400000000000006,35.400000000000006,35.400000000000006,35.5,35.5,35.6,35.6,35.6,35.64,35.7,35.7,35.785000000000004,35.800000000000004,35.800000000000004,35.83,35.900000000000006,35.900000000000006,35.900000000000006,35.900000000000006,36.0,36.02,36.1,36.1,36.2,36.3,36.395,36.400000000000006,36.5,36.540000000000006,36.6,36.84,37.185,34.2
2026-06-04|event_day_open,2026-06-04,event_day_open,external_test,33.3,pooled_empirical_residual,empirical_residual,1.25,raw_deterministic,Raw deterministic,33.3,33.3,33.3,33.3,33.3,33.3,33.3,33.3,33.3,33.3,33.3,33.3,33.3,33.3,33.3,33.3,33.3,33.3,33.3,33.3,33.3,33.3,33.3,33.3,33.3,33.3,33.3,33.3,33.3,33.3,33.3,33.3,33.3,33.3,33.3,33.3,33.3,33.3,33.3,33.3,33.3,33.3,33.3,33.3,33.3,33.3,33.3,33.3,33.3,33.3,33.3,33.3,33.3,33.3,33.3,33.3,33.3,33.3,33.3,33.3,33.3,33.3,33.3,33.3,33.3,33.3,33.3,33.3,33.3,33.3,33.3,33.3,33.3,33.3,33.3,33.3,33.3,33.3,33.3,33.3,33.3,33.3,33.3,33.3,33.3,33.3,33.3,33.3,33.3,33.3,33.3,33.3,33.3,33.3,33.3,33.3,33.3,33.3,33.3,34.2
2026-06-04|event_day_open,2026-06-04,event_day_open,external_test,33.3,pooled_empirical_residual,empirical_residual,1.25,selected_calibrated,Selected calibrated,31.76875,31.999999999999996,32.18125,32.25,32.5,32.6125,32.74999999999999,32.74999999999999,32.79375,32.999999999999986,33.0,33.125,33.125,33.5,33.625,33.675,33.75,33.8375,33.87499999999999,34.0,34.01875,34.125,34.125,34.125,34.25,34.25,34.25,34.275000000000006,34.375,34.375,34.49999999999999,34.49999999999999,34.49999999999999,34.49999999999999,34.62499999999999,34.62499999999999,34.62499999999999,34.75,34.75,34.75,34.75,34.75,34.80625,34.875,34.875,34.875,34.875,35.0,35.0,35.0,35.0,35.0,35.0,35.12499999999999,35.12499999999999,35.12499999999999,35.24999999999999,35.24999999999999,35.24999999999999,35.24999999999999,35.375,35.375,35.499999999999986,35.499999999999986,35.5,35.6125,35.74999999999999,35.74999999999999,35.74999999999999,35.74999999999999,35.87499999999999,35.87499999999999,36.0,36.0,36.0,36.05,36.12499999999999,36.125,36.23125,36.25,36.25,36.2875,36.37499999999999,36.37499999999999,36.37499999999999,36.37499999999999,36.49999999999999,36.52499999999999,36.625,36.625,36.75,36.875,36.99375,36.99999999999999,37.12499999999999,37.175,37.25,37.54999999999999,37.98124999999999,34.2
2026-06-04|event_day_open,2026-06-04,event_day_open,external_test,33.3,pooled_empirical_residual,empirical_residual,1.25,selected_uncalibrated,Selected uncalibrated,32.415,32.599999999999994,32.745,32.8,33.0,33.09,33.2,33.2,33.235,33.39999999999999,33.4,33.5,33.5,33.8,33.9,33.94,34.0,34.07,34.099999999999994,34.2,34.215,34.3,34.3,34.3,34.4,34.4,34.4,34.42,34.5,34.5,34.599999999999994,34.599999999999994,34.599999999999994,34.599999999999994,34.7,34.7,34.7,34.8,34.8,34.8,34.8,34.8,34.845,34.9,34.9,34.9,34.9,35.0,35.0,35.0,35.0,35.0,35.0,35.099999999999994,35.099999999999994,35.099999999999994,35.2,35.2,35.2,35.2,35.3,35.3,35.39999999999999,35.39999999999999,35.4,35.489999999999995,35.599999999999994,35.599999999999994,35.599999999999994,35.599999999999994,35.7,35.7,35.8,35.8,35.8,35.84,35.89999999999999,35.9,35.985,36.0,36.0,36.03,36.1,36.1,36.1,36.1,36.2,36.21999999999999,36.3,36.3,36.4,36.5,36.595,36.6,36.7,36.74,36.8,37.03999999999999,37.38499999999999,34.2
2026-06-05|12h_prior,2026-06-05,12h_prior,external_test,33.2,pooled_empirical_residual,empirical_residual,1.25,raw_deterministic,Raw deterministic,33.2,33.2,33.2,33.2,33.2,33.2,33.2,33.2,33.2,33.2,33.2,33.2,33.2,33.2,33.2,33.2,33.2,33.2,33.2,33.2,33.2,33.2,33.2,33.2,33.2,33.2,33.2,33.2,33.2,33.2,33.2,33.2,33.2,33.2,33.2,33.2,33.2,33.2,33.2,33.2,33.2,33.2,33.2,33.2,33.2,33.2,33.2,33.2,33.2,33.2,33.2,33.2,33.2,33.2,33.2,33.2,33.2,33.2,33.2,33.2,33.2,33.2,33.2,33.2,33.2,33.2,33.2,33.2,33.2,33.2,33.2,33.2,33.2,33.2,33.2,33.2,33.2,33.2,33.2,33.2,33.2,33.2,33.2,33.2,33.2,33.2,33.2,33.2,33.2,33.2,33.2,33.2,33.2,33.2,33.2,33.2,33.2,33.2,33.2,34.6
2026-06-05|12h_prior,2026-06-05,12h_prior,external_test,33.2,pooled_empirical_residual,empirical_residual,1.25,selected_calibrated,Selected calibrated,31.668750000000003,31.9,32.081250000000004,32.150000000000006,32.400000000000006,32.5125,32.65,32.65,32.69375000000001,32.89999999999999,32.900000000000006,33.025000000000006,33.025000000000006,33.400000000000006,33.525000000000006,33.575,33.650000000000006,33.737500000000004,33.775,33.900000000000006,33.91875,34.025000000000006,34.025000000000006,34.025000000000006,34.150000000000006,34.150000000000006,34.150000000000006,34.17500000000001,34.275000000000006,34.275000000000006,34.4,34.4,34.4,34.4,34.525,34.525,34.525,34.650000000000006,34.650000000000006,34.650000000000006,34.650000000000006,34.650000000000006,34.706250000000004,34.775000000000006,34.775000000000006,34.775000000000006,34.775000000000006,34.900000000000006,34.900000000000006,34.900000000000006,34.900000000000006,34.900000000000006,34.900000000000006,35.025,35.025,35.025,35.15,35.15,35.15,35.15,35.275000000000006,35.275000000000006,35.39999999999999,35.39999999999999,35.400000000000006,35.5125,35.65,35.65,35.65,35.65,35.775,35.775,35.900000000000006,35.900000000000006,35.900000000000006,35.95,36.02499999999999,36.025000000000006,36.13125000000001,36.150000000000006,36.150000000000006,36.1875,36.275,36.275,36.275,36.275,36.4,36.425,36.525000000000006,36.525000000000006,36.650000000000006,36.775000000000006,36.89375,36.9,37.025,37.07500000000001,37.150000000000006,37.45,37.88125,34.6
2026-06-05|12h_prior,2026-06-05,12h_prior,external_test,33.2,pooled_empirical_residual,empirical_residual,1.25,selected_uncalibrated,Selected uncalibrated,32.315000000000005,32.5,32.645,32.7,32.900000000000006,32.99,33.1,33.1,33.135000000000005,33.3,33.300000000000004,33.400000000000006,33.400000000000006,33.7,33.800000000000004,33.84,33.900000000000006,33.970000000000006,34.0,34.10000000000001,34.115,34.2,34.2,34.2,34.300000000000004,34.300000000000004,34.300000000000004,34.32000000000001,34.400000000000006,34.400000000000006,34.5,34.5,34.5,34.5,34.6,34.6,34.6,34.7,34.7,34.7,34.7,34.7,34.745000000000005,34.800000000000004,34.800000000000004,34.800000000000004,34.800000000000004,34.900000000000006,34.900000000000006,34.900000000000006,34.900000000000006,34.900000000000006,34.900000000000006,35.0,35.0,35.0,35.1,35.1,35.1,35.1,35.2,35.2,35.3,35.3,35.300000000000004,35.39,35.5,35.5,35.5,35.5,35.6,35.6,35.7,35.7,35.7,35.74,35.8,35.800000000000004,35.885000000000005,35.900000000000006,35.900000000000006,35.93,36.0,36.0,36.0,36.0,36.1,36.12,36.2,36.2,36.3,36.400000000000006,36.495000000000005,36.5,36.6,36.64000000000001,36.7,36.94,37.285,34.6
2026-06-05|24h_prior,2026-06-05,24h_prior,external_test,33.9,pooled_empirical_residual,empirical_residual,1.25,raw_deterministic,Raw deterministic,33.9,33.9,33.9,33.9,33.9,33.9,33.9,33.9,33.9,33.9,33.9,33.9,33.9,33.9,33.9,33.9,33.9,33.9,33.9,33.9,33.9,33.9,33.9,33.9,33.9,33.9,33.9,33.9,33.9,33.9,33.9,33.9,33.9,33.9,33.9,33.9,33.9,33.9,33.9,33.9,33.9,33.9,33.9,33.9,33.9,33.9,33.9,33.9,33.9,33.9,33.9,33.9,33.9,33.9,33.9,33.9,33.9,33.9,33.9,33.9,33.9,33.9,33.9,33.9,33.9,33.9,33.9,33.9,33.9,33.9,33.9,33.9,33.9,33.9,33.9,33.9,33.9,33.9,33.9,33.9,33.9,33.9,33.9,33.9,33.9,33.9,33.9,33.9,33.9,33.9,33.9,33.9,33.9,33.9,33.9,33.9,33.9,33.9,33.9,34.6
2026-06-05|24h_prior,2026-06-05,24h_prior,external_test,33.9,pooled_empirical_residual,empirical_residual,1.25,selected_calibrated,Selected calibrated,32.368750000000006,32.599999999999994,32.78125,32.85,33.099999999999994,33.2125,33.349999999999994,33.349999999999994,33.393750000000004,33.599999999999994,33.6,33.724999999999994,33.725,34.1,34.225,34.275,34.349999999999994,34.4375,34.47500000000001,34.599999999999994,34.61875,34.725,34.725,34.725,34.85,34.85,34.85,34.87500000000001,34.974999999999994,34.974999999999994,35.099999999999994,35.099999999999994,35.099999999999994,35.10000000000001,35.224999999999994,35.224999999999994,35.224999999999994,35.35,35.35,35.35,35.35,35.35,35.40625,35.475,35.475,35.475,35.475,35.599999999999994,35.599999999999994,35.599999999999994,35.599999999999994,35.599999999999994,35.6,35.724999999999994,35.72500000000001,35.72500000000001,35.849999999999994,35.849999999999994,35.849999999999994,35.849999999999994,35.975,35.975,36.1,36.1,36.1,36.2125,36.35000000000001,36.35000000000001,36.35000000000001,36.35000000000001,36.475,36.475,36.6,36.6,36.6,36.65,36.725,36.725,36.83125,36.85,36.85,36.8875,36.97500000000001,36.97500000000001,36.97500000000001,36.97500000000001,37.1,37.12499999999999,37.225,37.225,37.35,37.475,37.59375,37.60000000000001,37.725,37.775000000000006,37.85,38.14999999999999,38.58125,34.6
2026-06-05|24h_prior,2026-06-05,24h_prior,external_test,33.9,pooled_empirical_residual,empirical_residual,1.25,selected_uncalibrated,Selected uncalibrated,33.015,33.2,33.345,33.4,33.599999999999994,33.69,33.8,33.8,33.835,33.99999999999999,34.0,34.099999999999994,34.1,34.4,34.5,34.54,34.599999999999994,34.67,34.7,34.8,34.815,34.9,34.9,34.9,35.0,35.0,35.0,35.02,35.099999999999994,35.099999999999994,35.2,35.2,35.2,35.2,35.3,35.3,35.3,35.4,35.4,35.4,35.4,35.4,35.445,35.5,35.5,35.5,35.5,35.599999999999994,35.599999999999994,35.599999999999994,35.599999999999994,35.599999999999994,35.6,35.7,35.7,35.7,35.8,35.8,35.8,35.8,35.9,35.9,36.0,36.0,36.0,36.09,36.2,36.2,36.2,36.2,36.3,36.3,36.4,36.4,36.4,36.44,36.5,36.5,36.585,36.6,36.6,36.63,36.7,36.7,36.7,36.7,36.8,36.81999999999999,36.9,36.9,37.0,37.1,37.195,37.2,37.3,37.34,37.4,37.63999999999999,37.985,34.6
2026-06-05|6h_prior,2026-06-05,6h_prior,external_test,32.9,pooled_empirical_residual,empirical_residual,1.25,raw_deterministic,Raw deterministic,32.9,32.9,32.9,32.9,32.9,32.9,32.9,32.9,32.9,32.9,32.9,32.9,32.9,32.9,32.9,32.9,32.9,32.9,32.9,32.9,32.9,32.9,32.9,32.9,32.9,32.9,32.9,32.9,32.9,32.9,32.9,32.9,32.9,32.9,32.9,32.9,32.9,32.9,32.9,32.9,32.9,32.9,32.9,32.9,32.9,32.9,32.9,32.9,32.9,32.9,32.9,32.9,32.9,32.9,32.9,32.9,32.9,32.9,32.9,32.9,32.9,32.9,32.9,32.9,32.9,32.9,32.9,32.9,32.9,32.9,32.9,32.9,32.9,32.9,32.9,32.9,32.9,32.9,32.9,32.9,32.9,32.9,32.9,32.9,32.9,32.9,32.9,32.9,32.9,32.9,32.9,32.9,32.9,32.9,32.9,32.9,32.9,32.9,32.9,34.6
2026-06-05|6h_prior,2026-06-05,6h_prior,external_test,32.9,pooled_empirical_residual,empirical_residual,1.25,selected_calibrated,Selected calibrated,31.36875,31.599999999999994,31.78125,31.85,32.099999999999994,32.2125,32.349999999999994,32.349999999999994,32.393750000000004,32.599999999999994,32.6,32.724999999999994,32.725,33.1,33.225,33.275,33.349999999999994,33.4375,33.47500000000001,33.599999999999994,33.61875,33.725,33.725,33.725,33.85,33.85,33.85,33.87500000000001,33.974999999999994,33.974999999999994,34.099999999999994,34.099999999999994,34.099999999999994,34.10000000000001,34.224999999999994,34.224999999999994,34.224999999999994,34.35,34.35,34.35,34.35,34.35,34.40625,34.475,34.475,34.475,34.475,34.599999999999994,34.599999999999994,34.599999999999994,34.599999999999994,34.599999999999994,34.6,34.724999999999994,34.72500000000001,34.72500000000001,34.849999999999994,34.849999999999994,34.849999999999994,34.849999999999994,34.975,34.975,35.1,35.1,35.1,35.2125,35.35000000000001,35.35000000000001,35.35000000000001,35.35000000000001,35.474999999999994,35.474999999999994,35.6,35.6,35.6,35.65,35.725,35.725,35.831250000000004,35.85,35.85,35.8875,35.97500000000001,35.97500000000001,35.97500000000001,35.97500000000001,36.1,36.12499999999999,36.225,36.225,36.35,36.475,36.59375,36.60000000000001,36.725,36.775000000000006,36.85,37.14999999999999,37.58125,34.6
2026-06-05|6h_prior,2026-06-05,6h_prior,external_test,32.9,pooled_empirical_residual,empirical_residual,1.25,selected_uncalibrated,Selected uncalibrated,32.015,32.2,32.345,32.4,32.599999999999994,32.69,32.8,32.8,32.835,32.99999999999999,33.0,33.099999999999994,33.1,33.4,33.5,33.54,33.599999999999994,33.67,33.7,33.8,33.815,33.9,33.9,33.9,34.0,34.0,34.0,34.02,34.099999999999994,34.099999999999994,34.2,34.2,34.2,34.2,34.3,34.3,34.3,34.4,34.4,34.4,34.4,34.4,34.445,34.5,34.5,34.5,34.5,34.599999999999994,34.599999999999994,34.599999999999994,34.599999999999994,34.599999999999994,34.6,34.7,34.7,34.7,34.8,34.8,34.8,34.8,34.9,34.9,35.0,35.0,35.0,35.09,35.2,35.2,35.2,35.2,35.3,35.3,35.4,35.4,35.4,35.44,35.5,35.5,35.585,35.6,35.6,35.629999999999995,35.7,35.7,35.7,35.7,35.8,35.81999999999999,35.9,35.9,36.0,36.1,36.195,36.2,36.3,36.34,36.4,36.63999999999999,36.985,34.6
2026-06-05|event_day_open,2026-06-05,event_day_open,external_test,33.5,pooled_empirical_residual,empirical_residual,1.25,raw_deterministic,Raw deterministic,33.5,33.5,33.5,33.5,33.5,33.5,33.5,33.5,33.5,33.5,33.5,33.5,33.5,33.5,33.5,33.5,33.5,33.5,33.5,33.5,33.5,33.5,33.5,33.5,33.5,33.5,33.5,33.5,33.5,33.5,33.5,33.5,33.5,33.5,33.5,33.5,33.5,33.5,33.5,33.5,33.5,33.5,33.5,33.5,33.5,33.5,33.5,33.5,33.5,33.5,33.5,33.5,33.5,33.5,33.5,33.5,33.5,33.5,33.5,33.5,33.5,33.5,33.5,33.5,33.5,33.5,33.5,33.5,33.5,33.5,33.5,33.5,33.5,33.5,33.5,33.5,33.5,33.5,33.5,33.5,33.5,33.5,33.5,33.5,33.5,33.5,33.5,33.5,33.5,33.5,33.5,33.5,33.5,33.5,33.5,33.5,33.5,33.5,33.5,34.6
2026-06-05|event_day_open,2026-06-05,event_day_open,external_test,33.5,pooled_empirical_residual,empirical_residual,1.25,selected_calibrated,Selected calibrated,31.96875,32.2,32.38125,32.45,32.7,32.8125,32.95,32.95,32.993750000000006,33.19999999999999,33.2,33.325,33.325,33.7,33.825,33.875,33.95,34.0375,34.075,34.2,34.21875,34.325,34.325,34.325,34.45,34.45,34.45,34.47500000000001,34.575,34.575,34.7,34.7,34.7,34.7,34.825,34.825,34.825,34.95,34.95,34.95,34.95,34.95,35.00625,35.075,35.075,35.075,35.075,35.2,35.2,35.2,35.2,35.2,35.2,35.325,35.325,35.325,35.45,35.45,35.45,35.45,35.575,35.575,35.69999999999999,35.69999999999999,35.7,35.8125,35.95,35.95,35.95,35.95,36.075,36.075,36.2,36.2,36.2,36.25,36.32499999999999,36.325,36.431250000000006,36.45,36.45,36.4875,36.575,36.575,36.575,36.575,36.7,36.725,36.825,36.825,36.95,37.075,37.19375,37.2,37.325,37.37500000000001,37.45,37.74999999999999,38.18124999999999,34.6
2026-06-05|event_day_open,2026-06-05,event_day_open,external_test,33.5,pooled_empirical_residual,empirical_residual,1.25,selected_uncalibrated,Selected uncalibrated,32.615,32.8,32.945,33.0,33.2,33.29,33.4,33.4,33.435,33.599999999999994,33.6,33.7,33.7,34.0,34.1,34.14,34.2,34.27,34.3,34.400000000000006,34.415,34.5,34.5,34.5,34.6,34.6,34.6,34.620000000000005,34.7,34.7,34.8,34.8,34.8,34.8,34.9,34.9,34.9,35.0,35.0,35.0,35.0,35.0,35.045,35.1,35.1,35.1,35.1,35.2,35.2,35.2,35.2,35.2,35.2,35.3,35.3,35.3,35.4,35.4,35.4,35.4,35.5,35.5,35.599999999999994,35.599999999999994,35.6,35.69,35.8,35.8,35.8,35.8,35.9,35.9,36.0,36.0,36.0,36.04,36.1,36.1,36.185,36.2,36.2,36.23,36.3,36.3,36.3,36.3,36.4,36.42,36.5,36.5,36.6,36.7,36.795,36.8,36.9,36.940000000000005,37.0,37.24,37.585,34.6
2026-06-06|12h_prior,2026-06-06,12h_prior,external_test,30.1,pooled_empirical_residual,empirical_residual,1.25,raw_deterministic,Raw deterministic,30.1,30.1,30.1,30.1,30.1,30.1,30.1,30.1,30.1,30.1,30.1,30.1,30.1,30.1,30.1,30.1,30.1,30.1,30.1,30.1,30.1,30.1,30.1,30.1,30.1,30.1,30.1,30.1,30.1,30.1,30.1,30.1,30.1,30.1,30.1,30.1,30.1,30.1,30.1,30.1,30.1,30.1,30.1,30.1,30.1,30.1,30.1,30.1,30.1,30.1,30.1,30.1,30.1,30.1,30.1,30.1,30.1,30.1,30.1,30.1,30.1,30.1,30.1,30.1,30.1,30.1,30.1,30.1,30.1,30.1,30.1,30.1,30.1,30.1,30.1,30.1,30.1,30.1,30.1,30.1,30.1,30.1,30.1,30.1,30.1,30.1,30.1,30.1,30.1,30.1,30.1,30.1,30.1,30.1,30.1,30.1,30.1,30.1,30.1,30.4
2026-06-06|12h_prior,2026-06-06,12h_prior,external_test,30.1,pooled_empirical_residual,empirical_residual,1.25,selected_calibrated,Selected calibrated,28.568750000000005,28.8,28.981250000000003,29.05,29.3,29.412500000000005,29.55,29.55,29.593750000000004,29.8,29.800000000000004,29.925,29.925000000000004,30.3,30.425000000000004,30.475,30.55,30.637500000000003,30.675000000000004,30.800000000000004,30.818750000000005,30.925,30.925,30.925,31.05,31.050000000000004,31.050000000000004,31.075000000000003,31.175,31.175,31.3,31.3,31.300000000000004,31.300000000000004,31.425,31.425,31.425000000000004,31.55,31.55,31.55,31.55,31.55,31.60625,31.675,31.675000000000004,31.675000000000004,31.675000000000004,31.8,31.8,31.8,31.8,31.8,31.800000000000004,31.925,31.925000000000004,31.925000000000004,32.05,32.05,32.05,32.05,32.175000000000004,32.175000000000004,32.300000000000004,32.300000000000004,32.300000000000004,32.4125,32.550000000000004,32.550000000000004,32.550000000000004,32.550000000000004,32.675,32.675,32.800000000000004,32.800000000000004,32.800000000000004,32.85,32.925000000000004,32.925000000000004,33.03125000000001,33.050000000000004,33.050000000000004,33.0875,33.175000000000004,33.175000000000004,33.175000000000004,33.175000000000004,33.3,33.325,33.425000000000004,33.425000000000004,33.550000000000004,33.675000000000004,33.79375,33.800000000000004,33.925,33.97500000000001,34.050000000000004,34.349999999999994,34.78125,30.4
2026-06-06|12h_prior,2026-06-06,12h_prior,external_test,30.1,pooled_empirical_residual,empirical_residual,1.25,selected_uncalibrated,Selected uncalibrated,29.215000000000003,29.4,29.545,29.6,29.8,29.890000000000004,30.0,30.0,30.035000000000004,30.2,30.200000000000003,30.3,30.300000000000004,30.6,30.700000000000003,30.74,30.8,30.87,30.9,31.000000000000004,31.015000000000004,31.1,31.1,31.1,31.2,31.200000000000003,31.200000000000003,31.22,31.3,31.3,31.4,31.4,31.4,31.4,31.5,31.5,31.500000000000004,31.6,31.6,31.6,31.6,31.6,31.645,31.7,31.700000000000003,31.700000000000003,31.700000000000003,31.8,31.8,31.8,31.8,31.8,31.800000000000004,31.9,31.9,31.9,32.0,32.0,32.0,32.0,32.1,32.1,32.2,32.2,32.2,32.29,32.400000000000006,32.400000000000006,32.400000000000006,32.400000000000006,32.5,32.5,32.6,32.6,32.6,32.64,32.7,32.7,32.785000000000004,32.800000000000004,32.800000000000004,32.83,32.900000000000006,32.900000000000006,32.900000000000006,32.900000000000006,33.0,33.02,33.1,33.1,33.2,33.300000000000004,33.395,33.400000000000006,33.5,33.540000000000006,33.6,33.84,34.185,30.4
2026-06-06|24h_prior,2026-06-06,24h_prior,external_test,30.5,pooled_empirical_residual,empirical_residual,1.25,raw_deterministic,Raw deterministic,30.5,30.5,30.5,30.5,30.5,30.5,30.5,30.5,30.5,30.5,30.5,30.5,30.5,30.5,30.5,30.5,30.5,30.5,30.5,30.5,30.5,30.5,30.5,30.5,30.5,30.5,30.5,30.5,30.5,30.5,30.5,30.5,30.5,30.5,30.5,30.5,30.5,30.5,30.5,30.5,30.5,30.5,30.5,30.5,30.5,30.5,30.5,30.5,30.5,30.5,30.5,30.5,30.5,30.5,30.5,30.5,30.5,30.5,30.5,30.5,30.5,30.5,30.5,30.5,30.5,30.5,30.5,30.5,30.5,30.5,30.5,30.5,30.5,30.5,30.5,30.5,30.5,30.5,30.5,30.5,30.5,30.5,30.5,30.5,30.5,30.5,30.5,30.5,30.5,30.5,30.5,30.5,30.5,30.5,30.5,30.5,30.5,30.5,30.5,30.4
2026-06-06|24h_prior,2026-06-06,24h_prior,external_test,30.5,pooled_empirical_residual,empirical_residual,1.25,selected_calibrated,Selected calibrated,28.96875,29.2,29.38125,29.45,29.7,29.812500000000004,29.95,29.95,29.99375,30.2,30.200000000000003,30.325,30.325000000000003,30.7,30.825000000000003,30.875,30.95,31.0375,31.075,31.200000000000003,31.218750000000004,31.325,31.325,31.325,31.45,31.450000000000003,31.450000000000003,31.475,31.575,31.575,31.7,31.7,31.7,31.7,31.825,31.825,31.825000000000003,31.95,31.95,31.95,31.95,31.95,32.00625,32.075,32.075,32.075,32.075,32.2,32.2,32.2,32.2,32.2,32.2,32.325,32.325,32.325,32.45,32.45,32.45,32.45,32.575,32.575,32.69999999999999,32.69999999999999,32.7,32.8125,32.95,32.95,32.95,32.95,33.075,33.075,33.2,33.2,33.2,33.25,33.32499999999999,33.325,33.431250000000006,33.45,33.45,33.4875,33.575,33.575,33.575,33.575,33.7,33.724999999999994,33.825,33.825,33.95,34.075,34.19375,34.2,34.325,34.37500000000001,34.45,34.74999999999999,35.18124999999999,30.4
2026-06-06|24h_prior,2026-06-06,24h_prior,external_test,30.5,pooled_empirical_residual,empirical_residual,1.25,selected_uncalibrated,Selected uncalibrated,29.615,29.8,29.945,30.0,30.2,30.290000000000003,30.4,30.4,30.435,30.6,30.6,30.7,30.700000000000003,31.0,31.1,31.14,31.2,31.27,31.3,31.4,31.415000000000003,31.5,31.5,31.5,31.6,31.6,31.6,31.62,31.7,31.7,31.8,31.8,31.8,31.8,31.9,31.9,31.9,32.0,32.0,32.0,32.0,32.0,32.045,32.1,32.1,32.1,32.1,32.2,32.2,32.2,32.2,32.2,32.2,32.3,32.3,32.3,32.4,32.4,32.4,32.4,32.5,32.5,32.599999999999994,32.599999999999994,32.6,32.69,32.8,32.8,32.8,32.8,32.9,32.9,33.0,33.0,33.0,33.04,33.099999999999994,33.1,33.185,33.2,33.2,33.23,33.3,33.3,33.3,33.3,33.4,33.419999999999995,33.5,33.5,33.6,33.7,33.795,33.8,33.9,33.940000000000005,34.0,34.239999999999995,34.584999999999994,30.4
2026-06-06|6h_prior,2026-06-06,6h_prior,external_test,31.4,pooled_empirical_residual,empirical_residual,1.25,raw_deterministic,Raw deterministic,31.4,31.4,31.4,31.4,31.4,31.4,31.4,31.4,31.4,31.4,31.4,31.4,31.4,31.4,31.4,31.4,31.4,31.4,31.4,31.4,31.4,31.4,31.4,31.4,31.4,31.4,31.4,31.4,31.4,31.4,31.4,31.4,31.4,31.4,31.4,31.4,31.4,31.4,31.4,31.4,31.4,31.4,31.4,31.4,31.4,31.4,31.4,31.4,31.4,31.4,31.4,31.4,31.4,31.4,31.4,31.4,31.4,31.4,31.4,31.4,31.4,31.4,31.4,31.4,31.4,31.4,31.4,31.4,31.4,31.4,31.4,31.4,31.4,31.4,31.4,31.4,31.4,31.4,31.4,31.4,31.4,31.4,31.4,31.4,31.4,31.4,31.4,31.4,31.4,31.4,31.4,31.4,31.4,31.4,31.4,31.4,31.4,31.4,31.4,30.4
2026-06-06|6h_prior,2026-06-06,6h_prior,external_test,31.4,pooled_empirical_residual,empirical_residual,1.25,selected_calibrated,Selected calibrated,29.86875,30.099999999999994,30.28125,30.35,30.6,30.7125,30.85,30.85,30.893750000000004,31.1,31.1,31.225,31.225,31.6,31.725,31.775,31.849999999999994,31.937500000000004,31.975000000000005,32.099999999999994,32.11875,32.225,32.225,32.225,32.35,32.35,32.35,32.37500000000001,32.474999999999994,32.474999999999994,32.599999999999994,32.599999999999994,32.599999999999994,32.60000000000001,32.724999999999994,32.724999999999994,32.724999999999994,32.85,32.85,32.85,32.85,32.85,32.90625,32.975,32.975,32.975,32.975,33.099999999999994,33.099999999999994,33.099999999999994,33.099999999999994,33.099999999999994,33.1,33.224999999999994,33.22500000000001,33.22500000000001,33.349999999999994,33.349999999999994,33.349999999999994,33.349999999999994,33.475,33.475,33.6,33.6,33.6,33.7125,33.85000000000001,33.85000000000001,33.85000000000001,33.85000000000001,33.974999999999994,33.974999999999994,34.1,34.1,34.1,34.15,34.225,34.225,34.331250000000004,34.35,34.35,34.3875,34.47500000000001,34.47500000000001,34.47500000000001,34.47500000000001,34.599999999999994,34.62499999999999,34.725,34.725,34.85,34.975,35.09375,35.10000000000001,35.224999999999994,35.275000000000006,35.35,35.64999999999999,36.08125,30.4
2026-06-06|6h_prior,2026-06-06,6h_prior,external_test,31.4,pooled_empirical_residual,empirical_residual,1.25,selected_uncalibrated,Selected uncalibrated,30.515,30.7,30.845,30.9,31.1,31.19,31.3,31.3,31.335,31.5,31.5,31.6,31.6,31.9,32.0,32.04,32.099999999999994,32.17,32.2,32.3,32.315,32.4,32.4,32.4,32.5,32.5,32.5,32.52,32.599999999999994,32.599999999999994,32.7,32.7,32.7,32.7,32.8,32.8,32.8,32.9,32.9,32.9,32.9,32.9,32.945,33.0,33.0,33.0,33.0,33.099999999999994,33.099999999999994,33.099999999999994,33.099999999999994,33.099999999999994,33.1,33.2,33.2,33.2,33.3,33.3,33.3,33.3,33.4,33.4,33.5,33.5,33.5,33.59,33.7,33.7,33.7,33.7,33.8,33.8,33.9,33.9,33.9,33.94,34.0,34.0,34.085,34.1,34.1,34.129999999999995,34.2,34.2,34.2,34.2,34.3,34.31999999999999,34.4,34.4,34.5,34.6,34.695,34.7,34.8,34.84,34.9,35.13999999999999,35.485,30.4
2026-06-06|event_day_open,2026-06-06,event_day_open,external_test,30.1,pooled_empirical_residual,empirical_residual,1.25,raw_deterministic,Raw deterministic,30.1,30.1,30.1,30.1,30.1,30.1,30.1,30.1,30.1,30.1,30.1,30.1,30.1,30.1,30.1,30.1,30.1,30.1,30.1,30.1,30.1,30.1,30.1,30.1,30.1,30.1,30.1,30.1,30.1,30.1,30.1,30.1,30.1,30.1,30.1,30.1,30.1,30.1,30.1,30.1,30.1,30.1,30.1,30.1,30.1,30.1,30.1,30.1,30.1,30.1,30.1,30.1,30.1,30.1,30.1,30.1,30.1,30.1,30.1,30.1,30.1,30.1,30.1,30.1,30.1,30.1,30.1,30.1,30.1,30.1,30.1,30.1,30.1,30.1,30.1,30.1,30.1,30.1,30.1,30.1,30.1,30.1,30.1,30.1,30.1,30.1,30.1,30.1,30.1,30.1,30.1,30.1,30.1,30.1,30.1,30.1,30.1,30.1,30.1,30.4
2026-06-06|event_day_open,2026-06-06,event_day_open,external_test,30.1,pooled_empirical_residual,empirical_residual,1.25,selected_calibrated,Selected calibrated,28.568750000000005,28.8,28.981250000000003,29.05,29.3,29.412500000000005,29.55,29.55,29.593750000000004,29.8,29.800000000000004,29.925,29.925000000000004,30.3,30.425000000000004,30.475,30.55,30.637500000000003,30.675000000000004,30.800000000000004,30.818750000000005,30.925,30.925,30.925,31.05,31.050000000000004,31.050000000000004,31.075000000000003,31.175,31.175,31.3,31.3,31.300000000000004,31.300000000000004,31.425,31.425,31.425000000000004,31.55,31.55,31.55,31.55,31.55,31.60625,31.675,31.675000000000004,31.675000000000004,31.675000000000004,31.8,31.8,31.8,31.8,31.8,31.800000000000004,31.925,31.925000000000004,31.925000000000004,32.05,32.05,32.05,32.05,32.175000000000004,32.175000000000004,32.300000000000004,32.300000000000004,32.300000000000004,32.4125,32.550000000000004,32.550000000000004,32.550000000000004,32.550000000000004,32.675,32.675,32.800000000000004,32.800000000000004,32.800000000000004,32.85,32.925000000000004,32.925000000000004,33.03125000000001,33.050000000000004,33.050000000000004,33.0875,33.175000000000004,33.175000000000004,33.175000000000004,33.175000000000004,33.3,33.325,33.425000000000004,33.425000000000004,33.550000000000004,33.675000000000004,33.79375,33.800000000000004,33.925,33.97500000000001,34.050000000000004,34.349999999999994,34.78125,30.4
2026-06-06|event_day_open,2026-06-06,event_day_open,external_test,30.1,pooled_empirical_residual,empirical_residual,1.25,selected_uncalibrated,Selected uncalibrated,29.215000000000003,29.4,29.545,29.6,29.8,29.890000000000004,30.0,30.0,30.035000000000004,30.2,30.200000000000003,30.3,30.300000000000004,30.6,30.700000000000003,30.74,30.8,30.87,30.9,31.000000000000004,31.015000000000004,31.1,31.1,31.1,31.2,31.200000000000003,31.200000000000003,31.22,31.3,31.3,31.4,31.4,31.4,31.4,31.5,31.5,31.500000000000004,31.6,31.6,31.6,31.6,31.6,31.645,31.7,31.700000000000003,31.700000000000003,31.700000000000003,31.8,31.8,31.8,31.8,31.8,31.800000000000004,31.9,31.9,31.9,32.0,32.0,32.0,32.0,32.1,32.1,32.2,32.2,32.2,32.29,32.400000000000006,32.400000000000006,32.400000000000006,32.400000000000006,32.5,32.5,32.6,32.6,32.6,32.64,32.7,32.7,32.785000000000004,32.800000000000004,32.800000000000004,32.83,32.900000000000006,32.900000000000006,32.900000000000006,32.900000000000006,33.0,33.02,33.1,33.1,33.2,33.300000000000004,33.395,33.400000000000006,33.5,33.540000000000006,33.6,33.84,34.185,30.4
2026-06-07|12h_prior,2026-06-07,12h_prior,external_test,28.7,pooled_empirical_residual,empirical_residual,1.25,raw_deterministic,Raw deterministic,28.7,28.7,28.7,28.7,28.7,28.7,28.7,28.7,28.7,28.7,28.7,28.7,28.7,28.7,28.7,28.7,28.7,28.7,28.7,28.7,28.7,28.7,28.7,28.7,28.7,28.7,28.7,28.7,28.7,28.7,28.7,28.7,28.7,28.7,28.7,28.7,28.7,28.7,28.7,28.7,28.7,28.7,28.7,28.7,28.7,28.7,28.7,28.7,28.7,28.7,28.7,28.7,28.7,28.7,28.7,28.7,28.7,28.7,28.7,28.7,28.7,28.7,28.7,28.7,28.7,28.7,28.7,28.7,28.7,28.7,28.7,28.7,28.7,28.7,28.7,28.7,28.7,28.7,28.7,28.7,28.7,28.7,28.7,28.7,28.7,28.7,28.7,28.7,28.7,28.7,28.7,28.7,28.7,28.7,28.7,28.7,28.7,28.7,28.7,32.0
2026-06-07|12h_prior,2026-06-07,12h_prior,external_test,28.7,pooled_empirical_residual,empirical_residual,1.25,selected_calibrated,Selected calibrated,27.168750000000003,27.399999999999995,27.58125,27.65,27.9,28.012500000000003,28.15,28.15,28.19375,28.4,28.4,28.525,28.525,28.9,29.025,29.075,29.15,29.2375,29.275,29.4,29.418750000000003,29.525,29.525,29.525,29.65,29.65,29.65,29.675,29.775,29.775,29.899999999999995,29.899999999999995,29.9,29.9,30.025,30.025,30.025,30.15,30.15,30.15,30.15,30.15,30.20625,30.275,30.275,30.275,30.275,30.4,30.4,30.4,30.4,30.4,30.4,30.524999999999995,30.525,30.525,30.65,30.65,30.65,30.65,30.775,30.775,30.9,30.9,30.9,31.012500000000003,31.15,31.15,31.15,31.15,31.275,31.275,31.4,31.4,31.4,31.45,31.525,31.525,31.63125,31.65,31.65,31.6875,31.775,31.775,31.775,31.775,31.9,31.925,32.025,32.025,32.15,32.275,32.39375,32.4,32.52499999999999,32.575,32.650000000000006,32.95,33.381249999999994,32.0
2026-06-07|12h_prior,2026-06-07,12h_prior,external_test,28.7,pooled_empirical_residual,empirical_residual,1.25,selected_uncalibrated,Selected uncalibrated,27.815,28.0,28.145,28.2,28.4,28.49,28.6,28.6,28.635,28.8,28.8,28.9,28.9,29.2,29.3,29.34,29.4,29.47,29.5,29.6,29.615,29.7,29.7,29.7,29.8,29.8,29.8,29.82,29.9,29.9,30.0,30.0,30.0,30.0,30.1,30.1,30.1,30.2,30.2,30.2,30.2,30.2,30.245,30.3,30.3,30.3,30.3,30.4,30.4,30.4,30.4,30.4,30.4,30.5,30.5,30.5,30.6,30.6,30.6,30.6,30.7,30.7,30.8,30.8,30.8,30.89,31.0,31.0,31.0,31.0,31.1,31.1,31.2,31.2,31.2,31.24,31.3,31.3,31.385,31.4,31.4,31.43,31.5,31.5,31.5,31.5,31.6,31.62,31.7,31.7,31.8,31.9,31.995,32.0,32.099999999999994,32.14,32.2,32.44,32.785,32.0
2026-06-07|24h_prior,2026-06-07,24h_prior,external_test,28.2,pooled_empirical_residual,empirical_residual,1.25,raw_deterministic,Raw deterministic,28.2,28.2,28.2,28.2,28.2,28.2,28.2,28.2,28.2,28.2,28.2,28.2,28.2,28.2,28.2,28.2,28.2,28.2,28.2,28.2,28.2,28.2,28.2,28.2,28.2,28.2,28.2,28.2,28.2,28.2,28.2,28.2,28.2,28.2,28.2,28.2,28.2,28.2,28.2,28.2,28.2,28.2,28.2,28.2,28.2,28.2,28.2,28.2,28.2,28.2,28.2,28.2,28.2,28.2,28.2,28.2,28.2,28.2,28.2,28.2,28.2,28.2,28.2,28.2,28.2,28.2,28.2,28.2,28.2,28.2,28.2,28.2,28.2,28.2,28.2,28.2,28.2,28.2,28.2,28.2,28.2,28.2,28.2,28.2,28.2,28.2,28.2,28.2,28.2,28.2,28.2,28.2,28.2,28.2,28.2,28.2,28.2,28.2,28.2,32.0
2026-06-07|24h_prior,2026-06-07,24h_prior,external_test,28.2,pooled_empirical_residual,empirical_residual,1.25,selected_calibrated,Selected calibrated,26.668750000000003,26.899999999999995,27.08125,27.15,27.4,27.512500000000003,27.65,27.65,27.69375,27.9,27.9,28.025,28.025,28.4,28.525,28.575,28.65,28.7375,28.775,28.9,28.918750000000003,29.025,29.025,29.025,29.15,29.15,29.15,29.175,29.275,29.275,29.399999999999995,29.399999999999995,29.4,29.4,29.525,29.525,29.525,29.65,29.65,29.65,29.65,29.65,29.70625,29.775,29.775,29.775,29.775,29.9,29.9,29.9,29.9,29.9,29.9,30.024999999999995,30.025,30.025,30.15,30.15,30.15,30.15,30.275,30.275,30.4,30.4,30.4,30.512500000000003,30.65,30.65,30.65,30.65,30.775,30.775,30.9,30.9,30.9,30.95,31.025,31.025,31.13125,31.15,31.15,31.1875,31.275,31.275,31.275,31.275,31.4,31.425,31.525,31.525,31.65,31.775,31.89375,31.9,32.025,32.075,32.15,32.45,32.881249999999994,32.0
2026-06-07|24h_prior,2026-06-07,24h_prior,external_test,28.2,pooled_empirical_residual,empirical_residual,1.25,selected_uncalibrated,Selected uncalibrated,27.315,27.5,27.645,27.7,27.9,27.99,28.1,28.1,28.135,28.3,28.3,28.4,28.4,28.7,28.8,28.84,28.9,28.97,29.0,29.1,29.115,29.2,29.2,29.2,29.3,29.3,29.3,29.32,29.4,29.4,29.5,29.5,29.5,29.5,29.6,29.6,29.6,29.7,29.7,29.7,29.7,29.7,29.745,29.8,29.8,29.8,29.8,29.9,29.9,29.9,29.9,29.9,29.9,30.0,30.0,30.0,30.1,30.1,30.1,30.1,30.2,30.2,30.3,30.3,30.3,30.39,30.5,30.5,30.5,30.5,30.6,30.6,30.7,30.7,30.7,30.74,30.8,30.8,30.885,30.9,30.9,30.93,31.0,31.0,31.0,31.0,31.1,31.12,31.2,31.2,31.3,31.4,31.495,31.5,31.6,31.64,31.7,31.94,32.285,32.0
2026-06-07|6h_prior,2026-06-07,6h_prior,external_test,28.5,pooled_empirical_residual,empirical_residual,1.25,raw_deterministic,Raw deterministic,28.5,28.5,28.5,28.5,28.5,28.5,28.5,28.5,28.5,28.5,28.5,28.5,28.5,28.5,28.5,28.5,28.5,28.5,28.5,28.5,28.5,28.5,28.5,28.5,28.5,28.5,28.5,28.5,28.5,28.5,28.5,28.5,28.5,28.5,28.5,28.5,28.5,28.5,28.5,28.5,28.5,28.5,28.5,28.5,28.5,28.5,28.5,28.5,28.5,28.5,28.5,28.5,28.5,28.5,28.5,28.5,28.5,28.5,28.5,28.5,28.5,28.5,28.5,28.5,28.5,28.5,28.5,28.5,28.5,28.5,28.5,28.5,28.5,28.5,28.5,28.5,28.5,28.5,28.5,28.5,28.5,28.5,28.5,28.5,28.5,28.5,28.5,28.5,28.5,28.5,28.5,28.5,28.5,28.5,28.5,28.5,28.5,28.5,28.5,32.0
2026-06-07|6h_prior,2026-06-07,6h_prior,external_test,28.5,pooled_empirical_residual,empirical_residual,1.25,selected_calibrated,Selected calibrated,26.968750000000004,27.2,27.38125,27.45,27.7,27.812500000000004,27.95,27.95,27.99375,28.2,28.200000000000003,28.325,28.325000000000003,28.7,28.825000000000003,28.875,28.95,29.0375,29.075000000000003,29.200000000000003,29.218750000000004,29.325,29.325,29.325,29.45,29.450000000000003,29.450000000000003,29.475,29.575,29.575,29.7,29.7,29.700000000000003,29.700000000000003,29.825,29.825,29.825000000000003,29.95,29.95,29.95,29.95,29.95,30.00625,30.075,30.075000000000003,30.075000000000003,30.075000000000003,30.2,30.2,30.2,30.2,30.2,30.200000000000003,30.325,30.325000000000003,30.325000000000003,30.45,30.45,30.450000000000003,30.450000000000003,30.575,30.575,30.7,30.7,30.700000000000003,30.8125,30.950000000000003,30.950000000000003,30.950000000000003,30.950000000000003,31.075,31.075000000000003,31.2,31.2,31.2,31.25,31.325,31.325000000000003,31.43125,31.45,31.45,31.4875,31.575000000000003,31.575000000000003,31.575000000000003,31.575000000000003,31.7,31.725,31.825,31.825,31.950000000000003,32.075,32.193749999999994,32.2,32.325,32.375,32.45,32.74999999999999,33.18124999999999,32.0
2026-06-07|6h_prior,2026-06-07,6h_prior,external_test,28.5,pooled_empirical_residual,empirical_residual,1.25,selected_uncalibrated,Selected uncalibrated,27.615,27.8,27.945,28.0,28.2,28.290000000000003,28.4,28.4,28.435,28.6,28.6,28.7,28.700000000000003,29.0,29.1,29.14,29.2,29.27,29.3,29.4,29.415000000000003,29.5,29.5,29.5,29.6,29.6,29.6,29.62,29.7,29.7,29.8,29.8,29.8,29.8,29.9,29.9,29.9,30.0,30.0,30.0,30.0,30.0,30.045,30.1,30.1,30.1,30.1,30.2,30.2,30.2,30.2,30.2,30.200000000000003,30.3,30.3,30.3,30.4,30.4,30.4,30.4,30.5,30.5,30.6,30.6,30.6,30.69,30.8,30.8,30.8,30.8,30.9,30.9,31.0,31.0,31.0,31.04,31.1,31.1,31.185,31.2,31.2,31.23,31.3,31.3,31.3,31.3,31.4,31.42,31.5,31.5,31.6,31.7,31.795,31.8,31.9,31.94,32.0,32.239999999999995,32.584999999999994,32.0
2026-06-07|event_day_open,2026-06-07,event_day_open,external_test,27.0,pooled_empirical_residual,empirical_residual,1.25,raw_deterministic,Raw deterministic,27.0,27.0,27.0,27.0,27.0,27.0,27.0,27.0,27.0,27.0,27.0,27.0,27.0,27.0,27.0,27.0,27.0,27.0,27.0,27.0,27.0,27.0,27.0,27.0,27.0,27.0,27.0,27.0,27.0,27.0,27.0,27.0,27.0,27.0,27.0,27.0,27.0,27.0,27.0,27.0,27.0,27.0,27.0,27.0,27.0,27.0,27.0,27.0,27.0,27.0,27.0,27.0,27.0,27.0,27.0,27.0,27.0,27.0,27.0,27.0,27.0,27.0,27.0,27.0,27.0,27.0,27.0,27.0,27.0,27.0,27.0,27.0,27.0,27.0,27.0,27.0,27.0,27.0,27.0,27.0,27.0,27.0,27.0,27.0,27.0,27.0,27.0,27.0,27.0,27.0,27.0,27.0,27.0,27.0,27.0,27.0,27.0,27.0,27.0,32.0
2026-06-07|event_day_open,2026-06-07,event_day_open,external_test,27.0,pooled_empirical_residual,empirical_residual,1.25,selected_calibrated,Selected calibrated,25.468750000000004,25.7,25.88125,25.95,26.2,26.312500000000004,26.45,26.45,26.49375,26.7,26.700000000000003,26.825,26.825000000000003,27.2,27.325000000000003,27.375,27.45,27.5375,27.575000000000003,27.700000000000003,27.718750000000004,27.825,27.825,27.825,27.95,27.950000000000003,27.950000000000003,27.975,28.075,28.075,28.2,28.2,28.200000000000003,28.200000000000003,28.325,28.325,28.325000000000003,28.45,28.45,28.45,28.45,28.45,28.50625,28.575,28.575000000000003,28.575000000000003,28.575000000000003,28.7,28.7,28.7,28.7,28.7,28.700000000000003,28.825,28.825000000000003,28.825000000000003,28.95,28.95,28.950000000000003,28.950000000000003,29.075,29.075,29.2,29.2,29.200000000000003,29.3125,29.450000000000003,29.450000000000003,29.450000000000003,29.450000000000003,29.575,29.575000000000003,29.7,29.7,29.7,29.75,29.825,29.825000000000003,29.93125,29.95,29.95,29.9875,30.075000000000003,30.075000000000003,30.075000000000003,30.075000000000003,30.2,30.225,30.325,30.325,30.450000000000003,30.575,30.69375,30.700000000000003,30.825,30.875,30.95,31.25,31.68125,32.0
2026-06-07|event_day_open,2026-06-07,event_day_open,external_test,27.0,pooled_empirical_residual,empirical_residual,1.25,selected_uncalibrated,Selected uncalibrated,26.115,26.3,26.445,26.5,26.7,26.790000000000003,26.9,26.9,26.935,27.1,27.1,27.2,27.200000000000003,27.5,27.6,27.64,27.7,27.77,27.8,27.9,27.915000000000003,28.0,28.0,28.0,28.1,28.1,28.1,28.12,28.2,28.2,28.3,28.3,28.3,28.3,28.4,28.4,28.4,28.5,28.5,28.5,28.5,28.5,28.545,28.6,28.6,28.6,28.6,28.7,28.7,28.7,28.7,28.7,28.700000000000003,28.8,28.8,28.8,28.9,28.9,28.9,28.9,29.0,29.0,29.1,29.1,29.1,29.19,29.3,29.3,29.3,29.3,29.4,29.4,29.5,29.5,29.5,29.54,29.6,29.6,29.685,29.7,29.7,29.73,29.8,29.8,29.8,29.8,29.9,29.92,30.0,30.0,30.1,30.2,30.295,30.3,30.4,30.44,30.5,30.74,31.085,32.0
2026-06-08|12h_prior,2026-06-08,12h_prior,external_test,27.8,pooled_empirical_residual,empirical_residual,1.25,raw_deterministic,Raw deterministic,27.8,27.8,27.8,27.8,27.8,27.8,27.8,27.8,27.8,27.8,27.8,27.8,27.8,27.8,27.8,27.8,27.8,27.8,27.8,27.8,27.8,27.8,27.8,27.8,27.8,27.8,27.8,27.8,27.8,27.8,27.8,27.8,27.8,27.8,27.8,27.8,27.8,27.8,27.8,27.8,27.8,27.8,27.8,27.8,27.8,27.8,27.8,27.8,27.8,27.8,27.8,27.8,27.8,27.8,27.8,27.8,27.8,27.8,27.8,27.8,27.8,27.8,27.8,27.8,27.8,27.8,27.8,27.8,27.8,27.8,27.8,27.8,27.8,27.8,27.8,27.8,27.8,27.8,27.8,27.8,27.8,27.8,27.8,27.8,27.8,27.8,27.8,27.8,27.8,27.8,27.8,27.8,27.8,27.8,27.8,27.8,27.8,27.8,27.8,30.9
2026-06-08|12h_prior,2026-06-08,12h_prior,external_test,27.8,pooled_empirical_residual,empirical_residual,1.25,selected_calibrated,Selected calibrated,26.268750000000004,26.5,26.68125,26.75,27.0,27.112500000000004,27.25,27.25,27.293750000000003,27.5,27.500000000000004,27.625,27.625000000000004,28.0,28.125000000000004,28.175,28.25,28.3375,28.375,28.500000000000004,28.518750000000004,28.625,28.625,28.625,28.75,28.750000000000004,28.750000000000004,28.775,28.875,28.875,29.0,29.0,29.0,29.0,29.125,29.125,29.125000000000004,29.25,29.25,29.25,29.25,29.25,29.30625,29.375,29.375000000000004,29.375000000000004,29.375000000000004,29.5,29.5,29.5,29.5,29.5,29.500000000000004,29.625,29.625,29.625,29.75,29.75,29.750000000000004,29.750000000000004,29.875,29.875,30.0,30.0,30.000000000000004,30.112500000000004,30.25,30.25,30.25,30.25,30.375,30.375000000000004,30.5,30.5,30.5,30.55,30.625,30.625000000000004,30.73125,30.75,30.75,30.7875,30.875,30.875,30.875,30.875,31.0,31.025,31.125,31.125,31.250000000000004,31.375,31.49375,31.5,31.625,31.675000000000004,31.75,32.05,32.48125,30.9
2026-06-08|12h_prior,2026-06-08,12h_prior,external_test,27.8,pooled_empirical_residual,empirical_residual,1.25,selected_uncalibrated,Selected uncalibrated,26.915000000000003,27.1,27.245,27.3,27.5,27.590000000000003,27.7,27.7,27.735000000000003,27.9,27.9,28.0,28.000000000000004,28.3,28.4,28.44,28.5,28.57,28.6,28.700000000000003,28.715000000000003,28.8,28.8,28.8,28.9,28.9,28.9,28.92,29.0,29.0,29.1,29.1,29.1,29.1,29.2,29.2,29.200000000000003,29.3,29.3,29.3,29.3,29.3,29.345,29.4,29.4,29.4,29.4,29.5,29.5,29.5,29.5,29.5,29.500000000000004,29.6,29.6,29.6,29.7,29.7,29.700000000000003,29.700000000000003,29.8,29.8,29.9,29.9,29.9,29.99,30.1,30.1,30.1,30.1,30.2,30.200000000000003,30.3,30.3,30.3,30.34,30.4,30.4,30.485,30.5,30.5,30.53,30.6,30.6,30.6,30.6,30.7,30.72,30.8,30.8,30.9,31.0,31.095,31.1,31.2,31.24,31.3,31.54,31.885,30.9
2026-06-08|24h_prior,2026-06-08,24h_prior,external_test,28.1,pooled_empirical_residual,empirical_residual,1.25,raw_deterministic,Raw deterministic,28.1,28.1,28.1,28.1,28.1,28.1,28.1,28.1,28.1,28.1,28.1,28.1,28.1,28.1,28.1,28.1,28.1,28.1,28.1,28.1,28.1,28.1,28.1,28.1,28.1,28.1,28.1,28.1,28.1,28.1,28.1,28.1,28.1,28.1,28.1,28.1,28.1,28.1,28.1,28.1,28.1,28.1,28.1,28.1,28.1,28.1,28.1,28.1,28.1,28.1,28.1,28.1,28.1,28.1,28.1,28.1,28.1,28.1,28.1,28.1,28.1,28.1,28.1,28.1,28.1,28.1,28.1,28.1,28.1,28.1,28.1,28.1,28.1,28.1,28.1,28.1,28.1,28.1,28.1,28.1,28.1,28.1,28.1,28.1,28.1,28.1,28.1,28.1,28.1,28.1,28.1,28.1,28.1,28.1,28.1,28.1,28.1,28.1,28.1,30.9
2026-06-08|24h_prior,2026-06-08,24h_prior,external_test,28.1,pooled_empirical_residual,empirical_residual,1.25,selected_calibrated,Selected calibrated,26.568750000000005,26.8,26.981250000000003,27.05,27.3,27.412500000000005,27.55,27.55,27.593750000000004,27.8,27.800000000000004,27.925,27.925000000000004,28.3,28.425000000000004,28.475,28.55,28.637500000000003,28.675000000000004,28.800000000000004,28.818750000000005,28.925,28.925,28.925,29.05,29.050000000000004,29.050000000000004,29.075000000000003,29.175,29.175,29.3,29.3,29.300000000000004,29.300000000000004,29.425,29.425,29.425000000000004,29.55,29.55,29.55,29.55,29.55,29.60625,29.675,29.675000000000004,29.675000000000004,29.675000000000004,29.8,29.8,29.8,29.8,29.8,29.800000000000004,29.925,29.925000000000004,29.925000000000004,30.05,30.05,30.050000000000004,30.050000000000004,30.175,30.175,30.3,30.3,30.300000000000004,30.4125,30.550000000000004,30.550000000000004,30.550000000000004,30.550000000000004,30.675,30.675000000000004,30.8,30.8,30.8,30.85,30.925,30.925000000000004,31.03125,31.05,31.05,31.0875,31.175000000000004,31.175000000000004,31.175000000000004,31.175000000000004,31.3,31.325,31.425,31.425,31.550000000000004,31.675,31.79375,31.800000000000004,31.925,31.975,32.050000000000004,32.35,32.78125,30.9
2026-06-08|24h_prior,2026-06-08,24h_prior,external_test,28.1,pooled_empirical_residual,empirical_residual,1.25,selected_uncalibrated,Selected uncalibrated,27.215000000000003,27.4,27.545,27.6,27.8,27.890000000000004,28.0,28.0,28.035000000000004,28.2,28.200000000000003,28.3,28.300000000000004,28.6,28.700000000000003,28.74,28.8,28.87,28.9,29.000000000000004,29.015000000000004,29.1,29.1,29.1,29.2,29.200000000000003,29.200000000000003,29.22,29.3,29.3,29.4,29.4,29.4,29.4,29.5,29.5,29.500000000000004,29.6,29.6,29.6,29.6,29.6,29.645,29.7,29.700000000000003,29.700000000000003,29.700000000000003,29.8,29.8,29.8,29.8,29.8,29.800000000000004,29.9,29.9,29.9,30.0,30.0,30.000000000000004,30.000000000000004,30.1,30.1,30.2,30.2,30.200000000000003,30.290000000000003,30.4,30.4,30.4,30.4,30.5,30.500000000000004,30.6,30.6,30.6,30.64,30.7,30.700000000000003,30.785,30.8,30.8,30.83,30.9,30.9,30.9,30.9,31.0,31.02,31.1,31.1,31.200000000000003,31.3,31.395,31.4,31.5,31.540000000000003,31.6,31.84,32.185,30.9
2026-06-08|6h_prior,2026-06-08,6h_prior,external_test,27.2,pooled_empirical_residual,empirical_residual,1.25,raw_deterministic,Raw deterministic,27.2,27.2,27.2,27.2,27.2,27.2,27.2,27.2,27.2,27.2,27.2,27.2,27.2,27.2,27.2,27.2,27.2,27.2,27.2,27.2,27.2,27.2,27.2,27.2,27.2,27.2,27.2,27.2,27.2,27.2,27.2,27.2,27.2,27.2,27.2,27.2,27.2,27.2,27.2,27.2,27.2,27.2,27.2,27.2,27.2,27.2,27.2,27.2,27.2,27.2,27.2,27.2,27.2,27.2,27.2,27.2,27.2,27.2,27.2,27.2,27.2,27.2,27.2,27.2,27.2,27.2,27.2,27.2,27.2,27.2,27.2,27.2,27.2,27.2,27.2,27.2,27.2,27.2,27.2,27.2,27.2,27.2,27.2,27.2,27.2,27.2,27.2,27.2,27.2,27.2,27.2,27.2,27.2,27.2,27.2,27.2,27.2,27.2,27.2,30.9
2026-06-08|6h_prior,2026-06-08,6h_prior,external_test,27.2,pooled_empirical_residual,empirical_residual,1.25,selected_calibrated,Selected calibrated,25.668750000000003,25.899999999999995,26.08125,26.15,26.4,26.512500000000003,26.65,26.65,26.69375,26.9,26.9,27.025,27.025,27.4,27.525,27.575,27.65,27.7375,27.775,27.9,27.918750000000003,28.025,28.025,28.025,28.15,28.15,28.15,28.175,28.275,28.275,28.399999999999995,28.399999999999995,28.4,28.4,28.525,28.525,28.525,28.65,28.65,28.65,28.65,28.65,28.70625,28.775,28.775,28.775,28.775,28.9,28.9,28.9,28.9,28.9,28.9,29.024999999999995,29.025,29.025,29.15,29.15,29.15,29.15,29.275,29.275,29.4,29.4,29.4,29.512500000000003,29.65,29.65,29.65,29.65,29.775,29.775,29.9,29.9,29.9,29.95,30.025,30.025,30.13125,30.15,30.15,30.1875,30.275,30.275,30.275,30.275,30.4,30.425,30.525,30.525,30.65,30.775,30.89375,30.9,31.025,31.075000000000003,31.15,31.45,31.881249999999994,30.9
2026-06-08|6h_prior,2026-06-08,6h_prior,external_test,27.2,pooled_empirical_residual,empirical_residual,1.25,selected_uncalibrated,Selected uncalibrated,26.315,26.5,26.645,26.7,26.9,26.99,27.1,27.1,27.135,27.3,27.3,27.4,27.4,27.7,27.8,27.84,27.9,27.97,28.0,28.1,28.115,28.2,28.2,28.2,28.3,28.3,28.3,28.32,28.4,28.4,28.5,28.5,28.5,28.5,28.6,28.6,28.6,28.7,28.7,28.7,28.7,28.7,28.745,28.8,28.8,28.8,28.8,28.9,28.9,28.9,28.9,28.9,28.9,29.0,29.0,29.0,29.1,29.1,29.1,29.1,29.2,29.2,29.3,29.3,29.3,29.39,29.5,29.5,29.5,29.5,29.6,29.6,29.7,29.7,29.7,29.74,29.8,29.8,29.885,29.9,29.9,29.93,30.0,30.0,30.0,30.0,30.1,30.12,30.2,30.2,30.3,30.4,30.495,30.5,30.6,30.64,30.7,30.94,31.285,30.9
2026-06-08|event_day_open,2026-06-08,event_day_open,external_test,27.4,pooled_empirical_residual,empirical_residual,1.25,raw_deterministic,Raw deterministic,27.4,27.4,27.4,27.4,27.4,27.4,27.4,27.4,27.4,27.4,27.4,27.4,27.4,27.4,27.4,27.4,27.4,27.4,27.4,27.4,27.4,27.4,27.4,27.4,27.4,27.4,27.4,27.4,27.4,27.4,27.4,27.4,27.4,27.4,27.4,27.4,27.4,27.4,27.4,27.4,27.4,27.4,27.4,27.4,27.4,27.4,27.4,27.4,27.4,27.4,27.4,27.4,27.4,27.4,27.4,27.4,27.4,27.4,27.4,27.4,27.4,27.4,27.4,27.4,27.4,27.4,27.4,27.4,27.4,27.4,27.4,27.4,27.4,27.4,27.4,27.4,27.4,27.4,27.4,27.4,27.4,27.4,27.4,27.4,27.4,27.4,27.4,27.4,27.4,27.4,27.4,27.4,27.4,27.4,27.4,27.4,27.4,27.4,27.4,30.9
2026-06-08|event_day_open,2026-06-08,event_day_open,external_test,27.4,pooled_empirical_residual,empirical_residual,1.25,selected_calibrated,Selected calibrated,25.86875,26.099999999999994,26.28125,26.35,26.6,26.7125,26.85,26.85,26.89375,27.099999999999994,27.1,27.225,27.225,27.6,27.725,27.775,27.85,27.9375,27.975,28.1,28.11875,28.225,28.225,28.225,28.349999999999994,28.35,28.35,28.375,28.475,28.475,28.599999999999994,28.599999999999994,28.6,28.6,28.725,28.725,28.725,28.85,28.85,28.85,28.85,28.85,28.90625,28.974999999999994,28.975,28.975,28.975,29.1,29.1,29.1,29.1,29.1,29.1,29.224999999999994,29.225,29.225,29.35,29.35,29.35,29.35,29.475,29.475,29.599999999999994,29.599999999999994,29.6,29.7125,29.85,29.85,29.85,29.85,29.975,29.975,30.1,30.1,30.1,30.15,30.224999999999994,30.225,30.33125,30.35,30.35,30.3875,30.475,30.475,30.475,30.475,30.6,30.625,30.725,30.725,30.85,30.975,31.09375,31.1,31.225,31.275,31.35,31.65,32.08125,30.9
2026-06-08|event_day_open,2026-06-08,event_day_open,external_test,27.4,pooled_empirical_residual,empirical_residual,1.25,selected_uncalibrated,Selected uncalibrated,26.515,26.7,26.845,26.9,27.1,27.19,27.3,27.3,27.335,27.5,27.5,27.6,27.6,27.9,28.0,28.04,28.1,28.17,28.2,28.3,28.315,28.4,28.4,28.4,28.5,28.5,28.5,28.52,28.6,28.6,28.7,28.7,28.7,28.7,28.8,28.8,28.8,28.9,28.9,28.9,28.9,28.9,28.945,29.0,29.0,29.0,29.0,29.1,29.1,29.1,29.1,29.1,29.1,29.2,29.2,29.2,29.3,29.3,29.3,29.3,29.4,29.4,29.5,29.5,29.5,29.59,29.7,29.7,29.7,29.7,29.8,29.8,29.9,29.9,29.9,29.94,30.0,30.0,30.085,30.1,30.1,30.13,30.2,30.2,30.2,30.2,30.3,30.32,30.4,30.4,30.5,30.6,30.695,30.7,30.8,30.84,30.9,31.14,31.485,30.9
2026-06-09|12h_prior,2026-06-09,12h_prior,external_test,27.6,pooled_empirical_residual,empirical_residual,1.25,raw_deterministic,Raw deterministic,27.6,27.6,27.6,27.6,27.6,27.6,27.6,27.6,27.6,27.6,27.6,27.6,27.6,27.6,27.6,27.6,27.6,27.6,27.6,27.6,27.6,27.6,27.6,27.6,27.6,27.6,27.6,27.6,27.6,27.6,27.6,27.6,27.6,27.6,27.6,27.6,27.6,27.6,27.6,27.6,27.6,27.6,27.6,27.6,27.6,27.6,27.6,27.6,27.6,27.6,27.6,27.6,27.6,27.6,27.6,27.6,27.6,27.6,27.6,27.6,27.6,27.6,27.6,27.6,27.6,27.6,27.6,27.6,27.6,27.6,27.6,27.6,27.6,27.6,27.6,27.6,27.6,27.6,27.6,27.6,27.6,27.6,27.6,27.6,27.6,27.6,27.6,27.6,27.6,27.6,27.6,27.6,27.6,27.6,27.6,27.6,27.6,27.6,27.6,28.4
2026-06-09|12h_prior,2026-06-09,12h_prior,external_test,27.6,pooled_empirical_residual,empirical_residual,1.25,selected_calibrated,Selected calibrated,26.068750000000005,26.3,26.481250000000003,26.55,26.8,26.912500000000005,27.05,27.05,27.093750000000004,27.3,27.300000000000004,27.425,27.425000000000004,27.8,27.925000000000004,27.975,28.05,28.137500000000003,28.175000000000004,28.300000000000004,28.318750000000005,28.425,28.425,28.425,28.55,28.550000000000004,28.550000000000004,28.575000000000003,28.675,28.675,28.8,28.8,28.800000000000004,28.800000000000004,28.925,28.925,28.925000000000004,29.05,29.05,29.05,29.05,29.05,29.10625,29.175,29.175000000000004,29.175000000000004,29.175000000000004,29.3,29.3,29.3,29.3,29.3,29.300000000000004,29.425,29.425000000000004,29.425000000000004,29.55,29.55,29.550000000000004,29.550000000000004,29.675,29.675,29.8,29.8,29.800000000000004,29.9125,30.050000000000004,30.050000000000004,30.050000000000004,30.050000000000004,30.175,30.175000000000004,30.3,30.3,30.3,30.35,30.425,30.425000000000004,30.53125,30.55,30.55,30.5875,30.675000000000004,30.675000000000004,30.675000000000004,30.675000000000004,30.8,30.825,30.925,30.925,31.050000000000004,31.175,31.29375,31.300000000000004,31.425,31.475,31.55,31.85,32.28125,28.4
2026-06-09|12h_prior,2026-06-09,12h_prior,external_test,27.6,pooled_empirical_residual,empirical_residual,1.25,selected_uncalibrated,Selected uncalibrated,26.715000000000003,26.9,27.045,27.1,27.3,27.390000000000004,27.5,27.5,27.535000000000004,27.7,27.700000000000003,27.8,27.800000000000004,28.1,28.200000000000003,28.24,28.3,28.37,28.4,28.500000000000004,28.515000000000004,28.6,28.6,28.6,28.7,28.700000000000003,28.700000000000003,28.72,28.8,28.8,28.9,28.9,28.9,28.9,29.0,29.0,29.000000000000004,29.1,29.1,29.1,29.1,29.1,29.145,29.2,29.200000000000003,29.200000000000003,29.200000000000003,29.3,29.3,29.3,29.3,29.3,29.300000000000004,29.4,29.4,29.4,29.5,29.5,29.500000000000004,29.500000000000004,29.6,29.6,29.7,29.7,29.700000000000003,29.790000000000003,29.9,29.9,29.9,29.9,30.0,30.000000000000004,30.1,30.1,30.1,30.14,30.2,30.200000000000003,30.285,30.3,30.3,30.33,30.4,30.4,30.4,30.4,30.5,30.52,30.6,30.6,30.700000000000003,30.8,30.895,30.9,31.0,31.040000000000003,31.1,31.34,31.685,28.4
2026-06-09|24h_prior,2026-06-09,24h_prior,external_test,26.2,pooled_empirical_residual,empirical_residual,1.25,raw_deterministic,Raw deterministic,26.2,26.2,26.2,26.2,26.2,26.2,26.2,26.2,26.2,26.2,26.2,26.2,26.2,26.2,26.2,26.2,26.2,26.2,26.2,26.2,26.2,26.2,26.2,26.2,26.2,26.2,26.2,26.2,26.2,26.2,26.2,26.2,26.2,26.2,26.2,26.2,26.2,26.2,26.2,26.2,26.2,26.2,26.2,26.2,26.2,26.2,26.2,26.2,26.2,26.2,26.2,26.2,26.2,26.2,26.2,26.2,26.2,26.2,26.2,26.2,26.2,26.2,26.2,26.2,26.2,26.2,26.2,26.2,26.2,26.2,26.2,26.2,26.2,26.2,26.2,26.2,26.2,26.2,26.2,26.2,26.2,26.2,26.2,26.2,26.2,26.2,26.2,26.2,26.2,26.2,26.2,26.2,26.2,26.2,26.2,26.2,26.2,26.2,26.2,28.4
2026-06-09|24h_prior,2026-06-09,24h_prior,external_test,26.2,pooled_empirical_residual,empirical_residual,1.25,selected_calibrated,Selected calibrated,24.668750000000003,24.899999999999995,25.08125,25.15,25.4,25.512500000000003,25.65,25.65,25.69375,25.9,25.9,26.025,26.025,26.4,26.525,26.575,26.65,26.7375,26.775,26.9,26.918750000000003,27.025,27.025,27.025,27.15,27.15,27.15,27.175,27.275,27.275,27.399999999999995,27.399999999999995,27.4,27.4,27.525,27.525,27.525,27.65,27.65,27.65,27.65,27.65,27.70625,27.775,27.775,27.775,27.775,27.9,27.9,27.9,27.9,27.9,27.9,28.024999999999995,28.025,28.025,28.15,28.15,28.15,28.15,28.275,28.275,28.4,28.4,28.4,28.512500000000003,28.65,28.65,28.65,28.65,28.775,28.775,28.9,28.9,28.9,28.95,29.025,29.025,29.13125,29.15,29.15,29.1875,29.275,29.275,29.275,29.275,29.4,29.425,29.525,29.525,29.65,29.775,29.89375,29.9,30.025,30.075000000000003,30.15,30.45,30.881249999999994,28.4
2026-06-09|24h_prior,2026-06-09,24h_prior,external_test,26.2,pooled_empirical_residual,empirical_residual,1.25,selected_uncalibrated,Selected uncalibrated,25.315,25.5,25.645,25.7,25.9,25.99,26.1,26.1,26.135,26.3,26.3,26.4,26.4,26.7,26.8,26.84,26.9,26.97,27.0,27.1,27.115,27.2,27.2,27.2,27.3,27.3,27.3,27.32,27.4,27.4,27.5,27.5,27.5,27.5,27.6,27.6,27.6,27.7,27.7,27.7,27.7,27.7,27.745,27.8,27.8,27.8,27.8,27.9,27.9,27.9,27.9,27.9,27.9,28.0,28.0,28.0,28.1,28.1,28.1,28.1,28.2,28.2,28.3,28.3,28.3,28.39,28.5,28.5,28.5,28.5,28.6,28.6,28.7,28.7,28.7,28.74,28.8,28.8,28.885,28.9,28.9,28.93,29.0,29.0,29.0,29.0,29.1,29.12,29.2,29.2,29.3,29.4,29.495,29.5,29.6,29.64,29.7,29.94,30.285,28.4
2026-06-09|6h_prior,2026-06-09,6h_prior,external_test,27.1,pooled_empirical_residual,empirical_residual,1.25,raw_deterministic,Raw deterministic,27.1,27.1,27.1,27.1,27.1,27.1,27.1,27.1,27.1,27.1,27.1,27.1,27.1,27.1,27.1,27.1,27.1,27.1,27.1,27.1,27.1,27.1,27.1,27.1,27.1,27.1,27.1,27.1,27.1,27.1,27.1,27.1,27.1,27.1,27.1,27.1,27.1,27.1,27.1,27.1,27.1,27.1,27.1,27.1,27.1,27.1,27.1,27.1,27.1,27.1,27.1,27.1,27.1,27.1,27.1,27.1,27.1,27.1,27.1,27.1,27.1,27.1,27.1,27.1,27.1,27.1,27.1,27.1,27.1,27.1,27.1,27.1,27.1,27.1,27.1,27.1,27.1,27.1,27.1,27.1,27.1,27.1,27.1,27.1,27.1,27.1,27.1,27.1,27.1,27.1,27.1,27.1,27.1,27.1,27.1,27.1,27.1,27.1,27.1,28.4
2026-06-09|6h_prior,2026-06-09,6h_prior,external_test,27.1,pooled_empirical_residual,empirical_residual,1.25,selected_calibrated,Selected calibrated,25.568750000000005,25.8,25.981250000000003,26.05,26.3,26.412500000000005,26.55,26.55,26.593750000000004,26.8,26.800000000000004,26.925,26.925000000000004,27.3,27.425000000000004,27.475,27.55,27.637500000000003,27.675000000000004,27.800000000000004,27.818750000000005,27.925,27.925,27.925,28.05,28.050000000000004,28.050000000000004,28.075000000000003,28.175,28.175,28.3,28.3,28.300000000000004,28.300000000000004,28.425,28.425,28.425000000000004,28.55,28.55,28.55,28.55,28.55,28.60625,28.675,28.675000000000004,28.675000000000004,28.675000000000004,28.8,28.8,28.8,28.8,28.8,28.800000000000004,28.925,28.925000000000004,28.925000000000004,29.05,29.05,29.050000000000004,29.050000000000004,29.175,29.175,29.3,29.3,29.300000000000004,29.4125,29.550000000000004,29.550000000000004,29.550000000000004,29.550000000000004,29.675,29.675000000000004,29.8,29.8,29.8,29.85,29.925,29.925000000000004,30.03125,30.05,30.05,30.0875,30.175000000000004,30.175000000000004,30.175000000000004,30.175000000000004,30.3,30.325,30.425,30.425,30.550000000000004,30.675,30.79375,30.800000000000004,30.925,30.975,31.05,31.35,31.78125,28.4
2026-06-09|6h_prior,2026-06-09,6h_prior,external_test,27.1,pooled_empirical_residual,empirical_residual,1.25,selected_uncalibrated,Selected uncalibrated,26.215000000000003,26.4,26.545,26.6,26.8,26.890000000000004,27.0,27.0,27.035000000000004,27.2,27.200000000000003,27.3,27.300000000000004,27.6,27.700000000000003,27.74,27.8,27.87,27.9,28.000000000000004,28.015000000000004,28.1,28.1,28.1,28.2,28.200000000000003,28.200000000000003,28.22,28.3,28.3,28.4,28.4,28.4,28.4,28.5,28.5,28.500000000000004,28.6,28.6,28.6,28.6,28.6,28.645,28.7,28.700000000000003,28.700000000000003,28.700000000000003,28.8,28.8,28.8,28.8,28.8,28.800000000000004,28.9,28.9,28.9,29.0,29.0,29.000000000000004,29.000000000000004,29.1,29.1,29.2,29.2,29.200000000000003,29.290000000000003,29.4,29.4,29.4,29.4,29.5,29.500000000000004,29.6,29.6,29.6,29.64,29.7,29.700000000000003,29.785,29.8,29.8,29.83,29.9,29.9,29.9,29.9,30.0,30.02,30.1,30.1,30.200000000000003,30.3,30.395,30.4,30.5,30.540000000000003,30.6,30.84,31.185,28.4
2026-06-09|event_day_open,2026-06-09,event_day_open,external_test,29.8,pooled_empirical_residual,empirical_residual,1.25,raw_deterministic,Raw deterministic,29.8,29.8,29.8,29.8,29.8,29.8,29.8,29.8,29.8,29.8,29.8,29.8,29.8,29.8,29.8,29.8,29.8,29.8,29.8,29.8,29.8,29.8,29.8,29.8,29.8,29.8,29.8,29.8,29.8,29.8,29.8,29.8,29.8,29.8,29.8,29.8,29.8,29.8,29.8,29.8,29.8,29.8,29.8,29.8,29.8,29.8,29.8,29.8,29.8,29.8,29.8,29.8,29.8,29.8,29.8,29.8,29.8,29.8,29.8,29.8,29.8,29.8,29.8,29.8,29.8,29.8,29.8,29.8,29.8,29.8,29.8,29.8,29.8,29.8,29.8,29.8,29.8,29.8,29.8,29.8,29.8,29.8,29.8,29.8,29.8,29.8,29.8,29.8,29.8,29.8,29.8,29.8,29.8,29.8,29.8,29.8,29.8,29.8,29.8,28.4
2026-06-09|event_day_open,2026-06-09,event_day_open,external_test,29.8,pooled_empirical_residual,empirical_residual,1.25,selected_calibrated,Selected calibrated,28.268750000000004,28.5,28.68125,28.75,29.0,29.112500000000004,29.25,29.25,29.293750000000003,29.5,29.500000000000004,29.625,29.625000000000004,30.0,30.125000000000004,30.175,30.25,30.3375,30.375,30.500000000000004,30.518750000000004,30.625,30.625,30.625,30.75,30.750000000000004,30.750000000000004,30.775,30.875,30.875,31.0,31.0,31.0,31.0,31.125,31.125,31.125000000000004,31.25,31.25,31.25,31.25,31.25,31.30625,31.375,31.375000000000004,31.375000000000004,31.375000000000004,31.5,31.5,31.5,31.5,31.5,31.500000000000004,31.625,31.625,31.625,31.75,31.75,31.750000000000004,31.750000000000004,31.875,31.875,32.0,32.0,32.0,32.112500000000004,32.25,32.25,32.25,32.25,32.375,32.375,32.5,32.5,32.5,32.550000000000004,32.625,32.625,32.73125,32.75,32.75,32.7875,32.875,32.875,32.875,32.875,33.0,33.025,33.125,33.125,33.25,33.375,33.49375,33.5,33.625,33.675000000000004,33.75,34.05,34.48125,28.4
2026-06-09|event_day_open,2026-06-09,event_day_open,external_test,29.8,pooled_empirical_residual,empirical_residual,1.25,selected_uncalibrated,Selected uncalibrated,28.915000000000003,29.1,29.245,29.3,29.5,29.590000000000003,29.7,29.7,29.735000000000003,29.9,29.9,30.0,30.000000000000004,30.3,30.4,30.44,30.5,30.57,30.6,30.700000000000003,30.715000000000003,30.8,30.8,30.8,30.9,30.9,30.9,30.92,31.0,31.0,31.1,31.1,31.1,31.1,31.2,31.2,31.200000000000003,31.3,31.3,31.3,31.3,31.3,31.345,31.4,31.4,31.4,31.4,31.5,31.5,31.5,31.5,31.5,31.500000000000004,31.6,31.6,31.6,31.7,31.7,31.700000000000003,31.700000000000003,31.8,31.8,31.9,31.9,31.9,31.99,32.1,32.1,32.1,32.1,32.2,32.2,32.3,32.3,32.3,32.34,32.4,32.4,32.485,32.5,32.5,32.53,32.6,32.6,32.6,32.6,32.7,32.72,32.8,32.8,32.9,33.0,33.095,33.1,33.2,33.24,33.3,33.54,33.885,28.4
2026-06-10|12h_prior,2026-06-10,12h_prior,external_test,28.0,pooled_empirical_residual,empirical_residual,1.25,raw_deterministic,Raw deterministic,28.0,28.0,28.0,28.0,28.0,28.0,28.0,28.0,28.0,28.0,28.0,28.0,28.0,28.0,28.0,28.0,28.0,28.0,28.0,28.0,28.0,28.0,28.0,28.0,28.0,28.0,28.0,28.0,28.0,28.0,28.0,28.0,28.0,28.0,28.0,28.0,28.0,28.0,28.0,28.0,28.0,28.0,28.0,28.0,28.0,28.0,28.0,28.0,28.0,28.0,28.0,28.0,28.0,28.0,28.0,28.0,28.0,28.0,28.0,28.0,28.0,28.0,28.0,28.0,28.0,28.0,28.0,28.0,28.0,28.0,28.0,28.0,28.0,28.0,28.0,28.0,28.0,28.0,28.0,28.0,28.0,28.0,28.0,28.0,28.0,28.0,28.0,28.0,28.0,28.0,28.0,28.0,28.0,28.0,28.0,28.0,28.0,28.0,28.0,28.6
2026-06-10|12h_prior,2026-06-10,12h_prior,external_test,28.0,pooled_empirical_residual,empirical_residual,1.25,selected_calibrated,Selected calibrated,26.468750000000004,26.7,26.88125,26.95,27.2,27.312500000000004,27.45,27.45,27.49375,27.7,27.700000000000003,27.825,27.825000000000003,28.2,28.325000000000003,28.375,28.45,28.5375,28.575000000000003,28.700000000000003,28.718750000000004,28.825,28.825,28.825,28.95,28.950000000000003,28.950000000000003,28.975,29.075,29.075,29.2,29.2,29.200000000000003,29.200000000000003,29.325,29.325,29.325000000000003,29.45,29.45,29.45,29.45,29.45,29.50625,29.575,29.575000000000003,29.575000000000003,29.575000000000003,29.7,29.7,29.7,29.7,29.7,29.700000000000003,29.825,29.825000000000003,29.825000000000003,29.95,29.95,29.950000000000003,29.950000000000003,30.075,30.075,30.2,30.2,30.200000000000003,30.3125,30.450000000000003,30.450000000000003,30.450000000000003,30.450000000000003,30.575,30.575000000000003,30.7,30.7,30.7,30.75,30.825,30.825000000000003,30.93125,30.95,30.95,30.9875,31.075000000000003,31.075000000000003,31.075000000000003,31.075000000000003,31.2,31.225,31.325,31.325,31.450000000000003,31.575,31.69375,31.700000000000003,31.825,31.875,31.95,32.25,32.68124999999999,28.6
2026-06-10|12h_prior,2026-06-10,12h_prior,external_test,28.0,pooled_empirical_residual,empirical_residual,1.25,selected_uncalibrated,Selected uncalibrated,27.115,27.3,27.445,27.5,27.7,27.790000000000003,27.9,27.9,27.935,28.1,28.1,28.2,28.200000000000003,28.5,28.6,28.64,28.7,28.77,28.8,28.9,28.915000000000003,29.0,29.0,29.0,29.1,29.1,29.1,29.12,29.2,29.2,29.3,29.3,29.3,29.3,29.4,29.4,29.4,29.5,29.5,29.5,29.5,29.5,29.545,29.6,29.6,29.6,29.6,29.7,29.7,29.7,29.7,29.7,29.700000000000003,29.8,29.8,29.8,29.9,29.9,29.9,29.9,30.0,30.0,30.1,30.1,30.1,30.19,30.3,30.3,30.3,30.3,30.4,30.4,30.5,30.5,30.5,30.54,30.6,30.6,30.685,30.7,30.7,30.73,30.8,30.8,30.8,30.8,30.9,30.92,31.0,31.0,31.1,31.2,31.295,31.3,31.4,31.44,31.5,31.74,32.084999999999994,28.6
2026-06-10|24h_prior,2026-06-10,24h_prior,external_test,29.4,pooled_empirical_residual,empirical_residual,1.25,raw_deterministic,Raw deterministic,29.4,29.4,29.4,29.4,29.4,29.4,29.4,29.4,29.4,29.4,29.4,29.4,29.4,29.4,29.4,29.4,29.4,29.4,29.4,29.4,29.4,29.4,29.4,29.4,29.4,29.4,29.4,29.4,29.4,29.4,29.4,29.4,29.4,29.4,29.4,29.4,29.4,29.4,29.4,29.4,29.4,29.4,29.4,29.4,29.4,29.4,29.4,29.4,29.4,29.4,29.4,29.4,29.4,29.4,29.4,29.4,29.4,29.4,29.4,29.4,29.4,29.4,29.4,29.4,29.4,29.4,29.4,29.4,29.4,29.4,29.4,29.4,29.4,29.4,29.4,29.4,29.4,29.4,29.4,29.4,29.4,29.4,29.4,29.4,29.4,29.4,29.4,29.4,29.4,29.4,29.4,29.4,29.4,29.4,29.4,29.4,29.4,29.4,29.4,28.6
2026-06-10|24h_prior,2026-06-10,24h_prior,external_test,29.4,pooled_empirical_residual,empirical_residual,1.25,selected_calibrated,Selected calibrated,27.86875,28.099999999999994,28.28125,28.35,28.6,28.7125,28.85,28.85,28.89375,29.099999999999994,29.1,29.225,29.225,29.6,29.725,29.775,29.85,29.9375,29.975,30.1,30.11875,30.225,30.225,30.225,30.349999999999994,30.35,30.35,30.375,30.475,30.475,30.599999999999994,30.599999999999994,30.6,30.6,30.725,30.725,30.725,30.85,30.85,30.85,30.85,30.85,30.90625,30.974999999999994,30.975,30.975,30.975,31.1,31.1,31.1,31.1,31.1,31.1,31.224999999999994,31.225,31.225,31.35,31.35,31.35,31.35,31.475,31.475,31.599999999999994,31.599999999999994,31.6,31.7125,31.85,31.85,31.85,31.85,31.975,31.975,32.1,32.1,32.1,32.15,32.224999999999994,32.225,32.331250000000004,32.35,32.35,32.3875,32.475,32.475,32.475,32.475,32.599999999999994,32.62499999999999,32.725,32.725,32.85,32.975,33.09375,33.1,33.224999999999994,33.275000000000006,33.35,33.64999999999999,34.08125,28.6
2026-06-10|24h_prior,2026-06-10,24h_prior,external_test,29.4,pooled_empirical_residual,empirical_residual,1.25,selected_uncalibrated,Selected uncalibrated,28.515,28.7,28.845,28.9,29.1,29.19,29.3,29.3,29.335,29.5,29.5,29.6,29.6,29.9,30.0,30.04,30.1,30.17,30.2,30.3,30.315,30.4,30.4,30.4,30.5,30.5,30.5,30.52,30.6,30.6,30.7,30.7,30.7,30.7,30.8,30.8,30.8,30.9,30.9,30.9,30.9,30.9,30.945,31.0,31.0,31.0,31.0,31.1,31.1,31.1,31.1,31.1,31.1,31.2,31.2,31.2,31.3,31.3,31.3,31.3,31.4,31.4,31.5,31.5,31.5,31.59,31.7,31.7,31.7,31.7,31.8,31.8,31.9,31.9,31.9,31.94,32.0,32.0,32.085,32.1,32.1,32.129999999999995,32.2,32.2,32.2,32.2,32.3,32.31999999999999,32.4,32.4,32.5,32.6,32.695,32.7,32.8,32.84,32.9,33.13999999999999,33.485,28.6
2026-06-10|6h_prior,2026-06-10,6h_prior,external_test,27.9,pooled_empirical_residual,empirical_residual,1.25,raw_deterministic,Raw deterministic,27.9,27.9,27.9,27.9,27.9,27.9,27.9,27.9,27.9,27.9,27.9,27.9,27.9,27.9,27.9,27.9,27.9,27.9,27.9,27.9,27.9,27.9,27.9,27.9,27.9,27.9,27.9,27.9,27.9,27.9,27.9,27.9,27.9,27.9,27.9,27.9,27.9,27.9,27.9,27.9,27.9,27.9,27.9,27.9,27.9,27.9,27.9,27.9,27.9,27.9,27.9,27.9,27.9,27.9,27.9,27.9,27.9,27.9,27.9,27.9,27.9,27.9,27.9,27.9,27.9,27.9,27.9,27.9,27.9,27.9,27.9,27.9,27.9,27.9,27.9,27.9,27.9,27.9,27.9,27.9,27.9,27.9,27.9,27.9,27.9,27.9,27.9,27.9,27.9,27.9,27.9,27.9,27.9,27.9,27.9,27.9,27.9,27.9,27.9,28.6
2026-06-10|6h_prior,2026-06-10,6h_prior,external_test,27.9,pooled_empirical_residual,empirical_residual,1.25,selected_calibrated,Selected calibrated,26.36875,26.599999999999994,26.78125,26.85,27.1,27.2125,27.35,27.35,27.39375,27.599999999999994,27.6,27.725,27.725,28.1,28.225,28.275,28.35,28.4375,28.475,28.6,28.61875,28.725,28.725,28.725,28.849999999999994,28.85,28.85,28.875,28.975,28.975,29.099999999999994,29.099999999999994,29.1,29.1,29.225,29.225,29.225,29.35,29.35,29.35,29.35,29.35,29.40625,29.474999999999994,29.475,29.475,29.475,29.6,29.6,29.6,29.6,29.6,29.6,29.724999999999994,29.725,29.725,29.85,29.85,29.85,29.85,29.975,29.975,30.099999999999994,30.099999999999994,30.1,30.2125,30.35,30.35,30.35,30.35,30.475,30.475,30.6,30.6,30.6,30.65,30.724999999999994,30.725,30.83125,30.85,30.85,30.8875,30.975,30.975,30.975,30.975,31.1,31.125,31.225,31.225,31.35,31.475,31.59375,31.6,31.725,31.775,31.85,32.15,32.58125,28.6
2026-06-10|6h_prior,2026-06-10,6h_prior,external_test,27.9,pooled_empirical_residual,empirical_residual,1.25,selected_uncalibrated,Selected uncalibrated,27.015,27.2,27.345,27.4,27.6,27.69,27.8,27.8,27.835,28.0,28.0,28.1,28.1,28.4,28.5,28.54,28.6,28.67,28.7,28.8,28.815,28.9,28.9,28.9,29.0,29.0,29.0,29.02,29.1,29.1,29.2,29.2,29.2,29.2,29.3,29.3,29.3,29.4,29.4,29.4,29.4,29.4,29.445,29.5,29.5,29.5,29.5,29.6,29.6,29.6,29.6,29.6,29.6,29.7,29.7,29.7,29.8,29.8,29.8,29.8,29.9,29.9,30.0,30.0,30.0,30.09,30.2,30.2,30.2,30.2,30.3,30.3,30.4,30.4,30.4,30.44,30.5,30.5,30.585,30.6,30.6,30.63,30.7,30.7,30.7,30.7,30.8,30.82,30.9,30.9,31.0,31.1,31.195,31.2,31.3,31.34,31.4,31.64,31.985,28.6
2026-06-10|event_day_open,2026-06-10,event_day_open,external_test,28.3,pooled_empirical_residual,empirical_residual,1.25,raw_deterministic,Raw deterministic,28.3,28.3,28.3,28.3,28.3,28.3,28.3,28.3,28.3,28.3,28.3,28.3,28.3,28.3,28.3,28.3,28.3,28.3,28.3,28.3,28.3,28.3,28.3,28.3,28.3,28.3,28.3,28.3,28.3,28.3,28.3,28.3,28.3,28.3,28.3,28.3,28.3,28.3,28.3,28.3,28.3,28.3,28.3,28.3,28.3,28.3,28.3,28.3,28.3,28.3,28.3,28.3,28.3,28.3,28.3,28.3,28.3,28.3,28.3,28.3,28.3,28.3,28.3,28.3,28.3,28.3,28.3,28.3,28.3,28.3,28.3,28.3,28.3,28.3,28.3,28.3,28.3,28.3,28.3,28.3,28.3,28.3,28.3,28.3,28.3,28.3,28.3,28.3,28.3,28.3,28.3,28.3,28.3,28.3,28.3,28.3,28.3,28.3,28.3,28.6
2026-06-10|event_day_open,2026-06-10,event_day_open,external_test,28.3,pooled_empirical_residual,empirical_residual,1.25,selected_calibrated,Selected calibrated,26.768750000000004,27.0,27.18125,27.25,27.5,27.612500000000004,27.75,27.75,27.793750000000003,28.0,28.000000000000004,28.125,28.125000000000004,28.5,28.625000000000004,28.675,28.75,28.8375,28.875,29.000000000000004,29.018750000000004,29.125,29.125,29.125,29.25,29.250000000000004,29.250000000000004,29.275,29.375,29.375,29.5,29.5,29.5,29.5,29.625,29.625,29.625000000000004,29.75,29.75,29.75,29.75,29.75,29.80625,29.875,29.875000000000004,29.875000000000004,29.875000000000004,30.0,30.0,30.0,30.0,30.0,30.000000000000004,30.125,30.125,30.125,30.25,30.25,30.250000000000004,30.250000000000004,30.375,30.375,30.5,30.5,30.500000000000004,30.612500000000004,30.75,30.75,30.75,30.75,30.875,30.875000000000004,31.0,31.0,31.0,31.05,31.125,31.125000000000004,31.23125,31.25,31.25,31.2875,31.375,31.375,31.375,31.375,31.5,31.525,31.625,31.625,31.750000000000004,31.875,31.99375,32.0,32.125,32.175000000000004,32.25,32.55,32.98125,28.6
2026-06-10|event_day_open,2026-06-10,event_day_open,external_test,28.3,pooled_empirical_residual,empirical_residual,1.25,selected_uncalibrated,Selected uncalibrated,27.415000000000003,27.6,27.745,27.8,28.0,28.090000000000003,28.2,28.2,28.235000000000003,28.4,28.4,28.5,28.500000000000004,28.8,28.9,28.94,29.0,29.07,29.1,29.200000000000003,29.215000000000003,29.3,29.3,29.3,29.4,29.4,29.4,29.42,29.5,29.5,29.6,29.6,29.6,29.6,29.7,29.7,29.700000000000003,29.8,29.8,29.8,29.8,29.8,29.845,29.9,29.9,29.9,29.9,30.0,30.0,30.0,30.0,30.0,30.000000000000004,30.1,30.1,30.1,30.2,30.2,30.200000000000003,30.200000000000003,30.3,30.3,30.4,30.4,30.4,30.49,30.6,30.6,30.6,30.6,30.7,30.700000000000003,30.8,30.8,30.8,30.84,30.9,30.9,30.985,31.0,31.0,31.03,31.1,31.1,31.1,31.1,31.2,31.22,31.3,31.3,31.4,31.5,31.595,31.6,31.7,31.74,31.8,32.04,32.385,28.6
2026-06-11|12h_prior,2026-06-11,12h_prior,external_test,26.8,pooled_empirical_residual,empirical_residual,1.25,raw_deterministic,Raw deterministic,26.8,26.8,26.8,26.8,26.8,26.8,26.8,26.8,26.8,26.8,26.8,26.8,26.8,26.8,26.8,26.8,26.8,26.8,26.8,26.8,26.8,26.8,26.8,26.8,26.8,26.8,26.8,26.8,26.8,26.8,26.8,26.8,26.8,26.8,26.8,26.8,26.8,26.8,26.8,26.8,26.8,26.8,26.8,26.8,26.8,26.8,26.8,26.8,26.8,26.8,26.8,26.8,26.8,26.8,26.8,26.8,26.8,26.8,26.8,26.8,26.8,26.8,26.8,26.8,26.8,26.8,26.8,26.8,26.8,26.8,26.8,26.8,26.8,26.8,26.8,26.8,26.8,26.8,26.8,26.8,26.8,26.8,26.8,26.8,26.8,26.8,26.8,26.8,26.8,26.8,26.8,26.8,26.8,26.8,26.8,26.8,26.8,26.8,26.8,29.0
2026-06-11|12h_prior,2026-06-11,12h_prior,external_test,26.8,pooled_empirical_residual,empirical_residual,1.25,selected_calibrated,Selected calibrated,25.268750000000004,25.5,25.68125,25.75,26.0,26.112500000000004,26.25,26.25,26.293750000000003,26.5,26.500000000000004,26.625,26.625000000000004,27.0,27.125000000000004,27.175,27.25,27.3375,27.375,27.500000000000004,27.518750000000004,27.625,27.625,27.625,27.75,27.750000000000004,27.750000000000004,27.775,27.875,27.875,28.0,28.0,28.0,28.0,28.125,28.125,28.125000000000004,28.25,28.25,28.25,28.25,28.25,28.30625,28.375,28.375000000000004,28.375000000000004,28.375000000000004,28.5,28.5,28.5,28.5,28.5,28.500000000000004,28.625,28.625,28.625,28.75,28.75,28.750000000000004,28.750000000000004,28.875,28.875,29.0,29.0,29.000000000000004,29.112500000000004,29.25,29.25,29.25,29.25,29.375,29.375000000000004,29.5,29.5,29.5,29.55,29.625,29.625000000000004,29.73125,29.75,29.75,29.7875,29.875,29.875,29.875,29.875,30.0,30.025,30.125,30.125,30.250000000000004,30.375,30.49375,30.5,30.625,30.675000000000004,30.75,31.05,31.48125,29.0
2026-06-11|12h_prior,2026-06-11,12h_prior,external_test,26.8,pooled_empirical_residual,empirical_residual,1.25,selected_uncalibrated,Selected uncalibrated,25.915000000000003,26.1,26.245,26.3,26.5,26.590000000000003,26.7,26.7,26.735000000000003,26.9,26.9,27.0,27.000000000000004,27.3,27.4,27.44,27.5,27.57,27.6,27.700000000000003,27.715000000000003,27.8,27.8,27.8,27.9,27.9,27.9,27.92,28.0,28.0,28.1,28.1,28.1,28.1,28.2,28.2,28.200000000000003,28.3,28.3,28.3,28.3,28.3,28.345,28.4,28.4,28.4,28.4,28.5,28.5,28.5,28.5,28.5,28.500000000000004,28.6,28.6,28.6,28.7,28.7,28.700000000000003,28.700000000000003,28.8,28.8,28.9,28.9,28.9,28.99,29.1,29.1,29.1,29.1,29.2,29.200000000000003,29.3,29.3,29.3,29.34,29.4,29.4,29.485,29.5,29.5,29.53,29.6,29.6,29.6,29.6,29.7,29.72,29.8,29.8,29.9,30.0,30.095,30.1,30.2,30.24,30.3,30.54,30.885,29.0
2026-06-11|24h_prior,2026-06-11,24h_prior,external_test,27.2,pooled_empirical_residual,empirical_residual,1.25,raw_deterministic,Raw deterministic,27.2,27.2,27.2,27.2,27.2,27.2,27.2,27.2,27.2,27.2,27.2,27.2,27.2,27.2,27.2,27.2,27.2,27.2,27.2,27.2,27.2,27.2,27.2,27.2,27.2,27.2,27.2,27.2,27.2,27.2,27.2,27.2,27.2,27.2,27.2,27.2,27.2,27.2,27.2,27.2,27.2,27.2,27.2,27.2,27.2,27.2,27.2,27.2,27.2,27.2,27.2,27.2,27.2,27.2,27.2,27.2,27.2,27.2,27.2,27.2,27.2,27.2,27.2,27.2,27.2,27.2,27.2,27.2,27.2,27.2,27.2,27.2,27.2,27.2,27.2,27.2,27.2,27.2,27.2,27.2,27.2,27.2,27.2,27.2,27.2,27.2,27.2,27.2,27.2,27.2,27.2,27.2,27.2,27.2,27.2,27.2,27.2,27.2,27.2,29.0
2026-06-11|24h_prior,2026-06-11,24h_prior,external_test,27.2,pooled_empirical_residual,empirical_residual,1.25,selected_calibrated,Selected calibrated,25.668750000000003,25.899999999999995,26.08125,26.15,26.4,26.512500000000003,26.65,26.65,26.69375,26.9,26.9,27.025,27.025,27.4,27.525,27.575,27.65,27.7375,27.775,27.9,27.918750000000003,28.025,28.025,28.025,28.15,28.15,28.15,28.175,28.275,28.275,28.399999999999995,28.399999999999995,28.4,28.4,28.525,28.525,28.525,28.65,28.65,28.65,28.65,28.65,28.70625,28.775,28.775,28.775,28.775,28.9,28.9,28.9,28.9,28.9,28.9,29.024999999999995,29.025,29.025,29.15,29.15,29.15,29.15,29.275,29.275,29.4,29.4,29.4,29.512500000000003,29.65,29.65,29.65,29.65,29.775,29.775,29.9,29.9,29.9,29.95,30.025,30.025,30.13125,30.15,30.15,30.1875,30.275,30.275,30.275,30.275,30.4,30.425,30.525,30.525,30.65,30.775,30.89375,30.9,31.025,31.075000000000003,31.15,31.45,31.881249999999994,29.0
2026-06-11|24h_prior,2026-06-11,24h_prior,external_test,27.2,pooled_empirical_residual,empirical_residual,1.25,selected_uncalibrated,Selected uncalibrated,26.315,26.5,26.645,26.7,26.9,26.99,27.1,27.1,27.135,27.3,27.3,27.4,27.4,27.7,27.8,27.84,27.9,27.97,28.0,28.1,28.115,28.2,28.2,28.2,28.3,28.3,28.3,28.32,28.4,28.4,28.5,28.5,28.5,28.5,28.6,28.6,28.6,28.7,28.7,28.7,28.7,28.7,28.745,28.8,28.8,28.8,28.8,28.9,28.9,28.9,28.9,28.9,28.9,29.0,29.0,29.0,29.1,29.1,29.1,29.1,29.2,29.2,29.3,29.3,29.3,29.39,29.5,29.5,29.5,29.5,29.6,29.6,29.7,29.7,29.7,29.74,29.8,29.8,29.885,29.9,29.9,29.93,30.0,30.0,30.0,30.0,30.1,30.12,30.2,30.2,30.3,30.4,30.495,30.5,30.6,30.64,30.7,30.94,31.285,29.0
2026-06-11|6h_prior,2026-06-11,6h_prior,external_test,27.8,pooled_empirical_residual,empirical_residual,1.25,raw_deterministic,Raw deterministic,27.8,27.8,27.8,27.8,27.8,27.8,27.8,27.8,27.8,27.8,27.8,27.8,27.8,27.8,27.8,27.8,27.8,27.8,27.8,27.8,27.8,27.8,27.8,27.8,27.8,27.8,27.8,27.8,27.8,27.8,27.8,27.8,27.8,27.8,27.8,27.8,27.8,27.8,27.8,27.8,27.8,27.8,27.8,27.8,27.8,27.8,27.8,27.8,27.8,27.8,27.8,27.8,27.8,27.8,27.8,27.8,27.8,27.8,27.8,27.8,27.8,27.8,27.8,27.8,27.8,27.8,27.8,27.8,27.8,27.8,27.8,27.8,27.8,27.8,27.8,27.8,27.8,27.8,27.8,27.8,27.8,27.8,27.8,27.8,27.8,27.8,27.8,27.8,27.8,27.8,27.8,27.8,27.8,27.8,27.8,27.8,27.8,27.8,27.8,29.0
2026-06-11|6h_prior,2026-06-11,6h_prior,external_test,27.8,pooled_empirical_residual,empirical_residual,1.25,selected_calibrated,Selected calibrated,26.268750000000004,26.5,26.68125,26.75,27.0,27.112500000000004,27.25,27.25,27.293750000000003,27.5,27.500000000000004,27.625,27.625000000000004,28.0,28.125000000000004,28.175,28.25,28.3375,28.375,28.500000000000004,28.518750000000004,28.625,28.625,28.625,28.75,28.750000000000004,28.750000000000004,28.775,28.875,28.875,29.0,29.0,29.0,29.0,29.125,29.125,29.125000000000004,29.25,29.25,29.25,29.25,29.25,29.30625,29.375,29.375000000000004,29.375000000000004,29.375000000000004,29.5,29.5,29.5,29.5,29.5,29.500000000000004,29.625,29.625,29.625,29.75,29.75,29.750000000000004,29.750000000000004,29.875,29.875,30.0,30.0,30.000000000000004,30.112500000000004,30.25,30.25,30.25,30.25,30.375,30.375000000000004,30.5,30.5,30.5,30.55,30.625,30.625000000000004,30.73125,30.75,30.75,30.7875,30.875,30.875,30.875,30.875,31.0,31.025,31.125,31.125,31.250000000000004,31.375,31.49375,31.5,31.625,31.675000000000004,31.75,32.05,32.48125,29.0
2026-06-11|6h_prior,2026-06-11,6h_prior,external_test,27.8,pooled_empirical_residual,empirical_residual,1.25,selected_uncalibrated,Selected uncalibrated,26.915000000000003,27.1,27.245,27.3,27.5,27.590000000000003,27.7,27.7,27.735000000000003,27.9,27.9,28.0,28.000000000000004,28.3,28.4,28.44,28.5,28.57,28.6,28.700000000000003,28.715000000000003,28.8,28.8,28.8,28.9,28.9,28.9,28.92,29.0,29.0,29.1,29.1,29.1,29.1,29.2,29.2,29.200000000000003,29.3,29.3,29.3,29.3,29.3,29.345,29.4,29.4,29.4,29.4,29.5,29.5,29.5,29.5,29.5,29.500000000000004,29.6,29.6,29.6,29.7,29.7,29.700000000000003,29.700000000000003,29.8,29.8,29.9,29.9,29.9,29.99,30.1,30.1,30.1,30.1,30.2,30.200000000000003,30.3,30.3,30.3,30.34,30.4,30.4,30.485,30.5,30.5,30.53,30.6,30.6,30.6,30.6,30.7,30.72,30.8,30.8,30.9,31.0,31.095,31.1,31.2,31.24,31.3,31.54,31.885,29.0
2026-06-11|event_day_open,2026-06-11,event_day_open,external_test,28.6,pooled_empirical_residual,empirical_residual,1.25,raw_deterministic,Raw deterministic,28.6,28.6,28.6,28.6,28.6,28.6,28.6,28.6,28.6,28.6,28.6,28.6,28.6,28.6,28.6,28.6,28.6,28.6,28.6,28.6,28.6,28.6,28.6,28.6,28.6,28.6,28.6,28.6,28.6,28.6,28.6,28.6,28.6,28.6,28.6,28.6,28.6,28.6,28.6,28.6,28.6,28.6,28.6,28.6,28.6,28.6,28.6,28.6,28.6,28.6,28.6,28.6,28.6,28.6,28.6,28.6,28.6,28.6,28.6,28.6,28.6,28.6,28.6,28.6,28.6,28.6,28.6,28.6,28.6,28.6,28.6,28.6,28.6,28.6,28.6,28.6,28.6,28.6,28.6,28.6,28.6,28.6,28.6,28.6,28.6,28.6,28.6,28.6,28.6,28.6,28.6,28.6,28.6,28.6,28.6,28.6,28.6,28.6,28.6,29.0
2026-06-11|event_day_open,2026-06-11,event_day_open,external_test,28.6,pooled_empirical_residual,empirical_residual,1.25,selected_calibrated,Selected calibrated,27.068750000000005,27.3,27.481250000000003,27.55,27.8,27.912500000000005,28.05,28.05,28.093750000000004,28.3,28.300000000000004,28.425,28.425000000000004,28.8,28.925000000000004,28.975,29.05,29.137500000000003,29.175000000000004,29.300000000000004,29.318750000000005,29.425,29.425,29.425,29.55,29.550000000000004,29.550000000000004,29.575000000000003,29.675,29.675,29.8,29.8,29.800000000000004,29.800000000000004,29.925,29.925,29.925000000000004,30.05,30.05,30.05,30.05,30.05,30.10625,30.175,30.175000000000004,30.175000000000004,30.175000000000004,30.3,30.3,30.3,30.3,30.3,30.300000000000004,30.425,30.425000000000004,30.425000000000004,30.55,30.55,30.550000000000004,30.550000000000004,30.675,30.675,30.8,30.8,30.800000000000004,30.9125,31.050000000000004,31.050000000000004,31.050000000000004,31.050000000000004,31.175,31.175000000000004,31.3,31.3,31.3,31.35,31.425,31.425000000000004,31.53125,31.55,31.55,31.5875,31.675000000000004,31.675000000000004,31.675000000000004,31.675000000000004,31.8,31.825,31.925,31.925,32.050000000000004,32.175,32.29375,32.300000000000004,32.425,32.47500000000001,32.550000000000004,32.849999999999994,33.28125,29.0
2026-06-11|event_day_open,2026-06-11,event_day_open,external_test,28.6,pooled_empirical_residual,empirical_residual,1.25,selected_uncalibrated,Selected uncalibrated,27.715000000000003,27.9,28.045,28.1,28.3,28.390000000000004,28.5,28.5,28.535000000000004,28.7,28.700000000000003,28.8,28.800000000000004,29.1,29.200000000000003,29.24,29.3,29.37,29.4,29.500000000000004,29.515000000000004,29.6,29.6,29.6,29.7,29.700000000000003,29.700000000000003,29.72,29.8,29.8,29.9,29.9,29.9,29.9,30.0,30.0,30.000000000000004,30.1,30.1,30.1,30.1,30.1,30.145,30.2,30.200000000000003,30.200000000000003,30.200000000000003,30.3,30.3,30.3,30.3,30.3,30.300000000000004,30.4,30.4,30.4,30.5,30.5,30.500000000000004,30.500000000000004,30.6,30.6,30.7,30.7,30.700000000000003,30.790000000000003,30.9,30.9,30.9,30.9,31.0,31.000000000000004,31.1,31.1,31.1,31.14,31.2,31.200000000000003,31.285,31.3,31.3,31.33,31.4,31.4,31.4,31.4,31.5,31.52,31.6,31.6,31.700000000000003,31.8,31.895,31.9,32.0,32.040000000000006,32.1,32.34,32.685,29.0
2026-06-12|12h_prior,2026-06-12,12h_prior,external_test,28.3,pooled_empirical_residual,empirical_residual,1.25,raw_deterministic,Raw deterministic,28.3,28.3,28.3,28.3,28.3,28.3,28.3,28.3,28.3,28.3,28.3,28.3,28.3,28.3,28.3,28.3,28.3,28.3,28.3,28.3,28.3,28.3,28.3,28.3,28.3,28.3,28.3,28.3,28.3,28.3,28.3,28.3,28.3,28.3,28.3,28.3,28.3,28.3,28.3,28.3,28.3,28.3,28.3,28.3,28.3,28.3,28.3,28.3,28.3,28.3,28.3,28.3,28.3,28.3,28.3,28.3,28.3,28.3,28.3,28.3,28.3,28.3,28.3,28.3,28.3,28.3,28.3,28.3,28.3,28.3,28.3,28.3,28.3,28.3,28.3,28.3,28.3,28.3,28.3,28.3,28.3,28.3,28.3,28.3,28.3,28.3,28.3,28.3,28.3,28.3,28.3,28.3,28.3,28.3,28.3,28.3,28.3,28.3,28.3,30.4
2026-06-12|12h_prior,2026-06-12,12h_prior,external_test,28.3,pooled_empirical_residual,empirical_residual,1.25,selected_calibrated,Selected calibrated,26.768750000000004,27.0,27.18125,27.25,27.5,27.612500000000004,27.75,27.75,27.793750000000003,28.0,28.000000000000004,28.125,28.125000000000004,28.5,28.625000000000004,28.675,28.75,28.8375,28.875,29.000000000000004,29.018750000000004,29.125,29.125,29.125,29.25,29.250000000000004,29.250000000000004,29.275,29.375,29.375,29.5,29.5,29.5,29.5,29.625,29.625,29.625000000000004,29.75,29.75,29.75,29.75,29.75,29.80625,29.875,29.875000000000004,29.875000000000004,29.875000000000004,30.0,30.0,30.0,30.0,30.0,30.000000000000004,30.125,30.125,30.125,30.25,30.25,30.250000000000004,30.250000000000004,30.375,30.375,30.5,30.5,30.500000000000004,30.612500000000004,30.75,30.75,30.75,30.75,30.875,30.875000000000004,31.0,31.0,31.0,31.05,31.125,31.125000000000004,31.23125,31.25,31.25,31.2875,31.375,31.375,31.375,31.375,31.5,31.525,31.625,31.625,31.750000000000004,31.875,31.99375,32.0,32.125,32.175000000000004,32.25,32.55,32.98125,30.4
2026-06-12|12h_prior,2026-06-12,12h_prior,external_test,28.3,pooled_empirical_residual,empirical_residual,1.25,selected_uncalibrated,Selected uncalibrated,27.415000000000003,27.6,27.745,27.8,28.0,28.090000000000003,28.2,28.2,28.235000000000003,28.4,28.4,28.5,28.500000000000004,28.8,28.9,28.94,29.0,29.07,29.1,29.200000000000003,29.215000000000003,29.3,29.3,29.3,29.4,29.4,29.4,29.42,29.5,29.5,29.6,29.6,29.6,29.6,29.7,29.7,29.700000000000003,29.8,29.8,29.8,29.8,29.8,29.845,29.9,29.9,29.9,29.9,30.0,30.0,30.0,30.0,30.0,30.000000000000004,30.1,30.1,30.1,30.2,30.2,30.200000000000003,30.200000000000003,30.3,30.3,30.4,30.4,30.4,30.49,30.6,30.6,30.6,30.6,30.7,30.700000000000003,30.8,30.8,30.8,30.84,30.9,30.9,30.985,31.0,31.0,31.03,31.1,31.1,31.1,31.1,31.2,31.22,31.3,31.3,31.4,31.5,31.595,31.6,31.7,31.74,31.8,32.04,32.385,30.4
2026-06-12|24h_prior,2026-06-12,24h_prior,external_test,27.4,pooled_empirical_residual,empirical_residual,1.25,raw_deterministic,Raw deterministic,27.4,27.4,27.4,27.4,27.4,27.4,27.4,27.4,27.4,27.4,27.4,27.4,27.4,27.4,27.4,27.4,27.4,27.4,27.4,27.4,27.4,27.4,27.4,27.4,27.4,27.4,27.4,27.4,27.4,27.4,27.4,27.4,27.4,27.4,27.4,27.4,27.4,27.4,27.4,27.4,27.4,27.4,27.4,27.4,27.4,27.4,27.4,27.4,27.4,27.4,27.4,27.4,27.4,27.4,27.4,27.4,27.4,27.4,27.4,27.4,27.4,27.4,27.4,27.4,27.4,27.4,27.4,27.4,27.4,27.4,27.4,27.4,27.4,27.4,27.4,27.4,27.4,27.4,27.4,27.4,27.4,27.4,27.4,27.4,27.4,27.4,27.4,27.4,27.4,27.4,27.4,27.4,27.4,27.4,27.4,27.4,27.4,27.4,27.4,30.4
2026-06-12|24h_prior,2026-06-12,24h_prior,external_test,27.4,pooled_empirical_residual,empirical_residual,1.25,selected_calibrated,Selected calibrated,25.86875,26.099999999999994,26.28125,26.35,26.6,26.7125,26.85,26.85,26.89375,27.099999999999994,27.1,27.225,27.225,27.6,27.725,27.775,27.85,27.9375,27.975,28.1,28.11875,28.225,28.225,28.225,28.349999999999994,28.35,28.35,28.375,28.475,28.475,28.599999999999994,28.599999999999994,28.6,28.6,28.725,28.725,28.725,28.85,28.85,28.85,28.85,28.85,28.90625,28.974999999999994,28.975,28.975,28.975,29.1,29.1,29.1,29.1,29.1,29.1,29.224999999999994,29.225,29.225,29.35,29.35,29.35,29.35,29.475,29.475,29.599999999999994,29.599999999999994,29.6,29.7125,29.85,29.85,29.85,29.85,29.975,29.975,30.1,30.1,30.1,30.15,30.224999999999994,30.225,30.33125,30.35,30.35,30.3875,30.475,30.475,30.475,30.475,30.6,30.625,30.725,30.725,30.85,30.975,31.09375,31.1,31.225,31.275,31.35,31.65,32.08125,30.4
2026-06-12|24h_prior,2026-06-12,24h_prior,external_test,27.4,pooled_empirical_residual,empirical_residual,1.25,selected_uncalibrated,Selected uncalibrated,26.515,26.7,26.845,26.9,27.1,27.19,27.3,27.3,27.335,27.5,27.5,27.6,27.6,27.9,28.0,28.04,28.1,28.17,28.2,28.3,28.315,28.4,28.4,28.4,28.5,28.5,28.5,28.52,28.6,28.6,28.7,28.7,28.7,28.7,28.8,28.8,28.8,28.9,28.9,28.9,28.9,28.9,28.945,29.0,29.0,29.0,29.0,29.1,29.1,29.1,29.1,29.1,29.1,29.2,29.2,29.2,29.3,29.3,29.3,29.3,29.4,29.4,29.5,29.5,29.5,29.59,29.7,29.7,29.7,29.7,29.8,29.8,29.9,29.9,29.9,29.94,30.0,30.0,30.085,30.1,30.1,30.13,30.2,30.2,30.2,30.2,30.3,30.32,30.4,30.4,30.5,30.6,30.695,30.7,30.8,30.84,30.9,31.14,31.485,30.4
2026-06-12|6h_prior,2026-06-12,6h_prior,external_test,28.1,pooled_empirical_residual,empirical_residual,1.25,raw_deterministic,Raw deterministic,28.1,28.1,28.1,28.1,28.1,28.1,28.1,28.1,28.1,28.1,28.1,28.1,28.1,28.1,28.1,28.1,28.1,28.1,28.1,28.1,28.1,28.1,28.1,28.1,28.1,28.1,28.1,28.1,28.1,28.1,28.1,28.1,28.1,28.1,28.1,28.1,28.1,28.1,28.1,28.1,28.1,28.1,28.1,28.1,28.1,28.1,28.1,28.1,28.1,28.1,28.1,28.1,28.1,28.1,28.1,28.1,28.1,28.1,28.1,28.1,28.1,28.1,28.1,28.1,28.1,28.1,28.1,28.1,28.1,28.1,28.1,28.1,28.1,28.1,28.1,28.1,28.1,28.1,28.1,28.1,28.1,28.1,28.1,28.1,28.1,28.1,28.1,28.1,28.1,28.1,28.1,28.1,28.1,28.1,28.1,28.1,28.1,28.1,28.1,30.4
2026-06-12|6h_prior,2026-06-12,6h_prior,external_test,28.1,pooled_empirical_residual,empirical_residual,1.25,selected_calibrated,Selected calibrated,26.568750000000005,26.8,26.981250000000003,27.05,27.3,27.412500000000005,27.55,27.55,27.593750000000004,27.8,27.800000000000004,27.925,27.925000000000004,28.3,28.425000000000004,28.475,28.55,28.637500000000003,28.675000000000004,28.800000000000004,28.818750000000005,28.925,28.925,28.925,29.05,29.050000000000004,29.050000000000004,29.075000000000003,29.175,29.175,29.3,29.3,29.300000000000004,29.300000000000004,29.425,29.425,29.425000000000004,29.55,29.55,29.55,29.55,29.55,29.60625,29.675,29.675000000000004,29.675000000000004,29.675000000000004,29.8,29.8,29.8,29.8,29.8,29.800000000000004,29.925,29.925000000000004,29.925000000000004,30.05,30.05,30.050000000000004,30.050000000000004,30.175,30.175,30.3,30.3,30.300000000000004,30.4125,30.550000000000004,30.550000000000004,30.550000000000004,30.550000000000004,30.675,30.675000000000004,30.8,30.8,30.8,30.85,30.925,30.925000000000004,31.03125,31.05,31.05,31.0875,31.175000000000004,31.175000000000004,31.175000000000004,31.175000000000004,31.3,31.325,31.425,31.425,31.550000000000004,31.675,31.79375,31.800000000000004,31.925,31.975,32.050000000000004,32.35,32.78125,30.4
2026-06-12|6h_prior,2026-06-12,6h_prior,external_test,28.1,pooled_empirical_residual,empirical_residual,1.25,selected_uncalibrated,Selected uncalibrated,27.215000000000003,27.4,27.545,27.6,27.8,27.890000000000004,28.0,28.0,28.035000000000004,28.2,28.200000000000003,28.3,28.300000000000004,28.6,28.700000000000003,28.74,28.8,28.87,28.9,29.000000000000004,29.015000000000004,29.1,29.1,29.1,29.2,29.200000000000003,29.200000000000003,29.22,29.3,29.3,29.4,29.4,29.4,29.4,29.5,29.5,29.500000000000004,29.6,29.6,29.6,29.6,29.6,29.645,29.7,29.700000000000003,29.700000000000003,29.700000000000003,29.8,29.8,29.8,29.8,29.8,29.800000000000004,29.9,29.9,29.9,30.0,30.0,30.000000000000004,30.000000000000004,30.1,30.1,30.2,30.2,30.200000000000003,30.290000000000003,30.4,30.4,30.4,30.4,30.5,30.500000000000004,30.6,30.6,30.6,30.64,30.7,30.700000000000003,30.785,30.8,30.8,30.83,30.9,30.9,30.9,30.9,31.0,31.02,31.1,31.1,31.200000000000003,31.3,31.395,31.4,31.5,31.540000000000003,31.6,31.84,32.185,30.4
2026-06-12|event_day_open,2026-06-12,event_day_open,external_test,27.7,pooled_empirical_residual,empirical_residual,1.25,raw_deterministic,Raw deterministic,27.7,27.7,27.7,27.7,27.7,27.7,27.7,27.7,27.7,27.7,27.7,27.7,27.7,27.7,27.7,27.7,27.7,27.7,27.7,27.7,27.7,27.7,27.7,27.7,27.7,27.7,27.7,27.7,27.7,27.7,27.7,27.7,27.7,27.7,27.7,27.7,27.7,27.7,27.7,27.7,27.7,27.7,27.7,27.7,27.7,27.7,27.7,27.7,27.7,27.7,27.7,27.7,27.7,27.7,27.7,27.7,27.7,27.7,27.7,27.7,27.7,27.7,27.7,27.7,27.7,27.7,27.7,27.7,27.7,27.7,27.7,27.7,27.7,27.7,27.7,27.7,27.7,27.7,27.7,27.7,27.7,27.7,27.7,27.7,27.7,27.7,27.7,27.7,27.7,27.7,27.7,27.7,27.7,27.7,27.7,27.7,27.7,27.7,27.7,30.4
2026-06-12|event_day_open,2026-06-12,event_day_open,external_test,27.7,pooled_empirical_residual,empirical_residual,1.25,selected_calibrated,Selected calibrated,26.168750000000003,26.399999999999995,26.58125,26.65,26.9,27.012500000000003,27.15,27.15,27.19375,27.4,27.4,27.525,27.525,27.9,28.025,28.075,28.15,28.2375,28.275,28.4,28.418750000000003,28.525,28.525,28.525,28.65,28.65,28.65,28.675,28.775,28.775,28.899999999999995,28.899999999999995,28.9,28.9,29.025,29.025,29.025,29.15,29.15,29.15,29.15,29.15,29.20625,29.275,29.275,29.275,29.275,29.4,29.4,29.4,29.4,29.4,29.4,29.524999999999995,29.525,29.525,29.65,29.65,29.65,29.65,29.775,29.775,29.9,29.9,29.9,30.012500000000003,30.15,30.15,30.15,30.15,30.275,30.275,30.4,30.4,30.4,30.45,30.525,30.525,30.63125,30.65,30.65,30.6875,30.775,30.775,30.775,30.775,30.9,30.925,31.025,31.025,31.15,31.275,31.39375,31.4,31.525,31.575000000000003,31.65,31.95,32.381249999999994,30.4
2026-06-12|event_day_open,2026-06-12,event_day_open,external_test,27.7,pooled_empirical_residual,empirical_residual,1.25,selected_uncalibrated,Selected uncalibrated,26.815,27.0,27.145,27.2,27.4,27.49,27.6,27.6,27.635,27.8,27.8,27.9,27.9,28.2,28.3,28.34,28.4,28.47,28.5,28.6,28.615,28.7,28.7,28.7,28.8,28.8,28.8,28.82,28.9,28.9,29.0,29.0,29.0,29.0,29.1,29.1,29.1,29.2,29.2,29.2,29.2,29.2,29.245,29.3,29.3,29.3,29.3,29.4,29.4,29.4,29.4,29.4,29.4,29.5,29.5,29.5,29.6,29.6,29.6,29.6,29.7,29.7,29.8,29.8,29.8,29.89,30.0,30.0,30.0,30.0,30.1,30.1,30.2,30.2,30.2,30.24,30.3,30.3,30.385,30.4,30.4,30.43,30.5,30.5,30.5,30.5,30.6,30.62,30.7,30.7,30.8,30.9,30.995,31.0,31.1,31.14,31.2,31.44,31.785,30.4
2026-06-13|12h_prior,2026-06-13,12h_prior,external_test,29.3,pooled_empirical_residual,empirical_residual,1.25,raw_deterministic,Raw deterministic,29.3,29.3,29.3,29.3,29.3,29.3,29.3,29.3,29.3,29.3,29.3,29.3,29.3,29.3,29.3,29.3,29.3,29.3,29.3,29.3,29.3,29.3,29.3,29.3,29.3,29.3,29.3,29.3,29.3,29.3,29.3,29.3,29.3,29.3,29.3,29.3,29.3,29.3,29.3,29.3,29.3,29.3,29.3,29.3,29.3,29.3,29.3,29.3,29.3,29.3,29.3,29.3,29.3,29.3,29.3,29.3,29.3,29.3,29.3,29.3,29.3,29.3,29.3,29.3,29.3,29.3,29.3,29.3,29.3,29.3,29.3,29.3,29.3,29.3,29.3,29.3,29.3,29.3,29.3,29.3,29.3,29.3,29.3,29.3,29.3,29.3,29.3,29.3,29.3,29.3,29.3,29.3,29.3,29.3,29.3,29.3,29.3,29.3,29.3,30.6
2026-06-13|12h_prior,2026-06-13,12h_prior,external_test,29.3,pooled_empirical_residual,empirical_residual,1.25,selected_calibrated,Selected calibrated,27.768750000000004,28.0,28.18125,28.25,28.5,28.612500000000004,28.75,28.75,28.793750000000003,29.0,29.000000000000004,29.125,29.125000000000004,29.5,29.625000000000004,29.675,29.75,29.8375,29.875,30.000000000000004,30.018750000000004,30.125,30.125,30.125,30.25,30.250000000000004,30.250000000000004,30.275,30.375,30.375,30.5,30.5,30.5,30.5,30.625,30.625,30.625000000000004,30.75,30.75,30.75,30.75,30.75,30.80625,30.875,30.875000000000004,30.875000000000004,30.875000000000004,31.0,31.0,31.0,31.0,31.0,31.000000000000004,31.125,31.125,31.125,31.25,31.25,31.250000000000004,31.250000000000004,31.375,31.375,31.5,31.5,31.500000000000004,31.612500000000004,31.75,31.75,31.75,31.75,31.875,31.875000000000004,32.0,32.0,32.0,32.05,32.125,32.125,32.23125,32.25,32.25,32.2875,32.375,32.375,32.375,32.375,32.5,32.525,32.625,32.625,32.75,32.875,32.99375,33.0,33.125,33.175000000000004,33.25,33.55,33.98125,30.6
2026-06-13|12h_prior,2026-06-13,12h_prior,external_test,29.3,pooled_empirical_residual,empirical_residual,1.25,selected_uncalibrated,Selected uncalibrated,28.415000000000003,28.6,28.745,28.8,29.0,29.090000000000003,29.2,29.2,29.235000000000003,29.4,29.4,29.5,29.500000000000004,29.8,29.9,29.94,30.0,30.07,30.1,30.200000000000003,30.215000000000003,30.3,30.3,30.3,30.4,30.4,30.4,30.42,30.5,30.5,30.6,30.6,30.6,30.6,30.7,30.7,30.700000000000003,30.8,30.8,30.8,30.8,30.8,30.845,30.9,30.9,30.9,30.9,31.0,31.0,31.0,31.0,31.0,31.000000000000004,31.1,31.1,31.1,31.2,31.2,31.200000000000003,31.200000000000003,31.3,31.3,31.4,31.4,31.4,31.49,31.6,31.6,31.6,31.6,31.7,31.700000000000003,31.8,31.8,31.8,31.84,31.9,31.9,31.985,32.0,32.0,32.03,32.1,32.1,32.1,32.1,32.2,32.22,32.3,32.3,32.4,32.5,32.595,32.6,32.7,32.74,32.8,33.04,33.385,30.6
2026-06-13|24h_prior,2026-06-13,24h_prior,external_test,29.6,pooled_empirical_residual,empirical_residual,1.25,raw_deterministic,Raw deterministic,29.6,29.6,29.6,29.6,29.6,29.6,29.6,29.6,29.6,29.6,29.6,29.6,29.6,29.6,29.6,29.6,29.6,29.6,29.6,29.6,29.6,29.6,29.6,29.6,29.6,29.6,29.6,29.6,29.6,29.6,29.6,29.6,29.6,29.6,29.6,29.6,29.6,29.6,29.6,29.6,29.6,29.6,29.6,29.6,29.6,29.6,29.6,29.6,29.6,29.6,29.6,29.6,29.6,29.6,29.6,29.6,29.6,29.6,29.6,29.6,29.6,29.6,29.6,29.6,29.6,29.6,29.6,29.6,29.6,29.6,29.6,29.6,29.6,29.6,29.6,29.6,29.6,29.6,29.6,29.6,29.6,29.6,29.6,29.6,29.6,29.6,29.6,29.6,29.6,29.6,29.6,29.6,29.6,29.6,29.6,29.6,29.6,29.6,29.6,30.6
2026-06-13|24h_prior,2026-06-13,24h_prior,external_test,29.6,pooled_empirical_residual,empirical_residual,1.25,selected_calibrated,Selected calibrated,28.068750000000005,28.3,28.481250000000003,28.55,28.8,28.912500000000005,29.05,29.05,29.093750000000004,29.3,29.300000000000004,29.425,29.425000000000004,29.8,29.925000000000004,29.975,30.05,30.137500000000003,30.175000000000004,30.300000000000004,30.318750000000005,30.425,30.425,30.425,30.55,30.550000000000004,30.550000000000004,30.575000000000003,30.675,30.675,30.8,30.8,30.800000000000004,30.800000000000004,30.925,30.925,30.925000000000004,31.05,31.05,31.05,31.05,31.05,31.10625,31.175,31.175000000000004,31.175000000000004,31.175000000000004,31.3,31.3,31.3,31.3,31.3,31.300000000000004,31.425,31.425000000000004,31.425000000000004,31.55,31.55,31.550000000000004,31.550000000000004,31.675,31.675,31.8,31.8,31.800000000000004,31.9125,32.050000000000004,32.050000000000004,32.050000000000004,32.050000000000004,32.175,32.175,32.300000000000004,32.300000000000004,32.300000000000004,32.35,32.425000000000004,32.425000000000004,32.53125000000001,32.550000000000004,32.550000000000004,32.5875,32.675000000000004,32.675000000000004,32.675000000000004,32.675000000000004,32.8,32.825,32.925000000000004,32.925000000000004,33.050000000000004,33.175000000000004,33.29375,33.300000000000004,33.425,33.47500000000001,33.550000000000004,33.849999999999994,34.28125,30.6
2026-06-13|24h_prior,2026-06-13,24h_prior,external_test,29.6,pooled_empirical_residual,empirical_residual,1.25,selected_uncalibrated,Selected uncalibrated,28.715000000000003,28.9,29.045,29.1,29.3,29.390000000000004,29.5,29.5,29.535000000000004,29.7,29.700000000000003,29.8,29.800000000000004,30.1,30.200000000000003,30.24,30.3,30.37,30.4,30.500000000000004,30.515000000000004,30.6,30.6,30.6,30.7,30.700000000000003,30.700000000000003,30.72,30.8,30.8,30.9,30.9,30.9,30.9,31.0,31.0,31.000000000000004,31.1,31.1,31.1,31.1,31.1,31.145,31.2,31.200000000000003,31.200000000000003,31.200000000000003,31.3,31.3,31.3,31.3,31.3,31.300000000000004,31.4,31.4,31.4,31.5,31.5,31.500000000000004,31.500000000000004,31.6,31.6,31.7,31.7,31.700000000000003,31.790000000000003,31.9,31.9,31.9,31.9,32.0,32.0,32.1,32.1,32.1,32.14,32.2,32.2,32.285000000000004,32.300000000000004,32.300000000000004,32.33,32.400000000000006,32.400000000000006,32.400000000000006,32.400000000000006,32.5,32.52,32.6,32.6,32.7,32.800000000000004,32.895,32.900000000000006,33.0,33.040000000000006,33.1,33.34,33.685,30.6
2026-06-13|6h_prior,2026-06-13,6h_prior,external_test,29.1,pooled_empirical_residual,empirical_residual,1.25,raw_deterministic,Raw deterministic,29.1,29.1,29.1,29.1,29.1,29.1,29.1,29.1,29.1,29.1,29.1,29.1,29.1,29.1,29.1,29.1,29.1,29.1,29.1,29.1,29.1,29.1,29.1,29.1,29.1,29.1,29.1,29.1,29.1,29.1,29.1,29.1,29.1,29.1,29.1,29.1,29.1,29.1,29.1,29.1,29.1,29.1,29.1,29.1,29.1,29.1,29.1,29.1,29.1,29.1,29.1,29.1,29.1,29.1,29.1,29.1,29.1,29.1,29.1,29.1,29.1,29.1,29.1,29.1,29.1,29.1,29.1,29.1,29.1,29.1,29.1,29.1,29.1,29.1,29.1,29.1,29.1,29.1,29.1,29.1,29.1,29.1,29.1,29.1,29.1,29.1,29.1,29.1,29.1,29.1,29.1,29.1,29.1,29.1,29.1,29.1,29.1,29.1,29.1,30.6
2026-06-13|6h_prior,2026-06-13,6h_prior,external_test,29.1,pooled_empirical_residual,empirical_residual,1.25,selected_calibrated,Selected calibrated,27.568750000000005,27.8,27.981250000000003,28.05,28.3,28.412500000000005,28.55,28.55,28.593750000000004,28.8,28.800000000000004,28.925,28.925000000000004,29.3,29.425000000000004,29.475,29.55,29.637500000000003,29.675000000000004,29.800000000000004,29.818750000000005,29.925,29.925,29.925,30.05,30.050000000000004,30.050000000000004,30.075000000000003,30.175,30.175,30.3,30.3,30.300000000000004,30.300000000000004,30.425,30.425,30.425000000000004,30.55,30.55,30.55,30.55,30.55,30.60625,30.675,30.675000000000004,30.675000000000004,30.675000000000004,30.8,30.8,30.8,30.8,30.8,30.800000000000004,30.925,30.925000000000004,30.925000000000004,31.05,31.05,31.050000000000004,31.050000000000004,31.175,31.175,31.3,31.3,31.300000000000004,31.4125,31.550000000000004,31.550000000000004,31.550000000000004,31.550000000000004,31.675,31.675000000000004,31.8,31.8,31.8,31.85,31.925,31.925000000000004,32.03125,32.05,32.05,32.087500000000006,32.175000000000004,32.175000000000004,32.175000000000004,32.175000000000004,32.3,32.325,32.425000000000004,32.425000000000004,32.550000000000004,32.675000000000004,32.79375,32.800000000000004,32.925,32.97500000000001,33.050000000000004,33.349999999999994,33.78125,30.6
2026-06-13|6h_prior,2026-06-13,6h_prior,external_test,29.1,pooled_empirical_residual,empirical_residual,1.25,selected_uncalibrated,Selected uncalibrated,28.215000000000003,28.4,28.545,28.6,28.8,28.890000000000004,29.0,29.0,29.035000000000004,29.2,29.200000000000003,29.3,29.300000000000004,29.6,29.700000000000003,29.74,29.8,29.87,29.9,30.000000000000004,30.015000000000004,30.1,30.1,30.1,30.2,30.200000000000003,30.200000000000003,30.22,30.3,30.3,30.4,30.4,30.4,30.4,30.5,30.5,30.500000000000004,30.6,30.6,30.6,30.6,30.6,30.645,30.7,30.700000000000003,30.700000000000003,30.700000000000003,30.8,30.8,30.8,30.8,30.8,30.800000000000004,30.9,30.9,30.9,31.0,31.0,31.000000000000004,31.000000000000004,31.1,31.1,31.2,31.2,31.200000000000003,31.290000000000003,31.4,31.4,31.4,31.4,31.5,31.500000000000004,31.6,31.6,31.6,31.64,31.7,31.700000000000003,31.785,31.8,31.8,31.83,31.9,31.9,31.9,31.9,32.0,32.02,32.1,32.1,32.2,32.300000000000004,32.395,32.400000000000006,32.5,32.540000000000006,32.6,32.84,33.185,30.6
2026-06-13|event_day_open,2026-06-13,event_day_open,external_test,29.4,pooled_empirical_residual,empirical_residual,1.25,raw_deterministic,Raw deterministic,29.4,29.4,29.4,29.4,29.4,29.4,29.4,29.4,29.4,29.4,29.4,29.4,29.4,29.4,29.4,29.4,29.4,29.4,29.4,29.4,29.4,29.4,29.4,29.4,29.4,29.4,29.4,29.4,29.4,29.4,29.4,29.4,29.4,29.4,29.4,29.4,29.4,29.4,29.4,29.4,29.4,29.4,29.4,29.4,29.4,29.4,29.4,29.4,29.4,29.4,29.4,29.4,29.4,29.4,29.4,29.4,29.4,29.4,29.4,29.4,29.4,29.4,29.4,29.4,29.4,29.4,29.4,29.4,29.4,29.4,29.4,29.4,29.4,29.4,29.4,29.4,29.4,29.4,29.4,29.4,29.4,29.4,29.4,29.4,29.4,29.4,29.4,29.4,29.4,29.4,29.4,29.4,29.4,29.4,29.4,29.4,29.4,29.4,29.4,30.6
2026-06-13|event_day_open,2026-06-13,event_day_open,external_test,29.4,pooled_empirical_residual,empirical_residual,1.25,selected_calibrated,Selected calibrated,27.86875,28.099999999999994,28.28125,28.35,28.6,28.7125,28.85,28.85,28.89375,29.099999999999994,29.1,29.225,29.225,29.6,29.725,29.775,29.85,29.9375,29.975,30.1,30.11875,30.225,30.225,30.225,30.349999999999994,30.35,30.35,30.375,30.475,30.475,30.599999999999994,30.599999999999994,30.6,30.6,30.725,30.725,30.725,30.85,30.85,30.85,30.85,30.85,30.90625,30.974999999999994,30.975,30.975,30.975,31.1,31.1,31.1,31.1,31.1,31.1,31.224999999999994,31.225,31.225,31.35,31.35,31.35,31.35,31.475,31.475,31.599999999999994,31.599999999999994,31.6,31.7125,31.85,31.85,31.85,31.85,31.975,31.975,32.1,32.1,32.1,32.15,32.224999999999994,32.225,32.331250000000004,32.35,32.35,32.3875,32.475,32.475,32.475,32.475,32.599999999999994,32.62499999999999,32.725,32.725,32.85,32.975,33.09375,33.1,33.224999999999994,33.275000000000006,33.35,33.64999999999999,34.08125,30.6
2026-06-13|event_day_open,2026-06-13,event_day_open,external_test,29.4,pooled_empirical_residual,empirical_residual,1.25,selected_uncalibrated,Selected uncalibrated,28.515,28.7,28.845,28.9,29.1,29.19,29.3,29.3,29.335,29.5,29.5,29.6,29.6,29.9,30.0,30.04,30.1,30.17,30.2,30.3,30.315,30.4,30.4,30.4,30.5,30.5,30.5,30.52,30.6,30.6,30.7,30.7,30.7,30.7,30.8,30.8,30.8,30.9,30.9,30.9,30.9,30.9,30.945,31.0,31.0,31.0,31.0,31.1,31.1,31.1,31.1,31.1,31.1,31.2,31.2,31.2,31.3,31.3,31.3,31.3,31.4,31.4,31.5,31.5,31.5,31.59,31.7,31.7,31.7,31.7,31.8,31.8,31.9,31.9,31.9,31.94,32.0,32.0,32.085,32.1,32.1,32.129999999999995,32.2,32.2,32.2,32.2,32.3,32.31999999999999,32.4,32.4,32.5,32.6,32.695,32.7,32.8,32.84,32.9,33.13999999999999,33.485,30.6
2026-06-14|12h_prior,2026-06-14,12h_prior,external_test,27.6,pooled_empirical_residual,empirical_residual,1.25,raw_deterministic,Raw deterministic,27.6,27.6,27.6,27.6,27.6,27.6,27.6,27.6,27.6,27.6,27.6,27.6,27.6,27.6,27.6,27.6,27.6,27.6,27.6,27.6,27.6,27.6,27.6,27.6,27.6,27.6,27.6,27.6,27.6,27.6,27.6,27.6,27.6,27.6,27.6,27.6,27.6,27.6,27.6,27.6,27.6,27.6,27.6,27.6,27.6,27.6,27.6,27.6,27.6,27.6,27.6,27.6,27.6,27.6,27.6,27.6,27.6,27.6,27.6,27.6,27.6,27.6,27.6,27.6,27.6,27.6,27.6,27.6,27.6,27.6,27.6,27.6,27.6,27.6,27.6,27.6,27.6,27.6,27.6,27.6,27.6,27.6,27.6,27.6,27.6,27.6,27.6,27.6,27.6,27.6,27.6,27.6,27.6,27.6,27.6,27.6,27.6,27.6,27.6,29.5
2026-06-14|12h_prior,2026-06-14,12h_prior,external_test,27.6,pooled_empirical_residual,empirical_residual,1.25,selected_calibrated,Selected calibrated,26.068750000000005,26.3,26.481250000000003,26.55,26.8,26.912500000000005,27.05,27.05,27.093750000000004,27.3,27.300000000000004,27.425,27.425000000000004,27.8,27.925000000000004,27.975,28.05,28.137500000000003,28.175000000000004,28.300000000000004,28.318750000000005,28.425,28.425,28.425,28.55,28.550000000000004,28.550000000000004,28.575000000000003,28.675,28.675,28.8,28.8,28.800000000000004,28.800000000000004,28.925,28.925,28.925000000000004,29.05,29.05,29.05,29.05,29.05,29.10625,29.175,29.175000000000004,29.175000000000004,29.175000000000004,29.3,29.3,29.3,29.3,29.3,29.300000000000004,29.425,29.425000000000004,29.425000000000004,29.55,29.55,29.550000000000004,29.550000000000004,29.675,29.675,29.8,29.8,29.800000000000004,29.9125,30.050000000000004,30.050000000000004,30.050000000000004,30.050000000000004,30.175,30.175000000000004,30.3,30.3,30.3,30.35,30.425,30.425000000000004,30.53125,30.55,30.55,30.5875,30.675000000000004,30.675000000000004,30.675000000000004,30.675000000000004,30.8,30.825,30.925,30.925,31.050000000000004,31.175,31.29375,31.300000000000004,31.425,31.475,31.55,31.85,32.28125,29.5
2026-06-14|12h_prior,2026-06-14,12h_prior,external_test,27.6,pooled_empirical_residual,empirical_residual,1.25,selected_uncalibrated,Selected uncalibrated,26.715000000000003,26.9,27.045,27.1,27.3,27.390000000000004,27.5,27.5,27.535000000000004,27.7,27.700000000000003,27.8,27.800000000000004,28.1,28.200000000000003,28.24,28.3,28.37,28.4,28.500000000000004,28.515000000000004,28.6,28.6,28.6,28.7,28.700000000000003,28.700000000000003,28.72,28.8,28.8,28.9,28.9,28.9,28.9,29.0,29.0,29.000000000000004,29.1,29.1,29.1,29.1,29.1,29.145,29.2,29.200000000000003,29.200000000000003,29.200000000000003,29.3,29.3,29.3,29.3,29.3,29.300000000000004,29.4,29.4,29.4,29.5,29.5,29.500000000000004,29.500000000000004,29.6,29.6,29.7,29.7,29.700000000000003,29.790000000000003,29.9,29.9,29.9,29.9,30.0,30.000000000000004,30.1,30.1,30.1,30.14,30.2,30.200000000000003,30.285,30.3,30.3,30.33,30.4,30.4,30.4,30.4,30.5,30.52,30.6,30.6,30.700000000000003,30.8,30.895,30.9,31.0,31.040000000000003,31.1,31.34,31.685,29.5
2026-06-14|24h_prior,2026-06-14,24h_prior,external_test,28.6,pooled_empirical_residual,empirical_residual,1.25,raw_deterministic,Raw deterministic,28.6,28.6,28.6,28.6,28.6,28.6,28.6,28.6,28.6,28.6,28.6,28.6,28.6,28.6,28.6,28.6,28.6,28.6,28.6,28.6,28.6,28.6,28.6,28.6,28.6,28.6,28.6,28.6,28.6,28.6,28.6,28.6,28.6,28.6,28.6,28.6,28.6,28.6,28.6,28.6,28.6,28.6,28.6,28.6,28.6,28.6,28.6,28.6,28.6,28.6,28.6,28.6,28.6,28.6,28.6,28.6,28.6,28.6,28.6,28.6,28.6,28.6,28.6,28.6,28.6,28.6,28.6,28.6,28.6,28.6,28.6,28.6,28.6,28.6,28.6,28.6,28.6,28.6,28.6,28.6,28.6,28.6,28.6,28.6,28.6,28.6,28.6,28.6,28.6,28.6,28.6,28.6,28.6,28.6,28.6,28.6,28.6,28.6,28.6,29.5
2026-06-14|24h_prior,2026-06-14,24h_prior,external_test,28.6,pooled_empirical_residual,empirical_residual,1.25,selected_calibrated,Selected calibrated,27.068750000000005,27.3,27.481250000000003,27.55,27.8,27.912500000000005,28.05,28.05,28.093750000000004,28.3,28.300000000000004,28.425,28.425000000000004,28.8,28.925000000000004,28.975,29.05,29.137500000000003,29.175000000000004,29.300000000000004,29.318750000000005,29.425,29.425,29.425,29.55,29.550000000000004,29.550000000000004,29.575000000000003,29.675,29.675,29.8,29.8,29.800000000000004,29.800000000000004,29.925,29.925,29.925000000000004,30.05,30.05,30.05,30.05,30.05,30.10625,30.175,30.175000000000004,30.175000000000004,30.175000000000004,30.3,30.3,30.3,30.3,30.3,30.300000000000004,30.425,30.425000000000004,30.425000000000004,30.55,30.55,30.550000000000004,30.550000000000004,30.675,30.675,30.8,30.8,30.800000000000004,30.9125,31.050000000000004,31.050000000000004,31.050000000000004,31.050000000000004,31.175,31.175000000000004,31.3,31.3,31.3,31.35,31.425,31.425000000000004,31.53125,31.55,31.55,31.5875,31.675000000000004,31.675000000000004,31.675000000000004,31.675000000000004,31.8,31.825,31.925,31.925,32.050000000000004,32.175,32.29375,32.300000000000004,32.425,32.47500000000001,32.550000000000004,32.849999999999994,33.28125,29.5
2026-06-14|24h_prior,2026-06-14,24h_prior,external_test,28.6,pooled_empirical_residual,empirical_residual,1.25,selected_uncalibrated,Selected uncalibrated,27.715000000000003,27.9,28.045,28.1,28.3,28.390000000000004,28.5,28.5,28.535000000000004,28.7,28.700000000000003,28.8,28.800000000000004,29.1,29.200000000000003,29.24,29.3,29.37,29.4,29.500000000000004,29.515000000000004,29.6,29.6,29.6,29.7,29.700000000000003,29.700000000000003,29.72,29.8,29.8,29.9,29.9,29.9,29.9,30.0,30.0,30.000000000000004,30.1,30.1,30.1,30.1,30.1,30.145,30.2,30.200000000000003,30.200000000000003,30.200000000000003,30.3,30.3,30.3,30.3,30.3,30.300000000000004,30.4,30.4,30.4,30.5,30.5,30.500000000000004,30.500000000000004,30.6,30.6,30.7,30.7,30.700000000000003,30.790000000000003,30.9,30.9,30.9,30.9,31.0,31.000000000000004,31.1,31.1,31.1,31.14,31.2,31.200000000000003,31.285,31.3,31.3,31.33,31.4,31.4,31.4,31.4,31.5,31.52,31.6,31.6,31.700000000000003,31.8,31.895,31.9,32.0,32.040000000000006,32.1,32.34,32.685,29.5
2026-06-14|6h_prior,2026-06-14,6h_prior,external_test,27.8,pooled_empirical_residual,empirical_residual,1.25,raw_deterministic,Raw deterministic,27.8,27.8,27.8,27.8,27.8,27.8,27.8,27.8,27.8,27.8,27.8,27.8,27.8,27.8,27.8,27.8,27.8,27.8,27.8,27.8,27.8,27.8,27.8,27.8,27.8,27.8,27.8,27.8,27.8,27.8,27.8,27.8,27.8,27.8,27.8,27.8,27.8,27.8,27.8,27.8,27.8,27.8,27.8,27.8,27.8,27.8,27.8,27.8,27.8,27.8,27.8,27.8,27.8,27.8,27.8,27.8,27.8,27.8,27.8,27.8,27.8,27.8,27.8,27.8,27.8,27.8,27.8,27.8,27.8,27.8,27.8,27.8,27.8,27.8,27.8,27.8,27.8,27.8,27.8,27.8,27.8,27.8,27.8,27.8,27.8,27.8,27.8,27.8,27.8,27.8,27.8,27.8,27.8,27.8,27.8,27.8,27.8,27.8,27.8,29.5
2026-06-14|6h_prior,2026-06-14,6h_prior,external_test,27.8,pooled_empirical_residual,empirical_residual,1.25,selected_calibrated,Selected calibrated,26.268750000000004,26.5,26.68125,26.75,27.0,27.112500000000004,27.25,27.25,27.293750000000003,27.5,27.500000000000004,27.625,27.625000000000004,28.0,28.125000000000004,28.175,28.25,28.3375,28.375,28.500000000000004,28.518750000000004,28.625,28.625,28.625,28.75,28.750000000000004,28.750000000000004,28.775,28.875,28.875,29.0,29.0,29.0,29.0,29.125,29.125,29.125000000000004,29.25,29.25,29.25,29.25,29.25,29.30625,29.375,29.375000000000004,29.375000000000004,29.375000000000004,29.5,29.5,29.5,29.5,29.5,29.500000000000004,29.625,29.625,29.625,29.75,29.75,29.750000000000004,29.750000000000004,29.875,29.875,30.0,30.0,30.000000000000004,30.112500000000004,30.25,30.25,30.25,30.25,30.375,30.375000000000004,30.5,30.5,30.5,30.55,30.625,30.625000000000004,30.73125,30.75,30.75,30.7875,30.875,30.875,30.875,30.875,31.0,31.025,31.125,31.125,31.250000000000004,31.375,31.49375,31.5,31.625,31.675000000000004,31.75,32.05,32.48125,29.5
2026-06-14|6h_prior,2026-06-14,6h_prior,external_test,27.8,pooled_empirical_residual,empirical_residual,1.25,selected_uncalibrated,Selected uncalibrated,26.915000000000003,27.1,27.245,27.3,27.5,27.590000000000003,27.7,27.7,27.735000000000003,27.9,27.9,28.0,28.000000000000004,28.3,28.4,28.44,28.5,28.57,28.6,28.700000000000003,28.715000000000003,28.8,28.8,28.8,28.9,28.9,28.9,28.92,29.0,29.0,29.1,29.1,29.1,29.1,29.2,29.2,29.200000000000003,29.3,29.3,29.3,29.3,29.3,29.345,29.4,29.4,29.4,29.4,29.5,29.5,29.5,29.5,29.5,29.500000000000004,29.6,29.6,29.6,29.7,29.7,29.700000000000003,29.700000000000003,29.8,29.8,29.9,29.9,29.9,29.99,30.1,30.1,30.1,30.1,30.2,30.200000000000003,30.3,30.3,30.3,30.34,30.4,30.4,30.485,30.5,30.5,30.53,30.6,30.6,30.6,30.6,30.7,30.72,30.8,30.8,30.9,31.0,31.095,31.1,31.2,31.24,31.3,31.54,31.885,29.5
2026-06-14|event_day_open,2026-06-14,event_day_open,external_test,27.6,pooled_empirical_residual,empirical_residual,1.25,raw_deterministic,Raw deterministic,27.6,27.6,27.6,27.6,27.6,27.6,27.6,27.6,27.6,27.6,27.6,27.6,27.6,27.6,27.6,27.6,27.6,27.6,27.6,27.6,27.6,27.6,27.6,27.6,27.6,27.6,27.6,27.6,27.6,27.6,27.6,27.6,27.6,27.6,27.6,27.6,27.6,27.6,27.6,27.6,27.6,27.6,27.6,27.6,27.6,27.6,27.6,27.6,27.6,27.6,27.6,27.6,27.6,27.6,27.6,27.6,27.6,27.6,27.6,27.6,27.6,27.6,27.6,27.6,27.6,27.6,27.6,27.6,27.6,27.6,27.6,27.6,27.6,27.6,27.6,27.6,27.6,27.6,27.6,27.6,27.6,27.6,27.6,27.6,27.6,27.6,27.6,27.6,27.6,27.6,27.6,27.6,27.6,27.6,27.6,27.6,27.6,27.6,27.6,29.5
2026-06-14|event_day_open,2026-06-14,event_day_open,external_test,27.6,pooled_empirical_residual,empirical_residual,1.25,selected_calibrated,Selected calibrated,26.068750000000005,26.3,26.481250000000003,26.55,26.8,26.912500000000005,27.05,27.05,27.093750000000004,27.3,27.300000000000004,27.425,27.425000000000004,27.8,27.925000000000004,27.975,28.05,28.137500000000003,28.175000000000004,28.300000000000004,28.318750000000005,28.425,28.425,28.425,28.55,28.550000000000004,28.550000000000004,28.575000000000003,28.675,28.675,28.8,28.8,28.800000000000004,28.800000000000004,28.925,28.925,28.925000000000004,29.05,29.05,29.05,29.05,29.05,29.10625,29.175,29.175000000000004,29.175000000000004,29.175000000000004,29.3,29.3,29.3,29.3,29.3,29.300000000000004,29.425,29.425000000000004,29.425000000000004,29.55,29.55,29.550000000000004,29.550000000000004,29.675,29.675,29.8,29.8,29.800000000000004,29.9125,30.050000000000004,30.050000000000004,30.050000000000004,30.050000000000004,30.175,30.175000000000004,30.3,30.3,30.3,30.35,30.425,30.425000000000004,30.53125,30.55,30.55,30.5875,30.675000000000004,30.675000000000004,30.675000000000004,30.675000000000004,30.8,30.825,30.925,30.925,31.050000000000004,31.175,31.29375,31.300000000000004,31.425,31.475,31.55,31.85,32.28125,29.5
2026-06-14|event_day_open,2026-06-14,event_day_open,external_test,27.6,pooled_empirical_residual,empirical_residual,1.25,selected_uncalibrated,Selected uncalibrated,26.715000000000003,26.9,27.045,27.1,27.3,27.390000000000004,27.5,27.5,27.535000000000004,27.7,27.700000000000003,27.8,27.800000000000004,28.1,28.200000000000003,28.24,28.3,28.37,28.4,28.500000000000004,28.515000000000004,28.6,28.6,28.6,28.7,28.700000000000003,28.700000000000003,28.72,28.8,28.8,28.9,28.9,28.9,28.9,29.0,29.0,29.000000000000004,29.1,29.1,29.1,29.1,29.1,29.145,29.2,29.200000000000003,29.200000000000003,29.200000000000003,29.3,29.3,29.3,29.3,29.3,29.300000000000004,29.4,29.4,29.4,29.5,29.5,29.500000000000004,29.500000000000004,29.6,29.6,29.7,29.7,29.700000000000003,29.790000000000003,29.9,29.9,29.9,29.9,30.0,30.000000000000004,30.1,30.1,30.1,30.14,30.2,30.200000000000003,30.285,30.3,30.3,30.33,30.4,30.4,30.4,30.4,30.5,30.52,30.6,30.6,30.700000000000003,30.8,30.895,30.9,31.0,31.040000000000003,31.1,31.34,31.685,29.5
2026-06-15|12h_prior,2026-06-15,12h_prior,external_test,28.6,pooled_empirical_residual,empirical_residual,1.25,raw_deterministic,Raw deterministic,28.6,28.6,28.6,28.6,28.6,28.6,28.6,28.6,28.6,28.6,28.6,28.6,28.6,28.6,28.6,28.6,28.6,28.6,28.6,28.6,28.6,28.6,28.6,28.6,28.6,28.6,28.6,28.6,28.6,28.6,28.6,28.6,28.6,28.6,28.6,28.6,28.6,28.6,28.6,28.6,28.6,28.6,28.6,28.6,28.6,28.6,28.6,28.6,28.6,28.6,28.6,28.6,28.6,28.6,28.6,28.6,28.6,28.6,28.6,28.6,28.6,28.6,28.6,28.6,28.6,28.6,28.6,28.6,28.6,28.6,28.6,28.6,28.6,28.6,28.6,28.6,28.6,28.6,28.6,28.6,28.6,28.6,28.6,28.6,28.6,28.6,28.6,28.6,28.6,28.6,28.6,28.6,28.6,28.6,28.6,28.6,28.6,28.6,28.6,29.9
2026-06-15|12h_prior,2026-06-15,12h_prior,external_test,28.6,pooled_empirical_residual,empirical_residual,1.25,selected_calibrated,Selected calibrated,27.068750000000005,27.3,27.481250000000003,27.55,27.8,27.912500000000005,28.05,28.05,28.093750000000004,28.3,28.300000000000004,28.425,28.425000000000004,28.8,28.925000000000004,28.975,29.05,29.137500000000003,29.175000000000004,29.300000000000004,29.318750000000005,29.425,29.425,29.425,29.55,29.550000000000004,29.550000000000004,29.575000000000003,29.675,29.675,29.8,29.8,29.800000000000004,29.800000000000004,29.925,29.925,29.925000000000004,30.05,30.05,30.05,30.05,30.05,30.10625,30.175,30.175000000000004,30.175000000000004,30.175000000000004,30.3,30.3,30.3,30.3,30.3,30.300000000000004,30.425,30.425000000000004,30.425000000000004,30.55,30.55,30.550000000000004,30.550000000000004,30.675,30.675,30.8,30.8,30.800000000000004,30.9125,31.050000000000004,31.050000000000004,31.050000000000004,31.050000000000004,31.175,31.175000000000004,31.3,31.3,31.3,31.35,31.425,31.425000000000004,31.53125,31.55,31.55,31.5875,31.675000000000004,31.675000000000004,31.675000000000004,31.675000000000004,31.8,31.825,31.925,31.925,32.050000000000004,32.175,32.29375,32.300000000000004,32.425,32.47500000000001,32.550000000000004,32.849999999999994,33.28125,29.9
2026-06-15|12h_prior,2026-06-15,12h_prior,external_test,28.6,pooled_empirical_residual,empirical_residual,1.25,selected_uncalibrated,Selected uncalibrated,27.715000000000003,27.9,28.045,28.1,28.3,28.390000000000004,28.5,28.5,28.535000000000004,28.7,28.700000000000003,28.8,28.800000000000004,29.1,29.200000000000003,29.24,29.3,29.37,29.4,29.500000000000004,29.515000000000004,29.6,29.6,29.6,29.7,29.700000000000003,29.700000000000003,29.72,29.8,29.8,29.9,29.9,29.9,29.9,30.0,30.0,30.000000000000004,30.1,30.1,30.1,30.1,30.1,30.145,30.2,30.200000000000003,30.200000000000003,30.200000000000003,30.3,30.3,30.3,30.3,30.3,30.300000000000004,30.4,30.4,30.4,30.5,30.5,30.500000000000004,30.500000000000004,30.6,30.6,30.7,30.7,30.700000000000003,30.790000000000003,30.9,30.9,30.9,30.9,31.0,31.000000000000004,31.1,31.1,31.1,31.14,31.2,31.200000000000003,31.285,31.3,31.3,31.33,31.4,31.4,31.4,31.4,31.5,31.52,31.6,31.6,31.700000000000003,31.8,31.895,31.9,32.0,32.040000000000006,32.1,32.34,32.685,29.9
2026-06-15|24h_prior,2026-06-15,24h_prior,external_test,28.4,pooled_empirical_residual,empirical_residual,1.25,raw_deterministic,Raw deterministic,28.4,28.4,28.4,28.4,28.4,28.4,28.4,28.4,28.4,28.4,28.4,28.4,28.4,28.4,28.4,28.4,28.4,28.4,28.4,28.4,28.4,28.4,28.4,28.4,28.4,28.4,28.4,28.4,28.4,28.4,28.4,28.4,28.4,28.4,28.4,28.4,28.4,28.4,28.4,28.4,28.4,28.4,28.4,28.4,28.4,28.4,28.4,28.4,28.4,28.4,28.4,28.4,28.4,28.4,28.4,28.4,28.4,28.4,28.4,28.4,28.4,28.4,28.4,28.4,28.4,28.4,28.4,28.4,28.4,28.4,28.4,28.4,28.4,28.4,28.4,28.4,28.4,28.4,28.4,28.4,28.4,28.4,28.4,28.4,28.4,28.4,28.4,28.4,28.4,28.4,28.4,28.4,28.4,28.4,28.4,28.4,28.4,28.4,28.4,29.9
2026-06-15|24h_prior,2026-06-15,24h_prior,external_test,28.4,pooled_empirical_residual,empirical_residual,1.25,selected_calibrated,Selected calibrated,26.86875,27.099999999999994,27.28125,27.35,27.6,27.7125,27.85,27.85,27.89375,28.099999999999994,28.1,28.225,28.225,28.6,28.725,28.775,28.85,28.9375,28.975,29.1,29.11875,29.225,29.225,29.225,29.349999999999994,29.35,29.35,29.375,29.475,29.475,29.599999999999994,29.599999999999994,29.6,29.6,29.725,29.725,29.725,29.85,29.85,29.85,29.85,29.85,29.90625,29.974999999999994,29.975,29.975,29.975,30.1,30.1,30.1,30.1,30.1,30.1,30.224999999999994,30.225,30.225,30.35,30.35,30.35,30.35,30.475,30.475,30.599999999999994,30.599999999999994,30.6,30.7125,30.85,30.85,30.85,30.85,30.975,30.975,31.1,31.1,31.1,31.15,31.224999999999994,31.225,31.33125,31.35,31.35,31.3875,31.475,31.475,31.475,31.475,31.6,31.625,31.725,31.725,31.85,31.975,32.09375,32.1,32.224999999999994,32.275,32.35,32.64999999999999,33.08125,29.9
2026-06-15|24h_prior,2026-06-15,24h_prior,external_test,28.4,pooled_empirical_residual,empirical_residual,1.25,selected_uncalibrated,Selected uncalibrated,27.515,27.7,27.845,27.9,28.1,28.19,28.3,28.3,28.335,28.5,28.5,28.6,28.6,28.9,29.0,29.04,29.1,29.17,29.2,29.3,29.315,29.4,29.4,29.4,29.5,29.5,29.5,29.52,29.6,29.6,29.7,29.7,29.7,29.7,29.8,29.8,29.8,29.9,29.9,29.9,29.9,29.9,29.945,30.0,30.0,30.0,30.0,30.1,30.1,30.1,30.1,30.1,30.1,30.2,30.2,30.2,30.3,30.3,30.3,30.3,30.4,30.4,30.5,30.5,30.5,30.59,30.7,30.7,30.7,30.7,30.8,30.8,30.9,30.9,30.9,30.94,31.0,31.0,31.085,31.1,31.1,31.13,31.2,31.2,31.2,31.2,31.3,31.32,31.4,31.4,31.5,31.6,31.695,31.7,31.8,31.84,31.9,32.13999999999999,32.485,29.9
2026-06-15|6h_prior,2026-06-15,6h_prior,external_test,27.4,pooled_empirical_residual,empirical_residual,1.25,raw_deterministic,Raw deterministic,27.4,27.4,27.4,27.4,27.4,27.4,27.4,27.4,27.4,27.4,27.4,27.4,27.4,27.4,27.4,27.4,27.4,27.4,27.4,27.4,27.4,27.4,27.4,27.4,27.4,27.4,27.4,27.4,27.4,27.4,27.4,27.4,27.4,27.4,27.4,27.4,27.4,27.4,27.4,27.4,27.4,27.4,27.4,27.4,27.4,27.4,27.4,27.4,27.4,27.4,27.4,27.4,27.4,27.4,27.4,27.4,27.4,27.4,27.4,27.4,27.4,27.4,27.4,27.4,27.4,27.4,27.4,27.4,27.4,27.4,27.4,27.4,27.4,27.4,27.4,27.4,27.4,27.4,27.4,27.4,27.4,27.4,27.4,27.4,27.4,27.4,27.4,27.4,27.4,27.4,27.4,27.4,27.4,27.4,27.4,27.4,27.4,27.4,27.4,29.9
2026-06-15|6h_prior,2026-06-15,6h_prior,external_test,27.4,pooled_empirical_residual,empirical_residual,1.25,selected_calibrated,Selected calibrated,25.86875,26.099999999999994,26.28125,26.35,26.6,26.7125,26.85,26.85,26.89375,27.099999999999994,27.1,27.225,27.225,27.6,27.725,27.775,27.85,27.9375,27.975,28.1,28.11875,28.225,28.225,28.225,28.349999999999994,28.35,28.35,28.375,28.475,28.475,28.599999999999994,28.599999999999994,28.6,28.6,28.725,28.725,28.725,28.85,28.85,28.85,28.85,28.85,28.90625,28.974999999999994,28.975,28.975,28.975,29.1,29.1,29.1,29.1,29.1,29.1,29.224999999999994,29.225,29.225,29.35,29.35,29.35,29.35,29.475,29.475,29.599999999999994,29.599999999999994,29.6,29.7125,29.85,29.85,29.85,29.85,29.975,29.975,30.1,30.1,30.1,30.15,30.224999999999994,30.225,30.33125,30.35,30.35,30.3875,30.475,30.475,30.475,30.475,30.6,30.625,30.725,30.725,30.85,30.975,31.09375,31.1,31.225,31.275,31.35,31.65,32.08125,29.9
2026-06-15|6h_prior,2026-06-15,6h_prior,external_test,27.4,pooled_empirical_residual,empirical_residual,1.25,selected_uncalibrated,Selected uncalibrated,26.515,26.7,26.845,26.9,27.1,27.19,27.3,27.3,27.335,27.5,27.5,27.6,27.6,27.9,28.0,28.04,28.1,28.17,28.2,28.3,28.315,28.4,28.4,28.4,28.5,28.5,28.5,28.52,28.6,28.6,28.7,28.7,28.7,28.7,28.8,28.8,28.8,28.9,28.9,28.9,28.9,28.9,28.945,29.0,29.0,29.0,29.0,29.1,29.1,29.1,29.1,29.1,29.1,29.2,29.2,29.2,29.3,29.3,29.3,29.3,29.4,29.4,29.5,29.5,29.5,29.59,29.7,29.7,29.7,29.7,29.8,29.8,29.9,29.9,29.9,29.94,30.0,30.0,30.085,30.1,30.1,30.13,30.2,30.2,30.2,30.2,30.3,30.32,30.4,30.4,30.5,30.6,30.695,30.7,30.8,30.84,30.9,31.14,31.485,29.9
2026-06-15|event_day_open,2026-06-15,event_day_open,external_test,27.8,pooled_empirical_residual,empirical_residual,1.25,raw_deterministic,Raw deterministic,27.8,27.8,27.8,27.8,27.8,27.8,27.8,27.8,27.8,27.8,27.8,27.8,27.8,27.8,27.8,27.8,27.8,27.8,27.8,27.8,27.8,27.8,27.8,27.8,27.8,27.8,27.8,27.8,27.8,27.8,27.8,27.8,27.8,27.8,27.8,27.8,27.8,27.8,27.8,27.8,27.8,27.8,27.8,27.8,27.8,27.8,27.8,27.8,27.8,27.8,27.8,27.8,27.8,27.8,27.8,27.8,27.8,27.8,27.8,27.8,27.8,27.8,27.8,27.8,27.8,27.8,27.8,27.8,27.8,27.8,27.8,27.8,27.8,27.8,27.8,27.8,27.8,27.8,27.8,27.8,27.8,27.8,27.8,27.8,27.8,27.8,27.8,27.8,27.8,27.8,27.8,27.8,27.8,27.8,27.8,27.8,27.8,27.8,27.8,29.9
2026-06-15|event_day_open,2026-06-15,event_day_open,external_test,27.8,pooled_empirical_residual,empirical_residual,1.25,selected_calibrated,Selected calibrated,26.268750000000004,26.5,26.68125,26.75,27.0,27.112500000000004,27.25,27.25,27.293750000000003,27.5,27.500000000000004,27.625,27.625000000000004,28.0,28.125000000000004,28.175,28.25,28.3375,28.375,28.500000000000004,28.518750000000004,28.625,28.625,28.625,28.75,28.750000000000004,28.750000000000004,28.775,28.875,28.875,29.0,29.0,29.0,29.0,29.125,29.125,29.125000000000004,29.25,29.25,29.25,29.25,29.25,29.30625,29.375,29.375000000000004,29.375000000000004,29.375000000000004,29.5,29.5,29.5,29.5,29.5,29.500000000000004,29.625,29.625,29.625,29.75,29.75,29.750000000000004,29.750000000000004,29.875,29.875,30.0,30.0,30.000000000000004,30.112500000000004,30.25,30.25,30.25,30.25,30.375,30.375000000000004,30.5,30.5,30.5,30.55,30.625,30.625000000000004,30.73125,30.75,30.75,30.7875,30.875,30.875,30.875,30.875,31.0,31.025,31.125,31.125,31.250000000000004,31.375,31.49375,31.5,31.625,31.675000000000004,31.75,32.05,32.48125,29.9
2026-06-15|event_day_open,2026-06-15,event_day_open,external_test,27.8,pooled_empirical_residual,empirical_residual,1.25,selected_uncalibrated,Selected uncalibrated,26.915000000000003,27.1,27.245,27.3,27.5,27.590000000000003,27.7,27.7,27.735000000000003,27.9,27.9,28.0,28.000000000000004,28.3,28.4,28.44,28.5,28.57,28.6,28.700000000000003,28.715000000000003,28.8,28.8,28.8,28.9,28.9,28.9,28.92,29.0,29.0,29.1,29.1,29.1,29.1,29.2,29.2,29.200000000000003,29.3,29.3,29.3,29.3,29.3,29.345,29.4,29.4,29.4,29.4,29.5,29.5,29.5,29.5,29.5,29.500000000000004,29.6,29.6,29.6,29.7,29.7,29.700000000000003,29.700000000000003,29.8,29.8,29.9,29.9,29.9,29.99,30.1,30.1,30.1,30.1,30.2,30.200000000000003,30.3,30.3,30.3,30.34,30.4,30.4,30.485,30.5,30.5,30.53,30.6,30.6,30.6,30.6,30.7,30.72,30.8,30.8,30.9,31.0,31.095,31.1,31.2,31.24,31.3,31.54,31.885,29.9
2026-06-16|12h_prior,2026-06-16,12h_prior,external_test,26.5,pooled_empirical_residual,empirical_residual,1.25,raw_deterministic,Raw deterministic,26.5,26.5,26.5,26.5,26.5,26.5,26.5,26.5,26.5,26.5,26.5,26.5,26.5,26.5,26.5,26.5,26.5,26.5,26.5,26.5,26.5,26.5,26.5,26.5,26.5,26.5,26.5,26.5,26.5,26.5,26.5,26.5,26.5,26.5,26.5,26.5,26.5,26.5,26.5,26.5,26.5,26.5,26.5,26.5,26.5,26.5,26.5,26.5,26.5,26.5,26.5,26.5,26.5,26.5,26.5,26.5,26.5,26.5,26.5,26.5,26.5,26.5,26.5,26.5,26.5,26.5,26.5,26.5,26.5,26.5,26.5,26.5,26.5,26.5,26.5,26.5,26.5,26.5,26.5,26.5,26.5,26.5,26.5,26.5,26.5,26.5,26.5,26.5,26.5,26.5,26.5,26.5,26.5,26.5,26.5,26.5,26.5,26.5,26.5,27.1
2026-06-16|12h_prior,2026-06-16,12h_prior,external_test,26.5,pooled_empirical_residual,empirical_residual,1.25,selected_calibrated,Selected calibrated,24.968750000000004,25.2,25.38125,25.45,25.7,25.812500000000004,25.95,25.95,25.99375,26.2,26.200000000000003,26.325,26.325000000000003,26.7,26.825000000000003,26.875,26.95,27.0375,27.075000000000003,27.200000000000003,27.218750000000004,27.325,27.325,27.325,27.45,27.450000000000003,27.450000000000003,27.475,27.575,27.575,27.7,27.7,27.700000000000003,27.700000000000003,27.825,27.825,27.825000000000003,27.95,27.95,27.95,27.95,27.95,28.00625,28.075,28.075000000000003,28.075000000000003,28.075000000000003,28.2,28.2,28.2,28.2,28.2,28.200000000000003,28.325,28.325000000000003,28.325000000000003,28.45,28.45,28.450000000000003,28.450000000000003,28.575,28.575,28.7,28.7,28.700000000000003,28.8125,28.950000000000003,28.950000000000003,28.950000000000003,28.950000000000003,29.075,29.075000000000003,29.2,29.2,29.2,29.25,29.325,29.325000000000003,29.43125,29.45,29.45,29.4875,29.575000000000003,29.575000000000003,29.575000000000003,29.575000000000003,29.7,29.725,29.825,29.825,29.950000000000003,30.075,30.19375,30.200000000000003,30.325,30.375,30.45,30.75,31.18125,27.1
2026-06-16|12h_prior,2026-06-16,12h_prior,external_test,26.5,pooled_empirical_residual,empirical_residual,1.25,selected_uncalibrated,Selected uncalibrated,25.615,25.8,25.945,26.0,26.2,26.290000000000003,26.4,26.4,26.435,26.6,26.6,26.7,26.700000000000003,27.0,27.1,27.14,27.2,27.27,27.3,27.4,27.415000000000003,27.5,27.5,27.5,27.6,27.6,27.6,27.62,27.7,27.7,27.8,27.8,27.8,27.8,27.9,27.9,27.9,28.0,28.0,28.0,28.0,28.0,28.045,28.1,28.1,28.1,28.1,28.2,28.2,28.2,28.2,28.2,28.200000000000003,28.3,28.3,28.3,28.4,28.4,28.4,28.4,28.5,28.5,28.6,28.6,28.6,28.69,28.8,28.8,28.8,28.8,28.9,28.9,29.0,29.0,29.0,29.04,29.1,29.1,29.185,29.2,29.2,29.23,29.3,29.3,29.3,29.3,29.4,29.42,29.5,29.5,29.6,29.7,29.795,29.8,29.9,29.94,30.0,30.24,30.585,27.1
2026-06-16|24h_prior,2026-06-16,24h_prior,external_test,26.4,pooled_empirical_residual,empirical_residual,1.25,raw_deterministic,Raw deterministic,26.4,26.4,26.4,26.4,26.4,26.4,26.4,26.4,26.4,26.4,26.4,26.4,26.4,26.4,26.4,26.4,26.4,26.4,26.4,26.4,26.4,26.4,26.4,26.4,26.4,26.4,26.4,26.4,26.4,26.4,26.4,26.4,26.4,26.4,26.4,26.4,26.4,26.4,26.4,26.4,26.4,26.4,26.4,26.4,26.4,26.4,26.4,26.4,26.4,26.4,26.4,26.4,26.4,26.4,26.4,26.4,26.4,26.4,26.4,26.4,26.4,26.4,26.4,26.4,26.4,26.4,26.4,26.4,26.4,26.4,26.4,26.4,26.4,26.4,26.4,26.4,26.4,26.4,26.4,26.4,26.4,26.4,26.4,26.4,26.4,26.4,26.4,26.4,26.4,26.4,26.4,26.4,26.4,26.4,26.4,26.4,26.4,26.4,26.4,27.1
2026-06-16|24h_prior,2026-06-16,24h_prior,external_test,26.4,pooled_empirical_residual,empirical_residual,1.25,selected_calibrated,Selected calibrated,24.86875,25.099999999999994,25.28125,25.35,25.6,25.7125,25.85,25.85,25.89375,26.099999999999994,26.1,26.225,26.225,26.6,26.725,26.775,26.85,26.9375,26.975,27.1,27.11875,27.225,27.225,27.225,27.349999999999994,27.35,27.35,27.375,27.475,27.475,27.599999999999994,27.599999999999994,27.6,27.6,27.725,27.725,27.725,27.85,27.85,27.85,27.85,27.85,27.90625,27.974999999999994,27.975,27.975,27.975,28.1,28.1,28.1,28.1,28.1,28.1,28.224999999999994,28.225,28.225,28.35,28.35,28.35,28.35,28.475,28.475,28.599999999999994,28.599999999999994,28.6,28.7125,28.85,28.85,28.85,28.85,28.975,28.975,29.1,29.1,29.1,29.15,29.224999999999994,29.225,29.33125,29.35,29.35,29.3875,29.475,29.475,29.475,29.475,29.6,29.625,29.725,29.725,29.85,29.975,30.09375,30.1,30.225,30.275,30.35,30.65,31.08125,27.1
2026-06-16|24h_prior,2026-06-16,24h_prior,external_test,26.4,pooled_empirical_residual,empirical_residual,1.25,selected_uncalibrated,Selected uncalibrated,25.515,25.7,25.845,25.9,26.1,26.19,26.3,26.3,26.335,26.5,26.5,26.6,26.6,26.9,27.0,27.04,27.1,27.17,27.2,27.3,27.315,27.4,27.4,27.4,27.5,27.5,27.5,27.52,27.6,27.6,27.7,27.7,27.7,27.7,27.8,27.8,27.8,27.9,27.9,27.9,27.9,27.9,27.945,28.0,28.0,28.0,28.0,28.1,28.1,28.1,28.1,28.1,28.1,28.2,28.2,28.2,28.3,28.3,28.3,28.3,28.4,28.4,28.5,28.5,28.5,28.59,28.7,28.7,28.7,28.7,28.8,28.8,28.9,28.9,28.9,28.94,29.0,29.0,29.085,29.1,29.1,29.13,29.2,29.2,29.2,29.2,29.3,29.32,29.4,29.4,29.5,29.6,29.695,29.7,29.8,29.84,29.9,30.14,30.485,27.1
2026-06-16|6h_prior,2026-06-16,6h_prior,external_test,27.6,pooled_empirical_residual,empirical_residual,1.25,raw_deterministic,Raw deterministic,27.6,27.6,27.6,27.6,27.6,27.6,27.6,27.6,27.6,27.6,27.6,27.6,27.6,27.6,27.6,27.6,27.6,27.6,27.6,27.6,27.6,27.6,27.6,27.6,27.6,27.6,27.6,27.6,27.6,27.6,27.6,27.6,27.6,27.6,27.6,27.6,27.6,27.6,27.6,27.6,27.6,27.6,27.6,27.6,27.6,27.6,27.6,27.6,27.6,27.6,27.6,27.6,27.6,27.6,27.6,27.6,27.6,27.6,27.6,27.6,27.6,27.6,27.6,27.6,27.6,27.6,27.6,27.6,27.6,27.6,27.6,27.6,27.6,27.6,27.6,27.6,27.6,27.6,27.6,27.6,27.6,27.6,27.6,27.6,27.6,27.6,27.6,27.6,27.6,27.6,27.6,27.6,27.6,27.6,27.6,27.6,27.6,27.6,27.6,27.1
2026-06-16|6h_prior,2026-06-16,6h_prior,external_test,27.6,pooled_empirical_residual,empirical_residual,1.25,selected_calibrated,Selected calibrated,26.068750000000005,26.3,26.481250000000003,26.55,26.8,26.912500000000005,27.05,27.05,27.093750000000004,27.3,27.300000000000004,27.425,27.425000000000004,27.8,27.925000000000004,27.975,28.05,28.137500000000003,28.175000000000004,28.300000000000004,28.318750000000005,28.425,28.425,28.425,28.55,28.550000000000004,28.550000000000004,28.575000000000003,28.675,28.675,28.8,28.8,28.800000000000004,28.800000000000004,28.925,28.925,28.925000000000004,29.05,29.05,29.05,29.05,29.05,29.10625,29.175,29.175000000000004,29.175000000000004,29.175000000000004,29.3,29.3,29.3,29.3,29.3,29.300000000000004,29.425,29.425000000000004,29.425000000000004,29.55,29.55,29.550000000000004,29.550000000000004,29.675,29.675,29.8,29.8,29.800000000000004,29.9125,30.050000000000004,30.050000000000004,30.050000000000004,30.050000000000004,30.175,30.175000000000004,30.3,30.3,30.3,30.35,30.425,30.425000000000004,30.53125,30.55,30.55,30.5875,30.675000000000004,30.675000000000004,30.675000000000004,30.675000000000004,30.8,30.825,30.925,30.925,31.050000000000004,31.175,31.29375,31.300000000000004,31.425,31.475,31.55,31.85,32.28125,27.1
2026-06-16|6h_prior,2026-06-16,6h_prior,external_test,27.6,pooled_empirical_residual,empirical_residual,1.25,selected_uncalibrated,Selected uncalibrated,26.715000000000003,26.9,27.045,27.1,27.3,27.390000000000004,27.5,27.5,27.535000000000004,27.7,27.700000000000003,27.8,27.800000000000004,28.1,28.200000000000003,28.24,28.3,28.37,28.4,28.500000000000004,28.515000000000004,28.6,28.6,28.6,28.7,28.700000000000003,28.700000000000003,28.72,28.8,28.8,28.9,28.9,28.9,28.9,29.0,29.0,29.000000000000004,29.1,29.1,29.1,29.1,29.1,29.145,29.2,29.200000000000003,29.200000000000003,29.200000000000003,29.3,29.3,29.3,29.3,29.3,29.300000000000004,29.4,29.4,29.4,29.5,29.5,29.500000000000004,29.500000000000004,29.6,29.6,29.7,29.7,29.700000000000003,29.790000000000003,29.9,29.9,29.9,29.9,30.0,30.000000000000004,30.1,30.1,30.1,30.14,30.2,30.200000000000003,30.285,30.3,30.3,30.33,30.4,30.4,30.4,30.4,30.5,30.52,30.6,30.6,30.700000000000003,30.8,30.895,30.9,31.0,31.040000000000003,31.1,31.34,31.685,27.1
2026-06-16|event_day_open,2026-06-16,event_day_open,external_test,26.2,pooled_empirical_residual,empirical_residual,1.25,raw_deterministic,Raw deterministic,26.2,26.2,26.2,26.2,26.2,26.2,26.2,26.2,26.2,26.2,26.2,26.2,26.2,26.2,26.2,26.2,26.2,26.2,26.2,26.2,26.2,26.2,26.2,26.2,26.2,26.2,26.2,26.2,26.2,26.2,26.2,26.2,26.2,26.2,26.2,26.2,26.2,26.2,26.2,26.2,26.2,26.2,26.2,26.2,26.2,26.2,26.2,26.2,26.2,26.2,26.2,26.2,26.2,26.2,26.2,26.2,26.2,26.2,26.2,26.2,26.2,26.2,26.2,26.2,26.2,26.2,26.2,26.2,26.2,26.2,26.2,26.2,26.2,26.2,26.2,26.2,26.2,26.2,26.2,26.2,26.2,26.2,26.2,26.2,26.2,26.2,26.2,26.2,26.2,26.2,26.2,26.2,26.2,26.2,26.2,26.2,26.2,26.2,26.2,27.1
2026-06-16|event_day_open,2026-06-16,event_day_open,external_test,26.2,pooled_empirical_residual,empirical_residual,1.25,selected_calibrated,Selected calibrated,24.668750000000003,24.899999999999995,25.08125,25.15,25.4,25.512500000000003,25.65,25.65,25.69375,25.9,25.9,26.025,26.025,26.4,26.525,26.575,26.65,26.7375,26.775,26.9,26.918750000000003,27.025,27.025,27.025,27.15,27.15,27.15,27.175,27.275,27.275,27.399999999999995,27.399999999999995,27.4,27.4,27.525,27.525,27.525,27.65,27.65,27.65,27.65,27.65,27.70625,27.775,27.775,27.775,27.775,27.9,27.9,27.9,27.9,27.9,27.9,28.024999999999995,28.025,28.025,28.15,28.15,28.15,28.15,28.275,28.275,28.4,28.4,28.4,28.512500000000003,28.65,28.65,28.65,28.65,28.775,28.775,28.9,28.9,28.9,28.95,29.025,29.025,29.13125,29.15,29.15,29.1875,29.275,29.275,29.275,29.275,29.4,29.425,29.525,29.525,29.65,29.775,29.89375,29.9,30.025,30.075000000000003,30.15,30.45,30.881249999999994,27.1
2026-06-16|event_day_open,2026-06-16,event_day_open,external_test,26.2,pooled_empirical_residual,empirical_residual,1.25,selected_uncalibrated,Selected uncalibrated,25.315,25.5,25.645,25.7,25.9,25.99,26.1,26.1,26.135,26.3,26.3,26.4,26.4,26.7,26.8,26.84,26.9,26.97,27.0,27.1,27.115,27.2,27.2,27.2,27.3,27.3,27.3,27.32,27.4,27.4,27.5,27.5,27.5,27.5,27.6,27.6,27.6,27.7,27.7,27.7,27.7,27.7,27.745,27.8,27.8,27.8,27.8,27.9,27.9,27.9,27.9,27.9,27.9,28.0,28.0,28.0,28.1,28.1,28.1,28.1,28.2,28.2,28.3,28.3,28.3,28.39,28.5,28.5,28.5,28.5,28.6,28.6,28.7,28.7,28.7,28.74,28.8,28.8,28.885,28.9,28.9,28.93,29.0,29.0,29.0,29.0,29.1,29.12,29.2,29.2,29.3,29.4,29.495,29.5,29.6,29.64,29.7,29.94,30.285,27.1
2026-06-17|12h_prior,2026-06-17,12h_prior,external_test,27.0,pooled_empirical_residual,empirical_residual,1.25,raw_deterministic,Raw deterministic,27.0,27.0,27.0,27.0,27.0,27.0,27.0,27.0,27.0,27.0,27.0,27.0,27.0,27.0,27.0,27.0,27.0,27.0,27.0,27.0,27.0,27.0,27.0,27.0,27.0,27.0,27.0,27.0,27.0,27.0,27.0,27.0,27.0,27.0,27.0,27.0,27.0,27.0,27.0,27.0,27.0,27.0,27.0,27.0,27.0,27.0,27.0,27.0,27.0,27.0,27.0,27.0,27.0,27.0,27.0,27.0,27.0,27.0,27.0,27.0,27.0,27.0,27.0,27.0,27.0,27.0,27.0,27.0,27.0,27.0,27.0,27.0,27.0,27.0,27.0,27.0,27.0,27.0,27.0,27.0,27.0,27.0,27.0,27.0,27.0,27.0,27.0,27.0,27.0,27.0,27.0,27.0,27.0,27.0,27.0,27.0,27.0,27.0,27.0,28.4
2026-06-17|12h_prior,2026-06-17,12h_prior,external_test,27.0,pooled_empirical_residual,empirical_residual,1.25,selected_calibrated,Selected calibrated,25.468750000000004,25.7,25.88125,25.95,26.2,26.312500000000004,26.45,26.45,26.49375,26.7,26.700000000000003,26.825,26.825000000000003,27.2,27.325000000000003,27.375,27.45,27.5375,27.575000000000003,27.700000000000003,27.718750000000004,27.825,27.825,27.825,27.95,27.950000000000003,27.950000000000003,27.975,28.075,28.075,28.2,28.2,28.200000000000003,28.200000000000003,28.325,28.325,28.325000000000003,28.45,28.45,28.45,28.45,28.45,28.50625,28.575,28.575000000000003,28.575000000000003,28.575000000000003,28.7,28.7,28.7,28.7,28.7,28.700000000000003,28.825,28.825000000000003,28.825000000000003,28.95,28.95,28.950000000000003,28.950000000000003,29.075,29.075,29.2,29.2,29.200000000000003,29.3125,29.450000000000003,29.450000000000003,29.450000000000003,29.450000000000003,29.575,29.575000000000003,29.7,29.7,29.7,29.75,29.825,29.825000000000003,29.93125,29.95,29.95,29.9875,30.075000000000003,30.075000000000003,30.075000000000003,30.075000000000003,30.2,30.225,30.325,30.325,30.450000000000003,30.575,30.69375,30.700000000000003,30.825,30.875,30.95,31.25,31.68125,28.4
2026-06-17|12h_prior,2026-06-17,12h_prior,external_test,27.0,pooled_empirical_residual,empirical_residual,1.25,selected_uncalibrated,Selected uncalibrated,26.115,26.3,26.445,26.5,26.7,26.790000000000003,26.9,26.9,26.935,27.1,27.1,27.2,27.200000000000003,27.5,27.6,27.64,27.7,27.77,27.8,27.9,27.915000000000003,28.0,28.0,28.0,28.1,28.1,28.1,28.12,28.2,28.2,28.3,28.3,28.3,28.3,28.4,28.4,28.4,28.5,28.5,28.5,28.5,28.5,28.545,28.6,28.6,28.6,28.6,28.7,28.7,28.7,28.7,28.7,28.700000000000003,28.8,28.8,28.8,28.9,28.9,28.9,28.9,29.0,29.0,29.1,29.1,29.1,29.19,29.3,29.3,29.3,29.3,29.4,29.4,29.5,29.5,29.5,29.54,29.6,29.6,29.685,29.7,29.7,29.73,29.8,29.8,29.8,29.8,29.9,29.92,30.0,30.0,30.1,30.2,30.295,30.3,30.4,30.44,30.5,30.74,31.085,28.4
2026-06-17|24h_prior,2026-06-17,24h_prior,external_test,26.5,pooled_empirical_residual,empirical_residual,1.25,raw_deterministic,Raw deterministic,26.5,26.5,26.5,26.5,26.5,26.5,26.5,26.5,26.5,26.5,26.5,26.5,26.5,26.5,26.5,26.5,26.5,26.5,26.5,26.5,26.5,26.5,26.5,26.5,26.5,26.5,26.5,26.5,26.5,26.5,26.5,26.5,26.5,26.5,26.5,26.5,26.5,26.5,26.5,26.5,26.5,26.5,26.5,26.5,26.5,26.5,26.5,26.5,26.5,26.5,26.5,26.5,26.5,26.5,26.5,26.5,26.5,26.5,26.5,26.5,26.5,26.5,26.5,26.5,26.5,26.5,26.5,26.5,26.5,26.5,26.5,26.5,26.5,26.5,26.5,26.5,26.5,26.5,26.5,26.5,26.5,26.5,26.5,26.5,26.5,26.5,26.5,26.5,26.5,26.5,26.5,26.5,26.5,26.5,26.5,26.5,26.5,26.5,26.5,28.4
2026-06-17|24h_prior,2026-06-17,24h_prior,external_test,26.5,pooled_empirical_residual,empirical_residual,1.25,selected_calibrated,Selected calibrated,24.968750000000004,25.2,25.38125,25.45,25.7,25.812500000000004,25.95,25.95,25.99375,26.2,26.200000000000003,26.325,26.325000000000003,26.7,26.825000000000003,26.875,26.95,27.0375,27.075000000000003,27.200000000000003,27.218750000000004,27.325,27.325,27.325,27.45,27.450000000000003,27.450000000000003,27.475,27.575,27.575,27.7,27.7,27.700000000000003,27.700000000000003,27.825,27.825,27.825000000000003,27.95,27.95,27.95,27.95,27.95,28.00625,28.075,28.075000000000003,28.075000000000003,28.075000000000003,28.2,28.2,28.2,28.2,28.2,28.200000000000003,28.325,28.325000000000003,28.325000000000003,28.45,28.45,28.450000000000003,28.450000000000003,28.575,28.575,28.7,28.7,28.700000000000003,28.8125,28.950000000000003,28.950000000000003,28.950000000000003,28.950000000000003,29.075,29.075000000000003,29.2,29.2,29.2,29.25,29.325,29.325000000000003,29.43125,29.45,29.45,29.4875,29.575000000000003,29.575000000000003,29.575000000000003,29.575000000000003,29.7,29.725,29.825,29.825,29.950000000000003,30.075,30.19375,30.200000000000003,30.325,30.375,30.45,30.75,31.18125,28.4
2026-06-17|24h_prior,2026-06-17,24h_prior,external_test,26.5,pooled_empirical_residual,empirical_residual,1.25,selected_uncalibrated,Selected uncalibrated,25.615,25.8,25.945,26.0,26.2,26.290000000000003,26.4,26.4,26.435,26.6,26.6,26.7,26.700000000000003,27.0,27.1,27.14,27.2,27.27,27.3,27.4,27.415000000000003,27.5,27.5,27.5,27.6,27.6,27.6,27.62,27.7,27.7,27.8,27.8,27.8,27.8,27.9,27.9,27.9,28.0,28.0,28.0,28.0,28.0,28.045,28.1,28.1,28.1,28.1,28.2,28.2,28.2,28.2,28.2,28.200000000000003,28.3,28.3,28.3,28.4,28.4,28.4,28.4,28.5,28.5,28.6,28.6,28.6,28.69,28.8,28.8,28.8,28.8,28.9,28.9,29.0,29.0,29.0,29.04,29.1,29.1,29.185,29.2,29.2,29.23,29.3,29.3,29.3,29.3,29.4,29.42,29.5,29.5,29.6,29.7,29.795,29.8,29.9,29.94,30.0,30.24,30.585,28.4
2026-06-17|6h_prior,2026-06-17,6h_prior,external_test,26.4,pooled_empirical_residual,empirical_residual,1.25,raw_deterministic,Raw deterministic,26.4,26.4,26.4,26.4,26.4,26.4,26.4,26.4,26.4,26.4,26.4,26.4,26.4,26.4,26.4,26.4,26.4,26.4,26.4,26.4,26.4,26.4,26.4,26.4,26.4,26.4,26.4,26.4,26.4,26.4,26.4,26.4,26.4,26.4,26.4,26.4,26.4,26.4,26.4,26.4,26.4,26.4,26.4,26.4,26.4,26.4,26.4,26.4,26.4,26.4,26.4,26.4,26.4,26.4,26.4,26.4,26.4,26.4,26.4,26.4,26.4,26.4,26.4,26.4,26.4,26.4,26.4,26.4,26.4,26.4,26.4,26.4,26.4,26.4,26.4,26.4,26.4,26.4,26.4,26.4,26.4,26.4,26.4,26.4,26.4,26.4,26.4,26.4,26.4,26.4,26.4,26.4,26.4,26.4,26.4,26.4,26.4,26.4,26.4,28.4
2026-06-17|6h_prior,2026-06-17,6h_prior,external_test,26.4,pooled_empirical_residual,empirical_residual,1.25,selected_calibrated,Selected calibrated,24.86875,25.099999999999994,25.28125,25.35,25.6,25.7125,25.85,25.85,25.89375,26.099999999999994,26.1,26.225,26.225,26.6,26.725,26.775,26.85,26.9375,26.975,27.1,27.11875,27.225,27.225,27.225,27.349999999999994,27.35,27.35,27.375,27.475,27.475,27.599999999999994,27.599999999999994,27.6,27.6,27.725,27.725,27.725,27.85,27.85,27.85,27.85,27.85,27.90625,27.974999999999994,27.975,27.975,27.975,28.1,28.1,28.1,28.1,28.1,28.1,28.224999999999994,28.225,28.225,28.35,28.35,28.35,28.35,28.475,28.475,28.599999999999994,28.599999999999994,28.6,28.7125,28.85,28.85,28.85,28.85,28.975,28.975,29.1,29.1,29.1,29.15,29.224999999999994,29.225,29.33125,29.35,29.35,29.3875,29.475,29.475,29.475,29.475,29.6,29.625,29.725,29.725,29.85,29.975,30.09375,30.1,30.225,30.275,30.35,30.65,31.08125,28.4
2026-06-17|6h_prior,2026-06-17,6h_prior,external_test,26.4,pooled_empirical_residual,empirical_residual,1.25,selected_uncalibrated,Selected uncalibrated,25.515,25.7,25.845,25.9,26.1,26.19,26.3,26.3,26.335,26.5,26.5,26.6,26.6,26.9,27.0,27.04,27.1,27.17,27.2,27.3,27.315,27.4,27.4,27.4,27.5,27.5,27.5,27.52,27.6,27.6,27.7,27.7,27.7,27.7,27.8,27.8,27.8,27.9,27.9,27.9,27.9,27.9,27.945,28.0,28.0,28.0,28.0,28.1,28.1,28.1,28.1,28.1,28.1,28.2,28.2,28.2,28.3,28.3,28.3,28.3,28.4,28.4,28.5,28.5,28.5,28.59,28.7,28.7,28.7,28.7,28.8,28.8,28.9,28.9,28.9,28.94,29.0,29.0,29.085,29.1,29.1,29.13,29.2,29.2,29.2,29.2,29.3,29.32,29.4,29.4,29.5,29.6,29.695,29.7,29.8,29.84,29.9,30.14,30.485,28.4
2026-06-17|event_day_open,2026-06-17,event_day_open,external_test,27.1,pooled_empirical_residual,empirical_residual,1.25,raw_deterministic,Raw deterministic,27.1,27.1,27.1,27.1,27.1,27.1,27.1,27.1,27.1,27.1,27.1,27.1,27.1,27.1,27.1,27.1,27.1,27.1,27.1,27.1,27.1,27.1,27.1,27.1,27.1,27.1,27.1,27.1,27.1,27.1,27.1,27.1,27.1,27.1,27.1,27.1,27.1,27.1,27.1,27.1,27.1,27.1,27.1,27.1,27.1,27.1,27.1,27.1,27.1,27.1,27.1,27.1,27.1,27.1,27.1,27.1,27.1,27.1,27.1,27.1,27.1,27.1,27.1,27.1,27.1,27.1,27.1,27.1,27.1,27.1,27.1,27.1,27.1,27.1,27.1,27.1,27.1,27.1,27.1,27.1,27.1,27.1,27.1,27.1,27.1,27.1,27.1,27.1,27.1,27.1,27.1,27.1,27.1,27.1,27.1,27.1,27.1,27.1,27.1,28.4
2026-06-17|event_day_open,2026-06-17,event_day_open,external_test,27.1,pooled_empirical_residual,empirical_residual,1.25,selected_calibrated,Selected calibrated,25.568750000000005,25.8,25.981250000000003,26.05,26.3,26.412500000000005,26.55,26.55,26.593750000000004,26.8,26.800000000000004,26.925,26.925000000000004,27.3,27.425000000000004,27.475,27.55,27.637500000000003,27.675000000000004,27.800000000000004,27.818750000000005,27.925,27.925,27.925,28.05,28.050000000000004,28.050000000000004,28.075000000000003,28.175,28.175,28.3,28.3,28.300000000000004,28.300000000000004,28.425,28.425,28.425000000000004,28.55,28.55,28.55,28.55,28.55,28.60625,28.675,28.675000000000004,28.675000000000004,28.675000000000004,28.8,28.8,28.8,28.8,28.8,28.800000000000004,28.925,28.925000000000004,28.925000000000004,29.05,29.05,29.050000000000004,29.050000000000004,29.175,29.175,29.3,29.3,29.300000000000004,29.4125,29.550000000000004,29.550000000000004,29.550000000000004,29.550000000000004,29.675,29.675000000000004,29.8,29.8,29.8,29.85,29.925,29.925000000000004,30.03125,30.05,30.05,30.0875,30.175000000000004,30.175000000000004,30.175000000000004,30.175000000000004,30.3,30.325,30.425,30.425,30.550000000000004,30.675,30.79375,30.800000000000004,30.925,30.975,31.05,31.35,31.78125,28.4
2026-06-17|event_day_open,2026-06-17,event_day_open,external_test,27.1,pooled_empirical_residual,empirical_residual,1.25,selected_uncalibrated,Selected uncalibrated,26.215000000000003,26.4,26.545,26.6,26.8,26.890000000000004,27.0,27.0,27.035000000000004,27.2,27.200000000000003,27.3,27.300000000000004,27.6,27.700000000000003,27.74,27.8,27.87,27.9,28.000000000000004,28.015000000000004,28.1,28.1,28.1,28.2,28.200000000000003,28.200000000000003,28.22,28.3,28.3,28.4,28.4,28.4,28.4,28.5,28.5,28.500000000000004,28.6,28.6,28.6,28.6,28.6,28.645,28.7,28.700000000000003,28.700000000000003,28.700000000000003,28.8,28.8,28.8,28.8,28.8,28.800000000000004,28.9,28.9,28.9,29.0,29.0,29.000000000000004,29.000000000000004,29.1,29.1,29.2,29.2,29.200000000000003,29.290000000000003,29.4,29.4,29.4,29.4,29.5,29.500000000000004,29.6,29.6,29.6,29.64,29.7,29.700000000000003,29.785,29.8,29.8,29.83,29.9,29.9,29.9,29.9,30.0,30.02,30.1,30.1,30.200000000000003,30.3,30.395,30.4,30.5,30.540000000000003,30.6,30.84,31.185,28.4
2026-06-18|12h_prior,2026-06-18,12h_prior,external_test,28.2,pooled_empirical_residual,empirical_residual,1.25,raw_deterministic,Raw deterministic,28.2,28.2,28.2,28.2,28.2,28.2,28.2,28.2,28.2,28.2,28.2,28.2,28.2,28.2,28.2,28.2,28.2,28.2,28.2,28.2,28.2,28.2,28.2,28.2,28.2,28.2,28.2,28.2,28.2,28.2,28.2,28.2,28.2,28.2,28.2,28.2,28.2,28.2,28.2,28.2,28.2,28.2,28.2,28.2,28.2,28.2,28.2,28.2,28.2,28.2,28.2,28.2,28.2,28.2,28.2,28.2,28.2,28.2,28.2,28.2,28.2,28.2,28.2,28.2,28.2,28.2,28.2,28.2,28.2,28.2,28.2,28.2,28.2,28.2,28.2,28.2,28.2,28.2,28.2,28.2,28.2,28.2,28.2,28.2,28.2,28.2,28.2,28.2,28.2,28.2,28.2,28.2,28.2,28.2,28.2,28.2,28.2,28.2,28.2,29.0
2026-06-18|12h_prior,2026-06-18,12h_prior,external_test,28.2,pooled_empirical_residual,empirical_residual,1.25,selected_calibrated,Selected calibrated,26.668750000000003,26.899999999999995,27.08125,27.15,27.4,27.512500000000003,27.65,27.65,27.69375,27.9,27.9,28.025,28.025,28.4,28.525,28.575,28.65,28.7375,28.775,28.9,28.918750000000003,29.025,29.025,29.025,29.15,29.15,29.15,29.175,29.275,29.275,29.399999999999995,29.399999999999995,29.4,29.4,29.525,29.525,29.525,29.65,29.65,29.65,29.65,29.65,29.70625,29.775,29.775,29.775,29.775,29.9,29.9,29.9,29.9,29.9,29.9,30.024999999999995,30.025,30.025,30.15,30.15,30.15,30.15,30.275,30.275,30.4,30.4,30.4,30.512500000000003,30.65,30.65,30.65,30.65,30.775,30.775,30.9,30.9,30.9,30.95,31.025,31.025,31.13125,31.15,31.15,31.1875,31.275,31.275,31.275,31.275,31.4,31.425,31.525,31.525,31.65,31.775,31.89375,31.9,32.025,32.075,32.15,32.45,32.881249999999994,29.0
2026-06-18|12h_prior,2026-06-18,12h_prior,external_test,28.2,pooled_empirical_residual,empirical_residual,1.25,selected_uncalibrated,Selected uncalibrated,27.315,27.5,27.645,27.7,27.9,27.99,28.1,28.1,28.135,28.3,28.3,28.4,28.4,28.7,28.8,28.84,28.9,28.97,29.0,29.1,29.115,29.2,29.2,29.2,29.3,29.3,29.3,29.32,29.4,29.4,29.5,29.5,29.5,29.5,29.6,29.6,29.6,29.7,29.7,29.7,29.7,29.7,29.745,29.8,29.8,29.8,29.8,29.9,29.9,29.9,29.9,29.9,29.9,30.0,30.0,30.0,30.1,30.1,30.1,30.1,30.2,30.2,30.3,30.3,30.3,30.39,30.5,30.5,30.5,30.5,30.6,30.6,30.7,30.7,30.7,30.74,30.8,30.8,30.885,30.9,30.9,30.93,31.0,31.0,31.0,31.0,31.1,31.12,31.2,31.2,31.3,31.4,31.495,31.5,31.6,31.64,31.7,31.94,32.285,29.0
2026-06-18|24h_prior,2026-06-18,24h_prior,external_test,26.1,pooled_empirical_residual,empirical_residual,1.25,raw_deterministic,Raw deterministic,26.1,26.1,26.1,26.1,26.1,26.1,26.1,26.1,26.1,26.1,26.1,26.1,26.1,26.1,26.1,26.1,26.1,26.1,26.1,26.1,26.1,26.1,26.1,26.1,26.1,26.1,26.1,26.1,26.1,26.1,26.1,26.1,26.1,26.1,26.1,26.1,26.1,26.1,26.1,26.1,26.1,26.1,26.1,26.1,26.1,26.1,26.1,26.1,26.1,26.1,26.1,26.1,26.1,26.1,26.1,26.1,26.1,26.1,26.1,26.1,26.1,26.1,26.1,26.1,26.1,26.1,26.1,26.1,26.1,26.1,26.1,26.1,26.1,26.1,26.1,26.1,26.1,26.1,26.1,26.1,26.1,26.1,26.1,26.1,26.1,26.1,26.1,26.1,26.1,26.1,26.1,26.1,26.1,26.1,26.1,26.1,26.1,26.1,26.1,29.0
2026-06-18|24h_prior,2026-06-18,24h_prior,external_test,26.1,pooled_empirical_residual,empirical_residual,1.25,selected_calibrated,Selected calibrated,24.568750000000005,24.8,24.981250000000003,25.05,25.3,25.412500000000005,25.55,25.55,25.593750000000004,25.8,25.800000000000004,25.925,25.925000000000004,26.3,26.425000000000004,26.475,26.55,26.637500000000003,26.675000000000004,26.800000000000004,26.818750000000005,26.925,26.925,26.925,27.05,27.050000000000004,27.050000000000004,27.075000000000003,27.175,27.175,27.3,27.3,27.300000000000004,27.300000000000004,27.425,27.425,27.425000000000004,27.55,27.55,27.55,27.55,27.55,27.60625,27.675,27.675000000000004,27.675000000000004,27.675000000000004,27.8,27.8,27.8,27.8,27.8,27.800000000000004,27.925,27.925000000000004,27.925000000000004,28.05,28.05,28.050000000000004,28.050000000000004,28.175,28.175,28.3,28.3,28.300000000000004,28.4125,28.550000000000004,28.550000000000004,28.550000000000004,28.550000000000004,28.675,28.675000000000004,28.8,28.8,28.8,28.85,28.925,28.925000000000004,29.03125,29.05,29.05,29.0875,29.175000000000004,29.175000000000004,29.175000000000004,29.175000000000004,29.3,29.325,29.425,29.425,29.550000000000004,29.675,29.79375,29.800000000000004,29.925,29.975,30.05,30.35,30.78125,29.0
2026-06-18|24h_prior,2026-06-18,24h_prior,external_test,26.1,pooled_empirical_residual,empirical_residual,1.25,selected_uncalibrated,Selected uncalibrated,25.215000000000003,25.4,25.545,25.6,25.8,25.890000000000004,26.0,26.0,26.035000000000004,26.2,26.200000000000003,26.3,26.300000000000004,26.6,26.700000000000003,26.74,26.8,26.87,26.9,27.000000000000004,27.015000000000004,27.1,27.1,27.1,27.2,27.200000000000003,27.200000000000003,27.22,27.3,27.3,27.4,27.4,27.4,27.4,27.5,27.5,27.500000000000004,27.6,27.6,27.6,27.6,27.6,27.645,27.7,27.700000000000003,27.700000000000003,27.700000000000003,27.8,27.8,27.8,27.8,27.8,27.800000000000004,27.9,27.9,27.9,28.0,28.0,28.000000000000004,28.000000000000004,28.1,28.1,28.2,28.2,28.200000000000003,28.290000000000003,28.4,28.4,28.4,28.4,28.5,28.500000000000004,28.6,28.6,28.6,28.64,28.7,28.700000000000003,28.785,28.8,28.8,28.83,28.9,28.9,28.9,28.9,29.0,29.02,29.1,29.1,29.200000000000003,29.3,29.395,29.4,29.5,29.540000000000003,29.6,29.84,30.185,29.0
2026-06-18|6h_prior,2026-06-18,6h_prior,external_test,27.4,pooled_empirical_residual,empirical_residual,1.25,raw_deterministic,Raw deterministic,27.4,27.4,27.4,27.4,27.4,27.4,27.4,27.4,27.4,27.4,27.4,27.4,27.4,27.4,27.4,27.4,27.4,27.4,27.4,27.4,27.4,27.4,27.4,27.4,27.4,27.4,27.4,27.4,27.4,27.4,27.4,27.4,27.4,27.4,27.4,27.4,27.4,27.4,27.4,27.4,27.4,27.4,27.4,27.4,27.4,27.4,27.4,27.4,27.4,27.4,27.4,27.4,27.4,27.4,27.4,27.4,27.4,27.4,27.4,27.4,27.4,27.4,27.4,27.4,27.4,27.4,27.4,27.4,27.4,27.4,27.4,27.4,27.4,27.4,27.4,27.4,27.4,27.4,27.4,27.4,27.4,27.4,27.4,27.4,27.4,27.4,27.4,27.4,27.4,27.4,27.4,27.4,27.4,27.4,27.4,27.4,27.4,27.4,27.4,29.0
2026-06-18|6h_prior,2026-06-18,6h_prior,external_test,27.4,pooled_empirical_residual,empirical_residual,1.25,selected_calibrated,Selected calibrated,25.86875,26.099999999999994,26.28125,26.35,26.6,26.7125,26.85,26.85,26.89375,27.099999999999994,27.1,27.225,27.225,27.6,27.725,27.775,27.85,27.9375,27.975,28.1,28.11875,28.225,28.225,28.225,28.349999999999994,28.35,28.35,28.375,28.475,28.475,28.599999999999994,28.599999999999994,28.6,28.6,28.725,28.725,28.725,28.85,28.85,28.85,28.85,28.85,28.90625,28.974999999999994,28.975,28.975,28.975,29.1,29.1,29.1,29.1,29.1,29.1,29.224999999999994,29.225,29.225,29.35,29.35,29.35,29.35,29.475,29.475,29.599999999999994,29.599999999999994,29.6,29.7125,29.85,29.85,29.85,29.85,29.975,29.975,30.1,30.1,30.1,30.15,30.224999999999994,30.225,30.33125,30.35,30.35,30.3875,30.475,30.475,30.475,30.475,30.6,30.625,30.725,30.725,30.85,30.975,31.09375,31.1,31.225,31.275,31.35,31.65,32.08125,29.0
2026-06-18|6h_prior,2026-06-18,6h_prior,external_test,27.4,pooled_empirical_residual,empirical_residual,1.25,selected_uncalibrated,Selected uncalibrated,26.515,26.7,26.845,26.9,27.1,27.19,27.3,27.3,27.335,27.5,27.5,27.6,27.6,27.9,28.0,28.04,28.1,28.17,28.2,28.3,28.315,28.4,28.4,28.4,28.5,28.5,28.5,28.52,28.6,28.6,28.7,28.7,28.7,28.7,28.8,28.8,28.8,28.9,28.9,28.9,28.9,28.9,28.945,29.0,29.0,29.0,29.0,29.1,29.1,29.1,29.1,29.1,29.1,29.2,29.2,29.2,29.3,29.3,29.3,29.3,29.4,29.4,29.5,29.5,29.5,29.59,29.7,29.7,29.7,29.7,29.8,29.8,29.9,29.9,29.9,29.94,30.0,30.0,30.085,30.1,30.1,30.13,30.2,30.2,30.2,30.2,30.3,30.32,30.4,30.4,30.5,30.6,30.695,30.7,30.8,30.84,30.9,31.14,31.485,29.0
2026-06-18|event_day_open,2026-06-18,event_day_open,external_test,27.6,pooled_empirical_residual,empirical_residual,1.25,raw_deterministic,Raw deterministic,27.6,27.6,27.6,27.6,27.6,27.6,27.6,27.6,27.6,27.6,27.6,27.6,27.6,27.6,27.6,27.6,27.6,27.6,27.6,27.6,27.6,27.6,27.6,27.6,27.6,27.6,27.6,27.6,27.6,27.6,27.6,27.6,27.6,27.6,27.6,27.6,27.6,27.6,27.6,27.6,27.6,27.6,27.6,27.6,27.6,27.6,27.6,27.6,27.6,27.6,27.6,27.6,27.6,27.6,27.6,27.6,27.6,27.6,27.6,27.6,27.6,27.6,27.6,27.6,27.6,27.6,27.6,27.6,27.6,27.6,27.6,27.6,27.6,27.6,27.6,27.6,27.6,27.6,27.6,27.6,27.6,27.6,27.6,27.6,27.6,27.6,27.6,27.6,27.6,27.6,27.6,27.6,27.6,27.6,27.6,27.6,27.6,27.6,27.6,29.0
2026-06-18|event_day_open,2026-06-18,event_day_open,external_test,27.6,pooled_empirical_residual,empirical_residual,1.25,selected_calibrated,Selected calibrated,26.068750000000005,26.3,26.481250000000003,26.55,26.8,26.912500000000005,27.05,27.05,27.093750000000004,27.3,27.300000000000004,27.425,27.425000000000004,27.8,27.925000000000004,27.975,28.05,28.137500000000003,28.175000000000004,28.300000000000004,28.318750000000005,28.425,28.425,28.425,28.55,28.550000000000004,28.550000000000004,28.575000000000003,28.675,28.675,28.8,28.8,28.800000000000004,28.800000000000004,28.925,28.925,28.925000000000004,29.05,29.05,29.05,29.05,29.05,29.10625,29.175,29.175000000000004,29.175000000000004,29.175000000000004,29.3,29.3,29.3,29.3,29.3,29.300000000000004,29.425,29.425000000000004,29.425000000000004,29.55,29.55,29.550000000000004,29.550000000000004,29.675,29.675,29.8,29.8,29.800000000000004,29.9125,30.050000000000004,30.050000000000004,30.050000000000004,30.050000000000004,30.175,30.175000000000004,30.3,30.3,30.3,30.35,30.425,30.425000000000004,30.53125,30.55,30.55,30.5875,30.675000000000004,30.675000000000004,30.675000000000004,30.675000000000004,30.8,30.825,30.925,30.925,31.050000000000004,31.175,31.29375,31.300000000000004,31.425,31.475,31.55,31.85,32.28125,29.0
2026-06-18|event_day_open,2026-06-18,event_day_open,external_test,27.6,pooled_empirical_residual,empirical_residual,1.25,selected_uncalibrated,Selected uncalibrated,26.715000000000003,26.9,27.045,27.1,27.3,27.390000000000004,27.5,27.5,27.535000000000004,27.7,27.700000000000003,27.8,27.800000000000004,28.1,28.200000000000003,28.24,28.3,28.37,28.4,28.500000000000004,28.515000000000004,28.6,28.6,28.6,28.7,28.700000000000003,28.700000000000003,28.72,28.8,28.8,28.9,28.9,28.9,28.9,29.0,29.0,29.000000000000004,29.1,29.1,29.1,29.1,29.1,29.145,29.2,29.200000000000003,29.200000000000003,29.200000000000003,29.3,29.3,29.3,29.3,29.3,29.300000000000004,29.4,29.4,29.4,29.5,29.5,29.500000000000004,29.500000000000004,29.6,29.6,29.7,29.7,29.700000000000003,29.790000000000003,29.9,29.9,29.9,29.9,30.0,30.000000000000004,30.1,30.1,30.1,30.14,30.2,30.200000000000003,30.285,30.3,30.3,30.33,30.4,30.4,30.4,30.4,30.5,30.52,30.6,30.6,30.700000000000003,30.8,30.895,30.9,31.0,31.040000000000003,31.1,31.34,31.685,29.0
2026-06-19|12h_prior,2026-06-19,12h_prior,external_test,29.5,pooled_empirical_residual,empirical_residual,1.25,raw_deterministic,Raw deterministic,29.5,29.5,29.5,29.5,29.5,29.5,29.5,29.5,29.5,29.5,29.5,29.5,29.5,29.5,29.5,29.5,29.5,29.5,29.5,29.5,29.5,29.5,29.5,29.5,29.5,29.5,29.5,29.5,29.5,29.5,29.5,29.5,29.5,29.5,29.5,29.5,29.5,29.5,29.5,29.5,29.5,29.5,29.5,29.5,29.5,29.5,29.5,29.5,29.5,29.5,29.5,29.5,29.5,29.5,29.5,29.5,29.5,29.5,29.5,29.5,29.5,29.5,29.5,29.5,29.5,29.5,29.5,29.5,29.5,29.5,29.5,29.5,29.5,29.5,29.5,29.5,29.5,29.5,29.5,29.5,29.5,29.5,29.5,29.5,29.5,29.5,29.5,29.5,29.5,29.5,29.5,29.5,29.5,29.5,29.5,29.5,29.5,29.5,29.5,31.3
2026-06-19|12h_prior,2026-06-19,12h_prior,external_test,29.5,pooled_empirical_residual,empirical_residual,1.25,selected_calibrated,Selected calibrated,27.968750000000004,28.2,28.38125,28.45,28.7,28.812500000000004,28.95,28.95,28.99375,29.2,29.200000000000003,29.325,29.325000000000003,29.7,29.825000000000003,29.875,29.95,30.0375,30.075000000000003,30.200000000000003,30.218750000000004,30.325,30.325,30.325,30.45,30.450000000000003,30.450000000000003,30.475,30.575,30.575,30.7,30.7,30.700000000000003,30.700000000000003,30.825,30.825,30.825000000000003,30.95,30.95,30.95,30.95,30.95,31.00625,31.075,31.075000000000003,31.075000000000003,31.075000000000003,31.2,31.2,31.2,31.2,31.2,31.200000000000003,31.325,31.325000000000003,31.325000000000003,31.45,31.45,31.450000000000003,31.450000000000003,31.575,31.575,31.7,31.7,31.700000000000003,31.8125,31.950000000000003,31.950000000000003,31.950000000000003,31.950000000000003,32.075,32.075,32.2,32.2,32.2,32.25,32.325,32.325,32.431250000000006,32.45,32.45,32.4875,32.575,32.575,32.575,32.575,32.7,32.724999999999994,32.825,32.825,32.95,33.075,33.19375,33.2,33.325,33.37500000000001,33.45,33.74999999999999,34.18124999999999,31.3
2026-06-19|12h_prior,2026-06-19,12h_prior,external_test,29.5,pooled_empirical_residual,empirical_residual,1.25,selected_uncalibrated,Selected uncalibrated,28.615,28.8,28.945,29.0,29.2,29.290000000000003,29.4,29.4,29.435,29.6,29.6,29.7,29.700000000000003,30.0,30.1,30.14,30.2,30.27,30.3,30.4,30.415000000000003,30.5,30.5,30.5,30.6,30.6,30.6,30.62,30.7,30.7,30.8,30.8,30.8,30.8,30.9,30.9,30.9,31.0,31.0,31.0,31.0,31.0,31.045,31.1,31.1,31.1,31.1,31.2,31.2,31.2,31.2,31.2,31.200000000000003,31.3,31.3,31.3,31.4,31.4,31.4,31.4,31.5,31.5,31.6,31.6,31.6,31.69,31.8,31.8,31.8,31.8,31.9,31.9,32.0,32.0,32.0,32.04,32.099999999999994,32.1,32.185,32.2,32.2,32.23,32.3,32.3,32.3,32.3,32.4,32.419999999999995,32.5,32.5,32.6,32.7,32.795,32.8,32.9,32.940000000000005,33.0,33.239999999999995,33.584999999999994,31.3
2026-06-19|24h_prior,2026-06-19,24h_prior,external_test,29.7,pooled_empirical_residual,empirical_residual,1.25,raw_deterministic,Raw deterministic,29.7,29.7,29.7,29.7,29.7,29.7,29.7,29.7,29.7,29.7,29.7,29.7,29.7,29.7,29.7,29.7,29.7,29.7,29.7,29.7,29.7,29.7,29.7,29.7,29.7,29.7,29.7,29.7,29.7,29.7,29.7,29.7,29.7,29.7,29.7,29.7,29.7,29.7,29.7,29.7,29.7,29.7,29.7,29.7,29.7,29.7,29.7,29.7,29.7,29.7,29.7,29.7,29.7,29.7,29.7,29.7,29.7,29.7,29.7,29.7,29.7,29.7,29.7,29.7,29.7,29.7,29.7,29.7,29.7,29.7,29.7,29.7,29.7,29.7,29.7,29.7,29.7,29.7,29.7,29.7,29.7,29.7,29.7,29.7,29.7,29.7,29.7,29.7,29.7,29.7,29.7,29.7,29.7,29.7,29.7,29.7,29.7,29.7,29.7,31.3
2026-06-19|24h_prior,2026-06-19,24h_prior,external_test,29.7,pooled_empirical_residual,empirical_residual,1.25,selected_calibrated,Selected calibrated,28.168750000000003,28.399999999999995,28.58125,28.65,28.9,29.012500000000003,29.15,29.15,29.19375,29.4,29.4,29.525,29.525,29.9,30.025,30.075,30.15,30.2375,30.275,30.4,30.418750000000003,30.525,30.525,30.525,30.65,30.65,30.65,30.675,30.775,30.775,30.899999999999995,30.899999999999995,30.9,30.9,31.025,31.025,31.025,31.15,31.15,31.15,31.15,31.15,31.20625,31.275,31.275,31.275,31.275,31.4,31.4,31.4,31.4,31.4,31.4,31.524999999999995,31.525,31.525,31.65,31.65,31.65,31.65,31.775,31.775,31.9,31.9,31.9,32.0125,32.15,32.15,32.15,32.15,32.27499999999999,32.275000000000006,32.400000000000006,32.400000000000006,32.400000000000006,32.45,32.525,32.525,32.631249999999994,32.65,32.65,32.6875,32.775,32.775,32.775,32.775,32.89999999999999,32.925,33.025000000000006,33.025000000000006,33.15,33.275,33.39375,33.4,33.52499999999999,33.575,33.650000000000006,33.95,34.381249999999994,31.3
2026-06-19|24h_prior,2026-06-19,24h_prior,external_test,29.7,pooled_empirical_residual,empirical_residual,1.25,selected_uncalibrated,Selected uncalibrated,28.815,29.0,29.145,29.2,29.4,29.49,29.6,29.6,29.635,29.8,29.8,29.9,29.9,30.2,30.3,30.34,30.4,30.47,30.5,30.6,30.615,30.7,30.7,30.7,30.8,30.8,30.8,30.82,30.9,30.9,31.0,31.0,31.0,31.0,31.1,31.1,31.1,31.2,31.2,31.2,31.2,31.2,31.245,31.3,31.3,31.3,31.3,31.4,31.4,31.4,31.4,31.4,31.4,31.5,31.5,31.5,31.6,31.6,31.6,31.6,31.7,31.7,31.8,31.8,31.8,31.89,32.0,32.0,32.0,32.0,32.099999999999994,32.1,32.2,32.2,32.2,32.24,32.3,32.3,32.385,32.4,32.4,32.43,32.5,32.5,32.5,32.5,32.599999999999994,32.62,32.7,32.7,32.8,32.9,32.995,33.0,33.099999999999994,33.14,33.2,33.44,33.785,31.3
2026-06-19|6h_prior,2026-06-19,6h_prior,external_test,29.6,pooled_empirical_residual,empirical_residual,1.25,raw_deterministic,Raw deterministic,29.6,29.6,29.6,29.6,29.6,29.6,29.6,29.6,29.6,29.6,29.6,29.6,29.6,29.6,29.6,29.6,29.6,29.6,29.6,29.6,29.6,29.6,29.6,29.6,29.6,29.6,29.6,29.6,29.6,29.6,29.6,29.6,29.6,29.6,29.6,29.6,29.6,29.6,29.6,29.6,29.6,29.6,29.6,29.6,29.6,29.6,29.6,29.6,29.6,29.6,29.6,29.6,29.6,29.6,29.6,29.6,29.6,29.6,29.6,29.6,29.6,29.6,29.6,29.6,29.6,29.6,29.6,29.6,29.6,29.6,29.6,29.6,29.6,29.6,29.6,29.6,29.6,29.6,29.6,29.6,29.6,29.6,29.6,29.6,29.6,29.6,29.6,29.6,29.6,29.6,29.6,29.6,29.6,29.6,29.6,29.6,29.6,29.6,29.6,31.3
2026-06-19|6h_prior,2026-06-19,6h_prior,external_test,29.6,pooled_empirical_residual,empirical_residual,1.25,selected_calibrated,Selected calibrated,28.068750000000005,28.3,28.481250000000003,28.55,28.8,28.912500000000005,29.05,29.05,29.093750000000004,29.3,29.300000000000004,29.425,29.425000000000004,29.8,29.925000000000004,29.975,30.05,30.137500000000003,30.175000000000004,30.300000000000004,30.318750000000005,30.425,30.425,30.425,30.55,30.550000000000004,30.550000000000004,30.575000000000003,30.675,30.675,30.8,30.8,30.800000000000004,30.800000000000004,30.925,30.925,30.925000000000004,31.05,31.05,31.05,31.05,31.05,31.10625,31.175,31.175000000000004,31.175000000000004,31.175000000000004,31.3,31.3,31.3,31.3,31.3,31.300000000000004,31.425,31.425000000000004,31.425000000000004,31.55,31.55,31.550000000000004,31.550000000000004,31.675,31.675,31.8,31.8,31.800000000000004,31.9125,32.050000000000004,32.050000000000004,32.050000000000004,32.050000000000004,32.175,32.175,32.300000000000004,32.300000000000004,32.300000000000004,32.35,32.425000000000004,32.425000000000004,32.53125000000001,32.550000000000004,32.550000000000004,32.5875,32.675000000000004,32.675000000000004,32.675000000000004,32.675000000000004,32.8,32.825,32.925000000000004,32.925000000000004,33.050000000000004,33.175000000000004,33.29375,33.300000000000004,33.425,33.47500000000001,33.550000000000004,33.849999999999994,34.28125,31.3
2026-06-19|6h_prior,2026-06-19,6h_prior,external_test,29.6,pooled_empirical_residual,empirical_residual,1.25,selected_uncalibrated,Selected uncalibrated,28.715000000000003,28.9,29.045,29.1,29.3,29.390000000000004,29.5,29.5,29.535000000000004,29.7,29.700000000000003,29.8,29.800000000000004,30.1,30.200000000000003,30.24,30.3,30.37,30.4,30.500000000000004,30.515000000000004,30.6,30.6,30.6,30.7,30.700000000000003,30.700000000000003,30.72,30.8,30.8,30.9,30.9,30.9,30.9,31.0,31.0,31.000000000000004,31.1,31.1,31.1,31.1,31.1,31.145,31.2,31.200000000000003,31.200000000000003,31.200000000000003,31.3,31.3,31.3,31.3,31.3,31.300000000000004,31.4,31.4,31.4,31.5,31.5,31.500000000000004,31.500000000000004,31.6,31.6,31.7,31.7,31.700000000000003,31.790000000000003,31.9,31.9,31.9,31.9,32.0,32.0,32.1,32.1,32.1,32.14,32.2,32.2,32.285000000000004,32.300000000000004,32.300000000000004,32.33,32.400000000000006,32.400000000000006,32.400000000000006,32.400000000000006,32.5,32.52,32.6,32.6,32.7,32.800000000000004,32.895,32.900000000000006,33.0,33.040000000000006,33.1,33.34,33.685,31.3
2026-06-19|event_day_open,2026-06-19,event_day_open,external_test,29.6,pooled_empirical_residual,empirical_residual,1.25,raw_deterministic,Raw deterministic,29.6,29.6,29.6,29.6,29.6,29.6,29.6,29.6,29.6,29.6,29.6,29.6,29.6,29.6,29.6,29.6,29.6,29.6,29.6,29.6,29.6,29.6,29.6,29.6,29.6,29.6,29.6,29.6,29.6,29.6,29.6,29.6,29.6,29.6,29.6,29.6,29.6,29.6,29.6,29.6,29.6,29.6,29.6,29.6,29.6,29.6,29.6,29.6,29.6,29.6,29.6,29.6,29.6,29.6,29.6,29.6,29.6,29.6,29.6,29.6,29.6,29.6,29.6,29.6,29.6,29.6,29.6,29.6,29.6,29.6,29.6,29.6,29.6,29.6,29.6,29.6,29.6,29.6,29.6,29.6,29.6,29.6,29.6,29.6,29.6,29.6,29.6,29.6,29.6,29.6,29.6,29.6,29.6,29.6,29.6,29.6,29.6,29.6,29.6,31.3
2026-06-19|event_day_open,2026-06-19,event_day_open,external_test,29.6,pooled_empirical_residual,empirical_residual,1.25,selected_calibrated,Selected calibrated,28.068750000000005,28.3,28.481250000000003,28.55,28.8,28.912500000000005,29.05,29.05,29.093750000000004,29.3,29.300000000000004,29.425,29.425000000000004,29.8,29.925000000000004,29.975,30.05,30.137500000000003,30.175000000000004,30.300000000000004,30.318750000000005,30.425,30.425,30.425,30.55,30.550000000000004,30.550000000000004,30.575000000000003,30.675,30.675,30.8,30.8,30.800000000000004,30.800000000000004,30.925,30.925,30.925000000000004,31.05,31.05,31.05,31.05,31.05,31.10625,31.175,31.175000000000004,31.175000000000004,31.175000000000004,31.3,31.3,31.3,31.3,31.3,31.300000000000004,31.425,31.425000000000004,31.425000000000004,31.55,31.55,31.550000000000004,31.550000000000004,31.675,31.675,31.8,31.8,31.800000000000004,31.9125,32.050000000000004,32.050000000000004,32.050000000000004,32.050000000000004,32.175,32.175,32.300000000000004,32.300000000000004,32.300000000000004,32.35,32.425000000000004,32.425000000000004,32.53125000000001,32.550000000000004,32.550000000000004,32.5875,32.675000000000004,32.675000000000004,32.675000000000004,32.675000000000004,32.8,32.825,32.925000000000004,32.925000000000004,33.050000000000004,33.175000000000004,33.29375,33.300000000000004,33.425,33.47500000000001,33.550000000000004,33.849999999999994,34.28125,31.3
2026-06-19|event_day_open,2026-06-19,event_day_open,external_test,29.6,pooled_empirical_residual,empirical_residual,1.25,selected_uncalibrated,Selected uncalibrated,28.715000000000003,28.9,29.045,29.1,29.3,29.390000000000004,29.5,29.5,29.535000000000004,29.7,29.700000000000003,29.8,29.800000000000004,30.1,30.200000000000003,30.24,30.3,30.37,30.4,30.500000000000004,30.515000000000004,30.6,30.6,30.6,30.7,30.700000000000003,30.700000000000003,30.72,30.8,30.8,30.9,30.9,30.9,30.9,31.0,31.0,31.000000000000004,31.1,31.1,31.1,31.1,31.1,31.145,31.2,31.200000000000003,31.200000000000003,31.200000000000003,31.3,31.3,31.3,31.3,31.3,31.300000000000004,31.4,31.4,31.4,31.5,31.5,31.500000000000004,31.500000000000004,31.6,31.6,31.7,31.7,31.700000000000003,31.790000000000003,31.9,31.9,31.9,31.9,32.0,32.0,32.1,32.1,32.1,32.14,32.2,32.2,32.285000000000004,32.300000000000004,32.300000000000004,32.33,32.400000000000006,32.400000000000006,32.400000000000006,32.400000000000006,32.5,32.52,32.6,32.6,32.7,32.800000000000004,32.895,32.900000000000006,33.0,33.040000000000006,33.1,33.34,33.685,31.3
2026-06-20|12h_prior,2026-06-20,12h_prior,external_test,30.0,pooled_empirical_residual,empirical_residual,1.25,raw_deterministic,Raw deterministic,30.0,30.0,30.0,30.0,30.0,30.0,30.0,30.0,30.0,30.0,30.0,30.0,30.0,30.0,30.0,30.0,30.0,30.0,30.0,30.0,30.0,30.0,30.0,30.0,30.0,30.0,30.0,30.0,30.0,30.0,30.0,30.0,30.0,30.0,30.0,30.0,30.0,30.0,30.0,30.0,30.0,30.0,30.0,30.0,30.0,30.0,30.0,30.0,30.0,30.0,30.0,30.0,30.0,30.0,30.0,30.0,30.0,30.0,30.0,30.0,30.0,30.0,30.0,30.0,30.0,30.0,30.0,30.0,30.0,30.0,30.0,30.0,30.0,30.0,30.0,30.0,30.0,30.0,30.0,30.0,30.0,30.0,30.0,30.0,30.0,30.0,30.0,30.0,30.0,30.0,30.0,30.0,30.0,30.0,30.0,30.0,30.0,30.0,30.0,31.5
2026-06-20|12h_prior,2026-06-20,12h_prior,external_test,30.0,pooled_empirical_residual,empirical_residual,1.25,selected_calibrated,Selected calibrated,28.468750000000004,28.7,28.88125,28.95,29.2,29.312500000000004,29.45,29.45,29.49375,29.7,29.700000000000003,29.825,29.825000000000003,30.2,30.325000000000003,30.375,30.45,30.5375,30.575000000000003,30.700000000000003,30.718750000000004,30.825,30.825,30.825,30.95,30.950000000000003,30.950000000000003,30.975,31.075,31.075,31.2,31.2,31.200000000000003,31.200000000000003,31.325,31.325,31.325000000000003,31.45,31.45,31.45,31.45,31.45,31.50625,31.575,31.575000000000003,31.575000000000003,31.575000000000003,31.7,31.7,31.7,31.7,31.7,31.700000000000003,31.825,31.825000000000003,31.825000000000003,31.95,31.95,31.950000000000003,31.950000000000003,32.075,32.075,32.2,32.2,32.2,32.3125,32.45,32.45,32.45,32.45,32.575,32.575,32.7,32.7,32.7,32.75,32.825,32.825,32.931250000000006,32.95,32.95,32.9875,33.075,33.075,33.075,33.075,33.2,33.224999999999994,33.325,33.325,33.45,33.575,33.69375,33.7,33.825,33.87500000000001,33.95,34.24999999999999,34.68124999999999,31.5
2026-06-20|12h_prior,2026-06-20,12h_prior,external_test,30.0,pooled_empirical_residual,empirical_residual,1.25,selected_uncalibrated,Selected uncalibrated,29.115,29.3,29.445,29.5,29.7,29.790000000000003,29.9,29.9,29.935,30.1,30.1,30.2,30.200000000000003,30.5,30.6,30.64,30.7,30.77,30.8,30.9,30.915000000000003,31.0,31.0,31.0,31.1,31.1,31.1,31.12,31.2,31.2,31.3,31.3,31.3,31.3,31.4,31.4,31.4,31.5,31.5,31.5,31.5,31.5,31.545,31.6,31.6,31.6,31.6,31.7,31.7,31.7,31.7,31.7,31.700000000000003,31.8,31.8,31.8,31.9,31.9,31.9,31.9,32.0,32.0,32.099999999999994,32.099999999999994,32.1,32.19,32.3,32.3,32.3,32.3,32.4,32.4,32.5,32.5,32.5,32.54,32.599999999999994,32.6,32.685,32.7,32.7,32.73,32.8,32.8,32.8,32.8,32.9,32.919999999999995,33.0,33.0,33.1,33.2,33.295,33.3,33.4,33.440000000000005,33.5,33.739999999999995,34.084999999999994,31.5
2026-06-20|24h_prior,2026-06-20,24h_prior,external_test,30.1,pooled_empirical_residual,empirical_residual,1.25,raw_deterministic,Raw deterministic,30.1,30.1,30.1,30.1,30.1,30.1,30.1,30.1,30.1,30.1,30.1,30.1,30.1,30.1,30.1,30.1,30.1,30.1,30.1,30.1,30.1,30.1,30.1,30.1,30.1,30.1,30.1,30.1,30.1,30.1,30.1,30.1,30.1,30.1,30.1,30.1,30.1,30.1,30.1,30.1,30.1,30.1,30.1,30.1,30.1,30.1,30.1,30.1,30.1,30.1,30.1,30.1,30.1,30.1,30.1,30.1,30.1,30.1,30.1,30.1,30.1,30.1,30.1,30.1,30.1,30.1,30.1,30.1,30.1,30.1,30.1,30.1,30.1,30.1,30.1,30.1,30.1,30.1,30.1,30.1,30.1,30.1,30.1,30.1,30.1,30.1,30.1,30.1,30.1,30.1,30.1,30.1,30.1,30.1,30.1,30.1,30.1,30.1,30.1,31.5
2026-06-20|24h_prior,2026-06-20,24h_prior,external_test,30.1,pooled_empirical_residual,empirical_residual,1.25,selected_calibrated,Selected calibrated,28.568750000000005,28.8,28.981250000000003,29.05,29.3,29.412500000000005,29.55,29.55,29.593750000000004,29.8,29.800000000000004,29.925,29.925000000000004,30.3,30.425000000000004,30.475,30.55,30.637500000000003,30.675000000000004,30.800000000000004,30.818750000000005,30.925,30.925,30.925,31.05,31.050000000000004,31.050000000000004,31.075000000000003,31.175,31.175,31.3,31.3,31.300000000000004,31.300000000000004,31.425,31.425,31.425000000000004,31.55,31.55,31.55,31.55,31.55,31.60625,31.675,31.675000000000004,31.675000000000004,31.675000000000004,31.8,31.8,31.8,31.8,31.8,31.800000000000004,31.925,31.925000000000004,31.925000000000004,32.05,32.05,32.05,32.05,32.175000000000004,32.175000000000004,32.300000000000004,32.300000000000004,32.300000000000004,32.4125,32.550000000000004,32.550000000000004,32.550000000000004,32.550000000000004,32.675,32.675,32.800000000000004,32.800000000000004,32.800000000000004,32.85,32.925000000000004,32.925000000000004,33.03125000000001,33.050000000000004,33.050000000000004,33.0875,33.175000000000004,33.175000000000004,33.175000000000004,33.175000000000004,33.3,33.325,33.425000000000004,33.425000000000004,33.550000000000004,33.675000000000004,33.79375,33.800000000000004,33.925,33.97500000000001,34.050000000000004,34.349999999999994,34.78125,31.5
2026-06-20|24h_prior,2026-06-20,24h_prior,external_test,30.1,pooled_empirical_residual,empirical_residual,1.25,selected_uncalibrated,Selected uncalibrated,29.215000000000003,29.4,29.545,29.6,29.8,29.890000000000004,30.0,30.0,30.035000000000004,30.2,30.200000000000003,30.3,30.300000000000004,30.6,30.700000000000003,30.74,30.8,30.87,30.9,31.000000000000004,31.015000000000004,31.1,31.1,31.1,31.2,31.200000000000003,31.200000000000003,31.22,31.3,31.3,31.4,31.4,31.4,31.4,31.5,31.5,31.500000000000004,31.6,31.6,31.6,31.6,31.6,31.645,31.7,31.700000000000003,31.700000000000003,31.700000000000003,31.8,31.8,31.8,31.8,31.8,31.800000000000004,31.9,31.9,31.9,32.0,32.0,32.0,32.0,32.1,32.1,32.2,32.2,32.2,32.29,32.400000000000006,32.400000000000006,32.400000000000006,32.400000000000006,32.5,32.5,32.6,32.6,32.6,32.64,32.7,32.7,32.785000000000004,32.800000000000004,32.800000000000004,32.83,32.900000000000006,32.900000000000006,32.900000000000006,32.900000000000006,33.0,33.02,33.1,33.1,33.2,33.300000000000004,33.395,33.400000000000006,33.5,33.540000000000006,33.6,33.84,34.185,31.5
2026-06-20|6h_prior,2026-06-20,6h_prior,external_test,30.4,pooled_empirical_residual,empirical_residual,1.25,raw_deterministic,Raw deterministic,30.4,30.4,30.4,30.4,30.4,30.4,30.4,30.4,30.4,30.4,30.4,30.4,30.4,30.4,30.4,30.4,30.4,30.4,30.4,30.4,30.4,30.4,30.4,30.4,30.4,30.4,30.4,30.4,30.4,30.4,30.4,30.4,30.4,30.4,30.4,30.4,30.4,30.4,30.4,30.4,30.4,30.4,30.4,30.4,30.4,30.4,30.4,30.4,30.4,30.4,30.4,30.4,30.4,30.4,30.4,30.4,30.4,30.4,30.4,30.4,30.4,30.4,30.4,30.4,30.4,30.4,30.4,30.4,30.4,30.4,30.4,30.4,30.4,30.4,30.4,30.4,30.4,30.4,30.4,30.4,30.4,30.4,30.4,30.4,30.4,30.4,30.4,30.4,30.4,30.4,30.4,30.4,30.4,30.4,30.4,30.4,30.4,30.4,30.4,31.5
2026-06-20|6h_prior,2026-06-20,6h_prior,external_test,30.4,pooled_empirical_residual,empirical_residual,1.25,selected_calibrated,Selected calibrated,28.86875,29.099999999999994,29.28125,29.35,29.6,29.7125,29.85,29.85,29.893750000000004,30.1,30.1,30.225,30.225,30.6,30.725,30.775,30.85,30.9375,30.975,31.1,31.11875,31.225,31.225,31.225,31.35,31.35,31.35,31.375,31.475,31.475,31.599999999999994,31.599999999999994,31.6,31.6,31.725,31.725,31.725,31.85,31.85,31.85,31.85,31.85,31.90625,31.975,31.975,31.975,31.975,32.099999999999994,32.099999999999994,32.099999999999994,32.099999999999994,32.099999999999994,32.1,32.224999999999994,32.22500000000001,32.22500000000001,32.349999999999994,32.349999999999994,32.349999999999994,32.349999999999994,32.475,32.475,32.6,32.6,32.6,32.7125,32.85000000000001,32.85000000000001,32.85000000000001,32.85000000000001,32.974999999999994,32.974999999999994,33.1,33.1,33.1,33.15,33.225,33.225,33.331250000000004,33.35,33.35,33.3875,33.47500000000001,33.47500000000001,33.47500000000001,33.47500000000001,33.599999999999994,33.62499999999999,33.725,33.725,33.85,33.975,34.09375,34.10000000000001,34.224999999999994,34.275000000000006,34.35,34.64999999999999,35.08125,31.5
2026-06-20|6h_prior,2026-06-20,6h_prior,external_test,30.4,pooled_empirical_residual,empirical_residual,1.25,selected_uncalibrated,Selected uncalibrated,29.515,29.7,29.845,29.9,30.1,30.19,30.3,30.3,30.335,30.5,30.5,30.6,30.6,30.9,31.0,31.04,31.1,31.17,31.2,31.3,31.315,31.4,31.4,31.4,31.5,31.5,31.5,31.52,31.6,31.6,31.7,31.7,31.7,31.7,31.8,31.8,31.8,31.9,31.9,31.9,31.9,31.9,31.945,32.0,32.0,32.0,32.0,32.099999999999994,32.099999999999994,32.099999999999994,32.099999999999994,32.099999999999994,32.1,32.2,32.2,32.2,32.3,32.3,32.3,32.3,32.4,32.4,32.5,32.5,32.5,32.59,32.7,32.7,32.7,32.7,32.8,32.8,32.9,32.9,32.9,32.94,33.0,33.0,33.085,33.1,33.1,33.129999999999995,33.2,33.2,33.2,33.2,33.3,33.31999999999999,33.4,33.4,33.5,33.6,33.695,33.7,33.8,33.84,33.9,34.13999999999999,34.485,31.5
2026-06-20|event_day_open,2026-06-20,event_day_open,external_test,29.9,pooled_empirical_residual,empirical_residual,1.25,raw_deterministic,Raw deterministic,29.9,29.9,29.9,29.9,29.9,29.9,29.9,29.9,29.9,29.9,29.9,29.9,29.9,29.9,29.9,29.9,29.9,29.9,29.9,29.9,29.9,29.9,29.9,29.9,29.9,29.9,29.9,29.9,29.9,29.9,29.9,29.9,29.9,29.9,29.9,29.9,29.9,29.9,29.9,29.9,29.9,29.9,29.9,29.9,29.9,29.9,29.9,29.9,29.9,29.9,29.9,29.9,29.9,29.9,29.9,29.9,29.9,29.9,29.9,29.9,29.9,29.9,29.9,29.9,29.9,29.9,29.9,29.9,29.9,29.9,29.9,29.9,29.9,29.9,29.9,29.9,29.9,29.9,29.9,29.9,29.9,29.9,29.9,29.9,29.9,29.9,29.9,29.9,29.9,29.9,29.9,29.9,29.9,29.9,29.9,29.9,29.9,29.9,29.9,31.5
2026-06-20|event_day_open,2026-06-20,event_day_open,external_test,29.9,pooled_empirical_residual,empirical_residual,1.25,selected_calibrated,Selected calibrated,28.36875,28.599999999999994,28.78125,28.85,29.1,29.2125,29.35,29.35,29.39375,29.599999999999994,29.6,29.725,29.725,30.1,30.225,30.275,30.35,30.4375,30.475,30.6,30.61875,30.725,30.725,30.725,30.849999999999994,30.85,30.85,30.875,30.975,30.975,31.099999999999994,31.099999999999994,31.1,31.1,31.225,31.225,31.225,31.35,31.35,31.35,31.35,31.35,31.40625,31.474999999999994,31.475,31.475,31.475,31.6,31.6,31.6,31.6,31.6,31.6,31.724999999999994,31.725,31.725,31.85,31.85,31.85,31.85,31.975,31.975,32.099999999999994,32.099999999999994,32.1,32.2125,32.35,32.35,32.35,32.35,32.474999999999994,32.474999999999994,32.6,32.6,32.6,32.65,32.725,32.725,32.831250000000004,32.85,32.85,32.8875,32.975,32.975,32.975,32.975,33.099999999999994,33.12499999999999,33.225,33.225,33.35,33.475,33.59375,33.6,33.724999999999994,33.775000000000006,33.85,34.14999999999999,34.58125,31.5
2026-06-20|event_day_open,2026-06-20,event_day_open,external_test,29.9,pooled_empirical_residual,empirical_residual,1.25,selected_uncalibrated,Selected uncalibrated,29.015,29.2,29.345,29.4,29.6,29.69,29.8,29.8,29.835,30.0,30.0,30.1,30.1,30.4,30.5,30.54,30.6,30.67,30.7,30.8,30.815,30.9,30.9,30.9,31.0,31.0,31.0,31.02,31.1,31.1,31.2,31.2,31.2,31.2,31.3,31.3,31.3,31.4,31.4,31.4,31.4,31.4,31.445,31.5,31.5,31.5,31.5,31.6,31.6,31.6,31.6,31.6,31.6,31.7,31.7,31.7,31.8,31.8,31.8,31.8,31.9,31.9,32.0,32.0,32.0,32.09,32.2,32.2,32.2,32.2,32.3,32.3,32.4,32.4,32.4,32.44,32.5,32.5,32.585,32.6,32.6,32.629999999999995,32.7,32.7,32.7,32.7,32.8,32.81999999999999,32.9,32.9,33.0,33.1,33.195,33.2,33.3,33.34,33.4,33.63999999999999,33.985,31.5
2026-06-21|12h_prior,2026-06-21,12h_prior,external_test,30.4,pooled_empirical_residual,empirical_residual,1.25,raw_deterministic,Raw deterministic,30.4,30.4,30.4,30.4,30.4,30.4,30.4,30.4,30.4,30.4,30.4,30.4,30.4,30.4,30.4,30.4,30.4,30.4,30.4,30.4,30.4,30.4,30.4,30.4,30.4,30.4,30.4,30.4,30.4,30.4,30.4,30.4,30.4,30.4,30.4,30.4,30.4,30.4,30.4,30.4,30.4,30.4,30.4,30.4,30.4,30.4,30.4,30.4,30.4,30.4,30.4,30.4,30.4,30.4,30.4,30.4,30.4,30.4,30.4,30.4,30.4,30.4,30.4,30.4,30.4,30.4,30.4,30.4,30.4,30.4,30.4,30.4,30.4,30.4,30.4,30.4,30.4,30.4,30.4,30.4,30.4,30.4,30.4,30.4,30.4,30.4,30.4,30.4,30.4,30.4,30.4,30.4,30.4,30.4,30.4,30.4,30.4,30.4,30.4,33.1
2026-06-21|12h_prior,2026-06-21,12h_prior,external_test,30.4,pooled_empirical_residual,empirical_residual,1.25,selected_calibrated,Selected calibrated,28.86875,29.099999999999994,29.28125,29.35,29.6,29.7125,29.85,29.85,29.893750000000004,30.1,30.1,30.225,30.225,30.6,30.725,30.775,30.85,30.9375,30.975,31.1,31.11875,31.225,31.225,31.225,31.35,31.35,31.35,31.375,31.475,31.475,31.599999999999994,31.599999999999994,31.6,31.6,31.725,31.725,31.725,31.85,31.85,31.85,31.85,31.85,31.90625,31.975,31.975,31.975,31.975,32.099999999999994,32.099999999999994,32.099999999999994,32.099999999999994,32.099999999999994,32.1,32.224999999999994,32.22500000000001,32.22500000000001,32.349999999999994,32.349999999999994,32.349999999999994,32.349999999999994,32.475,32.475,32.6,32.6,32.6,32.7125,32.85000000000001,32.85000000000001,32.85000000000001,32.85000000000001,32.974999999999994,32.974999999999994,33.1,33.1,33.1,33.15,33.225,33.225,33.331250000000004,33.35,33.35,33.3875,33.47500000000001,33.47500000000001,33.47500000000001,33.47500000000001,33.599999999999994,33.62499999999999,33.725,33.725,33.85,33.975,34.09375,34.10000000000001,34.224999999999994,34.275000000000006,34.35,34.64999999999999,35.08125,33.1
2026-06-21|12h_prior,2026-06-21,12h_prior,external_test,30.4,pooled_empirical_residual,empirical_residual,1.25,selected_uncalibrated,Selected uncalibrated,29.515,29.7,29.845,29.9,30.1,30.19,30.3,30.3,30.335,30.5,30.5,30.6,30.6,30.9,31.0,31.04,31.1,31.17,31.2,31.3,31.315,31.4,31.4,31.4,31.5,31.5,31.5,31.52,31.6,31.6,31.7,31.7,31.7,31.7,31.8,31.8,31.8,31.9,31.9,31.9,31.9,31.9,31.945,32.0,32.0,32.0,32.0,32.099999999999994,32.099999999999994,32.099999999999994,32.099999999999994,32.099999999999994,32.1,32.2,32.2,32.2,32.3,32.3,32.3,32.3,32.4,32.4,32.5,32.5,32.5,32.59,32.7,32.7,32.7,32.7,32.8,32.8,32.9,32.9,32.9,32.94,33.0,33.0,33.085,33.1,33.1,33.129999999999995,33.2,33.2,33.2,33.2,33.3,33.31999999999999,33.4,33.4,33.5,33.6,33.695,33.7,33.8,33.84,33.9,34.13999999999999,34.485,33.1
2026-06-21|24h_prior,2026-06-21,24h_prior,external_test,30.2,pooled_empirical_residual,empirical_residual,1.25,raw_deterministic,Raw deterministic,30.2,30.2,30.2,30.2,30.2,30.2,30.2,30.2,30.2,30.2,30.2,30.2,30.2,30.2,30.2,30.2,30.2,30.2,30.2,30.2,30.2,30.2,30.2,30.2,30.2,30.2,30.2,30.2,30.2,30.2,30.2,30.2,30.2,30.2,30.2,30.2,30.2,30.2,30.2,30.2,30.2,30.2,30.2,30.2,30.2,30.2,30.2,30.2,30.2,30.2,30.2,30.2,30.2,30.2,30.2,30.2,30.2,30.2,30.2,30.2,30.2,30.2,30.2,30.2,30.2,30.2,30.2,30.2,30.2,30.2,30.2,30.2,30.2,30.2,30.2,30.2,30.2,30.2,30.2,30.2,30.2,30.2,30.2,30.2,30.2,30.2,30.2,30.2,30.2,30.2,30.2,30.2,30.2,30.2,30.2,30.2,30.2,30.2,30.2,33.1
2026-06-21|24h_prior,2026-06-21,24h_prior,external_test,30.2,pooled_empirical_residual,empirical_residual,1.25,selected_calibrated,Selected calibrated,28.668750000000003,28.899999999999995,29.08125,29.15,29.4,29.512500000000003,29.65,29.65,29.69375,29.9,29.9,30.025,30.025,30.4,30.525,30.575,30.65,30.7375,30.775,30.9,30.918750000000003,31.025,31.025,31.025,31.15,31.15,31.15,31.175,31.275,31.275,31.399999999999995,31.399999999999995,31.4,31.4,31.525,31.525,31.525,31.65,31.65,31.65,31.65,31.65,31.70625,31.775,31.775,31.775,31.775,31.9,31.9,31.9,31.9,31.9,31.9,32.025,32.025,32.025,32.14999999999999,32.14999999999999,32.150000000000006,32.150000000000006,32.275000000000006,32.275000000000006,32.4,32.4,32.4,32.5125,32.65,32.65,32.65,32.65,32.77499999999999,32.775000000000006,32.900000000000006,32.900000000000006,32.900000000000006,32.95,33.025,33.025,33.131249999999994,33.15,33.15,33.1875,33.275,33.275,33.275,33.275,33.39999999999999,33.425,33.525000000000006,33.525000000000006,33.65,33.775,33.89375,33.9,34.02499999999999,34.075,34.150000000000006,34.45,34.881249999999994,33.1
2026-06-21|24h_prior,2026-06-21,24h_prior,external_test,30.2,pooled_empirical_residual,empirical_residual,1.25,selected_uncalibrated,Selected uncalibrated,29.315,29.5,29.645,29.7,29.9,29.99,30.1,30.1,30.135,30.3,30.3,30.4,30.4,30.7,30.8,30.84,30.9,30.97,31.0,31.1,31.115,31.2,31.2,31.2,31.3,31.3,31.3,31.32,31.4,31.4,31.5,31.5,31.5,31.5,31.6,31.6,31.6,31.7,31.7,31.7,31.7,31.7,31.745,31.8,31.8,31.8,31.8,31.9,31.9,31.9,31.9,31.9,31.9,32.0,32.0,32.0,32.099999999999994,32.099999999999994,32.1,32.1,32.2,32.2,32.3,32.3,32.3,32.39,32.5,32.5,32.5,32.5,32.599999999999994,32.6,32.7,32.7,32.7,32.74,32.8,32.8,32.885,32.9,32.9,32.93,33.0,33.0,33.0,33.0,33.099999999999994,33.12,33.2,33.2,33.3,33.4,33.495,33.5,33.599999999999994,33.64,33.7,33.94,34.285,33.1
2026-06-21|6h_prior,2026-06-21,6h_prior,external_test,30.6,pooled_empirical_residual,empirical_residual,1.25,raw_deterministic,Raw deterministic,30.6,30.6,30.6,30.6,30.6,30.6,30.6,30.6,30.6,30.6,30.6,30.6,30.6,30.6,30.6,30.6,30.6,30.6,30.6,30.6,30.6,30.6,30.6,30.6,30.6,30.6,30.6,30.6,30.6,30.6,30.6,30.6,30.6,30.6,30.6,30.6,30.6,30.6,30.6,30.6,30.6,30.6,30.6,30.6,30.6,30.6,30.6,30.6,30.6,30.6,30.6,30.6,30.6,30.6,30.6,30.6,30.6,30.6,30.6,30.6,30.6,30.6,30.6,30.6,30.6,30.6,30.6,30.6,30.6,30.6,30.6,30.6,30.6,30.6,30.6,30.6,30.6,30.6,30.6,30.6,30.6,30.6,30.6,30.6,30.6,30.6,30.6,30.6,30.6,30.6,30.6,30.6,30.6,30.6,30.6,30.6,30.6,30.6,30.6,33.1
2026-06-21|6h_prior,2026-06-21,6h_prior,external_test,30.6,pooled_empirical_residual,empirical_residual,1.25,selected_calibrated,Selected calibrated,29.068750000000005,29.3,29.481250000000003,29.550000000000004,29.8,29.912500000000005,30.05,30.05,30.093750000000007,30.3,30.300000000000004,30.425,30.425000000000004,30.800000000000004,30.925000000000004,30.975,31.05,31.137500000000003,31.175000000000004,31.300000000000004,31.318750000000005,31.425000000000004,31.425000000000004,31.425000000000004,31.55,31.550000000000004,31.550000000000004,31.575000000000003,31.675,31.675,31.8,31.8,31.800000000000004,31.800000000000004,31.925,31.925,31.925,32.050000000000004,32.050000000000004,32.050000000000004,32.050000000000004,32.050000000000004,32.10625,32.175000000000004,32.175000000000004,32.175000000000004,32.175000000000004,32.3,32.3,32.3,32.3,32.3,32.300000000000004,32.425,32.42500000000001,32.42500000000001,32.55,32.55,32.55,32.55,32.675000000000004,32.675000000000004,32.800000000000004,32.800000000000004,32.800000000000004,32.9125,33.05000000000001,33.05000000000001,33.05000000000001,33.05000000000001,33.175,33.175,33.300000000000004,33.300000000000004,33.300000000000004,33.35,33.425000000000004,33.425000000000004,33.53125000000001,33.550000000000004,33.550000000000004,33.5875,33.67500000000001,33.67500000000001,33.67500000000001,33.67500000000001,33.8,33.825,33.925000000000004,33.925000000000004,34.050000000000004,34.175000000000004,34.29375,34.30000000000001,34.425,34.47500000000001,34.550000000000004,34.849999999999994,35.28125,33.1
2026-06-21|6h_prior,2026-06-21,6h_prior,external_test,30.6,pooled_empirical_residual,empirical_residual,1.25,selected_uncalibrated,Selected uncalibrated,29.715000000000003,29.9,30.045,30.1,30.3,30.390000000000004,30.5,30.5,30.535000000000004,30.7,30.700000000000003,30.8,30.800000000000004,31.1,31.200000000000003,31.24,31.3,31.37,31.4,31.500000000000004,31.515000000000004,31.6,31.6,31.6,31.7,31.700000000000003,31.700000000000003,31.72,31.8,31.8,31.9,31.9,31.9,31.9,32.0,32.0,32.0,32.1,32.1,32.1,32.1,32.1,32.145,32.2,32.2,32.2,32.2,32.3,32.3,32.3,32.3,32.3,32.300000000000004,32.4,32.400000000000006,32.400000000000006,32.5,32.5,32.5,32.5,32.6,32.6,32.7,32.7,32.7,32.79,32.900000000000006,32.900000000000006,32.900000000000006,32.900000000000006,33.0,33.0,33.1,33.1,33.1,33.14,33.2,33.2,33.285000000000004,33.300000000000004,33.300000000000004,33.33,33.400000000000006,33.400000000000006,33.400000000000006,33.400000000000006,33.5,33.52,33.6,33.6,33.7,33.800000000000004,33.895,33.900000000000006,34.0,34.040000000000006,34.1,34.34,34.685,33.1
2026-06-21|event_day_open,2026-06-21,event_day_open,external_test,30.4,pooled_empirical_residual,empirical_residual,1.25,raw_deterministic,Raw deterministic,30.4,30.4,30.4,30.4,30.4,30.4,30.4,30.4,30.4,30.4,30.4,30.4,30.4,30.4,30.4,30.4,30.4,30.4,30.4,30.4,30.4,30.4,30.4,30.4,30.4,30.4,30.4,30.4,30.4,30.4,30.4,30.4,30.4,30.4,30.4,30.4,30.4,30.4,30.4,30.4,30.4,30.4,30.4,30.4,30.4,30.4,30.4,30.4,30.4,30.4,30.4,30.4,30.4,30.4,30.4,30.4,30.4,30.4,30.4,30.4,30.4,30.4,30.4,30.4,30.4,30.4,30.4,30.4,30.4,30.4,30.4,30.4,30.4,30.4,30.4,30.4,30.4,30.4,30.4,30.4,30.4,30.4,30.4,30.4,30.4,30.4,30.4,30.4,30.4,30.4,30.4,30.4,30.4,30.4,30.4,30.4,30.4,30.4,30.4,33.1
2026-06-21|event_day_open,2026-06-21,event_day_open,external_test,30.4,pooled_empirical_residual,empirical_residual,1.25,selected_calibrated,Selected calibrated,28.86875,29.099999999999994,29.28125,29.35,29.6,29.7125,29.85,29.85,29.893750000000004,30.1,30.1,30.225,30.225,30.6,30.725,30.775,30.85,30.9375,30.975,31.1,31.11875,31.225,31.225,31.225,31.35,31.35,31.35,31.375,31.475,31.475,31.599999999999994,31.599999999999994,31.6,31.6,31.725,31.725,31.725,31.85,31.85,31.85,31.85,31.85,31.90625,31.975,31.975,31.975,31.975,32.099999999999994,32.099999999999994,32.099999999999994,32.099999999999994,32.099999999999994,32.1,32.224999999999994,32.22500000000001,32.22500000000001,32.349999999999994,32.349999999999994,32.349999999999994,32.349999999999994,32.475,32.475,32.6,32.6,32.6,32.7125,32.85000000000001,32.85000000000001,32.85000000000001,32.85000000000001,32.974999999999994,32.974999999999994,33.1,33.1,33.1,33.15,33.225,33.225,33.331250000000004,33.35,33.35,33.3875,33.47500000000001,33.47500000000001,33.47500000000001,33.47500000000001,33.599999999999994,33.62499999999999,33.725,33.725,33.85,33.975,34.09375,34.10000000000001,34.224999999999994,34.275000000000006,34.35,34.64999999999999,35.08125,33.1
2026-06-21|event_day_open,2026-06-21,event_day_open,external_test,30.4,pooled_empirical_residual,empirical_residual,1.25,selected_uncalibrated,Selected uncalibrated,29.515,29.7,29.845,29.9,30.1,30.19,30.3,30.3,30.335,30.5,30.5,30.6,30.6,30.9,31.0,31.04,31.1,31.17,31.2,31.3,31.315,31.4,31.4,31.4,31.5,31.5,31.5,31.52,31.6,31.6,31.7,31.7,31.7,31.7,31.8,31.8,31.8,31.9,31.9,31.9,31.9,31.9,31.945,32.0,32.0,32.0,32.0,32.099999999999994,32.099999999999994,32.099999999999994,32.099999999999994,32.099999999999994,32.1,32.2,32.2,32.2,32.3,32.3,32.3,32.3,32.4,32.4,32.5,32.5,32.5,32.59,32.7,32.7,32.7,32.7,32.8,32.8,32.9,32.9,32.9,32.94,33.0,33.0,33.085,33.1,33.1,33.129999999999995,33.2,33.2,33.2,33.2,33.3,33.31999999999999,33.4,33.4,33.5,33.6,33.695,33.7,33.8,33.84,33.9,34.13999999999999,34.485,33.1
2026-06-22|12h_prior,2026-06-22,12h_prior,external_test,30.3,pooled_empirical_residual,empirical_residual,1.25,raw_deterministic,Raw deterministic,30.3,30.3,30.3,30.3,30.3,30.3,30.3,30.3,30.3,30.3,30.3,30.3,30.3,30.3,30.3,30.3,30.3,30.3,30.3,30.3,30.3,30.3,30.3,30.3,30.3,30.3,30.3,30.3,30.3,30.3,30.3,30.3,30.3,30.3,30.3,30.3,30.3,30.3,30.3,30.3,30.3,30.3,30.3,30.3,30.3,30.3,30.3,30.3,30.3,30.3,30.3,30.3,30.3,30.3,30.3,30.3,30.3,30.3,30.3,30.3,30.3,30.3,30.3,30.3,30.3,30.3,30.3,30.3,30.3,30.3,30.3,30.3,30.3,30.3,30.3,30.3,30.3,30.3,30.3,30.3,30.3,30.3,30.3,30.3,30.3,30.3,30.3,30.3,30.3,30.3,30.3,30.3,30.3,30.3,30.3,30.3,30.3,30.3,30.3,33.0
2026-06-22|12h_prior,2026-06-22,12h_prior,external_test,30.3,pooled_empirical_residual,empirical_residual,1.25,selected_calibrated,Selected calibrated,28.768750000000004,29.0,29.18125,29.25,29.5,29.612500000000004,29.75,29.75,29.793750000000003,30.0,30.000000000000004,30.125,30.125000000000004,30.5,30.625000000000004,30.675,30.75,30.8375,30.875,31.000000000000004,31.018750000000004,31.125,31.125,31.125,31.25,31.250000000000004,31.250000000000004,31.275,31.375,31.375,31.5,31.5,31.5,31.5,31.625,31.625,31.625000000000004,31.75,31.75,31.75,31.75,31.75,31.80625,31.875,31.875000000000004,31.875000000000004,31.875000000000004,32.0,32.0,32.0,32.0,32.0,32.0,32.12499999999999,32.125,32.125,32.24999999999999,32.24999999999999,32.25,32.25,32.375,32.375,32.5,32.5,32.5,32.612500000000004,32.75,32.75,32.75,32.75,32.875,32.875,33.0,33.0,33.0,33.050000000000004,33.125,33.125,33.23125,33.25,33.25,33.2875,33.375,33.375,33.375,33.375,33.5,33.525,33.625,33.625,33.75,33.875,33.99375,34.0,34.125,34.175000000000004,34.25,34.55,34.98125,33.0
2026-06-22|12h_prior,2026-06-22,12h_prior,external_test,30.3,pooled_empirical_residual,empirical_residual,1.25,selected_uncalibrated,Selected uncalibrated,29.415000000000003,29.6,29.745,29.8,30.0,30.090000000000003,30.2,30.2,30.235000000000003,30.4,30.4,30.5,30.500000000000004,30.8,30.9,30.94,31.0,31.07,31.1,31.200000000000003,31.215000000000003,31.3,31.3,31.3,31.4,31.4,31.4,31.42,31.5,31.5,31.6,31.6,31.6,31.6,31.7,31.7,31.700000000000003,31.8,31.8,31.8,31.8,31.8,31.845,31.9,31.9,31.9,31.9,32.0,32.0,32.0,32.0,32.0,32.0,32.099999999999994,32.1,32.1,32.2,32.2,32.2,32.2,32.3,32.3,32.4,32.4,32.4,32.49,32.6,32.6,32.6,32.6,32.7,32.7,32.8,32.8,32.8,32.84,32.9,32.9,32.985,33.0,33.0,33.03,33.1,33.1,33.1,33.1,33.2,33.22,33.3,33.3,33.4,33.5,33.595,33.6,33.7,33.74,33.8,34.04,34.385,33.0
2026-06-22|24h_prior,2026-06-22,24h_prior,external_test,30.5,pooled_empirical_residual,empirical_residual,1.25,raw_deterministic,Raw deterministic,30.5,30.5,30.5,30.5,30.5,30.5,30.5,30.5,30.5,30.5,30.5,30.5,30.5,30.5,30.5,30.5,30.5,30.5,30.5,30.5,30.5,30.5,30.5,30.5,30.5,30.5,30.5,30.5,30.5,30.5,30.5,30.5,30.5,30.5,30.5,30.5,30.5,30.5,30.5,30.5,30.5,30.5,30.5,30.5,30.5,30.5,30.5,30.5,30.5,30.5,30.5,30.5,30.5,30.5,30.5,30.5,30.5,30.5,30.5,30.5,30.5,30.5,30.5,30.5,30.5,30.5,30.5,30.5,30.5,30.5,30.5,30.5,30.5,30.5,30.5,30.5,30.5,30.5,30.5,30.5,30.5,30.5,30.5,30.5,30.5,30.5,30.5,30.5,30.5,30.5,30.5,30.5,30.5,30.5,30.5,30.5,30.5,30.5,30.5,33.0
2026-06-22|24h_prior,2026-06-22,24h_prior,external_test,30.5,pooled_empirical_residual,empirical_residual,1.25,selected_calibrated,Selected calibrated,28.96875,29.2,29.38125,29.45,29.7,29.812500000000004,29.95,29.95,29.99375,30.2,30.200000000000003,30.325,30.325000000000003,30.7,30.825000000000003,30.875,30.95,31.0375,31.075,31.200000000000003,31.218750000000004,31.325,31.325,31.325,31.45,31.450000000000003,31.450000000000003,31.475,31.575,31.575,31.7,31.7,31.7,31.7,31.825,31.825,31.825000000000003,31.95,31.95,31.95,31.95,31.95,32.00625,32.075,32.075,32.075,32.075,32.2,32.2,32.2,32.2,32.2,32.2,32.325,32.325,32.325,32.45,32.45,32.45,32.45,32.575,32.575,32.69999999999999,32.69999999999999,32.7,32.8125,32.95,32.95,32.95,32.95,33.075,33.075,33.2,33.2,33.2,33.25,33.32499999999999,33.325,33.431250000000006,33.45,33.45,33.4875,33.575,33.575,33.575,33.575,33.7,33.724999999999994,33.825,33.825,33.95,34.075,34.19375,34.2,34.325,34.37500000000001,34.45,34.74999999999999,35.18124999999999,33.0
2026-06-22|24h_prior,2026-06-22,24h_prior,external_test,30.5,pooled_empirical_residual,empirical_residual,1.25,selected_uncalibrated,Selected uncalibrated,29.615,29.8,29.945,30.0,30.2,30.290000000000003,30.4,30.4,30.435,30.6,30.6,30.7,30.700000000000003,31.0,31.1,31.14,31.2,31.27,31.3,31.4,31.415000000000003,31.5,31.5,31.5,31.6,31.6,31.6,31.62,31.7,31.7,31.8,31.8,31.8,31.8,31.9,31.9,31.9,32.0,32.0,32.0,32.0,32.0,32.045,32.1,32.1,32.1,32.1,32.2,32.2,32.2,32.2,32.2,32.2,32.3,32.3,32.3,32.4,32.4,32.4,32.4,32.5,32.5,32.599999999999994,32.599999999999994,32.6,32.69,32.8,32.8,32.8,32.8,32.9,32.9,33.0,33.0,33.0,33.04,33.099999999999994,33.1,33.185,33.2,33.2,33.23,33.3,33.3,33.3,33.3,33.4,33.419999999999995,33.5,33.5,33.6,33.7,33.795,33.8,33.9,33.940000000000005,34.0,34.239999999999995,34.584999999999994,33.0
2026-06-22|6h_prior,2026-06-22,6h_prior,external_test,31.0,pooled_empirical_residual,empirical_residual,1.25,raw_deterministic,Raw deterministic,31.0,31.0,31.0,31.0,31.0,31.0,31.0,31.0,31.0,31.0,31.0,31.0,31.0,31.0,31.0,31.0,31.0,31.0,31.0,31.0,31.0,31.0,31.0,31.0,31.0,31.0,31.0,31.0,31.0,31.0,31.0,31.0,31.0,31.0,31.0,31.0,31.0,31.0,31.0,31.0,31.0,31.0,31.0,31.0,31.0,31.0,31.0,31.0,31.0,31.0,31.0,31.0,31.0,31.0,31.0,31.0,31.0,31.0,31.0,31.0,31.0,31.0,31.0,31.0,31.0,31.0,31.0,31.0,31.0,31.0,31.0,31.0,31.0,31.0,31.0,31.0,31.0,31.0,31.0,31.0,31.0,31.0,31.0,31.0,31.0,31.0,31.0,31.0,31.0,31.0,31.0,31.0,31.0,31.0,31.0,31.0,31.0,31.0,31.0,33.0
2026-06-22|6h_prior,2026-06-22,6h_prior,external_test,31.0,pooled_empirical_residual,empirical_residual,1.25,selected_calibrated,Selected calibrated,29.46875,29.7,29.88125,29.95,30.2,30.312500000000004,30.45,30.45,30.49375,30.7,30.700000000000003,30.825,30.825000000000003,31.2,31.325000000000003,31.375,31.45,31.5375,31.575,31.700000000000003,31.718750000000004,31.825,31.825,31.825,31.950000000000003,31.950000000000003,31.950000000000003,31.975000000000005,32.075,32.075,32.2,32.2,32.2,32.2,32.325,32.325,32.325,32.45,32.45,32.45,32.45,32.45,32.50625,32.575,32.575,32.575,32.575,32.7,32.7,32.7,32.7,32.7,32.7,32.825,32.825,32.825,32.95,32.95,32.95,32.95,33.075,33.075,33.19999999999999,33.19999999999999,33.2,33.3125,33.45,33.45,33.45,33.45,33.575,33.575,33.7,33.7,33.7,33.75,33.82499999999999,33.825,33.931250000000006,33.95,33.95,33.9875,34.075,34.075,34.075,34.075,34.2,34.224999999999994,34.325,34.325,34.45,34.575,34.69375,34.7,34.825,34.87500000000001,34.95,35.24999999999999,35.68124999999999,33.0
2026-06-22|6h_prior,2026-06-22,6h_prior,external_test,31.0,pooled_empirical_residual,empirical_residual,1.25,selected_uncalibrated,Selected uncalibrated,30.115,30.3,30.445,30.5,30.7,30.790000000000003,30.9,30.9,30.935,31.1,31.1,31.2,31.200000000000003,31.5,31.6,31.64,31.7,31.77,31.8,31.9,31.915000000000003,32.0,32.0,32.0,32.1,32.1,32.1,32.120000000000005,32.2,32.2,32.3,32.3,32.3,32.3,32.4,32.4,32.4,32.5,32.5,32.5,32.5,32.5,32.545,32.6,32.6,32.6,32.6,32.7,32.7,32.7,32.7,32.7,32.7,32.8,32.8,32.8,32.9,32.9,32.9,32.9,33.0,33.0,33.099999999999994,33.099999999999994,33.1,33.19,33.3,33.3,33.3,33.3,33.4,33.4,33.5,33.5,33.5,33.54,33.599999999999994,33.6,33.685,33.7,33.7,33.73,33.8,33.8,33.8,33.8,33.9,33.919999999999995,34.0,34.0,34.1,34.2,34.295,34.3,34.4,34.440000000000005,34.5,34.739999999999995,35.084999999999994,33.0
2026-06-22|event_day_open,2026-06-22,event_day_open,external_test,30.8,pooled_empirical_residual,empirical_residual,1.25,raw_deterministic,Raw deterministic,30.8,30.8,30.8,30.8,30.8,30.8,30.8,30.8,30.8,30.8,30.8,30.8,30.8,30.8,30.8,30.8,30.8,30.8,30.8,30.8,30.8,30.8,30.8,30.8,30.8,30.8,30.8,30.8,30.8,30.8,30.8,30.8,30.8,30.8,30.8,30.8,30.8,30.8,30.8,30.8,30.8,30.8,30.8,30.8,30.8,30.8,30.8,30.8,30.8,30.8,30.8,30.8,30.8,30.8,30.8,30.8,30.8,30.8,30.8,30.8,30.8,30.8,30.8,30.8,30.8,30.8,30.8,30.8,30.8,30.8,30.8,30.8,30.8,30.8,30.8,30.8,30.8,30.8,30.8,30.8,30.8,30.8,30.8,30.8,30.8,30.8,30.8,30.8,30.8,30.8,30.8,30.8,30.8,30.8,30.8,30.8,30.8,30.8,30.8,33.0
2026-06-22|event_day_open,2026-06-22,event_day_open,external_test,30.8,pooled_empirical_residual,empirical_residual,1.25,selected_calibrated,Selected calibrated,29.268750000000004,29.5,29.68125,29.75,30.0,30.112500000000004,30.25,30.25,30.293750000000003,30.5,30.500000000000004,30.625,30.625000000000004,31.0,31.125000000000004,31.175,31.25,31.3375,31.375,31.500000000000004,31.518750000000004,31.625,31.625,31.625,31.75,31.750000000000004,31.750000000000004,31.775,31.875,31.875,31.999999999999996,31.999999999999996,32.0,32.0,32.125,32.125,32.125,32.25,32.25,32.25,32.25,32.25,32.30625,32.375,32.37500000000001,32.37500000000001,32.37500000000001,32.5,32.5,32.5,32.5,32.5,32.5,32.62499999999999,32.625,32.625,32.74999999999999,32.74999999999999,32.75,32.75,32.875,32.875,33.0,33.0,33.0,33.112500000000004,33.25,33.25,33.25,33.25,33.375,33.375,33.5,33.5,33.5,33.550000000000004,33.625,33.625,33.73125,33.75,33.75,33.7875,33.875,33.875,33.875,33.875,34.0,34.025,34.125,34.125,34.25,34.375,34.49375,34.5,34.625,34.675000000000004,34.75,35.05,35.48125,33.0
2026-06-22|event_day_open,2026-06-22,event_day_open,external_test,30.8,pooled_empirical_residual,empirical_residual,1.25,selected_uncalibrated,Selected uncalibrated,29.915000000000003,30.1,30.245,30.3,30.5,30.590000000000003,30.7,30.7,30.735000000000003,30.9,30.9,31.0,31.000000000000004,31.3,31.4,31.44,31.5,31.57,31.6,31.700000000000003,31.715000000000003,31.8,31.8,31.8,31.9,31.9,31.9,31.92,32.0,32.0,32.099999999999994,32.099999999999994,32.1,32.1,32.2,32.2,32.2,32.3,32.3,32.3,32.3,32.3,32.345,32.4,32.400000000000006,32.400000000000006,32.400000000000006,32.5,32.5,32.5,32.5,32.5,32.5,32.599999999999994,32.6,32.6,32.7,32.7,32.7,32.7,32.8,32.8,32.9,32.9,32.9,32.99,33.1,33.1,33.1,33.1,33.2,33.2,33.3,33.3,33.3,33.34,33.4,33.4,33.485,33.5,33.5,33.53,33.6,33.6,33.6,33.6,33.7,33.72,33.8,33.8,33.9,34.0,34.095,34.1,34.2,34.24,34.3,34.54,34.885,33.0
2026-06-23|12h_prior,2026-06-23,12h_prior,external_test,30.6,pooled_empirical_residual,empirical_residual,1.25,raw_deterministic,Raw deterministic,30.6,30.6,30.6,30.6,30.6,30.6,30.6,30.6,30.6,30.6,30.6,30.6,30.6,30.6,30.6,30.6,30.6,30.6,30.6,30.6,30.6,30.6,30.6,30.6,30.6,30.6,30.6,30.6,30.6,30.6,30.6,30.6,30.6,30.6,30.6,30.6,30.6,30.6,30.6,30.6,30.6,30.6,30.6,30.6,30.6,30.6,30.6,30.6,30.6,30.6,30.6,30.6,30.6,30.6,30.6,30.6,30.6,30.6,30.6,30.6,30.6,30.6,30.6,30.6,30.6,30.6,30.6,30.6,30.6,30.6,30.6,30.6,30.6,30.6,30.6,30.6,30.6,30.6,30.6,30.6,30.6,30.6,30.6,30.6,30.6,30.6,30.6,30.6,30.6,30.6,30.6,30.6,30.6,30.6,30.6,30.6,30.6,30.6,30.6,32.2
2026-06-23|12h_prior,2026-06-23,12h_prior,external_test,30.6,pooled_empirical_residual,empirical_residual,1.25,selected_calibrated,Selected calibrated,29.068750000000005,29.3,29.481250000000003,29.550000000000004,29.8,29.912500000000005,30.05,30.05,30.093750000000007,30.3,30.300000000000004,30.425,30.425000000000004,30.800000000000004,30.925000000000004,30.975,31.05,31.137500000000003,31.175000000000004,31.300000000000004,31.318750000000005,31.425000000000004,31.425000000000004,31.425000000000004,31.55,31.550000000000004,31.550000000000004,31.575000000000003,31.675,31.675,31.8,31.8,31.800000000000004,31.800000000000004,31.925,31.925,31.925,32.050000000000004,32.050000000000004,32.050000000000004,32.050000000000004,32.050000000000004,32.10625,32.175000000000004,32.175000000000004,32.175000000000004,32.175000000000004,32.3,32.3,32.3,32.3,32.3,32.300000000000004,32.425,32.42500000000001,32.42500000000001,32.55,32.55,32.55,32.55,32.675000000000004,32.675000000000004,32.800000000000004,32.800000000000004,32.800000000000004,32.9125,33.05000000000001,33.05000000000001,33.05000000000001,33.05000000000001,33.175,33.175,33.300000000000004,33.300000000000004,33.300000000000004,33.35,33.425000000000004,33.425000000000004,33.53125000000001,33.550000000000004,33.550000000000004,33.5875,33.67500000000001,33.67500000000001,33.67500000000001,33.67500000000001,33.8,33.825,33.925000000000004,33.925000000000004,34.050000000000004,34.175000000000004,34.29375,34.30000000000001,34.425,34.47500000000001,34.550000000000004,34.849999999999994,35.28125,32.2
2026-06-23|12h_prior,2026-06-23,12h_prior,external_test,30.6,pooled_empirical_residual,empirical_residual,1.25,selected_uncalibrated,Selected uncalibrated,29.715000000000003,29.9,30.045,30.1,30.3,30.390000000000004,30.5,30.5,30.535000000000004,30.7,30.700000000000003,30.8,30.800000000000004,31.1,31.200000000000003,31.24,31.3,31.37,31.4,31.500000000000004,31.515000000000004,31.6,31.6,31.6,31.7,31.700000000000003,31.700000000000003,31.72,31.8,31.8,31.9,31.9,31.9,31.9,32.0,32.0,32.0,32.1,32.1,32.1,32.1,32.1,32.145,32.2,32.2,32.2,32.2,32.3,32.3,32.3,32.3,32.3,32.300000000000004,32.4,32.400000000000006,32.400000000000006,32.5,32.5,32.5,32.5,32.6,32.6,32.7,32.7,32.7,32.79,32.900000000000006,32.900000000000006,32.900000000000006,32.900000000000006,33.0,33.0,33.1,33.1,33.1,33.14,33.2,33.2,33.285000000000004,33.300000000000004,33.300000000000004,33.33,33.400000000000006,33.400000000000006,33.400000000000006,33.400000000000006,33.5,33.52,33.6,33.6,33.7,33.800000000000004,33.895,33.900000000000006,34.0,34.040000000000006,34.1,34.34,34.685,32.2
2026-06-23|24h_prior,2026-06-23,24h_prior,external_test,30.6,pooled_empirical_residual,empirical_residual,1.25,raw_deterministic,Raw deterministic,30.6,30.6,30.6,30.6,30.6,30.6,30.6,30.6,30.6,30.6,30.6,30.6,30.6,30.6,30.6,30.6,30.6,30.6,30.6,30.6,30.6,30.6,30.6,30.6,30.6,30.6,30.6,30.6,30.6,30.6,30.6,30.6,30.6,30.6,30.6,30.6,30.6,30.6,30.6,30.6,30.6,30.6,30.6,30.6,30.6,30.6,30.6,30.6,30.6,30.6,30.6,30.6,30.6,30.6,30.6,30.6,30.6,30.6,30.6,30.6,30.6,30.6,30.6,30.6,30.6,30.6,30.6,30.6,30.6,30.6,30.6,30.6,30.6,30.6,30.6,30.6,30.6,30.6,30.6,30.6,30.6,30.6,30.6,30.6,30.6,30.6,30.6,30.6,30.6,30.6,30.6,30.6,30.6,30.6,30.6,30.6,30.6,30.6,30.6,32.2
2026-06-23|24h_prior,2026-06-23,24h_prior,external_test,30.6,pooled_empirical_residual,empirical_residual,1.25,selected_calibrated,Selected calibrated,29.068750000000005,29.3,29.481250000000003,29.550000000000004,29.8,29.912500000000005,30.05,30.05,30.093750000000007,30.3,30.300000000000004,30.425,30.425000000000004,30.800000000000004,30.925000000000004,30.975,31.05,31.137500000000003,31.175000000000004,31.300000000000004,31.318750000000005,31.425000000000004,31.425000000000004,31.425000000000004,31.55,31.550000000000004,31.550000000000004,31.575000000000003,31.675,31.675,31.8,31.8,31.800000000000004,31.800000000000004,31.925,31.925,31.925,32.050000000000004,32.050000000000004,32.050000000000004,32.050000000000004,32.050000000000004,32.10625,32.175000000000004,32.175000000000004,32.175000000000004,32.175000000000004,32.3,32.3,32.3,32.3,32.3,32.300000000000004,32.425,32.42500000000001,32.42500000000001,32.55,32.55,32.55,32.55,32.675000000000004,32.675000000000004,32.800000000000004,32.800000000000004,32.800000000000004,32.9125,33.05000000000001,33.05000000000001,33.05000000000001,33.05000000000001,33.175,33.175,33.300000000000004,33.300000000000004,33.300000000000004,33.35,33.425000000000004,33.425000000000004,33.53125000000001,33.550000000000004,33.550000000000004,33.5875,33.67500000000001,33.67500000000001,33.67500000000001,33.67500000000001,33.8,33.825,33.925000000000004,33.925000000000004,34.050000000000004,34.175000000000004,34.29375,34.30000000000001,34.425,34.47500000000001,34.550000000000004,34.849999999999994,35.28125,32.2
2026-06-23|24h_prior,2026-06-23,24h_prior,external_test,30.6,pooled_empirical_residual,empirical_residual,1.25,selected_uncalibrated,Selected uncalibrated,29.715000000000003,29.9,30.045,30.1,30.3,30.390000000000004,30.5,30.5,30.535000000000004,30.7,30.700000000000003,30.8,30.800000000000004,31.1,31.200000000000003,31.24,31.3,31.37,31.4,31.500000000000004,31.515000000000004,31.6,31.6,31.6,31.7,31.700000000000003,31.700000000000003,31.72,31.8,31.8,31.9,31.9,31.9,31.9,32.0,32.0,32.0,32.1,32.1,32.1,32.1,32.1,32.145,32.2,32.2,32.2,32.2,32.3,32.3,32.3,32.3,32.3,32.300000000000004,32.4,32.400000000000006,32.400000000000006,32.5,32.5,32.5,32.5,32.6,32.6,32.7,32.7,32.7,32.79,32.900000000000006,32.900000000000006,32.900000000000006,32.900000000000006,33.0,33.0,33.1,33.1,33.1,33.14,33.2,33.2,33.285000000000004,33.300000000000004,33.300000000000004,33.33,33.400000000000006,33.400000000000006,33.400000000000006,33.400000000000006,33.5,33.52,33.6,33.6,33.7,33.800000000000004,33.895,33.900000000000006,34.0,34.040000000000006,34.1,34.34,34.685,32.2
2026-06-23|6h_prior,2026-06-23,6h_prior,external_test,30.5,pooled_empirical_residual,empirical_residual,1.25,raw_deterministic,Raw deterministic,30.5,30.5,30.5,30.5,30.5,30.5,30.5,30.5,30.5,30.5,30.5,30.5,30.5,30.5,30.5,30.5,30.5,30.5,30.5,30.5,30.5,30.5,30.5,30.5,30.5,30.5,30.5,30.5,30.5,30.5,30.5,30.5,30.5,30.5,30.5,30.5,30.5,30.5,30.5,30.5,30.5,30.5,30.5,30.5,30.5,30.5,30.5,30.5,30.5,30.5,30.5,30.5,30.5,30.5,30.5,30.5,30.5,30.5,30.5,30.5,30.5,30.5,30.5,30.5,30.5,30.5,30.5,30.5,30.5,30.5,30.5,30.5,30.5,30.5,30.5,30.5,30.5,30.5,30.5,30.5,30.5,30.5,30.5,30.5,30.5,30.5,30.5,30.5,30.5,30.5,30.5,30.5,30.5,30.5,30.5,30.5,30.5,30.5,30.5,32.2
2026-06-23|6h_prior,2026-06-23,6h_prior,external_test,30.5,pooled_empirical_residual,empirical_residual,1.25,selected_calibrated,Selected calibrated,28.96875,29.2,29.38125,29.45,29.7,29.812500000000004,29.95,29.95,29.99375,30.2,30.200000000000003,30.325,30.325000000000003,30.7,30.825000000000003,30.875,30.95,31.0375,31.075,31.200000000000003,31.218750000000004,31.325,31.325,31.325,31.45,31.450000000000003,31.450000000000003,31.475,31.575,31.575,31.7,31.7,31.7,31.7,31.825,31.825,31.825000000000003,31.95,31.95,31.95,31.95,31.95,32.00625,32.075,32.075,32.075,32.075,32.2,32.2,32.2,32.2,32.2,32.2,32.325,32.325,32.325,32.45,32.45,32.45,32.45,32.575,32.575,32.69999999999999,32.69999999999999,32.7,32.8125,32.95,32.95,32.95,32.95,33.075,33.075,33.2,33.2,33.2,33.25,33.32499999999999,33.325,33.431250000000006,33.45,33.45,33.4875,33.575,33.575,33.575,33.575,33.7,33.724999999999994,33.825,33.825,33.95,34.075,34.19375,34.2,34.325,34.37500000000001,34.45,34.74999999999999,35.18124999999999,32.2
2026-06-23|6h_prior,2026-06-23,6h_prior,external_test,30.5,pooled_empirical_residual,empirical_residual,1.25,selected_uncalibrated,Selected uncalibrated,29.615,29.8,29.945,30.0,30.2,30.290000000000003,30.4,30.4,30.435,30.6,30.6,30.7,30.700000000000003,31.0,31.1,31.14,31.2,31.27,31.3,31.4,31.415000000000003,31.5,31.5,31.5,31.6,31.6,31.6,31.62,31.7,31.7,31.8,31.8,31.8,31.8,31.9,31.9,31.9,32.0,32.0,32.0,32.0,32.0,32.045,32.1,32.1,32.1,32.1,32.2,32.2,32.2,32.2,32.2,32.2,32.3,32.3,32.3,32.4,32.4,32.4,32.4,32.5,32.5,32.599999999999994,32.599999999999994,32.6,32.69,32.8,32.8,32.8,32.8,32.9,32.9,33.0,33.0,33.0,33.04,33.099999999999994,33.1,33.185,33.2,33.2,33.23,33.3,33.3,33.3,33.3,33.4,33.419999999999995,33.5,33.5,33.6,33.7,33.795,33.8,33.9,33.940000000000005,34.0,34.239999999999995,34.584999999999994,32.2
2026-06-23|event_day_open,2026-06-23,event_day_open,external_test,30.8,pooled_empirical_residual,empirical_residual,1.25,raw_deterministic,Raw deterministic,30.8,30.8,30.8,30.8,30.8,30.8,30.8,30.8,30.8,30.8,30.8,30.8,30.8,30.8,30.8,30.8,30.8,30.8,30.8,30.8,30.8,30.8,30.8,30.8,30.8,30.8,30.8,30.8,30.8,30.8,30.8,30.8,30.8,30.8,30.8,30.8,30.8,30.8,30.8,30.8,30.8,30.8,30.8,30.8,30.8,30.8,30.8,30.8,30.8,30.8,30.8,30.8,30.8,30.8,30.8,30.8,30.8,30.8,30.8,30.8,30.8,30.8,30.8,30.8,30.8,30.8,30.8,30.8,30.8,30.8,30.8,30.8,30.8,30.8,30.8,30.8,30.8,30.8,30.8,30.8,30.8,30.8,30.8,30.8,30.8,30.8,30.8,30.8,30.8,30.8,30.8,30.8,30.8,30.8,30.8,30.8,30.8,30.8,30.8,32.2
2026-06-23|event_day_open,2026-06-23,event_day_open,external_test,30.8,pooled_empirical_residual,empirical_residual,1.25,selected_calibrated,Selected calibrated,29.268750000000004,29.5,29.68125,29.75,30.0,30.112500000000004,30.25,30.25,30.293750000000003,30.5,30.500000000000004,30.625,30.625000000000004,31.0,31.125000000000004,31.175,31.25,31.3375,31.375,31.500000000000004,31.518750000000004,31.625,31.625,31.625,31.75,31.750000000000004,31.750000000000004,31.775,31.875,31.875,31.999999999999996,31.999999999999996,32.0,32.0,32.125,32.125,32.125,32.25,32.25,32.25,32.25,32.25,32.30625,32.375,32.37500000000001,32.37500000000001,32.37500000000001,32.5,32.5,32.5,32.5,32.5,32.5,32.62499999999999,32.625,32.625,32.74999999999999,32.74999999999999,32.75,32.75,32.875,32.875,33.0,33.0,33.0,33.112500000000004,33.25,33.25,33.25,33.25,33.375,33.375,33.5,33.5,33.5,33.550000000000004,33.625,33.625,33.73125,33.75,33.75,33.7875,33.875,33.875,33.875,33.875,34.0,34.025,34.125,34.125,34.25,34.375,34.49375,34.5,34.625,34.675000000000004,34.75,35.05,35.48125,32.2
2026-06-23|event_day_open,2026-06-23,event_day_open,external_test,30.8,pooled_empirical_residual,empirical_residual,1.25,selected_uncalibrated,Selected uncalibrated,29.915000000000003,30.1,30.245,30.3,30.5,30.590000000000003,30.7,30.7,30.735000000000003,30.9,30.9,31.0,31.000000000000004,31.3,31.4,31.44,31.5,31.57,31.6,31.700000000000003,31.715000000000003,31.8,31.8,31.8,31.9,31.9,31.9,31.92,32.0,32.0,32.099999999999994,32.099999999999994,32.1,32.1,32.2,32.2,32.2,32.3,32.3,32.3,32.3,32.3,32.345,32.4,32.400000000000006,32.400000000000006,32.400000000000006,32.5,32.5,32.5,32.5,32.5,32.5,32.599999999999994,32.6,32.6,32.7,32.7,32.7,32.7,32.8,32.8,32.9,32.9,32.9,32.99,33.1,33.1,33.1,33.1,33.2,33.2,33.3,33.3,33.3,33.34,33.4,33.4,33.485,33.5,33.5,33.53,33.6,33.6,33.6,33.6,33.7,33.72,33.8,33.8,33.9,34.0,34.095,34.1,34.2,34.24,34.3,34.54,34.885,32.2
2026-06-24|12h_prior,2026-06-24,12h_prior,external_test,31.1,pooled_empirical_residual,empirical_residual,1.25,raw_deterministic,Raw deterministic,31.1,31.1,31.1,31.1,31.1,31.1,31.1,31.1,31.1,31.1,31.1,31.1,31.1,31.1,31.1,31.1,31.1,31.1,31.1,31.1,31.1,31.1,31.1,31.1,31.1,31.1,31.1,31.1,31.1,31.1,31.1,31.1,31.1,31.1,31.1,31.1,31.1,31.1,31.1,31.1,31.1,31.1,31.1,31.1,31.1,31.1,31.1,31.1,31.1,31.1,31.1,31.1,31.1,31.1,31.1,31.1,31.1,31.1,31.1,31.1,31.1,31.1,31.1,31.1,31.1,31.1,31.1,31.1,31.1,31.1,31.1,31.1,31.1,31.1,31.1,31.1,31.1,31.1,31.1,31.1,31.1,31.1,31.1,31.1,31.1,31.1,31.1,31.1,31.1,31.1,31.1,31.1,31.1,31.1,31.1,31.1,31.1,31.1,31.1,32.8
2026-06-24|12h_prior,2026-06-24,12h_prior,external_test,31.1,pooled_empirical_residual,empirical_residual,1.25,selected_calibrated,Selected calibrated,29.568750000000005,29.8,29.981250000000003,30.050000000000004,30.3,30.412500000000005,30.55,30.55,30.593750000000007,30.8,30.800000000000004,30.925,30.925000000000004,31.300000000000004,31.425000000000004,31.475,31.55,31.637500000000003,31.675000000000004,31.8,31.81875,31.925000000000004,31.925000000000004,31.925000000000004,32.050000000000004,32.050000000000004,32.050000000000004,32.07500000000001,32.175,32.175,32.3,32.3,32.3,32.30000000000001,32.425,32.425,32.425,32.550000000000004,32.550000000000004,32.550000000000004,32.550000000000004,32.550000000000004,32.60625,32.675000000000004,32.675000000000004,32.675000000000004,32.675000000000004,32.8,32.8,32.8,32.8,32.8,32.800000000000004,32.925,32.92500000000001,32.92500000000001,33.05,33.05,33.05,33.05,33.175000000000004,33.175000000000004,33.300000000000004,33.300000000000004,33.300000000000004,33.4125,33.55000000000001,33.55000000000001,33.55000000000001,33.55000000000001,33.675,33.675,33.800000000000004,33.800000000000004,33.800000000000004,33.85,33.925000000000004,33.925000000000004,34.03125000000001,34.050000000000004,34.050000000000004,34.0875,34.17500000000001,34.17500000000001,34.17500000000001,34.17500000000001,34.3,34.325,34.425000000000004,34.425000000000004,34.550000000000004,34.675000000000004,34.79375,34.80000000000001,34.925,34.97500000000001,35.050000000000004,35.349999999999994,35.78125,32.8
2026-06-24|12h_prior,2026-06-24,12h_prior,external_test,31.1,pooled_empirical_residual,empirical_residual,1.25,selected_uncalibrated,Selected uncalibrated,30.215000000000003,30.4,30.545,30.6,30.8,30.890000000000004,31.0,31.0,31.035000000000004,31.2,31.200000000000003,31.3,31.300000000000004,31.6,31.700000000000003,31.74,31.8,31.87,31.9,32.0,32.015,32.1,32.1,32.1,32.2,32.2,32.2,32.220000000000006,32.3,32.3,32.4,32.4,32.4,32.400000000000006,32.5,32.5,32.5,32.6,32.6,32.6,32.6,32.6,32.645,32.7,32.7,32.7,32.7,32.8,32.8,32.8,32.8,32.8,32.800000000000004,32.9,32.900000000000006,32.900000000000006,33.0,33.0,33.0,33.0,33.1,33.1,33.2,33.2,33.2,33.29,33.400000000000006,33.400000000000006,33.400000000000006,33.400000000000006,33.5,33.5,33.6,33.6,33.6,33.64,33.7,33.7,33.785000000000004,33.800000000000004,33.800000000000004,33.83,33.900000000000006,33.900000000000006,33.900000000000006,33.900000000000006,34.0,34.02,34.1,34.1,34.2,34.300000000000004,34.395,34.400000000000006,34.5,34.540000000000006,34.6,34.84,35.185,32.8
2026-06-24|24h_prior,2026-06-24,24h_prior,external_test,31.5,pooled_empirical_residual,empirical_residual,1.25,raw_deterministic,Raw deterministic,31.5,31.5,31.5,31.5,31.5,31.5,31.5,31.5,31.5,31.5,31.5,31.5,31.5,31.5,31.5,31.5,31.5,31.5,31.5,31.5,31.5,31.5,31.5,31.5,31.5,31.5,31.5,31.5,31.5,31.5,31.5,31.5,31.5,31.5,31.5,31.5,31.5,31.5,31.5,31.5,31.5,31.5,31.5,31.5,31.5,31.5,31.5,31.5,31.5,31.5,31.5,31.5,31.5,31.5,31.5,31.5,31.5,31.5,31.5,31.5,31.5,31.5,31.5,31.5,31.5,31.5,31.5,31.5,31.5,31.5,31.5,31.5,31.5,31.5,31.5,31.5,31.5,31.5,31.5,31.5,31.5,31.5,31.5,31.5,31.5,31.5,31.5,31.5,31.5,31.5,31.5,31.5,31.5,31.5,31.5,31.5,31.5,31.5,31.5,32.8
2026-06-24|24h_prior,2026-06-24,24h_prior,external_test,31.5,pooled_empirical_residual,empirical_residual,1.25,selected_calibrated,Selected calibrated,29.96875,30.2,30.38125,30.45,30.7,30.812500000000004,30.95,30.95,30.99375,31.2,31.200000000000003,31.325,31.325000000000003,31.7,31.825000000000003,31.875,31.950000000000003,32.0375,32.075,32.2,32.21875,32.325,32.325,32.325,32.45,32.45,32.45,32.47500000000001,32.575,32.575,32.7,32.7,32.7,32.7,32.825,32.825,32.825,32.95,32.95,32.95,32.95,32.95,33.00625,33.075,33.075,33.075,33.075,33.2,33.2,33.2,33.2,33.2,33.2,33.325,33.325,33.325,33.45,33.45,33.45,33.45,33.575,33.575,33.69999999999999,33.69999999999999,33.7,33.8125,33.95,33.95,33.95,33.95,34.075,34.075,34.2,34.2,34.2,34.25,34.32499999999999,34.325,34.431250000000006,34.45,34.45,34.4875,34.575,34.575,34.575,34.575,34.7,34.724999999999994,34.825,34.825,34.95,35.075,35.19375,35.2,35.325,35.37500000000001,35.45,35.74999999999999,36.18124999999999,32.8
2026-06-24|24h_prior,2026-06-24,24h_prior,external_test,31.5,pooled_empirical_residual,empirical_residual,1.25,selected_uncalibrated,Selected uncalibrated,30.615,30.8,30.945,31.0,31.2,31.290000000000003,31.4,31.4,31.435,31.6,31.6,31.7,31.700000000000003,32.0,32.1,32.14,32.2,32.27,32.3,32.400000000000006,32.415,32.5,32.5,32.5,32.6,32.6,32.6,32.620000000000005,32.7,32.7,32.8,32.8,32.8,32.8,32.9,32.9,32.9,33.0,33.0,33.0,33.0,33.0,33.045,33.1,33.1,33.1,33.1,33.2,33.2,33.2,33.2,33.2,33.2,33.3,33.3,33.3,33.4,33.4,33.4,33.4,33.5,33.5,33.599999999999994,33.599999999999994,33.6,33.69,33.8,33.8,33.8,33.8,33.9,33.9,34.0,34.0,34.0,34.04,34.099999999999994,34.1,34.185,34.2,34.2,34.23,34.3,34.3,34.3,34.3,34.4,34.419999999999995,34.5,34.5,34.6,34.7,34.795,34.8,34.9,34.940000000000005,35.0,35.239999999999995,35.584999999999994,32.8
2026-06-24|event_day_open,2026-06-24,event_day_open,external_test,31.3,pooled_empirical_residual,empirical_residual,1.25,raw_deterministic,Raw deterministic,31.3,31.3,31.3,31.3,31.3,31.3,31.3,31.3,31.3,31.3,31.3,31.3,31.3,31.3,31.3,31.3,31.3,31.3,31.3,31.3,31.3,31.3,31.3,31.3,31.3,31.3,31.3,31.3,31.3,31.3,31.3,31.3,31.3,31.3,31.3,31.3,31.3,31.3,31.3,31.3,31.3,31.3,31.3,31.3,31.3,31.3,31.3,31.3,31.3,31.3,31.3,31.3,31.3,31.3,31.3,31.3,31.3,31.3,31.3,31.3,31.3,31.3,31.3,31.3,31.3,31.3,31.3,31.3,31.3,31.3,31.3,31.3,31.3,31.3,31.3,31.3,31.3,31.3,31.3,31.3,31.3,31.3,31.3,31.3,31.3,31.3,31.3,31.3,31.3,31.3,31.3,31.3,31.3,31.3,31.3,31.3,31.3,31.3,31.3,32.8
2026-06-24|event_day_open,2026-06-24,event_day_open,external_test,31.3,pooled_empirical_residual,empirical_residual,1.25,selected_calibrated,Selected calibrated,29.768750000000004,30.0,30.18125,30.25,30.5,30.612500000000004,30.75,30.75,30.793750000000003,31.0,31.000000000000004,31.125,31.125000000000004,31.5,31.625000000000004,31.675,31.75,31.8375,31.875,32.0,32.018750000000004,32.125,32.125,32.125,32.25,32.25000000000001,32.25000000000001,32.275000000000006,32.375,32.375,32.49999999999999,32.49999999999999,32.5,32.5,32.625,32.625,32.625,32.75,32.75,32.75,32.75,32.75,32.80625,32.875,32.87500000000001,32.87500000000001,32.87500000000001,33.0,33.0,33.0,33.0,33.0,33.0,33.12499999999999,33.125,33.125,33.24999999999999,33.24999999999999,33.25,33.25,33.375,33.375,33.5,33.5,33.5,33.612500000000004,33.75,33.75,33.75,33.75,33.875,33.875,34.0,34.0,34.0,34.050000000000004,34.125,34.125,34.23125,34.25,34.25,34.2875,34.375,34.375,34.375,34.375,34.5,34.525,34.625,34.625,34.75,34.875,34.99375,35.0,35.125,35.175000000000004,35.25,35.55,35.98125,32.8
2026-06-24|event_day_open,2026-06-24,event_day_open,external_test,31.3,pooled_empirical_residual,empirical_residual,1.25,selected_uncalibrated,Selected uncalibrated,30.415000000000003,30.6,30.745,30.8,31.0,31.090000000000003,31.2,31.2,31.235000000000003,31.4,31.4,31.5,31.500000000000004,31.8,31.9,31.94,32.0,32.07,32.1,32.2,32.215,32.3,32.3,32.3,32.4,32.400000000000006,32.400000000000006,32.42,32.5,32.5,32.599999999999994,32.599999999999994,32.6,32.6,32.7,32.7,32.7,32.8,32.8,32.8,32.8,32.8,32.845,32.9,32.900000000000006,32.900000000000006,32.900000000000006,33.0,33.0,33.0,33.0,33.0,33.0,33.099999999999994,33.1,33.1,33.2,33.2,33.2,33.2,33.3,33.3,33.4,33.4,33.4,33.49,33.6,33.6,33.6,33.6,33.7,33.7,33.8,33.8,33.8,33.84,33.9,33.9,33.985,34.0,34.0,34.03,34.1,34.1,34.1,34.1,34.2,34.22,34.3,34.3,34.4,34.5,34.595,34.6,34.7,34.74,34.8,35.04,35.385,32.8
2026-06-25|12h_prior,2026-06-25,12h_prior,external_test,32.0,pooled_empirical_residual,empirical_residual,1.25,raw_deterministic,Raw deterministic,32.0,32.0,32.0,32.0,32.0,32.0,32.0,32.0,32.0,32.0,32.0,32.0,32.0,32.0,32.0,32.0,32.0,32.0,32.0,32.0,32.0,32.0,32.0,32.0,32.0,32.0,32.0,32.0,32.0,32.0,32.0,32.0,32.0,32.0,32.0,32.0,32.0,32.0,32.0,32.0,32.0,32.0,32.0,32.0,32.0,32.0,32.0,32.0,32.0,32.0,32.0,32.0,32.0,32.0,32.0,32.0,32.0,32.0,32.0,32.0,32.0,32.0,32.0,32.0,32.0,32.0,32.0,32.0,32.0,32.0,32.0,32.0,32.0,32.0,32.0,32.0,32.0,32.0,32.0,32.0,32.0,32.0,32.0,32.0,32.0,32.0,32.0,32.0,32.0,32.0,32.0,32.0,32.0,32.0,32.0,32.0,32.0,32.0,32.0,32.9
2026-06-25|12h_prior,2026-06-25,12h_prior,external_test,32.0,pooled_empirical_residual,empirical_residual,1.25,selected_calibrated,Selected calibrated,30.46875,30.7,30.88125,30.95,31.2,31.312500000000004,31.45,31.45,31.49375,31.699999999999992,31.700000000000003,31.825000000000003,31.825000000000003,32.2,32.325,32.375,32.45,32.5375,32.575,32.7,32.71875,32.825,32.825,32.825,32.95,32.95,32.95,32.97500000000001,33.075,33.075,33.2,33.2,33.2,33.2,33.325,33.325,33.325,33.45,33.45,33.45,33.45,33.45,33.50625,33.575,33.575,33.575,33.575,33.7,33.7,33.7,33.7,33.7,33.7,33.825,33.825,33.825,33.95,33.95,33.95,33.95,34.075,34.075,34.19999999999999,34.19999999999999,34.2,34.3125,34.45,34.45,34.45,34.45,34.575,34.575,34.7,34.7,34.7,34.75,34.82499999999999,34.825,34.931250000000006,34.95,34.95,34.9875,35.075,35.075,35.075,35.075,35.2,35.224999999999994,35.325,35.325,35.45,35.575,35.69375,35.7,35.825,35.87500000000001,35.95,36.24999999999999,36.68124999999999,32.9
2026-06-25|12h_prior,2026-06-25,12h_prior,external_test,32.0,pooled_empirical_residual,empirical_residual,1.25,selected_uncalibrated,Selected uncalibrated,31.115,31.3,31.445,31.5,31.7,31.790000000000003,31.9,31.9,31.935,32.099999999999994,32.1,32.2,32.2,32.5,32.6,32.64,32.7,32.77,32.8,32.900000000000006,32.915,33.0,33.0,33.0,33.1,33.1,33.1,33.120000000000005,33.2,33.2,33.3,33.3,33.3,33.3,33.4,33.4,33.4,33.5,33.5,33.5,33.5,33.5,33.545,33.6,33.6,33.6,33.6,33.7,33.7,33.7,33.7,33.7,33.7,33.8,33.8,33.8,33.9,33.9,33.9,33.9,34.0,34.0,34.099999999999994,34.099999999999994,34.1,34.19,34.3,34.3,34.3,34.3,34.4,34.4,34.5,34.5,34.5,34.54,34.599999999999994,34.6,34.685,34.7,34.7,34.73,34.8,34.8,34.8,34.8,34.9,34.919999999999995,35.0,35.0,35.1,35.2,35.295,35.3,35.4,35.440000000000005,35.5,35.739999999999995,36.085,32.9
2026-06-25|24h_prior,2026-06-25,24h_prior,external_test,31.2,pooled_empirical_residual,empirical_residual,1.25,raw_deterministic,Raw deterministic,31.2,31.2,31.2,31.2,31.2,31.2,31.2,31.2,31.2,31.2,31.2,31.2,31.2,31.2,31.2,31.2,31.2,31.2,31.2,31.2,31.2,31.2,31.2,31.2,31.2,31.2,31.2,31.2,31.2,31.2,31.2,31.2,31.2,31.2,31.2,31.2,31.2,31.2,31.2,31.2,31.2,31.2,31.2,31.2,31.2,31.2,31.2,31.2,31.2,31.2,31.2,31.2,31.2,31.2,31.2,31.2,31.2,31.2,31.2,31.2,31.2,31.2,31.2,31.2,31.2,31.2,31.2,31.2,31.2,31.2,31.2,31.2,31.2,31.2,31.2,31.2,31.2,31.2,31.2,31.2,31.2,31.2,31.2,31.2,31.2,31.2,31.2,31.2,31.2,31.2,31.2,31.2,31.2,31.2,31.2,31.2,31.2,31.2,31.2,32.9
2026-06-25|24h_prior,2026-06-25,24h_prior,external_test,31.2,pooled_empirical_residual,empirical_residual,1.25,selected_calibrated,Selected calibrated,29.668750000000003,29.899999999999995,30.08125,30.15,30.4,30.512500000000003,30.65,30.65,30.69375,30.9,30.9,31.025,31.025,31.4,31.525,31.575,31.65,31.7375,31.775,31.9,31.918750000000003,32.025000000000006,32.025000000000006,32.025000000000006,32.15,32.15,32.15,32.175,32.275,32.275,32.4,32.4,32.4,32.4,32.52499999999999,32.525000000000006,32.525000000000006,32.650000000000006,32.650000000000006,32.650000000000006,32.650000000000006,32.650000000000006,32.70625,32.775,32.775,32.775,32.775,32.9,32.9,32.9,32.9,32.9,32.9,33.025,33.025,33.025,33.14999999999999,33.14999999999999,33.150000000000006,33.150000000000006,33.275000000000006,33.275000000000006,33.4,33.4,33.4,33.5125,33.65,33.65,33.65,33.65,33.77499999999999,33.775000000000006,33.900000000000006,33.900000000000006,33.900000000000006,33.95,34.025,34.025,34.131249999999994,34.15,34.15,34.1875,34.275,34.275,34.275,34.275,34.39999999999999,34.425,34.525000000000006,34.525000000000006,34.65,34.775,34.89375,34.9,35.02499999999999,35.075,35.150000000000006,35.45,35.881249999999994,32.9
2026-06-25|24h_prior,2026-06-25,24h_prior,external_test,31.2,pooled_empirical_residual,empirical_residual,1.25,selected_uncalibrated,Selected uncalibrated,30.315,30.5,30.645,30.7,30.9,30.99,31.1,31.1,31.135,31.3,31.3,31.4,31.4,31.7,31.8,31.84,31.9,31.97,32.0,32.1,32.115,32.2,32.2,32.2,32.3,32.3,32.3,32.32,32.4,32.4,32.5,32.5,32.5,32.5,32.599999999999994,32.6,32.6,32.7,32.7,32.7,32.7,32.7,32.745,32.8,32.8,32.8,32.8,32.9,32.9,32.9,32.9,32.9,32.9,33.0,33.0,33.0,33.099999999999994,33.099999999999994,33.1,33.1,33.2,33.2,33.3,33.3,33.3,33.39,33.5,33.5,33.5,33.5,33.599999999999994,33.6,33.7,33.7,33.7,33.74,33.8,33.8,33.885,33.9,33.9,33.93,34.0,34.0,34.0,34.0,34.099999999999994,34.12,34.2,34.2,34.3,34.4,34.495,34.5,34.599999999999994,34.64,34.7,34.94,35.285,32.9
2026-06-25|6h_prior,2026-06-25,6h_prior,external_test,32.1,pooled_empirical_residual,empirical_residual,1.25,raw_deterministic,Raw deterministic,32.1,32.1,32.1,32.1,32.1,32.1,32.1,32.1,32.1,32.1,32.1,32.1,32.1,32.1,32.1,32.1,32.1,32.1,32.1,32.1,32.1,32.1,32.1,32.1,32.1,32.1,32.1,32.1,32.1,32.1,32.1,32.1,32.1,32.1,32.1,32.1,32.1,32.1,32.1,32.1,32.1,32.1,32.1,32.1,32.1,32.1,32.1,32.1,32.1,32.1,32.1,32.1,32.1,32.1,32.1,32.1,32.1,32.1,32.1,32.1,32.1,32.1,32.1,32.1,32.1,32.1,32.1,32.1,32.1,32.1,32.1,32.1,32.1,32.1,32.1,32.1,32.1,32.1,32.1,32.1,32.1,32.1,32.1,32.1,32.1,32.1,32.1,32.1,32.1,32.1,32.1,32.1,32.1,32.1,32.1,32.1,32.1,32.1,32.1,32.9
2026-06-25|6h_prior,2026-06-25,6h_prior,external_test,32.1,pooled_empirical_residual,empirical_residual,1.25,selected_calibrated,Selected calibrated,30.568750000000005,30.8,30.981250000000003,31.050000000000004,31.3,31.412500000000005,31.55,31.55,31.593750000000007,31.8,31.800000000000004,31.925,31.925000000000004,32.300000000000004,32.425000000000004,32.475,32.55,32.6375,32.67500000000001,32.8,32.81875,32.925000000000004,32.925000000000004,32.925000000000004,33.050000000000004,33.050000000000004,33.050000000000004,33.07500000000001,33.175,33.175,33.3,33.3,33.3,33.30000000000001,33.425,33.425,33.425,33.550000000000004,33.550000000000004,33.550000000000004,33.550000000000004,33.550000000000004,33.60625,33.675000000000004,33.675000000000004,33.675000000000004,33.675000000000004,33.8,33.8,33.8,33.8,33.8,33.800000000000004,33.925,33.92500000000001,33.92500000000001,34.05,34.05,34.05,34.05,34.175000000000004,34.175000000000004,34.300000000000004,34.300000000000004,34.300000000000004,34.4125,34.55000000000001,34.55000000000001,34.55000000000001,34.55000000000001,34.675,34.675,34.800000000000004,34.800000000000004,34.800000000000004,34.85,34.925000000000004,34.925000000000004,35.03125000000001,35.050000000000004,35.050000000000004,35.0875,35.17500000000001,35.17500000000001,35.17500000000001,35.17500000000001,35.3,35.325,35.425000000000004,35.425000000000004,35.550000000000004,35.675000000000004,35.79375,35.80000000000001,35.925,35.97500000000001,36.05,36.35,36.78125,32.9
2026-06-25|6h_prior,2026-06-25,6h_prior,external_test,32.1,pooled_empirical_residual,empirical_residual,1.25,selected_uncalibrated,Selected uncalibrated,31.215000000000003,31.4,31.545,31.6,31.8,31.890000000000004,32.0,32.0,32.035000000000004,32.2,32.2,32.3,32.300000000000004,32.6,32.7,32.74,32.8,32.870000000000005,32.900000000000006,33.0,33.015,33.1,33.1,33.1,33.2,33.2,33.2,33.220000000000006,33.3,33.3,33.4,33.4,33.4,33.400000000000006,33.5,33.5,33.5,33.6,33.6,33.6,33.6,33.6,33.645,33.7,33.7,33.7,33.7,33.8,33.8,33.8,33.8,33.8,33.800000000000004,33.9,33.900000000000006,33.900000000000006,34.0,34.0,34.0,34.0,34.1,34.1,34.2,34.2,34.2,34.29,34.400000000000006,34.400000000000006,34.400000000000006,34.400000000000006,34.5,34.5,34.6,34.6,34.6,34.64,34.7,34.7,34.785000000000004,34.800000000000004,34.800000000000004,34.83,34.900000000000006,34.900000000000006,34.900000000000006,34.900000000000006,35.0,35.02,35.1,35.1,35.2,35.300000000000004,35.395,35.400000000000006,35.5,35.540000000000006,35.6,35.84,36.185,32.9
2026-06-25|event_day_open,2026-06-25,event_day_open,external_test,31.7,pooled_empirical_residual,empirical_residual,1.25,raw_deterministic,Raw deterministic,31.7,31.7,31.7,31.7,31.7,31.7,31.7,31.7,31.7,31.7,31.7,31.7,31.7,31.7,31.7,31.7,31.7,31.7,31.7,31.7,31.7,31.7,31.7,31.7,31.7,31.7,31.7,31.7,31.7,31.7,31.7,31.7,31.7,31.7,31.7,31.7,31.7,31.7,31.7,31.7,31.7,31.7,31.7,31.7,31.7,31.7,31.7,31.7,31.7,31.7,31.7,31.7,31.7,31.7,31.7,31.7,31.7,31.7,31.7,31.7,31.7,31.7,31.7,31.7,31.7,31.7,31.7,31.7,31.7,31.7,31.7,31.7,31.7,31.7,31.7,31.7,31.7,31.7,31.7,31.7,31.7,31.7,31.7,31.7,31.7,31.7,31.7,31.7,31.7,31.7,31.7,31.7,31.7,31.7,31.7,31.7,31.7,31.7,31.7,32.9
2026-06-25|event_day_open,2026-06-25,event_day_open,external_test,31.7,pooled_empirical_residual,empirical_residual,1.25,selected_calibrated,Selected calibrated,30.168750000000003,30.399999999999995,30.58125,30.65,30.9,31.012500000000003,31.15,31.15,31.19375,31.4,31.4,31.525,31.525,31.90000000000001,32.025,32.075,32.15,32.2375,32.275,32.400000000000006,32.41875,32.525000000000006,32.525000000000006,32.525000000000006,32.65,32.65,32.65,32.675,32.775,32.775,32.9,32.9,32.9,32.9,33.02499999999999,33.025000000000006,33.025000000000006,33.150000000000006,33.150000000000006,33.150000000000006,33.150000000000006,33.150000000000006,33.20625,33.275,33.275,33.275,33.275,33.4,33.4,33.4,33.4,33.4,33.4,33.525,33.525,33.525,33.64999999999999,33.64999999999999,33.650000000000006,33.650000000000006,33.775000000000006,33.775000000000006,33.9,33.9,33.9,34.0125,34.15,34.15,34.15,34.15,34.27499999999999,34.275000000000006,34.400000000000006,34.400000000000006,34.400000000000006,34.45,34.525,34.525,34.631249999999994,34.65,34.65,34.6875,34.775,34.775,34.775,34.775,34.89999999999999,34.925,35.025000000000006,35.025000000000006,35.15,35.275,35.39375,35.4,35.52499999999999,35.575,35.650000000000006,35.95,36.38125,32.9
2026-06-25|event_day_open,2026-06-25,event_day_open,external_test,31.7,pooled_empirical_residual,empirical_residual,1.25,selected_uncalibrated,Selected uncalibrated,30.815,31.0,31.145,31.2,31.4,31.49,31.6,31.6,31.635,31.8,31.8,31.9,31.9,32.2,32.3,32.34,32.4,32.47,32.5,32.6,32.615,32.7,32.7,32.7,32.8,32.8,32.8,32.82,32.9,32.9,33.0,33.0,33.0,33.0,33.099999999999994,33.1,33.1,33.2,33.2,33.2,33.2,33.2,33.245,33.3,33.3,33.3,33.3,33.4,33.4,33.4,33.4,33.4,33.4,33.5,33.5,33.5,33.599999999999994,33.599999999999994,33.6,33.6,33.7,33.7,33.8,33.8,33.8,33.89,34.0,34.0,34.0,34.0,34.099999999999994,34.1,34.2,34.2,34.2,34.24,34.3,34.3,34.385,34.4,34.4,34.43,34.5,34.5,34.5,34.5,34.599999999999994,34.62,34.7,34.7,34.8,34.9,34.995,35.0,35.099999999999994,35.14,35.2,35.44,35.785,32.9
2026-06-26|12h_prior,2026-06-26,12h_prior,external_test,30.1,pooled_empirical_residual,empirical_residual,1.25,raw_deterministic,Raw deterministic,30.1,30.1,30.1,30.1,30.1,30.1,30.1,30.1,30.1,30.1,30.1,30.1,30.1,30.1,30.1,30.1,30.1,30.1,30.1,30.1,30.1,30.1,30.1,30.1,30.1,30.1,30.1,30.1,30.1,30.1,30.1,30.1,30.1,30.1,30.1,30.1,30.1,30.1,30.1,30.1,30.1,30.1,30.1,30.1,30.1,30.1,30.1,30.1,30.1,30.1,30.1,30.1,30.1,30.1,30.1,30.1,30.1,30.1,30.1,30.1,30.1,30.1,30.1,30.1,30.1,30.1,30.1,30.1,30.1,30.1,30.1,30.1,30.1,30.1,30.1,30.1,30.1,30.1,30.1,30.1,30.1,30.1,30.1,30.1,30.1,30.1,30.1,30.1,30.1,30.1,30.1,30.1,30.1,30.1,30.1,30.1,30.1,30.1,30.1,31.6
2026-06-26|12h_prior,2026-06-26,12h_prior,external_test,30.1,pooled_empirical_residual,empirical_residual,1.25,selected_calibrated,Selected calibrated,28.568750000000005,28.8,28.981250000000003,29.05,29.3,29.412500000000005,29.55,29.55,29.593750000000004,29.8,29.800000000000004,29.925,29.925000000000004,30.3,30.425000000000004,30.475,30.55,30.637500000000003,30.675000000000004,30.800000000000004,30.818750000000005,30.925,30.925,30.925,31.05,31.050000000000004,31.050000000000004,31.075000000000003,31.175,31.175,31.3,31.3,31.300000000000004,31.300000000000004,31.425,31.425,31.425000000000004,31.55,31.55,31.55,31.55,31.55,31.60625,31.675,31.675000000000004,31.675000000000004,31.675000000000004,31.8,31.8,31.8,31.8,31.8,31.800000000000004,31.925,31.925000000000004,31.925000000000004,32.05,32.05,32.05,32.05,32.175000000000004,32.175000000000004,32.300000000000004,32.300000000000004,32.300000000000004,32.4125,32.550000000000004,32.550000000000004,32.550000000000004,32.550000000000004,32.675,32.675,32.800000000000004,32.800000000000004,32.800000000000004,32.85,32.925000000000004,32.925000000000004,33.03125000000001,33.050000000000004,33.050000000000004,33.0875,33.175000000000004,33.175000000000004,33.175000000000004,33.175000000000004,33.3,33.325,33.425000000000004,33.425000000000004,33.550000000000004,33.675000000000004,33.79375,33.800000000000004,33.925,33.97500000000001,34.050000000000004,34.349999999999994,34.78125,31.6
2026-06-26|12h_prior,2026-06-26,12h_prior,external_test,30.1,pooled_empirical_residual,empirical_residual,1.25,selected_uncalibrated,Selected uncalibrated,29.215000000000003,29.4,29.545,29.6,29.8,29.890000000000004,30.0,30.0,30.035000000000004,30.2,30.200000000000003,30.3,30.300000000000004,30.6,30.700000000000003,30.74,30.8,30.87,30.9,31.000000000000004,31.015000000000004,31.1,31.1,31.1,31.2,31.200000000000003,31.200000000000003,31.22,31.3,31.3,31.4,31.4,31.4,31.4,31.5,31.5,31.500000000000004,31.6,31.6,31.6,31.6,31.6,31.645,31.7,31.700000000000003,31.700000000000003,31.700000000000003,31.8,31.8,31.8,31.8,31.8,31.800000000000004,31.9,31.9,31.9,32.0,32.0,32.0,32.0,32.1,32.1,32.2,32.2,32.2,32.29,32.400000000000006,32.400000000000006,32.400000000000006,32.400000000000006,32.5,32.5,32.6,32.6,32.6,32.64,32.7,32.7,32.785000000000004,32.800000000000004,32.800000000000004,32.83,32.900000000000006,32.900000000000006,32.900000000000006,32.900000000000006,33.0,33.02,33.1,33.1,33.2,33.300000000000004,33.395,33.400000000000006,33.5,33.540000000000006,33.6,33.84,34.185,31.6
2026-06-26|24h_prior,2026-06-26,24h_prior,external_test,30.5,pooled_empirical_residual,empirical_residual,1.25,raw_deterministic,Raw deterministic,30.5,30.5,30.5,30.5,30.5,30.5,30.5,30.5,30.5,30.5,30.5,30.5,30.5,30.5,30.5,30.5,30.5,30.5,30.5,30.5,30.5,30.5,30.5,30.5,30.5,30.5,30.5,30.5,30.5,30.5,30.5,30.5,30.5,30.5,30.5,30.5,30.5,30.5,30.5,30.5,30.5,30.5,30.5,30.5,30.5,30.5,30.5,30.5,30.5,30.5,30.5,30.5,30.5,30.5,30.5,30.5,30.5,30.5,30.5,30.5,30.5,30.5,30.5,30.5,30.5,30.5,30.5,30.5,30.5,30.5,30.5,30.5,30.5,30.5,30.5,30.5,30.5,30.5,30.5,30.5,30.5,30.5,30.5,30.5,30.5,30.5,30.5,30.5,30.5,30.5,30.5,30.5,30.5,30.5,30.5,30.5,30.5,30.5,30.5,31.6
2026-06-26|24h_prior,2026-06-26,24h_prior,external_test,30.5,pooled_empirical_residual,empirical_residual,1.25,selected_calibrated,Selected calibrated,28.96875,29.2,29.38125,29.45,29.7,29.812500000000004,29.95,29.95,29.99375,30.2,30.200000000000003,30.325,30.325000000000003,30.7,30.825000000000003,30.875,30.95,31.0375,31.075,31.200000000000003,31.218750000000004,31.325,31.325,31.325,31.45,31.450000000000003,31.450000000000003,31.475,31.575,31.575,31.7,31.7,31.7,31.7,31.825,31.825,31.825000000000003,31.95,31.95,31.95,31.95,31.95,32.00625,32.075,32.075,32.075,32.075,32.2,32.2,32.2,32.2,32.2,32.2,32.325,32.325,32.325,32.45,32.45,32.45,32.45,32.575,32.575,32.69999999999999,32.69999999999999,32.7,32.8125,32.95,32.95,32.95,32.95,33.075,33.075,33.2,33.2,33.2,33.25,33.32499999999999,33.325,33.431250000000006,33.45,33.45,33.4875,33.575,33.575,33.575,33.575,33.7,33.724999999999994,33.825,33.825,33.95,34.075,34.19375,34.2,34.325,34.37500000000001,34.45,34.74999999999999,35.18124999999999,31.6
2026-06-26|24h_prior,2026-06-26,24h_prior,external_test,30.5,pooled_empirical_residual,empirical_residual,1.25,selected_uncalibrated,Selected uncalibrated,29.615,29.8,29.945,30.0,30.2,30.290000000000003,30.4,30.4,30.435,30.6,30.6,30.7,30.700000000000003,31.0,31.1,31.14,31.2,31.27,31.3,31.4,31.415000000000003,31.5,31.5,31.5,31.6,31.6,31.6,31.62,31.7,31.7,31.8,31.8,31.8,31.8,31.9,31.9,31.9,32.0,32.0,32.0,32.0,32.0,32.045,32.1,32.1,32.1,32.1,32.2,32.2,32.2,32.2,32.2,32.2,32.3,32.3,32.3,32.4,32.4,32.4,32.4,32.5,32.5,32.599999999999994,32.599999999999994,32.6,32.69,32.8,32.8,32.8,32.8,32.9,32.9,33.0,33.0,33.0,33.04,33.099999999999994,33.1,33.185,33.2,33.2,33.23,33.3,33.3,33.3,33.3,33.4,33.419999999999995,33.5,33.5,33.6,33.7,33.795,33.8,33.9,33.940000000000005,34.0,34.239999999999995,34.584999999999994,31.6
2026-06-26|6h_prior,2026-06-26,6h_prior,external_test,31.4,pooled_empirical_residual,empirical_residual,1.25,raw_deterministic,Raw deterministic,31.4,31.4,31.4,31.4,31.4,31.4,31.4,31.4,31.4,31.4,31.4,31.4,31.4,31.4,31.4,31.4,31.4,31.4,31.4,31.4,31.4,31.4,31.4,31.4,31.4,31.4,31.4,31.4,31.4,31.4,31.4,31.4,31.4,31.4,31.4,31.4,31.4,31.4,31.4,31.4,31.4,31.4,31.4,31.4,31.4,31.4,31.4,31.4,31.4,31.4,31.4,31.4,31.4,31.4,31.4,31.4,31.4,31.4,31.4,31.4,31.4,31.4,31.4,31.4,31.4,31.4,31.4,31.4,31.4,31.4,31.4,31.4,31.4,31.4,31.4,31.4,31.4,31.4,31.4,31.4,31.4,31.4,31.4,31.4,31.4,31.4,31.4,31.4,31.4,31.4,31.4,31.4,31.4,31.4,31.4,31.4,31.4,31.4,31.4,31.6
2026-06-26|6h_prior,2026-06-26,6h_prior,external_test,31.4,pooled_empirical_residual,empirical_residual,1.25,selected_calibrated,Selected calibrated,29.86875,30.099999999999994,30.28125,30.35,30.6,30.7125,30.85,30.85,30.893750000000004,31.1,31.1,31.225,31.225,31.6,31.725,31.775,31.849999999999994,31.937500000000004,31.975000000000005,32.099999999999994,32.11875,32.225,32.225,32.225,32.35,32.35,32.35,32.37500000000001,32.474999999999994,32.474999999999994,32.599999999999994,32.599999999999994,32.599999999999994,32.60000000000001,32.724999999999994,32.724999999999994,32.724999999999994,32.85,32.85,32.85,32.85,32.85,32.90625,32.975,32.975,32.975,32.975,33.099999999999994,33.099999999999994,33.099999999999994,33.099999999999994,33.099999999999994,33.1,33.224999999999994,33.22500000000001,33.22500000000001,33.349999999999994,33.349999999999994,33.349999999999994,33.349999999999994,33.475,33.475,33.6,33.6,33.6,33.7125,33.85000000000001,33.85000000000001,33.85000000000001,33.85000000000001,33.974999999999994,33.974999999999994,34.1,34.1,34.1,34.15,34.225,34.225,34.331250000000004,34.35,34.35,34.3875,34.47500000000001,34.47500000000001,34.47500000000001,34.47500000000001,34.599999999999994,34.62499999999999,34.725,34.725,34.85,34.975,35.09375,35.10000000000001,35.224999999999994,35.275000000000006,35.35,35.64999999999999,36.08125,31.6
2026-06-26|6h_prior,2026-06-26,6h_prior,external_test,31.4,pooled_empirical_residual,empirical_residual,1.25,selected_uncalibrated,Selected uncalibrated,30.515,30.7,30.845,30.9,31.1,31.19,31.3,31.3,31.335,31.5,31.5,31.6,31.6,31.9,32.0,32.04,32.099999999999994,32.17,32.2,32.3,32.315,32.4,32.4,32.4,32.5,32.5,32.5,32.52,32.599999999999994,32.599999999999994,32.7,32.7,32.7,32.7,32.8,32.8,32.8,32.9,32.9,32.9,32.9,32.9,32.945,33.0,33.0,33.0,33.0,33.099999999999994,33.099999999999994,33.099999999999994,33.099999999999994,33.099999999999994,33.1,33.2,33.2,33.2,33.3,33.3,33.3,33.3,33.4,33.4,33.5,33.5,33.5,33.59,33.7,33.7,33.7,33.7,33.8,33.8,33.9,33.9,33.9,33.94,34.0,34.0,34.085,34.1,34.1,34.129999999999995,34.2,34.2,34.2,34.2,34.3,34.31999999999999,34.4,34.4,34.5,34.6,34.695,34.7,34.8,34.84,34.9,35.13999999999999,35.485,31.6
2026-06-26|event_day_open,2026-06-26,event_day_open,external_test,30.0,pooled_empirical_residual,empirical_residual,1.25,raw_deterministic,Raw deterministic,30.0,30.0,30.0,30.0,30.0,30.0,30.0,30.0,30.0,30.0,30.0,30.0,30.0,30.0,30.0,30.0,30.0,30.0,30.0,30.0,30.0,30.0,30.0,30.0,30.0,30.0,30.0,30.0,30.0,30.0,30.0,30.0,30.0,30.0,30.0,30.0,30.0,30.0,30.0,30.0,30.0,30.0,30.0,30.0,30.0,30.0,30.0,30.0,30.0,30.0,30.0,30.0,30.0,30.0,30.0,30.0,30.0,30.0,30.0,30.0,30.0,30.0,30.0,30.0,30.0,30.0,30.0,30.0,30.0,30.0,30.0,30.0,30.0,30.0,30.0,30.0,30.0,30.0,30.0,30.0,30.0,30.0,30.0,30.0,30.0,30.0,30.0,30.0,30.0,30.0,30.0,30.0,30.0,30.0,30.0,30.0,30.0,30.0,30.0,31.6
2026-06-26|event_day_open,2026-06-26,event_day_open,external_test,30.0,pooled_empirical_residual,empirical_residual,1.25,selected_calibrated,Selected calibrated,28.468750000000004,28.7,28.88125,28.95,29.2,29.312500000000004,29.45,29.45,29.49375,29.7,29.700000000000003,29.825,29.825000000000003,30.2,30.325000000000003,30.375,30.45,30.5375,30.575000000000003,30.700000000000003,30.718750000000004,30.825,30.825,30.825,30.95,30.950000000000003,30.950000000000003,30.975,31.075,31.075,31.2,31.2,31.200000000000003,31.200000000000003,31.325,31.325,31.325000000000003,31.45,31.45,31.45,31.45,31.45,31.50625,31.575,31.575000000000003,31.575000000000003,31.575000000000003,31.7,31.7,31.7,31.7,31.7,31.700000000000003,31.825,31.825000000000003,31.825000000000003,31.95,31.95,31.950000000000003,31.950000000000003,32.075,32.075,32.2,32.2,32.2,32.3125,32.45,32.45,32.45,32.45,32.575,32.575,32.7,32.7,32.7,32.75,32.825,32.825,32.931250000000006,32.95,32.95,32.9875,33.075,33.075,33.075,33.075,33.2,33.224999999999994,33.325,33.325,33.45,33.575,33.69375,33.7,33.825,33.87500000000001,33.95,34.24999999999999,34.68124999999999,31.6
2026-06-26|event_day_open,2026-06-26,event_day_open,external_test,30.0,pooled_empirical_residual,empirical_residual,1.25,selected_uncalibrated,Selected uncalibrated,29.115,29.3,29.445,29.5,29.7,29.790000000000003,29.9,29.9,29.935,30.1,30.1,30.2,30.200000000000003,30.5,30.6,30.64,30.7,30.77,30.8,30.9,30.915000000000003,31.0,31.0,31.0,31.1,31.1,31.1,31.12,31.2,31.2,31.3,31.3,31.3,31.3,31.4,31.4,31.4,31.5,31.5,31.5,31.5,31.5,31.545,31.6,31.6,31.6,31.6,31.7,31.7,31.7,31.7,31.7,31.700000000000003,31.8,31.8,31.8,31.9,31.9,31.9,31.9,32.0,32.0,32.099999999999994,32.099999999999994,32.1,32.19,32.3,32.3,32.3,32.3,32.4,32.4,32.5,32.5,32.5,32.54,32.599999999999994,32.6,32.685,32.7,32.7,32.73,32.8,32.8,32.8,32.8,32.9,32.919999999999995,33.0,33.0,33.1,33.2,33.295,33.3,33.4,33.440000000000005,33.5,33.739999999999995,34.084999999999994,31.6
2026-06-27|12h_prior,2026-06-27,12h_prior,external_test,29.0,pooled_empirical_residual,empirical_residual,1.25,raw_deterministic,Raw deterministic,29.0,29.0,29.0,29.0,29.0,29.0,29.0,29.0,29.0,29.0,29.0,29.0,29.0,29.0,29.0,29.0,29.0,29.0,29.0,29.0,29.0,29.0,29.0,29.0,29.0,29.0,29.0,29.0,29.0,29.0,29.0,29.0,29.0,29.0,29.0,29.0,29.0,29.0,29.0,29.0,29.0,29.0,29.0,29.0,29.0,29.0,29.0,29.0,29.0,29.0,29.0,29.0,29.0,29.0,29.0,29.0,29.0,29.0,29.0,29.0,29.0,29.0,29.0,29.0,29.0,29.0,29.0,29.0,29.0,29.0,29.0,29.0,29.0,29.0,29.0,29.0,29.0,29.0,29.0,29.0,29.0,29.0,29.0,29.0,29.0,29.0,29.0,29.0,29.0,29.0,29.0,29.0,29.0,29.0,29.0,29.0,29.0,29.0,29.0,30.2
2026-06-27|12h_prior,2026-06-27,12h_prior,external_test,29.0,pooled_empirical_residual,empirical_residual,1.25,selected_calibrated,Selected calibrated,27.468750000000004,27.7,27.88125,27.95,28.2,28.312500000000004,28.45,28.45,28.49375,28.7,28.700000000000003,28.825,28.825000000000003,29.2,29.325000000000003,29.375,29.45,29.5375,29.575000000000003,29.700000000000003,29.718750000000004,29.825,29.825,29.825,29.95,29.950000000000003,29.950000000000003,29.975,30.075,30.075,30.2,30.2,30.200000000000003,30.200000000000003,30.325,30.325,30.325000000000003,30.45,30.45,30.45,30.45,30.45,30.50625,30.575,30.575000000000003,30.575000000000003,30.575000000000003,30.7,30.7,30.7,30.7,30.7,30.700000000000003,30.825,30.825000000000003,30.825000000000003,30.95,30.95,30.950000000000003,30.950000000000003,31.075,31.075,31.2,31.2,31.200000000000003,31.3125,31.450000000000003,31.450000000000003,31.450000000000003,31.450000000000003,31.575,31.575000000000003,31.7,31.7,31.7,31.75,31.825,31.825000000000003,31.93125,31.95,31.95,31.9875,32.075,32.075,32.075,32.075,32.2,32.224999999999994,32.325,32.325,32.45,32.575,32.69375,32.7,32.825,32.87500000000001,32.95,33.24999999999999,33.68124999999999,30.2
2026-06-27|12h_prior,2026-06-27,12h_prior,external_test,29.0,pooled_empirical_residual,empirical_residual,1.25,selected_uncalibrated,Selected uncalibrated,28.115,28.3,28.445,28.5,28.7,28.790000000000003,28.9,28.9,28.935,29.1,29.1,29.2,29.200000000000003,29.5,29.6,29.64,29.7,29.77,29.8,29.9,29.915000000000003,30.0,30.0,30.0,30.1,30.1,30.1,30.12,30.2,30.2,30.3,30.3,30.3,30.3,30.4,30.4,30.4,30.5,30.5,30.5,30.5,30.5,30.545,30.6,30.6,30.6,30.6,30.7,30.7,30.7,30.7,30.7,30.700000000000003,30.8,30.8,30.8,30.9,30.9,30.9,30.9,31.0,31.0,31.1,31.1,31.1,31.19,31.3,31.3,31.3,31.3,31.4,31.4,31.5,31.5,31.5,31.54,31.6,31.6,31.685,31.7,31.7,31.73,31.8,31.8,31.8,31.8,31.9,31.92,32.0,32.0,32.1,32.2,32.295,32.3,32.4,32.440000000000005,32.5,32.739999999999995,33.084999999999994,30.2
2026-06-27|24h_prior,2026-06-27,24h_prior,external_test,27.2,pooled_empirical_residual,empirical_residual,1.25,raw_deterministic,Raw deterministic,27.2,27.2,27.2,27.2,27.2,27.2,27.2,27.2,27.2,27.2,27.2,27.2,27.2,27.2,27.2,27.2,27.2,27.2,27.2,27.2,27.2,27.2,27.2,27.2,27.2,27.2,27.2,27.2,27.2,27.2,27.2,27.2,27.2,27.2,27.2,27.2,27.2,27.2,27.2,27.2,27.2,27.2,27.2,27.2,27.2,27.2,27.2,27.2,27.2,27.2,27.2,27.2,27.2,27.2,27.2,27.2,27.2,27.2,27.2,27.2,27.2,27.2,27.2,27.2,27.2,27.2,27.2,27.2,27.2,27.2,27.2,27.2,27.2,27.2,27.2,27.2,27.2,27.2,27.2,27.2,27.2,27.2,27.2,27.2,27.2,27.2,27.2,27.2,27.2,27.2,27.2,27.2,27.2,27.2,27.2,27.2,27.2,27.2,27.2,30.2
2026-06-27|24h_prior,2026-06-27,24h_prior,external_test,27.2,pooled_empirical_residual,empirical_residual,1.25,selected_calibrated,Selected calibrated,25.668750000000003,25.899999999999995,26.08125,26.15,26.4,26.512500000000003,26.65,26.65,26.69375,26.9,26.9,27.025,27.025,27.4,27.525,27.575,27.65,27.7375,27.775,27.9,27.918750000000003,28.025,28.025,28.025,28.15,28.15,28.15,28.175,28.275,28.275,28.399999999999995,28.399999999999995,28.4,28.4,28.525,28.525,28.525,28.65,28.65,28.65,28.65,28.65,28.70625,28.775,28.775,28.775,28.775,28.9,28.9,28.9,28.9,28.9,28.9,29.024999999999995,29.025,29.025,29.15,29.15,29.15,29.15,29.275,29.275,29.4,29.4,29.4,29.512500000000003,29.65,29.65,29.65,29.65,29.775,29.775,29.9,29.9,29.9,29.95,30.025,30.025,30.13125,30.15,30.15,30.1875,30.275,30.275,30.275,30.275,30.4,30.425,30.525,30.525,30.65,30.775,30.89375,30.9,31.025,31.075000000000003,31.15,31.45,31.881249999999994,30.2
2026-06-27|24h_prior,2026-06-27,24h_prior,external_test,27.2,pooled_empirical_residual,empirical_residual,1.25,selected_uncalibrated,Selected uncalibrated,26.315,26.5,26.645,26.7,26.9,26.99,27.1,27.1,27.135,27.3,27.3,27.4,27.4,27.7,27.8,27.84,27.9,27.97,28.0,28.1,28.115,28.2,28.2,28.2,28.3,28.3,28.3,28.32,28.4,28.4,28.5,28.5,28.5,28.5,28.6,28.6,28.6,28.7,28.7,28.7,28.7,28.7,28.745,28.8,28.8,28.8,28.8,28.9,28.9,28.9,28.9,28.9,28.9,29.0,29.0,29.0,29.1,29.1,29.1,29.1,29.2,29.2,29.3,29.3,29.3,29.39,29.5,29.5,29.5,29.5,29.6,29.6,29.7,29.7,29.7,29.74,29.8,29.8,29.885,29.9,29.9,29.93,30.0,30.0,30.0,30.0,30.1,30.12,30.2,30.2,30.3,30.4,30.495,30.5,30.6,30.64,30.7,30.94,31.285,30.2
2026-06-27|6h_prior,2026-06-27,6h_prior,external_test,28.8,pooled_empirical_residual,empirical_residual,1.25,raw_deterministic,Raw deterministic,28.8,28.8,28.8,28.8,28.8,28.8,28.8,28.8,28.8,28.8,28.8,28.8,28.8,28.8,28.8,28.8,28.8,28.8,28.8,28.8,28.8,28.8,28.8,28.8,28.8,28.8,28.8,28.8,28.8,28.8,28.8,28.8,28.8,28.8,28.8,28.8,28.8,28.8,28.8,28.8,28.8,28.8,28.8,28.8,28.8,28.8,28.8,28.8,28.8,28.8,28.8,28.8,28.8,28.8,28.8,28.8,28.8,28.8,28.8,28.8,28.8,28.8,28.8,28.8,28.8,28.8,28.8,28.8,28.8,28.8,28.8,28.8,28.8,28.8,28.8,28.8,28.8,28.8,28.8,28.8,28.8,28.8,28.8,28.8,28.8,28.8,28.8,28.8,28.8,28.8,28.8,28.8,28.8,28.8,28.8,28.8,28.8,28.8,28.8,30.2
2026-06-27|6h_prior,2026-06-27,6h_prior,external_test,28.8,pooled_empirical_residual,empirical_residual,1.25,selected_calibrated,Selected calibrated,27.268750000000004,27.5,27.68125,27.75,28.0,28.112500000000004,28.25,28.25,28.293750000000003,28.5,28.500000000000004,28.625,28.625000000000004,29.0,29.125000000000004,29.175,29.25,29.3375,29.375,29.500000000000004,29.518750000000004,29.625,29.625,29.625,29.75,29.750000000000004,29.750000000000004,29.775,29.875,29.875,30.0,30.0,30.0,30.0,30.125,30.125,30.125000000000004,30.25,30.25,30.25,30.25,30.25,30.30625,30.375,30.375000000000004,30.375000000000004,30.375000000000004,30.5,30.5,30.5,30.5,30.5,30.500000000000004,30.625,30.625,30.625,30.75,30.75,30.750000000000004,30.750000000000004,30.875,30.875,31.0,31.0,31.000000000000004,31.112500000000004,31.25,31.25,31.25,31.25,31.375,31.375000000000004,31.5,31.5,31.5,31.55,31.625,31.625000000000004,31.73125,31.75,31.75,31.7875,31.875,31.875,31.875,31.875,32.0,32.025,32.125,32.125,32.25,32.375,32.49375,32.5,32.625,32.675000000000004,32.75,33.05,33.48125,30.2
2026-06-27|6h_prior,2026-06-27,6h_prior,external_test,28.8,pooled_empirical_residual,empirical_residual,1.25,selected_uncalibrated,Selected uncalibrated,27.915000000000003,28.1,28.245,28.3,28.5,28.590000000000003,28.7,28.7,28.735000000000003,28.9,28.9,29.0,29.000000000000004,29.3,29.4,29.44,29.5,29.57,29.6,29.700000000000003,29.715000000000003,29.8,29.8,29.8,29.9,29.9,29.9,29.92,30.0,30.0,30.1,30.1,30.1,30.1,30.2,30.2,30.200000000000003,30.3,30.3,30.3,30.3,30.3,30.345,30.4,30.4,30.4,30.4,30.5,30.5,30.5,30.5,30.5,30.500000000000004,30.6,30.6,30.6,30.7,30.7,30.700000000000003,30.700000000000003,30.8,30.8,30.9,30.9,30.9,30.99,31.1,31.1,31.1,31.1,31.2,31.200000000000003,31.3,31.3,31.3,31.34,31.4,31.4,31.485,31.5,31.5,31.53,31.6,31.6,31.6,31.6,31.7,31.72,31.8,31.8,31.9,32.0,32.095,32.1,32.2,32.24,32.3,32.54,32.885,30.2
2026-06-27|event_day_open,2026-06-27,event_day_open,external_test,29.2,pooled_empirical_residual,empirical_residual,1.25,raw_deterministic,Raw deterministic,29.2,29.2,29.2,29.2,29.2,29.2,29.2,29.2,29.2,29.2,29.2,29.2,29.2,29.2,29.2,29.2,29.2,29.2,29.2,29.2,29.2,29.2,29.2,29.2,29.2,29.2,29.2,29.2,29.2,29.2,29.2,29.2,29.2,29.2,29.2,29.2,29.2,29.2,29.2,29.2,29.2,29.2,29.2,29.2,29.2,29.2,29.2,29.2,29.2,29.2,29.2,29.2,29.2,29.2,29.2,29.2,29.2,29.2,29.2,29.2,29.2,29.2,29.2,29.2,29.2,29.2,29.2,29.2,29.2,29.2,29.2,29.2,29.2,29.2,29.2,29.2,29.2,29.2,29.2,29.2,29.2,29.2,29.2,29.2,29.2,29.2,29.2,29.2,29.2,29.2,29.2,29.2,29.2,29.2,29.2,29.2,29.2,29.2,29.2,30.2
2026-06-27|event_day_open,2026-06-27,event_day_open,external_test,29.2,pooled_empirical_residual,empirical_residual,1.25,selected_calibrated,Selected calibrated,27.668750000000003,27.899999999999995,28.08125,28.15,28.4,28.512500000000003,28.65,28.65,28.69375,28.9,28.9,29.025,29.025,29.4,29.525,29.575,29.65,29.7375,29.775,29.9,29.918750000000003,30.025,30.025,30.025,30.15,30.15,30.15,30.175,30.275,30.275,30.399999999999995,30.399999999999995,30.4,30.4,30.525,30.525,30.525,30.65,30.65,30.65,30.65,30.65,30.70625,30.775,30.775,30.775,30.775,30.9,30.9,30.9,30.9,30.9,30.9,31.024999999999995,31.025,31.025,31.15,31.15,31.15,31.15,31.275,31.275,31.4,31.4,31.4,31.512500000000003,31.65,31.65,31.65,31.65,31.775,31.775,31.9,31.9,31.9,31.95,32.025,32.025,32.131249999999994,32.15,32.15,32.1875,32.275,32.275,32.275,32.275,32.39999999999999,32.425,32.525000000000006,32.525000000000006,32.65,32.775,32.89375,32.9,33.02499999999999,33.075,33.150000000000006,33.45,33.881249999999994,30.2
2026-06-27|event_day_open,2026-06-27,event_day_open,external_test,29.2,pooled_empirical_residual,empirical_residual,1.25,selected_uncalibrated,Selected uncalibrated,28.315,28.5,28.645,28.7,28.9,28.99,29.1,29.1,29.135,29.3,29.3,29.4,29.4,29.7,29.8,29.84,29.9,29.97,30.0,30.1,30.115,30.2,30.2,30.2,30.3,30.3,30.3,30.32,30.4,30.4,30.5,30.5,30.5,30.5,30.6,30.6,30.6,30.7,30.7,30.7,30.7,30.7,30.745,30.8,30.8,30.8,30.8,30.9,30.9,30.9,30.9,30.9,30.9,31.0,31.0,31.0,31.1,31.1,31.1,31.1,31.2,31.2,31.3,31.3,31.3,31.39,31.5,31.5,31.5,31.5,31.6,31.6,31.7,31.7,31.7,31.74,31.8,31.8,31.885,31.9,31.9,31.93,32.0,32.0,32.0,32.0,32.099999999999994,32.12,32.2,32.2,32.3,32.4,32.495,32.5,32.599999999999994,32.64,32.7,32.94,33.285,30.2
2026-06-28|12h_prior,2026-06-28,12h_prior,external_test,28.9,pooled_empirical_residual,empirical_residual,1.25,raw_deterministic,Raw deterministic,28.9,28.9,28.9,28.9,28.9,28.9,28.9,28.9,28.9,28.9,28.9,28.9,28.9,28.9,28.9,28.9,28.9,28.9,28.9,28.9,28.9,28.9,28.9,28.9,28.9,28.9,28.9,28.9,28.9,28.9,28.9,28.9,28.9,28.9,28.9,28.9,28.9,28.9,28.9,28.9,28.9,28.9,28.9,28.9,28.9,28.9,28.9,28.9,28.9,28.9,28.9,28.9,28.9,28.9,28.9,28.9,28.9,28.9,28.9,28.9,28.9,28.9,28.9,28.9,28.9,28.9,28.9,28.9,28.9,28.9,28.9,28.9,28.9,28.9,28.9,28.9,28.9,28.9,28.9,28.9,28.9,28.9,28.9,28.9,28.9,28.9,28.9,28.9,28.9,28.9,28.9,28.9,28.9,28.9,28.9,28.9,28.9,28.9,28.9,30.0
2026-06-28|12h_prior,2026-06-28,12h_prior,external_test,28.9,pooled_empirical_residual,empirical_residual,1.25,selected_calibrated,Selected calibrated,27.36875,27.599999999999994,27.78125,27.85,28.1,28.2125,28.35,28.35,28.39375,28.599999999999994,28.6,28.725,28.725,29.1,29.225,29.275,29.35,29.4375,29.475,29.6,29.61875,29.725,29.725,29.725,29.849999999999994,29.85,29.85,29.875,29.975,29.975,30.099999999999994,30.099999999999994,30.1,30.1,30.225,30.225,30.225,30.35,30.35,30.35,30.35,30.35,30.40625,30.474999999999994,30.475,30.475,30.475,30.6,30.6,30.6,30.6,30.6,30.6,30.724999999999994,30.725,30.725,30.85,30.85,30.85,30.85,30.975,30.975,31.099999999999994,31.099999999999994,31.1,31.2125,31.35,31.35,31.35,31.35,31.475,31.475,31.6,31.6,31.6,31.65,31.724999999999994,31.725,31.83125,31.85,31.85,31.8875,31.975,31.975,31.975,31.975,32.099999999999994,32.125,32.225,32.225,32.35,32.475,32.59375,32.6,32.724999999999994,32.775000000000006,32.85,33.14999999999999,33.58125,30.0
2026-06-28|12h_prior,2026-06-28,12h_prior,external_test,28.9,pooled_empirical_residual,empirical_residual,1.25,selected_uncalibrated,Selected uncalibrated,28.015,28.2,28.345,28.4,28.6,28.69,28.8,28.8,28.835,29.0,29.0,29.1,29.1,29.4,29.5,29.54,29.6,29.67,29.7,29.8,29.815,29.9,29.9,29.9,30.0,30.0,30.0,30.02,30.1,30.1,30.2,30.2,30.2,30.2,30.3,30.3,30.3,30.4,30.4,30.4,30.4,30.4,30.445,30.5,30.5,30.5,30.5,30.6,30.6,30.6,30.6,30.6,30.6,30.7,30.7,30.7,30.8,30.8,30.8,30.8,30.9,30.9,31.0,31.0,31.0,31.09,31.2,31.2,31.2,31.2,31.3,31.3,31.4,31.4,31.4,31.44,31.5,31.5,31.585,31.6,31.6,31.63,31.7,31.7,31.7,31.7,31.8,31.82,31.9,31.9,32.0,32.1,32.195,32.2,32.3,32.34,32.4,32.63999999999999,32.985,30.0
2026-06-28|24h_prior,2026-06-28,24h_prior,external_test,29.4,pooled_empirical_residual,empirical_residual,1.25,raw_deterministic,Raw deterministic,29.4,29.4,29.4,29.4,29.4,29.4,29.4,29.4,29.4,29.4,29.4,29.4,29.4,29.4,29.4,29.4,29.4,29.4,29.4,29.4,29.4,29.4,29.4,29.4,29.4,29.4,29.4,29.4,29.4,29.4,29.4,29.4,29.4,29.4,29.4,29.4,29.4,29.4,29.4,29.4,29.4,29.4,29.4,29.4,29.4,29.4,29.4,29.4,29.4,29.4,29.4,29.4,29.4,29.4,29.4,29.4,29.4,29.4,29.4,29.4,29.4,29.4,29.4,29.4,29.4,29.4,29.4,29.4,29.4,29.4,29.4,29.4,29.4,29.4,29.4,29.4,29.4,29.4,29.4,29.4,29.4,29.4,29.4,29.4,29.4,29.4,29.4,29.4,29.4,29.4,29.4,29.4,29.4,29.4,29.4,29.4,29.4,29.4,29.4,30.0
2026-06-28|24h_prior,2026-06-28,24h_prior,external_test,29.4,pooled_empirical_residual,empirical_residual,1.25,selected_calibrated,Selected calibrated,27.86875,28.099999999999994,28.28125,28.35,28.6,28.7125,28.85,28.85,28.89375,29.099999999999994,29.1,29.225,29.225,29.6,29.725,29.775,29.85,29.9375,29.975,30.1,30.11875,30.225,30.225,30.225,30.349999999999994,30.35,30.35,30.375,30.475,30.475,30.599999999999994,30.599999999999994,30.6,30.6,30.725,30.725,30.725,30.85,30.85,30.85,30.85,30.85,30.90625,30.974999999999994,30.975,30.975,30.975,31.1,31.1,31.1,31.1,31.1,31.1,31.224999999999994,31.225,31.225,31.35,31.35,31.35,31.35,31.475,31.475,31.599999999999994,31.599999999999994,31.6,31.7125,31.85,31.85,31.85,31.85,31.975,31.975,32.1,32.1,32.1,32.15,32.224999999999994,32.225,32.331250000000004,32.35,32.35,32.3875,32.475,32.475,32.475,32.475,32.599999999999994,32.62499999999999,32.725,32.725,32.85,32.975,33.09375,33.1,33.224999999999994,33.275000000000006,33.35,33.64999999999999,34.08125,30.0
2026-06-28|24h_prior,2026-06-28,24h_prior,external_test,29.4,pooled_empirical_residual,empirical_residual,1.25,selected_uncalibrated,Selected uncalibrated,28.515,28.7,28.845,28.9,29.1,29.19,29.3,29.3,29.335,29.5,29.5,29.6,29.6,29.9,30.0,30.04,30.1,30.17,30.2,30.3,30.315,30.4,30.4,30.4,30.5,30.5,30.5,30.52,30.6,30.6,30.7,30.7,30.7,30.7,30.8,30.8,30.8,30.9,30.9,30.9,30.9,30.9,30.945,31.0,31.0,31.0,31.0,31.1,31.1,31.1,31.1,31.1,31.1,31.2,31.2,31.2,31.3,31.3,31.3,31.3,31.4,31.4,31.5,31.5,31.5,31.59,31.7,31.7,31.7,31.7,31.8,31.8,31.9,31.9,31.9,31.94,32.0,32.0,32.085,32.1,32.1,32.129999999999995,32.2,32.2,32.2,32.2,32.3,32.31999999999999,32.4,32.4,32.5,32.6,32.695,32.7,32.8,32.84,32.9,33.13999999999999,33.485,30.0
2026-06-28|6h_prior,2026-06-28,6h_prior,external_test,29.6,pooled_empirical_residual,empirical_residual,1.25,raw_deterministic,Raw deterministic,29.6,29.6,29.6,29.6,29.6,29.6,29.6,29.6,29.6,29.6,29.6,29.6,29.6,29.6,29.6,29.6,29.6,29.6,29.6,29.6,29.6,29.6,29.6,29.6,29.6,29.6,29.6,29.6,29.6,29.6,29.6,29.6,29.6,29.6,29.6,29.6,29.6,29.6,29.6,29.6,29.6,29.6,29.6,29.6,29.6,29.6,29.6,29.6,29.6,29.6,29.6,29.6,29.6,29.6,29.6,29.6,29.6,29.6,29.6,29.6,29.6,29.6,29.6,29.6,29.6,29.6,29.6,29.6,29.6,29.6,29.6,29.6,29.6,29.6,29.6,29.6,29.6,29.6,29.6,29.6,29.6,29.6,29.6,29.6,29.6,29.6,29.6,29.6,29.6,29.6,29.6,29.6,29.6,29.6,29.6,29.6,29.6,29.6,29.6,30.0
2026-06-28|6h_prior,2026-06-28,6h_prior,external_test,29.6,pooled_empirical_residual,empirical_residual,1.25,selected_calibrated,Selected calibrated,28.068750000000005,28.3,28.481250000000003,28.55,28.8,28.912500000000005,29.05,29.05,29.093750000000004,29.3,29.300000000000004,29.425,29.425000000000004,29.8,29.925000000000004,29.975,30.05,30.137500000000003,30.175000000000004,30.300000000000004,30.318750000000005,30.425,30.425,30.425,30.55,30.550000000000004,30.550000000000004,30.575000000000003,30.675,30.675,30.8,30.8,30.800000000000004,30.800000000000004,30.925,30.925,30.925000000000004,31.05,31.05,31.05,31.05,31.05,31.10625,31.175,31.175000000000004,31.175000000000004,31.175000000000004,31.3,31.3,31.3,31.3,31.3,31.300000000000004,31.425,31.425000000000004,31.425000000000004,31.55,31.55,31.550000000000004,31.550000000000004,31.675,31.675,31.8,31.8,31.800000000000004,31.9125,32.050000000000004,32.050000000000004,32.050000000000004,32.050000000000004,32.175,32.175,32.300000000000004,32.300000000000004,32.300000000000004,32.35,32.425000000000004,32.425000000000004,32.53125000000001,32.550000000000004,32.550000000000004,32.5875,32.675000000000004,32.675000000000004,32.675000000000004,32.675000000000004,32.8,32.825,32.925000000000004,32.925000000000004,33.050000000000004,33.175000000000004,33.29375,33.300000000000004,33.425,33.47500000000001,33.550000000000004,33.849999999999994,34.28125,30.0
2026-06-28|6h_prior,2026-06-28,6h_prior,external_test,29.6,pooled_empirical_residual,empirical_residual,1.25,selected_uncalibrated,Selected uncalibrated,28.715000000000003,28.9,29.045,29.1,29.3,29.390000000000004,29.5,29.5,29.535000000000004,29.7,29.700000000000003,29.8,29.800000000000004,30.1,30.200000000000003,30.24,30.3,30.37,30.4,30.500000000000004,30.515000000000004,30.6,30.6,30.6,30.7,30.700000000000003,30.700000000000003,30.72,30.8,30.8,30.9,30.9,30.9,30.9,31.0,31.0,31.000000000000004,31.1,31.1,31.1,31.1,31.1,31.145,31.2,31.200000000000003,31.200000000000003,31.200000000000003,31.3,31.3,31.3,31.3,31.3,31.300000000000004,31.4,31.4,31.4,31.5,31.5,31.500000000000004,31.500000000000004,31.6,31.6,31.7,31.7,31.700000000000003,31.790000000000003,31.9,31.9,31.9,31.9,32.0,32.0,32.1,32.1,32.1,32.14,32.2,32.2,32.285000000000004,32.300000000000004,32.300000000000004,32.33,32.400000000000006,32.400000000000006,32.400000000000006,32.400000000000006,32.5,32.52,32.6,32.6,32.7,32.800000000000004,32.895,32.900000000000006,33.0,33.040000000000006,33.1,33.34,33.685,30.0
2026-06-28|event_day_open,2026-06-28,event_day_open,external_test,28.7,pooled_empirical_residual,empirical_residual,1.25,raw_deterministic,Raw deterministic,28.7,28.7,28.7,28.7,28.7,28.7,28.7,28.7,28.7,28.7,28.7,28.7,28.7,28.7,28.7,28.7,28.7,28.7,28.7,28.7,28.7,28.7,28.7,28.7,28.7,28.7,28.7,28.7,28.7,28.7,28.7,28.7,28.7,28.7,28.7,28.7,28.7,28.7,28.7,28.7,28.7,28.7,28.7,28.7,28.7,28.7,28.7,28.7,28.7,28.7,28.7,28.7,28.7,28.7,28.7,28.7,28.7,28.7,28.7,28.7,28.7,28.7,28.7,28.7,28.7,28.7,28.7,28.7,28.7,28.7,28.7,28.7,28.7,28.7,28.7,28.7,28.7,28.7,28.7,28.7,28.7,28.7,28.7,28.7,28.7,28.7,28.7,28.7,28.7,28.7,28.7,28.7,28.7,28.7,28.7,28.7,28.7,28.7,28.7,30.0
2026-06-28|event_day_open,2026-06-28,event_day_open,external_test,28.7,pooled_empirical_residual,empirical_residual,1.25,selected_calibrated,Selected calibrated,27.168750000000003,27.399999999999995,27.58125,27.65,27.9,28.012500000000003,28.15,28.15,28.19375,28.4,28.4,28.525,28.525,28.9,29.025,29.075,29.15,29.2375,29.275,29.4,29.418750000000003,29.525,29.525,29.525,29.65,29.65,29.65,29.675,29.775,29.775,29.899999999999995,29.899999999999995,29.9,29.9,30.025,30.025,30.025,30.15,30.15,30.15,30.15,30.15,30.20625,30.275,30.275,30.275,30.275,30.4,30.4,30.4,30.4,30.4,30.4,30.524999999999995,30.525,30.525,30.65,30.65,30.65,30.65,30.775,30.775,30.9,30.9,30.9,31.012500000000003,31.15,31.15,31.15,31.15,31.275,31.275,31.4,31.4,31.4,31.45,31.525,31.525,31.63125,31.65,31.65,31.6875,31.775,31.775,31.775,31.775,31.9,31.925,32.025,32.025,32.15,32.275,32.39375,32.4,32.52499999999999,32.575,32.650000000000006,32.95,33.381249999999994,30.0
2026-06-28|event_day_open,2026-06-28,event_day_open,external_test,28.7,pooled_empirical_residual,empirical_residual,1.25,selected_uncalibrated,Selected uncalibrated,27.815,28.0,28.145,28.2,28.4,28.49,28.6,28.6,28.635,28.8,28.8,28.9,28.9,29.2,29.3,29.34,29.4,29.47,29.5,29.6,29.615,29.7,29.7,29.7,29.8,29.8,29.8,29.82,29.9,29.9,30.0,30.0,30.0,30.0,30.1,30.1,30.1,30.2,30.2,30.2,30.2,30.2,30.245,30.3,30.3,30.3,30.3,30.4,30.4,30.4,30.4,30.4,30.4,30.5,30.5,30.5,30.6,30.6,30.6,30.6,30.7,30.7,30.8,30.8,30.8,30.89,31.0,31.0,31.0,31.0,31.1,31.1,31.2,31.2,31.2,31.24,31.3,31.3,31.385,31.4,31.4,31.43,31.5,31.5,31.5,31.5,31.6,31.62,31.7,31.7,31.8,31.9,31.995,32.0,32.099999999999994,32.14,32.2,32.44,32.785,30.0
2026-06-29|12h_prior,2026-06-29,12h_prior,external_test,29.4,pooled_empirical_residual,empirical_residual,1.25,raw_deterministic,Raw deterministic,29.4,29.4,29.4,29.4,29.4,29.4,29.4,29.4,29.4,29.4,29.4,29.4,29.4,29.4,29.4,29.4,29.4,29.4,29.4,29.4,29.4,29.4,29.4,29.4,29.4,29.4,29.4,29.4,29.4,29.4,29.4,29.4,29.4,29.4,29.4,29.4,29.4,29.4,29.4,29.4,29.4,29.4,29.4,29.4,29.4,29.4,29.4,29.4,29.4,29.4,29.4,29.4,29.4,29.4,29.4,29.4,29.4,29.4,29.4,29.4,29.4,29.4,29.4,29.4,29.4,29.4,29.4,29.4,29.4,29.4,29.4,29.4,29.4,29.4,29.4,29.4,29.4,29.4,29.4,29.4,29.4,29.4,29.4,29.4,29.4,29.4,29.4,29.4,29.4,29.4,29.4,29.4,29.4,29.4,29.4,29.4,29.4,29.4,29.4,31.6
2026-06-29|12h_prior,2026-06-29,12h_prior,external_test,29.4,pooled_empirical_residual,empirical_residual,1.25,selected_calibrated,Selected calibrated,27.86875,28.099999999999994,28.28125,28.35,28.6,28.7125,28.85,28.85,28.89375,29.099999999999994,29.1,29.225,29.225,29.6,29.725,29.775,29.85,29.9375,29.975,30.1,30.11875,30.225,30.225,30.225,30.349999999999994,30.35,30.35,30.375,30.475,30.475,30.599999999999994,30.599999999999994,30.6,30.6,30.725,30.725,30.725,30.85,30.85,30.85,30.85,30.85,30.90625,30.974999999999994,30.975,30.975,30.975,31.1,31.1,31.1,31.1,31.1,31.1,31.224999999999994,31.225,31.225,31.35,31.35,31.35,31.35,31.475,31.475,31.599999999999994,31.599999999999994,31.6,31.7125,31.85,31.85,31.85,31.85,31.975,31.975,32.1,32.1,32.1,32.15,32.224999999999994,32.225,32.331250000000004,32.35,32.35,32.3875,32.475,32.475,32.475,32.475,32.599999999999994,32.62499999999999,32.725,32.725,32.85,32.975,33.09375,33.1,33.224999999999994,33.275000000000006,33.35,33.64999999999999,34.08125,31.6
2026-06-29|12h_prior,2026-06-29,12h_prior,external_test,29.4,pooled_empirical_residual,empirical_residual,1.25,selected_uncalibrated,Selected uncalibrated,28.515,28.7,28.845,28.9,29.1,29.19,29.3,29.3,29.335,29.5,29.5,29.6,29.6,29.9,30.0,30.04,30.1,30.17,30.2,30.3,30.315,30.4,30.4,30.4,30.5,30.5,30.5,30.52,30.6,30.6,30.7,30.7,30.7,30.7,30.8,30.8,30.8,30.9,30.9,30.9,30.9,30.9,30.945,31.0,31.0,31.0,31.0,31.1,31.1,31.1,31.1,31.1,31.1,31.2,31.2,31.2,31.3,31.3,31.3,31.3,31.4,31.4,31.5,31.5,31.5,31.59,31.7,31.7,31.7,31.7,31.8,31.8,31.9,31.9,31.9,31.94,32.0,32.0,32.085,32.1,32.1,32.129999999999995,32.2,32.2,32.2,32.2,32.3,32.31999999999999,32.4,32.4,32.5,32.6,32.695,32.7,32.8,32.84,32.9,33.13999999999999,33.485,31.6
2026-06-29|24h_prior,2026-06-29,24h_prior,external_test,29.5,pooled_empirical_residual,empirical_residual,1.25,raw_deterministic,Raw deterministic,29.5,29.5,29.5,29.5,29.5,29.5,29.5,29.5,29.5,29.5,29.5,29.5,29.5,29.5,29.5,29.5,29.5,29.5,29.5,29.5,29.5,29.5,29.5,29.5,29.5,29.5,29.5,29.5,29.5,29.5,29.5,29.5,29.5,29.5,29.5,29.5,29.5,29.5,29.5,29.5,29.5,29.5,29.5,29.5,29.5,29.5,29.5,29.5,29.5,29.5,29.5,29.5,29.5,29.5,29.5,29.5,29.5,29.5,29.5,29.5,29.5,29.5,29.5,29.5,29.5,29.5,29.5,29.5,29.5,29.5,29.5,29.5,29.5,29.5,29.5,29.5,29.5,29.5,29.5,29.5,29.5,29.5,29.5,29.5,29.5,29.5,29.5,29.5,29.5,29.5,29.5,29.5,29.5,29.5,29.5,29.5,29.5,29.5,29.5,31.6
2026-06-29|24h_prior,2026-06-29,24h_prior,external_test,29.5,pooled_empirical_residual,empirical_residual,1.25,selected_calibrated,Selected calibrated,27.968750000000004,28.2,28.38125,28.45,28.7,28.812500000000004,28.95,28.95,28.99375,29.2,29.200000000000003,29.325,29.325000000000003,29.7,29.825000000000003,29.875,29.95,30.0375,30.075000000000003,30.200000000000003,30.218750000000004,30.325,30.325,30.325,30.45,30.450000000000003,30.450000000000003,30.475,30.575,30.575,30.7,30.7,30.700000000000003,30.700000000000003,30.825,30.825,30.825000000000003,30.95,30.95,30.95,30.95,30.95,31.00625,31.075,31.075000000000003,31.075000000000003,31.075000000000003,31.2,31.2,31.2,31.2,31.2,31.200000000000003,31.325,31.325000000000003,31.325000000000003,31.45,31.45,31.450000000000003,31.450000000000003,31.575,31.575,31.7,31.7,31.700000000000003,31.8125,31.950000000000003,31.950000000000003,31.950000000000003,31.950000000000003,32.075,32.075,32.2,32.2,32.2,32.25,32.325,32.325,32.431250000000006,32.45,32.45,32.4875,32.575,32.575,32.575,32.575,32.7,32.724999999999994,32.825,32.825,32.95,33.075,33.19375,33.2,33.325,33.37500000000001,33.45,33.74999999999999,34.18124999999999,31.6
2026-06-29|24h_prior,2026-06-29,24h_prior,external_test,29.5,pooled_empirical_residual,empirical_residual,1.25,selected_uncalibrated,Selected uncalibrated,28.615,28.8,28.945,29.0,29.2,29.290000000000003,29.4,29.4,29.435,29.6,29.6,29.7,29.700000000000003,30.0,30.1,30.14,30.2,30.27,30.3,30.4,30.415000000000003,30.5,30.5,30.5,30.6,30.6,30.6,30.62,30.7,30.7,30.8,30.8,30.8,30.8,30.9,30.9,30.9,31.0,31.0,31.0,31.0,31.0,31.045,31.1,31.1,31.1,31.1,31.2,31.2,31.2,31.2,31.2,31.200000000000003,31.3,31.3,31.3,31.4,31.4,31.4,31.4,31.5,31.5,31.6,31.6,31.6,31.69,31.8,31.8,31.8,31.8,31.9,31.9,32.0,32.0,32.0,32.04,32.099999999999994,32.1,32.185,32.2,32.2,32.23,32.3,32.3,32.3,32.3,32.4,32.419999999999995,32.5,32.5,32.6,32.7,32.795,32.8,32.9,32.940000000000005,33.0,33.239999999999995,33.584999999999994,31.6
2026-06-29|6h_prior,2026-06-29,6h_prior,external_test,30.2,pooled_empirical_residual,empirical_residual,1.25,raw_deterministic,Raw deterministic,30.2,30.2,30.2,30.2,30.2,30.2,30.2,30.2,30.2,30.2,30.2,30.2,30.2,30.2,30.2,30.2,30.2,30.2,30.2,30.2,30.2,30.2,30.2,30.2,30.2,30.2,30.2,30.2,30.2,30.2,30.2,30.2,30.2,30.2,30.2,30.2,30.2,30.2,30.2,30.2,30.2,30.2,30.2,30.2,30.2,30.2,30.2,30.2,30.2,30.2,30.2,30.2,30.2,30.2,30.2,30.2,30.2,30.2,30.2,30.2,30.2,30.2,30.2,30.2,30.2,30.2,30.2,30.2,30.2,30.2,30.2,30.2,30.2,30.2,30.2,30.2,30.2,30.2,30.2,30.2,30.2,30.2,30.2,30.2,30.2,30.2,30.2,30.2,30.2,30.2,30.2,30.2,30.2,30.2,30.2,30.2,30.2,30.2,30.2,31.6
2026-06-29|6h_prior,2026-06-29,6h_prior,external_test,30.2,pooled_empirical_residual,empirical_residual,1.25,selected_calibrated,Selected calibrated,28.668750000000003,28.899999999999995,29.08125,29.15,29.4,29.512500000000003,29.65,29.65,29.69375,29.9,29.9,30.025,30.025,30.4,30.525,30.575,30.65,30.7375,30.775,30.9,30.918750000000003,31.025,31.025,31.025,31.15,31.15,31.15,31.175,31.275,31.275,31.399999999999995,31.399999999999995,31.4,31.4,31.525,31.525,31.525,31.65,31.65,31.65,31.65,31.65,31.70625,31.775,31.775,31.775,31.775,31.9,31.9,31.9,31.9,31.9,31.9,32.025,32.025,32.025,32.14999999999999,32.14999999999999,32.150000000000006,32.150000000000006,32.275000000000006,32.275000000000006,32.4,32.4,32.4,32.5125,32.65,32.65,32.65,32.65,32.77499999999999,32.775000000000006,32.900000000000006,32.900000000000006,32.900000000000006,32.95,33.025,33.025,33.131249999999994,33.15,33.15,33.1875,33.275,33.275,33.275,33.275,33.39999999999999,33.425,33.525000000000006,33.525000000000006,33.65,33.775,33.89375,33.9,34.02499999999999,34.075,34.150000000000006,34.45,34.881249999999994,31.6
2026-06-29|6h_prior,2026-06-29,6h_prior,external_test,30.2,pooled_empirical_residual,empirical_residual,1.25,selected_uncalibrated,Selected uncalibrated,29.315,29.5,29.645,29.7,29.9,29.99,30.1,30.1,30.135,30.3,30.3,30.4,30.4,30.7,30.8,30.84,30.9,30.97,31.0,31.1,31.115,31.2,31.2,31.2,31.3,31.3,31.3,31.32,31.4,31.4,31.5,31.5,31.5,31.5,31.6,31.6,31.6,31.7,31.7,31.7,31.7,31.7,31.745,31.8,31.8,31.8,31.8,31.9,31.9,31.9,31.9,31.9,31.9,32.0,32.0,32.0,32.099999999999994,32.099999999999994,32.1,32.1,32.2,32.2,32.3,32.3,32.3,32.39,32.5,32.5,32.5,32.5,32.599999999999994,32.6,32.7,32.7,32.7,32.74,32.8,32.8,32.885,32.9,32.9,32.93,33.0,33.0,33.0,33.0,33.099999999999994,33.12,33.2,33.2,33.3,33.4,33.495,33.5,33.599999999999994,33.64,33.7,33.94,34.285,31.6
2026-06-29|event_day_open,2026-06-29,event_day_open,external_test,30.0,pooled_empirical_residual,empirical_residual,1.25,raw_deterministic,Raw deterministic,30.0,30.0,30.0,30.0,30.0,30.0,30.0,30.0,30.0,30.0,30.0,30.0,30.0,30.0,30.0,30.0,30.0,30.0,30.0,30.0,30.0,30.0,30.0,30.0,30.0,30.0,30.0,30.0,30.0,30.0,30.0,30.0,30.0,30.0,30.0,30.0,30.0,30.0,30.0,30.0,30.0,30.0,30.0,30.0,30.0,30.0,30.0,30.0,30.0,30.0,30.0,30.0,30.0,30.0,30.0,30.0,30.0,30.0,30.0,30.0,30.0,30.0,30.0,30.0,30.0,30.0,30.0,30.0,30.0,30.0,30.0,30.0,30.0,30.0,30.0,30.0,30.0,30.0,30.0,30.0,30.0,30.0,30.0,30.0,30.0,30.0,30.0,30.0,30.0,30.0,30.0,30.0,30.0,30.0,30.0,30.0,30.0,30.0,30.0,31.6
2026-06-29|event_day_open,2026-06-29,event_day_open,external_test,30.0,pooled_empirical_residual,empirical_residual,1.25,selected_calibrated,Selected calibrated,28.468750000000004,28.7,28.88125,28.95,29.2,29.312500000000004,29.45,29.45,29.49375,29.7,29.700000000000003,29.825,29.825000000000003,30.2,30.325000000000003,30.375,30.45,30.5375,30.575000000000003,30.700000000000003,30.718750000000004,30.825,30.825,30.825,30.95,30.950000000000003,30.950000000000003,30.975,31.075,31.075,31.2,31.2,31.200000000000003,31.200000000000003,31.325,31.325,31.325000000000003,31.45,31.45,31.45,31.45,31.45,31.50625,31.575,31.575000000000003,31.575000000000003,31.575000000000003,31.7,31.7,31.7,31.7,31.7,31.700000000000003,31.825,31.825000000000003,31.825000000000003,31.95,31.95,31.950000000000003,31.950000000000003,32.075,32.075,32.2,32.2,32.2,32.3125,32.45,32.45,32.45,32.45,32.575,32.575,32.7,32.7,32.7,32.75,32.825,32.825,32.931250000000006,32.95,32.95,32.9875,33.075,33.075,33.075,33.075,33.2,33.224999999999994,33.325,33.325,33.45,33.575,33.69375,33.7,33.825,33.87500000000001,33.95,34.24999999999999,34.68124999999999,31.6
2026-06-29|event_day_open,2026-06-29,event_day_open,external_test,30.0,pooled_empirical_residual,empirical_residual,1.25,selected_uncalibrated,Selected uncalibrated,29.115,29.3,29.445,29.5,29.7,29.790000000000003,29.9,29.9,29.935,30.1,30.1,30.2,30.200000000000003,30.5,30.6,30.64,30.7,30.77,30.8,30.9,30.915000000000003,31.0,31.0,31.0,31.1,31.1,31.1,31.12,31.2,31.2,31.3,31.3,31.3,31.3,31.4,31.4,31.4,31.5,31.5,31.5,31.5,31.5,31.545,31.6,31.6,31.6,31.6,31.7,31.7,31.7,31.7,31.7,31.700000000000003,31.8,31.8,31.8,31.9,31.9,31.9,31.9,32.0,32.0,32.099999999999994,32.099999999999994,32.1,32.19,32.3,32.3,32.3,32.3,32.4,32.4,32.5,32.5,32.5,32.54,32.599999999999994,32.6,32.685,32.7,32.7,32.73,32.8,32.8,32.8,32.8,32.9,32.919999999999995,33.0,33.0,33.1,33.2,33.295,33.3,33.4,33.440000000000005,33.5,33.739999999999995,34.084999999999994,31.6
2026-06-30|12h_prior,2026-06-30,12h_prior,external_test,29.1,pooled_empirical_residual,empirical_residual,1.25,raw_deterministic,Raw deterministic,29.1,29.1,29.1,29.1,29.1,29.1,29.1,29.1,29.1,29.1,29.1,29.1,29.1,29.1,29.1,29.1,29.1,29.1,29.1,29.1,29.1,29.1,29.1,29.1,29.1,29.1,29.1,29.1,29.1,29.1,29.1,29.1,29.1,29.1,29.1,29.1,29.1,29.1,29.1,29.1,29.1,29.1,29.1,29.1,29.1,29.1,29.1,29.1,29.1,29.1,29.1,29.1,29.1,29.1,29.1,29.1,29.1,29.1,29.1,29.1,29.1,29.1,29.1,29.1,29.1,29.1,29.1,29.1,29.1,29.1,29.1,29.1,29.1,29.1,29.1,29.1,29.1,29.1,29.1,29.1,29.1,29.1,29.1,29.1,29.1,29.1,29.1,29.1,29.1,29.1,29.1,29.1,29.1,29.1,29.1,29.1,29.1,29.1,29.1,32.1
2026-06-30|12h_prior,2026-06-30,12h_prior,external_test,29.1,pooled_empirical_residual,empirical_residual,1.25,selected_calibrated,Selected calibrated,27.568750000000005,27.8,27.981250000000003,28.05,28.3,28.412500000000005,28.55,28.55,28.593750000000004,28.8,28.800000000000004,28.925,28.925000000000004,29.3,29.425000000000004,29.475,29.55,29.637500000000003,29.675000000000004,29.800000000000004,29.818750000000005,29.925,29.925,29.925,30.05,30.050000000000004,30.050000000000004,30.075000000000003,30.175,30.175,30.3,30.3,30.300000000000004,30.300000000000004,30.425,30.425,30.425000000000004,30.55,30.55,30.55,30.55,30.55,30.60625,30.675,30.675000000000004,30.675000000000004,30.675000000000004,30.8,30.8,30.8,30.8,30.8,30.800000000000004,30.925,30.925000000000004,30.925000000000004,31.05,31.05,31.050000000000004,31.050000000000004,31.175,31.175,31.3,31.3,31.300000000000004,31.4125,31.550000000000004,31.550000000000004,31.550000000000004,31.550000000000004,31.675,31.675000000000004,31.8,31.8,31.8,31.85,31.925,31.925000000000004,32.03125,32.05,32.05,32.087500000000006,32.175000000000004,32.175000000000004,32.175000000000004,32.175000000000004,32.3,32.325,32.425000000000004,32.425000000000004,32.550000000000004,32.675000000000004,32.79375,32.800000000000004,32.925,32.97500000000001,33.050000000000004,33.349999999999994,33.78125,32.1
2026-06-30|12h_prior,2026-06-30,12h_prior,external_test,29.1,pooled_empirical_residual,empirical_residual,1.25,selected_uncalibrated,Selected uncalibrated,28.215000000000003,28.4,28.545,28.6,28.8,28.890000000000004,29.0,29.0,29.035000000000004,29.2,29.200000000000003,29.3,29.300000000000004,29.6,29.700000000000003,29.74,29.8,29.87,29.9,30.000000000000004,30.015000000000004,30.1,30.1,30.1,30.2,30.200000000000003,30.200000000000003,30.22,30.3,30.3,30.4,30.4,30.4,30.4,30.5,30.5,30.500000000000004,30.6,30.6,30.6,30.6,30.6,30.645,30.7,30.700000000000003,30.700000000000003,30.700000000000003,30.8,30.8,30.8,30.8,30.8,30.800000000000004,30.9,30.9,30.9,31.0,31.0,31.000000000000004,31.000000000000004,31.1,31.1,31.2,31.2,31.200000000000003,31.290000000000003,31.4,31.4,31.4,31.4,31.5,31.500000000000004,31.6,31.6,31.6,31.64,31.7,31.700000000000003,31.785,31.8,31.8,31.83,31.9,31.9,31.9,31.9,32.0,32.02,32.1,32.1,32.2,32.300000000000004,32.395,32.400000000000006,32.5,32.540000000000006,32.6,32.84,33.185,32.1
2026-06-30|24h_prior,2026-06-30,24h_prior,external_test,29.2,pooled_empirical_residual,empirical_residual,1.25,raw_deterministic,Raw deterministic,29.2,29.2,29.2,29.2,29.2,29.2,29.2,29.2,29.2,29.2,29.2,29.2,29.2,29.2,29.2,29.2,29.2,29.2,29.2,29.2,29.2,29.2,29.2,29.2,29.2,29.2,29.2,29.2,29.2,29.2,29.2,29.2,29.2,29.2,29.2,29.2,29.2,29.2,29.2,29.2,29.2,29.2,29.2,29.2,29.2,29.2,29.2,29.2,29.2,29.2,29.2,29.2,29.2,29.2,29.2,29.2,29.2,29.2,29.2,29.2,29.2,29.2,29.2,29.2,29.2,29.2,29.2,29.2,29.2,29.2,29.2,29.2,29.2,29.2,29.2,29.2,29.2,29.2,29.2,29.2,29.2,29.2,29.2,29.2,29.2,29.2,29.2,29.2,29.2,29.2,29.2,29.2,29.2,29.2,29.2,29.2,29.2,29.2,29.2,32.1
2026-06-30|24h_prior,2026-06-30,24h_prior,external_test,29.2,pooled_empirical_residual,empirical_residual,1.25,selected_calibrated,Selected calibrated,27.668750000000003,27.899999999999995,28.08125,28.15,28.4,28.512500000000003,28.65,28.65,28.69375,28.9,28.9,29.025,29.025,29.4,29.525,29.575,29.65,29.7375,29.775,29.9,29.918750000000003,30.025,30.025,30.025,30.15,30.15,30.15,30.175,30.275,30.275,30.399999999999995,30.399999999999995,30.4,30.4,30.525,30.525,30.525,30.65,30.65,30.65,30.65,30.65,30.70625,30.775,30.775,30.775,30.775,30.9,30.9,30.9,30.9,30.9,30.9,31.024999999999995,31.025,31.025,31.15,31.15,31.15,31.15,31.275,31.275,31.4,31.4,31.4,31.512500000000003,31.65,31.65,31.65,31.65,31.775,31.775,31.9,31.9,31.9,31.95,32.025,32.025,32.131249999999994,32.15,32.15,32.1875,32.275,32.275,32.275,32.275,32.39999999999999,32.425,32.525000000000006,32.525000000000006,32.65,32.775,32.89375,32.9,33.02499999999999,33.075,33.150000000000006,33.45,33.881249999999994,32.1
2026-06-30|24h_prior,2026-06-30,24h_prior,external_test,29.2,pooled_empirical_residual,empirical_residual,1.25,selected_uncalibrated,Selected uncalibrated,28.315,28.5,28.645,28.7,28.9,28.99,29.1,29.1,29.135,29.3,29.3,29.4,29.4,29.7,29.8,29.84,29.9,29.97,30.0,30.1,30.115,30.2,30.2,30.2,30.3,30.3,30.3,30.32,30.4,30.4,30.5,30.5,30.5,30.5,30.6,30.6,30.6,30.7,30.7,30.7,30.7,30.7,30.745,30.8,30.8,30.8,30.8,30.9,30.9,30.9,30.9,30.9,30.9,31.0,31.0,31.0,31.1,31.1,31.1,31.1,31.2,31.2,31.3,31.3,31.3,31.39,31.5,31.5,31.5,31.5,31.6,31.6,31.7,31.7,31.7,31.74,31.8,31.8,31.885,31.9,31.9,31.93,32.0,32.0,32.0,32.0,32.099999999999994,32.12,32.2,32.2,32.3,32.4,32.495,32.5,32.599999999999994,32.64,32.7,32.94,33.285,32.1
2026-06-30|6h_prior,2026-06-30,6h_prior,external_test,28.9,pooled_empirical_residual,empirical_residual,1.25,raw_deterministic,Raw deterministic,28.9,28.9,28.9,28.9,28.9,28.9,28.9,28.9,28.9,28.9,28.9,28.9,28.9,28.9,28.9,28.9,28.9,28.9,28.9,28.9,28.9,28.9,28.9,28.9,28.9,28.9,28.9,28.9,28.9,28.9,28.9,28.9,28.9,28.9,28.9,28.9,28.9,28.9,28.9,28.9,28.9,28.9,28.9,28.9,28.9,28.9,28.9,28.9,28.9,28.9,28.9,28.9,28.9,28.9,28.9,28.9,28.9,28.9,28.9,28.9,28.9,28.9,28.9,28.9,28.9,28.9,28.9,28.9,28.9,28.9,28.9,28.9,28.9,28.9,28.9,28.9,28.9,28.9,28.9,28.9,28.9,28.9,28.9,28.9,28.9,28.9,28.9,28.9,28.9,28.9,28.9,28.9,28.9,28.9,28.9,28.9,28.9,28.9,28.9,32.1
2026-06-30|6h_prior,2026-06-30,6h_prior,external_test,28.9,pooled_empirical_residual,empirical_residual,1.25,selected_calibrated,Selected calibrated,27.36875,27.599999999999994,27.78125,27.85,28.1,28.2125,28.35,28.35,28.39375,28.599999999999994,28.6,28.725,28.725,29.1,29.225,29.275,29.35,29.4375,29.475,29.6,29.61875,29.725,29.725,29.725,29.849999999999994,29.85,29.85,29.875,29.975,29.975,30.099999999999994,30.099999999999994,30.1,30.1,30.225,30.225,30.225,30.35,30.35,30.35,30.35,30.35,30.40625,30.474999999999994,30.475,30.475,30.475,30.6,30.6,30.6,30.6,30.6,30.6,30.724999999999994,30.725,30.725,30.85,30.85,30.85,30.85,30.975,30.975,31.099999999999994,31.099999999999994,31.1,31.2125,31.35,31.35,31.35,31.35,31.475,31.475,31.6,31.6,31.6,31.65,31.724999999999994,31.725,31.83125,31.85,31.85,31.8875,31.975,31.975,31.975,31.975,32.099999999999994,32.125,32.225,32.225,32.35,32.475,32.59375,32.6,32.724999999999994,32.775000000000006,32.85,33.14999999999999,33.58125,32.1
2026-06-30|6h_prior,2026-06-30,6h_prior,external_test,28.9,pooled_empirical_residual,empirical_residual,1.25,selected_uncalibrated,Selected uncalibrated,28.015,28.2,28.345,28.4,28.6,28.69,28.8,28.8,28.835,29.0,29.0,29.1,29.1,29.4,29.5,29.54,29.6,29.67,29.7,29.8,29.815,29.9,29.9,29.9,30.0,30.0,30.0,30.02,30.1,30.1,30.2,30.2,30.2,30.2,30.3,30.3,30.3,30.4,30.4,30.4,30.4,30.4,30.445,30.5,30.5,30.5,30.5,30.6,30.6,30.6,30.6,30.6,30.6,30.7,30.7,30.7,30.8,30.8,30.8,30.8,30.9,30.9,31.0,31.0,31.0,31.09,31.2,31.2,31.2,31.2,31.3,31.3,31.4,31.4,31.4,31.44,31.5,31.5,31.585,31.6,31.6,31.63,31.7,31.7,31.7,31.7,31.8,31.82,31.9,31.9,32.0,32.1,32.195,32.2,32.3,32.34,32.4,32.63999999999999,32.985,32.1
2026-06-30|event_day_open,2026-06-30,event_day_open,external_test,29.2,pooled_empirical_residual,empirical_residual,1.25,raw_deterministic,Raw deterministic,29.2,29.2,29.2,29.2,29.2,29.2,29.2,29.2,29.2,29.2,29.2,29.2,29.2,29.2,29.2,29.2,29.2,29.2,29.2,29.2,29.2,29.2,29.2,29.2,29.2,29.2,29.2,29.2,29.2,29.2,29.2,29.2,29.2,29.2,29.2,29.2,29.2,29.2,29.2,29.2,29.2,29.2,29.2,29.2,29.2,29.2,29.2,29.2,29.2,29.2,29.2,29.2,29.2,29.2,29.2,29.2,29.2,29.2,29.2,29.2,29.2,29.2,29.2,29.2,29.2,29.2,29.2,29.2,29.2,29.2,29.2,29.2,29.2,29.2,29.2,29.2,29.2,29.2,29.2,29.2,29.2,29.2,29.2,29.2,29.2,29.2,29.2,29.2,29.2,29.2,29.2,29.2,29.2,29.2,29.2,29.2,29.2,29.2,29.2,32.1
2026-06-30|event_day_open,2026-06-30,event_day_open,external_test,29.2,pooled_empirical_residual,empirical_residual,1.25,selected_calibrated,Selected calibrated,27.668750000000003,27.899999999999995,28.08125,28.15,28.4,28.512500000000003,28.65,28.65,28.69375,28.9,28.9,29.025,29.025,29.4,29.525,29.575,29.65,29.7375,29.775,29.9,29.918750000000003,30.025,30.025,30.025,30.15,30.15,30.15,30.175,30.275,30.275,30.399999999999995,30.399999999999995,30.4,30.4,30.525,30.525,30.525,30.65,30.65,30.65,30.65,30.65,30.70625,30.775,30.775,30.775,30.775,30.9,30.9,30.9,30.9,30.9,30.9,31.024999999999995,31.025,31.025,31.15,31.15,31.15,31.15,31.275,31.275,31.4,31.4,31.4,31.512500000000003,31.65,31.65,31.65,31.65,31.775,31.775,31.9,31.9,31.9,31.95,32.025,32.025,32.131249999999994,32.15,32.15,32.1875,32.275,32.275,32.275,32.275,32.39999999999999,32.425,32.525000000000006,32.525000000000006,32.65,32.775,32.89375,32.9,33.02499999999999,33.075,33.150000000000006,33.45,33.881249999999994,32.1
2026-06-30|event_day_open,2026-06-30,event_day_open,external_test,29.2,pooled_empirical_residual,empirical_residual,1.25,selected_uncalibrated,Selected uncalibrated,28.315,28.5,28.645,28.7,28.9,28.99,29.1,29.1,29.135,29.3,29.3,29.4,29.4,29.7,29.8,29.84,29.9,29.97,30.0,30.1,30.115,30.2,30.2,30.2,30.3,30.3,30.3,30.32,30.4,30.4,30.5,30.5,30.5,30.5,30.6,30.6,30.6,30.7,30.7,30.7,30.7,30.7,30.745,30.8,30.8,30.8,30.8,30.9,30.9,30.9,30.9,30.9,30.9,31.0,31.0,31.0,31.1,31.1,31.1,31.1,31.2,31.2,31.3,31.3,31.3,31.39,31.5,31.5,31.5,31.5,31.6,31.6,31.7,31.7,31.7,31.74,31.8,31.8,31.885,31.9,31.9,31.93,32.0,32.0,32.0,32.0,32.099999999999994,32.12,32.2,32.2,32.3,32.4,32.495,32.5,32.599999999999994,32.64,32.7,32.94,33.285,32.1
2026-05-22|12h_prior,2026-05-22,12h_prior,holdout,29.0,pooled_empirical_residual,empirical_residual,1.25,raw_deterministic,Raw deterministic,29.0,29.0,29.0,29.0,29.0,29.0,29.0,29.0,29.0,29.0,29.0,29.0,29.0,29.0,29.0,29.0,29.0,29.0,29.0,29.0,29.0,29.0,29.0,29.0,29.0,29.0,29.0,29.0,29.0,29.0,29.0,29.0,29.0,29.0,29.0,29.0,29.0,29.0,29.0,29.0,29.0,29.0,29.0,29.0,29.0,29.0,29.0,29.0,29.0,29.0,29.0,29.0,29.0,29.0,29.0,29.0,29.0,29.0,29.0,29.0,29.0,29.0,29.0,29.0,29.0,29.0,29.0,29.0,29.0,29.0,29.0,29.0,29.0,29.0,29.0,29.0,29.0,29.0,29.0,29.0,29.0,29.0,29.0,29.0,29.0,29.0,29.0,29.0,29.0,29.0,29.0,29.0,29.0,29.0,29.0,29.0,29.0,29.0,29.0,31.4
2026-05-22|12h_prior,2026-05-22,12h_prior,holdout,29.0,pooled_empirical_residual,empirical_residual,1.25,selected_calibrated,Selected calibrated,27.468750000000004,27.7,27.88125,27.95,28.2,28.312500000000004,28.45,28.45,28.49375,28.7,28.700000000000003,28.825,28.825000000000003,29.2,29.325000000000003,29.375,29.45,29.5375,29.575000000000003,29.700000000000003,29.718750000000004,29.825,29.825,29.825,29.95,29.950000000000003,29.950000000000003,29.975,30.075,30.075,30.2,30.2,30.200000000000003,30.200000000000003,30.325,30.325,30.325000000000003,30.45,30.45,30.45,30.45,30.45,30.50625,30.575,30.575000000000003,30.575000000000003,30.575000000000003,30.7,30.7,30.7,30.7,30.7,30.700000000000003,30.825,30.825000000000003,30.825000000000003,30.95,30.95,30.950000000000003,30.950000000000003,31.075,31.075,31.2,31.2,31.200000000000003,31.3125,31.450000000000003,31.450000000000003,31.450000000000003,31.450000000000003,31.575,31.575000000000003,31.7,31.7,31.7,31.75,31.825,31.825000000000003,31.93125,31.95,31.95,31.9875,32.075,32.075,32.075,32.075,32.2,32.224999999999994,32.325,32.325,32.45,32.575,32.69375,32.7,32.825,32.87500000000001,32.95,33.24999999999999,33.68124999999999,31.4
2026-05-22|12h_prior,2026-05-22,12h_prior,holdout,29.0,pooled_empirical_residual,empirical_residual,1.25,selected_uncalibrated,Selected uncalibrated,28.115,28.3,28.445,28.5,28.7,28.790000000000003,28.9,28.9,28.935,29.1,29.1,29.2,29.200000000000003,29.5,29.6,29.64,29.7,29.77,29.8,29.9,29.915000000000003,30.0,30.0,30.0,30.1,30.1,30.1,30.12,30.2,30.2,30.3,30.3,30.3,30.3,30.4,30.4,30.4,30.5,30.5,30.5,30.5,30.5,30.545,30.6,30.6,30.6,30.6,30.7,30.7,30.7,30.7,30.7,30.700000000000003,30.8,30.8,30.8,30.9,30.9,30.9,30.9,31.0,31.0,31.1,31.1,31.1,31.19,31.3,31.3,31.3,31.3,31.4,31.4,31.5,31.5,31.5,31.54,31.6,31.6,31.685,31.7,31.7,31.73,31.8,31.8,31.8,31.8,31.9,31.92,32.0,32.0,32.1,32.2,32.295,32.3,32.4,32.440000000000005,32.5,32.739999999999995,33.084999999999994,31.4
2026-05-22|24h_prior,2026-05-22,24h_prior,holdout,29.2,pooled_empirical_residual,empirical_residual,1.25,raw_deterministic,Raw deterministic,29.2,29.2,29.2,29.2,29.2,29.2,29.2,29.2,29.2,29.2,29.2,29.2,29.2,29.2,29.2,29.2,29.2,29.2,29.2,29.2,29.2,29.2,29.2,29.2,29.2,29.2,29.2,29.2,29.2,29.2,29.2,29.2,29.2,29.2,29.2,29.2,29.2,29.2,29.2,29.2,29.2,29.2,29.2,29.2,29.2,29.2,29.2,29.2,29.2,29.2,29.2,29.2,29.2,29.2,29.2,29.2,29.2,29.2,29.2,29.2,29.2,29.2,29.2,29.2,29.2,29.2,29.2,29.2,29.2,29.2,29.2,29.2,29.2,29.2,29.2,29.2,29.2,29.2,29.2,29.2,29.2,29.2,29.2,29.2,29.2,29.2,29.2,29.2,29.2,29.2,29.2,29.2,29.2,29.2,29.2,29.2,29.2,29.2,29.2,31.4
2026-05-22|24h_prior,2026-05-22,24h_prior,holdout,29.2,pooled_empirical_residual,empirical_residual,1.25,selected_calibrated,Selected calibrated,27.668750000000003,27.899999999999995,28.08125,28.15,28.4,28.512500000000003,28.65,28.65,28.69375,28.9,28.9,29.025,29.025,29.4,29.525,29.575,29.65,29.7375,29.775,29.9,29.918750000000003,30.025,30.025,30.025,30.15,30.15,30.15,30.175,30.275,30.275,30.399999999999995,30.399999999999995,30.4,30.4,30.525,30.525,30.525,30.65,30.65,30.65,30.65,30.65,30.70625,30.775,30.775,30.775,30.775,30.9,30.9,30.9,30.9,30.9,30.9,31.024999999999995,31.025,31.025,31.15,31.15,31.15,31.15,31.275,31.275,31.4,31.4,31.4,31.512500000000003,31.65,31.65,31.65,31.65,31.775,31.775,31.9,31.9,31.9,31.95,32.025,32.025,32.131249999999994,32.15,32.15,32.1875,32.275,32.275,32.275,32.275,32.39999999999999,32.425,32.525000000000006,32.525000000000006,32.65,32.775,32.89375,32.9,33.02499999999999,33.075,33.150000000000006,33.45,33.881249999999994,31.4
2026-05-22|24h_prior,2026-05-22,24h_prior,holdout,29.2,pooled_empirical_residual,empirical_residual,1.25,selected_uncalibrated,Selected uncalibrated,28.315,28.5,28.645,28.7,28.9,28.99,29.1,29.1,29.135,29.3,29.3,29.4,29.4,29.7,29.8,29.84,29.9,29.97,30.0,30.1,30.115,30.2,30.2,30.2,30.3,30.3,30.3,30.32,30.4,30.4,30.5,30.5,30.5,30.5,30.6,30.6,30.6,30.7,30.7,30.7,30.7,30.7,30.745,30.8,30.8,30.8,30.8,30.9,30.9,30.9,30.9,30.9,30.9,31.0,31.0,31.0,31.1,31.1,31.1,31.1,31.2,31.2,31.3,31.3,31.3,31.39,31.5,31.5,31.5,31.5,31.6,31.6,31.7,31.7,31.7,31.74,31.8,31.8,31.885,31.9,31.9,31.93,32.0,32.0,32.0,32.0,32.099999999999994,32.12,32.2,32.2,32.3,32.4,32.495,32.5,32.599999999999994,32.64,32.7,32.94,33.285,31.4
2026-05-22|6h_prior,2026-05-22,6h_prior,holdout,29.2,pooled_empirical_residual,empirical_residual,1.25,raw_deterministic,Raw deterministic,29.2,29.2,29.2,29.2,29.2,29.2,29.2,29.2,29.2,29.2,29.2,29.2,29.2,29.2,29.2,29.2,29.2,29.2,29.2,29.2,29.2,29.2,29.2,29.2,29.2,29.2,29.2,29.2,29.2,29.2,29.2,29.2,29.2,29.2,29.2,29.2,29.2,29.2,29.2,29.2,29.2,29.2,29.2,29.2,29.2,29.2,29.2,29.2,29.2,29.2,29.2,29.2,29.2,29.2,29.2,29.2,29.2,29.2,29.2,29.2,29.2,29.2,29.2,29.2,29.2,29.2,29.2,29.2,29.2,29.2,29.2,29.2,29.2,29.2,29.2,29.2,29.2,29.2,29.2,29.2,29.2,29.2,29.2,29.2,29.2,29.2,29.2,29.2,29.2,29.2,29.2,29.2,29.2,29.2,29.2,29.2,29.2,29.2,29.2,31.4
2026-05-22|6h_prior,2026-05-22,6h_prior,holdout,29.2,pooled_empirical_residual,empirical_residual,1.25,selected_calibrated,Selected calibrated,27.668750000000003,27.899999999999995,28.08125,28.15,28.4,28.512500000000003,28.65,28.65,28.69375,28.9,28.9,29.025,29.025,29.4,29.525,29.575,29.65,29.7375,29.775,29.9,29.918750000000003,30.025,30.025,30.025,30.15,30.15,30.15,30.175,30.275,30.275,30.399999999999995,30.399999999999995,30.4,30.4,30.525,30.525,30.525,30.65,30.65,30.65,30.65,30.65,30.70625,30.775,30.775,30.775,30.775,30.9,30.9,30.9,30.9,30.9,30.9,31.024999999999995,31.025,31.025,31.15,31.15,31.15,31.15,31.275,31.275,31.4,31.4,31.4,31.512500000000003,31.65,31.65,31.65,31.65,31.775,31.775,31.9,31.9,31.9,31.95,32.025,32.025,32.131249999999994,32.15,32.15,32.1875,32.275,32.275,32.275,32.275,32.39999999999999,32.425,32.525000000000006,32.525000000000006,32.65,32.775,32.89375,32.9,33.02499999999999,33.075,33.150000000000006,33.45,33.881249999999994,31.4
2026-05-22|6h_prior,2026-05-22,6h_prior,holdout,29.2,pooled_empirical_residual,empirical_residual,1.25,selected_uncalibrated,Selected uncalibrated,28.315,28.5,28.645,28.7,28.9,28.99,29.1,29.1,29.135,29.3,29.3,29.4,29.4,29.7,29.8,29.84,29.9,29.97,30.0,30.1,30.115,30.2,30.2,30.2,30.3,30.3,30.3,30.32,30.4,30.4,30.5,30.5,30.5,30.5,30.6,30.6,30.6,30.7,30.7,30.7,30.7,30.7,30.745,30.8,30.8,30.8,30.8,30.9,30.9,30.9,30.9,30.9,30.9,31.0,31.0,31.0,31.1,31.1,31.1,31.1,31.2,31.2,31.3,31.3,31.3,31.39,31.5,31.5,31.5,31.5,31.6,31.6,31.7,31.7,31.7,31.74,31.8,31.8,31.885,31.9,31.9,31.93,32.0,32.0,32.0,32.0,32.099999999999994,32.12,32.2,32.2,32.3,32.4,32.495,32.5,32.599999999999994,32.64,32.7,32.94,33.285,31.4
2026-05-22|event_day_open,2026-05-22,event_day_open,holdout,29.2,pooled_empirical_residual,empirical_residual,1.25,raw_deterministic,Raw deterministic,29.2,29.2,29.2,29.2,29.2,29.2,29.2,29.2,29.2,29.2,29.2,29.2,29.2,29.2,29.2,29.2,29.2,29.2,29.2,29.2,29.2,29.2,29.2,29.2,29.2,29.2,29.2,29.2,29.2,29.2,29.2,29.2,29.2,29.2,29.2,29.2,29.2,29.2,29.2,29.2,29.2,29.2,29.2,29.2,29.2,29.2,29.2,29.2,29.2,29.2,29.2,29.2,29.2,29.2,29.2,29.2,29.2,29.2,29.2,29.2,29.2,29.2,29.2,29.2,29.2,29.2,29.2,29.2,29.2,29.2,29.2,29.2,29.2,29.2,29.2,29.2,29.2,29.2,29.2,29.2,29.2,29.2,29.2,29.2,29.2,29.2,29.2,29.2,29.2,29.2,29.2,29.2,29.2,29.2,29.2,29.2,29.2,29.2,29.2,31.4
2026-05-22|event_day_open,2026-05-22,event_day_open,holdout,29.2,pooled_empirical_residual,empirical_residual,1.25,selected_calibrated,Selected calibrated,27.668750000000003,27.899999999999995,28.08125,28.15,28.4,28.512500000000003,28.65,28.65,28.69375,28.9,28.9,29.025,29.025,29.4,29.525,29.575,29.65,29.7375,29.775,29.9,29.918750000000003,30.025,30.025,30.025,30.15,30.15,30.15,30.175,30.275,30.275,30.399999999999995,30.399999999999995,30.4,30.4,30.525,30.525,30.525,30.65,30.65,30.65,30.65,30.65,30.70625,30.775,30.775,30.775,30.775,30.9,30.9,30.9,30.9,30.9,30.9,31.024999999999995,31.025,31.025,31.15,31.15,31.15,31.15,31.275,31.275,31.4,31.4,31.4,31.512500000000003,31.65,31.65,31.65,31.65,31.775,31.775,31.9,31.9,31.9,31.95,32.025,32.025,32.131249999999994,32.15,32.15,32.1875,32.275,32.275,32.275,32.275,32.39999999999999,32.425,32.525000000000006,32.525000000000006,32.65,32.775,32.89375,32.9,33.02499999999999,33.075,33.150000000000006,33.45,33.881249999999994,31.4
2026-05-22|event_day_open,2026-05-22,event_day_open,holdout,29.2,pooled_empirical_residual,empirical_residual,1.25,selected_uncalibrated,Selected uncalibrated,28.315,28.5,28.645,28.7,28.9,28.99,29.1,29.1,29.135,29.3,29.3,29.4,29.4,29.7,29.8,29.84,29.9,29.97,30.0,30.1,30.115,30.2,30.2,30.2,30.3,30.3,30.3,30.32,30.4,30.4,30.5,30.5,30.5,30.5,30.6,30.6,30.6,30.7,30.7,30.7,30.7,30.7,30.745,30.8,30.8,30.8,30.8,30.9,30.9,30.9,30.9,30.9,30.9,31.0,31.0,31.0,31.1,31.1,31.1,31.1,31.2,31.2,31.3,31.3,31.3,31.39,31.5,31.5,31.5,31.5,31.6,31.6,31.7,31.7,31.7,31.74,31.8,31.8,31.885,31.9,31.9,31.93,32.0,32.0,32.0,32.0,32.099999999999994,32.12,32.2,32.2,32.3,32.4,32.495,32.5,32.599999999999994,32.64,32.7,32.94,33.285,31.4
2026-05-23|12h_prior,2026-05-23,12h_prior,holdout,29.1,pooled_empirical_residual,empirical_residual,1.25,raw_deterministic,Raw deterministic,29.1,29.1,29.1,29.1,29.1,29.1,29.1,29.1,29.1,29.1,29.1,29.1,29.1,29.1,29.1,29.1,29.1,29.1,29.1,29.1,29.1,29.1,29.1,29.1,29.1,29.1,29.1,29.1,29.1,29.1,29.1,29.1,29.1,29.1,29.1,29.1,29.1,29.1,29.1,29.1,29.1,29.1,29.1,29.1,29.1,29.1,29.1,29.1,29.1,29.1,29.1,29.1,29.1,29.1,29.1,29.1,29.1,29.1,29.1,29.1,29.1,29.1,29.1,29.1,29.1,29.1,29.1,29.1,29.1,29.1,29.1,29.1,29.1,29.1,29.1,29.1,29.1,29.1,29.1,29.1,29.1,29.1,29.1,29.1,29.1,29.1,29.1,29.1,29.1,29.1,29.1,29.1,29.1,29.1,29.1,29.1,29.1,29.1,29.1,30.3
2026-05-23|12h_prior,2026-05-23,12h_prior,holdout,29.1,pooled_empirical_residual,empirical_residual,1.25,selected_calibrated,Selected calibrated,27.568750000000005,27.8,27.981250000000003,28.05,28.3,28.412500000000005,28.55,28.55,28.593750000000004,28.8,28.800000000000004,28.925,28.925000000000004,29.3,29.425000000000004,29.475,29.55,29.637500000000003,29.675000000000004,29.800000000000004,29.818750000000005,29.925,29.925,29.925,30.05,30.050000000000004,30.050000000000004,30.075000000000003,30.175,30.175,30.3,30.3,30.300000000000004,30.300000000000004,30.425,30.425,30.425000000000004,30.55,30.55,30.55,30.55,30.55,30.60625,30.675,30.675000000000004,30.675000000000004,30.675000000000004,30.8,30.8,30.8,30.8,30.8,30.800000000000004,30.925,30.925000000000004,30.925000000000004,31.05,31.05,31.050000000000004,31.050000000000004,31.175,31.175,31.3,31.3,31.300000000000004,31.4125,31.550000000000004,31.550000000000004,31.550000000000004,31.550000000000004,31.675,31.675000000000004,31.8,31.8,31.8,31.85,31.925,31.925000000000004,32.03125,32.05,32.05,32.087500000000006,32.175000000000004,32.175000000000004,32.175000000000004,32.175000000000004,32.3,32.325,32.425000000000004,32.425000000000004,32.550000000000004,32.675000000000004,32.79375,32.800000000000004,32.925,32.97500000000001,33.050000000000004,33.349999999999994,33.78125,30.3
2026-05-23|12h_prior,2026-05-23,12h_prior,holdout,29.1,pooled_empirical_residual,empirical_residual,1.25,selected_uncalibrated,Selected uncalibrated,28.215000000000003,28.4,28.545,28.6,28.8,28.890000000000004,29.0,29.0,29.035000000000004,29.2,29.200000000000003,29.3,29.300000000000004,29.6,29.700000000000003,29.74,29.8,29.87,29.9,30.000000000000004,30.015000000000004,30.1,30.1,30.1,30.2,30.200000000000003,30.200000000000003,30.22,30.3,30.3,30.4,30.4,30.4,30.4,30.5,30.5,30.500000000000004,30.6,30.6,30.6,30.6,30.6,30.645,30.7,30.700000000000003,30.700000000000003,30.700000000000003,30.8,30.8,30.8,30.8,30.8,30.800000000000004,30.9,30.9,30.9,31.0,31.0,31.000000000000004,31.000000000000004,31.1,31.1,31.2,31.2,31.200000000000003,31.290000000000003,31.4,31.4,31.4,31.4,31.5,31.500000000000004,31.6,31.6,31.6,31.64,31.7,31.700000000000003,31.785,31.8,31.8,31.83,31.9,31.9,31.9,31.9,32.0,32.02,32.1,32.1,32.2,32.300000000000004,32.395,32.400000000000006,32.5,32.540000000000006,32.6,32.84,33.185,30.3
2026-05-23|24h_prior,2026-05-23,24h_prior,holdout,29.7,pooled_empirical_residual,empirical_residual,1.25,raw_deterministic,Raw deterministic,29.7,29.7,29.7,29.7,29.7,29.7,29.7,29.7,29.7,29.7,29.7,29.7,29.7,29.7,29.7,29.7,29.7,29.7,29.7,29.7,29.7,29.7,29.7,29.7,29.7,29.7,29.7,29.7,29.7,29.7,29.7,29.7,29.7,29.7,29.7,29.7,29.7,29.7,29.7,29.7,29.7,29.7,29.7,29.7,29.7,29.7,29.7,29.7,29.7,29.7,29.7,29.7,29.7,29.7,29.7,29.7,29.7,29.7,29.7,29.7,29.7,29.7,29.7,29.7,29.7,29.7,29.7,29.7,29.7,29.7,29.7,29.7,29.7,29.7,29.7,29.7,29.7,29.7,29.7,29.7,29.7,29.7,29.7,29.7,29.7,29.7,29.7,29.7,29.7,29.7,29.7,29.7,29.7,29.7,29.7,29.7,29.7,29.7,29.7,30.3
2026-05-23|24h_prior,2026-05-23,24h_prior,holdout,29.7,pooled_empirical_residual,empirical_residual,1.25,selected_calibrated,Selected calibrated,28.168750000000003,28.399999999999995,28.58125,28.65,28.9,29.012500000000003,29.15,29.15,29.19375,29.4,29.4,29.525,29.525,29.9,30.025,30.075,30.15,30.2375,30.275,30.4,30.418750000000003,30.525,30.525,30.525,30.65,30.65,30.65,30.675,30.775,30.775,30.899999999999995,30.899999999999995,30.9,30.9,31.025,31.025,31.025,31.15,31.15,31.15,31.15,31.15,31.20625,31.275,31.275,31.275,31.275,31.4,31.4,31.4,31.4,31.4,31.4,31.524999999999995,31.525,31.525,31.65,31.65,31.65,31.65,31.775,31.775,31.9,31.9,31.9,32.0125,32.15,32.15,32.15,32.15,32.27499999999999,32.275000000000006,32.400000000000006,32.400000000000006,32.400000000000006,32.45,32.525,32.525,32.631249999999994,32.65,32.65,32.6875,32.775,32.775,32.775,32.775,32.89999999999999,32.925,33.025000000000006,33.025000000000006,33.15,33.275,33.39375,33.4,33.52499999999999,33.575,33.650000000000006,33.95,34.381249999999994,30.3
2026-05-23|24h_prior,2026-05-23,24h_prior,holdout,29.7,pooled_empirical_residual,empirical_residual,1.25,selected_uncalibrated,Selected uncalibrated,28.815,29.0,29.145,29.2,29.4,29.49,29.6,29.6,29.635,29.8,29.8,29.9,29.9,30.2,30.3,30.34,30.4,30.47,30.5,30.6,30.615,30.7,30.7,30.7,30.8,30.8,30.8,30.82,30.9,30.9,31.0,31.0,31.0,31.0,31.1,31.1,31.1,31.2,31.2,31.2,31.2,31.2,31.245,31.3,31.3,31.3,31.3,31.4,31.4,31.4,31.4,31.4,31.4,31.5,31.5,31.5,31.6,31.6,31.6,31.6,31.7,31.7,31.8,31.8,31.8,31.89,32.0,32.0,32.0,32.0,32.099999999999994,32.1,32.2,32.2,32.2,32.24,32.3,32.3,32.385,32.4,32.4,32.43,32.5,32.5,32.5,32.5,32.599999999999994,32.62,32.7,32.7,32.8,32.9,32.995,33.0,33.099999999999994,33.14,33.2,33.44,33.785,30.3
2026-05-23|6h_prior,2026-05-23,6h_prior,holdout,29.2,pooled_empirical_residual,empirical_residual,1.25,raw_deterministic,Raw deterministic,29.2,29.2,29.2,29.2,29.2,29.2,29.2,29.2,29.2,29.2,29.2,29.2,29.2,29.2,29.2,29.2,29.2,29.2,29.2,29.2,29.2,29.2,29.2,29.2,29.2,29.2,29.2,29.2,29.2,29.2,29.2,29.2,29.2,29.2,29.2,29.2,29.2,29.2,29.2,29.2,29.2,29.2,29.2,29.2,29.2,29.2,29.2,29.2,29.2,29.2,29.2,29.2,29.2,29.2,29.2,29.2,29.2,29.2,29.2,29.2,29.2,29.2,29.2,29.2,29.2,29.2,29.2,29.2,29.2,29.2,29.2,29.2,29.2,29.2,29.2,29.2,29.2,29.2,29.2,29.2,29.2,29.2,29.2,29.2,29.2,29.2,29.2,29.2,29.2,29.2,29.2,29.2,29.2,29.2,29.2,29.2,29.2,29.2,29.2,30.3
2026-05-23|6h_prior,2026-05-23,6h_prior,holdout,29.2,pooled_empirical_residual,empirical_residual,1.25,selected_calibrated,Selected calibrated,27.668750000000003,27.899999999999995,28.08125,28.15,28.4,28.512500000000003,28.65,28.65,28.69375,28.9,28.9,29.025,29.025,29.4,29.525,29.575,29.65,29.7375,29.775,29.9,29.918750000000003,30.025,30.025,30.025,30.15,30.15,30.15,30.175,30.275,30.275,30.399999999999995,30.399999999999995,30.4,30.4,30.525,30.525,30.525,30.65,30.65,30.65,30.65,30.65,30.70625,30.775,30.775,30.775,30.775,30.9,30.9,30.9,30.9,30.9,30.9,31.024999999999995,31.025,31.025,31.15,31.15,31.15,31.15,31.275,31.275,31.4,31.4,31.4,31.512500000000003,31.65,31.65,31.65,31.65,31.775,31.775,31.9,31.9,31.9,31.95,32.025,32.025,32.131249999999994,32.15,32.15,32.1875,32.275,32.275,32.275,32.275,32.39999999999999,32.425,32.525000000000006,32.525000000000006,32.65,32.775,32.89375,32.9,33.02499999999999,33.075,33.150000000000006,33.45,33.881249999999994,30.3
2026-05-23|6h_prior,2026-05-23,6h_prior,holdout,29.2,pooled_empirical_residual,empirical_residual,1.25,selected_uncalibrated,Selected uncalibrated,28.315,28.5,28.645,28.7,28.9,28.99,29.1,29.1,29.135,29.3,29.3,29.4,29.4,29.7,29.8,29.84,29.9,29.97,30.0,30.1,30.115,30.2,30.2,30.2,30.3,30.3,30.3,30.32,30.4,30.4,30.5,30.5,30.5,30.5,30.6,30.6,30.6,30.7,30.7,30.7,30.7,30.7,30.745,30.8,30.8,30.8,30.8,30.9,30.9,30.9,30.9,30.9,30.9,31.0,31.0,31.0,31.1,31.1,31.1,31.1,31.2,31.2,31.3,31.3,31.3,31.39,31.5,31.5,31.5,31.5,31.6,31.6,31.7,31.7,31.7,31.74,31.8,31.8,31.885,31.9,31.9,31.93,32.0,32.0,32.0,32.0,32.099999999999994,32.12,32.2,32.2,32.3,32.4,32.495,32.5,32.599999999999994,32.64,32.7,32.94,33.285,30.3
2026-05-23|event_day_open,2026-05-23,event_day_open,holdout,28.6,pooled_empirical_residual,empirical_residual,1.25,raw_deterministic,Raw deterministic,28.6,28.6,28.6,28.6,28.6,28.6,28.6,28.6,28.6,28.6,28.6,28.6,28.6,28.6,28.6,28.6,28.6,28.6,28.6,28.6,28.6,28.6,28.6,28.6,28.6,28.6,28.6,28.6,28.6,28.6,28.6,28.6,28.6,28.6,28.6,28.6,28.6,28.6,28.6,28.6,28.6,28.6,28.6,28.6,28.6,28.6,28.6,28.6,28.6,28.6,28.6,28.6,28.6,28.6,28.6,28.6,28.6,28.6,28.6,28.6,28.6,28.6,28.6,28.6,28.6,28.6,28.6,28.6,28.6,28.6,28.6,28.6,28.6,28.6,28.6,28.6,28.6,28.6,28.6,28.6,28.6,28.6,28.6,28.6,28.6,28.6,28.6,28.6,28.6,28.6,28.6,28.6,28.6,28.6,28.6,28.6,28.6,28.6,28.6,30.3
2026-05-23|event_day_open,2026-05-23,event_day_open,holdout,28.6,pooled_empirical_residual,empirical_residual,1.25,selected_calibrated,Selected calibrated,27.068750000000005,27.3,27.481250000000003,27.55,27.8,27.912500000000005,28.05,28.05,28.093750000000004,28.3,28.300000000000004,28.425,28.425000000000004,28.8,28.925000000000004,28.975,29.05,29.137500000000003,29.175000000000004,29.300000000000004,29.318750000000005,29.425,29.425,29.425,29.55,29.550000000000004,29.550000000000004,29.575000000000003,29.675,29.675,29.8,29.8,29.800000000000004,29.800000000000004,29.925,29.925,29.925000000000004,30.05,30.05,30.05,30.05,30.05,30.10625,30.175,30.175000000000004,30.175000000000004,30.175000000000004,30.3,30.3,30.3,30.3,30.3,30.300000000000004,30.425,30.425000000000004,30.425000000000004,30.55,30.55,30.550000000000004,30.550000000000004,30.675,30.675,30.8,30.8,30.800000000000004,30.9125,31.050000000000004,31.050000000000004,31.050000000000004,31.050000000000004,31.175,31.175000000000004,31.3,31.3,31.3,31.35,31.425,31.425000000000004,31.53125,31.55,31.55,31.5875,31.675000000000004,31.675000000000004,31.675000000000004,31.675000000000004,31.8,31.825,31.925,31.925,32.050000000000004,32.175,32.29375,32.300000000000004,32.425,32.47500000000001,32.550000000000004,32.849999999999994,33.28125,30.3
2026-05-23|event_day_open,2026-05-23,event_day_open,holdout,28.6,pooled_empirical_residual,empirical_residual,1.25,selected_uncalibrated,Selected uncalibrated,27.715000000000003,27.9,28.045,28.1,28.3,28.390000000000004,28.5,28.5,28.535000000000004,28.7,28.700000000000003,28.8,28.800000000000004,29.1,29.200000000000003,29.24,29.3,29.37,29.4,29.500000000000004,29.515000000000004,29.6,29.6,29.6,29.7,29.700000000000003,29.700000000000003,29.72,29.8,29.8,29.9,29.9,29.9,29.9,30.0,30.0,30.000000000000004,30.1,30.1,30.1,30.1,30.1,30.145,30.2,30.200000000000003,30.200000000000003,30.200000000000003,30.3,30.3,30.3,30.3,30.3,30.300000000000004,30.4,30.4,30.4,30.5,30.5,30.500000000000004,30.500000000000004,30.6,30.6,30.7,30.7,30.700000000000003,30.790000000000003,30.9,30.9,30.9,30.9,31.0,31.000000000000004,31.1,31.1,31.1,31.14,31.2,31.200000000000003,31.285,31.3,31.3,31.33,31.4,31.4,31.4,31.4,31.5,31.52,31.6,31.6,31.700000000000003,31.8,31.895,31.9,32.0,32.040000000000006,32.1,32.34,32.685,30.3
2026-05-24|12h_prior,2026-05-24,12h_prior,holdout,29.7,pooled_empirical_residual,empirical_residual,1.25,raw_deterministic,Raw deterministic,29.7,29.7,29.7,29.7,29.7,29.7,29.7,29.7,29.7,29.7,29.7,29.7,29.7,29.7,29.7,29.7,29.7,29.7,29.7,29.7,29.7,29.7,29.7,29.7,29.7,29.7,29.7,29.7,29.7,29.7,29.7,29.7,29.7,29.7,29.7,29.7,29.7,29.7,29.7,29.7,29.7,29.7,29.7,29.7,29.7,29.7,29.7,29.7,29.7,29.7,29.7,29.7,29.7,29.7,29.7,29.7,29.7,29.7,29.7,29.7,29.7,29.7,29.7,29.7,29.7,29.7,29.7,29.7,29.7,29.7,29.7,29.7,29.7,29.7,29.7,29.7,29.7,29.7,29.7,29.7,29.7,29.7,29.7,29.7,29.7,29.7,29.7,29.7,29.7,29.7,29.7,29.7,29.7,29.7,29.7,29.7,29.7,29.7,29.7,31.5
2026-05-24|12h_prior,2026-05-24,12h_prior,holdout,29.7,pooled_empirical_residual,empirical_residual,1.25,selected_calibrated,Selected calibrated,28.168750000000003,28.399999999999995,28.58125,28.65,28.9,29.012500000000003,29.15,29.15,29.19375,29.4,29.4,29.525,29.525,29.9,30.025,30.075,30.15,30.2375,30.275,30.4,30.418750000000003,30.525,30.525,30.525,30.65,30.65,30.65,30.675,30.775,30.775,30.899999999999995,30.899999999999995,30.9,30.9,31.025,31.025,31.025,31.15,31.15,31.15,31.15,31.15,31.20625,31.275,31.275,31.275,31.275,31.4,31.4,31.4,31.4,31.4,31.4,31.524999999999995,31.525,31.525,31.65,31.65,31.65,31.65,31.775,31.775,31.9,31.9,31.9,32.0125,32.15,32.15,32.15,32.15,32.27499999999999,32.275000000000006,32.400000000000006,32.400000000000006,32.400000000000006,32.45,32.525,32.525,32.631249999999994,32.65,32.65,32.6875,32.775,32.775,32.775,32.775,32.89999999999999,32.925,33.025000000000006,33.025000000000006,33.15,33.275,33.39375,33.4,33.52499999999999,33.575,33.650000000000006,33.95,34.381249999999994,31.5
2026-05-24|12h_prior,2026-05-24,12h_prior,holdout,29.7,pooled_empirical_residual,empirical_residual,1.25,selected_uncalibrated,Selected uncalibrated,28.815,29.0,29.145,29.2,29.4,29.49,29.6,29.6,29.635,29.8,29.8,29.9,29.9,30.2,30.3,30.34,30.4,30.47,30.5,30.6,30.615,30.7,30.7,30.7,30.8,30.8,30.8,30.82,30.9,30.9,31.0,31.0,31.0,31.0,31.1,31.1,31.1,31.2,31.2,31.2,31.2,31.2,31.245,31.3,31.3,31.3,31.3,31.4,31.4,31.4,31.4,31.4,31.4,31.5,31.5,31.5,31.6,31.6,31.6,31.6,31.7,31.7,31.8,31.8,31.8,31.89,32.0,32.0,32.0,32.0,32.099999999999994,32.1,32.2,32.2,32.2,32.24,32.3,32.3,32.385,32.4,32.4,32.43,32.5,32.5,32.5,32.5,32.599999999999994,32.62,32.7,32.7,32.8,32.9,32.995,33.0,33.099999999999994,33.14,33.2,33.44,33.785,31.5
2026-05-24|24h_prior,2026-05-24,24h_prior,holdout,29.6,pooled_empirical_residual,empirical_residual,1.25,raw_deterministic,Raw deterministic,29.6,29.6,29.6,29.6,29.6,29.6,29.6,29.6,29.6,29.6,29.6,29.6,29.6,29.6,29.6,29.6,29.6,29.6,29.6,29.6,29.6,29.6,29.6,29.6,29.6,29.6,29.6,29.6,29.6,29.6,29.6,29.6,29.6,29.6,29.6,29.6,29.6,29.6,29.6,29.6,29.6,29.6,29.6,29.6,29.6,29.6,29.6,29.6,29.6,29.6,29.6,29.6,29.6,29.6,29.6,29.6,29.6,29.6,29.6,29.6,29.6,29.6,29.6,29.6,29.6,29.6,29.6,29.6,29.6,29.6,29.6,29.6,29.6,29.6,29.6,29.6,29.6,29.6,29.6,29.6,29.6,29.6,29.6,29.6,29.6,29.6,29.6,29.6,29.6,29.6,29.6,29.6,29.6,29.6,29.6,29.6,29.6,29.6,29.6,31.5
2026-05-24|24h_prior,2026-05-24,24h_prior,holdout,29.6,pooled_empirical_residual,empirical_residual,1.25,selected_calibrated,Selected calibrated,28.068750000000005,28.3,28.481250000000003,28.55,28.8,28.912500000000005,29.05,29.05,29.093750000000004,29.3,29.300000000000004,29.425,29.425000000000004,29.8,29.925000000000004,29.975,30.05,30.137500000000003,30.175000000000004,30.300000000000004,30.318750000000005,30.425,30.425,30.425,30.55,30.550000000000004,30.550000000000004,30.575000000000003,30.675,30.675,30.8,30.8,30.800000000000004,30.800000000000004,30.925,30.925,30.925000000000004,31.05,31.05,31.05,31.05,31.05,31.10625,31.175,31.175000000000004,31.175000000000004,31.175000000000004,31.3,31.3,31.3,31.3,31.3,31.300000000000004,31.425,31.425000000000004,31.425000000000004,31.55,31.55,31.550000000000004,31.550000000000004,31.675,31.675,31.8,31.8,31.800000000000004,31.9125,32.050000000000004,32.050000000000004,32.050000000000004,32.050000000000004,32.175,32.175,32.300000000000004,32.300000000000004,32.300000000000004,32.35,32.425000000000004,32.425000000000004,32.53125000000001,32.550000000000004,32.550000000000004,32.5875,32.675000000000004,32.675000000000004,32.675000000000004,32.675000000000004,32.8,32.825,32.925000000000004,32.925000000000004,33.050000000000004,33.175000000000004,33.29375,33.300000000000004,33.425,33.47500000000001,33.550000000000004,33.849999999999994,34.28125,31.5
2026-05-24|24h_prior,2026-05-24,24h_prior,holdout,29.6,pooled_empirical_residual,empirical_residual,1.25,selected_uncalibrated,Selected uncalibrated,28.715000000000003,28.9,29.045,29.1,29.3,29.390000000000004,29.5,29.5,29.535000000000004,29.7,29.700000000000003,29.8,29.800000000000004,30.1,30.200000000000003,30.24,30.3,30.37,30.4,30.500000000000004,30.515000000000004,30.6,30.6,30.6,30.7,30.700000000000003,30.700000000000003,30.72,30.8,30.8,30.9,30.9,30.9,30.9,31.0,31.0,31.000000000000004,31.1,31.1,31.1,31.1,31.1,31.145,31.2,31.200000000000003,31.200000000000003,31.200000000000003,31.3,31.3,31.3,31.3,31.3,31.300000000000004,31.4,31.4,31.4,31.5,31.5,31.500000000000004,31.500000000000004,31.6,31.6,31.7,31.7,31.700000000000003,31.790000000000003,31.9,31.9,31.9,31.9,32.0,32.0,32.1,32.1,32.1,32.14,32.2,32.2,32.285000000000004,32.300000000000004,32.300000000000004,32.33,32.400000000000006,32.400000000000006,32.400000000000006,32.400000000000006,32.5,32.52,32.6,32.6,32.7,32.800000000000004,32.895,32.900000000000006,33.0,33.040000000000006,33.1,33.34,33.685,31.5
2026-05-24|6h_prior,2026-05-24,6h_prior,holdout,30.1,pooled_empirical_residual,empirical_residual,1.25,raw_deterministic,Raw deterministic,30.1,30.1,30.1,30.1,30.1,30.1,30.1,30.1,30.1,30.1,30.1,30.1,30.1,30.1,30.1,30.1,30.1,30.1,30.1,30.1,30.1,30.1,30.1,30.1,30.1,30.1,30.1,30.1,30.1,30.1,30.1,30.1,30.1,30.1,30.1,30.1,30.1,30.1,30.1,30.1,30.1,30.1,30.1,30.1,30.1,30.1,30.1,30.1,30.1,30.1,30.1,30.1,30.1,30.1,30.1,30.1,30.1,30.1,30.1,30.1,30.1,30.1,30.1,30.1,30.1,30.1,30.1,30.1,30.1,30.1,30.1,30.1,30.1,30.1,30.1,30.1,30.1,30.1,30.1,30.1,30.1,30.1,30.1,30.1,30.1,30.1,30.1,30.1,30.1,30.1,30.1,30.1,30.1,30.1,30.1,30.1,30.1,30.1,30.1,31.5
2026-05-24|6h_prior,2026-05-24,6h_prior,holdout,30.1,pooled_empirical_residual,empirical_residual,1.25,selected_calibrated,Selected calibrated,28.568750000000005,28.8,28.981250000000003,29.05,29.3,29.412500000000005,29.55,29.55,29.593750000000004,29.8,29.800000000000004,29.925,29.925000000000004,30.3,30.425000000000004,30.475,30.55,30.637500000000003,30.675000000000004,30.800000000000004,30.818750000000005,30.925,30.925,30.925,31.05,31.050000000000004,31.050000000000004,31.075000000000003,31.175,31.175,31.3,31.3,31.300000000000004,31.300000000000004,31.425,31.425,31.425000000000004,31.55,31.55,31.55,31.55,31.55,31.60625,31.675,31.675000000000004,31.675000000000004,31.675000000000004,31.8,31.8,31.8,31.8,31.8,31.800000000000004,31.925,31.925000000000004,31.925000000000004,32.05,32.05,32.05,32.05,32.175000000000004,32.175000000000004,32.300000000000004,32.300000000000004,32.300000000000004,32.4125,32.550000000000004,32.550000000000004,32.550000000000004,32.550000000000004,32.675,32.675,32.800000000000004,32.800000000000004,32.800000000000004,32.85,32.925000000000004,32.925000000000004,33.03125000000001,33.050000000000004,33.050000000000004,33.0875,33.175000000000004,33.175000000000004,33.175000000000004,33.175000000000004,33.3,33.325,33.425000000000004,33.425000000000004,33.550000000000004,33.675000000000004,33.79375,33.800000000000004,33.925,33.97500000000001,34.050000000000004,34.349999999999994,34.78125,31.5
2026-05-24|6h_prior,2026-05-24,6h_prior,holdout,30.1,pooled_empirical_residual,empirical_residual,1.25,selected_uncalibrated,Selected uncalibrated,29.215000000000003,29.4,29.545,29.6,29.8,29.890000000000004,30.0,30.0,30.035000000000004,30.2,30.200000000000003,30.3,30.300000000000004,30.6,30.700000000000003,30.74,30.8,30.87,30.9,31.000000000000004,31.015000000000004,31.1,31.1,31.1,31.2,31.200000000000003,31.200000000000003,31.22,31.3,31.3,31.4,31.4,31.4,31.4,31.5,31.5,31.500000000000004,31.6,31.6,31.6,31.6,31.6,31.645,31.7,31.700000000000003,31.700000000000003,31.700000000000003,31.8,31.8,31.8,31.8,31.8,31.800000000000004,31.9,31.9,31.9,32.0,32.0,32.0,32.0,32.1,32.1,32.2,32.2,32.2,32.29,32.400000000000006,32.400000000000006,32.400000000000006,32.400000000000006,32.5,32.5,32.6,32.6,32.6,32.64,32.7,32.7,32.785000000000004,32.800000000000004,32.800000000000004,32.83,32.900000000000006,32.900000000000006,32.900000000000006,32.900000000000006,33.0,33.02,33.1,33.1,33.2,33.300000000000004,33.395,33.400000000000006,33.5,33.540000000000006,33.6,33.84,34.185,31.5
2026-05-24|event_day_open,2026-05-24,event_day_open,holdout,29.9,pooled_empirical_residual,empirical_residual,1.25,raw_deterministic,Raw deterministic,29.9,29.9,29.9,29.9,29.9,29.9,29.9,29.9,29.9,29.9,29.9,29.9,29.9,29.9,29.9,29.9,29.9,29.9,29.9,29.9,29.9,29.9,29.9,29.9,29.9,29.9,29.9,29.9,29.9,29.9,29.9,29.9,29.9,29.9,29.9,29.9,29.9,29.9,29.9,29.9,29.9,29.9,29.9,29.9,29.9,29.9,29.9,29.9,29.9,29.9,29.9,29.9,29.9,29.9,29.9,29.9,29.9,29.9,29.9,29.9,29.9,29.9,29.9,29.9,29.9,29.9,29.9,29.9,29.9,29.9,29.9,29.9,29.9,29.9,29.9,29.9,29.9,29.9,29.9,29.9,29.9,29.9,29.9,29.9,29.9,29.9,29.9,29.9,29.9,29.9,29.9,29.9,29.9,29.9,29.9,29.9,29.9,29.9,29.9,31.5
2026-05-24|event_day_open,2026-05-24,event_day_open,holdout,29.9,pooled_empirical_residual,empirical_residual,1.25,selected_calibrated,Selected calibrated,28.36875,28.599999999999994,28.78125,28.85,29.1,29.2125,29.35,29.35,29.39375,29.599999999999994,29.6,29.725,29.725,30.1,30.225,30.275,30.35,30.4375,30.475,30.6,30.61875,30.725,30.725,30.725,30.849999999999994,30.85,30.85,30.875,30.975,30.975,31.099999999999994,31.099999999999994,31.1,31.1,31.225,31.225,31.225,31.35,31.35,31.35,31.35,31.35,31.40625,31.474999999999994,31.475,31.475,31.475,31.6,31.6,31.6,31.6,31.6,31.6,31.724999999999994,31.725,31.725,31.85,31.85,31.85,31.85,31.975,31.975,32.099999999999994,32.099999999999994,32.1,32.2125,32.35,32.35,32.35,32.35,32.474999999999994,32.474999999999994,32.6,32.6,32.6,32.65,32.725,32.725,32.831250000000004,32.85,32.85,32.8875,32.975,32.975,32.975,32.975,33.099999999999994,33.12499999999999,33.225,33.225,33.35,33.475,33.59375,33.6,33.724999999999994,33.775000000000006,33.85,34.14999999999999,34.58125,31.5
2026-05-24|event_day_open,2026-05-24,event_day_open,holdout,29.9,pooled_empirical_residual,empirical_residual,1.25,selected_uncalibrated,Selected uncalibrated,29.015,29.2,29.345,29.4,29.6,29.69,29.8,29.8,29.835,30.0,30.0,30.1,30.1,30.4,30.5,30.54,30.6,30.67,30.7,30.8,30.815,30.9,30.9,30.9,31.0,31.0,31.0,31.02,31.1,31.1,31.2,31.2,31.2,31.2,31.3,31.3,31.3,31.4,31.4,31.4,31.4,31.4,31.445,31.5,31.5,31.5,31.5,31.6,31.6,31.6,31.6,31.6,31.6,31.7,31.7,31.7,31.8,31.8,31.8,31.8,31.9,31.9,32.0,32.0,32.0,32.09,32.2,32.2,32.2,32.2,32.3,32.3,32.4,32.4,32.4,32.44,32.5,32.5,32.585,32.6,32.6,32.629999999999995,32.7,32.7,32.7,32.7,32.8,32.81999999999999,32.9,32.9,33.0,33.1,33.195,33.2,33.3,33.34,33.4,33.63999999999999,33.985,31.5
2026-05-25|12h_prior,2026-05-25,12h_prior,holdout,29.8,pooled_empirical_residual,empirical_residual,1.25,raw_deterministic,Raw deterministic,29.8,29.8,29.8,29.8,29.8,29.8,29.8,29.8,29.8,29.8,29.8,29.8,29.8,29.8,29.8,29.8,29.8,29.8,29.8,29.8,29.8,29.8,29.8,29.8,29.8,29.8,29.8,29.8,29.8,29.8,29.8,29.8,29.8,29.8,29.8,29.8,29.8,29.8,29.8,29.8,29.8,29.8,29.8,29.8,29.8,29.8,29.8,29.8,29.8,29.8,29.8,29.8,29.8,29.8,29.8,29.8,29.8,29.8,29.8,29.8,29.8,29.8,29.8,29.8,29.8,29.8,29.8,29.8,29.8,29.8,29.8,29.8,29.8,29.8,29.8,29.8,29.8,29.8,29.8,29.8,29.8,29.8,29.8,29.8,29.8,29.8,29.8,29.8,29.8,29.8,29.8,29.8,29.8,29.8,29.8,29.8,29.8,29.8,29.8,32.0
2026-05-25|12h_prior,2026-05-25,12h_prior,holdout,29.8,pooled_empirical_residual,empirical_residual,1.25,selected_calibrated,Selected calibrated,28.268750000000004,28.5,28.68125,28.75,29.0,29.112500000000004,29.25,29.25,29.293750000000003,29.5,29.500000000000004,29.625,29.625000000000004,30.0,30.125000000000004,30.175,30.25,30.3375,30.375,30.500000000000004,30.518750000000004,30.625,30.625,30.625,30.75,30.750000000000004,30.750000000000004,30.775,30.875,30.875,31.0,31.0,31.0,31.0,31.125,31.125,31.125000000000004,31.25,31.25,31.25,31.25,31.25,31.30625,31.375,31.375000000000004,31.375000000000004,31.375000000000004,31.5,31.5,31.5,31.5,31.5,31.500000000000004,31.625,31.625,31.625,31.75,31.75,31.750000000000004,31.750000000000004,31.875,31.875,32.0,32.0,32.0,32.112500000000004,32.25,32.25,32.25,32.25,32.375,32.375,32.5,32.5,32.5,32.550000000000004,32.625,32.625,32.73125,32.75,32.75,32.7875,32.875,32.875,32.875,32.875,33.0,33.025,33.125,33.125,33.25,33.375,33.49375,33.5,33.625,33.675000000000004,33.75,34.05,34.48125,32.0
2026-05-25|12h_prior,2026-05-25,12h_prior,holdout,29.8,pooled_empirical_residual,empirical_residual,1.25,selected_uncalibrated,Selected uncalibrated,28.915000000000003,29.1,29.245,29.3,29.5,29.590000000000003,29.7,29.7,29.735000000000003,29.9,29.9,30.0,30.000000000000004,30.3,30.4,30.44,30.5,30.57,30.6,30.700000000000003,30.715000000000003,30.8,30.8,30.8,30.9,30.9,30.9,30.92,31.0,31.0,31.1,31.1,31.1,31.1,31.2,31.2,31.200000000000003,31.3,31.3,31.3,31.3,31.3,31.345,31.4,31.4,31.4,31.4,31.5,31.5,31.5,31.5,31.5,31.500000000000004,31.6,31.6,31.6,31.7,31.7,31.700000000000003,31.700000000000003,31.8,31.8,31.9,31.9,31.9,31.99,32.1,32.1,32.1,32.1,32.2,32.2,32.3,32.3,32.3,32.34,32.4,32.4,32.485,32.5,32.5,32.53,32.6,32.6,32.6,32.6,32.7,32.72,32.8,32.8,32.9,33.0,33.095,33.1,33.2,33.24,33.3,33.54,33.885,32.0
2026-05-25|24h_prior,2026-05-25,24h_prior,holdout,29.7,pooled_empirical_residual,empirical_residual,1.25,raw_deterministic,Raw deterministic,29.7,29.7,29.7,29.7,29.7,29.7,29.7,29.7,29.7,29.7,29.7,29.7,29.7,29.7,29.7,29.7,29.7,29.7,29.7,29.7,29.7,29.7,29.7,29.7,29.7,29.7,29.7,29.7,29.7,29.7,29.7,29.7,29.7,29.7,29.7,29.7,29.7,29.7,29.7,29.7,29.7,29.7,29.7,29.7,29.7,29.7,29.7,29.7,29.7,29.7,29.7,29.7,29.7,29.7,29.7,29.7,29.7,29.7,29.7,29.7,29.7,29.7,29.7,29.7,29.7,29.7,29.7,29.7,29.7,29.7,29.7,29.7,29.7,29.7,29.7,29.7,29.7,29.7,29.7,29.7,29.7,29.7,29.7,29.7,29.7,29.7,29.7,29.7,29.7,29.7,29.7,29.7,29.7,29.7,29.7,29.7,29.7,29.7,29.7,32.0
2026-05-25|24h_prior,2026-05-25,24h_prior,holdout,29.7,pooled_empirical_residual,empirical_residual,1.25,selected_calibrated,Selected calibrated,28.168750000000003,28.399999999999995,28.58125,28.65,28.9,29.012500000000003,29.15,29.15,29.19375,29.4,29.4,29.525,29.525,29.9,30.025,30.075,30.15,30.2375,30.275,30.4,30.418750000000003,30.525,30.525,30.525,30.65,30.65,30.65,30.675,30.775,30.775,30.899999999999995,30.899999999999995,30.9,30.9,31.025,31.025,31.025,31.15,31.15,31.15,31.15,31.15,31.20625,31.275,31.275,31.275,31.275,31.4,31.4,31.4,31.4,31.4,31.4,31.524999999999995,31.525,31.525,31.65,31.65,31.65,31.65,31.775,31.775,31.9,31.9,31.9,32.0125,32.15,32.15,32.15,32.15,32.27499999999999,32.275000000000006,32.400000000000006,32.400000000000006,32.400000000000006,32.45,32.525,32.525,32.631249999999994,32.65,32.65,32.6875,32.775,32.775,32.775,32.775,32.89999999999999,32.925,33.025000000000006,33.025000000000006,33.15,33.275,33.39375,33.4,33.52499999999999,33.575,33.650000000000006,33.95,34.381249999999994,32.0
2026-05-25|24h_prior,2026-05-25,24h_prior,holdout,29.7,pooled_empirical_residual,empirical_residual,1.25,selected_uncalibrated,Selected uncalibrated,28.815,29.0,29.145,29.2,29.4,29.49,29.6,29.6,29.635,29.8,29.8,29.9,29.9,30.2,30.3,30.34,30.4,30.47,30.5,30.6,30.615,30.7,30.7,30.7,30.8,30.8,30.8,30.82,30.9,30.9,31.0,31.0,31.0,31.0,31.1,31.1,31.1,31.2,31.2,31.2,31.2,31.2,31.245,31.3,31.3,31.3,31.3,31.4,31.4,31.4,31.4,31.4,31.4,31.5,31.5,31.5,31.6,31.6,31.6,31.6,31.7,31.7,31.8,31.8,31.8,31.89,32.0,32.0,32.0,32.0,32.099999999999994,32.1,32.2,32.2,32.2,32.24,32.3,32.3,32.385,32.4,32.4,32.43,32.5,32.5,32.5,32.5,32.599999999999994,32.62,32.7,32.7,32.8,32.9,32.995,33.0,33.099999999999994,33.14,33.2,33.44,33.785,32.0
2026-05-25|6h_prior,2026-05-25,6h_prior,holdout,30.0,pooled_empirical_residual,empirical_residual,1.25,raw_deterministic,Raw deterministic,30.0,30.0,30.0,30.0,30.0,30.0,30.0,30.0,30.0,30.0,30.0,30.0,30.0,30.0,30.0,30.0,30.0,30.0,30.0,30.0,30.0,30.0,30.0,30.0,30.0,30.0,30.0,30.0,30.0,30.0,30.0,30.0,30.0,30.0,30.0,30.0,30.0,30.0,30.0,30.0,30.0,30.0,30.0,30.0,30.0,30.0,30.0,30.0,30.0,30.0,30.0,30.0,30.0,30.0,30.0,30.0,30.0,30.0,30.0,30.0,30.0,30.0,30.0,30.0,30.0,30.0,30.0,30.0,30.0,30.0,30.0,30.0,30.0,30.0,30.0,30.0,30.0,30.0,30.0,30.0,30.0,30.0,30.0,30.0,30.0,30.0,30.0,30.0,30.0,30.0,30.0,30.0,30.0,30.0,30.0,30.0,30.0,30.0,30.0,32.0
2026-05-25|6h_prior,2026-05-25,6h_prior,holdout,30.0,pooled_empirical_residual,empirical_residual,1.25,selected_calibrated,Selected calibrated,28.468750000000004,28.7,28.88125,28.95,29.2,29.312500000000004,29.45,29.45,29.49375,29.7,29.700000000000003,29.825,29.825000000000003,30.2,30.325000000000003,30.375,30.45,30.5375,30.575000000000003,30.700000000000003,30.718750000000004,30.825,30.825,30.825,30.95,30.950000000000003,30.950000000000003,30.975,31.075,31.075,31.2,31.2,31.200000000000003,31.200000000000003,31.325,31.325,31.325000000000003,31.45,31.45,31.45,31.45,31.45,31.50625,31.575,31.575000000000003,31.575000000000003,31.575000000000003,31.7,31.7,31.7,31.7,31.7,31.700000000000003,31.825,31.825000000000003,31.825000000000003,31.95,31.95,31.950000000000003,31.950000000000003,32.075,32.075,32.2,32.2,32.2,32.3125,32.45,32.45,32.45,32.45,32.575,32.575,32.7,32.7,32.7,32.75,32.825,32.825,32.931250000000006,32.95,32.95,32.9875,33.075,33.075,33.075,33.075,33.2,33.224999999999994,33.325,33.325,33.45,33.575,33.69375,33.7,33.825,33.87500000000001,33.95,34.24999999999999,34.68124999999999,32.0
2026-05-25|6h_prior,2026-05-25,6h_prior,holdout,30.0,pooled_empirical_residual,empirical_residual,1.25,selected_uncalibrated,Selected uncalibrated,29.115,29.3,29.445,29.5,29.7,29.790000000000003,29.9,29.9,29.935,30.1,30.1,30.2,30.200000000000003,30.5,30.6,30.64,30.7,30.77,30.8,30.9,30.915000000000003,31.0,31.0,31.0,31.1,31.1,31.1,31.12,31.2,31.2,31.3,31.3,31.3,31.3,31.4,31.4,31.4,31.5,31.5,31.5,31.5,31.5,31.545,31.6,31.6,31.6,31.6,31.7,31.7,31.7,31.7,31.7,31.700000000000003,31.8,31.8,31.8,31.9,31.9,31.9,31.9,32.0,32.0,32.099999999999994,32.099999999999994,32.1,32.19,32.3,32.3,32.3,32.3,32.4,32.4,32.5,32.5,32.5,32.54,32.599999999999994,32.6,32.685,32.7,32.7,32.73,32.8,32.8,32.8,32.8,32.9,32.919999999999995,33.0,33.0,33.1,33.2,33.295,33.3,33.4,33.440000000000005,33.5,33.739999999999995,34.084999999999994,32.0
2026-05-25|event_day_open,2026-05-25,event_day_open,holdout,30.1,pooled_empirical_residual,empirical_residual,1.25,raw_deterministic,Raw deterministic,30.1,30.1,30.1,30.1,30.1,30.1,30.1,30.1,30.1,30.1,30.1,30.1,30.1,30.1,30.1,30.1,30.1,30.1,30.1,30.1,30.1,30.1,30.1,30.1,30.1,30.1,30.1,30.1,30.1,30.1,30.1,30.1,30.1,30.1,30.1,30.1,30.1,30.1,30.1,30.1,30.1,30.1,30.1,30.1,30.1,30.1,30.1,30.1,30.1,30.1,30.1,30.1,30.1,30.1,30.1,30.1,30.1,30.1,30.1,30.1,30.1,30.1,30.1,30.1,30.1,30.1,30.1,30.1,30.1,30.1,30.1,30.1,30.1,30.1,30.1,30.1,30.1,30.1,30.1,30.1,30.1,30.1,30.1,30.1,30.1,30.1,30.1,30.1,30.1,30.1,30.1,30.1,30.1,30.1,30.1,30.1,30.1,30.1,30.1,32.0
2026-05-25|event_day_open,2026-05-25,event_day_open,holdout,30.1,pooled_empirical_residual,empirical_residual,1.25,selected_calibrated,Selected calibrated,28.568750000000005,28.8,28.981250000000003,29.05,29.3,29.412500000000005,29.55,29.55,29.593750000000004,29.8,29.800000000000004,29.925,29.925000000000004,30.3,30.425000000000004,30.475,30.55,30.637500000000003,30.675000000000004,30.800000000000004,30.818750000000005,30.925,30.925,30.925,31.05,31.050000000000004,31.050000000000004,31.075000000000003,31.175,31.175,31.3,31.3,31.300000000000004,31.300000000000004,31.425,31.425,31.425000000000004,31.55,31.55,31.55,31.55,31.55,31.60625,31.675,31.675000000000004,31.675000000000004,31.675000000000004,31.8,31.8,31.8,31.8,31.8,31.800000000000004,31.925,31.925000000000004,31.925000000000004,32.05,32.05,32.05,32.05,32.175000000000004,32.175000000000004,32.300000000000004,32.300000000000004,32.300000000000004,32.4125,32.550000000000004,32.550000000000004,32.550000000000004,32.550000000000004,32.675,32.675,32.800000000000004,32.800000000000004,32.800000000000004,32.85,32.925000000000004,32.925000000000004,33.03125000000001,33.050000000000004,33.050000000000004,33.0875,33.175000000000004,33.175000000000004,33.175000000000004,33.175000000000004,33.3,33.325,33.425000000000004,33.425000000000004,33.550000000000004,33.675000000000004,33.79375,33.800000000000004,33.925,33.97500000000001,34.050000000000004,34.349999999999994,34.78125,32.0
2026-05-25|event_day_open,2026-05-25,event_day_open,holdout,30.1,pooled_empirical_residual,empirical_residual,1.25,selected_uncalibrated,Selected uncalibrated,29.215000000000003,29.4,29.545,29.6,29.8,29.890000000000004,30.0,30.0,30.035000000000004,30.2,30.200000000000003,30.3,30.300000000000004,30.6,30.700000000000003,30.74,30.8,30.87,30.9,31.000000000000004,31.015000000000004,31.1,31.1,31.1,31.2,31.200000000000003,31.200000000000003,31.22,31.3,31.3,31.4,31.4,31.4,31.4,31.5,31.5,31.500000000000004,31.6,31.6,31.6,31.6,31.6,31.645,31.7,31.700000000000003,31.700000000000003,31.700000000000003,31.8,31.8,31.8,31.8,31.8,31.800000000000004,31.9,31.9,31.9,32.0,32.0,32.0,32.0,32.1,32.1,32.2,32.2,32.2,32.29,32.400000000000006,32.400000000000006,32.400000000000006,32.400000000000006,32.5,32.5,32.6,32.6,32.6,32.64,32.7,32.7,32.785000000000004,32.800000000000004,32.800000000000004,32.83,32.900000000000006,32.900000000000006,32.900000000000006,32.900000000000006,33.0,33.02,33.1,33.1,33.2,33.300000000000004,33.395,33.400000000000006,33.5,33.540000000000006,33.6,33.84,34.185,32.0
2026-05-26|12h_prior,2026-05-26,12h_prior,holdout,30.3,pooled_empirical_residual,empirical_residual,1.25,raw_deterministic,Raw deterministic,30.3,30.3,30.3,30.3,30.3,30.3,30.3,30.3,30.3,30.3,30.3,30.3,30.3,30.3,30.3,30.3,30.3,30.3,30.3,30.3,30.3,30.3,30.3,30.3,30.3,30.3,30.3,30.3,30.3,30.3,30.3,30.3,30.3,30.3,30.3,30.3,30.3,30.3,30.3,30.3,30.3,30.3,30.3,30.3,30.3,30.3,30.3,30.3,30.3,30.3,30.3,30.3,30.3,30.3,30.3,30.3,30.3,30.3,30.3,30.3,30.3,30.3,30.3,30.3,30.3,30.3,30.3,30.3,30.3,30.3,30.3,30.3,30.3,30.3,30.3,30.3,30.3,30.3,30.3,30.3,30.3,30.3,30.3,30.3,30.3,30.3,30.3,30.3,30.3,30.3,30.3,30.3,30.3,30.3,30.3,30.3,30.3,30.3,30.3,32.0
2026-05-26|12h_prior,2026-05-26,12h_prior,holdout,30.3,pooled_empirical_residual,empirical_residual,1.25,selected_calibrated,Selected calibrated,28.768750000000004,29.0,29.18125,29.25,29.5,29.612500000000004,29.75,29.75,29.793750000000003,30.0,30.000000000000004,30.125,30.125000000000004,30.5,30.625000000000004,30.675,30.75,30.8375,30.875,31.000000000000004,31.018750000000004,31.125,31.125,31.125,31.25,31.250000000000004,31.250000000000004,31.275,31.375,31.375,31.5,31.5,31.5,31.5,31.625,31.625,31.625000000000004,31.75,31.75,31.75,31.75,31.75,31.80625,31.875,31.875000000000004,31.875000000000004,31.875000000000004,32.0,32.0,32.0,32.0,32.0,32.0,32.12499999999999,32.125,32.125,32.24999999999999,32.24999999999999,32.25,32.25,32.375,32.375,32.5,32.5,32.5,32.612500000000004,32.75,32.75,32.75,32.75,32.875,32.875,33.0,33.0,33.0,33.050000000000004,33.125,33.125,33.23125,33.25,33.25,33.2875,33.375,33.375,33.375,33.375,33.5,33.525,33.625,33.625,33.75,33.875,33.99375,34.0,34.125,34.175000000000004,34.25,34.55,34.98125,32.0
2026-05-26|12h_prior,2026-05-26,12h_prior,holdout,30.3,pooled_empirical_residual,empirical_residual,1.25,selected_uncalibrated,Selected uncalibrated,29.415000000000003,29.6,29.745,29.8,30.0,30.090000000000003,30.2,30.2,30.235000000000003,30.4,30.4,30.5,30.500000000000004,30.8,30.9,30.94,31.0,31.07,31.1,31.200000000000003,31.215000000000003,31.3,31.3,31.3,31.4,31.4,31.4,31.42,31.5,31.5,31.6,31.6,31.6,31.6,31.7,31.7,31.700000000000003,31.8,31.8,31.8,31.8,31.8,31.845,31.9,31.9,31.9,31.9,32.0,32.0,32.0,32.0,32.0,32.0,32.099999999999994,32.1,32.1,32.2,32.2,32.2,32.2,32.3,32.3,32.4,32.4,32.4,32.49,32.6,32.6,32.6,32.6,32.7,32.7,32.8,32.8,32.8,32.84,32.9,32.9,32.985,33.0,33.0,33.03,33.1,33.1,33.1,33.1,33.2,33.22,33.3,33.3,33.4,33.5,33.595,33.6,33.7,33.74,33.8,34.04,34.385,32.0
2026-05-26|24h_prior,2026-05-26,24h_prior,holdout,30.1,pooled_empirical_residual,empirical_residual,1.25,raw_deterministic,Raw deterministic,30.1,30.1,30.1,30.1,30.1,30.1,30.1,30.1,30.1,30.1,30.1,30.1,30.1,30.1,30.1,30.1,30.1,30.1,30.1,30.1,30.1,30.1,30.1,30.1,30.1,30.1,30.1,30.1,30.1,30.1,30.1,30.1,30.1,30.1,30.1,30.1,30.1,30.1,30.1,30.1,30.1,30.1,30.1,30.1,30.1,30.1,30.1,30.1,30.1,30.1,30.1,30.1,30.1,30.1,30.1,30.1,30.1,30.1,30.1,30.1,30.1,30.1,30.1,30.1,30.1,30.1,30.1,30.1,30.1,30.1,30.1,30.1,30.1,30.1,30.1,30.1,30.1,30.1,30.1,30.1,30.1,30.1,30.1,30.1,30.1,30.1,30.1,30.1,30.1,30.1,30.1,30.1,30.1,30.1,30.1,30.1,30.1,30.1,30.1,32.0
2026-05-26|24h_prior,2026-05-26,24h_prior,holdout,30.1,pooled_empirical_residual,empirical_residual,1.25,selected_calibrated,Selected calibrated,28.568750000000005,28.8,28.981250000000003,29.05,29.3,29.412500000000005,29.55,29.55,29.593750000000004,29.8,29.800000000000004,29.925,29.925000000000004,30.3,30.425000000000004,30.475,30.55,30.637500000000003,30.675000000000004,30.800000000000004,30.818750000000005,30.925,30.925,30.925,31.05,31.050000000000004,31.050000000000004,31.075000000000003,31.175,31.175,31.3,31.3,31.300000000000004,31.300000000000004,31.425,31.425,31.425000000000004,31.55,31.55,31.55,31.55,31.55,31.60625,31.675,31.675000000000004,31.675000000000004,31.675000000000004,31.8,31.8,31.8,31.8,31.8,31.800000000000004,31.925,31.925000000000004,31.925000000000004,32.05,32.05,32.05,32.05,32.175000000000004,32.175000000000004,32.300000000000004,32.300000000000004,32.300000000000004,32.4125,32.550000000000004,32.550000000000004,32.550000000000004,32.550000000000004,32.675,32.675,32.800000000000004,32.800000000000004,32.800000000000004,32.85,32.925000000000004,32.925000000000004,33.03125000000001,33.050000000000004,33.050000000000004,33.0875,33.175000000000004,33.175000000000004,33.175000000000004,33.175000000000004,33.3,33.325,33.425000000000004,33.425000000000004,33.550000000000004,33.675000000000004,33.79375,33.800000000000004,33.925,33.97500000000001,34.050000000000004,34.349999999999994,34.78125,32.0
2026-05-26|24h_prior,2026-05-26,24h_prior,holdout,30.1,pooled_empirical_residual,empirical_residual,1.25,selected_uncalibrated,Selected uncalibrated,29.215000000000003,29.4,29.545,29.6,29.8,29.890000000000004,30.0,30.0,30.035000000000004,30.2,30.200000000000003,30.3,30.300000000000004,30.6,30.700000000000003,30.74,30.8,30.87,30.9,31.000000000000004,31.015000000000004,31.1,31.1,31.1,31.2,31.200000000000003,31.200000000000003,31.22,31.3,31.3,31.4,31.4,31.4,31.4,31.5,31.5,31.500000000000004,31.6,31.6,31.6,31.6,31.6,31.645,31.7,31.700000000000003,31.700000000000003,31.700000000000003,31.8,31.8,31.8,31.8,31.8,31.800000000000004,31.9,31.9,31.9,32.0,32.0,32.0,32.0,32.1,32.1,32.2,32.2,32.2,32.29,32.400000000000006,32.400000000000006,32.400000000000006,32.400000000000006,32.5,32.5,32.6,32.6,32.6,32.64,32.7,32.7,32.785000000000004,32.800000000000004,32.800000000000004,32.83,32.900000000000006,32.900000000000006,32.900000000000006,32.900000000000006,33.0,33.02,33.1,33.1,33.2,33.300000000000004,33.395,33.400000000000006,33.5,33.540000000000006,33.6,33.84,34.185,32.0
2026-05-26|6h_prior,2026-05-26,6h_prior,holdout,30.1,pooled_empirical_residual,empirical_residual,1.25,raw_deterministic,Raw deterministic,30.1,30.1,30.1,30.1,30.1,30.1,30.1,30.1,30.1,30.1,30.1,30.1,30.1,30.1,30.1,30.1,30.1,30.1,30.1,30.1,30.1,30.1,30.1,30.1,30.1,30.1,30.1,30.1,30.1,30.1,30.1,30.1,30.1,30.1,30.1,30.1,30.1,30.1,30.1,30.1,30.1,30.1,30.1,30.1,30.1,30.1,30.1,30.1,30.1,30.1,30.1,30.1,30.1,30.1,30.1,30.1,30.1,30.1,30.1,30.1,30.1,30.1,30.1,30.1,30.1,30.1,30.1,30.1,30.1,30.1,30.1,30.1,30.1,30.1,30.1,30.1,30.1,30.1,30.1,30.1,30.1,30.1,30.1,30.1,30.1,30.1,30.1,30.1,30.1,30.1,30.1,30.1,30.1,30.1,30.1,30.1,30.1,30.1,30.1,32.0
2026-05-26|6h_prior,2026-05-26,6h_prior,holdout,30.1,pooled_empirical_residual,empirical_residual,1.25,selected_calibrated,Selected calibrated,28.568750000000005,28.8,28.981250000000003,29.05,29.3,29.412500000000005,29.55,29.55,29.593750000000004,29.8,29.800000000000004,29.925,29.925000000000004,30.3,30.425000000000004,30.475,30.55,30.637500000000003,30.675000000000004,30.800000000000004,30.818750000000005,30.925,30.925,30.925,31.05,31.050000000000004,31.050000000000004,31.075000000000003,31.175,31.175,31.3,31.3,31.300000000000004,31.300000000000004,31.425,31.425,31.425000000000004,31.55,31.55,31.55,31.55,31.55,31.60625,31.675,31.675000000000004,31.675000000000004,31.675000000000004,31.8,31.8,31.8,31.8,31.8,31.800000000000004,31.925,31.925000000000004,31.925000000000004,32.05,32.05,32.05,32.05,32.175000000000004,32.175000000000004,32.300000000000004,32.300000000000004,32.300000000000004,32.4125,32.550000000000004,32.550000000000004,32.550000000000004,32.550000000000004,32.675,32.675,32.800000000000004,32.800000000000004,32.800000000000004,32.85,32.925000000000004,32.925000000000004,33.03125000000001,33.050000000000004,33.050000000000004,33.0875,33.175000000000004,33.175000000000004,33.175000000000004,33.175000000000004,33.3,33.325,33.425000000000004,33.425000000000004,33.550000000000004,33.675000000000004,33.79375,33.800000000000004,33.925,33.97500000000001,34.050000000000004,34.349999999999994,34.78125,32.0
2026-05-26|6h_prior,2026-05-26,6h_prior,holdout,30.1,pooled_empirical_residual,empirical_residual,1.25,selected_uncalibrated,Selected uncalibrated,29.215000000000003,29.4,29.545,29.6,29.8,29.890000000000004,30.0,30.0,30.035000000000004,30.2,30.200000000000003,30.3,30.300000000000004,30.6,30.700000000000003,30.74,30.8,30.87,30.9,31.000000000000004,31.015000000000004,31.1,31.1,31.1,31.2,31.200000000000003,31.200000000000003,31.22,31.3,31.3,31.4,31.4,31.4,31.4,31.5,31.5,31.500000000000004,31.6,31.6,31.6,31.6,31.6,31.645,31.7,31.700000000000003,31.700000000000003,31.700000000000003,31.8,31.8,31.8,31.8,31.8,31.800000000000004,31.9,31.9,31.9,32.0,32.0,32.0,32.0,32.1,32.1,32.2,32.2,32.2,32.29,32.400000000000006,32.400000000000006,32.400000000000006,32.400000000000006,32.5,32.5,32.6,32.6,32.6,32.64,32.7,32.7,32.785000000000004,32.800000000000004,32.800000000000004,32.83,32.900000000000006,32.900000000000006,32.900000000000006,32.900000000000006,33.0,33.02,33.1,33.1,33.2,33.300000000000004,33.395,33.400000000000006,33.5,33.540000000000006,33.6,33.84,34.185,32.0
2026-05-26|event_day_open,2026-05-26,event_day_open,holdout,30.3,pooled_empirical_residual,empirical_residual,1.25,raw_deterministic,Raw deterministic,30.3,30.3,30.3,30.3,30.3,30.3,30.3,30.3,30.3,30.3,30.3,30.3,30.3,30.3,30.3,30.3,30.3,30.3,30.3,30.3,30.3,30.3,30.3,30.3,30.3,30.3,30.3,30.3,30.3,30.3,30.3,30.3,30.3,30.3,30.3,30.3,30.3,30.3,30.3,30.3,30.3,30.3,30.3,30.3,30.3,30.3,30.3,30.3,30.3,30.3,30.3,30.3,30.3,30.3,30.3,30.3,30.3,30.3,30.3,30.3,30.3,30.3,30.3,30.3,30.3,30.3,30.3,30.3,30.3,30.3,30.3,30.3,30.3,30.3,30.3,30.3,30.3,30.3,30.3,30.3,30.3,30.3,30.3,30.3,30.3,30.3,30.3,30.3,30.3,30.3,30.3,30.3,30.3,30.3,30.3,30.3,30.3,30.3,30.3,32.0
2026-05-26|event_day_open,2026-05-26,event_day_open,holdout,30.3,pooled_empirical_residual,empirical_residual,1.25,selected_calibrated,Selected calibrated,28.768750000000004,29.0,29.18125,29.25,29.5,29.612500000000004,29.75,29.75,29.793750000000003,30.0,30.000000000000004,30.125,30.125000000000004,30.5,30.625000000000004,30.675,30.75,30.8375,30.875,31.000000000000004,31.018750000000004,31.125,31.125,31.125,31.25,31.250000000000004,31.250000000000004,31.275,31.375,31.375,31.5,31.5,31.5,31.5,31.625,31.625,31.625000000000004,31.75,31.75,31.75,31.75,31.75,31.80625,31.875,31.875000000000004,31.875000000000004,31.875000000000004,32.0,32.0,32.0,32.0,32.0,32.0,32.12499999999999,32.125,32.125,32.24999999999999,32.24999999999999,32.25,32.25,32.375,32.375,32.5,32.5,32.5,32.612500000000004,32.75,32.75,32.75,32.75,32.875,32.875,33.0,33.0,33.0,33.050000000000004,33.125,33.125,33.23125,33.25,33.25,33.2875,33.375,33.375,33.375,33.375,33.5,33.525,33.625,33.625,33.75,33.875,33.99375,34.0,34.125,34.175000000000004,34.25,34.55,34.98125,32.0
2026-05-26|event_day_open,2026-05-26,event_day_open,holdout,30.3,pooled_empirical_residual,empirical_residual,1.25,selected_uncalibrated,Selected uncalibrated,29.415000000000003,29.6,29.745,29.8,30.0,30.090000000000003,30.2,30.2,30.235000000000003,30.4,30.4,30.5,30.500000000000004,30.8,30.9,30.94,31.0,31.07,31.1,31.200000000000003,31.215000000000003,31.3,31.3,31.3,31.4,31.4,31.4,31.42,31.5,31.5,31.6,31.6,31.6,31.6,31.7,31.7,31.700000000000003,31.8,31.8,31.8,31.8,31.8,31.845,31.9,31.9,31.9,31.9,32.0,32.0,32.0,32.0,32.0,32.0,32.099999999999994,32.1,32.1,32.2,32.2,32.2,32.2,32.3,32.3,32.4,32.4,32.4,32.49,32.6,32.6,32.6,32.6,32.7,32.7,32.8,32.8,32.8,32.84,32.9,32.9,32.985,33.0,33.0,33.03,33.1,33.1,33.1,33.1,33.2,33.22,33.3,33.3,33.4,33.5,33.595,33.6,33.7,33.74,33.8,34.04,34.385,32.0
2026-05-27|12h_prior,2026-05-27,12h_prior,holdout,31.1,pooled_empirical_residual,empirical_residual,1.25,raw_deterministic,Raw deterministic,31.1,31.1,31.1,31.1,31.1,31.1,31.1,31.1,31.1,31.1,31.1,31.1,31.1,31.1,31.1,31.1,31.1,31.1,31.1,31.1,31.1,31.1,31.1,31.1,31.1,31.1,31.1,31.1,31.1,31.1,31.1,31.1,31.1,31.1,31.1,31.1,31.1,31.1,31.1,31.1,31.1,31.1,31.1,31.1,31.1,31.1,31.1,31.1,31.1,31.1,31.1,31.1,31.1,31.1,31.1,31.1,31.1,31.1,31.1,31.1,31.1,31.1,31.1,31.1,31.1,31.1,31.1,31.1,31.1,31.1,31.1,31.1,31.1,31.1,31.1,31.1,31.1,31.1,31.1,31.1,31.1,31.1,31.1,31.1,31.1,31.1,31.1,31.1,31.1,31.1,31.1,31.1,31.1,31.1,31.1,31.1,31.1,31.1,31.1,33.7
2026-05-27|12h_prior,2026-05-27,12h_prior,holdout,31.1,pooled_empirical_residual,empirical_residual,1.25,selected_calibrated,Selected calibrated,29.568750000000005,29.8,29.981250000000003,30.050000000000004,30.3,30.412500000000005,30.55,30.55,30.593750000000007,30.8,30.800000000000004,30.925,30.925000000000004,31.300000000000004,31.425000000000004,31.475,31.55,31.637500000000003,31.675000000000004,31.8,31.81875,31.925000000000004,31.925000000000004,31.925000000000004,32.050000000000004,32.050000000000004,32.050000000000004,32.07500000000001,32.175,32.175,32.3,32.3,32.3,32.30000000000001,32.425,32.425,32.425,32.550000000000004,32.550000000000004,32.550000000000004,32.550000000000004,32.550000000000004,32.60625,32.675000000000004,32.675000000000004,32.675000000000004,32.675000000000004,32.8,32.8,32.8,32.8,32.8,32.800000000000004,32.925,32.92500000000001,32.92500000000001,33.05,33.05,33.05,33.05,33.175000000000004,33.175000000000004,33.300000000000004,33.300000000000004,33.300000000000004,33.4125,33.55000000000001,33.55000000000001,33.55000000000001,33.55000000000001,33.675,33.675,33.800000000000004,33.800000000000004,33.800000000000004,33.85,33.925000000000004,33.925000000000004,34.03125000000001,34.050000000000004,34.050000000000004,34.0875,34.17500000000001,34.17500000000001,34.17500000000001,34.17500000000001,34.3,34.325,34.425000000000004,34.425000000000004,34.550000000000004,34.675000000000004,34.79375,34.80000000000001,34.925,34.97500000000001,35.050000000000004,35.349999999999994,35.78125,33.7
2026-05-27|12h_prior,2026-05-27,12h_prior,holdout,31.1,pooled_empirical_residual,empirical_residual,1.25,selected_uncalibrated,Selected uncalibrated,30.215000000000003,30.4,30.545,30.6,30.8,30.890000000000004,31.0,31.0,31.035000000000004,31.2,31.200000000000003,31.3,31.300000000000004,31.6,31.700000000000003,31.74,31.8,31.87,31.9,32.0,32.015,32.1,32.1,32.1,32.2,32.2,32.2,32.220000000000006,32.3,32.3,32.4,32.4,32.4,32.400000000000006,32.5,32.5,32.5,32.6,32.6,32.6,32.6,32.6,32.645,32.7,32.7,32.7,32.7,32.8,32.8,32.8,32.8,32.8,32.800000000000004,32.9,32.900000000000006,32.900000000000006,33.0,33.0,33.0,33.0,33.1,33.1,33.2,33.2,33.2,33.29,33.400000000000006,33.400000000000006,33.400000000000006,33.400000000000006,33.5,33.5,33.6,33.6,33.6,33.64,33.7,33.7,33.785000000000004,33.800000000000004,33.800000000000004,33.83,33.900000000000006,33.900000000000006,33.900000000000006,33.900000000000006,34.0,34.02,34.1,34.1,34.2,34.300000000000004,34.395,34.400000000000006,34.5,34.540000000000006,34.6,34.84,35.185,33.7
2026-05-27|24h_prior,2026-05-27,24h_prior,holdout,30.8,pooled_empirical_residual,empirical_residual,1.25,raw_deterministic,Raw deterministic,30.8,30.8,30.8,30.8,30.8,30.8,30.8,30.8,30.8,30.8,30.8,30.8,30.8,30.8,30.8,30.8,30.8,30.8,30.8,30.8,30.8,30.8,30.8,30.8,30.8,30.8,30.8,30.8,30.8,30.8,30.8,30.8,30.8,30.8,30.8,30.8,30.8,30.8,30.8,30.8,30.8,30.8,30.8,30.8,30.8,30.8,30.8,30.8,30.8,30.8,30.8,30.8,30.8,30.8,30.8,30.8,30.8,30.8,30.8,30.8,30.8,30.8,30.8,30.8,30.8,30.8,30.8,30.8,30.8,30.8,30.8,30.8,30.8,30.8,30.8,30.8,30.8,30.8,30.8,30.8,30.8,30.8,30.8,30.8,30.8,30.8,30.8,30.8,30.8,30.8,30.8,30.8,30.8,30.8,30.8,30.8,30.8,30.8,30.8,33.7
2026-05-27|24h_prior,2026-05-27,24h_prior,holdout,30.8,pooled_empirical_residual,empirical_residual,1.25,selected_calibrated,Selected calibrated,29.268750000000004,29.5,29.68125,29.75,30.0,30.112500000000004,30.25,30.25,30.293750000000003,30.5,30.500000000000004,30.625,30.625000000000004,31.0,31.125000000000004,31.175,31.25,31.3375,31.375,31.500000000000004,31.518750000000004,31.625,31.625,31.625,31.75,31.750000000000004,31.750000000000004,31.775,31.875,31.875,31.999999999999996,31.999999999999996,32.0,32.0,32.125,32.125,32.125,32.25,32.25,32.25,32.25,32.25,32.30625,32.375,32.37500000000001,32.37500000000001,32.37500000000001,32.5,32.5,32.5,32.5,32.5,32.5,32.62499999999999,32.625,32.625,32.74999999999999,32.74999999999999,32.75,32.75,32.875,32.875,33.0,33.0,33.0,33.112500000000004,33.25,33.25,33.25,33.25,33.375,33.375,33.5,33.5,33.5,33.550000000000004,33.625,33.625,33.73125,33.75,33.75,33.7875,33.875,33.875,33.875,33.875,34.0,34.025,34.125,34.125,34.25,34.375,34.49375,34.5,34.625,34.675000000000004,34.75,35.05,35.48125,33.7
2026-05-27|24h_prior,2026-05-27,24h_prior,holdout,30.8,pooled_empirical_residual,empirical_residual,1.25,selected_uncalibrated,Selected uncalibrated,29.915000000000003,30.1,30.245,30.3,30.5,30.590000000000003,30.7,30.7,30.735000000000003,30.9,30.9,31.0,31.000000000000004,31.3,31.4,31.44,31.5,31.57,31.6,31.700000000000003,31.715000000000003,31.8,31.8,31.8,31.9,31.9,31.9,31.92,32.0,32.0,32.099999999999994,32.099999999999994,32.1,32.1,32.2,32.2,32.2,32.3,32.3,32.3,32.3,32.3,32.345,32.4,32.400000000000006,32.400000000000006,32.400000000000006,32.5,32.5,32.5,32.5,32.5,32.5,32.599999999999994,32.6,32.6,32.7,32.7,32.7,32.7,32.8,32.8,32.9,32.9,32.9,32.99,33.1,33.1,33.1,33.1,33.2,33.2,33.3,33.3,33.3,33.34,33.4,33.4,33.485,33.5,33.5,33.53,33.6,33.6,33.6,33.6,33.7,33.72,33.8,33.8,33.9,34.0,34.095,34.1,34.2,34.24,34.3,34.54,34.885,33.7
2026-05-27|6h_prior,2026-05-27,6h_prior,holdout,30.8,pooled_empirical_residual,empirical_residual,1.25,raw_deterministic,Raw deterministic,30.8,30.8,30.8,30.8,30.8,30.8,30.8,30.8,30.8,30.8,30.8,30.8,30.8,30.8,30.8,30.8,30.8,30.8,30.8,30.8,30.8,30.8,30.8,30.8,30.8,30.8,30.8,30.8,30.8,30.8,30.8,30.8,30.8,30.8,30.8,30.8,30.8,30.8,30.8,30.8,30.8,30.8,30.8,30.8,30.8,30.8,30.8,30.8,30.8,30.8,30.8,30.8,30.8,30.8,30.8,30.8,30.8,30.8,30.8,30.8,30.8,30.8,30.8,30.8,30.8,30.8,30.8,30.8,30.8,30.8,30.8,30.8,30.8,30.8,30.8,30.8,30.8,30.8,30.8,30.8,30.8,30.8,30.8,30.8,30.8,30.8,30.8,30.8,30.8,30.8,30.8,30.8,30.8,30.8,30.8,30.8,30.8,30.8,30.8,33.7
2026-05-27|6h_prior,2026-05-27,6h_prior,holdout,30.8,pooled_empirical_residual,empirical_residual,1.25,selected_calibrated,Selected calibrated,29.268750000000004,29.5,29.68125,29.75,30.0,30.112500000000004,30.25,30.25,30.293750000000003,30.5,30.500000000000004,30.625,30.625000000000004,31.0,31.125000000000004,31.175,31.25,31.3375,31.375,31.500000000000004,31.518750000000004,31.625,31.625,31.625,31.75,31.750000000000004,31.750000000000004,31.775,31.875,31.875,31.999999999999996,31.999999999999996,32.0,32.0,32.125,32.125,32.125,32.25,32.25,32.25,32.25,32.25,32.30625,32.375,32.37500000000001,32.37500000000001,32.37500000000001,32.5,32.5,32.5,32.5,32.5,32.5,32.62499999999999,32.625,32.625,32.74999999999999,32.74999999999999,32.75,32.75,32.875,32.875,33.0,33.0,33.0,33.112500000000004,33.25,33.25,33.25,33.25,33.375,33.375,33.5,33.5,33.5,33.550000000000004,33.625,33.625,33.73125,33.75,33.75,33.7875,33.875,33.875,33.875,33.875,34.0,34.025,34.125,34.125,34.25,34.375,34.49375,34.5,34.625,34.675000000000004,34.75,35.05,35.48125,33.7
2026-05-27|6h_prior,2026-05-27,6h_prior,holdout,30.8,pooled_empirical_residual,empirical_residual,1.25,selected_uncalibrated,Selected uncalibrated,29.915000000000003,30.1,30.245,30.3,30.5,30.590000000000003,30.7,30.7,30.735000000000003,30.9,30.9,31.0,31.000000000000004,31.3,31.4,31.44,31.5,31.57,31.6,31.700000000000003,31.715000000000003,31.8,31.8,31.8,31.9,31.9,31.9,31.92,32.0,32.0,32.099999999999994,32.099999999999994,32.1,32.1,32.2,32.2,32.2,32.3,32.3,32.3,32.3,32.3,32.345,32.4,32.400000000000006,32.400000000000006,32.400000000000006,32.5,32.5,32.5,32.5,32.5,32.5,32.599999999999994,32.6,32.6,32.7,32.7,32.7,32.7,32.8,32.8,32.9,32.9,32.9,32.99,33.1,33.1,33.1,33.1,33.2,33.2,33.3,33.3,33.3,33.34,33.4,33.4,33.485,33.5,33.5,33.53,33.6,33.6,33.6,33.6,33.7,33.72,33.8,33.8,33.9,34.0,34.095,34.1,34.2,34.24,34.3,34.54,34.885,33.7
2026-05-27|event_day_open,2026-05-27,event_day_open,holdout,30.8,pooled_empirical_residual,empirical_residual,1.25,raw_deterministic,Raw deterministic,30.8,30.8,30.8,30.8,30.8,30.8,30.8,30.8,30.8,30.8,30.8,30.8,30.8,30.8,30.8,30.8,30.8,30.8,30.8,30.8,30.8,30.8,30.8,30.8,30.8,30.8,30.8,30.8,30.8,30.8,30.8,30.8,30.8,30.8,30.8,30.8,30.8,30.8,30.8,30.8,30.8,30.8,30.8,30.8,30.8,30.8,30.8,30.8,30.8,30.8,30.8,30.8,30.8,30.8,30.8,30.8,30.8,30.8,30.8,30.8,30.8,30.8,30.8,30.8,30.8,30.8,30.8,30.8,30.8,30.8,30.8,30.8,30.8,30.8,30.8,30.8,30.8,30.8,30.8,30.8,30.8,30.8,30.8,30.8,30.8,30.8,30.8,30.8,30.8,30.8,30.8,30.8,30.8,30.8,30.8,30.8,30.8,30.8,30.8,33.7
2026-05-27|event_day_open,2026-05-27,event_day_open,holdout,30.8,pooled_empirical_residual,empirical_residual,1.25,selected_calibrated,Selected calibrated,29.268750000000004,29.5,29.68125,29.75,30.0,30.112500000000004,30.25,30.25,30.293750000000003,30.5,30.500000000000004,30.625,30.625000000000004,31.0,31.125000000000004,31.175,31.25,31.3375,31.375,31.500000000000004,31.518750000000004,31.625,31.625,31.625,31.75,31.750000000000004,31.750000000000004,31.775,31.875,31.875,31.999999999999996,31.999999999999996,32.0,32.0,32.125,32.125,32.125,32.25,32.25,32.25,32.25,32.25,32.30625,32.375,32.37500000000001,32.37500000000001,32.37500000000001,32.5,32.5,32.5,32.5,32.5,32.5,32.62499999999999,32.625,32.625,32.74999999999999,32.74999999999999,32.75,32.75,32.875,32.875,33.0,33.0,33.0,33.112500000000004,33.25,33.25,33.25,33.25,33.375,33.375,33.5,33.5,33.5,33.550000000000004,33.625,33.625,33.73125,33.75,33.75,33.7875,33.875,33.875,33.875,33.875,34.0,34.025,34.125,34.125,34.25,34.375,34.49375,34.5,34.625,34.675000000000004,34.75,35.05,35.48125,33.7
2026-05-27|event_day_open,2026-05-27,event_day_open,holdout,30.8,pooled_empirical_residual,empirical_residual,1.25,selected_uncalibrated,Selected uncalibrated,29.915000000000003,30.1,30.245,30.3,30.5,30.590000000000003,30.7,30.7,30.735000000000003,30.9,30.9,31.0,31.000000000000004,31.3,31.4,31.44,31.5,31.57,31.6,31.700000000000003,31.715000000000003,31.8,31.8,31.8,31.9,31.9,31.9,31.92,32.0,32.0,32.099999999999994,32.099999999999994,32.1,32.1,32.2,32.2,32.2,32.3,32.3,32.3,32.3,32.3,32.345,32.4,32.400000000000006,32.400000000000006,32.400000000000006,32.5,32.5,32.5,32.5,32.5,32.5,32.599999999999994,32.6,32.6,32.7,32.7,32.7,32.7,32.8,32.8,32.9,32.9,32.9,32.99,33.1,33.1,33.1,33.1,33.2,33.2,33.3,33.3,33.3,33.34,33.4,33.4,33.485,33.5,33.5,33.53,33.6,33.6,33.6,33.6,33.7,33.72,33.8,33.8,33.9,34.0,34.095,34.1,34.2,34.24,34.3,34.54,34.885,33.7
2026-05-28|12h_prior,2026-05-28,12h_prior,holdout,31.6,pooled_empirical_residual,empirical_residual,1.25,raw_deterministic,Raw deterministic,31.6,31.6,31.6,31.6,31.6,31.6,31.6,31.6,31.6,31.6,31.6,31.6,31.6,31.6,31.6,31.6,31.6,31.6,31.6,31.6,31.6,31.6,31.6,31.6,31.6,31.6,31.6,31.6,31.6,31.6,31.6,31.6,31.6,31.6,31.6,31.6,31.6,31.6,31.6,31.6,31.6,31.6,31.6,31.6,31.6,31.6,31.6,31.6,31.6,31.6,31.6,31.6,31.6,31.6,31.6,31.6,31.6,31.6,31.6,31.6,31.6,31.6,31.6,31.6,31.6,31.6,31.6,31.6,31.6,31.6,31.6,31.6,31.6,31.6,31.6,31.6,31.6,31.6,31.6,31.6,31.6,31.6,31.6,31.6,31.6,31.6,31.6,31.6,31.6,31.6,31.6,31.6,31.6,31.6,31.6,31.6,31.6,31.6,31.6,33.4
2026-05-28|12h_prior,2026-05-28,12h_prior,holdout,31.6,pooled_empirical_residual,empirical_residual,1.25,selected_calibrated,Selected calibrated,30.068750000000005,30.3,30.481250000000003,30.550000000000004,30.8,30.912500000000005,31.05,31.05,31.093750000000007,31.3,31.300000000000004,31.425,31.425000000000004,31.800000000000004,31.925000000000004,31.975,32.05,32.1375,32.17500000000001,32.3,32.31875,32.425000000000004,32.425000000000004,32.425000000000004,32.550000000000004,32.550000000000004,32.550000000000004,32.57500000000001,32.675,32.675,32.8,32.8,32.8,32.80000000000001,32.925,32.925,32.925,33.050000000000004,33.050000000000004,33.050000000000004,33.050000000000004,33.050000000000004,33.10625,33.175000000000004,33.175000000000004,33.175000000000004,33.175000000000004,33.3,33.3,33.3,33.3,33.3,33.300000000000004,33.425,33.42500000000001,33.42500000000001,33.55,33.55,33.55,33.55,33.675000000000004,33.675000000000004,33.800000000000004,33.800000000000004,33.800000000000004,33.9125,34.05000000000001,34.05000000000001,34.05000000000001,34.05000000000001,34.175,34.175,34.300000000000004,34.300000000000004,34.300000000000004,34.35,34.425000000000004,34.425000000000004,34.53125000000001,34.550000000000004,34.550000000000004,34.5875,34.67500000000001,34.67500000000001,34.67500000000001,34.67500000000001,34.8,34.825,34.925000000000004,34.925000000000004,35.050000000000004,35.175000000000004,35.29375,35.30000000000001,35.425,35.47500000000001,35.550000000000004,35.849999999999994,36.28125,33.4
2026-05-28|12h_prior,2026-05-28,12h_prior,holdout,31.6,pooled_empirical_residual,empirical_residual,1.25,selected_uncalibrated,Selected uncalibrated,30.715000000000003,30.9,31.045,31.1,31.3,31.390000000000004,31.5,31.5,31.535000000000004,31.7,31.700000000000003,31.8,31.800000000000004,32.1,32.2,32.24,32.3,32.370000000000005,32.400000000000006,32.5,32.515,32.6,32.6,32.6,32.7,32.7,32.7,32.720000000000006,32.8,32.8,32.9,32.9,32.9,32.900000000000006,33.0,33.0,33.0,33.1,33.1,33.1,33.1,33.1,33.145,33.2,33.2,33.2,33.2,33.3,33.3,33.3,33.3,33.3,33.300000000000004,33.4,33.400000000000006,33.400000000000006,33.5,33.5,33.5,33.5,33.6,33.6,33.7,33.7,33.7,33.79,33.900000000000006,33.900000000000006,33.900000000000006,33.900000000000006,34.0,34.0,34.1,34.1,34.1,34.14,34.2,34.2,34.285000000000004,34.300000000000004,34.300000000000004,34.33,34.400000000000006,34.400000000000006,34.400000000000006,34.400000000000006,34.5,34.52,34.6,34.6,34.7,34.800000000000004,34.895,34.900000000000006,35.0,35.040000000000006,35.1,35.34,35.685,33.4
2026-05-28|24h_prior,2026-05-28,24h_prior,holdout,31.2,pooled_empirical_residual,empirical_residual,1.25,raw_deterministic,Raw deterministic,31.2,31.2,31.2,31.2,31.2,31.2,31.2,31.2,31.2,31.2,31.2,31.2,31.2,31.2,31.2,31.2,31.2,31.2,31.2,31.2,31.2,31.2,31.2,31.2,31.2,31.2,31.2,31.2,31.2,31.2,31.2,31.2,31.2,31.2,31.2,31.2,31.2,31.2,31.2,31.2,31.2,31.2,31.2,31.2,31.2,31.2,31.2,31.2,31.2,31.2,31.2,31.2,31.2,31.2,31.2,31.2,31.2,31.2,31.2,31.2,31.2,31.2,31.2,31.2,31.2,31.2,31.2,31.2,31.2,31.2,31.2,31.2,31.2,31.2,31.2,31.2,31.2,31.2,31.2,31.2,31.2,31.2,31.2,31.2,31.2,31.2,31.2,31.2,31.2,31.2,31.2,31.2,31.2,31.2,31.2,31.2,31.2,31.2,31.2,33.4
2026-05-28|24h_prior,2026-05-28,24h_prior,holdout,31.2,pooled_empirical_residual,empirical_residual,1.25,selected_calibrated,Selected calibrated,29.668750000000003,29.899999999999995,30.08125,30.15,30.4,30.512500000000003,30.65,30.65,30.69375,30.9,30.9,31.025,31.025,31.4,31.525,31.575,31.65,31.7375,31.775,31.9,31.918750000000003,32.025000000000006,32.025000000000006,32.025000000000006,32.15,32.15,32.15,32.175,32.275,32.275,32.4,32.4,32.4,32.4,32.52499999999999,32.525000000000006,32.525000000000006,32.650000000000006,32.650000000000006,32.650000000000006,32.650000000000006,32.650000000000006,32.70625,32.775,32.775,32.775,32.775,32.9,32.9,32.9,32.9,32.9,32.9,33.025,33.025,33.025,33.14999999999999,33.14999999999999,33.150000000000006,33.150000000000006,33.275000000000006,33.275000000000006,33.4,33.4,33.4,33.5125,33.65,33.65,33.65,33.65,33.77499999999999,33.775000000000006,33.900000000000006,33.900000000000006,33.900000000000006,33.95,34.025,34.025,34.131249999999994,34.15,34.15,34.1875,34.275,34.275,34.275,34.275,34.39999999999999,34.425,34.525000000000006,34.525000000000006,34.65,34.775,34.89375,34.9,35.02499999999999,35.075,35.150000000000006,35.45,35.881249999999994,33.4
2026-05-28|24h_prior,2026-05-28,24h_prior,holdout,31.2,pooled_empirical_residual,empirical_residual,1.25,selected_uncalibrated,Selected uncalibrated,30.315,30.5,30.645,30.7,30.9,30.99,31.1,31.1,31.135,31.3,31.3,31.4,31.4,31.7,31.8,31.84,31.9,31.97,32.0,32.1,32.115,32.2,32.2,32.2,32.3,32.3,32.3,32.32,32.4,32.4,32.5,32.5,32.5,32.5,32.599999999999994,32.6,32.6,32.7,32.7,32.7,32.7,32.7,32.745,32.8,32.8,32.8,32.8,32.9,32.9,32.9,32.9,32.9,32.9,33.0,33.0,33.0,33.099999999999994,33.099999999999994,33.1,33.1,33.2,33.2,33.3,33.3,33.3,33.39,33.5,33.5,33.5,33.5,33.599999999999994,33.6,33.7,33.7,33.7,33.74,33.8,33.8,33.885,33.9,33.9,33.93,34.0,34.0,34.0,34.0,34.099999999999994,34.12,34.2,34.2,34.3,34.4,34.495,34.5,34.599999999999994,34.64,34.7,34.94,35.285,33.4
2026-05-28|6h_prior,2026-05-28,6h_prior,holdout,31.4,pooled_empirical_residual,empirical_residual,1.25,raw_deterministic,Raw deterministic,31.4,31.4,31.4,31.4,31.4,31.4,31.4,31.4,31.4,31.4,31.4,31.4,31.4,31.4,31.4,31.4,31.4,31.4,31.4,31.4,31.4,31.4,31.4,31.4,31.4,31.4,31.4,31.4,31.4,31.4,31.4,31.4,31.4,31.4,31.4,31.4,31.4,31.4,31.4,31.4,31.4,31.4,31.4,31.4,31.4,31.4,31.4,31.4,31.4,31.4,31.4,31.4,31.4,31.4,31.4,31.4,31.4,31.4,31.4,31.4,31.4,31.4,31.4,31.4,31.4,31.4,31.4,31.4,31.4,31.4,31.4,31.4,31.4,31.4,31.4,31.4,31.4,31.4,31.4,31.4,31.4,31.4,31.4,31.4,31.4,31.4,31.4,31.4,31.4,31.4,31.4,31.4,31.4,31.4,31.4,31.4,31.4,31.4,31.4,33.4
2026-05-28|6h_prior,2026-05-28,6h_prior,holdout,31.4,pooled_empirical_residual,empirical_residual,1.25,selected_calibrated,Selected calibrated,29.86875,30.099999999999994,30.28125,30.35,30.6,30.7125,30.85,30.85,30.893750000000004,31.1,31.1,31.225,31.225,31.6,31.725,31.775,31.849999999999994,31.937500000000004,31.975000000000005,32.099999999999994,32.11875,32.225,32.225,32.225,32.35,32.35,32.35,32.37500000000001,32.474999999999994,32.474999999999994,32.599999999999994,32.599999999999994,32.599999999999994,32.60000000000001,32.724999999999994,32.724999999999994,32.724999999999994,32.85,32.85,32.85,32.85,32.85,32.90625,32.975,32.975,32.975,32.975,33.099999999999994,33.099999999999994,33.099999999999994,33.099999999999994,33.099999999999994,33.1,33.224999999999994,33.22500000000001,33.22500000000001,33.349999999999994,33.349999999999994,33.349999999999994,33.349999999999994,33.475,33.475,33.6,33.6,33.6,33.7125,33.85000000000001,33.85000000000001,33.85000000000001,33.85000000000001,33.974999999999994,33.974999999999994,34.1,34.1,34.1,34.15,34.225,34.225,34.331250000000004,34.35,34.35,34.3875,34.47500000000001,34.47500000000001,34.47500000000001,34.47500000000001,34.599999999999994,34.62499999999999,34.725,34.725,34.85,34.975,35.09375,35.10000000000001,35.224999999999994,35.275000000000006,35.35,35.64999999999999,36.08125,33.4
2026-05-28|6h_prior,2026-05-28,6h_prior,holdout,31.4,pooled_empirical_residual,empirical_residual,1.25,selected_uncalibrated,Selected uncalibrated,30.515,30.7,30.845,30.9,31.1,31.19,31.3,31.3,31.335,31.5,31.5,31.6,31.6,31.9,32.0,32.04,32.099999999999994,32.17,32.2,32.3,32.315,32.4,32.4,32.4,32.5,32.5,32.5,32.52,32.599999999999994,32.599999999999994,32.7,32.7,32.7,32.7,32.8,32.8,32.8,32.9,32.9,32.9,32.9,32.9,32.945,33.0,33.0,33.0,33.0,33.099999999999994,33.099999999999994,33.099999999999994,33.099999999999994,33.099999999999994,33.1,33.2,33.2,33.2,33.3,33.3,33.3,33.3,33.4,33.4,33.5,33.5,33.5,33.59,33.7,33.7,33.7,33.7,33.8,33.8,33.9,33.9,33.9,33.94,34.0,34.0,34.085,34.1,34.1,34.129999999999995,34.2,34.2,34.2,34.2,34.3,34.31999999999999,34.4,34.4,34.5,34.6,34.695,34.7,34.8,34.84,34.9,35.13999999999999,35.485,33.4
2026-05-28|event_day_open,2026-05-28,event_day_open,holdout,31.8,pooled_empirical_residual,empirical_residual,1.25,raw_deterministic,Raw deterministic,31.8,31.8,31.8,31.8,31.8,31.8,31.8,31.8,31.8,31.8,31.8,31.8,31.8,31.8,31.8,31.8,31.8,31.8,31.8,31.8,31.8,31.8,31.8,31.8,31.8,31.8,31.8,31.8,31.8,31.8,31.8,31.8,31.8,31.8,31.8,31.8,31.8,31.8,31.8,31.8,31.8,31.8,31.8,31.8,31.8,31.8,31.8,31.8,31.8,31.8,31.8,31.8,31.8,31.8,31.8,31.8,31.8,31.8,31.8,31.8,31.8,31.8,31.8,31.8,31.8,31.8,31.8,31.8,31.8,31.8,31.8,31.8,31.8,31.8,31.8,31.8,31.8,31.8,31.8,31.8,31.8,31.8,31.8,31.8,31.8,31.8,31.8,31.8,31.8,31.8,31.8,31.8,31.8,31.8,31.8,31.8,31.8,31.8,31.8,33.4
2026-05-28|event_day_open,2026-05-28,event_day_open,holdout,31.8,pooled_empirical_residual,empirical_residual,1.25,selected_calibrated,Selected calibrated,30.268750000000004,30.5,30.68125,30.75,31.0,31.112500000000004,31.25,31.25,31.293750000000003,31.5,31.500000000000004,31.625,31.625,32.0,32.12500000000001,32.175,32.25,32.3375,32.375,32.5,32.518750000000004,32.625,32.625,32.625,32.75,32.75000000000001,32.75000000000001,32.775000000000006,32.875,32.875,32.99999999999999,32.99999999999999,33.0,33.0,33.125,33.125,33.125,33.25,33.25,33.25,33.25,33.25,33.30625,33.375,33.37500000000001,33.37500000000001,33.37500000000001,33.5,33.5,33.5,33.5,33.5,33.5,33.62499999999999,33.625,33.625,33.74999999999999,33.74999999999999,33.75,33.75,33.875,33.875,34.0,34.0,34.0,34.112500000000004,34.25,34.25,34.25,34.25,34.375,34.375,34.5,34.5,34.5,34.550000000000004,34.625,34.625,34.73125,34.75,34.75,34.7875,34.875,34.875,34.875,34.875,35.0,35.025,35.125,35.125,35.25,35.375,35.49375,35.5,35.625,35.675000000000004,35.75,36.05,36.48125,33.4
2026-05-28|event_day_open,2026-05-28,event_day_open,holdout,31.8,pooled_empirical_residual,empirical_residual,1.25,selected_uncalibrated,Selected uncalibrated,30.915000000000003,31.1,31.245,31.3,31.5,31.590000000000003,31.7,31.7,31.735000000000003,31.9,31.9,32.0,32.0,32.3,32.400000000000006,32.44,32.5,32.57,32.6,32.7,32.715,32.8,32.8,32.8,32.9,32.900000000000006,32.900000000000006,32.92,33.0,33.0,33.099999999999994,33.099999999999994,33.1,33.1,33.2,33.2,33.2,33.3,33.3,33.3,33.3,33.3,33.345,33.4,33.400000000000006,33.400000000000006,33.400000000000006,33.5,33.5,33.5,33.5,33.5,33.5,33.599999999999994,33.6,33.6,33.7,33.7,33.7,33.7,33.8,33.8,33.9,33.9,33.9,33.99,34.1,34.1,34.1,34.1,34.2,34.2,34.3,34.3,34.3,34.34,34.4,34.4,34.485,34.5,34.5,34.53,34.6,34.6,34.6,34.6,34.7,34.72,34.8,34.8,34.9,35.0,35.095,35.1,35.2,35.24,35.3,35.54,35.885,33.4
2026-05-29|12h_prior,2026-05-29,12h_prior,holdout,34.6,pooled_empirical_residual,empirical_residual,1.25,raw_deterministic,Raw deterministic,34.6,34.6,34.6,34.6,34.6,34.6,34.6,34.6,34.6,34.6,34.6,34.6,34.6,34.6,34.6,34.6,34.6,34.6,34.6,34.6,34.6,34.6,34.6,34.6,34.6,34.6,34.6,34.6,34.6,34.6,34.6,34.6,34.6,34.6,34.6,34.6,34.6,34.6,34.6,34.6,34.6,34.6,34.6,34.6,34.6,34.6,34.6,34.6,34.6,34.6,34.6,34.6,34.6,34.6,34.6,34.6,34.6,34.6,34.6,34.6,34.6,34.6,34.6,34.6,34.6,34.6,34.6,34.6,34.6,34.6,34.6,34.6,34.6,34.6,34.6,34.6,34.6,34.6,34.6,34.6,34.6,34.6,34.6,34.6,34.6,34.6,34.6,34.6,34.6,34.6,34.6,34.6,34.6,34.6,34.6,34.6,34.6,34.6,34.6,34.1
2026-05-29|12h_prior,2026-05-29,12h_prior,holdout,34.6,pooled_empirical_residual,empirical_residual,1.25,selected_calibrated,Selected calibrated,33.06875000000001,33.3,33.48125,33.550000000000004,33.8,33.9125,34.05,34.05,34.09375000000001,34.3,34.300000000000004,34.425,34.425000000000004,34.800000000000004,34.925000000000004,34.975,35.05,35.1375,35.17500000000001,35.3,35.31875,35.425000000000004,35.425000000000004,35.425000000000004,35.550000000000004,35.550000000000004,35.550000000000004,35.57500000000001,35.675,35.675,35.8,35.8,35.8,35.80000000000001,35.925,35.925,35.925,36.05,36.05,36.05,36.05,36.05,36.10625,36.175,36.175,36.175,36.175,36.3,36.3,36.3,36.3,36.3,36.3,36.425,36.42500000000001,36.42500000000001,36.55,36.55,36.55,36.55,36.675,36.675,36.8,36.8,36.8,36.9125,37.05000000000001,37.05000000000001,37.05000000000001,37.05000000000001,37.175,37.175,37.3,37.3,37.3,37.35,37.425,37.425,37.53125000000001,37.55,37.55,37.5875,37.67500000000001,37.67500000000001,37.67500000000001,37.67500000000001,37.8,37.825,37.925,37.925,38.05,38.175,38.29375,38.30000000000001,38.425,38.47500000000001,38.55,38.85,39.28125,34.1
2026-05-29|12h_prior,2026-05-29,12h_prior,holdout,34.6,pooled_empirical_residual,empirical_residual,1.25,selected_uncalibrated,Selected uncalibrated,33.715,33.9,34.045,34.1,34.3,34.39,34.5,34.5,34.535000000000004,34.7,34.7,34.8,34.800000000000004,35.1,35.2,35.24,35.3,35.370000000000005,35.400000000000006,35.5,35.515,35.6,35.6,35.6,35.7,35.7,35.7,35.720000000000006,35.8,35.8,35.9,35.9,35.9,35.900000000000006,36.0,36.0,36.0,36.1,36.1,36.1,36.1,36.1,36.145,36.2,36.2,36.2,36.2,36.3,36.3,36.3,36.3,36.3,36.3,36.4,36.400000000000006,36.400000000000006,36.5,36.5,36.5,36.5,36.6,36.6,36.7,36.7,36.7,36.79,36.900000000000006,36.900000000000006,36.900000000000006,36.900000000000006,37.0,37.0,37.1,37.1,37.1,37.14,37.2,37.2,37.285,37.3,37.3,37.33,37.400000000000006,37.400000000000006,37.400000000000006,37.400000000000006,37.5,37.52,37.6,37.6,37.7,37.8,37.895,37.900000000000006,38.0,38.040000000000006,38.1,38.34,38.685,34.1
2026-05-29|24h_prior,2026-05-29,24h_prior,holdout,33.7,pooled_empirical_residual,empirical_residual,1.25,raw_deterministic,Raw deterministic,33.7,33.7,33.7,33.7,33.7,33.7,33.7,33.7,33.7,33.7,33.7,33.7,33.7,33.7,33.7,33.7,33.7,33.7,33.7,33.7,33.7,33.7,33.7,33.7,33.7,33.7,33.7,33.7,33.7,33.7,33.7,33.7,33.7,33.7,33.7,33.7,33.7,33.7,33.7,33.7,33.7,33.7,33.7,33.7,33.7,33.7,33.7,33.7,33.7,33.7,33.7,33.7,33.7,33.7,33.7,33.7,33.7,33.7,33.7,33.7,33.7,33.7,33.7,33.7,33.7,33.7,33.7,33.7,33.7,33.7,33.7,33.7,33.7,33.7,33.7,33.7,33.7,33.7,33.7,33.7,33.7,33.7,33.7,33.7,33.7,33.7,33.7,33.7,33.7,33.7,33.7,33.7,33.7,33.7,33.7,33.7,33.7,33.7,33.7,34.1
2026-05-29|24h_prior,2026-05-29,24h_prior,holdout,33.7,pooled_empirical_residual,empirical_residual,1.25,selected_calibrated,Selected calibrated,32.16875,32.4,32.581250000000004,32.650000000000006,32.900000000000006,33.0125,33.15,33.15,33.19375000000001,33.39999999999999,33.400000000000006,33.525000000000006,33.525000000000006,33.900000000000006,34.025000000000006,34.075,34.150000000000006,34.237500000000004,34.275,34.400000000000006,34.41875,34.525000000000006,34.525000000000006,34.525000000000006,34.650000000000006,34.650000000000006,34.650000000000006,34.67500000000001,34.775000000000006,34.775000000000006,34.9,34.9,34.9,34.9,35.025,35.025,35.025,35.150000000000006,35.150000000000006,35.150000000000006,35.150000000000006,35.150000000000006,35.206250000000004,35.275000000000006,35.275000000000006,35.275000000000006,35.275000000000006,35.400000000000006,35.400000000000006,35.400000000000006,35.400000000000006,35.400000000000006,35.400000000000006,35.525,35.525,35.525,35.65,35.65,35.65,35.65,35.775000000000006,35.775000000000006,35.89999999999999,35.89999999999999,35.900000000000006,36.0125,36.15,36.15,36.15,36.15,36.275,36.275,36.400000000000006,36.400000000000006,36.400000000000006,36.45,36.52499999999999,36.525000000000006,36.63125000000001,36.650000000000006,36.650000000000006,36.6875,36.775,36.775,36.775,36.775,36.9,36.925,37.025000000000006,37.025000000000006,37.150000000000006,37.275000000000006,37.39375,37.4,37.525,37.57500000000001,37.650000000000006,37.95,38.38125,34.1
2026-05-29|24h_prior,2026-05-29,24h_prior,holdout,33.7,pooled_empirical_residual,empirical_residual,1.25,selected_uncalibrated,Selected uncalibrated,32.815000000000005,33.0,33.145,33.2,33.400000000000006,33.49,33.6,33.6,33.635000000000005,33.8,33.800000000000004,33.900000000000006,33.900000000000006,34.2,34.300000000000004,34.34,34.400000000000006,34.470000000000006,34.5,34.60000000000001,34.615,34.7,34.7,34.7,34.800000000000004,34.800000000000004,34.800000000000004,34.82000000000001,34.900000000000006,34.900000000000006,35.0,35.0,35.0,35.0,35.1,35.1,35.1,35.2,35.2,35.2,35.2,35.2,35.245000000000005,35.300000000000004,35.300000000000004,35.300000000000004,35.300000000000004,35.400000000000006,35.400000000000006,35.400000000000006,35.400000000000006,35.400000000000006,35.400000000000006,35.5,35.5,35.5,35.6,35.6,35.6,35.6,35.7,35.7,35.8,35.8,35.800000000000004,35.89,36.0,36.0,36.0,36.0,36.1,36.1,36.2,36.2,36.2,36.24,36.3,36.3,36.385000000000005,36.400000000000006,36.400000000000006,36.43,36.5,36.5,36.5,36.5,36.6,36.62,36.7,36.7,36.8,36.900000000000006,36.995000000000005,37.0,37.1,37.14000000000001,37.2,37.44,37.785,34.1
2026-05-29|6h_prior,2026-05-29,6h_prior,holdout,33.7,pooled_empirical_residual,empirical_residual,1.25,raw_deterministic,Raw deterministic,33.7,33.7,33.7,33.7,33.7,33.7,33.7,33.7,33.7,33.7,33.7,33.7,33.7,33.7,33.7,33.7,33.7,33.7,33.7,33.7,33.7,33.7,33.7,33.7,33.7,33.7,33.7,33.7,33.7,33.7,33.7,33.7,33.7,33.7,33.7,33.7,33.7,33.7,33.7,33.7,33.7,33.7,33.7,33.7,33.7,33.7,33.7,33.7,33.7,33.7,33.7,33.7,33.7,33.7,33.7,33.7,33.7,33.7,33.7,33.7,33.7,33.7,33.7,33.7,33.7,33.7,33.7,33.7,33.7,33.7,33.7,33.7,33.7,33.7,33.7,33.7,33.7,33.7,33.7,33.7,33.7,33.7,33.7,33.7,33.7,33.7,33.7,33.7,33.7,33.7,33.7,33.7,33.7,33.7,33.7,33.7,33.7,33.7,33.7,34.1
2026-05-29|6h_prior,2026-05-29,6h_prior,holdout,33.7,pooled_empirical_residual,empirical_residual,1.25,selected_calibrated,Selected calibrated,32.16875,32.4,32.581250000000004,32.650000000000006,32.900000000000006,33.0125,33.15,33.15,33.19375000000001,33.39999999999999,33.400000000000006,33.525000000000006,33.525000000000006,33.900000000000006,34.025000000000006,34.075,34.150000000000006,34.237500000000004,34.275,34.400000000000006,34.41875,34.525000000000006,34.525000000000006,34.525000000000006,34.650000000000006,34.650000000000006,34.650000000000006,34.67500000000001,34.775000000000006,34.775000000000006,34.9,34.9,34.9,34.9,35.025,35.025,35.025,35.150000000000006,35.150000000000006,35.150000000000006,35.150000000000006,35.150000000000006,35.206250000000004,35.275000000000006,35.275000000000006,35.275000000000006,35.275000000000006,35.400000000000006,35.400000000000006,35.400000000000006,35.400000000000006,35.400000000000006,35.400000000000006,35.525,35.525,35.525,35.65,35.65,35.65,35.65,35.775000000000006,35.775000000000006,35.89999999999999,35.89999999999999,35.900000000000006,36.0125,36.15,36.15,36.15,36.15,36.275,36.275,36.400000000000006,36.400000000000006,36.400000000000006,36.45,36.52499999999999,36.525000000000006,36.63125000000001,36.650000000000006,36.650000000000006,36.6875,36.775,36.775,36.775,36.775,36.9,36.925,37.025000000000006,37.025000000000006,37.150000000000006,37.275000000000006,37.39375,37.4,37.525,37.57500000000001,37.650000000000006,37.95,38.38125,34.1
2026-05-29|6h_prior,2026-05-29,6h_prior,holdout,33.7,pooled_empirical_residual,empirical_residual,1.25,selected_uncalibrated,Selected uncalibrated,32.815000000000005,33.0,33.145,33.2,33.400000000000006,33.49,33.6,33.6,33.635000000000005,33.8,33.800000000000004,33.900000000000006,33.900000000000006,34.2,34.300000000000004,34.34,34.400000000000006,34.470000000000006,34.5,34.60000000000001,34.615,34.7,34.7,34.7,34.800000000000004,34.800000000000004,34.800000000000004,34.82000000000001,34.900000000000006,34.900000000000006,35.0,35.0,35.0,35.0,35.1,35.1,35.1,35.2,35.2,35.2,35.2,35.2,35.245000000000005,35.300000000000004,35.300000000000004,35.300000000000004,35.300000000000004,35.400000000000006,35.400000000000006,35.400000000000006,35.400000000000006,35.400000000000006,35.400000000000006,35.5,35.5,35.5,35.6,35.6,35.6,35.6,35.7,35.7,35.8,35.8,35.800000000000004,35.89,36.0,36.0,36.0,36.0,36.1,36.1,36.2,36.2,36.2,36.24,36.3,36.3,36.385000000000005,36.400000000000006,36.400000000000006,36.43,36.5,36.5,36.5,36.5,36.6,36.62,36.7,36.7,36.8,36.900000000000006,36.995000000000005,37.0,37.1,37.14000000000001,37.2,37.44,37.785,34.1
2026-05-29|event_day_open,2026-05-29,event_day_open,holdout,33.0,pooled_empirical_residual,empirical_residual,1.25,raw_deterministic,Raw deterministic,33.0,33.0,33.0,33.0,33.0,33.0,33.0,33.0,33.0,33.0,33.0,33.0,33.0,33.0,33.0,33.0,33.0,33.0,33.0,33.0,33.0,33.0,33.0,33.0,33.0,33.0,33.0,33.0,33.0,33.0,33.0,33.0,33.0,33.0,33.0,33.0,33.0,33.0,33.0,33.0,33.0,33.0,33.0,33.0,33.0,33.0,33.0,33.0,33.0,33.0,33.0,33.0,33.0,33.0,33.0,33.0,33.0,33.0,33.0,33.0,33.0,33.0,33.0,33.0,33.0,33.0,33.0,33.0,33.0,33.0,33.0,33.0,33.0,33.0,33.0,33.0,33.0,33.0,33.0,33.0,33.0,33.0,33.0,33.0,33.0,33.0,33.0,33.0,33.0,33.0,33.0,33.0,33.0,33.0,33.0,33.0,33.0,33.0,33.0,34.1
2026-05-29|event_day_open,2026-05-29,event_day_open,holdout,33.0,pooled_empirical_residual,empirical_residual,1.25,selected_calibrated,Selected calibrated,31.46875,31.7,31.88125,31.95,32.2,32.3125,32.45,32.45,32.493750000000006,32.69999999999999,32.7,32.825,32.825,33.2,33.325,33.375,33.45,33.5375,33.575,33.7,33.71875,33.825,33.825,33.825,33.95,33.95,33.95,33.97500000000001,34.075,34.075,34.2,34.2,34.2,34.2,34.325,34.325,34.325,34.45,34.45,34.45,34.45,34.45,34.50625,34.575,34.575,34.575,34.575,34.7,34.7,34.7,34.7,34.7,34.7,34.825,34.825,34.825,34.95,34.95,34.95,34.95,35.075,35.075,35.19999999999999,35.19999999999999,35.2,35.3125,35.45,35.45,35.45,35.45,35.575,35.575,35.7,35.7,35.7,35.75,35.82499999999999,35.825,35.931250000000006,35.95,35.95,35.9875,36.075,36.075,36.075,36.075,36.2,36.225,36.325,36.325,36.45,36.575,36.69375,36.7,36.825,36.87500000000001,36.95,37.24999999999999,37.68124999999999,34.1
2026-05-29|event_day_open,2026-05-29,event_day_open,holdout,33.0,pooled_empirical_residual,empirical_residual,1.25,selected_uncalibrated,Selected uncalibrated,32.115,32.3,32.445,32.5,32.7,32.79,32.9,32.9,32.935,33.099999999999994,33.1,33.2,33.2,33.5,33.6,33.64,33.7,33.77,33.8,33.900000000000006,33.915,34.0,34.0,34.0,34.1,34.1,34.1,34.120000000000005,34.2,34.2,34.3,34.3,34.3,34.3,34.4,34.4,34.4,34.5,34.5,34.5,34.5,34.5,34.545,34.6,34.6,34.6,34.6,34.7,34.7,34.7,34.7,34.7,34.7,34.8,34.8,34.8,34.9,34.9,34.9,34.9,35.0,35.0,35.099999999999994,35.099999999999994,35.1,35.19,35.3,35.3,35.3,35.3,35.4,35.4,35.5,35.5,35.5,35.54,35.599999999999994,35.6,35.685,35.7,35.7,35.73,35.8,35.8,35.8,35.8,35.9,35.919999999999995,36.0,36.0,36.1,36.2,36.295,36.3,36.4,36.440000000000005,36.5,36.74,37.085,34.1
2026-05-30|12h_prior,2026-05-30,12h_prior,holdout,29.2,pooled_empirical_residual,empirical_residual,1.25,raw_deterministic,Raw deterministic,29.2,29.2,29.2,29.2,29.2,29.2,29.2,29.2,29.2,29.2,29.2,29.2,29.2,29.2,29.2,29.2,29.2,29.2,29.2,29.2,29.2,29.2,29.2,29.2,29.2,29.2,29.2,29.2,29.2,29.2,29.2,29.2,29.2,29.2,29.2,29.2,29.2,29.2,29.2,29.2,29.2,29.2,29.2,29.2,29.2,29.2,29.2,29.2,29.2,29.2,29.2,29.2,29.2,29.2,29.2,29.2,29.2,29.2,29.2,29.2,29.2,29.2,29.2,29.2,29.2,29.2,29.2,29.2,29.2,29.2,29.2,29.2,29.2,29.2,29.2,29.2,29.2,29.2,29.2,29.2,29.2,29.2,29.2,29.2,29.2,29.2,29.2,29.2,29.2,29.2,29.2,29.2,29.2,29.2,29.2,29.2,29.2,29.2,29.2,32.6
2026-05-30|12h_prior,2026-05-30,12h_prior,holdout,29.2,pooled_empirical_residual,empirical_residual,1.25,selected_calibrated,Selected calibrated,27.668750000000003,27.899999999999995,28.08125,28.15,28.4,28.512500000000003,28.65,28.65,28.69375,28.9,28.9,29.025,29.025,29.4,29.525,29.575,29.65,29.7375,29.775,29.9,29.918750000000003,30.025,30.025,30.025,30.15,30.15,30.15,30.175,30.275,30.275,30.399999999999995,30.399999999999995,30.4,30.4,30.525,30.525,30.525,30.65,30.65,30.65,30.65,30.65,30.70625,30.775,30.775,30.775,30.775,30.9,30.9,30.9,30.9,30.9,30.9,31.024999999999995,31.025,31.025,31.15,31.15,31.15,31.15,31.275,31.275,31.4,31.4,31.4,31.512500000000003,31.65,31.65,31.65,31.65,31.775,31.775,31.9,31.9,31.9,31.95,32.025,32.025,32.131249999999994,32.15,32.15,32.1875,32.275,32.275,32.275,32.275,32.39999999999999,32.425,32.525000000000006,32.525000000000006,32.65,32.775,32.89375,32.9,33.02499999999999,33.075,33.150000000000006,33.45,33.881249999999994,32.6
2026-05-30|12h_prior,2026-05-30,12h_prior,holdout,29.2,pooled_empirical_residual,empirical_residual,1.25,selected_uncalibrated,Selected uncalibrated,28.315,28.5,28.645,28.7,28.9,28.99,29.1,29.1,29.135,29.3,29.3,29.4,29.4,29.7,29.8,29.84,29.9,29.97,30.0,30.1,30.115,30.2,30.2,30.2,30.3,30.3,30.3,30.32,30.4,30.4,30.5,30.5,30.5,30.5,30.6,30.6,30.6,30.7,30.7,30.7,30.7,30.7,30.745,30.8,30.8,30.8,30.8,30.9,30.9,30.9,30.9,30.9,30.9,31.0,31.0,31.0,31.1,31.1,31.1,31.1,31.2,31.2,31.3,31.3,31.3,31.39,31.5,31.5,31.5,31.5,31.6,31.6,31.7,31.7,31.7,31.74,31.8,31.8,31.885,31.9,31.9,31.93,32.0,32.0,32.0,32.0,32.099999999999994,32.12,32.2,32.2,32.3,32.4,32.495,32.5,32.599999999999994,32.64,32.7,32.94,33.285,32.6
2026-05-30|24h_prior,2026-05-30,24h_prior,holdout,29.8,pooled_empirical_residual,empirical_residual,1.25,raw_deterministic,Raw deterministic,29.8,29.8,29.8,29.8,29.8,29.8,29.8,29.8,29.8,29.8,29.8,29.8,29.8,29.8,29.8,29.8,29.8,29.8,29.8,29.8,29.8,29.8,29.8,29.8,29.8,29.8,29.8,29.8,29.8,29.8,29.8,29.8,29.8,29.8,29.8,29.8,29.8,29.8,29.8,29.8,29.8,29.8,29.8,29.8,29.8,29.8,29.8,29.8,29.8,29.8,29.8,29.8,29.8,29.8,29.8,29.8,29.8,29.8,29.8,29.8,29.8,29.8,29.8,29.8,29.8,29.8,29.8,29.8,29.8,29.8,29.8,29.8,29.8,29.8,29.8,29.8,29.8,29.8,29.8,29.8,29.8,29.8,29.8,29.8,29.8,29.8,29.8,29.8,29.8,29.8,29.8,29.8,29.8,29.8,29.8,29.8,29.8,29.8,29.8,32.6
2026-05-30|24h_prior,2026-05-30,24h_prior,holdout,29.8,pooled_empirical_residual,empirical_residual,1.25,selected_calibrated,Selected calibrated,28.268750000000004,28.5,28.68125,28.75,29.0,29.112500000000004,29.25,29.25,29.293750000000003,29.5,29.500000000000004,29.625,29.625000000000004,30.0,30.125000000000004,30.175,30.25,30.3375,30.375,30.500000000000004,30.518750000000004,30.625,30.625,30.625,30.75,30.750000000000004,30.750000000000004,30.775,30.875,30.875,31.0,31.0,31.0,31.0,31.125,31.125,31.125000000000004,31.25,31.25,31.25,31.25,31.25,31.30625,31.375,31.375000000000004,31.375000000000004,31.375000000000004,31.5,31.5,31.5,31.5,31.5,31.500000000000004,31.625,31.625,31.625,31.75,31.75,31.750000000000004,31.750000000000004,31.875,31.875,32.0,32.0,32.0,32.112500000000004,32.25,32.25,32.25,32.25,32.375,32.375,32.5,32.5,32.5,32.550000000000004,32.625,32.625,32.73125,32.75,32.75,32.7875,32.875,32.875,32.875,32.875,33.0,33.025,33.125,33.125,33.25,33.375,33.49375,33.5,33.625,33.675000000000004,33.75,34.05,34.48125,32.6
2026-05-30|24h_prior,2026-05-30,24h_prior,holdout,29.8,pooled_empirical_residual,empirical_residual,1.25,selected_uncalibrated,Selected uncalibrated,28.915000000000003,29.1,29.245,29.3,29.5,29.590000000000003,29.7,29.7,29.735000000000003,29.9,29.9,30.0,30.000000000000004,30.3,30.4,30.44,30.5,30.57,30.6,30.700000000000003,30.715000000000003,30.8,30.8,30.8,30.9,30.9,30.9,30.92,31.0,31.0,31.1,31.1,31.1,31.1,31.2,31.2,31.200000000000003,31.3,31.3,31.3,31.3,31.3,31.345,31.4,31.4,31.4,31.4,31.5,31.5,31.5,31.5,31.5,31.500000000000004,31.6,31.6,31.6,31.7,31.7,31.700000000000003,31.700000000000003,31.8,31.8,31.9,31.9,31.9,31.99,32.1,32.1,32.1,32.1,32.2,32.2,32.3,32.3,32.3,32.34,32.4,32.4,32.485,32.5,32.5,32.53,32.6,32.6,32.6,32.6,32.7,32.72,32.8,32.8,32.9,33.0,33.095,33.1,33.2,33.24,33.3,33.54,33.885,32.6
2026-05-30|6h_prior,2026-05-30,6h_prior,holdout,29.7,pooled_empirical_residual,empirical_residual,1.25,raw_deterministic,Raw deterministic,29.7,29.7,29.7,29.7,29.7,29.7,29.7,29.7,29.7,29.7,29.7,29.7,29.7,29.7,29.7,29.7,29.7,29.7,29.7,29.7,29.7,29.7,29.7,29.7,29.7,29.7,29.7,29.7,29.7,29.7,29.7,29.7,29.7,29.7,29.7,29.7,29.7,29.7,29.7,29.7,29.7,29.7,29.7,29.7,29.7,29.7,29.7,29.7,29.7,29.7,29.7,29.7,29.7,29.7,29.7,29.7,29.7,29.7,29.7,29.7,29.7,29.7,29.7,29.7,29.7,29.7,29.7,29.7,29.7,29.7,29.7,29.7,29.7,29.7,29.7,29.7,29.7,29.7,29.7,29.7,29.7,29.7,29.7,29.7,29.7,29.7,29.7,29.7,29.7,29.7,29.7,29.7,29.7,29.7,29.7,29.7,29.7,29.7,29.7,32.6
2026-05-30|6h_prior,2026-05-30,6h_prior,holdout,29.7,pooled_empirical_residual,empirical_residual,1.25,selected_calibrated,Selected calibrated,28.168750000000003,28.399999999999995,28.58125,28.65,28.9,29.012500000000003,29.15,29.15,29.19375,29.4,29.4,29.525,29.525,29.9,30.025,30.075,30.15,30.2375,30.275,30.4,30.418750000000003,30.525,30.525,30.525,30.65,30.65,30.65,30.675,30.775,30.775,30.899999999999995,30.899999999999995,30.9,30.9,31.025,31.025,31.025,31.15,31.15,31.15,31.15,31.15,31.20625,31.275,31.275,31.275,31.275,31.4,31.4,31.4,31.4,31.4,31.4,31.524999999999995,31.525,31.525,31.65,31.65,31.65,31.65,31.775,31.775,31.9,31.9,31.9,32.0125,32.15,32.15,32.15,32.15,32.27499999999999,32.275000000000006,32.400000000000006,32.400000000000006,32.400000000000006,32.45,32.525,32.525,32.631249999999994,32.65,32.65,32.6875,32.775,32.775,32.775,32.775,32.89999999999999,32.925,33.025000000000006,33.025000000000006,33.15,33.275,33.39375,33.4,33.52499999999999,33.575,33.650000000000006,33.95,34.381249999999994,32.6
2026-05-30|6h_prior,2026-05-30,6h_prior,holdout,29.7,pooled_empirical_residual,empirical_residual,1.25,selected_uncalibrated,Selected uncalibrated,28.815,29.0,29.145,29.2,29.4,29.49,29.6,29.6,29.635,29.8,29.8,29.9,29.9,30.2,30.3,30.34,30.4,30.47,30.5,30.6,30.615,30.7,30.7,30.7,30.8,30.8,30.8,30.82,30.9,30.9,31.0,31.0,31.0,31.0,31.1,31.1,31.1,31.2,31.2,31.2,31.2,31.2,31.245,31.3,31.3,31.3,31.3,31.4,31.4,31.4,31.4,31.4,31.4,31.5,31.5,31.5,31.6,31.6,31.6,31.6,31.7,31.7,31.8,31.8,31.8,31.89,32.0,32.0,32.0,32.0,32.099999999999994,32.1,32.2,32.2,32.2,32.24,32.3,32.3,32.385,32.4,32.4,32.43,32.5,32.5,32.5,32.5,32.599999999999994,32.62,32.7,32.7,32.8,32.9,32.995,33.0,33.099999999999994,33.14,33.2,33.44,33.785,32.6
2026-05-30|event_day_open,2026-05-30,event_day_open,holdout,30.3,pooled_empirical_residual,empirical_residual,1.25,raw_deterministic,Raw deterministic,30.3,30.3,30.3,30.3,30.3,30.3,30.3,30.3,30.3,30.3,30.3,30.3,30.3,30.3,30.3,30.3,30.3,30.3,30.3,30.3,30.3,30.3,30.3,30.3,30.3,30.3,30.3,30.3,30.3,30.3,30.3,30.3,30.3,30.3,30.3,30.3,30.3,30.3,30.3,30.3,30.3,30.3,30.3,30.3,30.3,30.3,30.3,30.3,30.3,30.3,30.3,30.3,30.3,30.3,30.3,30.3,30.3,30.3,30.3,30.3,30.3,30.3,30.3,30.3,30.3,30.3,30.3,30.3,30.3,30.3,30.3,30.3,30.3,30.3,30.3,30.3,30.3,30.3,30.3,30.3,30.3,30.3,30.3,30.3,30.3,30.3,30.3,30.3,30.3,30.3,30.3,30.3,30.3,30.3,30.3,30.3,30.3,30.3,30.3,32.6
2026-05-30|event_day_open,2026-05-30,event_day_open,holdout,30.3,pooled_empirical_residual,empirical_residual,1.25,selected_calibrated,Selected calibrated,28.768750000000004,29.0,29.18125,29.25,29.5,29.612500000000004,29.75,29.75,29.793750000000003,30.0,30.000000000000004,30.125,30.125000000000004,30.5,30.625000000000004,30.675,30.75,30.8375,30.875,31.000000000000004,31.018750000000004,31.125,31.125,31.125,31.25,31.250000000000004,31.250000000000004,31.275,31.375,31.375,31.5,31.5,31.5,31.5,31.625,31.625,31.625000000000004,31.75,31.75,31.75,31.75,31.75,31.80625,31.875,31.875000000000004,31.875000000000004,31.875000000000004,32.0,32.0,32.0,32.0,32.0,32.0,32.12499999999999,32.125,32.125,32.24999999999999,32.24999999999999,32.25,32.25,32.375,32.375,32.5,32.5,32.5,32.612500000000004,32.75,32.75,32.75,32.75,32.875,32.875,33.0,33.0,33.0,33.050000000000004,33.125,33.125,33.23125,33.25,33.25,33.2875,33.375,33.375,33.375,33.375,33.5,33.525,33.625,33.625,33.75,33.875,33.99375,34.0,34.125,34.175000000000004,34.25,34.55,34.98125,32.6
2026-05-30|event_day_open,2026-05-30,event_day_open,holdout,30.3,pooled_empirical_residual,empirical_residual,1.25,selected_uncalibrated,Selected uncalibrated,29.415000000000003,29.6,29.745,29.8,30.0,30.090000000000003,30.2,30.2,30.235000000000003,30.4,30.4,30.5,30.500000000000004,30.8,30.9,30.94,31.0,31.07,31.1,31.200000000000003,31.215000000000003,31.3,31.3,31.3,31.4,31.4,31.4,31.42,31.5,31.5,31.6,31.6,31.6,31.6,31.7,31.7,31.700000000000003,31.8,31.8,31.8,31.8,31.8,31.845,31.9,31.9,31.9,31.9,32.0,32.0,32.0,32.0,32.0,32.0,32.099999999999994,32.1,32.1,32.2,32.2,32.2,32.2,32.3,32.3,32.4,32.4,32.4,32.49,32.6,32.6,32.6,32.6,32.7,32.7,32.8,32.8,32.8,32.84,32.9,32.9,32.985,33.0,33.0,33.03,33.1,33.1,33.1,33.1,33.2,33.22,33.3,33.3,33.4,33.5,33.595,33.6,33.7,33.74,33.8,34.04,34.385,32.6
2026-05-31|12h_prior,2026-05-31,12h_prior,holdout,28.5,pooled_empirical_residual,empirical_residual,1.25,raw_deterministic,Raw deterministic,28.5,28.5,28.5,28.5,28.5,28.5,28.5,28.5,28.5,28.5,28.5,28.5,28.5,28.5,28.5,28.5,28.5,28.5,28.5,28.5,28.5,28.5,28.5,28.5,28.5,28.5,28.5,28.5,28.5,28.5,28.5,28.5,28.5,28.5,28.5,28.5,28.5,28.5,28.5,28.5,28.5,28.5,28.5,28.5,28.5,28.5,28.5,28.5,28.5,28.5,28.5,28.5,28.5,28.5,28.5,28.5,28.5,28.5,28.5,28.5,28.5,28.5,28.5,28.5,28.5,28.5,28.5,28.5,28.5,28.5,28.5,28.5,28.5,28.5,28.5,28.5,28.5,28.5,28.5,28.5,28.5,28.5,28.5,28.5,28.5,28.5,28.5,28.5,28.5,28.5,28.5,28.5,28.5,28.5,28.5,28.5,28.5,28.5,28.5,30.9
2026-05-31|12h_prior,2026-05-31,12h_prior,holdout,28.5,pooled_empirical_residual,empirical_residual,1.25,selected_calibrated,Selected calibrated,26.968750000000004,27.2,27.38125,27.45,27.7,27.812500000000004,27.95,27.95,27.99375,28.2,28.200000000000003,28.325,28.325000000000003,28.7,28.825000000000003,28.875,28.95,29.0375,29.075000000000003,29.200000000000003,29.218750000000004,29.325,29.325,29.325,29.45,29.450000000000003,29.450000000000003,29.475,29.575,29.575,29.7,29.7,29.700000000000003,29.700000000000003,29.825,29.825,29.825000000000003,29.95,29.95,29.95,29.95,29.95,30.00625,30.075,30.075000000000003,30.075000000000003,30.075000000000003,30.2,30.2,30.2,30.2,30.2,30.200000000000003,30.325,30.325000000000003,30.325000000000003,30.45,30.45,30.450000000000003,30.450000000000003,30.575,30.575,30.7,30.7,30.700000000000003,30.8125,30.950000000000003,30.950000000000003,30.950000000000003,30.950000000000003,31.075,31.075000000000003,31.2,31.2,31.2,31.25,31.325,31.325000000000003,31.43125,31.45,31.45,31.4875,31.575000000000003,31.575000000000003,31.575000000000003,31.575000000000003,31.7,31.725,31.825,31.825,31.950000000000003,32.075,32.193749999999994,32.2,32.325,32.375,32.45,32.74999999999999,33.18124999999999,30.9
2026-05-31|12h_prior,2026-05-31,12h_prior,holdout,28.5,pooled_empirical_residual,empirical_residual,1.25,selected_uncalibrated,Selected uncalibrated,27.615,27.8,27.945,28.0,28.2,28.290000000000003,28.4,28.4,28.435,28.6,28.6,28.7,28.700000000000003,29.0,29.1,29.14,29.2,29.27,29.3,29.4,29.415000000000003,29.5,29.5,29.5,29.6,29.6,29.6,29.62,29.7,29.7,29.8,29.8,29.8,29.8,29.9,29.9,29.9,30.0,30.0,30.0,30.0,30.0,30.045,30.1,30.1,30.1,30.1,30.2,30.2,30.2,30.2,30.2,30.200000000000003,30.3,30.3,30.3,30.4,30.4,30.4,30.4,30.5,30.5,30.6,30.6,30.6,30.69,30.8,30.8,30.8,30.8,30.9,30.9,31.0,31.0,31.0,31.04,31.1,31.1,31.185,31.2,31.2,31.23,31.3,31.3,31.3,31.3,31.4,31.42,31.5,31.5,31.6,31.7,31.795,31.8,31.9,31.94,32.0,32.239999999999995,32.584999999999994,30.9
2026-05-31|24h_prior,2026-05-31,24h_prior,holdout,30.2,pooled_empirical_residual,empirical_residual,1.25,raw_deterministic,Raw deterministic,30.2,30.2,30.2,30.2,30.2,30.2,30.2,30.2,30.2,30.2,30.2,30.2,30.2,30.2,30.2,30.2,30.2,30.2,30.2,30.2,30.2,30.2,30.2,30.2,30.2,30.2,30.2,30.2,30.2,30.2,30.2,30.2,30.2,30.2,30.2,30.2,30.2,30.2,30.2,30.2,30.2,30.2,30.2,30.2,30.2,30.2,30.2,30.2,30.2,30.2,30.2,30.2,30.2,30.2,30.2,30.2,30.2,30.2,30.2,30.2,30.2,30.2,30.2,30.2,30.2,30.2,30.2,30.2,30.2,30.2,30.2,30.2,30.2,30.2,30.2,30.2,30.2,30.2,30.2,30.2,30.2,30.2,30.2,30.2,30.2,30.2,30.2,30.2,30.2,30.2,30.2,30.2,30.2,30.2,30.2,30.2,30.2,30.2,30.2,30.9
2026-05-31|24h_prior,2026-05-31,24h_prior,holdout,30.2,pooled_empirical_residual,empirical_residual,1.25,selected_calibrated,Selected calibrated,28.668750000000003,28.899999999999995,29.08125,29.15,29.4,29.512500000000003,29.65,29.65,29.69375,29.9,29.9,30.025,30.025,30.4,30.525,30.575,30.65,30.7375,30.775,30.9,30.918750000000003,31.025,31.025,31.025,31.15,31.15,31.15,31.175,31.275,31.275,31.399999999999995,31.399999999999995,31.4,31.4,31.525,31.525,31.525,31.65,31.65,31.65,31.65,31.65,31.70625,31.775,31.775,31.775,31.775,31.9,31.9,31.9,31.9,31.9,31.9,32.025,32.025,32.025,32.14999999999999,32.14999999999999,32.150000000000006,32.150000000000006,32.275000000000006,32.275000000000006,32.4,32.4,32.4,32.5125,32.65,32.65,32.65,32.65,32.77499999999999,32.775000000000006,32.900000000000006,32.900000000000006,32.900000000000006,32.95,33.025,33.025,33.131249999999994,33.15,33.15,33.1875,33.275,33.275,33.275,33.275,33.39999999999999,33.425,33.525000000000006,33.525000000000006,33.65,33.775,33.89375,33.9,34.02499999999999,34.075,34.150000000000006,34.45,34.881249999999994,30.9
2026-05-31|24h_prior,2026-05-31,24h_prior,holdout,30.2,pooled_empirical_residual,empirical_residual,1.25,selected_uncalibrated,Selected uncalibrated,29.315,29.5,29.645,29.7,29.9,29.99,30.1,30.1,30.135,30.3,30.3,30.4,30.4,30.7,30.8,30.84,30.9,30.97,31.0,31.1,31.115,31.2,31.2,31.2,31.3,31.3,31.3,31.32,31.4,31.4,31.5,31.5,31.5,31.5,31.6,31.6,31.6,31.7,31.7,31.7,31.7,31.7,31.745,31.8,31.8,31.8,31.8,31.9,31.9,31.9,31.9,31.9,31.9,32.0,32.0,32.0,32.099999999999994,32.099999999999994,32.1,32.1,32.2,32.2,32.3,32.3,32.3,32.39,32.5,32.5,32.5,32.5,32.599999999999994,32.6,32.7,32.7,32.7,32.74,32.8,32.8,32.885,32.9,32.9,32.93,33.0,33.0,33.0,33.0,33.099999999999994,33.12,33.2,33.2,33.3,33.4,33.495,33.5,33.599999999999994,33.64,33.7,33.94,34.285,30.9
2026-05-31|6h_prior,2026-05-31,6h_prior,holdout,28.3,pooled_empirical_residual,empirical_residual,1.25,raw_deterministic,Raw deterministic,28.3,28.3,28.3,28.3,28.3,28.3,28.3,28.3,28.3,28.3,28.3,28.3,28.3,28.3,28.3,28.3,28.3,28.3,28.3,28.3,28.3,28.3,28.3,28.3,28.3,28.3,28.3,28.3,28.3,28.3,28.3,28.3,28.3,28.3,28.3,28.3,28.3,28.3,28.3,28.3,28.3,28.3,28.3,28.3,28.3,28.3,28.3,28.3,28.3,28.3,28.3,28.3,28.3,28.3,28.3,28.3,28.3,28.3,28.3,28.3,28.3,28.3,28.3,28.3,28.3,28.3,28.3,28.3,28.3,28.3,28.3,28.3,28.3,28.3,28.3,28.3,28.3,28.3,28.3,28.3,28.3,28.3,28.3,28.3,28.3,28.3,28.3,28.3,28.3,28.3,28.3,28.3,28.3,28.3,28.3,28.3,28.3,28.3,28.3,30.9
2026-05-31|6h_prior,2026-05-31,6h_prior,holdout,28.3,pooled_empirical_residual,empirical_residual,1.25,selected_calibrated,Selected calibrated,26.768750000000004,27.0,27.18125,27.25,27.5,27.612500000000004,27.75,27.75,27.793750000000003,28.0,28.000000000000004,28.125,28.125000000000004,28.5,28.625000000000004,28.675,28.75,28.8375,28.875,29.000000000000004,29.018750000000004,29.125,29.125,29.125,29.25,29.250000000000004,29.250000000000004,29.275,29.375,29.375,29.5,29.5,29.5,29.5,29.625,29.625,29.625000000000004,29.75,29.75,29.75,29.75,29.75,29.80625,29.875,29.875000000000004,29.875000000000004,29.875000000000004,30.0,30.0,30.0,30.0,30.0,30.000000000000004,30.125,30.125,30.125,30.25,30.25,30.250000000000004,30.250000000000004,30.375,30.375,30.5,30.5,30.500000000000004,30.612500000000004,30.75,30.75,30.75,30.75,30.875,30.875000000000004,31.0,31.0,31.0,31.05,31.125,31.125000000000004,31.23125,31.25,31.25,31.2875,31.375,31.375,31.375,31.375,31.5,31.525,31.625,31.625,31.750000000000004,31.875,31.99375,32.0,32.125,32.175000000000004,32.25,32.55,32.98125,30.9
2026-05-31|6h_prior,2026-05-31,6h_prior,holdout,28.3,pooled_empirical_residual,empirical_residual,1.25,selected_uncalibrated,Selected uncalibrated,27.415000000000003,27.6,27.745,27.8,28.0,28.090000000000003,28.2,28.2,28.235000000000003,28.4,28.4,28.5,28.500000000000004,28.8,28.9,28.94,29.0,29.07,29.1,29.200000000000003,29.215000000000003,29.3,29.3,29.3,29.4,29.4,29.4,29.42,29.5,29.5,29.6,29.6,29.6,29.6,29.7,29.7,29.700000000000003,29.8,29.8,29.8,29.8,29.8,29.845,29.9,29.9,29.9,29.9,30.0,30.0,30.0,30.0,30.0,30.000000000000004,30.1,30.1,30.1,30.2,30.2,30.200000000000003,30.200000000000003,30.3,30.3,30.4,30.4,30.4,30.49,30.6,30.6,30.6,30.6,30.7,30.700000000000003,30.8,30.8,30.8,30.84,30.9,30.9,30.985,31.0,31.0,31.03,31.1,31.1,31.1,31.1,31.2,31.22,31.3,31.3,31.4,31.5,31.595,31.6,31.7,31.74,31.8,32.04,32.385,30.9
2026-05-31|event_day_open,2026-05-31,event_day_open,holdout,29.1,pooled_empirical_residual,empirical_residual,1.25,raw_deterministic,Raw deterministic,29.1,29.1,29.1,29.1,29.1,29.1,29.1,29.1,29.1,29.1,29.1,29.1,29.1,29.1,29.1,29.1,29.1,29.1,29.1,29.1,29.1,29.1,29.1,29.1,29.1,29.1,29.1,29.1,29.1,29.1,29.1,29.1,29.1,29.1,29.1,29.1,29.1,29.1,29.1,29.1,29.1,29.1,29.1,29.1,29.1,29.1,29.1,29.1,29.1,29.1,29.1,29.1,29.1,29.1,29.1,29.1,29.1,29.1,29.1,29.1,29.1,29.1,29.1,29.1,29.1,29.1,29.1,29.1,29.1,29.1,29.1,29.1,29.1,29.1,29.1,29.1,29.1,29.1,29.1,29.1,29.1,29.1,29.1,29.1,29.1,29.1,29.1,29.1,29.1,29.1,29.1,29.1,29.1,29.1,29.1,29.1,29.1,29.1,29.1,30.9
2026-05-31|event_day_open,2026-05-31,event_day_open,holdout,29.1,pooled_empirical_residual,empirical_residual,1.25,selected_calibrated,Selected calibrated,27.568750000000005,27.8,27.981250000000003,28.05,28.3,28.412500000000005,28.55,28.55,28.593750000000004,28.8,28.800000000000004,28.925,28.925000000000004,29.3,29.425000000000004,29.475,29.55,29.637500000000003,29.675000000000004,29.800000000000004,29.818750000000005,29.925,29.925,29.925,30.05,30.050000000000004,30.050000000000004,30.075000000000003,30.175,30.175,30.3,30.3,30.300000000000004,30.300000000000004,30.425,30.425,30.425000000000004,30.55,30.55,30.55,30.55,30.55,30.60625,30.675,30.675000000000004,30.675000000000004,30.675000000000004,30.8,30.8,30.8,30.8,30.8,30.800000000000004,30.925,30.925000000000004,30.925000000000004,31.05,31.05,31.050000000000004,31.050000000000004,31.175,31.175,31.3,31.3,31.300000000000004,31.4125,31.550000000000004,31.550000000000004,31.550000000000004,31.550000000000004,31.675,31.675000000000004,31.8,31.8,31.8,31.85,31.925,31.925000000000004,32.03125,32.05,32.05,32.087500000000006,32.175000000000004,32.175000000000004,32.175000000000004,32.175000000000004,32.3,32.325,32.425000000000004,32.425000000000004,32.550000000000004,32.675000000000004,32.79375,32.800000000000004,32.925,32.97500000000001,33.050000000000004,33.349999999999994,33.78125,30.9
2026-05-31|event_day_open,2026-05-31,event_day_open,holdout,29.1,pooled_empirical_residual,empirical_residual,1.25,selected_uncalibrated,Selected uncalibrated,28.215000000000003,28.4,28.545,28.6,28.8,28.890000000000004,29.0,29.0,29.035000000000004,29.2,29.200000000000003,29.3,29.300000000000004,29.6,29.700000000000003,29.74,29.8,29.87,29.9,30.000000000000004,30.015000000000004,30.1,30.1,30.1,30.2,30.200000000000003,30.200000000000003,30.22,30.3,30.3,30.4,30.4,30.4,30.4,30.5,30.5,30.500000000000004,30.6,30.6,30.6,30.6,30.6,30.645,30.7,30.700000000000003,30.700000000000003,30.700000000000003,30.8,30.8,30.8,30.8,30.8,30.800000000000004,30.9,30.9,30.9,31.0,31.0,31.000000000000004,31.000000000000004,31.1,31.1,31.2,31.2,31.200000000000003,31.290000000000003,31.4,31.4,31.4,31.4,31.5,31.500000000000004,31.6,31.6,31.6,31.64,31.7,31.700000000000003,31.785,31.8,31.8,31.83,31.9,31.9,31.9,31.9,32.0,32.02,32.1,32.1,32.2,32.300000000000004,32.395,32.400000000000006,32.5,32.540000000000006,32.6,32.84,33.185,30.9
