row_id,target_date,decision_rule,chronology_block,selected_model,selected_family,dispersion_scale,event_id,event_order,event_label_probability,source_event_label,source_event_identifier,lower_bound_c,upper_bound_c,lower_unbounded,upper_unbounded,lower_inclusive,upper_inclusive,quantile_particle_count,quantile_particle_total,raw_event_probability,probability_regularised,market_price_accessed,outcome_accessed,score_calculated,uniform_mixing_lambda,regularised_event_probability,probability_calibration_locked,trading_returns_calculated,event_index,event_label_certified,realised_yes,hko_daily_max_c,certification_status
2026-05-22|12h_prior,2026-05-22,12h_prior,holdout,pooled_empirical_residual,empirical_residual,1.25,2026-05-22|01,1,T < 22°C,21°C or below,21°C or below,,22.0,True,False,True,False,0,99,0.0,True,False,False,False,0.01,0.0009090909090909,True,False,0,21°C or below,False,31.4,PASSED
2026-05-22|12h_prior,2026-05-22,12h_prior,holdout,pooled_empirical_residual,empirical_residual,1.25,2026-05-22|02,2,22°C ≤ T < 23°C,22°C,22°C,22.0,23.0,False,False,True,False,0,99,0.0,True,False,False,False,0.01,0.0009090909090909,True,False,1,22°C,False,31.4,PASSED
2026-05-22|12h_prior,2026-05-22,12h_prior,holdout,pooled_empirical_residual,empirical_residual,1.25,2026-05-22|03,3,23°C ≤ T < 24°C,23°C,23°C,23.0,24.0,False,False,True,False,0,99,0.0,True,False,False,False,0.01,0.0009090909090909,True,False,2,23°C,False,31.4,PASSED
2026-05-22|12h_prior,2026-05-22,12h_prior,holdout,pooled_empirical_residual,empirical_residual,1.25,2026-05-22|04,4,24°C ≤ T < 25°C,24°C,24°C,24.0,25.0,False,False,True,False,0,99,0.0,True,False,False,False,0.01,0.0009090909090909,True,False,3,24°C,False,31.4,PASSED
2026-05-22|12h_prior,2026-05-22,12h_prior,holdout,pooled_empirical_residual,empirical_residual,1.25,2026-05-22|05,5,25°C ≤ T < 26°C,25°C,25°C,25.0,26.0,False,False,True,False,0,99,0.0,True,False,False,False,0.01,0.0009090909090909,True,False,4,25°C,False,31.4,PASSED
2026-05-22|12h_prior,2026-05-22,12h_prior,holdout,pooled_empirical_residual,empirical_residual,1.25,2026-05-22|06,6,26°C ≤ T < 27°C,26°C,26°C,26.0,27.0,False,False,True,False,0,99,0.0,True,False,False,False,0.01,0.0009090909090909,True,False,5,26°C,False,31.4,PASSED
2026-05-22|12h_prior,2026-05-22,12h_prior,holdout,pooled_empirical_residual,empirical_residual,1.25,2026-05-22|07,7,27°C ≤ T < 28°C,27°C,27°C,27.0,28.0,False,False,True,False,4,99,0.0404040404040404,True,False,False,False,0.01,0.0409090909090909,True,False,6,27°C,False,31.4,PASSED
2026-05-22|12h_prior,2026-05-22,12h_prior,holdout,pooled_empirical_residual,empirical_residual,1.25,2026-05-22|08,8,28°C ≤ T < 29°C,28°C,28°C,28.0,29.0,False,False,True,False,9,99,0.0909090909090909,True,False,False,False,0.01,0.0909090909090909,True,False,7,28°C,False,31.4,PASSED
2026-05-22|12h_prior,2026-05-22,12h_prior,holdout,pooled_empirical_residual,empirical_residual,1.25,2026-05-22|09,9,29°C ≤ T < 30°C,29°C,29°C,29.0,30.0,False,False,True,False,15,99,0.1515151515151515,True,False,False,False,0.01,0.1509090909090908,True,False,8,29°C,False,31.4,PASSED
2026-05-22|12h_prior,2026-05-22,12h_prior,holdout,pooled_empirical_residual,empirical_residual,1.25,2026-05-22|10,10,30°C ≤ T < 31°C,30°C,30°C,30.0,31.0,False,False,True,False,32,99,0.3232323232323232,True,False,False,False,0.01,0.3209090909090908,True,False,9,30°C,False,31.4,PASSED
2026-05-22|12h_prior,2026-05-22,12h_prior,holdout,pooled_empirical_residual,empirical_residual,1.25,2026-05-22|11,11,T ≥ 31°C,31°C or higher,31°C or higher,31.0,,False,True,True,False,39,99,0.3939393939393939,True,False,False,False,0.01,0.3909090909090909,True,False,10,31°C or higher,True,31.4,PASSED
2026-05-22|24h_prior,2026-05-22,24h_prior,holdout,pooled_empirical_residual,empirical_residual,1.25,2026-05-22|01,1,T < 22°C,21°C or below,21°C or below,,22.0,True,False,True,False,0,99,0.0,True,False,False,False,0.01,0.0009090909090909,True,False,0,21°C or below,False,31.4,PASSED
2026-05-22|24h_prior,2026-05-22,24h_prior,holdout,pooled_empirical_residual,empirical_residual,1.25,2026-05-22|02,2,22°C ≤ T < 23°C,22°C,22°C,22.0,23.0,False,False,True,False,0,99,0.0,True,False,False,False,0.01,0.0009090909090909,True,False,1,22°C,False,31.4,PASSED
2026-05-22|24h_prior,2026-05-22,24h_prior,holdout,pooled_empirical_residual,empirical_residual,1.25,2026-05-22|03,3,23°C ≤ T < 24°C,23°C,23°C,23.0,24.0,False,False,True,False,0,99,0.0,True,False,False,False,0.01,0.0009090909090909,True,False,2,23°C,False,31.4,PASSED
2026-05-22|24h_prior,2026-05-22,24h_prior,holdout,pooled_empirical_residual,empirical_residual,1.25,2026-05-22|04,4,24°C ≤ T < 25°C,24°C,24°C,24.0,25.0,False,False,True,False,0,99,0.0,True,False,False,False,0.01,0.0009090909090909,True,False,3,24°C,False,31.4,PASSED
2026-05-22|24h_prior,2026-05-22,24h_prior,holdout,pooled_empirical_residual,empirical_residual,1.25,2026-05-22|05,5,25°C ≤ T < 26°C,25°C,25°C,25.0,26.0,False,False,True,False,0,99,0.0,True,False,False,False,0.01,0.0009090909090909,True,False,4,25°C,False,31.4,PASSED
2026-05-22|24h_prior,2026-05-22,24h_prior,holdout,pooled_empirical_residual,empirical_residual,1.25,2026-05-22|06,6,26°C ≤ T < 27°C,26°C,26°C,26.0,27.0,False,False,True,False,0,99,0.0,True,False,False,False,0.01,0.0009090909090909,True,False,5,26°C,False,31.4,PASSED
2026-05-22|24h_prior,2026-05-22,24h_prior,holdout,pooled_empirical_residual,empirical_residual,1.25,2026-05-22|07,7,27°C ≤ T < 28°C,27°C,27°C,27.0,28.0,False,False,True,False,2,99,0.0202020202020202,True,False,False,False,0.01,0.0209090909090909,True,False,6,27°C,False,31.4,PASSED
2026-05-22|24h_prior,2026-05-22,24h_prior,holdout,pooled_empirical_residual,empirical_residual,1.25,2026-05-22|08,8,28°C ≤ T < 29°C,28°C,28°C,28.0,29.0,False,False,True,False,9,99,0.0909090909090909,True,False,False,False,0.01,0.0909090909090909,True,False,7,28°C,False,31.4,PASSED
2026-05-22|24h_prior,2026-05-22,24h_prior,holdout,pooled_empirical_residual,empirical_residual,1.25,2026-05-22|09,9,29°C ≤ T < 30°C,29°C,29°C,29.0,30.0,False,False,True,False,10,99,0.101010101010101,True,False,False,False,0.01,0.1009090909090908,True,False,8,29°C,False,31.4,PASSED
2026-05-22|24h_prior,2026-05-22,24h_prior,holdout,pooled_empirical_residual,empirical_residual,1.25,2026-05-22|10,10,30°C ≤ T < 31°C,30°C,30°C,30.0,31.0,False,False,True,False,32,99,0.3232323232323232,True,False,False,False,0.01,0.3209090909090908,True,False,9,30°C,False,31.4,PASSED
2026-05-22|24h_prior,2026-05-22,24h_prior,holdout,pooled_empirical_residual,empirical_residual,1.25,2026-05-22|11,11,T ≥ 31°C,31°C or higher,31°C or higher,31.0,,False,True,True,False,46,99,0.4646464646464646,True,False,False,False,0.01,0.4609090909090908,True,False,10,31°C or higher,True,31.4,PASSED
2026-05-22|6h_prior,2026-05-22,6h_prior,holdout,pooled_empirical_residual,empirical_residual,1.25,2026-05-22|01,1,T < 22°C,21°C or below,21°C or below,,22.0,True,False,True,False,0,99,0.0,True,False,False,False,0.01,0.0009090909090909,True,False,0,21°C or below,False,31.4,PASSED
2026-05-22|6h_prior,2026-05-22,6h_prior,holdout,pooled_empirical_residual,empirical_residual,1.25,2026-05-22|02,2,22°C ≤ T < 23°C,22°C,22°C,22.0,23.0,False,False,True,False,0,99,0.0,True,False,False,False,0.01,0.0009090909090909,True,False,1,22°C,False,31.4,PASSED
2026-05-22|6h_prior,2026-05-22,6h_prior,holdout,pooled_empirical_residual,empirical_residual,1.25,2026-05-22|03,3,23°C ≤ T < 24°C,23°C,23°C,23.0,24.0,False,False,True,False,0,99,0.0,True,False,False,False,0.01,0.0009090909090909,True,False,2,23°C,False,31.4,PASSED
2026-05-22|6h_prior,2026-05-22,6h_prior,holdout,pooled_empirical_residual,empirical_residual,1.25,2026-05-22|04,4,24°C ≤ T < 25°C,24°C,24°C,24.0,25.0,False,False,True,False,0,99,0.0,True,False,False,False,0.01,0.0009090909090909,True,False,3,24°C,False,31.4,PASSED
2026-05-22|6h_prior,2026-05-22,6h_prior,holdout,pooled_empirical_residual,empirical_residual,1.25,2026-05-22|05,5,25°C ≤ T < 26°C,25°C,25°C,25.0,26.0,False,False,True,False,0,99,0.0,True,False,False,False,0.01,0.0009090909090909,True,False,4,25°C,False,31.4,PASSED
2026-05-22|6h_prior,2026-05-22,6h_prior,holdout,pooled_empirical_residual,empirical_residual,1.25,2026-05-22|06,6,26°C ≤ T < 27°C,26°C,26°C,26.0,27.0,False,False,True,False,0,99,0.0,True,False,False,False,0.01,0.0009090909090909,True,False,5,26°C,False,31.4,PASSED
2026-05-22|6h_prior,2026-05-22,6h_prior,holdout,pooled_empirical_residual,empirical_residual,1.25,2026-05-22|07,7,27°C ≤ T < 28°C,27°C,27°C,27.0,28.0,False,False,True,False,2,99,0.0202020202020202,True,False,False,False,0.01,0.0209090909090909,True,False,6,27°C,False,31.4,PASSED
2026-05-22|6h_prior,2026-05-22,6h_prior,holdout,pooled_empirical_residual,empirical_residual,1.25,2026-05-22|08,8,28°C ≤ T < 29°C,28°C,28°C,28.0,29.0,False,False,True,False,9,99,0.0909090909090909,True,False,False,False,0.01,0.0909090909090909,True,False,7,28°C,False,31.4,PASSED
2026-05-22|6h_prior,2026-05-22,6h_prior,holdout,pooled_empirical_residual,empirical_residual,1.25,2026-05-22|09,9,29°C ≤ T < 30°C,29°C,29°C,29.0,30.0,False,False,True,False,10,99,0.101010101010101,True,False,False,False,0.01,0.1009090909090908,True,False,8,29°C,False,31.4,PASSED
2026-05-22|6h_prior,2026-05-22,6h_prior,holdout,pooled_empirical_residual,empirical_residual,1.25,2026-05-22|10,10,30°C ≤ T < 31°C,30°C,30°C,30.0,31.0,False,False,True,False,32,99,0.3232323232323232,True,False,False,False,0.01,0.3209090909090908,True,False,9,30°C,False,31.4,PASSED
2026-05-22|6h_prior,2026-05-22,6h_prior,holdout,pooled_empirical_residual,empirical_residual,1.25,2026-05-22|11,11,T ≥ 31°C,31°C or higher,31°C or higher,31.0,,False,True,True,False,46,99,0.4646464646464646,True,False,False,False,0.01,0.4609090909090908,True,False,10,31°C or higher,True,31.4,PASSED
2026-05-22|event_day_open,2026-05-22,event_day_open,holdout,pooled_empirical_residual,empirical_residual,1.25,2026-05-22|01,1,T < 22°C,21°C or below,21°C or below,,22.0,True,False,True,False,0,99,0.0,True,False,False,False,0.01,0.0009090909090909,True,False,0,21°C or below,False,31.4,PASSED
2026-05-22|event_day_open,2026-05-22,event_day_open,holdout,pooled_empirical_residual,empirical_residual,1.25,2026-05-22|02,2,22°C ≤ T < 23°C,22°C,22°C,22.0,23.0,False,False,True,False,0,99,0.0,True,False,False,False,0.01,0.0009090909090909,True,False,1,22°C,False,31.4,PASSED
2026-05-22|event_day_open,2026-05-22,event_day_open,holdout,pooled_empirical_residual,empirical_residual,1.25,2026-05-22|03,3,23°C ≤ T < 24°C,23°C,23°C,23.0,24.0,False,False,True,False,0,99,0.0,True,False,False,False,0.01,0.0009090909090909,True,False,2,23°C,False,31.4,PASSED
2026-05-22|event_day_open,2026-05-22,event_day_open,holdout,pooled_empirical_residual,empirical_residual,1.25,2026-05-22|04,4,24°C ≤ T < 25°C,24°C,24°C,24.0,25.0,False,False,True,False,0,99,0.0,True,False,False,False,0.01,0.0009090909090909,True,False,3,24°C,False,31.4,PASSED
2026-05-22|event_day_open,2026-05-22,event_day_open,holdout,pooled_empirical_residual,empirical_residual,1.25,2026-05-22|05,5,25°C ≤ T < 26°C,25°C,25°C,25.0,26.0,False,False,True,False,0,99,0.0,True,False,False,False,0.01,0.0009090909090909,True,False,4,25°C,False,31.4,PASSED
2026-05-22|event_day_open,2026-05-22,event_day_open,holdout,pooled_empirical_residual,empirical_residual,1.25,2026-05-22|06,6,26°C ≤ T < 27°C,26°C,26°C,26.0,27.0,False,False,True,False,0,99,0.0,True,False,False,False,0.01,0.0009090909090909,True,False,5,26°C,False,31.4,PASSED
2026-05-22|event_day_open,2026-05-22,event_day_open,holdout,pooled_empirical_residual,empirical_residual,1.25,2026-05-22|07,7,27°C ≤ T < 28°C,27°C,27°C,27.0,28.0,False,False,True,False,2,99,0.0202020202020202,True,False,False,False,0.01,0.0209090909090909,True,False,6,27°C,False,31.4,PASSED
2026-05-22|event_day_open,2026-05-22,event_day_open,holdout,pooled_empirical_residual,empirical_residual,1.25,2026-05-22|08,8,28°C ≤ T < 29°C,28°C,28°C,28.0,29.0,False,False,True,False,9,99,0.0909090909090909,True,False,False,False,0.01,0.0909090909090909,True,False,7,28°C,False,31.4,PASSED
2026-05-22|event_day_open,2026-05-22,event_day_open,holdout,pooled_empirical_residual,empirical_residual,1.25,2026-05-22|09,9,29°C ≤ T < 30°C,29°C,29°C,29.0,30.0,False,False,True,False,10,99,0.101010101010101,True,False,False,False,0.01,0.1009090909090908,True,False,8,29°C,False,31.4,PASSED
2026-05-22|event_day_open,2026-05-22,event_day_open,holdout,pooled_empirical_residual,empirical_residual,1.25,2026-05-22|10,10,30°C ≤ T < 31°C,30°C,30°C,30.0,31.0,False,False,True,False,32,99,0.3232323232323232,True,False,False,False,0.01,0.3209090909090908,True,False,9,30°C,False,31.4,PASSED
2026-05-22|event_day_open,2026-05-22,event_day_open,holdout,pooled_empirical_residual,empirical_residual,1.25,2026-05-22|11,11,T ≥ 31°C,31°C or higher,31°C or higher,31.0,,False,True,True,False,46,99,0.4646464646464646,True,False,False,False,0.01,0.4609090909090908,True,False,10,31°C or higher,True,31.4,PASSED
2026-05-23|12h_prior,2026-05-23,12h_prior,holdout,pooled_empirical_residual,empirical_residual,1.25,2026-05-23|01,1,T < 24°C,23°C or below,23°C or below,,24.0,True,False,True,False,0,99,0.0,True,False,False,False,0.01,0.0009090909090909,True,False,0,23°C or below,False,30.3,PASSED
2026-05-23|12h_prior,2026-05-23,12h_prior,holdout,pooled_empirical_residual,empirical_residual,1.25,2026-05-23|02,2,24°C ≤ T < 25°C,24°C,24°C,24.0,25.0,False,False,True,False,0,99,0.0,True,False,False,False,0.01,0.0009090909090909,True,False,1,24°C,False,30.3,PASSED
2026-05-23|12h_prior,2026-05-23,12h_prior,holdout,pooled_empirical_residual,empirical_residual,1.25,2026-05-23|03,3,25°C ≤ T < 26°C,25°C,25°C,25.0,26.0,False,False,True,False,0,99,0.0,True,False,False,False,0.01,0.0009090909090909,True,False,2,25°C,False,30.3,PASSED
2026-05-23|12h_prior,2026-05-23,12h_prior,holdout,pooled_empirical_residual,empirical_residual,1.25,2026-05-23|04,4,26°C ≤ T < 27°C,26°C,26°C,26.0,27.0,False,False,True,False,0,99,0.0,True,False,False,False,0.01,0.0009090909090909,True,False,3,26°C,False,30.3,PASSED
2026-05-23|12h_prior,2026-05-23,12h_prior,holdout,pooled_empirical_residual,empirical_residual,1.25,2026-05-23|05,5,27°C ≤ T < 28°C,27°C,27°C,27.0,28.0,False,False,True,False,3,99,0.0303030303030303,True,False,False,False,0.01,0.0309090909090909,True,False,4,27°C,False,30.3,PASSED
2026-05-23|12h_prior,2026-05-23,12h_prior,holdout,pooled_empirical_residual,empirical_residual,1.25,2026-05-23|06,6,28°C ≤ T < 29°C,28°C,28°C,28.0,29.0,False,False,True,False,10,99,0.101010101010101,True,False,False,False,0.01,0.1009090909090908,True,False,5,28°C,False,30.3,PASSED
2026-05-23|12h_prior,2026-05-23,12h_prior,holdout,pooled_empirical_residual,empirical_residual,1.25,2026-05-23|07,7,29°C ≤ T < 30°C,29°C,29°C,29.0,30.0,False,False,True,False,11,99,0.1111111111111111,True,False,False,False,0.01,0.1109090909090909,True,False,6,29°C,False,30.3,PASSED
2026-05-23|12h_prior,2026-05-23,12h_prior,holdout,pooled_empirical_residual,empirical_residual,1.25,2026-05-23|08,8,30°C ≤ T < 31°C,30°C,30°C,30.0,31.0,False,False,True,False,32,99,0.3232323232323232,True,False,False,False,0.01,0.3209090909090908,True,False,7,30°C,True,30.3,PASSED
2026-05-23|12h_prior,2026-05-23,12h_prior,holdout,pooled_empirical_residual,empirical_residual,1.25,2026-05-23|09,9,31°C ≤ T < 32°C,31°C,31°C,31.0,32.0,False,False,True,False,22,99,0.2222222222222222,True,False,False,False,0.01,0.2209090909090909,True,False,8,31°C,False,30.3,PASSED
2026-05-23|12h_prior,2026-05-23,12h_prior,holdout,pooled_empirical_residual,empirical_residual,1.25,2026-05-23|10,10,32°C ≤ T < 33°C,32°C,32°C,32.0,33.0,False,False,True,False,18,99,0.1818181818181818,True,False,False,False,0.01,0.1809090909090908,True,False,9,32°C,False,30.3,PASSED
2026-05-23|12h_prior,2026-05-23,12h_prior,holdout,pooled_empirical_residual,empirical_residual,1.25,2026-05-23|11,11,T ≥ 33°C,33°C or higher,33°C or higher,33.0,,False,True,True,False,3,99,0.0303030303030303,True,False,False,False,0.01,0.0309090909090909,True,False,10,33°C or higher,False,30.3,PASSED
2026-05-23|24h_prior,2026-05-23,24h_prior,holdout,pooled_empirical_residual,empirical_residual,1.25,2026-05-23|01,1,T < 24°C,23°C or below,23°C or below,,24.0,True,False,True,False,0,99,0.0,True,False,False,False,0.01,0.0009090909090909,True,False,0,23°C or below,False,30.3,PASSED
2026-05-23|24h_prior,2026-05-23,24h_prior,holdout,pooled_empirical_residual,empirical_residual,1.25,2026-05-23|02,2,24°C ≤ T < 25°C,24°C,24°C,24.0,25.0,False,False,True,False,0,99,0.0,True,False,False,False,0.01,0.0009090909090909,True,False,1,24°C,False,30.3,PASSED
2026-05-23|24h_prior,2026-05-23,24h_prior,holdout,pooled_empirical_residual,empirical_residual,1.25,2026-05-23|03,3,25°C ≤ T < 26°C,25°C,25°C,25.0,26.0,False,False,True,False,0,99,0.0,True,False,False,False,0.01,0.0009090909090909,True,False,2,25°C,False,30.3,PASSED
2026-05-23|24h_prior,2026-05-23,24h_prior,holdout,pooled_empirical_residual,empirical_residual,1.25,2026-05-23|04,4,26°C ≤ T < 27°C,26°C,26°C,26.0,27.0,False,False,True,False,0,99,0.0,True,False,False,False,0.01,0.0009090909090909,True,False,3,26°C,False,30.3,PASSED
2026-05-23|24h_prior,2026-05-23,24h_prior,holdout,pooled_empirical_residual,empirical_residual,1.25,2026-05-23|05,5,27°C ≤ T < 28°C,27°C,27°C,27.0,28.0,False,False,True,False,0,99,0.0,True,False,False,False,0.01,0.0009090909090909,True,False,4,27°C,False,30.3,PASSED
2026-05-23|24h_prior,2026-05-23,24h_prior,holdout,pooled_empirical_residual,empirical_residual,1.25,2026-05-23|06,6,28°C ≤ T < 29°C,28°C,28°C,28.0,29.0,False,False,True,False,5,99,0.0505050505050505,True,False,False,False,0.01,0.0509090909090909,True,False,5,28°C,False,30.3,PASSED
2026-05-23|24h_prior,2026-05-23,24h_prior,holdout,pooled_empirical_residual,empirical_residual,1.25,2026-05-23|07,7,29°C ≤ T < 30°C,29°C,29°C,29.0,30.0,False,False,True,False,9,99,0.0909090909090909,True,False,False,False,0.01,0.0909090909090909,True,False,6,29°C,False,30.3,PASSED
2026-05-23|24h_prior,2026-05-23,24h_prior,holdout,pooled_empirical_residual,empirical_residual,1.25,2026-05-23|08,8,30°C ≤ T < 31°C,30°C,30°C,30.0,31.0,False,False,True,False,20,99,0.202020202020202,True,False,False,False,0.01,0.2009090909090908,True,False,7,30°C,True,30.3,PASSED
2026-05-23|24h_prior,2026-05-23,24h_prior,holdout,pooled_empirical_residual,empirical_residual,1.25,2026-05-23|09,9,31°C ≤ T < 32°C,31°C,31°C,31.0,32.0,False,False,True,False,31,99,0.3131313131313131,True,False,False,False,0.01,0.3109090909090908,True,False,8,31°C,False,30.3,PASSED
2026-05-23|24h_prior,2026-05-23,24h_prior,holdout,pooled_empirical_residual,empirical_residual,1.25,2026-05-23|10,10,32°C ≤ T < 33°C,32°C,32°C,32.0,33.0,False,False,True,False,23,99,0.2323232323232323,True,False,False,False,0.01,0.2309090909090908,True,False,9,32°C,False,30.3,PASSED
2026-05-23|24h_prior,2026-05-23,24h_prior,holdout,pooled_empirical_residual,empirical_residual,1.25,2026-05-23|11,11,T ≥ 33°C,33°C or higher,33°C or higher,33.0,,False,True,True,False,11,99,0.1111111111111111,True,False,False,False,0.01,0.1109090909090909,True,False,10,33°C or higher,False,30.3,PASSED
2026-05-23|6h_prior,2026-05-23,6h_prior,holdout,pooled_empirical_residual,empirical_residual,1.25,2026-05-23|01,1,T < 24°C,23°C or below,23°C or below,,24.0,True,False,True,False,0,99,0.0,True,False,False,False,0.01,0.0009090909090909,True,False,0,23°C or below,False,30.3,PASSED
2026-05-23|6h_prior,2026-05-23,6h_prior,holdout,pooled_empirical_residual,empirical_residual,1.25,2026-05-23|02,2,24°C ≤ T < 25°C,24°C,24°C,24.0,25.0,False,False,True,False,0,99,0.0,True,False,False,False,0.01,0.0009090909090909,True,False,1,24°C,False,30.3,PASSED
2026-05-23|6h_prior,2026-05-23,6h_prior,holdout,pooled_empirical_residual,empirical_residual,1.25,2026-05-23|03,3,25°C ≤ T < 26°C,25°C,25°C,25.0,26.0,False,False,True,False,0,99,0.0,True,False,False,False,0.01,0.0009090909090909,True,False,2,25°C,False,30.3,PASSED
2026-05-23|6h_prior,2026-05-23,6h_prior,holdout,pooled_empirical_residual,empirical_residual,1.25,2026-05-23|04,4,26°C ≤ T < 27°C,26°C,26°C,26.0,27.0,False,False,True,False,0,99,0.0,True,False,False,False,0.01,0.0009090909090909,True,False,3,26°C,False,30.3,PASSED
2026-05-23|6h_prior,2026-05-23,6h_prior,holdout,pooled_empirical_residual,empirical_residual,1.25,2026-05-23|05,5,27°C ≤ T < 28°C,27°C,27°C,27.0,28.0,False,False,True,False,2,99,0.0202020202020202,True,False,False,False,0.01,0.0209090909090909,True,False,4,27°C,False,30.3,PASSED
2026-05-23|6h_prior,2026-05-23,6h_prior,holdout,pooled_empirical_residual,empirical_residual,1.25,2026-05-23|06,6,28°C ≤ T < 29°C,28°C,28°C,28.0,29.0,False,False,True,False,9,99,0.0909090909090909,True,False,False,False,0.01,0.0909090909090909,True,False,5,28°C,False,30.3,PASSED
2026-05-23|6h_prior,2026-05-23,6h_prior,holdout,pooled_empirical_residual,empirical_residual,1.25,2026-05-23|07,7,29°C ≤ T < 30°C,29°C,29°C,29.0,30.0,False,False,True,False,10,99,0.101010101010101,True,False,False,False,0.01,0.1009090909090908,True,False,6,29°C,False,30.3,PASSED
2026-05-23|6h_prior,2026-05-23,6h_prior,holdout,pooled_empirical_residual,empirical_residual,1.25,2026-05-23|08,8,30°C ≤ T < 31°C,30°C,30°C,30.0,31.0,False,False,True,False,32,99,0.3232323232323232,True,False,False,False,0.01,0.3209090909090908,True,False,7,30°C,True,30.3,PASSED
2026-05-23|6h_prior,2026-05-23,6h_prior,holdout,pooled_empirical_residual,empirical_residual,1.25,2026-05-23|09,9,31°C ≤ T < 32°C,31°C,31°C,31.0,32.0,False,False,True,False,23,99,0.2323232323232323,True,False,False,False,0.01,0.2309090909090908,True,False,8,31°C,False,30.3,PASSED
2026-05-23|6h_prior,2026-05-23,6h_prior,holdout,pooled_empirical_residual,empirical_residual,1.25,2026-05-23|10,10,32°C ≤ T < 33°C,32°C,32°C,32.0,33.0,False,False,True,False,18,99,0.1818181818181818,True,False,False,False,0.01,0.1809090909090908,True,False,9,32°C,False,30.3,PASSED
2026-05-23|6h_prior,2026-05-23,6h_prior,holdout,pooled_empirical_residual,empirical_residual,1.25,2026-05-23|11,11,T ≥ 33°C,33°C or higher,33°C or higher,33.0,,False,True,True,False,5,99,0.0505050505050505,True,False,False,False,0.01,0.0509090909090909,True,False,10,33°C or higher,False,30.3,PASSED
2026-05-23|event_day_open,2026-05-23,event_day_open,holdout,pooled_empirical_residual,empirical_residual,1.25,2026-05-23|01,1,T < 24°C,23°C or below,23°C or below,,24.0,True,False,True,False,0,99,0.0,True,False,False,False,0.01,0.0009090909090909,True,False,0,23°C or below,False,30.3,PASSED
2026-05-23|event_day_open,2026-05-23,event_day_open,holdout,pooled_empirical_residual,empirical_residual,1.25,2026-05-23|02,2,24°C ≤ T < 25°C,24°C,24°C,24.0,25.0,False,False,True,False,0,99,0.0,True,False,False,False,0.01,0.0009090909090909,True,False,1,24°C,False,30.3,PASSED
2026-05-23|event_day_open,2026-05-23,event_day_open,holdout,pooled_empirical_residual,empirical_residual,1.25,2026-05-23|03,3,25°C ≤ T < 26°C,25°C,25°C,25.0,26.0,False,False,True,False,0,99,0.0,True,False,False,False,0.01,0.0009090909090909,True,False,2,25°C,False,30.3,PASSED
2026-05-23|event_day_open,2026-05-23,event_day_open,holdout,pooled_empirical_residual,empirical_residual,1.25,2026-05-23|04,4,26°C ≤ T < 27°C,26°C,26°C,26.0,27.0,False,False,True,False,0,99,0.0,True,False,False,False,0.01,0.0009090909090909,True,False,3,26°C,False,30.3,PASSED
2026-05-23|event_day_open,2026-05-23,event_day_open,holdout,pooled_empirical_residual,empirical_residual,1.25,2026-05-23|05,5,27°C ≤ T < 28°C,27°C,27°C,27.0,28.0,False,False,True,False,6,99,0.0606060606060606,True,False,False,False,0.01,0.0609090909090909,True,False,4,27°C,False,30.3,PASSED
2026-05-23|event_day_open,2026-05-23,event_day_open,holdout,pooled_empirical_residual,empirical_residual,1.25,2026-05-23|06,6,28°C ≤ T < 29°C,28°C,28°C,28.0,29.0,False,False,True,False,10,99,0.101010101010101,True,False,False,False,0.01,0.1009090909090908,True,False,5,28°C,False,30.3,PASSED
2026-05-23|event_day_open,2026-05-23,event_day_open,holdout,pooled_empirical_residual,empirical_residual,1.25,2026-05-23|07,7,29°C ≤ T < 30°C,29°C,29°C,29.0,30.0,False,False,True,False,21,99,0.2121212121212121,True,False,False,False,0.01,0.2109090909090908,True,False,6,29°C,False,30.3,PASSED
2026-05-23|event_day_open,2026-05-23,event_day_open,holdout,pooled_empirical_residual,empirical_residual,1.25,2026-05-23|08,8,30°C ≤ T < 31°C,30°C,30°C,30.0,31.0,False,False,True,False,29,99,0.2929292929292929,True,False,False,False,0.01,0.2909090909090908,True,False,7,30°C,True,30.3,PASSED
2026-05-23|event_day_open,2026-05-23,event_day_open,holdout,pooled_empirical_residual,empirical_residual,1.25,2026-05-23|09,9,31°C ≤ T < 32°C,31°C,31°C,31.0,32.0,False,False,True,False,24,99,0.2424242424242424,True,False,False,False,0.01,0.2409090909090908,True,False,8,31°C,False,30.3,PASSED
2026-05-23|event_day_open,2026-05-23,event_day_open,holdout,pooled_empirical_residual,empirical_residual,1.25,2026-05-23|10,10,32°C ≤ T < 33°C,32°C,32°C,32.0,33.0,False,False,True,False,8,99,0.0808080808080808,True,False,False,False,0.01,0.0809090909090909,True,False,9,32°C,False,30.3,PASSED
2026-05-23|event_day_open,2026-05-23,event_day_open,holdout,pooled_empirical_residual,empirical_residual,1.25,2026-05-23|11,11,T ≥ 33°C,33°C or higher,33°C or higher,33.0,,False,True,True,False,1,99,0.0101010101010101,True,False,False,False,0.01,0.0109090909090909,True,False,10,33°C or higher,False,30.3,PASSED
2026-05-24|12h_prior,2026-05-24,12h_prior,holdout,pooled_empirical_residual,empirical_residual,1.25,2026-05-24|01,1,T < 23°C,22°C or below,22°C or below,,23.0,True,False,True,False,0,99,0.0,True,False,False,False,0.01,0.0009090909090909,True,False,0,22°C or below,False,31.5,PASSED
2026-05-24|12h_prior,2026-05-24,12h_prior,holdout,pooled_empirical_residual,empirical_residual,1.25,2026-05-24|02,2,23°C ≤ T < 24°C,23°C,23°C,23.0,24.0,False,False,True,False,0,99,0.0,True,False,False,False,0.01,0.0009090909090909,True,False,1,23°C,False,31.5,PASSED
2026-05-24|12h_prior,2026-05-24,12h_prior,holdout,pooled_empirical_residual,empirical_residual,1.25,2026-05-24|03,3,24°C ≤ T < 25°C,24°C,24°C,24.0,25.0,False,False,True,False,0,99,0.0,True,False,False,False,0.01,0.0009090909090909,True,False,2,24°C,False,31.5,PASSED
2026-05-24|12h_prior,2026-05-24,12h_prior,holdout,pooled_empirical_residual,empirical_residual,1.25,2026-05-24|04,4,25°C ≤ T < 26°C,25°C,25°C,25.0,26.0,False,False,True,False,0,99,0.0,True,False,False,False,0.01,0.0009090909090909,True,False,3,25°C,False,31.5,PASSED
2026-05-24|12h_prior,2026-05-24,12h_prior,holdout,pooled_empirical_residual,empirical_residual,1.25,2026-05-24|05,5,26°C ≤ T < 27°C,26°C,26°C,26.0,27.0,False,False,True,False,0,99,0.0,True,False,False,False,0.01,0.0009090909090909,True,False,4,26°C,False,31.5,PASSED
2026-05-24|12h_prior,2026-05-24,12h_prior,holdout,pooled_empirical_residual,empirical_residual,1.25,2026-05-24|06,6,27°C ≤ T < 28°C,27°C,27°C,27.0,28.0,False,False,True,False,0,99,0.0,True,False,False,False,0.01,0.0009090909090909,True,False,5,27°C,False,31.5,PASSED
2026-05-24|12h_prior,2026-05-24,12h_prior,holdout,pooled_empirical_residual,empirical_residual,1.25,2026-05-24|07,7,28°C ≤ T < 29°C,28°C,28°C,28.0,29.0,False,False,True,False,5,99,0.0505050505050505,True,False,False,False,0.01,0.0509090909090909,True,False,6,28°C,False,31.5,PASSED
2026-05-24|12h_prior,2026-05-24,12h_prior,holdout,pooled_empirical_residual,empirical_residual,1.25,2026-05-24|08,8,29°C ≤ T < 30°C,29°C,29°C,29.0,30.0,False,False,True,False,9,99,0.0909090909090909,True,False,False,False,0.01,0.0909090909090909,True,False,7,29°C,False,31.5,PASSED
2026-05-24|12h_prior,2026-05-24,12h_prior,holdout,pooled_empirical_residual,empirical_residual,1.25,2026-05-24|09,9,30°C ≤ T < 31°C,30°C,30°C,30.0,31.0,False,False,True,False,20,99,0.202020202020202,True,False,False,False,0.01,0.2009090909090908,True,False,8,30°C,False,31.5,PASSED
2026-05-24|12h_prior,2026-05-24,12h_prior,holdout,pooled_empirical_residual,empirical_residual,1.25,2026-05-24|10,10,31°C ≤ T < 32°C,31°C,31°C,31.0,32.0,False,False,True,False,31,99,0.3131313131313131,True,False,False,False,0.01,0.3109090909090908,True,False,9,31°C,True,31.5,PASSED
2026-05-24|12h_prior,2026-05-24,12h_prior,holdout,pooled_empirical_residual,empirical_residual,1.25,2026-05-24|11,11,T ≥ 32°C,32°C or higher,32°C or higher,32.0,,False,True,True,False,34,99,0.3434343434343434,True,False,False,False,0.01,0.3409090909090909,True,False,10,32°C or higher,False,31.5,PASSED
2026-05-24|24h_prior,2026-05-24,24h_prior,holdout,pooled_empirical_residual,empirical_residual,1.25,2026-05-24|01,1,T < 23°C,22°C or below,22°C or below,,23.0,True,False,True,False,0,99,0.0,True,False,False,False,0.01,0.0009090909090909,True,False,0,22°C or below,False,31.5,PASSED
2026-05-24|24h_prior,2026-05-24,24h_prior,holdout,pooled_empirical_residual,empirical_residual,1.25,2026-05-24|02,2,23°C ≤ T < 24°C,23°C,23°C,23.0,24.0,False,False,True,False,0,99,0.0,True,False,False,False,0.01,0.0009090909090909,True,False,1,23°C,False,31.5,PASSED
2026-05-24|24h_prior,2026-05-24,24h_prior,holdout,pooled_empirical_residual,empirical_residual,1.25,2026-05-24|03,3,24°C ≤ T < 25°C,24°C,24°C,24.0,25.0,False,False,True,False,0,99,0.0,True,False,False,False,0.01,0.0009090909090909,True,False,2,24°C,False,31.5,PASSED
2026-05-24|24h_prior,2026-05-24,24h_prior,holdout,pooled_empirical_residual,empirical_residual,1.25,2026-05-24|04,4,25°C ≤ T < 26°C,25°C,25°C,25.0,26.0,False,False,True,False,0,99,0.0,True,False,False,False,0.01,0.0009090909090909,True,False,3,25°C,False,31.5,PASSED
2026-05-24|24h_prior,2026-05-24,24h_prior,holdout,pooled_empirical_residual,empirical_residual,1.25,2026-05-24|05,5,26°C ≤ T < 27°C,26°C,26°C,26.0,27.0,False,False,True,False,0,99,0.0,True,False,False,False,0.01,0.0009090909090909,True,False,4,26°C,False,31.5,PASSED
2026-05-24|24h_prior,2026-05-24,24h_prior,holdout,pooled_empirical_residual,empirical_residual,1.25,2026-05-24|06,6,27°C ≤ T < 28°C,27°C,27°C,27.0,28.0,False,False,True,False,0,99,0.0,True,False,False,False,0.01,0.0009090909090909,True,False,5,27°C,False,31.5,PASSED
2026-05-24|24h_prior,2026-05-24,24h_prior,holdout,pooled_empirical_residual,empirical_residual,1.25,2026-05-24|07,7,28°C ≤ T < 29°C,28°C,28°C,28.0,29.0,False,False,True,False,6,99,0.0606060606060606,True,False,False,False,0.01,0.0609090909090909,True,False,6,28°C,False,31.5,PASSED
2026-05-24|24h_prior,2026-05-24,24h_prior,holdout,pooled_empirical_residual,empirical_residual,1.25,2026-05-24|08,8,29°C ≤ T < 30°C,29°C,29°C,29.0,30.0,False,False,True,False,10,99,0.101010101010101,True,False,False,False,0.01,0.1009090909090908,True,False,7,29°C,False,31.5,PASSED
2026-05-24|24h_prior,2026-05-24,24h_prior,holdout,pooled_empirical_residual,empirical_residual,1.25,2026-05-24|09,9,30°C ≤ T < 31°C,30°C,30°C,30.0,31.0,False,False,True,False,21,99,0.2121212121212121,True,False,False,False,0.01,0.2109090909090908,True,False,8,30°C,False,31.5,PASSED
2026-05-24|24h_prior,2026-05-24,24h_prior,holdout,pooled_empirical_residual,empirical_residual,1.25,2026-05-24|10,10,31°C ≤ T < 32°C,31°C,31°C,31.0,32.0,False,False,True,False,29,99,0.2929292929292929,True,False,False,False,0.01,0.2909090909090908,True,False,9,31°C,True,31.5,PASSED
2026-05-24|24h_prior,2026-05-24,24h_prior,holdout,pooled_empirical_residual,empirical_residual,1.25,2026-05-24|11,11,T ≥ 32°C,32°C or higher,32°C or higher,32.0,,False,True,True,False,33,99,0.3333333333333333,True,False,False,False,0.01,0.3309090909090909,True,False,10,32°C or higher,False,31.5,PASSED
2026-05-24|6h_prior,2026-05-24,6h_prior,holdout,pooled_empirical_residual,empirical_residual,1.25,2026-05-24|01,1,T < 23°C,22°C or below,22°C or below,,23.0,True,False,True,False,0,99,0.0,True,False,False,False,0.01,0.0009090909090909,True,False,0,22°C or below,False,31.5,PASSED
2026-05-24|6h_prior,2026-05-24,6h_prior,holdout,pooled_empirical_residual,empirical_residual,1.25,2026-05-24|02,2,23°C ≤ T < 24°C,23°C,23°C,23.0,24.0,False,False,True,False,0,99,0.0,True,False,False,False,0.01,0.0009090909090909,True,False,1,23°C,False,31.5,PASSED
2026-05-24|6h_prior,2026-05-24,6h_prior,holdout,pooled_empirical_residual,empirical_residual,1.25,2026-05-24|03,3,24°C ≤ T < 25°C,24°C,24°C,24.0,25.0,False,False,True,False,0,99,0.0,True,False,False,False,0.01,0.0009090909090909,True,False,2,24°C,False,31.5,PASSED
2026-05-24|6h_prior,2026-05-24,6h_prior,holdout,pooled_empirical_residual,empirical_residual,1.25,2026-05-24|04,4,25°C ≤ T < 26°C,25°C,25°C,25.0,26.0,False,False,True,False,0,99,0.0,True,False,False,False,0.01,0.0009090909090909,True,False,3,25°C,False,31.5,PASSED
2026-05-24|6h_prior,2026-05-24,6h_prior,holdout,pooled_empirical_residual,empirical_residual,1.25,2026-05-24|05,5,26°C ≤ T < 27°C,26°C,26°C,26.0,27.0,False,False,True,False,0,99,0.0,True,False,False,False,0.01,0.0009090909090909,True,False,4,26°C,False,31.5,PASSED
2026-05-24|6h_prior,2026-05-24,6h_prior,holdout,pooled_empirical_residual,empirical_residual,1.25,2026-05-24|06,6,27°C ≤ T < 28°C,27°C,27°C,27.0,28.0,False,False,True,False,0,99,0.0,True,False,False,False,0.01,0.0009090909090909,True,False,5,27°C,False,31.5,PASSED
2026-05-24|6h_prior,2026-05-24,6h_prior,holdout,pooled_empirical_residual,empirical_residual,1.25,2026-05-24|07,7,28°C ≤ T < 29°C,28°C,28°C,28.0,29.0,False,False,True,False,3,99,0.0303030303030303,True,False,False,False,0.01,0.0309090909090909,True,False,6,28°C,False,31.5,PASSED
2026-05-24|6h_prior,2026-05-24,6h_prior,holdout,pooled_empirical_residual,empirical_residual,1.25,2026-05-24|08,8,29°C ≤ T < 30°C,29°C,29°C,29.0,30.0,False,False,True,False,10,99,0.101010101010101,True,False,False,False,0.01,0.1009090909090908,True,False,7,29°C,False,31.5,PASSED
2026-05-24|6h_prior,2026-05-24,6h_prior,holdout,pooled_empirical_residual,empirical_residual,1.25,2026-05-24|09,9,30°C ≤ T < 31°C,30°C,30°C,30.0,31.0,False,False,True,False,11,99,0.1111111111111111,True,False,False,False,0.01,0.1109090909090909,True,False,8,30°C,False,31.5,PASSED
2026-05-24|6h_prior,2026-05-24,6h_prior,holdout,pooled_empirical_residual,empirical_residual,1.25,2026-05-24|10,10,31°C ≤ T < 32°C,31°C,31°C,31.0,32.0,False,False,True,False,32,99,0.3232323232323232,True,False,False,False,0.01,0.3209090909090908,True,False,9,31°C,True,31.5,PASSED
2026-05-24|6h_prior,2026-05-24,6h_prior,holdout,pooled_empirical_residual,empirical_residual,1.25,2026-05-24|11,11,T ≥ 32°C,32°C or higher,32°C or higher,32.0,,False,True,True,False,43,99,0.4343434343434343,True,False,False,False,0.01,0.4309090909090908,True,False,10,32°C or higher,False,31.5,PASSED
2026-05-24|event_day_open,2026-05-24,event_day_open,holdout,pooled_empirical_residual,empirical_residual,1.25,2026-05-24|01,1,T < 23°C,22°C or below,22°C or below,,23.0,True,False,True,False,0,99,0.0,True,False,False,False,0.01,0.0009090909090909,True,False,0,22°C or below,False,31.5,PASSED
2026-05-24|event_day_open,2026-05-24,event_day_open,holdout,pooled_empirical_residual,empirical_residual,1.25,2026-05-24|02,2,23°C ≤ T < 24°C,23°C,23°C,23.0,24.0,False,False,True,False,0,99,0.0,True,False,False,False,0.01,0.0009090909090909,True,False,1,23°C,False,31.5,PASSED
2026-05-24|event_day_open,2026-05-24,event_day_open,holdout,pooled_empirical_residual,empirical_residual,1.25,2026-05-24|03,3,24°C ≤ T < 25°C,24°C,24°C,24.0,25.0,False,False,True,False,0,99,0.0,True,False,False,False,0.01,0.0009090909090909,True,False,2,24°C,False,31.5,PASSED
2026-05-24|event_day_open,2026-05-24,event_day_open,holdout,pooled_empirical_residual,empirical_residual,1.25,2026-05-24|04,4,25°C ≤ T < 26°C,25°C,25°C,25.0,26.0,False,False,True,False,0,99,0.0,True,False,False,False,0.01,0.0009090909090909,True,False,3,25°C,False,31.5,PASSED
2026-05-24|event_day_open,2026-05-24,event_day_open,holdout,pooled_empirical_residual,empirical_residual,1.25,2026-05-24|05,5,26°C ≤ T < 27°C,26°C,26°C,26.0,27.0,False,False,True,False,0,99,0.0,True,False,False,False,0.01,0.0009090909090909,True,False,4,26°C,False,31.5,PASSED
2026-05-24|event_day_open,2026-05-24,event_day_open,holdout,pooled_empirical_residual,empirical_residual,1.25,2026-05-24|06,6,27°C ≤ T < 28°C,27°C,27°C,27.0,28.0,False,False,True,False,0,99,0.0,True,False,False,False,0.01,0.0009090909090909,True,False,5,27°C,False,31.5,PASSED
2026-05-24|event_day_open,2026-05-24,event_day_open,holdout,pooled_empirical_residual,empirical_residual,1.25,2026-05-24|07,7,28°C ≤ T < 29°C,28°C,28°C,28.0,29.0,False,False,True,False,4,99,0.0404040404040404,True,False,False,False,0.01,0.0409090909090909,True,False,6,28°C,False,31.5,PASSED
2026-05-24|event_day_open,2026-05-24,event_day_open,holdout,pooled_empirical_residual,empirical_residual,1.25,2026-05-24|08,8,29°C ≤ T < 30°C,29°C,29°C,29.0,30.0,False,False,True,False,9,99,0.0909090909090909,True,False,False,False,0.01,0.0909090909090909,True,False,7,29°C,False,31.5,PASSED
2026-05-24|event_day_open,2026-05-24,event_day_open,holdout,pooled_empirical_residual,empirical_residual,1.25,2026-05-24|09,9,30°C ≤ T < 31°C,30°C,30°C,30.0,31.0,False,False,True,False,17,99,0.1717171717171717,True,False,False,False,0.01,0.1709090909090909,True,False,8,30°C,False,31.5,PASSED
2026-05-24|event_day_open,2026-05-24,event_day_open,holdout,pooled_empirical_residual,empirical_residual,1.25,2026-05-24|10,10,31°C ≤ T < 32°C,31°C,31°C,31.0,32.0,False,False,True,False,32,99,0.3232323232323232,True,False,False,False,0.01,0.3209090909090908,True,False,9,31°C,True,31.5,PASSED
2026-05-24|event_day_open,2026-05-24,event_day_open,holdout,pooled_empirical_residual,empirical_residual,1.25,2026-05-24|11,11,T ≥ 32°C,32°C or higher,32°C or higher,32.0,,False,True,True,False,37,99,0.3737373737373737,True,False,False,False,0.01,0.3709090909090908,True,False,10,32°C or higher,False,31.5,PASSED
2026-05-25|12h_prior,2026-05-25,12h_prior,holdout,pooled_empirical_residual,empirical_residual,1.25,2026-05-25|01,1,T < 24°C,23°C or below,23°C or below,,24.0,True,False,True,False,0,99,0.0,True,False,False,False,0.01,0.0009090909090909,True,False,0,23°C or below,False,32.0,PASSED
2026-05-25|12h_prior,2026-05-25,12h_prior,holdout,pooled_empirical_residual,empirical_residual,1.25,2026-05-25|02,2,24°C ≤ T < 25°C,24°C,24°C,24.0,25.0,False,False,True,False,0,99,0.0,True,False,False,False,0.01,0.0009090909090909,True,False,1,24°C,False,32.0,PASSED
2026-05-25|12h_prior,2026-05-25,12h_prior,holdout,pooled_empirical_residual,empirical_residual,1.25,2026-05-25|03,3,25°C ≤ T < 26°C,25°C,25°C,25.0,26.0,False,False,True,False,0,99,0.0,True,False,False,False,0.01,0.0009090909090909,True,False,2,25°C,False,32.0,PASSED
2026-05-25|12h_prior,2026-05-25,12h_prior,holdout,pooled_empirical_residual,empirical_residual,1.25,2026-05-25|04,4,26°C ≤ T < 27°C,26°C,26°C,26.0,27.0,False,False,True,False,0,99,0.0,True,False,False,False,0.01,0.0009090909090909,True,False,3,26°C,False,32.0,PASSED
2026-05-25|12h_prior,2026-05-25,12h_prior,holdout,pooled_empirical_residual,empirical_residual,1.25,2026-05-25|05,5,27°C ≤ T < 28°C,27°C,27°C,27.0,28.0,False,False,True,False,0,99,0.0,True,False,False,False,0.01,0.0009090909090909,True,False,4,27°C,False,32.0,PASSED
2026-05-25|12h_prior,2026-05-25,12h_prior,holdout,pooled_empirical_residual,empirical_residual,1.25,2026-05-25|06,6,28°C ≤ T < 29°C,28°C,28°C,28.0,29.0,False,False,True,False,4,99,0.0404040404040404,True,False,False,False,0.01,0.0409090909090909,True,False,5,28°C,False,32.0,PASSED
2026-05-25|12h_prior,2026-05-25,12h_prior,holdout,pooled_empirical_residual,empirical_residual,1.25,2026-05-25|07,7,29°C ≤ T < 30°C,29°C,29°C,29.0,30.0,False,False,True,False,9,99,0.0909090909090909,True,False,False,False,0.01,0.0909090909090909,True,False,6,29°C,False,32.0,PASSED
2026-05-25|12h_prior,2026-05-25,12h_prior,holdout,pooled_empirical_residual,empirical_residual,1.25,2026-05-25|08,8,30°C ≤ T < 31°C,30°C,30°C,30.0,31.0,False,False,True,False,17,99,0.1717171717171717,True,False,False,False,0.01,0.1709090909090909,True,False,7,30°C,False,32.0,PASSED
2026-05-25|12h_prior,2026-05-25,12h_prior,holdout,pooled_empirical_residual,empirical_residual,1.25,2026-05-25|09,9,31°C ≤ T < 32°C,31°C,31°C,31.0,32.0,False,False,True,False,32,99,0.3232323232323232,True,False,False,False,0.01,0.3209090909090908,True,False,8,31°C,False,32.0,PASSED
2026-05-25|12h_prior,2026-05-25,12h_prior,holdout,pooled_empirical_residual,empirical_residual,1.25,2026-05-25|10,10,32°C ≤ T < 33°C,32°C,32°C,32.0,33.0,False,False,True,False,24,99,0.2424242424242424,True,False,False,False,0.01,0.2409090909090908,True,False,9,32°C,True,32.0,PASSED
2026-05-25|12h_prior,2026-05-25,12h_prior,holdout,pooled_empirical_residual,empirical_residual,1.25,2026-05-25|11,11,T ≥ 33°C,33°C or higher,33°C or higher,33.0,,False,True,True,False,13,99,0.1313131313131313,True,False,False,False,0.01,0.1309090909090909,True,False,10,33°C or higher,False,32.0,PASSED
2026-05-25|24h_prior,2026-05-25,24h_prior,holdout,pooled_empirical_residual,empirical_residual,1.25,2026-05-25|01,1,T < 24°C,23°C or below,23°C or below,,24.0,True,False,True,False,0,99,0.0,True,False,False,False,0.01,0.0009090909090909,True,False,0,23°C or below,False,32.0,PASSED
2026-05-25|24h_prior,2026-05-25,24h_prior,holdout,pooled_empirical_residual,empirical_residual,1.25,2026-05-25|02,2,24°C ≤ T < 25°C,24°C,24°C,24.0,25.0,False,False,True,False,0,99,0.0,True,False,False,False,0.01,0.0009090909090909,True,False,1,24°C,False,32.0,PASSED
2026-05-25|24h_prior,2026-05-25,24h_prior,holdout,pooled_empirical_residual,empirical_residual,1.25,2026-05-25|03,3,25°C ≤ T < 26°C,25°C,25°C,25.0,26.0,False,False,True,False,0,99,0.0,True,False,False,False,0.01,0.0009090909090909,True,False,2,25°C,False,32.0,PASSED
2026-05-25|24h_prior,2026-05-25,24h_prior,holdout,pooled_empirical_residual,empirical_residual,1.25,2026-05-25|04,4,26°C ≤ T < 27°C,26°C,26°C,26.0,27.0,False,False,True,False,0,99,0.0,True,False,False,False,0.01,0.0009090909090909,True,False,3,26°C,False,32.0,PASSED
2026-05-25|24h_prior,2026-05-25,24h_prior,holdout,pooled_empirical_residual,empirical_residual,1.25,2026-05-25|05,5,27°C ≤ T < 28°C,27°C,27°C,27.0,28.0,False,False,True,False,0,99,0.0,True,False,False,False,0.01,0.0009090909090909,True,False,4,27°C,False,32.0,PASSED
2026-05-25|24h_prior,2026-05-25,24h_prior,holdout,pooled_empirical_residual,empirical_residual,1.25,2026-05-25|06,6,28°C ≤ T < 29°C,28°C,28°C,28.0,29.0,False,False,True,False,5,99,0.0505050505050505,True,False,False,False,0.01,0.0509090909090909,True,False,5,28°C,False,32.0,PASSED
2026-05-25|24h_prior,2026-05-25,24h_prior,holdout,pooled_empirical_residual,empirical_residual,1.25,2026-05-25|07,7,29°C ≤ T < 30°C,29°C,29°C,29.0,30.0,False,False,True,False,9,99,0.0909090909090909,True,False,False,False,0.01,0.0909090909090909,True,False,6,29°C,False,32.0,PASSED
2026-05-25|24h_prior,2026-05-25,24h_prior,holdout,pooled_empirical_residual,empirical_residual,1.25,2026-05-25|08,8,30°C ≤ T < 31°C,30°C,30°C,30.0,31.0,False,False,True,False,20,99,0.202020202020202,True,False,False,False,0.01,0.2009090909090908,True,False,7,30°C,False,32.0,PASSED
2026-05-25|24h_prior,2026-05-25,24h_prior,holdout,pooled_empirical_residual,empirical_residual,1.25,2026-05-25|09,9,31°C ≤ T < 32°C,31°C,31°C,31.0,32.0,False,False,True,False,31,99,0.3131313131313131,True,False,False,False,0.01,0.3109090909090908,True,False,8,31°C,False,32.0,PASSED
2026-05-25|24h_prior,2026-05-25,24h_prior,holdout,pooled_empirical_residual,empirical_residual,1.25,2026-05-25|10,10,32°C ≤ T < 33°C,32°C,32°C,32.0,33.0,False,False,True,False,23,99,0.2323232323232323,True,False,False,False,0.01,0.2309090909090908,True,False,9,32°C,True,32.0,PASSED
2026-05-25|24h_prior,2026-05-25,24h_prior,holdout,pooled_empirical_residual,empirical_residual,1.25,2026-05-25|11,11,T ≥ 33°C,33°C or higher,33°C or higher,33.0,,False,True,True,False,11,99,0.1111111111111111,True,False,False,False,0.01,0.1109090909090909,True,False,10,33°C or higher,False,32.0,PASSED
2026-05-25|6h_prior,2026-05-25,6h_prior,holdout,pooled_empirical_residual,empirical_residual,1.25,2026-05-25|01,1,T < 24°C,23°C or below,23°C or below,,24.0,True,False,True,False,0,99,0.0,True,False,False,False,0.01,0.0009090909090909,True,False,0,23°C or below,False,32.0,PASSED
2026-05-25|6h_prior,2026-05-25,6h_prior,holdout,pooled_empirical_residual,empirical_residual,1.25,2026-05-25|02,2,24°C ≤ T < 25°C,24°C,24°C,24.0,25.0,False,False,True,False,0,99,0.0,True,False,False,False,0.01,0.0009090909090909,True,False,1,24°C,False,32.0,PASSED
2026-05-25|6h_prior,2026-05-25,6h_prior,holdout,pooled_empirical_residual,empirical_residual,1.25,2026-05-25|03,3,25°C ≤ T < 26°C,25°C,25°C,25.0,26.0,False,False,True,False,0,99,0.0,True,False,False,False,0.01,0.0009090909090909,True,False,2,25°C,False,32.0,PASSED
2026-05-25|6h_prior,2026-05-25,6h_prior,holdout,pooled_empirical_residual,empirical_residual,1.25,2026-05-25|04,4,26°C ≤ T < 27°C,26°C,26°C,26.0,27.0,False,False,True,False,0,99,0.0,True,False,False,False,0.01,0.0009090909090909,True,False,3,26°C,False,32.0,PASSED
2026-05-25|6h_prior,2026-05-25,6h_prior,holdout,pooled_empirical_residual,empirical_residual,1.25,2026-05-25|05,5,27°C ≤ T < 28°C,27°C,27°C,27.0,28.0,False,False,True,False,0,99,0.0,True,False,False,False,0.01,0.0009090909090909,True,False,4,27°C,False,32.0,PASSED
2026-05-25|6h_prior,2026-05-25,6h_prior,holdout,pooled_empirical_residual,empirical_residual,1.25,2026-05-25|06,6,28°C ≤ T < 29°C,28°C,28°C,28.0,29.0,False,False,True,False,4,99,0.0404040404040404,True,False,False,False,0.01,0.0409090909090909,True,False,5,28°C,False,32.0,PASSED
2026-05-25|6h_prior,2026-05-25,6h_prior,holdout,pooled_empirical_residual,empirical_residual,1.25,2026-05-25|07,7,29°C ≤ T < 30°C,29°C,29°C,29.0,30.0,False,False,True,False,9,99,0.0909090909090909,True,False,False,False,0.01,0.0909090909090909,True,False,6,29°C,False,32.0,PASSED
2026-05-25|6h_prior,2026-05-25,6h_prior,holdout,pooled_empirical_residual,empirical_residual,1.25,2026-05-25|08,8,30°C ≤ T < 31°C,30°C,30°C,30.0,31.0,False,False,True,False,15,99,0.1515151515151515,True,False,False,False,0.01,0.1509090909090908,True,False,7,30°C,False,32.0,PASSED
2026-05-25|6h_prior,2026-05-25,6h_prior,holdout,pooled_empirical_residual,empirical_residual,1.25,2026-05-25|09,9,31°C ≤ T < 32°C,31°C,31°C,31.0,32.0,False,False,True,False,32,99,0.3232323232323232,True,False,False,False,0.01,0.3209090909090908,True,False,8,31°C,False,32.0,PASSED
2026-05-25|6h_prior,2026-05-25,6h_prior,holdout,pooled_empirical_residual,empirical_residual,1.25,2026-05-25|10,10,32°C ≤ T < 33°C,32°C,32°C,32.0,33.0,False,False,True,False,22,99,0.2222222222222222,True,False,False,False,0.01,0.2209090909090909,True,False,9,32°C,True,32.0,PASSED
2026-05-25|6h_prior,2026-05-25,6h_prior,holdout,pooled_empirical_residual,empirical_residual,1.25,2026-05-25|11,11,T ≥ 33°C,33°C or higher,33°C or higher,33.0,,False,True,True,False,17,99,0.1717171717171717,True,False,False,False,0.01,0.1709090909090909,True,False,10,33°C or higher,False,32.0,PASSED
2026-05-25|event_day_open,2026-05-25,event_day_open,holdout,pooled_empirical_residual,empirical_residual,1.25,2026-05-25|01,1,T < 24°C,23°C or below,23°C or below,,24.0,True,False,True,False,0,99,0.0,True,False,False,False,0.01,0.0009090909090909,True,False,0,23°C or below,False,32.0,PASSED
2026-05-25|event_day_open,2026-05-25,event_day_open,holdout,pooled_empirical_residual,empirical_residual,1.25,2026-05-25|02,2,24°C ≤ T < 25°C,24°C,24°C,24.0,25.0,False,False,True,False,0,99,0.0,True,False,False,False,0.01,0.0009090909090909,True,False,1,24°C,False,32.0,PASSED
2026-05-25|event_day_open,2026-05-25,event_day_open,holdout,pooled_empirical_residual,empirical_residual,1.25,2026-05-25|03,3,25°C ≤ T < 26°C,25°C,25°C,25.0,26.0,False,False,True,False,0,99,0.0,True,False,False,False,0.01,0.0009090909090909,True,False,2,25°C,False,32.0,PASSED
2026-05-25|event_day_open,2026-05-25,event_day_open,holdout,pooled_empirical_residual,empirical_residual,1.25,2026-05-25|04,4,26°C ≤ T < 27°C,26°C,26°C,26.0,27.0,False,False,True,False,0,99,0.0,True,False,False,False,0.01,0.0009090909090909,True,False,3,26°C,False,32.0,PASSED
2026-05-25|event_day_open,2026-05-25,event_day_open,holdout,pooled_empirical_residual,empirical_residual,1.25,2026-05-25|05,5,27°C ≤ T < 28°C,27°C,27°C,27.0,28.0,False,False,True,False,0,99,0.0,True,False,False,False,0.01,0.0009090909090909,True,False,4,27°C,False,32.0,PASSED
2026-05-25|event_day_open,2026-05-25,event_day_open,holdout,pooled_empirical_residual,empirical_residual,1.25,2026-05-25|06,6,28°C ≤ T < 29°C,28°C,28°C,28.0,29.0,False,False,True,False,3,99,0.0303030303030303,True,False,False,False,0.01,0.0309090909090909,True,False,5,28°C,False,32.0,PASSED
2026-05-25|event_day_open,2026-05-25,event_day_open,holdout,pooled_empirical_residual,empirical_residual,1.25,2026-05-25|07,7,29°C ≤ T < 30°C,29°C,29°C,29.0,30.0,False,False,True,False,10,99,0.101010101010101,True,False,False,False,0.01,0.1009090909090908,True,False,6,29°C,False,32.0,PASSED
2026-05-25|event_day_open,2026-05-25,event_day_open,holdout,pooled_empirical_residual,empirical_residual,1.25,2026-05-25|08,8,30°C ≤ T < 31°C,30°C,30°C,30.0,31.0,False,False,True,False,11,99,0.1111111111111111,True,False,False,False,0.01,0.1109090909090909,True,False,7,30°C,False,32.0,PASSED
2026-05-25|event_day_open,2026-05-25,event_day_open,holdout,pooled_empirical_residual,empirical_residual,1.25,2026-05-25|09,9,31°C ≤ T < 32°C,31°C,31°C,31.0,32.0,False,False,True,False,32,99,0.3232323232323232,True,False,False,False,0.01,0.3209090909090908,True,False,8,31°C,False,32.0,PASSED
2026-05-25|event_day_open,2026-05-25,event_day_open,holdout,pooled_empirical_residual,empirical_residual,1.25,2026-05-25|10,10,32°C ≤ T < 33°C,32°C,32°C,32.0,33.0,False,False,True,False,22,99,0.2222222222222222,True,False,False,False,0.01,0.2209090909090909,True,False,9,32°C,True,32.0,PASSED
2026-05-25|event_day_open,2026-05-25,event_day_open,holdout,pooled_empirical_residual,empirical_residual,1.25,2026-05-25|11,11,T ≥ 33°C,33°C or higher,33°C or higher,33.0,,False,True,True,False,21,99,0.2121212121212121,True,False,False,False,0.01,0.2109090909090908,True,False,10,33°C or higher,False,32.0,PASSED
2026-05-26|12h_prior,2026-05-26,12h_prior,holdout,pooled_empirical_residual,empirical_residual,1.25,2026-05-26|01,1,T < 24°C,23°C or below,23°C or below,,24.0,True,False,True,False,0,99,0.0,True,False,False,False,0.01,0.0009090909090909,True,False,0,23°C or below,False,32.0,PASSED
2026-05-26|12h_prior,2026-05-26,12h_prior,holdout,pooled_empirical_residual,empirical_residual,1.25,2026-05-26|02,2,24°C ≤ T < 25°C,24°C,24°C,24.0,25.0,False,False,True,False,0,99,0.0,True,False,False,False,0.01,0.0009090909090909,True,False,1,24°C,False,32.0,PASSED
2026-05-26|12h_prior,2026-05-26,12h_prior,holdout,pooled_empirical_residual,empirical_residual,1.25,2026-05-26|03,3,25°C ≤ T < 26°C,25°C,25°C,25.0,26.0,False,False,True,False,0,99,0.0,True,False,False,False,0.01,0.0009090909090909,True,False,2,25°C,False,32.0,PASSED
2026-05-26|12h_prior,2026-05-26,12h_prior,holdout,pooled_empirical_residual,empirical_residual,1.25,2026-05-26|04,4,26°C ≤ T < 27°C,26°C,26°C,26.0,27.0,False,False,True,False,0,99,0.0,True,False,False,False,0.01,0.0009090909090909,True,False,3,26°C,False,32.0,PASSED
2026-05-26|12h_prior,2026-05-26,12h_prior,holdout,pooled_empirical_residual,empirical_residual,1.25,2026-05-26|05,5,27°C ≤ T < 28°C,27°C,27°C,27.0,28.0,False,False,True,False,0,99,0.0,True,False,False,False,0.01,0.0009090909090909,True,False,4,27°C,False,32.0,PASSED
2026-05-26|12h_prior,2026-05-26,12h_prior,holdout,pooled_empirical_residual,empirical_residual,1.25,2026-05-26|06,6,28°C ≤ T < 29°C,28°C,28°C,28.0,29.0,False,False,True,False,1,99,0.0101010101010101,True,False,False,False,0.01,0.0109090909090909,True,False,5,28°C,False,32.0,PASSED
2026-05-26|12h_prior,2026-05-26,12h_prior,holdout,pooled_empirical_residual,empirical_residual,1.25,2026-05-26|07,7,29°C ≤ T < 30°C,29°C,29°C,29.0,30.0,False,False,True,False,8,99,0.0808080808080808,True,False,False,False,0.01,0.0809090909090909,True,False,6,29°C,False,32.0,PASSED
2026-05-26|12h_prior,2026-05-26,12h_prior,holdout,pooled_empirical_residual,empirical_residual,1.25,2026-05-26|08,8,30°C ≤ T < 31°C,30°C,30°C,30.0,31.0,False,False,True,False,10,99,0.101010101010101,True,False,False,False,0.01,0.1009090909090908,True,False,7,30°C,False,32.0,PASSED
2026-05-26|12h_prior,2026-05-26,12h_prior,holdout,pooled_empirical_residual,empirical_residual,1.25,2026-05-26|09,9,31°C ≤ T < 32°C,31°C,31°C,31.0,32.0,False,False,True,False,28,99,0.2828282828282828,True,False,False,False,0.01,0.2809090909090909,True,False,8,31°C,False,32.0,PASSED
2026-05-26|12h_prior,2026-05-26,12h_prior,holdout,pooled_empirical_residual,empirical_residual,1.25,2026-05-26|10,10,32°C ≤ T < 33°C,32°C,32°C,32.0,33.0,False,False,True,False,25,99,0.2525252525252525,True,False,False,False,0.01,0.2509090909090908,True,False,9,32°C,True,32.0,PASSED
2026-05-26|12h_prior,2026-05-26,12h_prior,holdout,pooled_empirical_residual,empirical_residual,1.25,2026-05-26|11,11,T ≥ 33°C,33°C or higher,33°C or higher,33.0,,False,True,True,False,27,99,0.2727272727272727,True,False,False,False,0.01,0.2709090909090909,True,False,10,33°C or higher,False,32.0,PASSED
2026-05-26|24h_prior,2026-05-26,24h_prior,holdout,pooled_empirical_residual,empirical_residual,1.25,2026-05-26|01,1,T < 24°C,23°C or below,23°C or below,,24.0,True,False,True,False,0,99,0.0,True,False,False,False,0.01,0.0009090909090909,True,False,0,23°C or below,False,32.0,PASSED
2026-05-26|24h_prior,2026-05-26,24h_prior,holdout,pooled_empirical_residual,empirical_residual,1.25,2026-05-26|02,2,24°C ≤ T < 25°C,24°C,24°C,24.0,25.0,False,False,True,False,0,99,0.0,True,False,False,False,0.01,0.0009090909090909,True,False,1,24°C,False,32.0,PASSED
2026-05-26|24h_prior,2026-05-26,24h_prior,holdout,pooled_empirical_residual,empirical_residual,1.25,2026-05-26|03,3,25°C ≤ T < 26°C,25°C,25°C,25.0,26.0,False,False,True,False,0,99,0.0,True,False,False,False,0.01,0.0009090909090909,True,False,2,25°C,False,32.0,PASSED
2026-05-26|24h_prior,2026-05-26,24h_prior,holdout,pooled_empirical_residual,empirical_residual,1.25,2026-05-26|04,4,26°C ≤ T < 27°C,26°C,26°C,26.0,27.0,False,False,True,False,0,99,0.0,True,False,False,False,0.01,0.0009090909090909,True,False,3,26°C,False,32.0,PASSED
2026-05-26|24h_prior,2026-05-26,24h_prior,holdout,pooled_empirical_residual,empirical_residual,1.25,2026-05-26|05,5,27°C ≤ T < 28°C,27°C,27°C,27.0,28.0,False,False,True,False,0,99,0.0,True,False,False,False,0.01,0.0009090909090909,True,False,4,27°C,False,32.0,PASSED
2026-05-26|24h_prior,2026-05-26,24h_prior,holdout,pooled_empirical_residual,empirical_residual,1.25,2026-05-26|06,6,28°C ≤ T < 29°C,28°C,28°C,28.0,29.0,False,False,True,False,3,99,0.0303030303030303,True,False,False,False,0.01,0.0309090909090909,True,False,5,28°C,False,32.0,PASSED
2026-05-26|24h_prior,2026-05-26,24h_prior,holdout,pooled_empirical_residual,empirical_residual,1.25,2026-05-26|07,7,29°C ≤ T < 30°C,29°C,29°C,29.0,30.0,False,False,True,False,10,99,0.101010101010101,True,False,False,False,0.01,0.1009090909090908,True,False,6,29°C,False,32.0,PASSED
2026-05-26|24h_prior,2026-05-26,24h_prior,holdout,pooled_empirical_residual,empirical_residual,1.25,2026-05-26|08,8,30°C ≤ T < 31°C,30°C,30°C,30.0,31.0,False,False,True,False,11,99,0.1111111111111111,True,False,False,False,0.01,0.1109090909090909,True,False,7,30°C,False,32.0,PASSED
2026-05-26|24h_prior,2026-05-26,24h_prior,holdout,pooled_empirical_residual,empirical_residual,1.25,2026-05-26|09,9,31°C ≤ T < 32°C,31°C,31°C,31.0,32.0,False,False,True,False,32,99,0.3232323232323232,True,False,False,False,0.01,0.3209090909090908,True,False,8,31°C,False,32.0,PASSED
2026-05-26|24h_prior,2026-05-26,24h_prior,holdout,pooled_empirical_residual,empirical_residual,1.25,2026-05-26|10,10,32°C ≤ T < 33°C,32°C,32°C,32.0,33.0,False,False,True,False,22,99,0.2222222222222222,True,False,False,False,0.01,0.2209090909090909,True,False,9,32°C,True,32.0,PASSED
2026-05-26|24h_prior,2026-05-26,24h_prior,holdout,pooled_empirical_residual,empirical_residual,1.25,2026-05-26|11,11,T ≥ 33°C,33°C or higher,33°C or higher,33.0,,False,True,True,False,21,99,0.2121212121212121,True,False,False,False,0.01,0.2109090909090908,True,False,10,33°C or higher,False,32.0,PASSED
2026-05-26|6h_prior,2026-05-26,6h_prior,holdout,pooled_empirical_residual,empirical_residual,1.25,2026-05-26|01,1,T < 24°C,23°C or below,23°C or below,,24.0,True,False,True,False,0,99,0.0,True,False,False,False,0.01,0.0009090909090909,True,False,0,23°C or below,False,32.0,PASSED
2026-05-26|6h_prior,2026-05-26,6h_prior,holdout,pooled_empirical_residual,empirical_residual,1.25,2026-05-26|02,2,24°C ≤ T < 25°C,24°C,24°C,24.0,25.0,False,False,True,False,0,99,0.0,True,False,False,False,0.01,0.0009090909090909,True,False,1,24°C,False,32.0,PASSED
2026-05-26|6h_prior,2026-05-26,6h_prior,holdout,pooled_empirical_residual,empirical_residual,1.25,2026-05-26|03,3,25°C ≤ T < 26°C,25°C,25°C,25.0,26.0,False,False,True,False,0,99,0.0,True,False,False,False,0.01,0.0009090909090909,True,False,2,25°C,False,32.0,PASSED
2026-05-26|6h_prior,2026-05-26,6h_prior,holdout,pooled_empirical_residual,empirical_residual,1.25,2026-05-26|04,4,26°C ≤ T < 27°C,26°C,26°C,26.0,27.0,False,False,True,False,0,99,0.0,True,False,False,False,0.01,0.0009090909090909,True,False,3,26°C,False,32.0,PASSED
2026-05-26|6h_prior,2026-05-26,6h_prior,holdout,pooled_empirical_residual,empirical_residual,1.25,2026-05-26|05,5,27°C ≤ T < 28°C,27°C,27°C,27.0,28.0,False,False,True,False,0,99,0.0,True,False,False,False,0.01,0.0009090909090909,True,False,4,27°C,False,32.0,PASSED
2026-05-26|6h_prior,2026-05-26,6h_prior,holdout,pooled_empirical_residual,empirical_residual,1.25,2026-05-26|06,6,28°C ≤ T < 29°C,28°C,28°C,28.0,29.0,False,False,True,False,3,99,0.0303030303030303,True,False,False,False,0.01,0.0309090909090909,True,False,5,28°C,False,32.0,PASSED
2026-05-26|6h_prior,2026-05-26,6h_prior,holdout,pooled_empirical_residual,empirical_residual,1.25,2026-05-26|07,7,29°C ≤ T < 30°C,29°C,29°C,29.0,30.0,False,False,True,False,10,99,0.101010101010101,True,False,False,False,0.01,0.1009090909090908,True,False,6,29°C,False,32.0,PASSED
2026-05-26|6h_prior,2026-05-26,6h_prior,holdout,pooled_empirical_residual,empirical_residual,1.25,2026-05-26|08,8,30°C ≤ T < 31°C,30°C,30°C,30.0,31.0,False,False,True,False,11,99,0.1111111111111111,True,False,False,False,0.01,0.1109090909090909,True,False,7,30°C,False,32.0,PASSED
2026-05-26|6h_prior,2026-05-26,6h_prior,holdout,pooled_empirical_residual,empirical_residual,1.25,2026-05-26|09,9,31°C ≤ T < 32°C,31°C,31°C,31.0,32.0,False,False,True,False,32,99,0.3232323232323232,True,False,False,False,0.01,0.3209090909090908,True,False,8,31°C,False,32.0,PASSED
2026-05-26|6h_prior,2026-05-26,6h_prior,holdout,pooled_empirical_residual,empirical_residual,1.25,2026-05-26|10,10,32°C ≤ T < 33°C,32°C,32°C,32.0,33.0,False,False,True,False,22,99,0.2222222222222222,True,False,False,False,0.01,0.2209090909090909,True,False,9,32°C,True,32.0,PASSED
2026-05-26|6h_prior,2026-05-26,6h_prior,holdout,pooled_empirical_residual,empirical_residual,1.25,2026-05-26|11,11,T ≥ 33°C,33°C or higher,33°C or higher,33.0,,False,True,True,False,21,99,0.2121212121212121,True,False,False,False,0.01,0.2109090909090908,True,False,10,33°C or higher,False,32.0,PASSED
2026-05-26|event_day_open,2026-05-26,event_day_open,holdout,pooled_empirical_residual,empirical_residual,1.25,2026-05-26|01,1,T < 24°C,23°C or below,23°C or below,,24.0,True,False,True,False,0,99,0.0,True,False,False,False,0.01,0.0009090909090909,True,False,0,23°C or below,False,32.0,PASSED
2026-05-26|event_day_open,2026-05-26,event_day_open,holdout,pooled_empirical_residual,empirical_residual,1.25,2026-05-26|02,2,24°C ≤ T < 25°C,24°C,24°C,24.0,25.0,False,False,True,False,0,99,0.0,True,False,False,False,0.01,0.0009090909090909,True,False,1,24°C,False,32.0,PASSED
2026-05-26|event_day_open,2026-05-26,event_day_open,holdout,pooled_empirical_residual,empirical_residual,1.25,2026-05-26|03,3,25°C ≤ T < 26°C,25°C,25°C,25.0,26.0,False,False,True,False,0,99,0.0,True,False,False,False,0.01,0.0009090909090909,True,False,2,25°C,False,32.0,PASSED
2026-05-26|event_day_open,2026-05-26,event_day_open,holdout,pooled_empirical_residual,empirical_residual,1.25,2026-05-26|04,4,26°C ≤ T < 27°C,26°C,26°C,26.0,27.0,False,False,True,False,0,99,0.0,True,False,False,False,0.01,0.0009090909090909,True,False,3,26°C,False,32.0,PASSED
2026-05-26|event_day_open,2026-05-26,event_day_open,holdout,pooled_empirical_residual,empirical_residual,1.25,2026-05-26|05,5,27°C ≤ T < 28°C,27°C,27°C,27.0,28.0,False,False,True,False,0,99,0.0,True,False,False,False,0.01,0.0009090909090909,True,False,4,27°C,False,32.0,PASSED
2026-05-26|event_day_open,2026-05-26,event_day_open,holdout,pooled_empirical_residual,empirical_residual,1.25,2026-05-26|06,6,28°C ≤ T < 29°C,28°C,28°C,28.0,29.0,False,False,True,False,1,99,0.0101010101010101,True,False,False,False,0.01,0.0109090909090909,True,False,5,28°C,False,32.0,PASSED
2026-05-26|event_day_open,2026-05-26,event_day_open,holdout,pooled_empirical_residual,empirical_residual,1.25,2026-05-26|07,7,29°C ≤ T < 30°C,29°C,29°C,29.0,30.0,False,False,True,False,8,99,0.0808080808080808,True,False,False,False,0.01,0.0809090909090909,True,False,6,29°C,False,32.0,PASSED
2026-05-26|event_day_open,2026-05-26,event_day_open,holdout,pooled_empirical_residual,empirical_residual,1.25,2026-05-26|08,8,30°C ≤ T < 31°C,30°C,30°C,30.0,31.0,False,False,True,False,10,99,0.101010101010101,True,False,False,False,0.01,0.1009090909090908,True,False,7,30°C,False,32.0,PASSED
2026-05-26|event_day_open,2026-05-26,event_day_open,holdout,pooled_empirical_residual,empirical_residual,1.25,2026-05-26|09,9,31°C ≤ T < 32°C,31°C,31°C,31.0,32.0,False,False,True,False,28,99,0.2828282828282828,True,False,False,False,0.01,0.2809090909090909,True,False,8,31°C,False,32.0,PASSED
2026-05-26|event_day_open,2026-05-26,event_day_open,holdout,pooled_empirical_residual,empirical_residual,1.25,2026-05-26|10,10,32°C ≤ T < 33°C,32°C,32°C,32.0,33.0,False,False,True,False,25,99,0.2525252525252525,True,False,False,False,0.01,0.2509090909090908,True,False,9,32°C,True,32.0,PASSED
2026-05-26|event_day_open,2026-05-26,event_day_open,holdout,pooled_empirical_residual,empirical_residual,1.25,2026-05-26|11,11,T ≥ 33°C,33°C or higher,33°C or higher,33.0,,False,True,True,False,27,99,0.2727272727272727,True,False,False,False,0.01,0.2709090909090909,True,False,10,33°C or higher,False,32.0,PASSED
2026-05-27|12h_prior,2026-05-27,12h_prior,holdout,pooled_empirical_residual,empirical_residual,1.25,2026-05-27|01,1,T < 25°C,24°C or below,24°C or below,,25.0,True,False,True,False,0,99,0.0,True,False,False,False,0.01,0.0009090909090909,True,False,0,24°C or below,False,33.7,PASSED
2026-05-27|12h_prior,2026-05-27,12h_prior,holdout,pooled_empirical_residual,empirical_residual,1.25,2026-05-27|02,2,25°C ≤ T < 26°C,25°C,25°C,25.0,26.0,False,False,True,False,0,99,0.0,True,False,False,False,0.01,0.0009090909090909,True,False,1,25°C,False,33.7,PASSED
2026-05-27|12h_prior,2026-05-27,12h_prior,holdout,pooled_empirical_residual,empirical_residual,1.25,2026-05-27|03,3,26°C ≤ T < 27°C,26°C,26°C,26.0,27.0,False,False,True,False,0,99,0.0,True,False,False,False,0.01,0.0009090909090909,True,False,2,26°C,False,33.7,PASSED
2026-05-27|12h_prior,2026-05-27,12h_prior,holdout,pooled_empirical_residual,empirical_residual,1.25,2026-05-27|04,4,27°C ≤ T < 28°C,27°C,27°C,27.0,28.0,False,False,True,False,0,99,0.0,True,False,False,False,0.01,0.0009090909090909,True,False,3,27°C,False,33.7,PASSED
2026-05-27|12h_prior,2026-05-27,12h_prior,holdout,pooled_empirical_residual,empirical_residual,1.25,2026-05-27|05,5,28°C ≤ T < 29°C,28°C,28°C,28.0,29.0,False,False,True,False,0,99,0.0,True,False,False,False,0.01,0.0009090909090909,True,False,4,28°C,False,33.7,PASSED
2026-05-27|12h_prior,2026-05-27,12h_prior,holdout,pooled_empirical_residual,empirical_residual,1.25,2026-05-27|06,6,29°C ≤ T < 30°C,29°C,29°C,29.0,30.0,False,False,True,False,3,99,0.0303030303030303,True,False,False,False,0.01,0.0309090909090909,True,False,5,29°C,False,33.7,PASSED
2026-05-27|12h_prior,2026-05-27,12h_prior,holdout,pooled_empirical_residual,empirical_residual,1.25,2026-05-27|07,7,30°C ≤ T < 31°C,30°C,30°C,30.0,31.0,False,False,True,False,10,99,0.101010101010101,True,False,False,False,0.01,0.1009090909090908,True,False,6,30°C,False,33.7,PASSED
2026-05-27|12h_prior,2026-05-27,12h_prior,holdout,pooled_empirical_residual,empirical_residual,1.25,2026-05-27|08,8,31°C ≤ T < 32°C,31°C,31°C,31.0,32.0,False,False,True,False,11,99,0.1111111111111111,True,False,False,False,0.01,0.1109090909090909,True,False,7,31°C,False,33.7,PASSED
2026-05-27|12h_prior,2026-05-27,12h_prior,holdout,pooled_empirical_residual,empirical_residual,1.25,2026-05-27|09,9,32°C ≤ T < 33°C,32°C,32°C,32.0,33.0,False,False,True,False,32,99,0.3232323232323232,True,False,False,False,0.01,0.3209090909090908,True,False,8,32°C,False,33.7,PASSED
2026-05-27|12h_prior,2026-05-27,12h_prior,holdout,pooled_empirical_residual,empirical_residual,1.25,2026-05-27|10,10,33°C ≤ T < 34°C,33°C,33°C,33.0,34.0,False,False,True,False,22,99,0.2222222222222222,True,False,False,False,0.01,0.2209090909090909,True,False,9,33°C,True,33.7,PASSED
2026-05-27|12h_prior,2026-05-27,12h_prior,holdout,pooled_empirical_residual,empirical_residual,1.25,2026-05-27|11,11,T ≥ 34°C,34°C or higher,34°C or higher,34.0,,False,True,True,False,21,99,0.2121212121212121,True,False,False,False,0.01,0.2109090909090908,True,False,10,34°C or higher,False,33.7,PASSED
2026-05-27|24h_prior,2026-05-27,24h_prior,holdout,pooled_empirical_residual,empirical_residual,1.25,2026-05-27|01,1,T < 25°C,24°C or below,24°C or below,,25.0,True,False,True,False,0,99,0.0,True,False,False,False,0.01,0.0009090909090909,True,False,0,24°C or below,False,33.7,PASSED
2026-05-27|24h_prior,2026-05-27,24h_prior,holdout,pooled_empirical_residual,empirical_residual,1.25,2026-05-27|02,2,25°C ≤ T < 26°C,25°C,25°C,25.0,26.0,False,False,True,False,0,99,0.0,True,False,False,False,0.01,0.0009090909090909,True,False,1,25°C,False,33.7,PASSED
2026-05-27|24h_prior,2026-05-27,24h_prior,holdout,pooled_empirical_residual,empirical_residual,1.25,2026-05-27|03,3,26°C ≤ T < 27°C,26°C,26°C,26.0,27.0,False,False,True,False,0,99,0.0,True,False,False,False,0.01,0.0009090909090909,True,False,2,26°C,False,33.7,PASSED
2026-05-27|24h_prior,2026-05-27,24h_prior,holdout,pooled_empirical_residual,empirical_residual,1.25,2026-05-27|04,4,27°C ≤ T < 28°C,27°C,27°C,27.0,28.0,False,False,True,False,0,99,0.0,True,False,False,False,0.01,0.0009090909090909,True,False,3,27°C,False,33.7,PASSED
2026-05-27|24h_prior,2026-05-27,24h_prior,holdout,pooled_empirical_residual,empirical_residual,1.25,2026-05-27|05,5,28°C ≤ T < 29°C,28°C,28°C,28.0,29.0,False,False,True,False,0,99,0.0,True,False,False,False,0.01,0.0009090909090909,True,False,4,28°C,False,33.7,PASSED
2026-05-27|24h_prior,2026-05-27,24h_prior,holdout,pooled_empirical_residual,empirical_residual,1.25,2026-05-27|06,6,29°C ≤ T < 30°C,29°C,29°C,29.0,30.0,False,False,True,False,4,99,0.0404040404040404,True,False,False,False,0.01,0.0409090909090909,True,False,5,29°C,False,33.7,PASSED
2026-05-27|24h_prior,2026-05-27,24h_prior,holdout,pooled_empirical_residual,empirical_residual,1.25,2026-05-27|07,7,30°C ≤ T < 31°C,30°C,30°C,30.0,31.0,False,False,True,False,9,99,0.0909090909090909,True,False,False,False,0.01,0.0909090909090909,True,False,6,30°C,False,33.7,PASSED
2026-05-27|24h_prior,2026-05-27,24h_prior,holdout,pooled_empirical_residual,empirical_residual,1.25,2026-05-27|08,8,31°C ≤ T < 32°C,31°C,31°C,31.0,32.0,False,False,True,False,19,99,0.1919191919191919,True,False,False,False,0.01,0.1909090909090909,True,False,7,31°C,False,33.7,PASSED
2026-05-27|24h_prior,2026-05-27,24h_prior,holdout,pooled_empirical_residual,empirical_residual,1.25,2026-05-27|09,9,32°C ≤ T < 33°C,32°C,32°C,32.0,33.0,False,False,True,False,30,99,0.303030303030303,True,False,False,False,0.01,0.3009090909090908,True,False,8,32°C,False,33.7,PASSED
2026-05-27|24h_prior,2026-05-27,24h_prior,holdout,pooled_empirical_residual,empirical_residual,1.25,2026-05-27|10,10,33°C ≤ T < 34°C,33°C,33°C,33.0,34.0,False,False,True,False,24,99,0.2424242424242424,True,False,False,False,0.01,0.2409090909090908,True,False,9,33°C,True,33.7,PASSED
2026-05-27|24h_prior,2026-05-27,24h_prior,holdout,pooled_empirical_residual,empirical_residual,1.25,2026-05-27|11,11,T ≥ 34°C,34°C or higher,34°C or higher,34.0,,False,True,True,False,13,99,0.1313131313131313,True,False,False,False,0.01,0.1309090909090909,True,False,10,34°C or higher,False,33.7,PASSED
2026-05-27|6h_prior,2026-05-27,6h_prior,holdout,pooled_empirical_residual,empirical_residual,1.25,2026-05-27|01,1,T < 25°C,24°C or below,24°C or below,,25.0,True,False,True,False,0,99,0.0,True,False,False,False,0.01,0.0009090909090909,True,False,0,24°C or below,False,33.7,PASSED
2026-05-27|6h_prior,2026-05-27,6h_prior,holdout,pooled_empirical_residual,empirical_residual,1.25,2026-05-27|02,2,25°C ≤ T < 26°C,25°C,25°C,25.0,26.0,False,False,True,False,0,99,0.0,True,False,False,False,0.01,0.0009090909090909,True,False,1,25°C,False,33.7,PASSED
2026-05-27|6h_prior,2026-05-27,6h_prior,holdout,pooled_empirical_residual,empirical_residual,1.25,2026-05-27|03,3,26°C ≤ T < 27°C,26°C,26°C,26.0,27.0,False,False,True,False,0,99,0.0,True,False,False,False,0.01,0.0009090909090909,True,False,2,26°C,False,33.7,PASSED
2026-05-27|6h_prior,2026-05-27,6h_prior,holdout,pooled_empirical_residual,empirical_residual,1.25,2026-05-27|04,4,27°C ≤ T < 28°C,27°C,27°C,27.0,28.0,False,False,True,False,0,99,0.0,True,False,False,False,0.01,0.0009090909090909,True,False,3,27°C,False,33.7,PASSED
2026-05-27|6h_prior,2026-05-27,6h_prior,holdout,pooled_empirical_residual,empirical_residual,1.25,2026-05-27|05,5,28°C ≤ T < 29°C,28°C,28°C,28.0,29.0,False,False,True,False,0,99,0.0,True,False,False,False,0.01,0.0009090909090909,True,False,4,28°C,False,33.7,PASSED
2026-05-27|6h_prior,2026-05-27,6h_prior,holdout,pooled_empirical_residual,empirical_residual,1.25,2026-05-27|06,6,29°C ≤ T < 30°C,29°C,29°C,29.0,30.0,False,False,True,False,4,99,0.0404040404040404,True,False,False,False,0.01,0.0409090909090909,True,False,5,29°C,False,33.7,PASSED
2026-05-27|6h_prior,2026-05-27,6h_prior,holdout,pooled_empirical_residual,empirical_residual,1.25,2026-05-27|07,7,30°C ≤ T < 31°C,30°C,30°C,30.0,31.0,False,False,True,False,9,99,0.0909090909090909,True,False,False,False,0.01,0.0909090909090909,True,False,6,30°C,False,33.7,PASSED
2026-05-27|6h_prior,2026-05-27,6h_prior,holdout,pooled_empirical_residual,empirical_residual,1.25,2026-05-27|08,8,31°C ≤ T < 32°C,31°C,31°C,31.0,32.0,False,False,True,False,19,99,0.1919191919191919,True,False,False,False,0.01,0.1909090909090909,True,False,7,31°C,False,33.7,PASSED
2026-05-27|6h_prior,2026-05-27,6h_prior,holdout,pooled_empirical_residual,empirical_residual,1.25,2026-05-27|09,9,32°C ≤ T < 33°C,32°C,32°C,32.0,33.0,False,False,True,False,30,99,0.303030303030303,True,False,False,False,0.01,0.3009090909090908,True,False,8,32°C,False,33.7,PASSED
2026-05-27|6h_prior,2026-05-27,6h_prior,holdout,pooled_empirical_residual,empirical_residual,1.25,2026-05-27|10,10,33°C ≤ T < 34°C,33°C,33°C,33.0,34.0,False,False,True,False,24,99,0.2424242424242424,True,False,False,False,0.01,0.2409090909090908,True,False,9,33°C,True,33.7,PASSED
2026-05-27|6h_prior,2026-05-27,6h_prior,holdout,pooled_empirical_residual,empirical_residual,1.25,2026-05-27|11,11,T ≥ 34°C,34°C or higher,34°C or higher,34.0,,False,True,True,False,13,99,0.1313131313131313,True,False,False,False,0.01,0.1309090909090909,True,False,10,34°C or higher,False,33.7,PASSED
2026-05-27|event_day_open,2026-05-27,event_day_open,holdout,pooled_empirical_residual,empirical_residual,1.25,2026-05-27|01,1,T < 25°C,24°C or below,24°C or below,,25.0,True,False,True,False,0,99,0.0,True,False,False,False,0.01,0.0009090909090909,True,False,0,24°C or below,False,33.7,PASSED
2026-05-27|event_day_open,2026-05-27,event_day_open,holdout,pooled_empirical_residual,empirical_residual,1.25,2026-05-27|02,2,25°C ≤ T < 26°C,25°C,25°C,25.0,26.0,False,False,True,False,0,99,0.0,True,False,False,False,0.01,0.0009090909090909,True,False,1,25°C,False,33.7,PASSED
2026-05-27|event_day_open,2026-05-27,event_day_open,holdout,pooled_empirical_residual,empirical_residual,1.25,2026-05-27|03,3,26°C ≤ T < 27°C,26°C,26°C,26.0,27.0,False,False,True,False,0,99,0.0,True,False,False,False,0.01,0.0009090909090909,True,False,2,26°C,False,33.7,PASSED
2026-05-27|event_day_open,2026-05-27,event_day_open,holdout,pooled_empirical_residual,empirical_residual,1.25,2026-05-27|04,4,27°C ≤ T < 28°C,27°C,27°C,27.0,28.0,False,False,True,False,0,99,0.0,True,False,False,False,0.01,0.0009090909090909,True,False,3,27°C,False,33.7,PASSED
2026-05-27|event_day_open,2026-05-27,event_day_open,holdout,pooled_empirical_residual,empirical_residual,1.25,2026-05-27|05,5,28°C ≤ T < 29°C,28°C,28°C,28.0,29.0,False,False,True,False,0,99,0.0,True,False,False,False,0.01,0.0009090909090909,True,False,4,28°C,False,33.7,PASSED
2026-05-27|event_day_open,2026-05-27,event_day_open,holdout,pooled_empirical_residual,empirical_residual,1.25,2026-05-27|06,6,29°C ≤ T < 30°C,29°C,29°C,29.0,30.0,False,False,True,False,4,99,0.0404040404040404,True,False,False,False,0.01,0.0409090909090909,True,False,5,29°C,False,33.7,PASSED
2026-05-27|event_day_open,2026-05-27,event_day_open,holdout,pooled_empirical_residual,empirical_residual,1.25,2026-05-27|07,7,30°C ≤ T < 31°C,30°C,30°C,30.0,31.0,False,False,True,False,9,99,0.0909090909090909,True,False,False,False,0.01,0.0909090909090909,True,False,6,30°C,False,33.7,PASSED
2026-05-27|event_day_open,2026-05-27,event_day_open,holdout,pooled_empirical_residual,empirical_residual,1.25,2026-05-27|08,8,31°C ≤ T < 32°C,31°C,31°C,31.0,32.0,False,False,True,False,19,99,0.1919191919191919,True,False,False,False,0.01,0.1909090909090909,True,False,7,31°C,False,33.7,PASSED
2026-05-27|event_day_open,2026-05-27,event_day_open,holdout,pooled_empirical_residual,empirical_residual,1.25,2026-05-27|09,9,32°C ≤ T < 33°C,32°C,32°C,32.0,33.0,False,False,True,False,30,99,0.303030303030303,True,False,False,False,0.01,0.3009090909090908,True,False,8,32°C,False,33.7,PASSED
2026-05-27|event_day_open,2026-05-27,event_day_open,holdout,pooled_empirical_residual,empirical_residual,1.25,2026-05-27|10,10,33°C ≤ T < 34°C,33°C,33°C,33.0,34.0,False,False,True,False,24,99,0.2424242424242424,True,False,False,False,0.01,0.2409090909090908,True,False,9,33°C,True,33.7,PASSED
2026-05-27|event_day_open,2026-05-27,event_day_open,holdout,pooled_empirical_residual,empirical_residual,1.25,2026-05-27|11,11,T ≥ 34°C,34°C or higher,34°C or higher,34.0,,False,True,True,False,13,99,0.1313131313131313,True,False,False,False,0.01,0.1309090909090909,True,False,10,34°C or higher,False,33.7,PASSED
2026-05-28|12h_prior,2026-05-28,12h_prior,holdout,pooled_empirical_residual,empirical_residual,1.25,2026-05-28|01,1,T < 24°C,23°C or below,23°C or below,,24.0,True,False,True,False,0,99,0.0,True,False,False,False,0.01,0.0009090909090909,True,False,0,23°C or below,False,33.4,PASSED
2026-05-28|12h_prior,2026-05-28,12h_prior,holdout,pooled_empirical_residual,empirical_residual,1.25,2026-05-28|02,2,24°C ≤ T < 25°C,24°C,24°C,24.0,25.0,False,False,True,False,0,99,0.0,True,False,False,False,0.01,0.0009090909090909,True,False,1,24°C,False,33.4,PASSED
2026-05-28|12h_prior,2026-05-28,12h_prior,holdout,pooled_empirical_residual,empirical_residual,1.25,2026-05-28|03,3,25°C ≤ T < 26°C,25°C,25°C,25.0,26.0,False,False,True,False,0,99,0.0,True,False,False,False,0.01,0.0009090909090909,True,False,2,25°C,False,33.4,PASSED
2026-05-28|12h_prior,2026-05-28,12h_prior,holdout,pooled_empirical_residual,empirical_residual,1.25,2026-05-28|04,4,26°C ≤ T < 27°C,26°C,26°C,26.0,27.0,False,False,True,False,0,99,0.0,True,False,False,False,0.01,0.0009090909090909,True,False,3,26°C,False,33.4,PASSED
2026-05-28|12h_prior,2026-05-28,12h_prior,holdout,pooled_empirical_residual,empirical_residual,1.25,2026-05-28|05,5,27°C ≤ T < 28°C,27°C,27°C,27.0,28.0,False,False,True,False,0,99,0.0,True,False,False,False,0.01,0.0009090909090909,True,False,4,27°C,False,33.4,PASSED
2026-05-28|12h_prior,2026-05-28,12h_prior,holdout,pooled_empirical_residual,empirical_residual,1.25,2026-05-28|06,6,28°C ≤ T < 29°C,28°C,28°C,28.0,29.0,False,False,True,False,0,99,0.0,True,False,False,False,0.01,0.0009090909090909,True,False,5,28°C,False,33.4,PASSED
2026-05-28|12h_prior,2026-05-28,12h_prior,holdout,pooled_empirical_residual,empirical_residual,1.25,2026-05-28|07,7,29°C ≤ T < 30°C,29°C,29°C,29.0,30.0,False,False,True,False,0,99,0.0,True,False,False,False,0.01,0.0009090909090909,True,False,6,29°C,False,33.4,PASSED
2026-05-28|12h_prior,2026-05-28,12h_prior,holdout,pooled_empirical_residual,empirical_residual,1.25,2026-05-28|08,8,30°C ≤ T < 31°C,30°C,30°C,30.0,31.0,False,False,True,False,6,99,0.0606060606060606,True,False,False,False,0.01,0.0609090909090909,True,False,7,30°C,False,33.4,PASSED
2026-05-28|12h_prior,2026-05-28,12h_prior,holdout,pooled_empirical_residual,empirical_residual,1.25,2026-05-28|09,9,31°C ≤ T < 32°C,31°C,31°C,31.0,32.0,False,False,True,False,10,99,0.101010101010101,True,False,False,False,0.01,0.1009090909090908,True,False,8,31°C,False,33.4,PASSED
2026-05-28|12h_prior,2026-05-28,12h_prior,holdout,pooled_empirical_residual,empirical_residual,1.25,2026-05-28|10,10,32°C ≤ T < 33°C,32°C,32°C,32.0,33.0,False,False,True,False,21,99,0.2121212121212121,True,False,False,False,0.01,0.2109090909090908,True,False,9,32°C,False,33.4,PASSED
2026-05-28|12h_prior,2026-05-28,12h_prior,holdout,pooled_empirical_residual,empirical_residual,1.25,2026-05-28|11,11,T ≥ 33°C,33°C or higher,33°C or higher,33.0,,False,True,True,False,62,99,0.6262626262626263,True,False,False,False,0.01,0.6209090909090909,True,False,10,33°C or higher,True,33.4,PASSED
2026-05-28|24h_prior,2026-05-28,24h_prior,holdout,pooled_empirical_residual,empirical_residual,1.25,2026-05-28|01,1,T < 24°C,23°C or below,23°C or below,,24.0,True,False,True,False,0,99,0.0,True,False,False,False,0.01,0.0009090909090909,True,False,0,23°C or below,False,33.4,PASSED
2026-05-28|24h_prior,2026-05-28,24h_prior,holdout,pooled_empirical_residual,empirical_residual,1.25,2026-05-28|02,2,24°C ≤ T < 25°C,24°C,24°C,24.0,25.0,False,False,True,False,0,99,0.0,True,False,False,False,0.01,0.0009090909090909,True,False,1,24°C,False,33.4,PASSED
2026-05-28|24h_prior,2026-05-28,24h_prior,holdout,pooled_empirical_residual,empirical_residual,1.25,2026-05-28|03,3,25°C ≤ T < 26°C,25°C,25°C,25.0,26.0,False,False,True,False,0,99,0.0,True,False,False,False,0.01,0.0009090909090909,True,False,2,25°C,False,33.4,PASSED
2026-05-28|24h_prior,2026-05-28,24h_prior,holdout,pooled_empirical_residual,empirical_residual,1.25,2026-05-28|04,4,26°C ≤ T < 27°C,26°C,26°C,26.0,27.0,False,False,True,False,0,99,0.0,True,False,False,False,0.01,0.0009090909090909,True,False,3,26°C,False,33.4,PASSED
2026-05-28|24h_prior,2026-05-28,24h_prior,holdout,pooled_empirical_residual,empirical_residual,1.25,2026-05-28|05,5,27°C ≤ T < 28°C,27°C,27°C,27.0,28.0,False,False,True,False,0,99,0.0,True,False,False,False,0.01,0.0009090909090909,True,False,4,27°C,False,33.4,PASSED
2026-05-28|24h_prior,2026-05-28,24h_prior,holdout,pooled_empirical_residual,empirical_residual,1.25,2026-05-28|06,6,28°C ≤ T < 29°C,28°C,28°C,28.0,29.0,False,False,True,False,0,99,0.0,True,False,False,False,0.01,0.0009090909090909,True,False,5,28°C,False,33.4,PASSED
2026-05-28|24h_prior,2026-05-28,24h_prior,holdout,pooled_empirical_residual,empirical_residual,1.25,2026-05-28|07,7,29°C ≤ T < 30°C,29°C,29°C,29.0,30.0,False,False,True,False,2,99,0.0202020202020202,True,False,False,False,0.01,0.0209090909090909,True,False,6,29°C,False,33.4,PASSED
2026-05-28|24h_prior,2026-05-28,24h_prior,holdout,pooled_empirical_residual,empirical_residual,1.25,2026-05-28|08,8,30°C ≤ T < 31°C,30°C,30°C,30.0,31.0,False,False,True,False,9,99,0.0909090909090909,True,False,False,False,0.01,0.0909090909090909,True,False,7,30°C,False,33.4,PASSED
2026-05-28|24h_prior,2026-05-28,24h_prior,holdout,pooled_empirical_residual,empirical_residual,1.25,2026-05-28|09,9,31°C ≤ T < 32°C,31°C,31°C,31.0,32.0,False,False,True,False,10,99,0.101010101010101,True,False,False,False,0.01,0.1009090909090908,True,False,8,31°C,False,33.4,PASSED
2026-05-28|24h_prior,2026-05-28,24h_prior,holdout,pooled_empirical_residual,empirical_residual,1.25,2026-05-28|10,10,32°C ≤ T < 33°C,32°C,32°C,32.0,33.0,False,False,True,False,32,99,0.3232323232323232,True,False,False,False,0.01,0.3209090909090908,True,False,9,32°C,False,33.4,PASSED
2026-05-28|24h_prior,2026-05-28,24h_prior,holdout,pooled_empirical_residual,empirical_residual,1.25,2026-05-28|11,11,T ≥ 33°C,33°C or higher,33°C or higher,33.0,,False,True,True,False,46,99,0.4646464646464646,True,False,False,False,0.01,0.4609090909090908,True,False,10,33°C or higher,True,33.4,PASSED
2026-05-28|6h_prior,2026-05-28,6h_prior,holdout,pooled_empirical_residual,empirical_residual,1.25,2026-05-28|01,1,T < 24°C,23°C or below,23°C or below,,24.0,True,False,True,False,0,99,0.0,True,False,False,False,0.01,0.0009090909090909,True,False,0,23°C or below,False,33.4,PASSED
2026-05-28|6h_prior,2026-05-28,6h_prior,holdout,pooled_empirical_residual,empirical_residual,1.25,2026-05-28|02,2,24°C ≤ T < 25°C,24°C,24°C,24.0,25.0,False,False,True,False,0,99,0.0,True,False,False,False,0.01,0.0009090909090909,True,False,1,24°C,False,33.4,PASSED
2026-05-28|6h_prior,2026-05-28,6h_prior,holdout,pooled_empirical_residual,empirical_residual,1.25,2026-05-28|03,3,25°C ≤ T < 26°C,25°C,25°C,25.0,26.0,False,False,True,False,0,99,0.0,True,False,False,False,0.01,0.0009090909090909,True,False,2,25°C,False,33.4,PASSED
2026-05-28|6h_prior,2026-05-28,6h_prior,holdout,pooled_empirical_residual,empirical_residual,1.25,2026-05-28|04,4,26°C ≤ T < 27°C,26°C,26°C,26.0,27.0,False,False,True,False,0,99,0.0,True,False,False,False,0.01,0.0009090909090909,True,False,3,26°C,False,33.4,PASSED
2026-05-28|6h_prior,2026-05-28,6h_prior,holdout,pooled_empirical_residual,empirical_residual,1.25,2026-05-28|05,5,27°C ≤ T < 28°C,27°C,27°C,27.0,28.0,False,False,True,False,0,99,0.0,True,False,False,False,0.01,0.0009090909090909,True,False,4,27°C,False,33.4,PASSED
2026-05-28|6h_prior,2026-05-28,6h_prior,holdout,pooled_empirical_residual,empirical_residual,1.25,2026-05-28|06,6,28°C ≤ T < 29°C,28°C,28°C,28.0,29.0,False,False,True,False,0,99,0.0,True,False,False,False,0.01,0.0009090909090909,True,False,5,28°C,False,33.4,PASSED
2026-05-28|6h_prior,2026-05-28,6h_prior,holdout,pooled_empirical_residual,empirical_residual,1.25,2026-05-28|07,7,29°C ≤ T < 30°C,29°C,29°C,29.0,30.0,False,False,True,False,1,99,0.0101010101010101,True,False,False,False,0.01,0.0109090909090909,True,False,6,29°C,False,33.4,PASSED
2026-05-28|6h_prior,2026-05-28,6h_prior,holdout,pooled_empirical_residual,empirical_residual,1.25,2026-05-28|08,8,30°C ≤ T < 31°C,30°C,30°C,30.0,31.0,False,False,True,False,8,99,0.0808080808080808,True,False,False,False,0.01,0.0809090909090909,True,False,7,30°C,False,33.4,PASSED
2026-05-28|6h_prior,2026-05-28,6h_prior,holdout,pooled_empirical_residual,empirical_residual,1.25,2026-05-28|09,9,31°C ≤ T < 32°C,31°C,31°C,31.0,32.0,False,False,True,False,10,99,0.101010101010101,True,False,False,False,0.01,0.1009090909090908,True,False,8,31°C,False,33.4,PASSED
2026-05-28|6h_prior,2026-05-28,6h_prior,holdout,pooled_empirical_residual,empirical_residual,1.25,2026-05-28|10,10,32°C ≤ T < 33°C,32°C,32°C,32.0,33.0,False,False,True,False,28,99,0.2828282828282828,True,False,False,False,0.01,0.2809090909090909,True,False,9,32°C,False,33.4,PASSED
2026-05-28|6h_prior,2026-05-28,6h_prior,holdout,pooled_empirical_residual,empirical_residual,1.25,2026-05-28|11,11,T ≥ 33°C,33°C or higher,33°C or higher,33.0,,False,True,True,False,52,99,0.5252525252525253,True,False,False,False,0.01,0.5209090909090909,True,False,10,33°C or higher,True,33.4,PASSED
2026-05-28|event_day_open,2026-05-28,event_day_open,holdout,pooled_empirical_residual,empirical_residual,1.25,2026-05-28|01,1,T < 24°C,23°C or below,23°C or below,,24.0,True,False,True,False,0,99,0.0,True,False,False,False,0.01,0.0009090909090909,True,False,0,23°C or below,False,33.4,PASSED
2026-05-28|event_day_open,2026-05-28,event_day_open,holdout,pooled_empirical_residual,empirical_residual,1.25,2026-05-28|02,2,24°C ≤ T < 25°C,24°C,24°C,24.0,25.0,False,False,True,False,0,99,0.0,True,False,False,False,0.01,0.0009090909090909,True,False,1,24°C,False,33.4,PASSED
2026-05-28|event_day_open,2026-05-28,event_day_open,holdout,pooled_empirical_residual,empirical_residual,1.25,2026-05-28|03,3,25°C ≤ T < 26°C,25°C,25°C,25.0,26.0,False,False,True,False,0,99,0.0,True,False,False,False,0.01,0.0009090909090909,True,False,2,25°C,False,33.4,PASSED
2026-05-28|event_day_open,2026-05-28,event_day_open,holdout,pooled_empirical_residual,empirical_residual,1.25,2026-05-28|04,4,26°C ≤ T < 27°C,26°C,26°C,26.0,27.0,False,False,True,False,0,99,0.0,True,False,False,False,0.01,0.0009090909090909,True,False,3,26°C,False,33.4,PASSED
2026-05-28|event_day_open,2026-05-28,event_day_open,holdout,pooled_empirical_residual,empirical_residual,1.25,2026-05-28|05,5,27°C ≤ T < 28°C,27°C,27°C,27.0,28.0,False,False,True,False,0,99,0.0,True,False,False,False,0.01,0.0009090909090909,True,False,4,27°C,False,33.4,PASSED
2026-05-28|event_day_open,2026-05-28,event_day_open,holdout,pooled_empirical_residual,empirical_residual,1.25,2026-05-28|06,6,28°C ≤ T < 29°C,28°C,28°C,28.0,29.0,False,False,True,False,0,99,0.0,True,False,False,False,0.01,0.0009090909090909,True,False,5,28°C,False,33.4,PASSED
2026-05-28|event_day_open,2026-05-28,event_day_open,holdout,pooled_empirical_residual,empirical_residual,1.25,2026-05-28|07,7,29°C ≤ T < 30°C,29°C,29°C,29.0,30.0,False,False,True,False,0,99,0.0,True,False,False,False,0.01,0.0009090909090909,True,False,6,29°C,False,33.4,PASSED
2026-05-28|event_day_open,2026-05-28,event_day_open,holdout,pooled_empirical_residual,empirical_residual,1.25,2026-05-28|08,8,30°C ≤ T < 31°C,30°C,30°C,30.0,31.0,False,False,True,False,4,99,0.0404040404040404,True,False,False,False,0.01,0.0409090909090909,True,False,7,30°C,False,33.4,PASSED
2026-05-28|event_day_open,2026-05-28,event_day_open,holdout,pooled_empirical_residual,empirical_residual,1.25,2026-05-28|09,9,31°C ≤ T < 32°C,31°C,31°C,31.0,32.0,False,False,True,False,9,99,0.0909090909090909,True,False,False,False,0.01,0.0909090909090909,True,False,8,31°C,False,33.4,PASSED
2026-05-28|event_day_open,2026-05-28,event_day_open,holdout,pooled_empirical_residual,empirical_residual,1.25,2026-05-28|10,10,32°C ≤ T < 33°C,32°C,32°C,32.0,33.0,False,False,True,False,19,99,0.1919191919191919,True,False,False,False,0.01,0.1909090909090909,True,False,9,32°C,False,33.4,PASSED
2026-05-28|event_day_open,2026-05-28,event_day_open,holdout,pooled_empirical_residual,empirical_residual,1.25,2026-05-28|11,11,T ≥ 33°C,33°C or higher,33°C or higher,33.0,,False,True,True,False,67,99,0.6767676767676768,True,False,False,False,0.01,0.6709090909090909,True,False,10,33°C or higher,True,33.4,PASSED
2026-05-29|12h_prior,2026-05-29,12h_prior,holdout,pooled_empirical_residual,empirical_residual,1.25,2026-05-29|01,1,T < 25°C,24°C or below,24°C or below,,25.0,True,False,True,False,0,99,0.0,True,False,False,False,0.01,0.0009090909090909,True,False,0,24°C or below,False,34.1,PASSED
2026-05-29|12h_prior,2026-05-29,12h_prior,holdout,pooled_empirical_residual,empirical_residual,1.25,2026-05-29|02,2,25°C ≤ T < 26°C,25°C,25°C,25.0,26.0,False,False,True,False,0,99,0.0,True,False,False,False,0.01,0.0009090909090909,True,False,1,25°C,False,34.1,PASSED
2026-05-29|12h_prior,2026-05-29,12h_prior,holdout,pooled_empirical_residual,empirical_residual,1.25,2026-05-29|03,3,26°C ≤ T < 27°C,26°C,26°C,26.0,27.0,False,False,True,False,0,99,0.0,True,False,False,False,0.01,0.0009090909090909,True,False,2,26°C,False,34.1,PASSED
2026-05-29|12h_prior,2026-05-29,12h_prior,holdout,pooled_empirical_residual,empirical_residual,1.25,2026-05-29|04,4,27°C ≤ T < 28°C,27°C,27°C,27.0,28.0,False,False,True,False,0,99,0.0,True,False,False,False,0.01,0.0009090909090909,True,False,3,27°C,False,34.1,PASSED
2026-05-29|12h_prior,2026-05-29,12h_prior,holdout,pooled_empirical_residual,empirical_residual,1.25,2026-05-29|05,5,28°C ≤ T < 29°C,28°C,28°C,28.0,29.0,False,False,True,False,0,99,0.0,True,False,False,False,0.01,0.0009090909090909,True,False,4,28°C,False,34.1,PASSED
2026-05-29|12h_prior,2026-05-29,12h_prior,holdout,pooled_empirical_residual,empirical_residual,1.25,2026-05-29|06,6,29°C ≤ T < 30°C,29°C,29°C,29.0,30.0,False,False,True,False,0,99,0.0,True,False,False,False,0.01,0.0009090909090909,True,False,5,29°C,False,34.1,PASSED
2026-05-29|12h_prior,2026-05-29,12h_prior,holdout,pooled_empirical_residual,empirical_residual,1.25,2026-05-29|07,7,30°C ≤ T < 31°C,30°C,30°C,30.0,31.0,False,False,True,False,0,99,0.0,True,False,False,False,0.01,0.0009090909090909,True,False,6,30°C,False,34.1,PASSED
2026-05-29|12h_prior,2026-05-29,12h_prior,holdout,pooled_empirical_residual,empirical_residual,1.25,2026-05-29|08,8,31°C ≤ T < 32°C,31°C,31°C,31.0,32.0,False,False,True,False,0,99,0.0,True,False,False,False,0.01,0.0009090909090909,True,False,7,31°C,False,34.1,PASSED
2026-05-29|12h_prior,2026-05-29,12h_prior,holdout,pooled_empirical_residual,empirical_residual,1.25,2026-05-29|09,9,32°C ≤ T < 33°C,32°C,32°C,32.0,33.0,False,False,True,False,0,99,0.0,True,False,False,False,0.01,0.0009090909090909,True,False,8,32°C,False,34.1,PASSED
2026-05-29|12h_prior,2026-05-29,12h_prior,holdout,pooled_empirical_residual,empirical_residual,1.25,2026-05-29|10,10,33°C ≤ T < 34°C,33°C,33°C,33.0,34.0,False,False,True,False,6,99,0.0606060606060606,True,False,False,False,0.01,0.0609090909090909,True,False,9,33°C,False,34.1,PASSED
2026-05-29|12h_prior,2026-05-29,12h_prior,holdout,pooled_empirical_residual,empirical_residual,1.25,2026-05-29|11,11,T ≥ 34°C,34°C or higher,34°C or higher,34.0,,False,True,True,False,93,99,0.9393939393939394,True,False,False,False,0.01,0.9309090909090908,True,False,10,34°C or higher,True,34.1,PASSED
2026-05-29|24h_prior,2026-05-29,24h_prior,holdout,pooled_empirical_residual,empirical_residual,1.25,2026-05-29|01,1,T < 25°C,24°C or below,24°C or below,,25.0,True,False,True,False,0,99,0.0,True,False,False,False,0.01,0.0009090909090909,True,False,0,24°C or below,False,34.1,PASSED
2026-05-29|24h_prior,2026-05-29,24h_prior,holdout,pooled_empirical_residual,empirical_residual,1.25,2026-05-29|02,2,25°C ≤ T < 26°C,25°C,25°C,25.0,26.0,False,False,True,False,0,99,0.0,True,False,False,False,0.01,0.0009090909090909,True,False,1,25°C,False,34.1,PASSED
2026-05-29|24h_prior,2026-05-29,24h_prior,holdout,pooled_empirical_residual,empirical_residual,1.25,2026-05-29|03,3,26°C ≤ T < 27°C,26°C,26°C,26.0,27.0,False,False,True,False,0,99,0.0,True,False,False,False,0.01,0.0009090909090909,True,False,2,26°C,False,34.1,PASSED
2026-05-29|24h_prior,2026-05-29,24h_prior,holdout,pooled_empirical_residual,empirical_residual,1.25,2026-05-29|04,4,27°C ≤ T < 28°C,27°C,27°C,27.0,28.0,False,False,True,False,0,99,0.0,True,False,False,False,0.01,0.0009090909090909,True,False,3,27°C,False,34.1,PASSED
2026-05-29|24h_prior,2026-05-29,24h_prior,holdout,pooled_empirical_residual,empirical_residual,1.25,2026-05-29|05,5,28°C ≤ T < 29°C,28°C,28°C,28.0,29.0,False,False,True,False,0,99,0.0,True,False,False,False,0.01,0.0009090909090909,True,False,4,28°C,False,34.1,PASSED
2026-05-29|24h_prior,2026-05-29,24h_prior,holdout,pooled_empirical_residual,empirical_residual,1.25,2026-05-29|06,6,29°C ≤ T < 30°C,29°C,29°C,29.0,30.0,False,False,True,False,0,99,0.0,True,False,False,False,0.01,0.0009090909090909,True,False,5,29°C,False,34.1,PASSED
2026-05-29|24h_prior,2026-05-29,24h_prior,holdout,pooled_empirical_residual,empirical_residual,1.25,2026-05-29|07,7,30°C ≤ T < 31°C,30°C,30°C,30.0,31.0,False,False,True,False,0,99,0.0,True,False,False,False,0.01,0.0009090909090909,True,False,6,30°C,False,34.1,PASSED
2026-05-29|24h_prior,2026-05-29,24h_prior,holdout,pooled_empirical_residual,empirical_residual,1.25,2026-05-29|08,8,31°C ≤ T < 32°C,31°C,31°C,31.0,32.0,False,False,True,False,0,99,0.0,True,False,False,False,0.01,0.0009090909090909,True,False,7,31°C,False,34.1,PASSED
2026-05-29|24h_prior,2026-05-29,24h_prior,holdout,pooled_empirical_residual,empirical_residual,1.25,2026-05-29|09,9,32°C ≤ T < 33°C,32°C,32°C,32.0,33.0,False,False,True,False,5,99,0.0505050505050505,True,False,False,False,0.01,0.0509090909090909,True,False,8,32°C,False,34.1,PASSED
2026-05-29|24h_prior,2026-05-29,24h_prior,holdout,pooled_empirical_residual,empirical_residual,1.25,2026-05-29|10,10,33°C ≤ T < 34°C,33°C,33°C,33.0,34.0,False,False,True,False,9,99,0.0909090909090909,True,False,False,False,0.01,0.0909090909090909,True,False,9,33°C,False,34.1,PASSED
2026-05-29|24h_prior,2026-05-29,24h_prior,holdout,pooled_empirical_residual,empirical_residual,1.25,2026-05-29|11,11,T ≥ 34°C,34°C or higher,34°C or higher,34.0,,False,True,True,False,85,99,0.8585858585858586,True,False,False,False,0.01,0.8509090909090908,True,False,10,34°C or higher,True,34.1,PASSED
2026-05-29|6h_prior,2026-05-29,6h_prior,holdout,pooled_empirical_residual,empirical_residual,1.25,2026-05-29|01,1,T < 25°C,24°C or below,24°C or below,,25.0,True,False,True,False,0,99,0.0,True,False,False,False,0.01,0.0009090909090909,True,False,0,24°C or below,False,34.1,PASSED
2026-05-29|6h_prior,2026-05-29,6h_prior,holdout,pooled_empirical_residual,empirical_residual,1.25,2026-05-29|02,2,25°C ≤ T < 26°C,25°C,25°C,25.0,26.0,False,False,True,False,0,99,0.0,True,False,False,False,0.01,0.0009090909090909,True,False,1,25°C,False,34.1,PASSED
2026-05-29|6h_prior,2026-05-29,6h_prior,holdout,pooled_empirical_residual,empirical_residual,1.25,2026-05-29|03,3,26°C ≤ T < 27°C,26°C,26°C,26.0,27.0,False,False,True,False,0,99,0.0,True,False,False,False,0.01,0.0009090909090909,True,False,2,26°C,False,34.1,PASSED
2026-05-29|6h_prior,2026-05-29,6h_prior,holdout,pooled_empirical_residual,empirical_residual,1.25,2026-05-29|04,4,27°C ≤ T < 28°C,27°C,27°C,27.0,28.0,False,False,True,False,0,99,0.0,True,False,False,False,0.01,0.0009090909090909,True,False,3,27°C,False,34.1,PASSED
2026-05-29|6h_prior,2026-05-29,6h_prior,holdout,pooled_empirical_residual,empirical_residual,1.25,2026-05-29|05,5,28°C ≤ T < 29°C,28°C,28°C,28.0,29.0,False,False,True,False,0,99,0.0,True,False,False,False,0.01,0.0009090909090909,True,False,4,28°C,False,34.1,PASSED
2026-05-29|6h_prior,2026-05-29,6h_prior,holdout,pooled_empirical_residual,empirical_residual,1.25,2026-05-29|06,6,29°C ≤ T < 30°C,29°C,29°C,29.0,30.0,False,False,True,False,0,99,0.0,True,False,False,False,0.01,0.0009090909090909,True,False,5,29°C,False,34.1,PASSED
2026-05-29|6h_prior,2026-05-29,6h_prior,holdout,pooled_empirical_residual,empirical_residual,1.25,2026-05-29|07,7,30°C ≤ T < 31°C,30°C,30°C,30.0,31.0,False,False,True,False,0,99,0.0,True,False,False,False,0.01,0.0009090909090909,True,False,6,30°C,False,34.1,PASSED
2026-05-29|6h_prior,2026-05-29,6h_prior,holdout,pooled_empirical_residual,empirical_residual,1.25,2026-05-29|08,8,31°C ≤ T < 32°C,31°C,31°C,31.0,32.0,False,False,True,False,0,99,0.0,True,False,False,False,0.01,0.0009090909090909,True,False,7,31°C,False,34.1,PASSED
2026-05-29|6h_prior,2026-05-29,6h_prior,holdout,pooled_empirical_residual,empirical_residual,1.25,2026-05-29|09,9,32°C ≤ T < 33°C,32°C,32°C,32.0,33.0,False,False,True,False,5,99,0.0505050505050505,True,False,False,False,0.01,0.0509090909090909,True,False,8,32°C,False,34.1,PASSED
2026-05-29|6h_prior,2026-05-29,6h_prior,holdout,pooled_empirical_residual,empirical_residual,1.25,2026-05-29|10,10,33°C ≤ T < 34°C,33°C,33°C,33.0,34.0,False,False,True,False,9,99,0.0909090909090909,True,False,False,False,0.01,0.0909090909090909,True,False,9,33°C,False,34.1,PASSED
2026-05-29|6h_prior,2026-05-29,6h_prior,holdout,pooled_empirical_residual,empirical_residual,1.25,2026-05-29|11,11,T ≥ 34°C,34°C or higher,34°C or higher,34.0,,False,True,True,False,85,99,0.8585858585858586,True,False,False,False,0.01,0.8509090909090908,True,False,10,34°C or higher,True,34.1,PASSED
2026-05-29|event_day_open,2026-05-29,event_day_open,holdout,pooled_empirical_residual,empirical_residual,1.25,2026-05-29|01,1,T < 25°C,24°C or below,24°C or below,,25.0,True,False,True,False,0,99,0.0,True,False,False,False,0.01,0.0009090909090909,True,False,0,24°C or below,False,34.1,PASSED
2026-05-29|event_day_open,2026-05-29,event_day_open,holdout,pooled_empirical_residual,empirical_residual,1.25,2026-05-29|02,2,25°C ≤ T < 26°C,25°C,25°C,25.0,26.0,False,False,True,False,0,99,0.0,True,False,False,False,0.01,0.0009090909090909,True,False,1,25°C,False,34.1,PASSED
2026-05-29|event_day_open,2026-05-29,event_day_open,holdout,pooled_empirical_residual,empirical_residual,1.25,2026-05-29|03,3,26°C ≤ T < 27°C,26°C,26°C,26.0,27.0,False,False,True,False,0,99,0.0,True,False,False,False,0.01,0.0009090909090909,True,False,2,26°C,False,34.1,PASSED
2026-05-29|event_day_open,2026-05-29,event_day_open,holdout,pooled_empirical_residual,empirical_residual,1.25,2026-05-29|04,4,27°C ≤ T < 28°C,27°C,27°C,27.0,28.0,False,False,True,False,0,99,0.0,True,False,False,False,0.01,0.0009090909090909,True,False,3,27°C,False,34.1,PASSED
2026-05-29|event_day_open,2026-05-29,event_day_open,holdout,pooled_empirical_residual,empirical_residual,1.25,2026-05-29|05,5,28°C ≤ T < 29°C,28°C,28°C,28.0,29.0,False,False,True,False,0,99,0.0,True,False,False,False,0.01,0.0009090909090909,True,False,4,28°C,False,34.1,PASSED
2026-05-29|event_day_open,2026-05-29,event_day_open,holdout,pooled_empirical_residual,empirical_residual,1.25,2026-05-29|06,6,29°C ≤ T < 30°C,29°C,29°C,29.0,30.0,False,False,True,False,0,99,0.0,True,False,False,False,0.01,0.0009090909090909,True,False,5,29°C,False,34.1,PASSED
2026-05-29|event_day_open,2026-05-29,event_day_open,holdout,pooled_empirical_residual,empirical_residual,1.25,2026-05-29|07,7,30°C ≤ T < 31°C,30°C,30°C,30.0,31.0,False,False,True,False,0,99,0.0,True,False,False,False,0.01,0.0009090909090909,True,False,6,30°C,False,34.1,PASSED
2026-05-29|event_day_open,2026-05-29,event_day_open,holdout,pooled_empirical_residual,empirical_residual,1.25,2026-05-29|08,8,31°C ≤ T < 32°C,31°C,31°C,31.0,32.0,False,False,True,False,4,99,0.0404040404040404,True,False,False,False,0.01,0.0409090909090909,True,False,7,31°C,False,34.1,PASSED
2026-05-29|event_day_open,2026-05-29,event_day_open,holdout,pooled_empirical_residual,empirical_residual,1.25,2026-05-29|09,9,32°C ≤ T < 33°C,32°C,32°C,32.0,33.0,False,False,True,False,9,99,0.0909090909090909,True,False,False,False,0.01,0.0909090909090909,True,False,8,32°C,False,34.1,PASSED
2026-05-29|event_day_open,2026-05-29,event_day_open,holdout,pooled_empirical_residual,empirical_residual,1.25,2026-05-29|10,10,33°C ≤ T < 34°C,33°C,33°C,33.0,34.0,False,False,True,False,15,99,0.1515151515151515,True,False,False,False,0.01,0.1509090909090908,True,False,9,33°C,False,34.1,PASSED
2026-05-29|event_day_open,2026-05-29,event_day_open,holdout,pooled_empirical_residual,empirical_residual,1.25,2026-05-29|11,11,T ≥ 34°C,34°C or higher,34°C or higher,34.0,,False,True,True,False,71,99,0.7171717171717171,True,False,False,False,0.01,0.7109090909090908,True,False,10,34°C or higher,True,34.1,PASSED
2026-05-30|12h_prior,2026-05-30,12h_prior,holdout,pooled_empirical_residual,empirical_residual,1.25,2026-05-30|01,1,T < 24°C,23°C or below,23°C or below,,24.0,True,False,True,False,0,99,0.0,True,False,False,False,0.01,0.0009090909090909,True,False,0,23°C or below,False,32.6,PASSED
2026-05-30|12h_prior,2026-05-30,12h_prior,holdout,pooled_empirical_residual,empirical_residual,1.25,2026-05-30|02,2,24°C ≤ T < 25°C,24°C,24°C,24.0,25.0,False,False,True,False,0,99,0.0,True,False,False,False,0.01,0.0009090909090909,True,False,1,24°C,False,32.6,PASSED
2026-05-30|12h_prior,2026-05-30,12h_prior,holdout,pooled_empirical_residual,empirical_residual,1.25,2026-05-30|03,3,25°C ≤ T < 26°C,25°C,25°C,25.0,26.0,False,False,True,False,0,99,0.0,True,False,False,False,0.01,0.0009090909090909,True,False,2,25°C,False,32.6,PASSED
2026-05-30|12h_prior,2026-05-30,12h_prior,holdout,pooled_empirical_residual,empirical_residual,1.25,2026-05-30|04,4,26°C ≤ T < 27°C,26°C,26°C,26.0,27.0,False,False,True,False,0,99,0.0,True,False,False,False,0.01,0.0009090909090909,True,False,3,26°C,False,32.6,PASSED
2026-05-30|12h_prior,2026-05-30,12h_prior,holdout,pooled_empirical_residual,empirical_residual,1.25,2026-05-30|05,5,27°C ≤ T < 28°C,27°C,27°C,27.0,28.0,False,False,True,False,2,99,0.0202020202020202,True,False,False,False,0.01,0.0209090909090909,True,False,4,27°C,False,32.6,PASSED
2026-05-30|12h_prior,2026-05-30,12h_prior,holdout,pooled_empirical_residual,empirical_residual,1.25,2026-05-30|06,6,28°C ≤ T < 29°C,28°C,28°C,28.0,29.0,False,False,True,False,9,99,0.0909090909090909,True,False,False,False,0.01,0.0909090909090909,True,False,5,28°C,False,32.6,PASSED
2026-05-30|12h_prior,2026-05-30,12h_prior,holdout,pooled_empirical_residual,empirical_residual,1.25,2026-05-30|07,7,29°C ≤ T < 30°C,29°C,29°C,29.0,30.0,False,False,True,False,10,99,0.101010101010101,True,False,False,False,0.01,0.1009090909090908,True,False,6,29°C,False,32.6,PASSED
2026-05-30|12h_prior,2026-05-30,12h_prior,holdout,pooled_empirical_residual,empirical_residual,1.25,2026-05-30|08,8,30°C ≤ T < 31°C,30°C,30°C,30.0,31.0,False,False,True,False,32,99,0.3232323232323232,True,False,False,False,0.01,0.3209090909090908,True,False,7,30°C,False,32.6,PASSED
2026-05-30|12h_prior,2026-05-30,12h_prior,holdout,pooled_empirical_residual,empirical_residual,1.25,2026-05-30|09,9,31°C ≤ T < 32°C,31°C,31°C,31.0,32.0,False,False,True,False,23,99,0.2323232323232323,True,False,False,False,0.01,0.2309090909090908,True,False,8,31°C,False,32.6,PASSED
2026-05-30|12h_prior,2026-05-30,12h_prior,holdout,pooled_empirical_residual,empirical_residual,1.25,2026-05-30|10,10,32°C ≤ T < 33°C,32°C,32°C,32.0,33.0,False,False,True,False,18,99,0.1818181818181818,True,False,False,False,0.01,0.1809090909090908,True,False,9,32°C,True,32.6,PASSED
2026-05-30|12h_prior,2026-05-30,12h_prior,holdout,pooled_empirical_residual,empirical_residual,1.25,2026-05-30|11,11,T ≥ 33°C,33°C or higher,33°C or higher,33.0,,False,True,True,False,5,99,0.0505050505050505,True,False,False,False,0.01,0.0509090909090909,True,False,10,33°C or higher,False,32.6,PASSED
2026-05-30|24h_prior,2026-05-30,24h_prior,holdout,pooled_empirical_residual,empirical_residual,1.25,2026-05-30|01,1,T < 24°C,23°C or below,23°C or below,,24.0,True,False,True,False,0,99,0.0,True,False,False,False,0.01,0.0009090909090909,True,False,0,23°C or below,False,32.6,PASSED
2026-05-30|24h_prior,2026-05-30,24h_prior,holdout,pooled_empirical_residual,empirical_residual,1.25,2026-05-30|02,2,24°C ≤ T < 25°C,24°C,24°C,24.0,25.0,False,False,True,False,0,99,0.0,True,False,False,False,0.01,0.0009090909090909,True,False,1,24°C,False,32.6,PASSED
2026-05-30|24h_prior,2026-05-30,24h_prior,holdout,pooled_empirical_residual,empirical_residual,1.25,2026-05-30|03,3,25°C ≤ T < 26°C,25°C,25°C,25.0,26.0,False,False,True,False,0,99,0.0,True,False,False,False,0.01,0.0009090909090909,True,False,2,25°C,False,32.6,PASSED
2026-05-30|24h_prior,2026-05-30,24h_prior,holdout,pooled_empirical_residual,empirical_residual,1.25,2026-05-30|04,4,26°C ≤ T < 27°C,26°C,26°C,26.0,27.0,False,False,True,False,0,99,0.0,True,False,False,False,0.01,0.0009090909090909,True,False,3,26°C,False,32.6,PASSED
2026-05-30|24h_prior,2026-05-30,24h_prior,holdout,pooled_empirical_residual,empirical_residual,1.25,2026-05-30|05,5,27°C ≤ T < 28°C,27°C,27°C,27.0,28.0,False,False,True,False,0,99,0.0,True,False,False,False,0.01,0.0009090909090909,True,False,4,27°C,False,32.6,PASSED
2026-05-30|24h_prior,2026-05-30,24h_prior,holdout,pooled_empirical_residual,empirical_residual,1.25,2026-05-30|06,6,28°C ≤ T < 29°C,28°C,28°C,28.0,29.0,False,False,True,False,4,99,0.0404040404040404,True,False,False,False,0.01,0.0409090909090909,True,False,5,28°C,False,32.6,PASSED
2026-05-30|24h_prior,2026-05-30,24h_prior,holdout,pooled_empirical_residual,empirical_residual,1.25,2026-05-30|07,7,29°C ≤ T < 30°C,29°C,29°C,29.0,30.0,False,False,True,False,9,99,0.0909090909090909,True,False,False,False,0.01,0.0909090909090909,True,False,6,29°C,False,32.6,PASSED
2026-05-30|24h_prior,2026-05-30,24h_prior,holdout,pooled_empirical_residual,empirical_residual,1.25,2026-05-30|08,8,30°C ≤ T < 31°C,30°C,30°C,30.0,31.0,False,False,True,False,17,99,0.1717171717171717,True,False,False,False,0.01,0.1709090909090909,True,False,7,30°C,False,32.6,PASSED
2026-05-30|24h_prior,2026-05-30,24h_prior,holdout,pooled_empirical_residual,empirical_residual,1.25,2026-05-30|09,9,31°C ≤ T < 32°C,31°C,31°C,31.0,32.0,False,False,True,False,32,99,0.3232323232323232,True,False,False,False,0.01,0.3209090909090908,True,False,8,31°C,False,32.6,PASSED
2026-05-30|24h_prior,2026-05-30,24h_prior,holdout,pooled_empirical_residual,empirical_residual,1.25,2026-05-30|10,10,32°C ≤ T < 33°C,32°C,32°C,32.0,33.0,False,False,True,False,24,99,0.2424242424242424,True,False,False,False,0.01,0.2409090909090908,True,False,9,32°C,True,32.6,PASSED
2026-05-30|24h_prior,2026-05-30,24h_prior,holdout,pooled_empirical_residual,empirical_residual,1.25,2026-05-30|11,11,T ≥ 33°C,33°C or higher,33°C or higher,33.0,,False,True,True,False,13,99,0.1313131313131313,True,False,False,False,0.01,0.1309090909090909,True,False,10,33°C or higher,False,32.6,PASSED
2026-05-30|6h_prior,2026-05-30,6h_prior,holdout,pooled_empirical_residual,empirical_residual,1.25,2026-05-30|01,1,T < 24°C,23°C or below,23°C or below,,24.0,True,False,True,False,0,99,0.0,True,False,False,False,0.01,0.0009090909090909,True,False,0,23°C or below,False,32.6,PASSED
2026-05-30|6h_prior,2026-05-30,6h_prior,holdout,pooled_empirical_residual,empirical_residual,1.25,2026-05-30|02,2,24°C ≤ T < 25°C,24°C,24°C,24.0,25.0,False,False,True,False,0,99,0.0,True,False,False,False,0.01,0.0009090909090909,True,False,1,24°C,False,32.6,PASSED
2026-05-30|6h_prior,2026-05-30,6h_prior,holdout,pooled_empirical_residual,empirical_residual,1.25,2026-05-30|03,3,25°C ≤ T < 26°C,25°C,25°C,25.0,26.0,False,False,True,False,0,99,0.0,True,False,False,False,0.01,0.0009090909090909,True,False,2,25°C,False,32.6,PASSED
2026-05-30|6h_prior,2026-05-30,6h_prior,holdout,pooled_empirical_residual,empirical_residual,1.25,2026-05-30|04,4,26°C ≤ T < 27°C,26°C,26°C,26.0,27.0,False,False,True,False,0,99,0.0,True,False,False,False,0.01,0.0009090909090909,True,False,3,26°C,False,32.6,PASSED
2026-05-30|6h_prior,2026-05-30,6h_prior,holdout,pooled_empirical_residual,empirical_residual,1.25,2026-05-30|05,5,27°C ≤ T < 28°C,27°C,27°C,27.0,28.0,False,False,True,False,0,99,0.0,True,False,False,False,0.01,0.0009090909090909,True,False,4,27°C,False,32.6,PASSED
2026-05-30|6h_prior,2026-05-30,6h_prior,holdout,pooled_empirical_residual,empirical_residual,1.25,2026-05-30|06,6,28°C ≤ T < 29°C,28°C,28°C,28.0,29.0,False,False,True,False,5,99,0.0505050505050505,True,False,False,False,0.01,0.0509090909090909,True,False,5,28°C,False,32.6,PASSED
2026-05-30|6h_prior,2026-05-30,6h_prior,holdout,pooled_empirical_residual,empirical_residual,1.25,2026-05-30|07,7,29°C ≤ T < 30°C,29°C,29°C,29.0,30.0,False,False,True,False,9,99,0.0909090909090909,True,False,False,False,0.01,0.0909090909090909,True,False,6,29°C,False,32.6,PASSED
2026-05-30|6h_prior,2026-05-30,6h_prior,holdout,pooled_empirical_residual,empirical_residual,1.25,2026-05-30|08,8,30°C ≤ T < 31°C,30°C,30°C,30.0,31.0,False,False,True,False,20,99,0.202020202020202,True,False,False,False,0.01,0.2009090909090908,True,False,7,30°C,False,32.6,PASSED
2026-05-30|6h_prior,2026-05-30,6h_prior,holdout,pooled_empirical_residual,empirical_residual,1.25,2026-05-30|09,9,31°C ≤ T < 32°C,31°C,31°C,31.0,32.0,False,False,True,False,31,99,0.3131313131313131,True,False,False,False,0.01,0.3109090909090908,True,False,8,31°C,False,32.6,PASSED
2026-05-30|6h_prior,2026-05-30,6h_prior,holdout,pooled_empirical_residual,empirical_residual,1.25,2026-05-30|10,10,32°C ≤ T < 33°C,32°C,32°C,32.0,33.0,False,False,True,False,23,99,0.2323232323232323,True,False,False,False,0.01,0.2309090909090908,True,False,9,32°C,True,32.6,PASSED
2026-05-30|6h_prior,2026-05-30,6h_prior,holdout,pooled_empirical_residual,empirical_residual,1.25,2026-05-30|11,11,T ≥ 33°C,33°C or higher,33°C or higher,33.0,,False,True,True,False,11,99,0.1111111111111111,True,False,False,False,0.01,0.1109090909090909,True,False,10,33°C or higher,False,32.6,PASSED
2026-05-30|event_day_open,2026-05-30,event_day_open,holdout,pooled_empirical_residual,empirical_residual,1.25,2026-05-30|01,1,T < 24°C,23°C or below,23°C or below,,24.0,True,False,True,False,0,99,0.0,True,False,False,False,0.01,0.0009090909090909,True,False,0,23°C or below,False,32.6,PASSED
2026-05-30|event_day_open,2026-05-30,event_day_open,holdout,pooled_empirical_residual,empirical_residual,1.25,2026-05-30|02,2,24°C ≤ T < 25°C,24°C,24°C,24.0,25.0,False,False,True,False,0,99,0.0,True,False,False,False,0.01,0.0009090909090909,True,False,1,24°C,False,32.6,PASSED
2026-05-30|event_day_open,2026-05-30,event_day_open,holdout,pooled_empirical_residual,empirical_residual,1.25,2026-05-30|03,3,25°C ≤ T < 26°C,25°C,25°C,25.0,26.0,False,False,True,False,0,99,0.0,True,False,False,False,0.01,0.0009090909090909,True,False,2,25°C,False,32.6,PASSED
2026-05-30|event_day_open,2026-05-30,event_day_open,holdout,pooled_empirical_residual,empirical_residual,1.25,2026-05-30|04,4,26°C ≤ T < 27°C,26°C,26°C,26.0,27.0,False,False,True,False,0,99,0.0,True,False,False,False,0.01,0.0009090909090909,True,False,3,26°C,False,32.6,PASSED
2026-05-30|event_day_open,2026-05-30,event_day_open,holdout,pooled_empirical_residual,empirical_residual,1.25,2026-05-30|05,5,27°C ≤ T < 28°C,27°C,27°C,27.0,28.0,False,False,True,False,0,99,0.0,True,False,False,False,0.01,0.0009090909090909,True,False,4,27°C,False,32.6,PASSED
2026-05-30|event_day_open,2026-05-30,event_day_open,holdout,pooled_empirical_residual,empirical_residual,1.25,2026-05-30|06,6,28°C ≤ T < 29°C,28°C,28°C,28.0,29.0,False,False,True,False,1,99,0.0101010101010101,True,False,False,False,0.01,0.0109090909090909,True,False,5,28°C,False,32.6,PASSED
2026-05-30|event_day_open,2026-05-30,event_day_open,holdout,pooled_empirical_residual,empirical_residual,1.25,2026-05-30|07,7,29°C ≤ T < 30°C,29°C,29°C,29.0,30.0,False,False,True,False,8,99,0.0808080808080808,True,False,False,False,0.01,0.0809090909090909,True,False,6,29°C,False,32.6,PASSED
2026-05-30|event_day_open,2026-05-30,event_day_open,holdout,pooled_empirical_residual,empirical_residual,1.25,2026-05-30|08,8,30°C ≤ T < 31°C,30°C,30°C,30.0,31.0,False,False,True,False,10,99,0.101010101010101,True,False,False,False,0.01,0.1009090909090908,True,False,7,30°C,False,32.6,PASSED
2026-05-30|event_day_open,2026-05-30,event_day_open,holdout,pooled_empirical_residual,empirical_residual,1.25,2026-05-30|09,9,31°C ≤ T < 32°C,31°C,31°C,31.0,32.0,False,False,True,False,28,99,0.2828282828282828,True,False,False,False,0.01,0.2809090909090909,True,False,8,31°C,False,32.6,PASSED
2026-05-30|event_day_open,2026-05-30,event_day_open,holdout,pooled_empirical_residual,empirical_residual,1.25,2026-05-30|10,10,32°C ≤ T < 33°C,32°C,32°C,32.0,33.0,False,False,True,False,25,99,0.2525252525252525,True,False,False,False,0.01,0.2509090909090908,True,False,9,32°C,True,32.6,PASSED
2026-05-30|event_day_open,2026-05-30,event_day_open,holdout,pooled_empirical_residual,empirical_residual,1.25,2026-05-30|11,11,T ≥ 33°C,33°C or higher,33°C or higher,33.0,,False,True,True,False,27,99,0.2727272727272727,True,False,False,False,0.01,0.2709090909090909,True,False,10,33°C or higher,False,32.6,PASSED
2026-05-31|12h_prior,2026-05-31,12h_prior,holdout,pooled_empirical_residual,empirical_residual,1.25,2026-05-31|01,1,T < 23°C,22°C or below,22°C or below,,23.0,True,False,True,False,0,99,0.0,True,False,False,False,0.01,0.0009090909090909,True,False,0,22°C or below,False,30.9,PASSED
2026-05-31|12h_prior,2026-05-31,12h_prior,holdout,pooled_empirical_residual,empirical_residual,1.25,2026-05-31|02,2,23°C ≤ T < 24°C,23°C,23°C,23.0,24.0,False,False,True,False,0,99,0.0,True,False,False,False,0.01,0.0009090909090909,True,False,1,23°C,False,30.9,PASSED
2026-05-31|12h_prior,2026-05-31,12h_prior,holdout,pooled_empirical_residual,empirical_residual,1.25,2026-05-31|03,3,24°C ≤ T < 25°C,24°C,24°C,24.0,25.0,False,False,True,False,0,99,0.0,True,False,False,False,0.01,0.0009090909090909,True,False,2,24°C,False,30.9,PASSED
2026-05-31|12h_prior,2026-05-31,12h_prior,holdout,pooled_empirical_residual,empirical_residual,1.25,2026-05-31|04,4,25°C ≤ T < 26°C,25°C,25°C,25.0,26.0,False,False,True,False,0,99,0.0,True,False,False,False,0.01,0.0009090909090909,True,False,3,25°C,False,30.9,PASSED
2026-05-31|12h_prior,2026-05-31,12h_prior,holdout,pooled_empirical_residual,empirical_residual,1.25,2026-05-31|05,5,26°C ≤ T < 27°C,26°C,26°C,26.0,27.0,False,False,True,False,1,99,0.0101010101010101,True,False,False,False,0.01,0.0109090909090909,True,False,4,26°C,False,30.9,PASSED
2026-05-31|12h_prior,2026-05-31,12h_prior,holdout,pooled_empirical_residual,empirical_residual,1.25,2026-05-31|06,6,27°C ≤ T < 28°C,27°C,27°C,27.0,28.0,False,False,True,False,8,99,0.0808080808080808,True,False,False,False,0.01,0.0809090909090909,True,False,5,27°C,False,30.9,PASSED
2026-05-31|12h_prior,2026-05-31,12h_prior,holdout,pooled_empirical_residual,empirical_residual,1.25,2026-05-31|07,7,28°C ≤ T < 29°C,28°C,28°C,28.0,29.0,False,False,True,False,8,99,0.0808080808080808,True,False,False,False,0.01,0.0809090909090909,True,False,6,28°C,False,30.9,PASSED
2026-05-31|12h_prior,2026-05-31,12h_prior,holdout,pooled_empirical_residual,empirical_residual,1.25,2026-05-31|08,8,29°C ≤ T < 30°C,29°C,29°C,29.0,30.0,False,False,True,False,25,99,0.2525252525252525,True,False,False,False,0.01,0.2509090909090908,True,False,7,29°C,False,30.9,PASSED
2026-05-31|12h_prior,2026-05-31,12h_prior,holdout,pooled_empirical_residual,empirical_residual,1.25,2026-05-31|09,9,30°C ≤ T < 31°C,30°C,30°C,30.0,31.0,False,False,True,False,28,99,0.2828282828282828,True,False,False,False,0.01,0.2809090909090909,True,False,8,30°C,True,30.9,PASSED
2026-05-31|12h_prior,2026-05-31,12h_prior,holdout,pooled_empirical_residual,empirical_residual,1.25,2026-05-31|10,10,31°C ≤ T < 32°C,31°C,31°C,31.0,32.0,False,False,True,False,21,99,0.2121212121212121,True,False,False,False,0.01,0.2109090909090908,True,False,9,31°C,False,30.9,PASSED
2026-05-31|12h_prior,2026-05-31,12h_prior,holdout,pooled_empirical_residual,empirical_residual,1.25,2026-05-31|11,11,T ≥ 32°C,32°C or higher,32°C or higher,32.0,,False,True,True,False,8,99,0.0808080808080808,True,False,False,False,0.01,0.0809090909090909,True,False,10,32°C or higher,False,30.9,PASSED
2026-05-31|24h_prior,2026-05-31,24h_prior,holdout,pooled_empirical_residual,empirical_residual,1.25,2026-05-31|01,1,T < 23°C,22°C or below,22°C or below,,23.0,True,False,True,False,0,99,0.0,True,False,False,False,0.01,0.0009090909090909,True,False,0,22°C or below,False,30.9,PASSED
2026-05-31|24h_prior,2026-05-31,24h_prior,holdout,pooled_empirical_residual,empirical_residual,1.25,2026-05-31|02,2,23°C ≤ T < 24°C,23°C,23°C,23.0,24.0,False,False,True,False,0,99,0.0,True,False,False,False,0.01,0.0009090909090909,True,False,1,23°C,False,30.9,PASSED
2026-05-31|24h_prior,2026-05-31,24h_prior,holdout,pooled_empirical_residual,empirical_residual,1.25,2026-05-31|03,3,24°C ≤ T < 25°C,24°C,24°C,24.0,25.0,False,False,True,False,0,99,0.0,True,False,False,False,0.01,0.0009090909090909,True,False,2,24°C,False,30.9,PASSED
2026-05-31|24h_prior,2026-05-31,24h_prior,holdout,pooled_empirical_residual,empirical_residual,1.25,2026-05-31|04,4,25°C ≤ T < 26°C,25°C,25°C,25.0,26.0,False,False,True,False,0,99,0.0,True,False,False,False,0.01,0.0009090909090909,True,False,3,25°C,False,30.9,PASSED
2026-05-31|24h_prior,2026-05-31,24h_prior,holdout,pooled_empirical_residual,empirical_residual,1.25,2026-05-31|05,5,26°C ≤ T < 27°C,26°C,26°C,26.0,27.0,False,False,True,False,0,99,0.0,True,False,False,False,0.01,0.0009090909090909,True,False,4,26°C,False,30.9,PASSED
2026-05-31|24h_prior,2026-05-31,24h_prior,holdout,pooled_empirical_residual,empirical_residual,1.25,2026-05-31|06,6,27°C ≤ T < 28°C,27°C,27°C,27.0,28.0,False,False,True,False,0,99,0.0,True,False,False,False,0.01,0.0009090909090909,True,False,5,27°C,False,30.9,PASSED
2026-05-31|24h_prior,2026-05-31,24h_prior,holdout,pooled_empirical_residual,empirical_residual,1.25,2026-05-31|07,7,28°C ≤ T < 29°C,28°C,28°C,28.0,29.0,False,False,True,False,2,99,0.0202020202020202,True,False,False,False,0.01,0.0209090909090909,True,False,6,28°C,False,30.9,PASSED
2026-05-31|24h_prior,2026-05-31,24h_prior,holdout,pooled_empirical_residual,empirical_residual,1.25,2026-05-31|08,8,29°C ≤ T < 30°C,29°C,29°C,29.0,30.0,False,False,True,False,9,99,0.0909090909090909,True,False,False,False,0.01,0.0909090909090909,True,False,7,29°C,False,30.9,PASSED
2026-05-31|24h_prior,2026-05-31,24h_prior,holdout,pooled_empirical_residual,empirical_residual,1.25,2026-05-31|09,9,30°C ≤ T < 31°C,30°C,30°C,30.0,31.0,False,False,True,False,10,99,0.101010101010101,True,False,False,False,0.01,0.1009090909090908,True,False,8,30°C,True,30.9,PASSED
2026-05-31|24h_prior,2026-05-31,24h_prior,holdout,pooled_empirical_residual,empirical_residual,1.25,2026-05-31|10,10,31°C ≤ T < 32°C,31°C,31°C,31.0,32.0,False,False,True,False,32,99,0.3232323232323232,True,False,False,False,0.01,0.3209090909090908,True,False,9,31°C,False,30.9,PASSED
2026-05-31|24h_prior,2026-05-31,24h_prior,holdout,pooled_empirical_residual,empirical_residual,1.25,2026-05-31|11,11,T ≥ 32°C,32°C or higher,32°C or higher,32.0,,False,True,True,False,46,99,0.4646464646464646,True,False,False,False,0.01,0.4609090909090908,True,False,10,32°C or higher,False,30.9,PASSED
2026-05-31|6h_prior,2026-05-31,6h_prior,holdout,pooled_empirical_residual,empirical_residual,1.25,2026-05-31|01,1,T < 23°C,22°C or below,22°C or below,,23.0,True,False,True,False,0,99,0.0,True,False,False,False,0.01,0.0009090909090909,True,False,0,22°C or below,False,30.9,PASSED
2026-05-31|6h_prior,2026-05-31,6h_prior,holdout,pooled_empirical_residual,empirical_residual,1.25,2026-05-31|02,2,23°C ≤ T < 24°C,23°C,23°C,23.0,24.0,False,False,True,False,0,99,0.0,True,False,False,False,0.01,0.0009090909090909,True,False,1,23°C,False,30.9,PASSED
2026-05-31|6h_prior,2026-05-31,6h_prior,holdout,pooled_empirical_residual,empirical_residual,1.25,2026-05-31|03,3,24°C ≤ T < 25°C,24°C,24°C,24.0,25.0,False,False,True,False,0,99,0.0,True,False,False,False,0.01,0.0009090909090909,True,False,2,24°C,False,30.9,PASSED
2026-05-31|6h_prior,2026-05-31,6h_prior,holdout,pooled_empirical_residual,empirical_residual,1.25,2026-05-31|04,4,25°C ≤ T < 26°C,25°C,25°C,25.0,26.0,False,False,True,False,0,99,0.0,True,False,False,False,0.01,0.0009090909090909,True,False,3,25°C,False,30.9,PASSED
2026-05-31|6h_prior,2026-05-31,6h_prior,holdout,pooled_empirical_residual,empirical_residual,1.25,2026-05-31|05,5,26°C ≤ T < 27°C,26°C,26°C,26.0,27.0,False,False,True,False,1,99,0.0101010101010101,True,False,False,False,0.01,0.0109090909090909,True,False,4,26°C,False,30.9,PASSED
2026-05-31|6h_prior,2026-05-31,6h_prior,holdout,pooled_empirical_residual,empirical_residual,1.25,2026-05-31|06,6,27°C ≤ T < 28°C,27°C,27°C,27.0,28.0,False,False,True,False,8,99,0.0808080808080808,True,False,False,False,0.01,0.0809090909090909,True,False,5,27°C,False,30.9,PASSED
2026-05-31|6h_prior,2026-05-31,6h_prior,holdout,pooled_empirical_residual,empirical_residual,1.25,2026-05-31|07,7,28°C ≤ T < 29°C,28°C,28°C,28.0,29.0,False,False,True,False,10,99,0.101010101010101,True,False,False,False,0.01,0.1009090909090908,True,False,6,28°C,False,30.9,PASSED
2026-05-31|6h_prior,2026-05-31,6h_prior,holdout,pooled_empirical_residual,empirical_residual,1.25,2026-05-31|08,8,29°C ≤ T < 30°C,29°C,29°C,29.0,30.0,False,False,True,False,28,99,0.2828282828282828,True,False,False,False,0.01,0.2809090909090909,True,False,7,29°C,False,30.9,PASSED
2026-05-31|6h_prior,2026-05-31,6h_prior,holdout,pooled_empirical_residual,empirical_residual,1.25,2026-05-31|09,9,30°C ≤ T < 31°C,30°C,30°C,30.0,31.0,False,False,True,False,25,99,0.2525252525252525,True,False,False,False,0.01,0.2509090909090908,True,False,8,30°C,True,30.9,PASSED
2026-05-31|6h_prior,2026-05-31,6h_prior,holdout,pooled_empirical_residual,empirical_residual,1.25,2026-05-31|10,10,31°C ≤ T < 32°C,31°C,31°C,31.0,32.0,False,False,True,False,21,99,0.2121212121212121,True,False,False,False,0.01,0.2109090909090908,True,False,9,31°C,False,30.9,PASSED
2026-05-31|6h_prior,2026-05-31,6h_prior,holdout,pooled_empirical_residual,empirical_residual,1.25,2026-05-31|11,11,T ≥ 32°C,32°C or higher,32°C or higher,32.0,,False,True,True,False,6,99,0.0606060606060606,True,False,False,False,0.01,0.0609090909090909,True,False,10,32°C or higher,False,30.9,PASSED
2026-05-31|event_day_open,2026-05-31,event_day_open,holdout,pooled_empirical_residual,empirical_residual,1.25,2026-05-31|01,1,T < 23°C,22°C or below,22°C or below,,23.0,True,False,True,False,0,99,0.0,True,False,False,False,0.01,0.0009090909090909,True,False,0,22°C or below,False,30.9,PASSED
2026-05-31|event_day_open,2026-05-31,event_day_open,holdout,pooled_empirical_residual,empirical_residual,1.25,2026-05-31|02,2,23°C ≤ T < 24°C,23°C,23°C,23.0,24.0,False,False,True,False,0,99,0.0,True,False,False,False,0.01,0.0009090909090909,True,False,1,23°C,False,30.9,PASSED
2026-05-31|event_day_open,2026-05-31,event_day_open,holdout,pooled_empirical_residual,empirical_residual,1.25,2026-05-31|03,3,24°C ≤ T < 25°C,24°C,24°C,24.0,25.0,False,False,True,False,0,99,0.0,True,False,False,False,0.01,0.0009090909090909,True,False,2,24°C,False,30.9,PASSED
2026-05-31|event_day_open,2026-05-31,event_day_open,holdout,pooled_empirical_residual,empirical_residual,1.25,2026-05-31|04,4,25°C ≤ T < 26°C,25°C,25°C,25.0,26.0,False,False,True,False,0,99,0.0,True,False,False,False,0.01,0.0009090909090909,True,False,3,25°C,False,30.9,PASSED
2026-05-31|event_day_open,2026-05-31,event_day_open,holdout,pooled_empirical_residual,empirical_residual,1.25,2026-05-31|05,5,26°C ≤ T < 27°C,26°C,26°C,26.0,27.0,False,False,True,False,0,99,0.0,True,False,False,False,0.01,0.0009090909090909,True,False,4,26°C,False,30.9,PASSED
2026-05-31|event_day_open,2026-05-31,event_day_open,holdout,pooled_empirical_residual,empirical_residual,1.25,2026-05-31|06,6,27°C ≤ T < 28°C,27°C,27°C,27.0,28.0,False,False,True,False,3,99,0.0303030303030303,True,False,False,False,0.01,0.0309090909090909,True,False,5,27°C,False,30.9,PASSED
2026-05-31|event_day_open,2026-05-31,event_day_open,holdout,pooled_empirical_residual,empirical_residual,1.25,2026-05-31|07,7,28°C ≤ T < 29°C,28°C,28°C,28.0,29.0,False,False,True,False,10,99,0.101010101010101,True,False,False,False,0.01,0.1009090909090908,True,False,6,28°C,False,30.9,PASSED
2026-05-31|event_day_open,2026-05-31,event_day_open,holdout,pooled_empirical_residual,empirical_residual,1.25,2026-05-31|08,8,29°C ≤ T < 30°C,29°C,29°C,29.0,30.0,False,False,True,False,11,99,0.1111111111111111,True,False,False,False,0.01,0.1109090909090909,True,False,7,29°C,False,30.9,PASSED
2026-05-31|event_day_open,2026-05-31,event_day_open,holdout,pooled_empirical_residual,empirical_residual,1.25,2026-05-31|09,9,30°C ≤ T < 31°C,30°C,30°C,30.0,31.0,False,False,True,False,32,99,0.3232323232323232,True,False,False,False,0.01,0.3209090909090908,True,False,8,30°C,True,30.9,PASSED
2026-05-31|event_day_open,2026-05-31,event_day_open,holdout,pooled_empirical_residual,empirical_residual,1.25,2026-05-31|10,10,31°C ≤ T < 32°C,31°C,31°C,31.0,32.0,False,False,True,False,22,99,0.2222222222222222,True,False,False,False,0.01,0.2209090909090909,True,False,9,31°C,False,30.9,PASSED
2026-05-31|event_day_open,2026-05-31,event_day_open,holdout,pooled_empirical_residual,empirical_residual,1.25,2026-05-31|11,11,T ≥ 32°C,32°C or higher,32°C or higher,32.0,,False,True,True,False,21,99,0.2121212121212121,True,False,False,False,0.01,0.2109090909090908,True,False,10,32°C or higher,False,30.9,PASSED
2026-06-01|12h_prior,2026-06-01,12h_prior,external_test,pooled_empirical_residual,empirical_residual,1.25,2026-06-01|01,1,T < 24°C,23°C or below,23°C or below,,24.0,True,False,True,False,0,99,0.0,True,False,False,False,0.01,0.0009090909090909,True,False,0,23°C or below,False,32.3,PASSED
2026-06-01|12h_prior,2026-06-01,12h_prior,external_test,pooled_empirical_residual,empirical_residual,1.25,2026-06-01|02,2,24°C ≤ T < 25°C,24°C,24°C,24.0,25.0,False,False,True,False,0,99,0.0,True,False,False,False,0.01,0.0009090909090909,True,False,1,24°C,False,32.3,PASSED
2026-06-01|12h_prior,2026-06-01,12h_prior,external_test,pooled_empirical_residual,empirical_residual,1.25,2026-06-01|03,3,25°C ≤ T < 26°C,25°C,25°C,25.0,26.0,False,False,True,False,0,99,0.0,True,False,False,False,0.01,0.0009090909090909,True,False,2,25°C,False,32.3,PASSED
2026-06-01|12h_prior,2026-06-01,12h_prior,external_test,pooled_empirical_residual,empirical_residual,1.25,2026-06-01|04,4,26°C ≤ T < 27°C,26°C,26°C,26.0,27.0,False,False,True,False,0,99,0.0,True,False,False,False,0.01,0.0009090909090909,True,False,3,26°C,False,32.3,PASSED
2026-06-01|12h_prior,2026-06-01,12h_prior,external_test,pooled_empirical_residual,empirical_residual,1.25,2026-06-01|05,5,27°C ≤ T < 28°C,27°C,27°C,27.0,28.0,False,False,True,False,0,99,0.0,True,False,False,False,0.01,0.0009090909090909,True,False,4,27°C,False,32.3,PASSED
2026-06-01|12h_prior,2026-06-01,12h_prior,external_test,pooled_empirical_residual,empirical_residual,1.25,2026-06-01|06,6,28°C ≤ T < 29°C,28°C,28°C,28.0,29.0,False,False,True,False,4,99,0.0404040404040404,True,False,False,False,0.01,0.0409090909090909,True,False,5,28°C,False,32.3,PASSED
2026-06-01|12h_prior,2026-06-01,12h_prior,external_test,pooled_empirical_residual,empirical_residual,1.25,2026-06-01|07,7,29°C ≤ T < 30°C,29°C,29°C,29.0,30.0,False,False,True,False,9,99,0.0909090909090909,True,False,False,False,0.01,0.0909090909090909,True,False,6,29°C,False,32.3,PASSED
2026-06-01|12h_prior,2026-06-01,12h_prior,external_test,pooled_empirical_residual,empirical_residual,1.25,2026-06-01|08,8,30°C ≤ T < 31°C,30°C,30°C,30.0,31.0,False,False,True,False,15,99,0.1515151515151515,True,False,False,False,0.01,0.1509090909090908,True,False,7,30°C,False,32.3,PASSED
2026-06-01|12h_prior,2026-06-01,12h_prior,external_test,pooled_empirical_residual,empirical_residual,1.25,2026-06-01|09,9,31°C ≤ T < 32°C,31°C,31°C,31.0,32.0,False,False,True,False,32,99,0.3232323232323232,True,False,False,False,0.01,0.3209090909090908,True,False,8,31°C,False,32.3,PASSED
2026-06-01|12h_prior,2026-06-01,12h_prior,external_test,pooled_empirical_residual,empirical_residual,1.25,2026-06-01|10,10,32°C ≤ T < 33°C,32°C,32°C,32.0,33.0,False,False,True,False,22,99,0.2222222222222222,True,False,False,False,0.01,0.2209090909090909,True,False,9,32°C,True,32.3,PASSED
2026-06-01|12h_prior,2026-06-01,12h_prior,external_test,pooled_empirical_residual,empirical_residual,1.25,2026-06-01|11,11,T ≥ 33°C,33°C or higher,33°C or higher,33.0,,False,True,True,False,17,99,0.1717171717171717,True,False,False,False,0.01,0.1709090909090909,True,False,10,33°C or higher,False,32.3,PASSED
2026-06-01|24h_prior,2026-06-01,24h_prior,external_test,pooled_empirical_residual,empirical_residual,1.25,2026-06-01|01,1,T < 24°C,23°C or below,23°C or below,,24.0,True,False,True,False,0,99,0.0,True,False,False,False,0.01,0.0009090909090909,True,False,0,23°C or below,False,32.3,PASSED
2026-06-01|24h_prior,2026-06-01,24h_prior,external_test,pooled_empirical_residual,empirical_residual,1.25,2026-06-01|02,2,24°C ≤ T < 25°C,24°C,24°C,24.0,25.0,False,False,True,False,0,99,0.0,True,False,False,False,0.01,0.0009090909090909,True,False,1,24°C,False,32.3,PASSED
2026-06-01|24h_prior,2026-06-01,24h_prior,external_test,pooled_empirical_residual,empirical_residual,1.25,2026-06-01|03,3,25°C ≤ T < 26°C,25°C,25°C,25.0,26.0,False,False,True,False,0,99,0.0,True,False,False,False,0.01,0.0009090909090909,True,False,2,25°C,False,32.3,PASSED
2026-06-01|24h_prior,2026-06-01,24h_prior,external_test,pooled_empirical_residual,empirical_residual,1.25,2026-06-01|04,4,26°C ≤ T < 27°C,26°C,26°C,26.0,27.0,False,False,True,False,0,99,0.0,True,False,False,False,0.01,0.0009090909090909,True,False,3,26°C,False,32.3,PASSED
2026-06-01|24h_prior,2026-06-01,24h_prior,external_test,pooled_empirical_residual,empirical_residual,1.25,2026-06-01|05,5,27°C ≤ T < 28°C,27°C,27°C,27.0,28.0,False,False,True,False,2,99,0.0202020202020202,True,False,False,False,0.01,0.0209090909090909,True,False,4,27°C,False,32.3,PASSED
2026-06-01|24h_prior,2026-06-01,24h_prior,external_test,pooled_empirical_residual,empirical_residual,1.25,2026-06-01|06,6,28°C ≤ T < 29°C,28°C,28°C,28.0,29.0,False,False,True,False,9,99,0.0909090909090909,True,False,False,False,0.01,0.0909090909090909,True,False,5,28°C,False,32.3,PASSED
2026-06-01|24h_prior,2026-06-01,24h_prior,external_test,pooled_empirical_residual,empirical_residual,1.25,2026-06-01|07,7,29°C ≤ T < 30°C,29°C,29°C,29.0,30.0,False,False,True,False,10,99,0.101010101010101,True,False,False,False,0.01,0.1009090909090908,True,False,6,29°C,False,32.3,PASSED
2026-06-01|24h_prior,2026-06-01,24h_prior,external_test,pooled_empirical_residual,empirical_residual,1.25,2026-06-01|08,8,30°C ≤ T < 31°C,30°C,30°C,30.0,31.0,False,False,True,False,32,99,0.3232323232323232,True,False,False,False,0.01,0.3209090909090908,True,False,7,30°C,False,32.3,PASSED
2026-06-01|24h_prior,2026-06-01,24h_prior,external_test,pooled_empirical_residual,empirical_residual,1.25,2026-06-01|09,9,31°C ≤ T < 32°C,31°C,31°C,31.0,32.0,False,False,True,False,23,99,0.2323232323232323,True,False,False,False,0.01,0.2309090909090908,True,False,8,31°C,False,32.3,PASSED
2026-06-01|24h_prior,2026-06-01,24h_prior,external_test,pooled_empirical_residual,empirical_residual,1.25,2026-06-01|10,10,32°C ≤ T < 33°C,32°C,32°C,32.0,33.0,False,False,True,False,18,99,0.1818181818181818,True,False,False,False,0.01,0.1809090909090908,True,False,9,32°C,True,32.3,PASSED
2026-06-01|24h_prior,2026-06-01,24h_prior,external_test,pooled_empirical_residual,empirical_residual,1.25,2026-06-01|11,11,T ≥ 33°C,33°C or higher,33°C or higher,33.0,,False,True,True,False,5,99,0.0505050505050505,True,False,False,False,0.01,0.0509090909090909,True,False,10,33°C or higher,False,32.3,PASSED
2026-06-01|6h_prior,2026-06-01,6h_prior,external_test,pooled_empirical_residual,empirical_residual,1.25,2026-06-01|01,1,T < 24°C,23°C or below,23°C or below,,24.0,True,False,True,False,0,99,0.0,True,False,False,False,0.01,0.0009090909090909,True,False,0,23°C or below,False,32.3,PASSED
2026-06-01|6h_prior,2026-06-01,6h_prior,external_test,pooled_empirical_residual,empirical_residual,1.25,2026-06-01|02,2,24°C ≤ T < 25°C,24°C,24°C,24.0,25.0,False,False,True,False,0,99,0.0,True,False,False,False,0.01,0.0009090909090909,True,False,1,24°C,False,32.3,PASSED
2026-06-01|6h_prior,2026-06-01,6h_prior,external_test,pooled_empirical_residual,empirical_residual,1.25,2026-06-01|03,3,25°C ≤ T < 26°C,25°C,25°C,25.0,26.0,False,False,True,False,0,99,0.0,True,False,False,False,0.01,0.0009090909090909,True,False,2,25°C,False,32.3,PASSED
2026-06-01|6h_prior,2026-06-01,6h_prior,external_test,pooled_empirical_residual,empirical_residual,1.25,2026-06-01|04,4,26°C ≤ T < 27°C,26°C,26°C,26.0,27.0,False,False,True,False,0,99,0.0,True,False,False,False,0.01,0.0009090909090909,True,False,3,26°C,False,32.3,PASSED
2026-06-01|6h_prior,2026-06-01,6h_prior,external_test,pooled_empirical_residual,empirical_residual,1.25,2026-06-01|05,5,27°C ≤ T < 28°C,27°C,27°C,27.0,28.0,False,False,True,False,1,99,0.0101010101010101,True,False,False,False,0.01,0.0109090909090909,True,False,4,27°C,False,32.3,PASSED
2026-06-01|6h_prior,2026-06-01,6h_prior,external_test,pooled_empirical_residual,empirical_residual,1.25,2026-06-01|06,6,28°C ≤ T < 29°C,28°C,28°C,28.0,29.0,False,False,True,False,8,99,0.0808080808080808,True,False,False,False,0.01,0.0809090909090909,True,False,5,28°C,False,32.3,PASSED
2026-06-01|6h_prior,2026-06-01,6h_prior,external_test,pooled_empirical_residual,empirical_residual,1.25,2026-06-01|07,7,29°C ≤ T < 30°C,29°C,29°C,29.0,30.0,False,False,True,False,10,99,0.101010101010101,True,False,False,False,0.01,0.1009090909090908,True,False,6,29°C,False,32.3,PASSED
2026-06-01|6h_prior,2026-06-01,6h_prior,external_test,pooled_empirical_residual,empirical_residual,1.25,2026-06-01|08,8,30°C ≤ T < 31°C,30°C,30°C,30.0,31.0,False,False,True,False,28,99,0.2828282828282828,True,False,False,False,0.01,0.2809090909090909,True,False,7,30°C,False,32.3,PASSED
2026-06-01|6h_prior,2026-06-01,6h_prior,external_test,pooled_empirical_residual,empirical_residual,1.25,2026-06-01|09,9,31°C ≤ T < 32°C,31°C,31°C,31.0,32.0,False,False,True,False,25,99,0.2525252525252525,True,False,False,False,0.01,0.2509090909090908,True,False,8,31°C,False,32.3,PASSED
2026-06-01|6h_prior,2026-06-01,6h_prior,external_test,pooled_empirical_residual,empirical_residual,1.25,2026-06-01|10,10,32°C ≤ T < 33°C,32°C,32°C,32.0,33.0,False,False,True,False,20,99,0.202020202020202,True,False,False,False,0.01,0.2009090909090908,True,False,9,32°C,True,32.3,PASSED
2026-06-01|6h_prior,2026-06-01,6h_prior,external_test,pooled_empirical_residual,empirical_residual,1.25,2026-06-01|11,11,T ≥ 33°C,33°C or higher,33°C or higher,33.0,,False,True,True,False,7,99,0.0707070707070707,True,False,False,False,0.01,0.0709090909090909,True,False,10,33°C or higher,False,32.3,PASSED
2026-06-01|event_day_open,2026-06-01,event_day_open,external_test,pooled_empirical_residual,empirical_residual,1.25,2026-06-01|01,1,T < 24°C,23°C or below,23°C or below,,24.0,True,False,True,False,0,99,0.0,True,False,False,False,0.01,0.0009090909090909,True,False,0,23°C or below,False,32.3,PASSED
2026-06-01|event_day_open,2026-06-01,event_day_open,external_test,pooled_empirical_residual,empirical_residual,1.25,2026-06-01|02,2,24°C ≤ T < 25°C,24°C,24°C,24.0,25.0,False,False,True,False,0,99,0.0,True,False,False,False,0.01,0.0009090909090909,True,False,1,24°C,False,32.3,PASSED
2026-06-01|event_day_open,2026-06-01,event_day_open,external_test,pooled_empirical_residual,empirical_residual,1.25,2026-06-01|03,3,25°C ≤ T < 26°C,25°C,25°C,25.0,26.0,False,False,True,False,0,99,0.0,True,False,False,False,0.01,0.0009090909090909,True,False,2,25°C,False,32.3,PASSED
2026-06-01|event_day_open,2026-06-01,event_day_open,external_test,pooled_empirical_residual,empirical_residual,1.25,2026-06-01|04,4,26°C ≤ T < 27°C,26°C,26°C,26.0,27.0,False,False,True,False,0,99,0.0,True,False,False,False,0.01,0.0009090909090909,True,False,3,26°C,False,32.3,PASSED
2026-06-01|event_day_open,2026-06-01,event_day_open,external_test,pooled_empirical_residual,empirical_residual,1.25,2026-06-01|05,5,27°C ≤ T < 28°C,27°C,27°C,27.0,28.0,False,False,True,False,1,99,0.0101010101010101,True,False,False,False,0.01,0.0109090909090909,True,False,4,27°C,False,32.3,PASSED
2026-06-01|event_day_open,2026-06-01,event_day_open,external_test,pooled_empirical_residual,empirical_residual,1.25,2026-06-01|06,6,28°C ≤ T < 29°C,28°C,28°C,28.0,29.0,False,False,True,False,8,99,0.0808080808080808,True,False,False,False,0.01,0.0809090909090909,True,False,5,28°C,False,32.3,PASSED
2026-06-01|event_day_open,2026-06-01,event_day_open,external_test,pooled_empirical_residual,empirical_residual,1.25,2026-06-01|07,7,29°C ≤ T < 30°C,29°C,29°C,29.0,30.0,False,False,True,False,8,99,0.0808080808080808,True,False,False,False,0.01,0.0809090909090909,True,False,6,29°C,False,32.3,PASSED
2026-06-01|event_day_open,2026-06-01,event_day_open,external_test,pooled_empirical_residual,empirical_residual,1.25,2026-06-01|08,8,30°C ≤ T < 31°C,30°C,30°C,30.0,31.0,False,False,True,False,25,99,0.2525252525252525,True,False,False,False,0.01,0.2509090909090908,True,False,7,30°C,False,32.3,PASSED
2026-06-01|event_day_open,2026-06-01,event_day_open,external_test,pooled_empirical_residual,empirical_residual,1.25,2026-06-01|09,9,31°C ≤ T < 32°C,31°C,31°C,31.0,32.0,False,False,True,False,28,99,0.2828282828282828,True,False,False,False,0.01,0.2809090909090909,True,False,8,31°C,False,32.3,PASSED
2026-06-01|event_day_open,2026-06-01,event_day_open,external_test,pooled_empirical_residual,empirical_residual,1.25,2026-06-01|10,10,32°C ≤ T < 33°C,32°C,32°C,32.0,33.0,False,False,True,False,21,99,0.2121212121212121,True,False,False,False,0.01,0.2109090909090908,True,False,9,32°C,True,32.3,PASSED
2026-06-01|event_day_open,2026-06-01,event_day_open,external_test,pooled_empirical_residual,empirical_residual,1.25,2026-06-01|11,11,T ≥ 33°C,33°C or higher,33°C or higher,33.0,,False,True,True,False,8,99,0.0808080808080808,True,False,False,False,0.01,0.0809090909090909,True,False,10,33°C or higher,False,32.3,PASSED
2026-06-02|12h_prior,2026-06-02,12h_prior,external_test,pooled_empirical_residual,empirical_residual,1.25,2026-06-02|01,1,T < 25°C,24°C or below,24°C or below,,25.0,True,False,True,False,0,99,0.0,True,False,False,False,0.01,0.0009090909090909,True,False,0,24°C or below,False,33.3,PASSED
2026-06-02|12h_prior,2026-06-02,12h_prior,external_test,pooled_empirical_residual,empirical_residual,1.25,2026-06-02|02,2,25°C ≤ T < 26°C,25°C,25°C,25.0,26.0,False,False,True,False,0,99,0.0,True,False,False,False,0.01,0.0009090909090909,True,False,1,25°C,False,33.3,PASSED
2026-06-02|12h_prior,2026-06-02,12h_prior,external_test,pooled_empirical_residual,empirical_residual,1.25,2026-06-02|03,3,26°C ≤ T < 27°C,26°C,26°C,26.0,27.0,False,False,True,False,0,99,0.0,True,False,False,False,0.01,0.0009090909090909,True,False,2,26°C,False,33.3,PASSED
2026-06-02|12h_prior,2026-06-02,12h_prior,external_test,pooled_empirical_residual,empirical_residual,1.25,2026-06-02|04,4,27°C ≤ T < 28°C,27°C,27°C,27.0,28.0,False,False,True,False,0,99,0.0,True,False,False,False,0.01,0.0009090909090909,True,False,3,27°C,False,33.3,PASSED
2026-06-02|12h_prior,2026-06-02,12h_prior,external_test,pooled_empirical_residual,empirical_residual,1.25,2026-06-02|05,5,28°C ≤ T < 29°C,28°C,28°C,28.0,29.0,False,False,True,False,0,99,0.0,True,False,False,False,0.01,0.0009090909090909,True,False,4,28°C,False,33.3,PASSED
2026-06-02|12h_prior,2026-06-02,12h_prior,external_test,pooled_empirical_residual,empirical_residual,1.25,2026-06-02|06,6,29°C ≤ T < 30°C,29°C,29°C,29.0,30.0,False,False,True,False,5,99,0.0505050505050505,True,False,False,False,0.01,0.0509090909090909,True,False,5,29°C,False,33.3,PASSED
2026-06-02|12h_prior,2026-06-02,12h_prior,external_test,pooled_empirical_residual,empirical_residual,1.25,2026-06-02|07,7,30°C ≤ T < 31°C,30°C,30°C,30.0,31.0,False,False,True,False,9,99,0.0909090909090909,True,False,False,False,0.01,0.0909090909090909,True,False,6,30°C,False,33.3,PASSED
2026-06-02|12h_prior,2026-06-02,12h_prior,external_test,pooled_empirical_residual,empirical_residual,1.25,2026-06-02|08,8,31°C ≤ T < 32°C,31°C,31°C,31.0,32.0,False,False,True,False,20,99,0.202020202020202,True,False,False,False,0.01,0.2009090909090908,True,False,7,31°C,False,33.3,PASSED
2026-06-02|12h_prior,2026-06-02,12h_prior,external_test,pooled_empirical_residual,empirical_residual,1.25,2026-06-02|09,9,32°C ≤ T < 33°C,32°C,32°C,32.0,33.0,False,False,True,False,31,99,0.3131313131313131,True,False,False,False,0.01,0.3109090909090908,True,False,8,32°C,False,33.3,PASSED
2026-06-02|12h_prior,2026-06-02,12h_prior,external_test,pooled_empirical_residual,empirical_residual,1.25,2026-06-02|10,10,33°C ≤ T < 34°C,33°C,33°C,33.0,34.0,False,False,True,False,23,99,0.2323232323232323,True,False,False,False,0.01,0.2309090909090908,True,False,9,33°C,True,33.3,PASSED
2026-06-02|12h_prior,2026-06-02,12h_prior,external_test,pooled_empirical_residual,empirical_residual,1.25,2026-06-02|11,11,T ≥ 34°C,34°C or higher,34°C or higher,34.0,,False,True,True,False,11,99,0.1111111111111111,True,False,False,False,0.01,0.1109090909090909,True,False,10,34°C or higher,False,33.3,PASSED
2026-06-02|24h_prior,2026-06-02,24h_prior,external_test,pooled_empirical_residual,empirical_residual,1.25,2026-06-02|01,1,T < 25°C,24°C or below,24°C or below,,25.0,True,False,True,False,0,99,0.0,True,False,False,False,0.01,0.0009090909090909,True,False,0,24°C or below,False,33.3,PASSED
2026-06-02|24h_prior,2026-06-02,24h_prior,external_test,pooled_empirical_residual,empirical_residual,1.25,2026-06-02|02,2,25°C ≤ T < 26°C,25°C,25°C,25.0,26.0,False,False,True,False,0,99,0.0,True,False,False,False,0.01,0.0009090909090909,True,False,1,25°C,False,33.3,PASSED
2026-06-02|24h_prior,2026-06-02,24h_prior,external_test,pooled_empirical_residual,empirical_residual,1.25,2026-06-02|03,3,26°C ≤ T < 27°C,26°C,26°C,26.0,27.0,False,False,True,False,0,99,0.0,True,False,False,False,0.01,0.0009090909090909,True,False,2,26°C,False,33.3,PASSED
2026-06-02|24h_prior,2026-06-02,24h_prior,external_test,pooled_empirical_residual,empirical_residual,1.25,2026-06-02|04,4,27°C ≤ T < 28°C,27°C,27°C,27.0,28.0,False,False,True,False,0,99,0.0,True,False,False,False,0.01,0.0009090909090909,True,False,3,27°C,False,33.3,PASSED
2026-06-02|24h_prior,2026-06-02,24h_prior,external_test,pooled_empirical_residual,empirical_residual,1.25,2026-06-02|05,5,28°C ≤ T < 29°C,28°C,28°C,28.0,29.0,False,False,True,False,0,99,0.0,True,False,False,False,0.01,0.0009090909090909,True,False,4,28°C,False,33.3,PASSED
2026-06-02|24h_prior,2026-06-02,24h_prior,external_test,pooled_empirical_residual,empirical_residual,1.25,2026-06-02|06,6,29°C ≤ T < 30°C,29°C,29°C,29.0,30.0,False,False,True,False,2,99,0.0202020202020202,True,False,False,False,0.01,0.0209090909090909,True,False,5,29°C,False,33.3,PASSED
2026-06-02|24h_prior,2026-06-02,24h_prior,external_test,pooled_empirical_residual,empirical_residual,1.25,2026-06-02|07,7,30°C ≤ T < 31°C,30°C,30°C,30.0,31.0,False,False,True,False,9,99,0.0909090909090909,True,False,False,False,0.01,0.0909090909090909,True,False,6,30°C,False,33.3,PASSED
2026-06-02|24h_prior,2026-06-02,24h_prior,external_test,pooled_empirical_residual,empirical_residual,1.25,2026-06-02|08,8,31°C ≤ T < 32°C,31°C,31°C,31.0,32.0,False,False,True,False,10,99,0.101010101010101,True,False,False,False,0.01,0.1009090909090908,True,False,7,31°C,False,33.3,PASSED
2026-06-02|24h_prior,2026-06-02,24h_prior,external_test,pooled_empirical_residual,empirical_residual,1.25,2026-06-02|09,9,32°C ≤ T < 33°C,32°C,32°C,32.0,33.0,False,False,True,False,32,99,0.3232323232323232,True,False,False,False,0.01,0.3209090909090908,True,False,8,32°C,False,33.3,PASSED
2026-06-02|24h_prior,2026-06-02,24h_prior,external_test,pooled_empirical_residual,empirical_residual,1.25,2026-06-02|10,10,33°C ≤ T < 34°C,33°C,33°C,33.0,34.0,False,False,True,False,23,99,0.2323232323232323,True,False,False,False,0.01,0.2309090909090908,True,False,9,33°C,True,33.3,PASSED
2026-06-02|24h_prior,2026-06-02,24h_prior,external_test,pooled_empirical_residual,empirical_residual,1.25,2026-06-02|11,11,T ≥ 34°C,34°C or higher,34°C or higher,34.0,,False,True,True,False,23,99,0.2323232323232323,True,False,False,False,0.01,0.2309090909090908,True,False,10,34°C or higher,False,33.3,PASSED
2026-06-02|6h_prior,2026-06-02,6h_prior,external_test,pooled_empirical_residual,empirical_residual,1.25,2026-06-02|01,1,T < 25°C,24°C or below,24°C or below,,25.0,True,False,True,False,0,99,0.0,True,False,False,False,0.01,0.0009090909090909,True,False,0,24°C or below,False,33.3,PASSED
2026-06-02|6h_prior,2026-06-02,6h_prior,external_test,pooled_empirical_residual,empirical_residual,1.25,2026-06-02|02,2,25°C ≤ T < 26°C,25°C,25°C,25.0,26.0,False,False,True,False,0,99,0.0,True,False,False,False,0.01,0.0009090909090909,True,False,1,25°C,False,33.3,PASSED
2026-06-02|6h_prior,2026-06-02,6h_prior,external_test,pooled_empirical_residual,empirical_residual,1.25,2026-06-02|03,3,26°C ≤ T < 27°C,26°C,26°C,26.0,27.0,False,False,True,False,0,99,0.0,True,False,False,False,0.01,0.0009090909090909,True,False,2,26°C,False,33.3,PASSED
2026-06-02|6h_prior,2026-06-02,6h_prior,external_test,pooled_empirical_residual,empirical_residual,1.25,2026-06-02|04,4,27°C ≤ T < 28°C,27°C,27°C,27.0,28.0,False,False,True,False,0,99,0.0,True,False,False,False,0.01,0.0009090909090909,True,False,3,27°C,False,33.3,PASSED
2026-06-02|6h_prior,2026-06-02,6h_prior,external_test,pooled_empirical_residual,empirical_residual,1.25,2026-06-02|05,5,28°C ≤ T < 29°C,28°C,28°C,28.0,29.0,False,False,True,False,0,99,0.0,True,False,False,False,0.01,0.0009090909090909,True,False,4,28°C,False,33.3,PASSED
2026-06-02|6h_prior,2026-06-02,6h_prior,external_test,pooled_empirical_residual,empirical_residual,1.25,2026-06-02|06,6,29°C ≤ T < 30°C,29°C,29°C,29.0,30.0,False,False,True,False,4,99,0.0404040404040404,True,False,False,False,0.01,0.0409090909090909,True,False,5,29°C,False,33.3,PASSED
2026-06-02|6h_prior,2026-06-02,6h_prior,external_test,pooled_empirical_residual,empirical_residual,1.25,2026-06-02|07,7,30°C ≤ T < 31°C,30°C,30°C,30.0,31.0,False,False,True,False,9,99,0.0909090909090909,True,False,False,False,0.01,0.0909090909090909,True,False,6,30°C,False,33.3,PASSED
2026-06-02|6h_prior,2026-06-02,6h_prior,external_test,pooled_empirical_residual,empirical_residual,1.25,2026-06-02|08,8,31°C ≤ T < 32°C,31°C,31°C,31.0,32.0,False,False,True,False,17,99,0.1717171717171717,True,False,False,False,0.01,0.1709090909090909,True,False,7,31°C,False,33.3,PASSED
2026-06-02|6h_prior,2026-06-02,6h_prior,external_test,pooled_empirical_residual,empirical_residual,1.25,2026-06-02|09,9,32°C ≤ T < 33°C,32°C,32°C,32.0,33.0,False,False,True,False,32,99,0.3232323232323232,True,False,False,False,0.01,0.3209090909090908,True,False,8,32°C,False,33.3,PASSED
2026-06-02|6h_prior,2026-06-02,6h_prior,external_test,pooled_empirical_residual,empirical_residual,1.25,2026-06-02|10,10,33°C ≤ T < 34°C,33°C,33°C,33.0,34.0,False,False,True,False,24,99,0.2424242424242424,True,False,False,False,0.01,0.2409090909090908,True,False,9,33°C,True,33.3,PASSED
2026-06-02|6h_prior,2026-06-02,6h_prior,external_test,pooled_empirical_residual,empirical_residual,1.25,2026-06-02|11,11,T ≥ 34°C,34°C or higher,34°C or higher,34.0,,False,True,True,False,13,99,0.1313131313131313,True,False,False,False,0.01,0.1309090909090909,True,False,10,34°C or higher,False,33.3,PASSED
2026-06-02|event_day_open,2026-06-02,event_day_open,external_test,pooled_empirical_residual,empirical_residual,1.25,2026-06-02|01,1,T < 25°C,24°C or below,24°C or below,,25.0,True,False,True,False,0,99,0.0,True,False,False,False,0.01,0.0009090909090909,True,False,0,24°C or below,False,33.3,PASSED
2026-06-02|event_day_open,2026-06-02,event_day_open,external_test,pooled_empirical_residual,empirical_residual,1.25,2026-06-02|02,2,25°C ≤ T < 26°C,25°C,25°C,25.0,26.0,False,False,True,False,0,99,0.0,True,False,False,False,0.01,0.0009090909090909,True,False,1,25°C,False,33.3,PASSED
2026-06-02|event_day_open,2026-06-02,event_day_open,external_test,pooled_empirical_residual,empirical_residual,1.25,2026-06-02|03,3,26°C ≤ T < 27°C,26°C,26°C,26.0,27.0,False,False,True,False,0,99,0.0,True,False,False,False,0.01,0.0009090909090909,True,False,2,26°C,False,33.3,PASSED
2026-06-02|event_day_open,2026-06-02,event_day_open,external_test,pooled_empirical_residual,empirical_residual,1.25,2026-06-02|04,4,27°C ≤ T < 28°C,27°C,27°C,27.0,28.0,False,False,True,False,0,99,0.0,True,False,False,False,0.01,0.0009090909090909,True,False,3,27°C,False,33.3,PASSED
2026-06-02|event_day_open,2026-06-02,event_day_open,external_test,pooled_empirical_residual,empirical_residual,1.25,2026-06-02|05,5,28°C ≤ T < 29°C,28°C,28°C,28.0,29.0,False,False,True,False,0,99,0.0,True,False,False,False,0.01,0.0009090909090909,True,False,4,28°C,False,33.3,PASSED
2026-06-02|event_day_open,2026-06-02,event_day_open,external_test,pooled_empirical_residual,empirical_residual,1.25,2026-06-02|06,6,29°C ≤ T < 30°C,29°C,29°C,29.0,30.0,False,False,True,False,0,99,0.0,True,False,False,False,0.01,0.0009090909090909,True,False,5,29°C,False,33.3,PASSED
2026-06-02|event_day_open,2026-06-02,event_day_open,external_test,pooled_empirical_residual,empirical_residual,1.25,2026-06-02|07,7,30°C ≤ T < 31°C,30°C,30°C,30.0,31.0,False,False,True,False,6,99,0.0606060606060606,True,False,False,False,0.01,0.0609090909090909,True,False,6,30°C,False,33.3,PASSED
2026-06-02|event_day_open,2026-06-02,event_day_open,external_test,pooled_empirical_residual,empirical_residual,1.25,2026-06-02|08,8,31°C ≤ T < 32°C,31°C,31°C,31.0,32.0,False,False,True,False,10,99,0.101010101010101,True,False,False,False,0.01,0.1009090909090908,True,False,7,31°C,False,33.3,PASSED
2026-06-02|event_day_open,2026-06-02,event_day_open,external_test,pooled_empirical_residual,empirical_residual,1.25,2026-06-02|09,9,32°C ≤ T < 33°C,32°C,32°C,32.0,33.0,False,False,True,False,21,99,0.2121212121212121,True,False,False,False,0.01,0.2109090909090908,True,False,8,32°C,False,33.3,PASSED
2026-06-02|event_day_open,2026-06-02,event_day_open,external_test,pooled_empirical_residual,empirical_residual,1.25,2026-06-02|10,10,33°C ≤ T < 34°C,33°C,33°C,33.0,34.0,False,False,True,False,29,99,0.2929292929292929,True,False,False,False,0.01,0.2909090909090908,True,False,9,33°C,True,33.3,PASSED
2026-06-02|event_day_open,2026-06-02,event_day_open,external_test,pooled_empirical_residual,empirical_residual,1.25,2026-06-02|11,11,T ≥ 34°C,34°C or higher,34°C or higher,34.0,,False,True,True,False,33,99,0.3333333333333333,True,False,False,False,0.01,0.3309090909090909,True,False,10,34°C or higher,False,33.3,PASSED
2026-06-03|12h_prior,2026-06-03,12h_prior,external_test,pooled_empirical_residual,empirical_residual,1.25,2026-06-03|01,1,T < 25°C,24°C or below,24°C or below,,25.0,True,False,True,False,0,99,0.0,True,False,False,False,0.01,0.0009090909090909,True,False,0,24°C or below,False,34.3,PASSED
2026-06-03|12h_prior,2026-06-03,12h_prior,external_test,pooled_empirical_residual,empirical_residual,1.25,2026-06-03|02,2,25°C ≤ T < 26°C,25°C,25°C,25.0,26.0,False,False,True,False,0,99,0.0,True,False,False,False,0.01,0.0009090909090909,True,False,1,25°C,False,34.3,PASSED
2026-06-03|12h_prior,2026-06-03,12h_prior,external_test,pooled_empirical_residual,empirical_residual,1.25,2026-06-03|03,3,26°C ≤ T < 27°C,26°C,26°C,26.0,27.0,False,False,True,False,0,99,0.0,True,False,False,False,0.01,0.0009090909090909,True,False,2,26°C,False,34.3,PASSED
2026-06-03|12h_prior,2026-06-03,12h_prior,external_test,pooled_empirical_residual,empirical_residual,1.25,2026-06-03|04,4,27°C ≤ T < 28°C,27°C,27°C,27.0,28.0,False,False,True,False,0,99,0.0,True,False,False,False,0.01,0.0009090909090909,True,False,3,27°C,False,34.3,PASSED
2026-06-03|12h_prior,2026-06-03,12h_prior,external_test,pooled_empirical_residual,empirical_residual,1.25,2026-06-03|05,5,28°C ≤ T < 29°C,28°C,28°C,28.0,29.0,False,False,True,False,0,99,0.0,True,False,False,False,0.01,0.0009090909090909,True,False,4,28°C,False,34.3,PASSED
2026-06-03|12h_prior,2026-06-03,12h_prior,external_test,pooled_empirical_residual,empirical_residual,1.25,2026-06-03|06,6,29°C ≤ T < 30°C,29°C,29°C,29.0,30.0,False,False,True,False,1,99,0.0101010101010101,True,False,False,False,0.01,0.0109090909090909,True,False,5,29°C,False,34.3,PASSED
2026-06-03|12h_prior,2026-06-03,12h_prior,external_test,pooled_empirical_residual,empirical_residual,1.25,2026-06-03|07,7,30°C ≤ T < 31°C,30°C,30°C,30.0,31.0,False,False,True,False,8,99,0.0808080808080808,True,False,False,False,0.01,0.0809090909090909,True,False,6,30°C,False,34.3,PASSED
2026-06-03|12h_prior,2026-06-03,12h_prior,external_test,pooled_empirical_residual,empirical_residual,1.25,2026-06-03|08,8,31°C ≤ T < 32°C,31°C,31°C,31.0,32.0,False,False,True,False,8,99,0.0808080808080808,True,False,False,False,0.01,0.0809090909090909,True,False,7,31°C,False,34.3,PASSED
2026-06-03|12h_prior,2026-06-03,12h_prior,external_test,pooled_empirical_residual,empirical_residual,1.25,2026-06-03|09,9,32°C ≤ T < 33°C,32°C,32°C,32.0,33.0,False,False,True,False,25,99,0.2525252525252525,True,False,False,False,0.01,0.2509090909090908,True,False,8,32°C,False,34.3,PASSED
2026-06-03|12h_prior,2026-06-03,12h_prior,external_test,pooled_empirical_residual,empirical_residual,1.25,2026-06-03|10,10,33°C ≤ T < 34°C,33°C,33°C,33.0,34.0,False,False,True,False,28,99,0.2828282828282828,True,False,False,False,0.01,0.2809090909090909,True,False,9,33°C,False,34.3,PASSED
2026-06-03|12h_prior,2026-06-03,12h_prior,external_test,pooled_empirical_residual,empirical_residual,1.25,2026-06-03|11,11,T ≥ 34°C,34°C or higher,34°C or higher,34.0,,False,True,True,False,29,99,0.2929292929292929,True,False,False,False,0.01,0.2909090909090908,True,False,10,34°C or higher,True,34.3,PASSED
2026-06-03|24h_prior,2026-06-03,24h_prior,external_test,pooled_empirical_residual,empirical_residual,1.25,2026-06-03|01,1,T < 25°C,24°C or below,24°C or below,,25.0,True,False,True,False,0,99,0.0,True,False,False,False,0.01,0.0009090909090909,True,False,0,24°C or below,False,34.3,PASSED
2026-06-03|24h_prior,2026-06-03,24h_prior,external_test,pooled_empirical_residual,empirical_residual,1.25,2026-06-03|02,2,25°C ≤ T < 26°C,25°C,25°C,25.0,26.0,False,False,True,False,0,99,0.0,True,False,False,False,0.01,0.0009090909090909,True,False,1,25°C,False,34.3,PASSED
2026-06-03|24h_prior,2026-06-03,24h_prior,external_test,pooled_empirical_residual,empirical_residual,1.25,2026-06-03|03,3,26°C ≤ T < 27°C,26°C,26°C,26.0,27.0,False,False,True,False,0,99,0.0,True,False,False,False,0.01,0.0009090909090909,True,False,2,26°C,False,34.3,PASSED
2026-06-03|24h_prior,2026-06-03,24h_prior,external_test,pooled_empirical_residual,empirical_residual,1.25,2026-06-03|04,4,27°C ≤ T < 28°C,27°C,27°C,27.0,28.0,False,False,True,False,0,99,0.0,True,False,False,False,0.01,0.0009090909090909,True,False,3,27°C,False,34.3,PASSED
2026-06-03|24h_prior,2026-06-03,24h_prior,external_test,pooled_empirical_residual,empirical_residual,1.25,2026-06-03|05,5,28°C ≤ T < 29°C,28°C,28°C,28.0,29.0,False,False,True,False,0,99,0.0,True,False,False,False,0.01,0.0009090909090909,True,False,4,28°C,False,34.3,PASSED
2026-06-03|24h_prior,2026-06-03,24h_prior,external_test,pooled_empirical_residual,empirical_residual,1.25,2026-06-03|06,6,29°C ≤ T < 30°C,29°C,29°C,29.0,30.0,False,False,True,False,3,99,0.0303030303030303,True,False,False,False,0.01,0.0309090909090909,True,False,5,29°C,False,34.3,PASSED
2026-06-03|24h_prior,2026-06-03,24h_prior,external_test,pooled_empirical_residual,empirical_residual,1.25,2026-06-03|07,7,30°C ≤ T < 31°C,30°C,30°C,30.0,31.0,False,False,True,False,10,99,0.101010101010101,True,False,False,False,0.01,0.1009090909090908,True,False,6,30°C,False,34.3,PASSED
2026-06-03|24h_prior,2026-06-03,24h_prior,external_test,pooled_empirical_residual,empirical_residual,1.25,2026-06-03|08,8,31°C ≤ T < 32°C,31°C,31°C,31.0,32.0,False,False,True,False,11,99,0.1111111111111111,True,False,False,False,0.01,0.1109090909090909,True,False,7,31°C,False,34.3,PASSED
2026-06-03|24h_prior,2026-06-03,24h_prior,external_test,pooled_empirical_residual,empirical_residual,1.25,2026-06-03|09,9,32°C ≤ T < 33°C,32°C,32°C,32.0,33.0,False,False,True,False,32,99,0.3232323232323232,True,False,False,False,0.01,0.3209090909090908,True,False,8,32°C,False,34.3,PASSED
2026-06-03|24h_prior,2026-06-03,24h_prior,external_test,pooled_empirical_residual,empirical_residual,1.25,2026-06-03|10,10,33°C ≤ T < 34°C,33°C,33°C,33.0,34.0,False,False,True,False,22,99,0.2222222222222222,True,False,False,False,0.01,0.2209090909090909,True,False,9,33°C,False,34.3,PASSED
2026-06-03|24h_prior,2026-06-03,24h_prior,external_test,pooled_empirical_residual,empirical_residual,1.25,2026-06-03|11,11,T ≥ 34°C,34°C or higher,34°C or higher,34.0,,False,True,True,False,21,99,0.2121212121212121,True,False,False,False,0.01,0.2109090909090908,True,False,10,34°C or higher,True,34.3,PASSED
2026-06-03|6h_prior,2026-06-03,6h_prior,external_test,pooled_empirical_residual,empirical_residual,1.25,2026-06-03|01,1,T < 25°C,24°C or below,24°C or below,,25.0,True,False,True,False,0,99,0.0,True,False,False,False,0.01,0.0009090909090909,True,False,0,24°C or below,False,34.3,PASSED
2026-06-03|6h_prior,2026-06-03,6h_prior,external_test,pooled_empirical_residual,empirical_residual,1.25,2026-06-03|02,2,25°C ≤ T < 26°C,25°C,25°C,25.0,26.0,False,False,True,False,0,99,0.0,True,False,False,False,0.01,0.0009090909090909,True,False,1,25°C,False,34.3,PASSED
2026-06-03|6h_prior,2026-06-03,6h_prior,external_test,pooled_empirical_residual,empirical_residual,1.25,2026-06-03|03,3,26°C ≤ T < 27°C,26°C,26°C,26.0,27.0,False,False,True,False,0,99,0.0,True,False,False,False,0.01,0.0009090909090909,True,False,2,26°C,False,34.3,PASSED
2026-06-03|6h_prior,2026-06-03,6h_prior,external_test,pooled_empirical_residual,empirical_residual,1.25,2026-06-03|04,4,27°C ≤ T < 28°C,27°C,27°C,27.0,28.0,False,False,True,False,0,99,0.0,True,False,False,False,0.01,0.0009090909090909,True,False,3,27°C,False,34.3,PASSED
2026-06-03|6h_prior,2026-06-03,6h_prior,external_test,pooled_empirical_residual,empirical_residual,1.25,2026-06-03|05,5,28°C ≤ T < 29°C,28°C,28°C,28.0,29.0,False,False,True,False,0,99,0.0,True,False,False,False,0.01,0.0009090909090909,True,False,4,28°C,False,34.3,PASSED
2026-06-03|6h_prior,2026-06-03,6h_prior,external_test,pooled_empirical_residual,empirical_residual,1.25,2026-06-03|06,6,29°C ≤ T < 30°C,29°C,29°C,29.0,30.0,False,False,True,False,1,99,0.0101010101010101,True,False,False,False,0.01,0.0109090909090909,True,False,5,29°C,False,34.3,PASSED
2026-06-03|6h_prior,2026-06-03,6h_prior,external_test,pooled_empirical_residual,empirical_residual,1.25,2026-06-03|07,7,30°C ≤ T < 31°C,30°C,30°C,30.0,31.0,False,False,True,False,8,99,0.0808080808080808,True,False,False,False,0.01,0.0809090909090909,True,False,6,30°C,False,34.3,PASSED
2026-06-03|6h_prior,2026-06-03,6h_prior,external_test,pooled_empirical_residual,empirical_residual,1.25,2026-06-03|08,8,31°C ≤ T < 32°C,31°C,31°C,31.0,32.0,False,False,True,False,10,99,0.101010101010101,True,False,False,False,0.01,0.1009090909090908,True,False,7,31°C,False,34.3,PASSED
2026-06-03|6h_prior,2026-06-03,6h_prior,external_test,pooled_empirical_residual,empirical_residual,1.25,2026-06-03|09,9,32°C ≤ T < 33°C,32°C,32°C,32.0,33.0,False,False,True,False,28,99,0.2828282828282828,True,False,False,False,0.01,0.2809090909090909,True,False,8,32°C,False,34.3,PASSED
2026-06-03|6h_prior,2026-06-03,6h_prior,external_test,pooled_empirical_residual,empirical_residual,1.25,2026-06-03|10,10,33°C ≤ T < 34°C,33°C,33°C,33.0,34.0,False,False,True,False,25,99,0.2525252525252525,True,False,False,False,0.01,0.2509090909090908,True,False,9,33°C,False,34.3,PASSED
2026-06-03|6h_prior,2026-06-03,6h_prior,external_test,pooled_empirical_residual,empirical_residual,1.25,2026-06-03|11,11,T ≥ 34°C,34°C or higher,34°C or higher,34.0,,False,True,True,False,27,99,0.2727272727272727,True,False,False,False,0.01,0.2709090909090909,True,False,10,34°C or higher,True,34.3,PASSED
2026-06-03|event_day_open,2026-06-03,event_day_open,external_test,pooled_empirical_residual,empirical_residual,1.25,2026-06-03|01,1,T < 25°C,24°C or below,24°C or below,,25.0,True,False,True,False,0,99,0.0,True,False,False,False,0.01,0.0009090909090909,True,False,0,24°C or below,False,34.3,PASSED
2026-06-03|event_day_open,2026-06-03,event_day_open,external_test,pooled_empirical_residual,empirical_residual,1.25,2026-06-03|02,2,25°C ≤ T < 26°C,25°C,25°C,25.0,26.0,False,False,True,False,0,99,0.0,True,False,False,False,0.01,0.0009090909090909,True,False,1,25°C,False,34.3,PASSED
2026-06-03|event_day_open,2026-06-03,event_day_open,external_test,pooled_empirical_residual,empirical_residual,1.25,2026-06-03|03,3,26°C ≤ T < 27°C,26°C,26°C,26.0,27.0,False,False,True,False,0,99,0.0,True,False,False,False,0.01,0.0009090909090909,True,False,2,26°C,False,34.3,PASSED
2026-06-03|event_day_open,2026-06-03,event_day_open,external_test,pooled_empirical_residual,empirical_residual,1.25,2026-06-03|04,4,27°C ≤ T < 28°C,27°C,27°C,27.0,28.0,False,False,True,False,0,99,0.0,True,False,False,False,0.01,0.0009090909090909,True,False,3,27°C,False,34.3,PASSED
2026-06-03|event_day_open,2026-06-03,event_day_open,external_test,pooled_empirical_residual,empirical_residual,1.25,2026-06-03|05,5,28°C ≤ T < 29°C,28°C,28°C,28.0,29.0,False,False,True,False,0,99,0.0,True,False,False,False,0.01,0.0009090909090909,True,False,4,28°C,False,34.3,PASSED
2026-06-03|event_day_open,2026-06-03,event_day_open,external_test,pooled_empirical_residual,empirical_residual,1.25,2026-06-03|06,6,29°C ≤ T < 30°C,29°C,29°C,29.0,30.0,False,False,True,False,1,99,0.0101010101010101,True,False,False,False,0.01,0.0109090909090909,True,False,5,29°C,False,34.3,PASSED
2026-06-03|event_day_open,2026-06-03,event_day_open,external_test,pooled_empirical_residual,empirical_residual,1.25,2026-06-03|07,7,30°C ≤ T < 31°C,30°C,30°C,30.0,31.0,False,False,True,False,8,99,0.0808080808080808,True,False,False,False,0.01,0.0809090909090909,True,False,6,30°C,False,34.3,PASSED
2026-06-03|event_day_open,2026-06-03,event_day_open,external_test,pooled_empirical_residual,empirical_residual,1.25,2026-06-03|08,8,31°C ≤ T < 32°C,31°C,31°C,31.0,32.0,False,False,True,False,10,99,0.101010101010101,True,False,False,False,0.01,0.1009090909090908,True,False,7,31°C,False,34.3,PASSED
2026-06-03|event_day_open,2026-06-03,event_day_open,external_test,pooled_empirical_residual,empirical_residual,1.25,2026-06-03|09,9,32°C ≤ T < 33°C,32°C,32°C,32.0,33.0,False,False,True,False,28,99,0.2828282828282828,True,False,False,False,0.01,0.2809090909090909,True,False,8,32°C,False,34.3,PASSED
2026-06-03|event_day_open,2026-06-03,event_day_open,external_test,pooled_empirical_residual,empirical_residual,1.25,2026-06-03|10,10,33°C ≤ T < 34°C,33°C,33°C,33.0,34.0,False,False,True,False,25,99,0.2525252525252525,True,False,False,False,0.01,0.2509090909090908,True,False,9,33°C,False,34.3,PASSED
2026-06-03|event_day_open,2026-06-03,event_day_open,external_test,pooled_empirical_residual,empirical_residual,1.25,2026-06-03|11,11,T ≥ 34°C,34°C or higher,34°C or higher,34.0,,False,True,True,False,27,99,0.2727272727272727,True,False,False,False,0.01,0.2709090909090909,True,False,10,34°C or higher,True,34.3,PASSED
2026-06-04|12h_prior,2026-06-04,12h_prior,external_test,pooled_empirical_residual,empirical_residual,1.25,2026-06-04|01,1,T < 25°C,24°C or below,24°C or below,,25.0,True,False,True,False,0,99,0.0,True,False,False,False,0.01,0.0009090909090909,True,False,0,24°C or below,False,34.2,PASSED
2026-06-04|12h_prior,2026-06-04,12h_prior,external_test,pooled_empirical_residual,empirical_residual,1.25,2026-06-04|02,2,25°C ≤ T < 26°C,25°C,25°C,25.0,26.0,False,False,True,False,0,99,0.0,True,False,False,False,0.01,0.0009090909090909,True,False,1,25°C,False,34.2,PASSED
2026-06-04|12h_prior,2026-06-04,12h_prior,external_test,pooled_empirical_residual,empirical_residual,1.25,2026-06-04|03,3,26°C ≤ T < 27°C,26°C,26°C,26.0,27.0,False,False,True,False,0,99,0.0,True,False,False,False,0.01,0.0009090909090909,True,False,2,26°C,False,34.2,PASSED
2026-06-04|12h_prior,2026-06-04,12h_prior,external_test,pooled_empirical_residual,empirical_residual,1.25,2026-06-04|04,4,27°C ≤ T < 28°C,27°C,27°C,27.0,28.0,False,False,True,False,0,99,0.0,True,False,False,False,0.01,0.0009090909090909,True,False,3,27°C,False,34.2,PASSED
2026-06-04|12h_prior,2026-06-04,12h_prior,external_test,pooled_empirical_residual,empirical_residual,1.25,2026-06-04|05,5,28°C ≤ T < 29°C,28°C,28°C,28.0,29.0,False,False,True,False,0,99,0.0,True,False,False,False,0.01,0.0009090909090909,True,False,4,28°C,False,34.2,PASSED
2026-06-04|12h_prior,2026-06-04,12h_prior,external_test,pooled_empirical_residual,empirical_residual,1.25,2026-06-04|06,6,29°C ≤ T < 30°C,29°C,29°C,29.0,30.0,False,False,True,False,0,99,0.0,True,False,False,False,0.01,0.0009090909090909,True,False,5,29°C,False,34.2,PASSED
2026-06-04|12h_prior,2026-06-04,12h_prior,external_test,pooled_empirical_residual,empirical_residual,1.25,2026-06-04|07,7,30°C ≤ T < 31°C,30°C,30°C,30.0,31.0,False,False,True,False,1,99,0.0101010101010101,True,False,False,False,0.01,0.0109090909090909,True,False,6,30°C,False,34.2,PASSED
2026-06-04|12h_prior,2026-06-04,12h_prior,external_test,pooled_empirical_residual,empirical_residual,1.25,2026-06-04|08,8,31°C ≤ T < 32°C,31°C,31°C,31.0,32.0,False,False,True,False,8,99,0.0808080808080808,True,False,False,False,0.01,0.0809090909090909,True,False,7,31°C,False,34.2,PASSED
2026-06-04|12h_prior,2026-06-04,12h_prior,external_test,pooled_empirical_residual,empirical_residual,1.25,2026-06-04|09,9,32°C ≤ T < 33°C,32°C,32°C,32.0,33.0,False,False,True,False,10,99,0.101010101010101,True,False,False,False,0.01,0.1009090909090908,True,False,8,32°C,False,34.2,PASSED
2026-06-04|12h_prior,2026-06-04,12h_prior,external_test,pooled_empirical_residual,empirical_residual,1.25,2026-06-04|10,10,33°C ≤ T < 34°C,33°C,33°C,33.0,34.0,False,False,True,False,28,99,0.2828282828282828,True,False,False,False,0.01,0.2809090909090909,True,False,9,33°C,False,34.2,PASSED
2026-06-04|12h_prior,2026-06-04,12h_prior,external_test,pooled_empirical_residual,empirical_residual,1.25,2026-06-04|11,11,T ≥ 34°C,34°C or higher,34°C or higher,34.0,,False,True,True,False,52,99,0.5252525252525253,True,False,False,False,0.01,0.5209090909090909,True,False,10,34°C or higher,True,34.2,PASSED
2026-06-04|24h_prior,2026-06-04,24h_prior,external_test,pooled_empirical_residual,empirical_residual,1.25,2026-06-04|01,1,T < 25°C,24°C or below,24°C or below,,25.0,True,False,True,False,0,99,0.0,True,False,False,False,0.01,0.0009090909090909,True,False,0,24°C or below,False,34.2,PASSED
2026-06-04|24h_prior,2026-06-04,24h_prior,external_test,pooled_empirical_residual,empirical_residual,1.25,2026-06-04|02,2,25°C ≤ T < 26°C,25°C,25°C,25.0,26.0,False,False,True,False,0,99,0.0,True,False,False,False,0.01,0.0009090909090909,True,False,1,25°C,False,34.2,PASSED
2026-06-04|24h_prior,2026-06-04,24h_prior,external_test,pooled_empirical_residual,empirical_residual,1.25,2026-06-04|03,3,26°C ≤ T < 27°C,26°C,26°C,26.0,27.0,False,False,True,False,0,99,0.0,True,False,False,False,0.01,0.0009090909090909,True,False,2,26°C,False,34.2,PASSED
2026-06-04|24h_prior,2026-06-04,24h_prior,external_test,pooled_empirical_residual,empirical_residual,1.25,2026-06-04|04,4,27°C ≤ T < 28°C,27°C,27°C,27.0,28.0,False,False,True,False,0,99,0.0,True,False,False,False,0.01,0.0009090909090909,True,False,3,27°C,False,34.2,PASSED
2026-06-04|24h_prior,2026-06-04,24h_prior,external_test,pooled_empirical_residual,empirical_residual,1.25,2026-06-04|05,5,28°C ≤ T < 29°C,28°C,28°C,28.0,29.0,False,False,True,False,0,99,0.0,True,False,False,False,0.01,0.0009090909090909,True,False,4,28°C,False,34.2,PASSED
2026-06-04|24h_prior,2026-06-04,24h_prior,external_test,pooled_empirical_residual,empirical_residual,1.25,2026-06-04|06,6,29°C ≤ T < 30°C,29°C,29°C,29.0,30.0,False,False,True,False,0,99,0.0,True,False,False,False,0.01,0.0009090909090909,True,False,5,29°C,False,34.2,PASSED
2026-06-04|24h_prior,2026-06-04,24h_prior,external_test,pooled_empirical_residual,empirical_residual,1.25,2026-06-04|07,7,30°C ≤ T < 31°C,30°C,30°C,30.0,31.0,False,False,True,False,0,99,0.0,True,False,False,False,0.01,0.0009090909090909,True,False,6,30°C,False,34.2,PASSED
2026-06-04|24h_prior,2026-06-04,24h_prior,external_test,pooled_empirical_residual,empirical_residual,1.25,2026-06-04|08,8,31°C ≤ T < 32°C,31°C,31°C,31.0,32.0,False,False,True,False,2,99,0.0202020202020202,True,False,False,False,0.01,0.0209090909090909,True,False,7,31°C,False,34.2,PASSED
2026-06-04|24h_prior,2026-06-04,24h_prior,external_test,pooled_empirical_residual,empirical_residual,1.25,2026-06-04|09,9,32°C ≤ T < 33°C,32°C,32°C,32.0,33.0,False,False,True,False,9,99,0.0909090909090909,True,False,False,False,0.01,0.0909090909090909,True,False,8,32°C,False,34.2,PASSED
2026-06-04|24h_prior,2026-06-04,24h_prior,external_test,pooled_empirical_residual,empirical_residual,1.25,2026-06-04|10,10,33°C ≤ T < 34°C,33°C,33°C,33.0,34.0,False,False,True,False,10,99,0.101010101010101,True,False,False,False,0.01,0.1009090909090908,True,False,9,33°C,False,34.2,PASSED
2026-06-04|24h_prior,2026-06-04,24h_prior,external_test,pooled_empirical_residual,empirical_residual,1.25,2026-06-04|11,11,T ≥ 34°C,34°C or higher,34°C or higher,34.0,,False,True,True,False,78,99,0.7878787878787878,True,False,False,False,0.01,0.7809090909090908,True,False,10,34°C or higher,True,34.2,PASSED
2026-06-04|6h_prior,2026-06-04,6h_prior,external_test,pooled_empirical_residual,empirical_residual,1.25,2026-06-04|01,1,T < 25°C,24°C or below,24°C or below,,25.0,True,False,True,False,0,99,0.0,True,False,False,False,0.01,0.0009090909090909,True,False,0,24°C or below,False,34.2,PASSED
2026-06-04|6h_prior,2026-06-04,6h_prior,external_test,pooled_empirical_residual,empirical_residual,1.25,2026-06-04|02,2,25°C ≤ T < 26°C,25°C,25°C,25.0,26.0,False,False,True,False,0,99,0.0,True,False,False,False,0.01,0.0009090909090909,True,False,1,25°C,False,34.2,PASSED
2026-06-04|6h_prior,2026-06-04,6h_prior,external_test,pooled_empirical_residual,empirical_residual,1.25,2026-06-04|03,3,26°C ≤ T < 27°C,26°C,26°C,26.0,27.0,False,False,True,False,0,99,0.0,True,False,False,False,0.01,0.0009090909090909,True,False,2,26°C,False,34.2,PASSED
2026-06-04|6h_prior,2026-06-04,6h_prior,external_test,pooled_empirical_residual,empirical_residual,1.25,2026-06-04|04,4,27°C ≤ T < 28°C,27°C,27°C,27.0,28.0,False,False,True,False,0,99,0.0,True,False,False,False,0.01,0.0009090909090909,True,False,3,27°C,False,34.2,PASSED
2026-06-04|6h_prior,2026-06-04,6h_prior,external_test,pooled_empirical_residual,empirical_residual,1.25,2026-06-04|05,5,28°C ≤ T < 29°C,28°C,28°C,28.0,29.0,False,False,True,False,0,99,0.0,True,False,False,False,0.01,0.0009090909090909,True,False,4,28°C,False,34.2,PASSED
2026-06-04|6h_prior,2026-06-04,6h_prior,external_test,pooled_empirical_residual,empirical_residual,1.25,2026-06-04|06,6,29°C ≤ T < 30°C,29°C,29°C,29.0,30.0,False,False,True,False,0,99,0.0,True,False,False,False,0.01,0.0009090909090909,True,False,5,29°C,False,34.2,PASSED
2026-06-04|6h_prior,2026-06-04,6h_prior,external_test,pooled_empirical_residual,empirical_residual,1.25,2026-06-04|07,7,30°C ≤ T < 31°C,30°C,30°C,30.0,31.0,False,False,True,False,0,99,0.0,True,False,False,False,0.01,0.0009090909090909,True,False,6,30°C,False,34.2,PASSED
2026-06-04|6h_prior,2026-06-04,6h_prior,external_test,pooled_empirical_residual,empirical_residual,1.25,2026-06-04|08,8,31°C ≤ T < 32°C,31°C,31°C,31.0,32.0,False,False,True,False,3,99,0.0303030303030303,True,False,False,False,0.01,0.0309090909090909,True,False,7,31°C,False,34.2,PASSED
2026-06-04|6h_prior,2026-06-04,6h_prior,external_test,pooled_empirical_residual,empirical_residual,1.25,2026-06-04|09,9,32°C ≤ T < 33°C,32°C,32°C,32.0,33.0,False,False,True,False,10,99,0.101010101010101,True,False,False,False,0.01,0.1009090909090908,True,False,8,32°C,False,34.2,PASSED
2026-06-04|6h_prior,2026-06-04,6h_prior,external_test,pooled_empirical_residual,empirical_residual,1.25,2026-06-04|10,10,33°C ≤ T < 34°C,33°C,33°C,33.0,34.0,False,False,True,False,11,99,0.1111111111111111,True,False,False,False,0.01,0.1109090909090909,True,False,9,33°C,False,34.2,PASSED
2026-06-04|6h_prior,2026-06-04,6h_prior,external_test,pooled_empirical_residual,empirical_residual,1.25,2026-06-04|11,11,T ≥ 34°C,34°C or higher,34°C or higher,34.0,,False,True,True,False,75,99,0.7575757575757576,True,False,False,False,0.01,0.7509090909090909,True,False,10,34°C or higher,True,34.2,PASSED
2026-06-04|event_day_open,2026-06-04,event_day_open,external_test,pooled_empirical_residual,empirical_residual,1.25,2026-06-04|01,1,T < 25°C,24°C or below,24°C or below,,25.0,True,False,True,False,0,99,0.0,True,False,False,False,0.01,0.0009090909090909,True,False,0,24°C or below,False,34.2,PASSED
2026-06-04|event_day_open,2026-06-04,event_day_open,external_test,pooled_empirical_residual,empirical_residual,1.25,2026-06-04|02,2,25°C ≤ T < 26°C,25°C,25°C,25.0,26.0,False,False,True,False,0,99,0.0,True,False,False,False,0.01,0.0009090909090909,True,False,1,25°C,False,34.2,PASSED
2026-06-04|event_day_open,2026-06-04,event_day_open,external_test,pooled_empirical_residual,empirical_residual,1.25,2026-06-04|03,3,26°C ≤ T < 27°C,26°C,26°C,26.0,27.0,False,False,True,False,0,99,0.0,True,False,False,False,0.01,0.0009090909090909,True,False,2,26°C,False,34.2,PASSED
2026-06-04|event_day_open,2026-06-04,event_day_open,external_test,pooled_empirical_residual,empirical_residual,1.25,2026-06-04|04,4,27°C ≤ T < 28°C,27°C,27°C,27.0,28.0,False,False,True,False,0,99,0.0,True,False,False,False,0.01,0.0009090909090909,True,False,3,27°C,False,34.2,PASSED
2026-06-04|event_day_open,2026-06-04,event_day_open,external_test,pooled_empirical_residual,empirical_residual,1.25,2026-06-04|05,5,28°C ≤ T < 29°C,28°C,28°C,28.0,29.0,False,False,True,False,0,99,0.0,True,False,False,False,0.01,0.0009090909090909,True,False,4,28°C,False,34.2,PASSED
2026-06-04|event_day_open,2026-06-04,event_day_open,external_test,pooled_empirical_residual,empirical_residual,1.25,2026-06-04|06,6,29°C ≤ T < 30°C,29°C,29°C,29.0,30.0,False,False,True,False,0,99,0.0,True,False,False,False,0.01,0.0009090909090909,True,False,5,29°C,False,34.2,PASSED
2026-06-04|event_day_open,2026-06-04,event_day_open,external_test,pooled_empirical_residual,empirical_residual,1.25,2026-06-04|07,7,30°C ≤ T < 31°C,30°C,30°C,30.0,31.0,False,False,True,False,0,99,0.0,True,False,False,False,0.01,0.0009090909090909,True,False,6,30°C,False,34.2,PASSED
2026-06-04|event_day_open,2026-06-04,event_day_open,external_test,pooled_empirical_residual,empirical_residual,1.25,2026-06-04|08,8,31°C ≤ T < 32°C,31°C,31°C,31.0,32.0,False,False,True,False,2,99,0.0202020202020202,True,False,False,False,0.01,0.0209090909090909,True,False,7,31°C,False,34.2,PASSED
2026-06-04|event_day_open,2026-06-04,event_day_open,external_test,pooled_empirical_residual,empirical_residual,1.25,2026-06-04|09,9,32°C ≤ T < 33°C,32°C,32°C,32.0,33.0,False,False,True,False,8,99,0.0808080808080808,True,False,False,False,0.01,0.0809090909090909,True,False,8,32°C,False,34.2,PASSED
2026-06-04|event_day_open,2026-06-04,event_day_open,external_test,pooled_empirical_residual,empirical_residual,1.25,2026-06-04|10,10,33°C ≤ T < 34°C,33°C,33°C,33.0,34.0,False,False,True,False,9,99,0.0909090909090909,True,False,False,False,0.01,0.0909090909090909,True,False,9,33°C,False,34.2,PASSED
2026-06-04|event_day_open,2026-06-04,event_day_open,external_test,pooled_empirical_residual,empirical_residual,1.25,2026-06-04|11,11,T ≥ 34°C,34°C or higher,34°C or higher,34.0,,False,True,True,False,80,99,0.8080808080808081,True,False,False,False,0.01,0.8009090909090908,True,False,10,34°C or higher,True,34.2,PASSED
2026-06-05|12h_prior,2026-06-05,12h_prior,external_test,pooled_empirical_residual,empirical_residual,1.25,2026-06-05|01,1,T < 27°C,26°C or below,26°C or below,,27.0,True,False,True,False,0,99,0.0,True,False,False,False,0.01,0.0009090909090909,True,False,0,26°C or below,False,34.6,PASSED
2026-06-05|12h_prior,2026-06-05,12h_prior,external_test,pooled_empirical_residual,empirical_residual,1.25,2026-06-05|02,2,27°C ≤ T < 28°C,27°C,27°C,27.0,28.0,False,False,True,False,0,99,0.0,True,False,False,False,0.01,0.0009090909090909,True,False,1,27°C,False,34.6,PASSED
2026-06-05|12h_prior,2026-06-05,12h_prior,external_test,pooled_empirical_residual,empirical_residual,1.25,2026-06-05|03,3,28°C ≤ T < 29°C,28°C,28°C,28.0,29.0,False,False,True,False,0,99,0.0,True,False,False,False,0.01,0.0009090909090909,True,False,2,28°C,False,34.6,PASSED
2026-06-05|12h_prior,2026-06-05,12h_prior,external_test,pooled_empirical_residual,empirical_residual,1.25,2026-06-05|04,4,29°C ≤ T < 30°C,29°C,29°C,29.0,30.0,False,False,True,False,0,99,0.0,True,False,False,False,0.01,0.0009090909090909,True,False,3,29°C,False,34.6,PASSED
2026-06-05|12h_prior,2026-06-05,12h_prior,external_test,pooled_empirical_residual,empirical_residual,1.25,2026-06-05|05,5,30°C ≤ T < 31°C,30°C,30°C,30.0,31.0,False,False,True,False,0,99,0.0,True,False,False,False,0.01,0.0009090909090909,True,False,4,30°C,False,34.6,PASSED
2026-06-05|12h_prior,2026-06-05,12h_prior,external_test,pooled_empirical_residual,empirical_residual,1.25,2026-06-05|06,6,31°C ≤ T < 32°C,31°C,31°C,31.0,32.0,False,False,True,False,2,99,0.0202020202020202,True,False,False,False,0.01,0.0209090909090909,True,False,5,31°C,False,34.6,PASSED
2026-06-05|12h_prior,2026-06-05,12h_prior,external_test,pooled_empirical_residual,empirical_residual,1.25,2026-06-05|07,7,32°C ≤ T < 33°C,32°C,32°C,32.0,33.0,False,False,True,False,9,99,0.0909090909090909,True,False,False,False,0.01,0.0909090909090909,True,False,6,32°C,False,34.6,PASSED
2026-06-05|12h_prior,2026-06-05,12h_prior,external_test,pooled_empirical_residual,empirical_residual,1.25,2026-06-05|08,8,33°C ≤ T < 34°C,33°C,33°C,33.0,34.0,False,False,True,False,10,99,0.101010101010101,True,False,False,False,0.01,0.1009090909090908,True,False,7,33°C,False,34.6,PASSED
2026-06-05|12h_prior,2026-06-05,12h_prior,external_test,pooled_empirical_residual,empirical_residual,1.25,2026-06-05|09,9,34°C ≤ T < 35°C,34°C,34°C,34.0,35.0,False,False,True,False,32,99,0.3232323232323232,True,False,False,False,0.01,0.3209090909090908,True,False,8,34°C,True,34.6,PASSED
2026-06-05|12h_prior,2026-06-05,12h_prior,external_test,pooled_empirical_residual,empirical_residual,1.25,2026-06-05|10,10,35°C ≤ T < 36°C,35°C,35°C,35.0,36.0,False,False,True,False,23,99,0.2323232323232323,True,False,False,False,0.01,0.2309090909090908,True,False,9,35°C,False,34.6,PASSED
2026-06-05|12h_prior,2026-06-05,12h_prior,external_test,pooled_empirical_residual,empirical_residual,1.25,2026-06-05|11,11,T ≥ 36°C,36°C or higher,36°C or higher,36.0,,False,True,True,False,23,99,0.2323232323232323,True,False,False,False,0.01,0.2309090909090908,True,False,10,36°C or higher,False,34.6,PASSED
2026-06-05|24h_prior,2026-06-05,24h_prior,external_test,pooled_empirical_residual,empirical_residual,1.25,2026-06-05|01,1,T < 27°C,26°C or below,26°C or below,,27.0,True,False,True,False,0,99,0.0,True,False,False,False,0.01,0.0009090909090909,True,False,0,26°C or below,False,34.6,PASSED
2026-06-05|24h_prior,2026-06-05,24h_prior,external_test,pooled_empirical_residual,empirical_residual,1.25,2026-06-05|02,2,27°C ≤ T < 28°C,27°C,27°C,27.0,28.0,False,False,True,False,0,99,0.0,True,False,False,False,0.01,0.0009090909090909,True,False,1,27°C,False,34.6,PASSED
2026-06-05|24h_prior,2026-06-05,24h_prior,external_test,pooled_empirical_residual,empirical_residual,1.25,2026-06-05|03,3,28°C ≤ T < 29°C,28°C,28°C,28.0,29.0,False,False,True,False,0,99,0.0,True,False,False,False,0.01,0.0009090909090909,True,False,2,28°C,False,34.6,PASSED
2026-06-05|24h_prior,2026-06-05,24h_prior,external_test,pooled_empirical_residual,empirical_residual,1.25,2026-06-05|04,4,29°C ≤ T < 30°C,29°C,29°C,29.0,30.0,False,False,True,False,0,99,0.0,True,False,False,False,0.01,0.0009090909090909,True,False,3,29°C,False,34.6,PASSED
2026-06-05|24h_prior,2026-06-05,24h_prior,external_test,pooled_empirical_residual,empirical_residual,1.25,2026-06-05|05,5,30°C ≤ T < 31°C,30°C,30°C,30.0,31.0,False,False,True,False,0,99,0.0,True,False,False,False,0.01,0.0009090909090909,True,False,4,30°C,False,34.6,PASSED
2026-06-05|24h_prior,2026-06-05,24h_prior,external_test,pooled_empirical_residual,empirical_residual,1.25,2026-06-05|06,6,31°C ≤ T < 32°C,31°C,31°C,31.0,32.0,False,False,True,False,0,99,0.0,True,False,False,False,0.01,0.0009090909090909,True,False,5,31°C,False,34.6,PASSED
2026-06-05|24h_prior,2026-06-05,24h_prior,external_test,pooled_empirical_residual,empirical_residual,1.25,2026-06-05|07,7,32°C ≤ T < 33°C,32°C,32°C,32.0,33.0,False,False,True,False,4,99,0.0404040404040404,True,False,False,False,0.01,0.0409090909090909,True,False,6,32°C,False,34.6,PASSED
2026-06-05|24h_prior,2026-06-05,24h_prior,external_test,pooled_empirical_residual,empirical_residual,1.25,2026-06-05|08,8,33°C ≤ T < 34°C,33°C,33°C,33.0,34.0,False,False,True,False,9,99,0.0909090909090909,True,False,False,False,0.01,0.0909090909090909,True,False,7,33°C,False,34.6,PASSED
2026-06-05|24h_prior,2026-06-05,24h_prior,external_test,pooled_empirical_residual,empirical_residual,1.25,2026-06-05|09,9,34°C ≤ T < 35°C,34°C,34°C,34.0,35.0,False,False,True,False,17,99,0.1717171717171717,True,False,False,False,0.01,0.1709090909090909,True,False,8,34°C,True,34.6,PASSED
2026-06-05|24h_prior,2026-06-05,24h_prior,external_test,pooled_empirical_residual,empirical_residual,1.25,2026-06-05|10,10,35°C ≤ T < 36°C,35°C,35°C,35.0,36.0,False,False,True,False,32,99,0.3232323232323232,True,False,False,False,0.01,0.3209090909090908,True,False,9,35°C,False,34.6,PASSED
2026-06-05|24h_prior,2026-06-05,24h_prior,external_test,pooled_empirical_residual,empirical_residual,1.25,2026-06-05|11,11,T ≥ 36°C,36°C or higher,36°C or higher,36.0,,False,True,True,False,37,99,0.3737373737373737,True,False,False,False,0.01,0.3709090909090908,True,False,10,36°C or higher,False,34.6,PASSED
2026-06-05|6h_prior,2026-06-05,6h_prior,external_test,pooled_empirical_residual,empirical_residual,1.25,2026-06-05|01,1,T < 27°C,26°C or below,26°C or below,,27.0,True,False,True,False,0,99,0.0,True,False,False,False,0.01,0.0009090909090909,True,False,0,26°C or below,False,34.6,PASSED
2026-06-05|6h_prior,2026-06-05,6h_prior,external_test,pooled_empirical_residual,empirical_residual,1.25,2026-06-05|02,2,27°C ≤ T < 28°C,27°C,27°C,27.0,28.0,False,False,True,False,0,99,0.0,True,False,False,False,0.01,0.0009090909090909,True,False,1,27°C,False,34.6,PASSED
2026-06-05|6h_prior,2026-06-05,6h_prior,external_test,pooled_empirical_residual,empirical_residual,1.25,2026-06-05|03,3,28°C ≤ T < 29°C,28°C,28°C,28.0,29.0,False,False,True,False,0,99,0.0,True,False,False,False,0.01,0.0009090909090909,True,False,2,28°C,False,34.6,PASSED
2026-06-05|6h_prior,2026-06-05,6h_prior,external_test,pooled_empirical_residual,empirical_residual,1.25,2026-06-05|04,4,29°C ≤ T < 30°C,29°C,29°C,29.0,30.0,False,False,True,False,0,99,0.0,True,False,False,False,0.01,0.0009090909090909,True,False,3,29°C,False,34.6,PASSED
2026-06-05|6h_prior,2026-06-05,6h_prior,external_test,pooled_empirical_residual,empirical_residual,1.25,2026-06-05|05,5,30°C ≤ T < 31°C,30°C,30°C,30.0,31.0,False,False,True,False,0,99,0.0,True,False,False,False,0.01,0.0009090909090909,True,False,4,30°C,False,34.6,PASSED
2026-06-05|6h_prior,2026-06-05,6h_prior,external_test,pooled_empirical_residual,empirical_residual,1.25,2026-06-05|06,6,31°C ≤ T < 32°C,31°C,31°C,31.0,32.0,False,False,True,False,4,99,0.0404040404040404,True,False,False,False,0.01,0.0409090909090909,True,False,5,31°C,False,34.6,PASSED
2026-06-05|6h_prior,2026-06-05,6h_prior,external_test,pooled_empirical_residual,empirical_residual,1.25,2026-06-05|07,7,32°C ≤ T < 33°C,32°C,32°C,32.0,33.0,False,False,True,False,9,99,0.0909090909090909,True,False,False,False,0.01,0.0909090909090909,True,False,6,32°C,False,34.6,PASSED
2026-06-05|6h_prior,2026-06-05,6h_prior,external_test,pooled_empirical_residual,empirical_residual,1.25,2026-06-05|08,8,33°C ≤ T < 34°C,33°C,33°C,33.0,34.0,False,False,True,False,17,99,0.1717171717171717,True,False,False,False,0.01,0.1709090909090909,True,False,7,33°C,False,34.6,PASSED
2026-06-05|6h_prior,2026-06-05,6h_prior,external_test,pooled_empirical_residual,empirical_residual,1.25,2026-06-05|09,9,34°C ≤ T < 35°C,34°C,34°C,34.0,35.0,False,False,True,False,32,99,0.3232323232323232,True,False,False,False,0.01,0.3209090909090908,True,False,8,34°C,True,34.6,PASSED
2026-06-05|6h_prior,2026-06-05,6h_prior,external_test,pooled_empirical_residual,empirical_residual,1.25,2026-06-05|10,10,35°C ≤ T < 36°C,35°C,35°C,35.0,36.0,False,False,True,False,24,99,0.2424242424242424,True,False,False,False,0.01,0.2409090909090908,True,False,9,35°C,False,34.6,PASSED
2026-06-05|6h_prior,2026-06-05,6h_prior,external_test,pooled_empirical_residual,empirical_residual,1.25,2026-06-05|11,11,T ≥ 36°C,36°C or higher,36°C or higher,36.0,,False,True,True,False,13,99,0.1313131313131313,True,False,False,False,0.01,0.1309090909090909,True,False,10,36°C or higher,False,34.6,PASSED
2026-06-05|event_day_open,2026-06-05,event_day_open,external_test,pooled_empirical_residual,empirical_residual,1.25,2026-06-05|01,1,T < 27°C,26°C or below,26°C or below,,27.0,True,False,True,False,0,99,0.0,True,False,False,False,0.01,0.0009090909090909,True,False,0,26°C or below,False,34.6,PASSED
2026-06-05|event_day_open,2026-06-05,event_day_open,external_test,pooled_empirical_residual,empirical_residual,1.25,2026-06-05|02,2,27°C ≤ T < 28°C,27°C,27°C,27.0,28.0,False,False,True,False,0,99,0.0,True,False,False,False,0.01,0.0009090909090909,True,False,1,27°C,False,34.6,PASSED
2026-06-05|event_day_open,2026-06-05,event_day_open,external_test,pooled_empirical_residual,empirical_residual,1.25,2026-06-05|03,3,28°C ≤ T < 29°C,28°C,28°C,28.0,29.0,False,False,True,False,0,99,0.0,True,False,False,False,0.01,0.0009090909090909,True,False,2,28°C,False,34.6,PASSED
2026-06-05|event_day_open,2026-06-05,event_day_open,external_test,pooled_empirical_residual,empirical_residual,1.25,2026-06-05|04,4,29°C ≤ T < 30°C,29°C,29°C,29.0,30.0,False,False,True,False,0,99,0.0,True,False,False,False,0.01,0.0009090909090909,True,False,3,29°C,False,34.6,PASSED
2026-06-05|event_day_open,2026-06-05,event_day_open,external_test,pooled_empirical_residual,empirical_residual,1.25,2026-06-05|05,5,30°C ≤ T < 31°C,30°C,30°C,30.0,31.0,False,False,True,False,0,99,0.0,True,False,False,False,0.01,0.0009090909090909,True,False,4,30°C,False,34.6,PASSED
2026-06-05|event_day_open,2026-06-05,event_day_open,external_test,pooled_empirical_residual,empirical_residual,1.25,2026-06-05|06,6,31°C ≤ T < 32°C,31°C,31°C,31.0,32.0,False,False,True,False,1,99,0.0101010101010101,True,False,False,False,0.01,0.0109090909090909,True,False,5,31°C,False,34.6,PASSED
2026-06-05|event_day_open,2026-06-05,event_day_open,external_test,pooled_empirical_residual,empirical_residual,1.25,2026-06-05|07,7,32°C ≤ T < 33°C,32°C,32°C,32.0,33.0,False,False,True,False,8,99,0.0808080808080808,True,False,False,False,0.01,0.0809090909090909,True,False,6,32°C,False,34.6,PASSED
2026-06-05|event_day_open,2026-06-05,event_day_open,external_test,pooled_empirical_residual,empirical_residual,1.25,2026-06-05|08,8,33°C ≤ T < 34°C,33°C,33°C,33.0,34.0,False,False,True,False,8,99,0.0808080808080808,True,False,False,False,0.01,0.0809090909090909,True,False,7,33°C,False,34.6,PASSED
2026-06-05|event_day_open,2026-06-05,event_day_open,external_test,pooled_empirical_residual,empirical_residual,1.25,2026-06-05|09,9,34°C ≤ T < 35°C,34°C,34°C,34.0,35.0,False,False,True,False,25,99,0.2525252525252525,True,False,False,False,0.01,0.2509090909090908,True,False,8,34°C,True,34.6,PASSED
2026-06-05|event_day_open,2026-06-05,event_day_open,external_test,pooled_empirical_residual,empirical_residual,1.25,2026-06-05|10,10,35°C ≤ T < 36°C,35°C,35°C,35.0,36.0,False,False,True,False,28,99,0.2828282828282828,True,False,False,False,0.01,0.2809090909090909,True,False,9,35°C,False,34.6,PASSED
2026-06-05|event_day_open,2026-06-05,event_day_open,external_test,pooled_empirical_residual,empirical_residual,1.25,2026-06-05|11,11,T ≥ 36°C,36°C or higher,36°C or higher,36.0,,False,True,True,False,29,99,0.2929292929292929,True,False,False,False,0.01,0.2909090909090908,True,False,10,36°C or higher,False,34.6,PASSED
2026-06-06|12h_prior,2026-06-06,12h_prior,external_test,pooled_empirical_residual,empirical_residual,1.25,2026-06-06|01,1,T < 29°C,28°C or below,28°C or below,,29.0,True,False,True,False,3,99,0.0303030303030303,True,False,False,False,0.01,0.0309090909090909,True,False,0,28°C or below,False,30.4,PASSED
2026-06-06|12h_prior,2026-06-06,12h_prior,external_test,pooled_empirical_residual,empirical_residual,1.25,2026-06-06|02,2,29°C ≤ T < 30°C,29°C,29°C,29.0,30.0,False,False,True,False,10,99,0.101010101010101,True,False,False,False,0.01,0.1009090909090908,True,False,1,29°C,False,30.4,PASSED
2026-06-06|12h_prior,2026-06-06,12h_prior,external_test,pooled_empirical_residual,empirical_residual,1.25,2026-06-06|03,3,30°C ≤ T < 31°C,30°C,30°C,30.0,31.0,False,False,True,False,11,99,0.1111111111111111,True,False,False,False,0.01,0.1109090909090909,True,False,2,30°C,True,30.4,PASSED
2026-06-06|12h_prior,2026-06-06,12h_prior,external_test,pooled_empirical_residual,empirical_residual,1.25,2026-06-06|04,4,31°C ≤ T < 32°C,31°C,31°C,31.0,32.0,False,False,True,False,32,99,0.3232323232323232,True,False,False,False,0.01,0.3209090909090908,True,False,3,31°C,False,30.4,PASSED
2026-06-06|12h_prior,2026-06-06,12h_prior,external_test,pooled_empirical_residual,empirical_residual,1.25,2026-06-06|05,5,32°C ≤ T < 33°C,32°C,32°C,32.0,33.0,False,False,True,False,22,99,0.2222222222222222,True,False,False,False,0.01,0.2209090909090909,True,False,4,32°C,False,30.4,PASSED
2026-06-06|12h_prior,2026-06-06,12h_prior,external_test,pooled_empirical_residual,empirical_residual,1.25,2026-06-06|06,6,33°C ≤ T < 34°C,33°C,33°C,33.0,34.0,False,False,True,False,18,99,0.1818181818181818,True,False,False,False,0.01,0.1809090909090908,True,False,5,33°C,False,30.4,PASSED
2026-06-06|12h_prior,2026-06-06,12h_prior,external_test,pooled_empirical_residual,empirical_residual,1.25,2026-06-06|07,7,34°C ≤ T < 35°C,34°C,34°C,34.0,35.0,False,False,True,False,3,99,0.0303030303030303,True,False,False,False,0.01,0.0309090909090909,True,False,6,34°C,False,30.4,PASSED
2026-06-06|12h_prior,2026-06-06,12h_prior,external_test,pooled_empirical_residual,empirical_residual,1.25,2026-06-06|08,8,35°C ≤ T < 36°C,35°C,35°C,35.0,36.0,False,False,True,False,0,99,0.0,True,False,False,False,0.01,0.0009090909090909,True,False,7,35°C,False,30.4,PASSED
2026-06-06|12h_prior,2026-06-06,12h_prior,external_test,pooled_empirical_residual,empirical_residual,1.25,2026-06-06|09,9,36°C ≤ T < 37°C,36°C,36°C,36.0,37.0,False,False,True,False,0,99,0.0,True,False,False,False,0.01,0.0009090909090909,True,False,8,36°C,False,30.4,PASSED
2026-06-06|12h_prior,2026-06-06,12h_prior,external_test,pooled_empirical_residual,empirical_residual,1.25,2026-06-06|10,10,37°C ≤ T < 38°C,37°C,37°C,37.0,38.0,False,False,True,False,0,99,0.0,True,False,False,False,0.01,0.0009090909090909,True,False,9,37°C,False,30.4,PASSED
2026-06-06|12h_prior,2026-06-06,12h_prior,external_test,pooled_empirical_residual,empirical_residual,1.25,2026-06-06|11,11,T ≥ 38°C,38°C or higher,38°C or higher,38.0,,False,True,True,False,0,99,0.0,True,False,False,False,0.01,0.0009090909090909,True,False,10,38°C or higher,False,30.4,PASSED
2026-06-06|24h_prior,2026-06-06,24h_prior,external_test,pooled_empirical_residual,empirical_residual,1.25,2026-06-06|01,1,T < 29°C,28°C or below,28°C or below,,29.0,True,False,True,False,1,99,0.0101010101010101,True,False,False,False,0.01,0.0109090909090909,True,False,0,28°C or below,False,30.4,PASSED
2026-06-06|24h_prior,2026-06-06,24h_prior,external_test,pooled_empirical_residual,empirical_residual,1.25,2026-06-06|02,2,29°C ≤ T < 30°C,29°C,29°C,29.0,30.0,False,False,True,False,8,99,0.0808080808080808,True,False,False,False,0.01,0.0809090909090909,True,False,1,29°C,False,30.4,PASSED
2026-06-06|24h_prior,2026-06-06,24h_prior,external_test,pooled_empirical_residual,empirical_residual,1.25,2026-06-06|03,3,30°C ≤ T < 31°C,30°C,30°C,30.0,31.0,False,False,True,False,8,99,0.0808080808080808,True,False,False,False,0.01,0.0809090909090909,True,False,2,30°C,True,30.4,PASSED
2026-06-06|24h_prior,2026-06-06,24h_prior,external_test,pooled_empirical_residual,empirical_residual,1.25,2026-06-06|04,4,31°C ≤ T < 32°C,31°C,31°C,31.0,32.0,False,False,True,False,25,99,0.2525252525252525,True,False,False,False,0.01,0.2509090909090908,True,False,3,31°C,False,30.4,PASSED
2026-06-06|24h_prior,2026-06-06,24h_prior,external_test,pooled_empirical_residual,empirical_residual,1.25,2026-06-06|05,5,32°C ≤ T < 33°C,32°C,32°C,32.0,33.0,False,False,True,False,28,99,0.2828282828282828,True,False,False,False,0.01,0.2809090909090909,True,False,4,32°C,False,30.4,PASSED
2026-06-06|24h_prior,2026-06-06,24h_prior,external_test,pooled_empirical_residual,empirical_residual,1.25,2026-06-06|06,6,33°C ≤ T < 34°C,33°C,33°C,33.0,34.0,False,False,True,False,21,99,0.2121212121212121,True,False,False,False,0.01,0.2109090909090908,True,False,5,33°C,False,30.4,PASSED
2026-06-06|24h_prior,2026-06-06,24h_prior,external_test,pooled_empirical_residual,empirical_residual,1.25,2026-06-06|07,7,34°C ≤ T < 35°C,34°C,34°C,34.0,35.0,False,False,True,False,7,99,0.0707070707070707,True,False,False,False,0.01,0.0709090909090909,True,False,6,34°C,False,30.4,PASSED
2026-06-06|24h_prior,2026-06-06,24h_prior,external_test,pooled_empirical_residual,empirical_residual,1.25,2026-06-06|08,8,35°C ≤ T < 36°C,35°C,35°C,35.0,36.0,False,False,True,False,1,99,0.0101010101010101,True,False,False,False,0.01,0.0109090909090909,True,False,7,35°C,False,30.4,PASSED
2026-06-06|24h_prior,2026-06-06,24h_prior,external_test,pooled_empirical_residual,empirical_residual,1.25,2026-06-06|09,9,36°C ≤ T < 37°C,36°C,36°C,36.0,37.0,False,False,True,False,0,99,0.0,True,False,False,False,0.01,0.0009090909090909,True,False,8,36°C,False,30.4,PASSED
2026-06-06|24h_prior,2026-06-06,24h_prior,external_test,pooled_empirical_residual,empirical_residual,1.25,2026-06-06|10,10,37°C ≤ T < 38°C,37°C,37°C,37.0,38.0,False,False,True,False,0,99,0.0,True,False,False,False,0.01,0.0009090909090909,True,False,9,37°C,False,30.4,PASSED
2026-06-06|24h_prior,2026-06-06,24h_prior,external_test,pooled_empirical_residual,empirical_residual,1.25,2026-06-06|11,11,T ≥ 38°C,38°C or higher,38°C or higher,38.0,,False,True,True,False,0,99,0.0,True,False,False,False,0.01,0.0009090909090909,True,False,10,38°C or higher,False,30.4,PASSED
2026-06-06|6h_prior,2026-06-06,6h_prior,external_test,pooled_empirical_residual,empirical_residual,1.25,2026-06-06|01,1,T < 29°C,28°C or below,28°C or below,,29.0,True,False,True,False,0,99,0.0,True,False,False,False,0.01,0.0009090909090909,True,False,0,28°C or below,False,30.4,PASSED
2026-06-06|6h_prior,2026-06-06,6h_prior,external_test,pooled_empirical_residual,empirical_residual,1.25,2026-06-06|02,2,29°C ≤ T < 30°C,29°C,29°C,29.0,30.0,False,False,True,False,1,99,0.0101010101010101,True,False,False,False,0.01,0.0109090909090909,True,False,1,29°C,False,30.4,PASSED
2026-06-06|6h_prior,2026-06-06,6h_prior,external_test,pooled_empirical_residual,empirical_residual,1.25,2026-06-06|03,3,30°C ≤ T < 31°C,30°C,30°C,30.0,31.0,False,False,True,False,8,99,0.0808080808080808,True,False,False,False,0.01,0.0809090909090909,True,False,2,30°C,True,30.4,PASSED
2026-06-06|6h_prior,2026-06-06,6h_prior,external_test,pooled_empirical_residual,empirical_residual,1.25,2026-06-06|04,4,31°C ≤ T < 32°C,31°C,31°C,31.0,32.0,False,False,True,False,10,99,0.101010101010101,True,False,False,False,0.01,0.1009090909090908,True,False,3,31°C,False,30.4,PASSED
2026-06-06|6h_prior,2026-06-06,6h_prior,external_test,pooled_empirical_residual,empirical_residual,1.25,2026-06-06|05,5,32°C ≤ T < 33°C,32°C,32°C,32.0,33.0,False,False,True,False,28,99,0.2828282828282828,True,False,False,False,0.01,0.2809090909090909,True,False,4,32°C,False,30.4,PASSED
2026-06-06|6h_prior,2026-06-06,6h_prior,external_test,pooled_empirical_residual,empirical_residual,1.25,2026-06-06|06,6,33°C ≤ T < 34°C,33°C,33°C,33.0,34.0,False,False,True,False,25,99,0.2525252525252525,True,False,False,False,0.01,0.2509090909090908,True,False,5,33°C,False,30.4,PASSED
2026-06-06|6h_prior,2026-06-06,6h_prior,external_test,pooled_empirical_residual,empirical_residual,1.25,2026-06-06|07,7,34°C ≤ T < 35°C,34°C,34°C,34.0,35.0,False,False,True,False,20,99,0.202020202020202,True,False,False,False,0.01,0.2009090909090908,True,False,6,34°C,False,30.4,PASSED
2026-06-06|6h_prior,2026-06-06,6h_prior,external_test,pooled_empirical_residual,empirical_residual,1.25,2026-06-06|08,8,35°C ≤ T < 36°C,35°C,35°C,35.0,36.0,False,False,True,False,6,99,0.0606060606060606,True,False,False,False,0.01,0.0609090909090909,True,False,7,35°C,False,30.4,PASSED
2026-06-06|6h_prior,2026-06-06,6h_prior,external_test,pooled_empirical_residual,empirical_residual,1.25,2026-06-06|09,9,36°C ≤ T < 37°C,36°C,36°C,36.0,37.0,False,False,True,False,1,99,0.0101010101010101,True,False,False,False,0.01,0.0109090909090909,True,False,8,36°C,False,30.4,PASSED
2026-06-06|6h_prior,2026-06-06,6h_prior,external_test,pooled_empirical_residual,empirical_residual,1.25,2026-06-06|10,10,37°C ≤ T < 38°C,37°C,37°C,37.0,38.0,False,False,True,False,0,99,0.0,True,False,False,False,0.01,0.0009090909090909,True,False,9,37°C,False,30.4,PASSED
2026-06-06|6h_prior,2026-06-06,6h_prior,external_test,pooled_empirical_residual,empirical_residual,1.25,2026-06-06|11,11,T ≥ 38°C,38°C or higher,38°C or higher,38.0,,False,True,True,False,0,99,0.0,True,False,False,False,0.01,0.0009090909090909,True,False,10,38°C or higher,False,30.4,PASSED
2026-06-06|event_day_open,2026-06-06,event_day_open,external_test,pooled_empirical_residual,empirical_residual,1.25,2026-06-06|01,1,T < 29°C,28°C or below,28°C or below,,29.0,True,False,True,False,3,99,0.0303030303030303,True,False,False,False,0.01,0.0309090909090909,True,False,0,28°C or below,False,30.4,PASSED
2026-06-06|event_day_open,2026-06-06,event_day_open,external_test,pooled_empirical_residual,empirical_residual,1.25,2026-06-06|02,2,29°C ≤ T < 30°C,29°C,29°C,29.0,30.0,False,False,True,False,10,99,0.101010101010101,True,False,False,False,0.01,0.1009090909090908,True,False,1,29°C,False,30.4,PASSED
2026-06-06|event_day_open,2026-06-06,event_day_open,external_test,pooled_empirical_residual,empirical_residual,1.25,2026-06-06|03,3,30°C ≤ T < 31°C,30°C,30°C,30.0,31.0,False,False,True,False,11,99,0.1111111111111111,True,False,False,False,0.01,0.1109090909090909,True,False,2,30°C,True,30.4,PASSED
2026-06-06|event_day_open,2026-06-06,event_day_open,external_test,pooled_empirical_residual,empirical_residual,1.25,2026-06-06|04,4,31°C ≤ T < 32°C,31°C,31°C,31.0,32.0,False,False,True,False,32,99,0.3232323232323232,True,False,False,False,0.01,0.3209090909090908,True,False,3,31°C,False,30.4,PASSED
2026-06-06|event_day_open,2026-06-06,event_day_open,external_test,pooled_empirical_residual,empirical_residual,1.25,2026-06-06|05,5,32°C ≤ T < 33°C,32°C,32°C,32.0,33.0,False,False,True,False,22,99,0.2222222222222222,True,False,False,False,0.01,0.2209090909090909,True,False,4,32°C,False,30.4,PASSED
2026-06-06|event_day_open,2026-06-06,event_day_open,external_test,pooled_empirical_residual,empirical_residual,1.25,2026-06-06|06,6,33°C ≤ T < 34°C,33°C,33°C,33.0,34.0,False,False,True,False,18,99,0.1818181818181818,True,False,False,False,0.01,0.1809090909090908,True,False,5,33°C,False,30.4,PASSED
2026-06-06|event_day_open,2026-06-06,event_day_open,external_test,pooled_empirical_residual,empirical_residual,1.25,2026-06-06|07,7,34°C ≤ T < 35°C,34°C,34°C,34.0,35.0,False,False,True,False,3,99,0.0303030303030303,True,False,False,False,0.01,0.0309090909090909,True,False,6,34°C,False,30.4,PASSED
2026-06-06|event_day_open,2026-06-06,event_day_open,external_test,pooled_empirical_residual,empirical_residual,1.25,2026-06-06|08,8,35°C ≤ T < 36°C,35°C,35°C,35.0,36.0,False,False,True,False,0,99,0.0,True,False,False,False,0.01,0.0009090909090909,True,False,7,35°C,False,30.4,PASSED
2026-06-06|event_day_open,2026-06-06,event_day_open,external_test,pooled_empirical_residual,empirical_residual,1.25,2026-06-06|09,9,36°C ≤ T < 37°C,36°C,36°C,36.0,37.0,False,False,True,False,0,99,0.0,True,False,False,False,0.01,0.0009090909090909,True,False,8,36°C,False,30.4,PASSED
2026-06-06|event_day_open,2026-06-06,event_day_open,external_test,pooled_empirical_residual,empirical_residual,1.25,2026-06-06|10,10,37°C ≤ T < 38°C,37°C,37°C,37.0,38.0,False,False,True,False,0,99,0.0,True,False,False,False,0.01,0.0009090909090909,True,False,9,37°C,False,30.4,PASSED
2026-06-06|event_day_open,2026-06-06,event_day_open,external_test,pooled_empirical_residual,empirical_residual,1.25,2026-06-06|11,11,T ≥ 38°C,38°C or higher,38°C or higher,38.0,,False,True,True,False,0,99,0.0,True,False,False,False,0.01,0.0009090909090909,True,False,10,38°C or higher,False,30.4,PASSED
2026-06-07|12h_prior,2026-06-07,12h_prior,external_test,pooled_empirical_residual,empirical_residual,1.25,2026-06-07|01,1,T < 25°C,24°C or below,24°C or below,,25.0,True,False,True,False,0,99,0.0,True,False,False,False,0.01,0.0009090909090909,True,False,0,24°C or below,False,32.0,PASSED
2026-06-07|12h_prior,2026-06-07,12h_prior,external_test,pooled_empirical_residual,empirical_residual,1.25,2026-06-07|02,2,25°C ≤ T < 26°C,25°C,25°C,25.0,26.0,False,False,True,False,0,99,0.0,True,False,False,False,0.01,0.0009090909090909,True,False,1,25°C,False,32.0,PASSED
2026-06-07|12h_prior,2026-06-07,12h_prior,external_test,pooled_empirical_residual,empirical_residual,1.25,2026-06-07|03,3,26°C ≤ T < 27°C,26°C,26°C,26.0,27.0,False,False,True,False,0,99,0.0,True,False,False,False,0.01,0.0009090909090909,True,False,2,26°C,False,32.0,PASSED
2026-06-07|12h_prior,2026-06-07,12h_prior,external_test,pooled_empirical_residual,empirical_residual,1.25,2026-06-07|04,4,27°C ≤ T < 28°C,27°C,27°C,27.0,28.0,False,False,True,False,5,99,0.0505050505050505,True,False,False,False,0.01,0.0509090909090909,True,False,3,27°C,False,32.0,PASSED
2026-06-07|12h_prior,2026-06-07,12h_prior,external_test,pooled_empirical_residual,empirical_residual,1.25,2026-06-07|05,5,28°C ≤ T < 29°C,28°C,28°C,28.0,29.0,False,False,True,False,9,99,0.0909090909090909,True,False,False,False,0.01,0.0909090909090909,True,False,4,28°C,False,32.0,PASSED
2026-06-07|12h_prior,2026-06-07,12h_prior,external_test,pooled_empirical_residual,empirical_residual,1.25,2026-06-07|06,6,29°C ≤ T < 30°C,29°C,29°C,29.0,30.0,False,False,True,False,20,99,0.202020202020202,True,False,False,False,0.01,0.2009090909090908,True,False,5,29°C,False,32.0,PASSED
2026-06-07|12h_prior,2026-06-07,12h_prior,external_test,pooled_empirical_residual,empirical_residual,1.25,2026-06-07|07,7,30°C ≤ T < 31°C,30°C,30°C,30.0,31.0,False,False,True,False,31,99,0.3131313131313131,True,False,False,False,0.01,0.3109090909090908,True,False,6,30°C,False,32.0,PASSED
2026-06-07|12h_prior,2026-06-07,12h_prior,external_test,pooled_empirical_residual,empirical_residual,1.25,2026-06-07|08,8,31°C ≤ T < 32°C,31°C,31°C,31.0,32.0,False,False,True,False,23,99,0.2323232323232323,True,False,False,False,0.01,0.2309090909090908,True,False,7,31°C,False,32.0,PASSED
2026-06-07|12h_prior,2026-06-07,12h_prior,external_test,pooled_empirical_residual,empirical_residual,1.25,2026-06-07|09,9,32°C ≤ T < 33°C,32°C,32°C,32.0,33.0,False,False,True,False,10,99,0.101010101010101,True,False,False,False,0.01,0.1009090909090908,True,False,8,32°C,True,32.0,PASSED
2026-06-07|12h_prior,2026-06-07,12h_prior,external_test,pooled_empirical_residual,empirical_residual,1.25,2026-06-07|10,10,33°C ≤ T < 34°C,33°C,33°C,33.0,34.0,False,False,True,False,1,99,0.0101010101010101,True,False,False,False,0.01,0.0109090909090909,True,False,9,33°C,False,32.0,PASSED
2026-06-07|12h_prior,2026-06-07,12h_prior,external_test,pooled_empirical_residual,empirical_residual,1.25,2026-06-07|11,11,T ≥ 34°C,34°C or higher,34°C or higher,34.0,,False,True,True,False,0,99,0.0,True,False,False,False,0.01,0.0009090909090909,True,False,10,34°C or higher,False,32.0,PASSED
2026-06-07|24h_prior,2026-06-07,24h_prior,external_test,pooled_empirical_residual,empirical_residual,1.25,2026-06-07|01,1,T < 25°C,24°C or below,24°C or below,,25.0,True,False,True,False,0,99,0.0,True,False,False,False,0.01,0.0009090909090909,True,False,0,24°C or below,False,32.0,PASSED
2026-06-07|24h_prior,2026-06-07,24h_prior,external_test,pooled_empirical_residual,empirical_residual,1.25,2026-06-07|02,2,25°C ≤ T < 26°C,25°C,25°C,25.0,26.0,False,False,True,False,0,99,0.0,True,False,False,False,0.01,0.0009090909090909,True,False,1,25°C,False,32.0,PASSED
2026-06-07|24h_prior,2026-06-07,24h_prior,external_test,pooled_empirical_residual,empirical_residual,1.25,2026-06-07|03,3,26°C ≤ T < 27°C,26°C,26°C,26.0,27.0,False,False,True,False,2,99,0.0202020202020202,True,False,False,False,0.01,0.0209090909090909,True,False,2,26°C,False,32.0,PASSED
2026-06-07|24h_prior,2026-06-07,24h_prior,external_test,pooled_empirical_residual,empirical_residual,1.25,2026-06-07|04,4,27°C ≤ T < 28°C,27°C,27°C,27.0,28.0,False,False,True,False,9,99,0.0909090909090909,True,False,False,False,0.01,0.0909090909090909,True,False,3,27°C,False,32.0,PASSED
2026-06-07|24h_prior,2026-06-07,24h_prior,external_test,pooled_empirical_residual,empirical_residual,1.25,2026-06-07|05,5,28°C ≤ T < 29°C,28°C,28°C,28.0,29.0,False,False,True,False,10,99,0.101010101010101,True,False,False,False,0.01,0.1009090909090908,True,False,4,28°C,False,32.0,PASSED
2026-06-07|24h_prior,2026-06-07,24h_prior,external_test,pooled_empirical_residual,empirical_residual,1.25,2026-06-07|06,6,29°C ≤ T < 30°C,29°C,29°C,29.0,30.0,False,False,True,False,32,99,0.3232323232323232,True,False,False,False,0.01,0.3209090909090908,True,False,5,29°C,False,32.0,PASSED
2026-06-07|24h_prior,2026-06-07,24h_prior,external_test,pooled_empirical_residual,empirical_residual,1.25,2026-06-07|07,7,30°C ≤ T < 31°C,30°C,30°C,30.0,31.0,False,False,True,False,23,99,0.2323232323232323,True,False,False,False,0.01,0.2309090909090908,True,False,6,30°C,False,32.0,PASSED
2026-06-07|24h_prior,2026-06-07,24h_prior,external_test,pooled_empirical_residual,empirical_residual,1.25,2026-06-07|08,8,31°C ≤ T < 32°C,31°C,31°C,31.0,32.0,False,False,True,False,18,99,0.1818181818181818,True,False,False,False,0.01,0.1809090909090908,True,False,7,31°C,False,32.0,PASSED
2026-06-07|24h_prior,2026-06-07,24h_prior,external_test,pooled_empirical_residual,empirical_residual,1.25,2026-06-07|09,9,32°C ≤ T < 33°C,32°C,32°C,32.0,33.0,False,False,True,False,5,99,0.0505050505050505,True,False,False,False,0.01,0.0509090909090909,True,False,8,32°C,True,32.0,PASSED
2026-06-07|24h_prior,2026-06-07,24h_prior,external_test,pooled_empirical_residual,empirical_residual,1.25,2026-06-07|10,10,33°C ≤ T < 34°C,33°C,33°C,33.0,34.0,False,False,True,False,0,99,0.0,True,False,False,False,0.01,0.0009090909090909,True,False,9,33°C,False,32.0,PASSED
2026-06-07|24h_prior,2026-06-07,24h_prior,external_test,pooled_empirical_residual,empirical_residual,1.25,2026-06-07|11,11,T ≥ 34°C,34°C or higher,34°C or higher,34.0,,False,True,True,False,0,99,0.0,True,False,False,False,0.01,0.0009090909090909,True,False,10,34°C or higher,False,32.0,PASSED
2026-06-07|6h_prior,2026-06-07,6h_prior,external_test,pooled_empirical_residual,empirical_residual,1.25,2026-06-07|01,1,T < 25°C,24°C or below,24°C or below,,25.0,True,False,True,False,0,99,0.0,True,False,False,False,0.01,0.0009090909090909,True,False,0,24°C or below,False,32.0,PASSED
2026-06-07|6h_prior,2026-06-07,6h_prior,external_test,pooled_empirical_residual,empirical_residual,1.25,2026-06-07|02,2,25°C ≤ T < 26°C,25°C,25°C,25.0,26.0,False,False,True,False,0,99,0.0,True,False,False,False,0.01,0.0009090909090909,True,False,1,25°C,False,32.0,PASSED
2026-06-07|6h_prior,2026-06-07,6h_prior,external_test,pooled_empirical_residual,empirical_residual,1.25,2026-06-07|03,3,26°C ≤ T < 27°C,26°C,26°C,26.0,27.0,False,False,True,False,1,99,0.0101010101010101,True,False,False,False,0.01,0.0109090909090909,True,False,2,26°C,False,32.0,PASSED
2026-06-07|6h_prior,2026-06-07,6h_prior,external_test,pooled_empirical_residual,empirical_residual,1.25,2026-06-07|04,4,27°C ≤ T < 28°C,27°C,27°C,27.0,28.0,False,False,True,False,8,99,0.0808080808080808,True,False,False,False,0.01,0.0809090909090909,True,False,3,27°C,False,32.0,PASSED
2026-06-07|6h_prior,2026-06-07,6h_prior,external_test,pooled_empirical_residual,empirical_residual,1.25,2026-06-07|05,5,28°C ≤ T < 29°C,28°C,28°C,28.0,29.0,False,False,True,False,8,99,0.0808080808080808,True,False,False,False,0.01,0.0809090909090909,True,False,4,28°C,False,32.0,PASSED
2026-06-07|6h_prior,2026-06-07,6h_prior,external_test,pooled_empirical_residual,empirical_residual,1.25,2026-06-07|06,6,29°C ≤ T < 30°C,29°C,29°C,29.0,30.0,False,False,True,False,25,99,0.2525252525252525,True,False,False,False,0.01,0.2509090909090908,True,False,5,29°C,False,32.0,PASSED
2026-06-07|6h_prior,2026-06-07,6h_prior,external_test,pooled_empirical_residual,empirical_residual,1.25,2026-06-07|07,7,30°C ≤ T < 31°C,30°C,30°C,30.0,31.0,False,False,True,False,28,99,0.2828282828282828,True,False,False,False,0.01,0.2809090909090909,True,False,6,30°C,False,32.0,PASSED
2026-06-07|6h_prior,2026-06-07,6h_prior,external_test,pooled_empirical_residual,empirical_residual,1.25,2026-06-07|08,8,31°C ≤ T < 32°C,31°C,31°C,31.0,32.0,False,False,True,False,21,99,0.2121212121212121,True,False,False,False,0.01,0.2109090909090908,True,False,7,31°C,False,32.0,PASSED
2026-06-07|6h_prior,2026-06-07,6h_prior,external_test,pooled_empirical_residual,empirical_residual,1.25,2026-06-07|09,9,32°C ≤ T < 33°C,32°C,32°C,32.0,33.0,False,False,True,False,7,99,0.0707070707070707,True,False,False,False,0.01,0.0709090909090909,True,False,8,32°C,True,32.0,PASSED
2026-06-07|6h_prior,2026-06-07,6h_prior,external_test,pooled_empirical_residual,empirical_residual,1.25,2026-06-07|10,10,33°C ≤ T < 34°C,33°C,33°C,33.0,34.0,False,False,True,False,1,99,0.0101010101010101,True,False,False,False,0.01,0.0109090909090909,True,False,9,33°C,False,32.0,PASSED
2026-06-07|6h_prior,2026-06-07,6h_prior,external_test,pooled_empirical_residual,empirical_residual,1.25,2026-06-07|11,11,T ≥ 34°C,34°C or higher,34°C or higher,34.0,,False,True,True,False,0,99,0.0,True,False,False,False,0.01,0.0009090909090909,True,False,10,34°C or higher,False,32.0,PASSED
2026-06-07|event_day_open,2026-06-07,event_day_open,external_test,pooled_empirical_residual,empirical_residual,1.25,2026-06-07|01,1,T < 25°C,24°C or below,24°C or below,,25.0,True,False,True,False,0,99,0.0,True,False,False,False,0.01,0.0009090909090909,True,False,0,24°C or below,False,32.0,PASSED
2026-06-07|event_day_open,2026-06-07,event_day_open,external_test,pooled_empirical_residual,empirical_residual,1.25,2026-06-07|02,2,25°C ≤ T < 26°C,25°C,25°C,25.0,26.0,False,False,True,False,4,99,0.0404040404040404,True,False,False,False,0.01,0.0409090909090909,True,False,1,25°C,False,32.0,PASSED
2026-06-07|event_day_open,2026-06-07,event_day_open,external_test,pooled_empirical_residual,empirical_residual,1.25,2026-06-07|03,3,26°C ≤ T < 27°C,26°C,26°C,26.0,27.0,False,False,True,False,9,99,0.0909090909090909,True,False,False,False,0.01,0.0909090909090909,True,False,2,26°C,False,32.0,PASSED
2026-06-07|event_day_open,2026-06-07,event_day_open,external_test,pooled_empirical_residual,empirical_residual,1.25,2026-06-07|04,4,27°C ≤ T < 28°C,27°C,27°C,27.0,28.0,False,False,True,False,15,99,0.1515151515151515,True,False,False,False,0.01,0.1509090909090908,True,False,3,27°C,False,32.0,PASSED
2026-06-07|event_day_open,2026-06-07,event_day_open,external_test,pooled_empirical_residual,empirical_residual,1.25,2026-06-07|05,5,28°C ≤ T < 29°C,28°C,28°C,28.0,29.0,False,False,True,False,32,99,0.3232323232323232,True,False,False,False,0.01,0.3209090909090908,True,False,4,28°C,False,32.0,PASSED
2026-06-07|event_day_open,2026-06-07,event_day_open,external_test,pooled_empirical_residual,empirical_residual,1.25,2026-06-07|06,6,29°C ≤ T < 30°C,29°C,29°C,29.0,30.0,False,False,True,False,22,99,0.2222222222222222,True,False,False,False,0.01,0.2209090909090909,True,False,5,29°C,False,32.0,PASSED
2026-06-07|event_day_open,2026-06-07,event_day_open,external_test,pooled_empirical_residual,empirical_residual,1.25,2026-06-07|07,7,30°C ≤ T < 31°C,30°C,30°C,30.0,31.0,False,False,True,False,15,99,0.1515151515151515,True,False,False,False,0.01,0.1509090909090908,True,False,6,30°C,False,32.0,PASSED
2026-06-07|event_day_open,2026-06-07,event_day_open,external_test,pooled_empirical_residual,empirical_residual,1.25,2026-06-07|08,8,31°C ≤ T < 32°C,31°C,31°C,31.0,32.0,False,False,True,False,2,99,0.0202020202020202,True,False,False,False,0.01,0.0209090909090909,True,False,7,31°C,False,32.0,PASSED
2026-06-07|event_day_open,2026-06-07,event_day_open,external_test,pooled_empirical_residual,empirical_residual,1.25,2026-06-07|09,9,32°C ≤ T < 33°C,32°C,32°C,32.0,33.0,False,False,True,False,0,99,0.0,True,False,False,False,0.01,0.0009090909090909,True,False,8,32°C,True,32.0,PASSED
2026-06-07|event_day_open,2026-06-07,event_day_open,external_test,pooled_empirical_residual,empirical_residual,1.25,2026-06-07|10,10,33°C ≤ T < 34°C,33°C,33°C,33.0,34.0,False,False,True,False,0,99,0.0,True,False,False,False,0.01,0.0009090909090909,True,False,9,33°C,False,32.0,PASSED
2026-06-07|event_day_open,2026-06-07,event_day_open,external_test,pooled_empirical_residual,empirical_residual,1.25,2026-06-07|11,11,T ≥ 34°C,34°C or higher,34°C or higher,34.0,,False,True,True,False,0,99,0.0,True,False,False,False,0.01,0.0009090909090909,True,False,10,34°C or higher,False,32.0,PASSED
2026-06-08|12h_prior,2026-06-08,12h_prior,external_test,pooled_empirical_residual,empirical_residual,1.25,2026-06-08|01,1,T < 25°C,24°C or below,24°C or below,,25.0,True,False,True,False,0,99,0.0,True,False,False,False,0.01,0.0009090909090909,True,False,0,24°C or below,False,30.9,PASSED
2026-06-08|12h_prior,2026-06-08,12h_prior,external_test,pooled_empirical_residual,empirical_residual,1.25,2026-06-08|02,2,25°C ≤ T < 26°C,25°C,25°C,25.0,26.0,False,False,True,False,0,99,0.0,True,False,False,False,0.01,0.0009090909090909,True,False,1,25°C,False,30.9,PASSED
2026-06-08|12h_prior,2026-06-08,12h_prior,external_test,pooled_empirical_residual,empirical_residual,1.25,2026-06-08|03,3,26°C ≤ T < 27°C,26°C,26°C,26.0,27.0,False,False,True,False,4,99,0.0404040404040404,True,False,False,False,0.01,0.0409090909090909,True,False,2,26°C,False,30.9,PASSED
2026-06-08|12h_prior,2026-06-08,12h_prior,external_test,pooled_empirical_residual,empirical_residual,1.25,2026-06-08|04,4,27°C ≤ T < 28°C,27°C,27°C,27.0,28.0,False,False,True,False,9,99,0.0909090909090909,True,False,False,False,0.01,0.0909090909090909,True,False,3,27°C,False,30.9,PASSED
2026-06-08|12h_prior,2026-06-08,12h_prior,external_test,pooled_empirical_residual,empirical_residual,1.25,2026-06-08|05,5,28°C ≤ T < 29°C,28°C,28°C,28.0,29.0,False,False,True,False,17,99,0.1717171717171717,True,False,False,False,0.01,0.1709090909090909,True,False,4,28°C,False,30.9,PASSED
2026-06-08|12h_prior,2026-06-08,12h_prior,external_test,pooled_empirical_residual,empirical_residual,1.25,2026-06-08|06,6,29°C ≤ T < 30°C,29°C,29°C,29.0,30.0,False,False,True,False,32,99,0.3232323232323232,True,False,False,False,0.01,0.3209090909090908,True,False,5,29°C,False,30.9,PASSED
2026-06-08|12h_prior,2026-06-08,12h_prior,external_test,pooled_empirical_residual,empirical_residual,1.25,2026-06-08|07,7,30°C ≤ T < 31°C,30°C,30°C,30.0,31.0,False,False,True,False,24,99,0.2424242424242424,True,False,False,False,0.01,0.2409090909090908,True,False,6,30°C,True,30.9,PASSED
2026-06-08|12h_prior,2026-06-08,12h_prior,external_test,pooled_empirical_residual,empirical_residual,1.25,2026-06-08|08,8,31°C ≤ T < 32°C,31°C,31°C,31.0,32.0,False,False,True,False,11,99,0.1111111111111111,True,False,False,False,0.01,0.1109090909090909,True,False,7,31°C,False,30.9,PASSED
2026-06-08|12h_prior,2026-06-08,12h_prior,external_test,pooled_empirical_residual,empirical_residual,1.25,2026-06-08|09,9,32°C ≤ T < 33°C,32°C,32°C,32.0,33.0,False,False,True,False,2,99,0.0202020202020202,True,False,False,False,0.01,0.0209090909090909,True,False,8,32°C,False,30.9,PASSED
2026-06-08|12h_prior,2026-06-08,12h_prior,external_test,pooled_empirical_residual,empirical_residual,1.25,2026-06-08|10,10,33°C ≤ T < 34°C,33°C,33°C,33.0,34.0,False,False,True,False,0,99,0.0,True,False,False,False,0.01,0.0009090909090909,True,False,9,33°C,False,30.9,PASSED
2026-06-08|12h_prior,2026-06-08,12h_prior,external_test,pooled_empirical_residual,empirical_residual,1.25,2026-06-08|11,11,T ≥ 34°C,34°C or higher,34°C or higher,34.0,,False,True,True,False,0,99,0.0,True,False,False,False,0.01,0.0009090909090909,True,False,10,34°C or higher,False,30.9,PASSED
2026-06-08|24h_prior,2026-06-08,24h_prior,external_test,pooled_empirical_residual,empirical_residual,1.25,2026-06-08|01,1,T < 25°C,24°C or below,24°C or below,,25.0,True,False,True,False,0,99,0.0,True,False,False,False,0.01,0.0009090909090909,True,False,0,24°C or below,False,30.9,PASSED
2026-06-08|24h_prior,2026-06-08,24h_prior,external_test,pooled_empirical_residual,empirical_residual,1.25,2026-06-08|02,2,25°C ≤ T < 26°C,25°C,25°C,25.0,26.0,False,False,True,False,0,99,0.0,True,False,False,False,0.01,0.0009090909090909,True,False,1,25°C,False,30.9,PASSED
2026-06-08|24h_prior,2026-06-08,24h_prior,external_test,pooled_empirical_residual,empirical_residual,1.25,2026-06-08|03,3,26°C ≤ T < 27°C,26°C,26°C,26.0,27.0,False,False,True,False,3,99,0.0303030303030303,True,False,False,False,0.01,0.0309090909090909,True,False,2,26°C,False,30.9,PASSED
2026-06-08|24h_prior,2026-06-08,24h_prior,external_test,pooled_empirical_residual,empirical_residual,1.25,2026-06-08|04,4,27°C ≤ T < 28°C,27°C,27°C,27.0,28.0,False,False,True,False,10,99,0.101010101010101,True,False,False,False,0.01,0.1009090909090908,True,False,3,27°C,False,30.9,PASSED
2026-06-08|24h_prior,2026-06-08,24h_prior,external_test,pooled_empirical_residual,empirical_residual,1.25,2026-06-08|05,5,28°C ≤ T < 29°C,28°C,28°C,28.0,29.0,False,False,True,False,11,99,0.1111111111111111,True,False,False,False,0.01,0.1109090909090909,True,False,4,28°C,False,30.9,PASSED
2026-06-08|24h_prior,2026-06-08,24h_prior,external_test,pooled_empirical_residual,empirical_residual,1.25,2026-06-08|06,6,29°C ≤ T < 30°C,29°C,29°C,29.0,30.0,False,False,True,False,32,99,0.3232323232323232,True,False,False,False,0.01,0.3209090909090908,True,False,5,29°C,False,30.9,PASSED
2026-06-08|24h_prior,2026-06-08,24h_prior,external_test,pooled_empirical_residual,empirical_residual,1.25,2026-06-08|07,7,30°C ≤ T < 31°C,30°C,30°C,30.0,31.0,False,False,True,False,22,99,0.2222222222222222,True,False,False,False,0.01,0.2209090909090909,True,False,6,30°C,True,30.9,PASSED
2026-06-08|24h_prior,2026-06-08,24h_prior,external_test,pooled_empirical_residual,empirical_residual,1.25,2026-06-08|08,8,31°C ≤ T < 32°C,31°C,31°C,31.0,32.0,False,False,True,False,18,99,0.1818181818181818,True,False,False,False,0.01,0.1809090909090908,True,False,7,31°C,False,30.9,PASSED
2026-06-08|24h_prior,2026-06-08,24h_prior,external_test,pooled_empirical_residual,empirical_residual,1.25,2026-06-08|09,9,32°C ≤ T < 33°C,32°C,32°C,32.0,33.0,False,False,True,False,3,99,0.0303030303030303,True,False,False,False,0.01,0.0309090909090909,True,False,8,32°C,False,30.9,PASSED
2026-06-08|24h_prior,2026-06-08,24h_prior,external_test,pooled_empirical_residual,empirical_residual,1.25,2026-06-08|10,10,33°C ≤ T < 34°C,33°C,33°C,33.0,34.0,False,False,True,False,0,99,0.0,True,False,False,False,0.01,0.0009090909090909,True,False,9,33°C,False,30.9,PASSED
2026-06-08|24h_prior,2026-06-08,24h_prior,external_test,pooled_empirical_residual,empirical_residual,1.25,2026-06-08|11,11,T ≥ 34°C,34°C or higher,34°C or higher,34.0,,False,True,True,False,0,99,0.0,True,False,False,False,0.01,0.0009090909090909,True,False,10,34°C or higher,False,30.9,PASSED
2026-06-08|6h_prior,2026-06-08,6h_prior,external_test,pooled_empirical_residual,empirical_residual,1.25,2026-06-08|01,1,T < 25°C,24°C or below,24°C or below,,25.0,True,False,True,False,0,99,0.0,True,False,False,False,0.01,0.0009090909090909,True,False,0,24°C or below,False,30.9,PASSED
2026-06-08|6h_prior,2026-06-08,6h_prior,external_test,pooled_empirical_residual,empirical_residual,1.25,2026-06-08|02,2,25°C ≤ T < 26°C,25°C,25°C,25.0,26.0,False,False,True,False,2,99,0.0202020202020202,True,False,False,False,0.01,0.0209090909090909,True,False,1,25°C,False,30.9,PASSED
2026-06-08|6h_prior,2026-06-08,6h_prior,external_test,pooled_empirical_residual,empirical_residual,1.25,2026-06-08|03,3,26°C ≤ T < 27°C,26°C,26°C,26.0,27.0,False,False,True,False,9,99,0.0909090909090909,True,False,False,False,0.01,0.0909090909090909,True,False,2,26°C,False,30.9,PASSED
2026-06-08|6h_prior,2026-06-08,6h_prior,external_test,pooled_empirical_residual,empirical_residual,1.25,2026-06-08|04,4,27°C ≤ T < 28°C,27°C,27°C,27.0,28.0,False,False,True,False,10,99,0.101010101010101,True,False,False,False,0.01,0.1009090909090908,True,False,3,27°C,False,30.9,PASSED
2026-06-08|6h_prior,2026-06-08,6h_prior,external_test,pooled_empirical_residual,empirical_residual,1.25,2026-06-08|05,5,28°C ≤ T < 29°C,28°C,28°C,28.0,29.0,False,False,True,False,32,99,0.3232323232323232,True,False,False,False,0.01,0.3209090909090908,True,False,4,28°C,False,30.9,PASSED
2026-06-08|6h_prior,2026-06-08,6h_prior,external_test,pooled_empirical_residual,empirical_residual,1.25,2026-06-08|06,6,29°C ≤ T < 30°C,29°C,29°C,29.0,30.0,False,False,True,False,23,99,0.2323232323232323,True,False,False,False,0.01,0.2309090909090908,True,False,5,29°C,False,30.9,PASSED
2026-06-08|6h_prior,2026-06-08,6h_prior,external_test,pooled_empirical_residual,empirical_residual,1.25,2026-06-08|07,7,30°C ≤ T < 31°C,30°C,30°C,30.0,31.0,False,False,True,False,18,99,0.1818181818181818,True,False,False,False,0.01,0.1809090909090908,True,False,6,30°C,True,30.9,PASSED
2026-06-08|6h_prior,2026-06-08,6h_prior,external_test,pooled_empirical_residual,empirical_residual,1.25,2026-06-08|08,8,31°C ≤ T < 32°C,31°C,31°C,31.0,32.0,False,False,True,False,5,99,0.0505050505050505,True,False,False,False,0.01,0.0509090909090909,True,False,7,31°C,False,30.9,PASSED
2026-06-08|6h_prior,2026-06-08,6h_prior,external_test,pooled_empirical_residual,empirical_residual,1.25,2026-06-08|09,9,32°C ≤ T < 33°C,32°C,32°C,32.0,33.0,False,False,True,False,0,99,0.0,True,False,False,False,0.01,0.0009090909090909,True,False,8,32°C,False,30.9,PASSED
2026-06-08|6h_prior,2026-06-08,6h_prior,external_test,pooled_empirical_residual,empirical_residual,1.25,2026-06-08|10,10,33°C ≤ T < 34°C,33°C,33°C,33.0,34.0,False,False,True,False,0,99,0.0,True,False,False,False,0.01,0.0009090909090909,True,False,9,33°C,False,30.9,PASSED
2026-06-08|6h_prior,2026-06-08,6h_prior,external_test,pooled_empirical_residual,empirical_residual,1.25,2026-06-08|11,11,T ≥ 34°C,34°C or higher,34°C or higher,34.0,,False,True,True,False,0,99,0.0,True,False,False,False,0.01,0.0009090909090909,True,False,10,34°C or higher,False,30.9,PASSED
2026-06-08|event_day_open,2026-06-08,event_day_open,external_test,pooled_empirical_residual,empirical_residual,1.25,2026-06-08|01,1,T < 25°C,24°C or below,24°C or below,,25.0,True,False,True,False,0,99,0.0,True,False,False,False,0.01,0.0009090909090909,True,False,0,24°C or below,False,30.9,PASSED
2026-06-08|event_day_open,2026-06-08,event_day_open,external_test,pooled_empirical_residual,empirical_residual,1.25,2026-06-08|02,2,25°C ≤ T < 26°C,25°C,25°C,25.0,26.0,False,False,True,False,1,99,0.0101010101010101,True,False,False,False,0.01,0.0109090909090909,True,False,1,25°C,False,30.9,PASSED
2026-06-08|event_day_open,2026-06-08,event_day_open,external_test,pooled_empirical_residual,empirical_residual,1.25,2026-06-08|03,3,26°C ≤ T < 27°C,26°C,26°C,26.0,27.0,False,False,True,False,8,99,0.0808080808080808,True,False,False,False,0.01,0.0809090909090909,True,False,2,26°C,False,30.9,PASSED
2026-06-08|event_day_open,2026-06-08,event_day_open,external_test,pooled_empirical_residual,empirical_residual,1.25,2026-06-08|04,4,27°C ≤ T < 28°C,27°C,27°C,27.0,28.0,False,False,True,False,10,99,0.101010101010101,True,False,False,False,0.01,0.1009090909090908,True,False,3,27°C,False,30.9,PASSED
2026-06-08|event_day_open,2026-06-08,event_day_open,external_test,pooled_empirical_residual,empirical_residual,1.25,2026-06-08|05,5,28°C ≤ T < 29°C,28°C,28°C,28.0,29.0,False,False,True,False,28,99,0.2828282828282828,True,False,False,False,0.01,0.2809090909090909,True,False,4,28°C,False,30.9,PASSED
2026-06-08|event_day_open,2026-06-08,event_day_open,external_test,pooled_empirical_residual,empirical_residual,1.25,2026-06-08|06,6,29°C ≤ T < 30°C,29°C,29°C,29.0,30.0,False,False,True,False,25,99,0.2525252525252525,True,False,False,False,0.01,0.2509090909090908,True,False,5,29°C,False,30.9,PASSED
2026-06-08|event_day_open,2026-06-08,event_day_open,external_test,pooled_empirical_residual,empirical_residual,1.25,2026-06-08|07,7,30°C ≤ T < 31°C,30°C,30°C,30.0,31.0,False,False,True,False,20,99,0.202020202020202,True,False,False,False,0.01,0.2009090909090908,True,False,6,30°C,True,30.9,PASSED
2026-06-08|event_day_open,2026-06-08,event_day_open,external_test,pooled_empirical_residual,empirical_residual,1.25,2026-06-08|08,8,31°C ≤ T < 32°C,31°C,31°C,31.0,32.0,False,False,True,False,6,99,0.0606060606060606,True,False,False,False,0.01,0.0609090909090909,True,False,7,31°C,False,30.9,PASSED
2026-06-08|event_day_open,2026-06-08,event_day_open,external_test,pooled_empirical_residual,empirical_residual,1.25,2026-06-08|09,9,32°C ≤ T < 33°C,32°C,32°C,32.0,33.0,False,False,True,False,1,99,0.0101010101010101,True,False,False,False,0.01,0.0109090909090909,True,False,8,32°C,False,30.9,PASSED
2026-06-08|event_day_open,2026-06-08,event_day_open,external_test,pooled_empirical_residual,empirical_residual,1.25,2026-06-08|10,10,33°C ≤ T < 34°C,33°C,33°C,33.0,34.0,False,False,True,False,0,99,0.0,True,False,False,False,0.01,0.0009090909090909,True,False,9,33°C,False,30.9,PASSED
2026-06-08|event_day_open,2026-06-08,event_day_open,external_test,pooled_empirical_residual,empirical_residual,1.25,2026-06-08|11,11,T ≥ 34°C,34°C or higher,34°C or higher,34.0,,False,True,True,False,0,99,0.0,True,False,False,False,0.01,0.0009090909090909,True,False,10,34°C or higher,False,30.9,PASSED
2026-06-09|12h_prior,2026-06-09,12h_prior,external_test,pooled_empirical_residual,empirical_residual,1.25,2026-06-09|01,1,T < 24°C,23°C or below,23°C or below,,24.0,True,False,True,False,0,99,0.0,True,False,False,False,0.01,0.0009090909090909,True,False,0,23°C or below,False,28.4,PASSED
2026-06-09|12h_prior,2026-06-09,12h_prior,external_test,pooled_empirical_residual,empirical_residual,1.25,2026-06-09|02,2,24°C ≤ T < 25°C,24°C,24°C,24.0,25.0,False,False,True,False,0,99,0.0,True,False,False,False,0.01,0.0009090909090909,True,False,1,24°C,False,28.4,PASSED
2026-06-09|12h_prior,2026-06-09,12h_prior,external_test,pooled_empirical_residual,empirical_residual,1.25,2026-06-09|03,3,25°C ≤ T < 26°C,25°C,25°C,25.0,26.0,False,False,True,False,0,99,0.0,True,False,False,False,0.01,0.0009090909090909,True,False,2,25°C,False,28.4,PASSED
2026-06-09|12h_prior,2026-06-09,12h_prior,external_test,pooled_empirical_residual,empirical_residual,1.25,2026-06-09|04,4,26°C ≤ T < 27°C,26°C,26°C,26.0,27.0,False,False,True,False,6,99,0.0606060606060606,True,False,False,False,0.01,0.0609090909090909,True,False,3,26°C,False,28.4,PASSED
2026-06-09|12h_prior,2026-06-09,12h_prior,external_test,pooled_empirical_residual,empirical_residual,1.25,2026-06-09|05,5,27°C ≤ T < 28°C,27°C,27°C,27.0,28.0,False,False,True,False,10,99,0.101010101010101,True,False,False,False,0.01,0.1009090909090908,True,False,4,27°C,False,28.4,PASSED
2026-06-09|12h_prior,2026-06-09,12h_prior,external_test,pooled_empirical_residual,empirical_residual,1.25,2026-06-09|06,6,28°C ≤ T < 29°C,28°C,28°C,28.0,29.0,False,False,True,False,21,99,0.2121212121212121,True,False,False,False,0.01,0.2109090909090908,True,False,5,28°C,True,28.4,PASSED
2026-06-09|12h_prior,2026-06-09,12h_prior,external_test,pooled_empirical_residual,empirical_residual,1.25,2026-06-09|07,7,29°C ≤ T < 30°C,29°C,29°C,29.0,30.0,False,False,True,False,29,99,0.2929292929292929,True,False,False,False,0.01,0.2909090909090908,True,False,6,29°C,False,28.4,PASSED
2026-06-09|12h_prior,2026-06-09,12h_prior,external_test,pooled_empirical_residual,empirical_residual,1.25,2026-06-09|08,8,30°C ≤ T < 31°C,30°C,30°C,30.0,31.0,False,False,True,False,24,99,0.2424242424242424,True,False,False,False,0.01,0.2409090909090908,True,False,7,30°C,False,28.4,PASSED
2026-06-09|12h_prior,2026-06-09,12h_prior,external_test,pooled_empirical_residual,empirical_residual,1.25,2026-06-09|09,9,31°C ≤ T < 32°C,31°C,31°C,31.0,32.0,False,False,True,False,8,99,0.0808080808080808,True,False,False,False,0.01,0.0809090909090909,True,False,8,31°C,False,28.4,PASSED
2026-06-09|12h_prior,2026-06-09,12h_prior,external_test,pooled_empirical_residual,empirical_residual,1.25,2026-06-09|10,10,32°C ≤ T < 33°C,32°C,32°C,32.0,33.0,False,False,True,False,1,99,0.0101010101010101,True,False,False,False,0.01,0.0109090909090909,True,False,9,32°C,False,28.4,PASSED
2026-06-09|12h_prior,2026-06-09,12h_prior,external_test,pooled_empirical_residual,empirical_residual,1.25,2026-06-09|11,11,T ≥ 33°C,33°C or higher,33°C or higher,33.0,,False,True,True,False,0,99,0.0,True,False,False,False,0.01,0.0009090909090909,True,False,10,33°C or higher,False,28.4,PASSED
2026-06-09|24h_prior,2026-06-09,24h_prior,external_test,pooled_empirical_residual,empirical_residual,1.25,2026-06-09|01,1,T < 24°C,23°C or below,23°C or below,,24.0,True,False,True,False,0,99,0.0,True,False,False,False,0.01,0.0009090909090909,True,False,0,23°C or below,False,28.4,PASSED
2026-06-09|24h_prior,2026-06-09,24h_prior,external_test,pooled_empirical_residual,empirical_residual,1.25,2026-06-09|02,2,24°C ≤ T < 25°C,24°C,24°C,24.0,25.0,False,False,True,False,2,99,0.0202020202020202,True,False,False,False,0.01,0.0209090909090909,True,False,1,24°C,False,28.4,PASSED
2026-06-09|24h_prior,2026-06-09,24h_prior,external_test,pooled_empirical_residual,empirical_residual,1.25,2026-06-09|03,3,25°C ≤ T < 26°C,25°C,25°C,25.0,26.0,False,False,True,False,9,99,0.0909090909090909,True,False,False,False,0.01,0.0909090909090909,True,False,2,25°C,False,28.4,PASSED
2026-06-09|24h_prior,2026-06-09,24h_prior,external_test,pooled_empirical_residual,empirical_residual,1.25,2026-06-09|04,4,26°C ≤ T < 27°C,26°C,26°C,26.0,27.0,False,False,True,False,10,99,0.101010101010101,True,False,False,False,0.01,0.1009090909090908,True,False,3,26°C,False,28.4,PASSED
2026-06-09|24h_prior,2026-06-09,24h_prior,external_test,pooled_empirical_residual,empirical_residual,1.25,2026-06-09|05,5,27°C ≤ T < 28°C,27°C,27°C,27.0,28.0,False,False,True,False,32,99,0.3232323232323232,True,False,False,False,0.01,0.3209090909090908,True,False,4,27°C,False,28.4,PASSED
2026-06-09|24h_prior,2026-06-09,24h_prior,external_test,pooled_empirical_residual,empirical_residual,1.25,2026-06-09|06,6,28°C ≤ T < 29°C,28°C,28°C,28.0,29.0,False,False,True,False,23,99,0.2323232323232323,True,False,False,False,0.01,0.2309090909090908,True,False,5,28°C,True,28.4,PASSED
2026-06-09|24h_prior,2026-06-09,24h_prior,external_test,pooled_empirical_residual,empirical_residual,1.25,2026-06-09|07,7,29°C ≤ T < 30°C,29°C,29°C,29.0,30.0,False,False,True,False,18,99,0.1818181818181818,True,False,False,False,0.01,0.1809090909090908,True,False,6,29°C,False,28.4,PASSED
2026-06-09|24h_prior,2026-06-09,24h_prior,external_test,pooled_empirical_residual,empirical_residual,1.25,2026-06-09|08,8,30°C ≤ T < 31°C,30°C,30°C,30.0,31.0,False,False,True,False,5,99,0.0505050505050505,True,False,False,False,0.01,0.0509090909090909,True,False,7,30°C,False,28.4,PASSED
2026-06-09|24h_prior,2026-06-09,24h_prior,external_test,pooled_empirical_residual,empirical_residual,1.25,2026-06-09|09,9,31°C ≤ T < 32°C,31°C,31°C,31.0,32.0,False,False,True,False,0,99,0.0,True,False,False,False,0.01,0.0009090909090909,True,False,8,31°C,False,28.4,PASSED
2026-06-09|24h_prior,2026-06-09,24h_prior,external_test,pooled_empirical_residual,empirical_residual,1.25,2026-06-09|10,10,32°C ≤ T < 33°C,32°C,32°C,32.0,33.0,False,False,True,False,0,99,0.0,True,False,False,False,0.01,0.0009090909090909,True,False,9,32°C,False,28.4,PASSED
2026-06-09|24h_prior,2026-06-09,24h_prior,external_test,pooled_empirical_residual,empirical_residual,1.25,2026-06-09|11,11,T ≥ 33°C,33°C or higher,33°C or higher,33.0,,False,True,True,False,0,99,0.0,True,False,False,False,0.01,0.0009090909090909,True,False,10,33°C or higher,False,28.4,PASSED
2026-06-09|6h_prior,2026-06-09,6h_prior,external_test,pooled_empirical_residual,empirical_residual,1.25,2026-06-09|01,1,T < 24°C,23°C or below,23°C or below,,24.0,True,False,True,False,0,99,0.0,True,False,False,False,0.01,0.0009090909090909,True,False,0,23°C or below,False,28.4,PASSED
2026-06-09|6h_prior,2026-06-09,6h_prior,external_test,pooled_empirical_residual,empirical_residual,1.25,2026-06-09|02,2,24°C ≤ T < 25°C,24°C,24°C,24.0,25.0,False,False,True,False,0,99,0.0,True,False,False,False,0.01,0.0009090909090909,True,False,1,24°C,False,28.4,PASSED
2026-06-09|6h_prior,2026-06-09,6h_prior,external_test,pooled_empirical_residual,empirical_residual,1.25,2026-06-09|03,3,25°C ≤ T < 26°C,25°C,25°C,25.0,26.0,False,False,True,False,3,99,0.0303030303030303,True,False,False,False,0.01,0.0309090909090909,True,False,2,25°C,False,28.4,PASSED
2026-06-09|6h_prior,2026-06-09,6h_prior,external_test,pooled_empirical_residual,empirical_residual,1.25,2026-06-09|04,4,26°C ≤ T < 27°C,26°C,26°C,26.0,27.0,False,False,True,False,10,99,0.101010101010101,True,False,False,False,0.01,0.1009090909090908,True,False,3,26°C,False,28.4,PASSED
2026-06-09|6h_prior,2026-06-09,6h_prior,external_test,pooled_empirical_residual,empirical_residual,1.25,2026-06-09|05,5,27°C ≤ T < 28°C,27°C,27°C,27.0,28.0,False,False,True,False,11,99,0.1111111111111111,True,False,False,False,0.01,0.1109090909090909,True,False,4,27°C,False,28.4,PASSED
2026-06-09|6h_prior,2026-06-09,6h_prior,external_test,pooled_empirical_residual,empirical_residual,1.25,2026-06-09|06,6,28°C ≤ T < 29°C,28°C,28°C,28.0,29.0,False,False,True,False,32,99,0.3232323232323232,True,False,False,False,0.01,0.3209090909090908,True,False,5,28°C,True,28.4,PASSED
2026-06-09|6h_prior,2026-06-09,6h_prior,external_test,pooled_empirical_residual,empirical_residual,1.25,2026-06-09|07,7,29°C ≤ T < 30°C,29°C,29°C,29.0,30.0,False,False,True,False,22,99,0.2222222222222222,True,False,False,False,0.01,0.2209090909090909,True,False,6,29°C,False,28.4,PASSED
2026-06-09|6h_prior,2026-06-09,6h_prior,external_test,pooled_empirical_residual,empirical_residual,1.25,2026-06-09|08,8,30°C ≤ T < 31°C,30°C,30°C,30.0,31.0,False,False,True,False,18,99,0.1818181818181818,True,False,False,False,0.01,0.1809090909090908,True,False,7,30°C,False,28.4,PASSED
2026-06-09|6h_prior,2026-06-09,6h_prior,external_test,pooled_empirical_residual,empirical_residual,1.25,2026-06-09|09,9,31°C ≤ T < 32°C,31°C,31°C,31.0,32.0,False,False,True,False,3,99,0.0303030303030303,True,False,False,False,0.01,0.0309090909090909,True,False,8,31°C,False,28.4,PASSED
2026-06-09|6h_prior,2026-06-09,6h_prior,external_test,pooled_empirical_residual,empirical_residual,1.25,2026-06-09|10,10,32°C ≤ T < 33°C,32°C,32°C,32.0,33.0,False,False,True,False,0,99,0.0,True,False,False,False,0.01,0.0009090909090909,True,False,9,32°C,False,28.4,PASSED
2026-06-09|6h_prior,2026-06-09,6h_prior,external_test,pooled_empirical_residual,empirical_residual,1.25,2026-06-09|11,11,T ≥ 33°C,33°C or higher,33°C or higher,33.0,,False,True,True,False,0,99,0.0,True,False,False,False,0.01,0.0009090909090909,True,False,10,33°C or higher,False,28.4,PASSED
2026-06-09|event_day_open,2026-06-09,event_day_open,external_test,pooled_empirical_residual,empirical_residual,1.25,2026-06-09|01,1,T < 24°C,23°C or below,23°C or below,,24.0,True,False,True,False,0,99,0.0,True,False,False,False,0.01,0.0009090909090909,True,False,0,23°C or below,False,28.4,PASSED
2026-06-09|event_day_open,2026-06-09,event_day_open,external_test,pooled_empirical_residual,empirical_residual,1.25,2026-06-09|02,2,24°C ≤ T < 25°C,24°C,24°C,24.0,25.0,False,False,True,False,0,99,0.0,True,False,False,False,0.01,0.0009090909090909,True,False,1,24°C,False,28.4,PASSED
2026-06-09|event_day_open,2026-06-09,event_day_open,external_test,pooled_empirical_residual,empirical_residual,1.25,2026-06-09|03,3,25°C ≤ T < 26°C,25°C,25°C,25.0,26.0,False,False,True,False,0,99,0.0,True,False,False,False,0.01,0.0009090909090909,True,False,2,25°C,False,28.4,PASSED
2026-06-09|event_day_open,2026-06-09,event_day_open,external_test,pooled_empirical_residual,empirical_residual,1.25,2026-06-09|04,4,26°C ≤ T < 27°C,26°C,26°C,26.0,27.0,False,False,True,False,0,99,0.0,True,False,False,False,0.01,0.0009090909090909,True,False,3,26°C,False,28.4,PASSED
2026-06-09|event_day_open,2026-06-09,event_day_open,external_test,pooled_empirical_residual,empirical_residual,1.25,2026-06-09|05,5,27°C ≤ T < 28°C,27°C,27°C,27.0,28.0,False,False,True,False,0,99,0.0,True,False,False,False,0.01,0.0009090909090909,True,False,4,27°C,False,28.4,PASSED
2026-06-09|event_day_open,2026-06-09,event_day_open,external_test,pooled_empirical_residual,empirical_residual,1.25,2026-06-09|06,6,28°C ≤ T < 29°C,28°C,28°C,28.0,29.0,False,False,True,False,4,99,0.0404040404040404,True,False,False,False,0.01,0.0409090909090909,True,False,5,28°C,True,28.4,PASSED
2026-06-09|event_day_open,2026-06-09,event_day_open,external_test,pooled_empirical_residual,empirical_residual,1.25,2026-06-09|07,7,29°C ≤ T < 30°C,29°C,29°C,29.0,30.0,False,False,True,False,9,99,0.0909090909090909,True,False,False,False,0.01,0.0909090909090909,True,False,6,29°C,False,28.4,PASSED
2026-06-09|event_day_open,2026-06-09,event_day_open,external_test,pooled_empirical_residual,empirical_residual,1.25,2026-06-09|08,8,30°C ≤ T < 31°C,30°C,30°C,30.0,31.0,False,False,True,False,17,99,0.1717171717171717,True,False,False,False,0.01,0.1709090909090909,True,False,7,30°C,False,28.4,PASSED
2026-06-09|event_day_open,2026-06-09,event_day_open,external_test,pooled_empirical_residual,empirical_residual,1.25,2026-06-09|09,9,31°C ≤ T < 32°C,31°C,31°C,31.0,32.0,False,False,True,False,32,99,0.3232323232323232,True,False,False,False,0.01,0.3209090909090908,True,False,8,31°C,False,28.4,PASSED
2026-06-09|event_day_open,2026-06-09,event_day_open,external_test,pooled_empirical_residual,empirical_residual,1.25,2026-06-09|10,10,32°C ≤ T < 33°C,32°C,32°C,32.0,33.0,False,False,True,False,24,99,0.2424242424242424,True,False,False,False,0.01,0.2409090909090908,True,False,9,32°C,False,28.4,PASSED
2026-06-09|event_day_open,2026-06-09,event_day_open,external_test,pooled_empirical_residual,empirical_residual,1.25,2026-06-09|11,11,T ≥ 33°C,33°C or higher,33°C or higher,33.0,,False,True,True,False,13,99,0.1313131313131313,True,False,False,False,0.01,0.1309090909090909,True,False,10,33°C or higher,False,28.4,PASSED
2026-06-10|12h_prior,2026-06-10,12h_prior,external_test,pooled_empirical_residual,empirical_residual,1.25,2026-06-10|01,1,T < 25°C,24°C or below,24°C or below,,25.0,True,False,True,False,0,99,0.0,True,False,False,False,0.01,0.0009090909090909,True,False,0,24°C or below,False,28.6,PASSED
2026-06-10|12h_prior,2026-06-10,12h_prior,external_test,pooled_empirical_residual,empirical_residual,1.25,2026-06-10|02,2,25°C ≤ T < 26°C,25°C,25°C,25.0,26.0,False,False,True,False,0,99,0.0,True,False,False,False,0.01,0.0009090909090909,True,False,1,25°C,False,28.6,PASSED
2026-06-10|12h_prior,2026-06-10,12h_prior,external_test,pooled_empirical_residual,empirical_residual,1.25,2026-06-10|03,3,26°C ≤ T < 27°C,26°C,26°C,26.0,27.0,False,False,True,False,4,99,0.0404040404040404,True,False,False,False,0.01,0.0409090909090909,True,False,2,26°C,False,28.6,PASSED
2026-06-10|12h_prior,2026-06-10,12h_prior,external_test,pooled_empirical_residual,empirical_residual,1.25,2026-06-10|04,4,27°C ≤ T < 28°C,27°C,27°C,27.0,28.0,False,False,True,False,9,99,0.0909090909090909,True,False,False,False,0.01,0.0909090909090909,True,False,3,27°C,False,28.6,PASSED
2026-06-10|12h_prior,2026-06-10,12h_prior,external_test,pooled_empirical_residual,empirical_residual,1.25,2026-06-10|05,5,28°C ≤ T < 29°C,28°C,28°C,28.0,29.0,False,False,True,False,15,99,0.1515151515151515,True,False,False,False,0.01,0.1509090909090908,True,False,4,28°C,True,28.6,PASSED
2026-06-10|12h_prior,2026-06-10,12h_prior,external_test,pooled_empirical_residual,empirical_residual,1.25,2026-06-10|06,6,29°C ≤ T < 30°C,29°C,29°C,29.0,30.0,False,False,True,False,32,99,0.3232323232323232,True,False,False,False,0.01,0.3209090909090908,True,False,5,29°C,False,28.6,PASSED
2026-06-10|12h_prior,2026-06-10,12h_prior,external_test,pooled_empirical_residual,empirical_residual,1.25,2026-06-10|07,7,30°C ≤ T < 31°C,30°C,30°C,30.0,31.0,False,False,True,False,22,99,0.2222222222222222,True,False,False,False,0.01,0.2209090909090909,True,False,6,30°C,False,28.6,PASSED
2026-06-10|12h_prior,2026-06-10,12h_prior,external_test,pooled_empirical_residual,empirical_residual,1.25,2026-06-10|08,8,31°C ≤ T < 32°C,31°C,31°C,31.0,32.0,False,False,True,False,15,99,0.1515151515151515,True,False,False,False,0.01,0.1509090909090908,True,False,7,31°C,False,28.6,PASSED
2026-06-10|12h_prior,2026-06-10,12h_prior,external_test,pooled_empirical_residual,empirical_residual,1.25,2026-06-10|09,9,32°C ≤ T < 33°C,32°C,32°C,32.0,33.0,False,False,True,False,2,99,0.0202020202020202,True,False,False,False,0.01,0.0209090909090909,True,False,8,32°C,False,28.6,PASSED
2026-06-10|12h_prior,2026-06-10,12h_prior,external_test,pooled_empirical_residual,empirical_residual,1.25,2026-06-10|10,10,33°C ≤ T < 34°C,33°C,33°C,33.0,34.0,False,False,True,False,0,99,0.0,True,False,False,False,0.01,0.0009090909090909,True,False,9,33°C,False,28.6,PASSED
2026-06-10|12h_prior,2026-06-10,12h_prior,external_test,pooled_empirical_residual,empirical_residual,1.25,2026-06-10|11,11,T ≥ 34°C,34°C or higher,34°C or higher,34.0,,False,True,True,False,0,99,0.0,True,False,False,False,0.01,0.0009090909090909,True,False,10,34°C or higher,False,28.6,PASSED
2026-06-10|24h_prior,2026-06-10,24h_prior,external_test,pooled_empirical_residual,empirical_residual,1.25,2026-06-10|01,1,T < 25°C,24°C or below,24°C or below,,25.0,True,False,True,False,0,99,0.0,True,False,False,False,0.01,0.0009090909090909,True,False,0,24°C or below,False,28.6,PASSED
2026-06-10|24h_prior,2026-06-10,24h_prior,external_test,pooled_empirical_residual,empirical_residual,1.25,2026-06-10|02,2,25°C ≤ T < 26°C,25°C,25°C,25.0,26.0,False,False,True,False,0,99,0.0,True,False,False,False,0.01,0.0009090909090909,True,False,1,25°C,False,28.6,PASSED
2026-06-10|24h_prior,2026-06-10,24h_prior,external_test,pooled_empirical_residual,empirical_residual,1.25,2026-06-10|03,3,26°C ≤ T < 27°C,26°C,26°C,26.0,27.0,False,False,True,False,0,99,0.0,True,False,False,False,0.01,0.0009090909090909,True,False,2,26°C,False,28.6,PASSED
2026-06-10|24h_prior,2026-06-10,24h_prior,external_test,pooled_empirical_residual,empirical_residual,1.25,2026-06-10|04,4,27°C ≤ T < 28°C,27°C,27°C,27.0,28.0,False,False,True,False,1,99,0.0101010101010101,True,False,False,False,0.01,0.0109090909090909,True,False,3,27°C,False,28.6,PASSED
2026-06-10|24h_prior,2026-06-10,24h_prior,external_test,pooled_empirical_residual,empirical_residual,1.25,2026-06-10|05,5,28°C ≤ T < 29°C,28°C,28°C,28.0,29.0,False,False,True,False,8,99,0.0808080808080808,True,False,False,False,0.01,0.0809090909090909,True,False,4,28°C,True,28.6,PASSED
2026-06-10|24h_prior,2026-06-10,24h_prior,external_test,pooled_empirical_residual,empirical_residual,1.25,2026-06-10|06,6,29°C ≤ T < 30°C,29°C,29°C,29.0,30.0,False,False,True,False,10,99,0.101010101010101,True,False,False,False,0.01,0.1009090909090908,True,False,5,29°C,False,28.6,PASSED
2026-06-10|24h_prior,2026-06-10,24h_prior,external_test,pooled_empirical_residual,empirical_residual,1.25,2026-06-10|07,7,30°C ≤ T < 31°C,30°C,30°C,30.0,31.0,False,False,True,False,28,99,0.2828282828282828,True,False,False,False,0.01,0.2809090909090909,True,False,6,30°C,False,28.6,PASSED
2026-06-10|24h_prior,2026-06-10,24h_prior,external_test,pooled_empirical_residual,empirical_residual,1.25,2026-06-10|08,8,31°C ≤ T < 32°C,31°C,31°C,31.0,32.0,False,False,True,False,25,99,0.2525252525252525,True,False,False,False,0.01,0.2509090909090908,True,False,7,31°C,False,28.6,PASSED
2026-06-10|24h_prior,2026-06-10,24h_prior,external_test,pooled_empirical_residual,empirical_residual,1.25,2026-06-10|09,9,32°C ≤ T < 33°C,32°C,32°C,32.0,33.0,False,False,True,False,20,99,0.202020202020202,True,False,False,False,0.01,0.2009090909090908,True,False,8,32°C,False,28.6,PASSED
2026-06-10|24h_prior,2026-06-10,24h_prior,external_test,pooled_empirical_residual,empirical_residual,1.25,2026-06-10|10,10,33°C ≤ T < 34°C,33°C,33°C,33.0,34.0,False,False,True,False,6,99,0.0606060606060606,True,False,False,False,0.01,0.0609090909090909,True,False,9,33°C,False,28.6,PASSED
2026-06-10|24h_prior,2026-06-10,24h_prior,external_test,pooled_empirical_residual,empirical_residual,1.25,2026-06-10|11,11,T ≥ 34°C,34°C or higher,34°C or higher,34.0,,False,True,True,False,1,99,0.0101010101010101,True,False,False,False,0.01,0.0109090909090909,True,False,10,34°C or higher,False,28.6,PASSED
2026-06-10|6h_prior,2026-06-10,6h_prior,external_test,pooled_empirical_residual,empirical_residual,1.25,2026-06-10|01,1,T < 25°C,24°C or below,24°C or below,,25.0,True,False,True,False,0,99,0.0,True,False,False,False,0.01,0.0009090909090909,True,False,0,24°C or below,False,28.6,PASSED
2026-06-10|6h_prior,2026-06-10,6h_prior,external_test,pooled_empirical_residual,empirical_residual,1.25,2026-06-10|02,2,25°C ≤ T < 26°C,25°C,25°C,25.0,26.0,False,False,True,False,0,99,0.0,True,False,False,False,0.01,0.0009090909090909,True,False,1,25°C,False,28.6,PASSED
2026-06-10|6h_prior,2026-06-10,6h_prior,external_test,pooled_empirical_residual,empirical_residual,1.25,2026-06-10|03,3,26°C ≤ T < 27°C,26°C,26°C,26.0,27.0,False,False,True,False,4,99,0.0404040404040404,True,False,False,False,0.01,0.0409090909090909,True,False,2,26°C,False,28.6,PASSED
2026-06-10|6h_prior,2026-06-10,6h_prior,external_test,pooled_empirical_residual,empirical_residual,1.25,2026-06-10|04,4,27°C ≤ T < 28°C,27°C,27°C,27.0,28.0,False,False,True,False,9,99,0.0909090909090909,True,False,False,False,0.01,0.0909090909090909,True,False,3,27°C,False,28.6,PASSED
2026-06-10|6h_prior,2026-06-10,6h_prior,external_test,pooled_empirical_residual,empirical_residual,1.25,2026-06-10|05,5,28°C ≤ T < 29°C,28°C,28°C,28.0,29.0,False,False,True,False,17,99,0.1717171717171717,True,False,False,False,0.01,0.1709090909090909,True,False,4,28°C,True,28.6,PASSED
2026-06-10|6h_prior,2026-06-10,6h_prior,external_test,pooled_empirical_residual,empirical_residual,1.25,2026-06-10|06,6,29°C ≤ T < 30°C,29°C,29°C,29.0,30.0,False,False,True,False,32,99,0.3232323232323232,True,False,False,False,0.01,0.3209090909090908,True,False,5,29°C,False,28.6,PASSED
2026-06-10|6h_prior,2026-06-10,6h_prior,external_test,pooled_empirical_residual,empirical_residual,1.25,2026-06-10|07,7,30°C ≤ T < 31°C,30°C,30°C,30.0,31.0,False,False,True,False,24,99,0.2424242424242424,True,False,False,False,0.01,0.2409090909090908,True,False,6,30°C,False,28.6,PASSED
2026-06-10|6h_prior,2026-06-10,6h_prior,external_test,pooled_empirical_residual,empirical_residual,1.25,2026-06-10|08,8,31°C ≤ T < 32°C,31°C,31°C,31.0,32.0,False,False,True,False,11,99,0.1111111111111111,True,False,False,False,0.01,0.1109090909090909,True,False,7,31°C,False,28.6,PASSED
2026-06-10|6h_prior,2026-06-10,6h_prior,external_test,pooled_empirical_residual,empirical_residual,1.25,2026-06-10|09,9,32°C ≤ T < 33°C,32°C,32°C,32.0,33.0,False,False,True,False,2,99,0.0202020202020202,True,False,False,False,0.01,0.0209090909090909,True,False,8,32°C,False,28.6,PASSED
2026-06-10|6h_prior,2026-06-10,6h_prior,external_test,pooled_empirical_residual,empirical_residual,1.25,2026-06-10|10,10,33°C ≤ T < 34°C,33°C,33°C,33.0,34.0,False,False,True,False,0,99,0.0,True,False,False,False,0.01,0.0009090909090909,True,False,9,33°C,False,28.6,PASSED
2026-06-10|6h_prior,2026-06-10,6h_prior,external_test,pooled_empirical_residual,empirical_residual,1.25,2026-06-10|11,11,T ≥ 34°C,34°C or higher,34°C or higher,34.0,,False,True,True,False,0,99,0.0,True,False,False,False,0.01,0.0009090909090909,True,False,10,34°C or higher,False,28.6,PASSED
2026-06-10|event_day_open,2026-06-10,event_day_open,external_test,pooled_empirical_residual,empirical_residual,1.25,2026-06-10|01,1,T < 25°C,24°C or below,24°C or below,,25.0,True,False,True,False,0,99,0.0,True,False,False,False,0.01,0.0009090909090909,True,False,0,24°C or below,False,28.6,PASSED
2026-06-10|event_day_open,2026-06-10,event_day_open,external_test,pooled_empirical_residual,empirical_residual,1.25,2026-06-10|02,2,25°C ≤ T < 26°C,25°C,25°C,25.0,26.0,False,False,True,False,0,99,0.0,True,False,False,False,0.01,0.0009090909090909,True,False,1,25°C,False,28.6,PASSED
2026-06-10|event_day_open,2026-06-10,event_day_open,external_test,pooled_empirical_residual,empirical_residual,1.25,2026-06-10|03,3,26°C ≤ T < 27°C,26°C,26°C,26.0,27.0,False,False,True,False,1,99,0.0101010101010101,True,False,False,False,0.01,0.0109090909090909,True,False,2,26°C,False,28.6,PASSED
2026-06-10|event_day_open,2026-06-10,event_day_open,external_test,pooled_empirical_residual,empirical_residual,1.25,2026-06-10|04,4,27°C ≤ T < 28°C,27°C,27°C,27.0,28.0,False,False,True,False,8,99,0.0808080808080808,True,False,False,False,0.01,0.0809090909090909,True,False,3,27°C,False,28.6,PASSED
2026-06-10|event_day_open,2026-06-10,event_day_open,external_test,pooled_empirical_residual,empirical_residual,1.25,2026-06-10|05,5,28°C ≤ T < 29°C,28°C,28°C,28.0,29.0,False,False,True,False,10,99,0.101010101010101,True,False,False,False,0.01,0.1009090909090908,True,False,4,28°C,True,28.6,PASSED
2026-06-10|event_day_open,2026-06-10,event_day_open,external_test,pooled_empirical_residual,empirical_residual,1.25,2026-06-10|06,6,29°C ≤ T < 30°C,29°C,29°C,29.0,30.0,False,False,True,False,28,99,0.2828282828282828,True,False,False,False,0.01,0.2809090909090909,True,False,5,29°C,False,28.6,PASSED
2026-06-10|event_day_open,2026-06-10,event_day_open,external_test,pooled_empirical_residual,empirical_residual,1.25,2026-06-10|07,7,30°C ≤ T < 31°C,30°C,30°C,30.0,31.0,False,False,True,False,25,99,0.2525252525252525,True,False,False,False,0.01,0.2509090909090908,True,False,6,30°C,False,28.6,PASSED
2026-06-10|event_day_open,2026-06-10,event_day_open,external_test,pooled_empirical_residual,empirical_residual,1.25,2026-06-10|08,8,31°C ≤ T < 32°C,31°C,31°C,31.0,32.0,False,False,True,False,21,99,0.2121212121212121,True,False,False,False,0.01,0.2109090909090908,True,False,7,31°C,False,28.6,PASSED
2026-06-10|event_day_open,2026-06-10,event_day_open,external_test,pooled_empirical_residual,empirical_residual,1.25,2026-06-10|09,9,32°C ≤ T < 33°C,32°C,32°C,32.0,33.0,False,False,True,False,6,99,0.0606060606060606,True,False,False,False,0.01,0.0609090909090909,True,False,8,32°C,False,28.6,PASSED
2026-06-10|event_day_open,2026-06-10,event_day_open,external_test,pooled_empirical_residual,empirical_residual,1.25,2026-06-10|10,10,33°C ≤ T < 34°C,33°C,33°C,33.0,34.0,False,False,True,False,0,99,0.0,True,False,False,False,0.01,0.0009090909090909,True,False,9,33°C,False,28.6,PASSED
2026-06-10|event_day_open,2026-06-10,event_day_open,external_test,pooled_empirical_residual,empirical_residual,1.25,2026-06-10|11,11,T ≥ 34°C,34°C or higher,34°C or higher,34.0,,False,True,True,False,0,99,0.0,True,False,False,False,0.01,0.0009090909090909,True,False,10,34°C or higher,False,28.6,PASSED
2026-06-11|12h_prior,2026-06-11,12h_prior,external_test,pooled_empirical_residual,empirical_residual,1.25,2026-06-11|01,1,T < 24°C,23°C or below,23°C or below,,24.0,True,False,True,False,0,99,0.0,True,False,False,False,0.01,0.0009090909090909,True,False,0,23°C or below,False,29.0,PASSED
2026-06-11|12h_prior,2026-06-11,12h_prior,external_test,pooled_empirical_residual,empirical_residual,1.25,2026-06-11|02,2,24°C ≤ T < 25°C,24°C,24°C,24.0,25.0,False,False,True,False,0,99,0.0,True,False,False,False,0.01,0.0009090909090909,True,False,1,24°C,False,29.0,PASSED
2026-06-11|12h_prior,2026-06-11,12h_prior,external_test,pooled_empirical_residual,empirical_residual,1.25,2026-06-11|03,3,25°C ≤ T < 26°C,25°C,25°C,25.0,26.0,False,False,True,False,4,99,0.0404040404040404,True,False,False,False,0.01,0.0409090909090909,True,False,2,25°C,False,29.0,PASSED
2026-06-11|12h_prior,2026-06-11,12h_prior,external_test,pooled_empirical_residual,empirical_residual,1.25,2026-06-11|04,4,26°C ≤ T < 27°C,26°C,26°C,26.0,27.0,False,False,True,False,9,99,0.0909090909090909,True,False,False,False,0.01,0.0909090909090909,True,False,3,26°C,False,29.0,PASSED
2026-06-11|12h_prior,2026-06-11,12h_prior,external_test,pooled_empirical_residual,empirical_residual,1.25,2026-06-11|05,5,27°C ≤ T < 28°C,27°C,27°C,27.0,28.0,False,False,True,False,17,99,0.1717171717171717,True,False,False,False,0.01,0.1709090909090909,True,False,4,27°C,False,29.0,PASSED
2026-06-11|12h_prior,2026-06-11,12h_prior,external_test,pooled_empirical_residual,empirical_residual,1.25,2026-06-11|06,6,28°C ≤ T < 29°C,28°C,28°C,28.0,29.0,False,False,True,False,32,99,0.3232323232323232,True,False,False,False,0.01,0.3209090909090908,True,False,5,28°C,False,29.0,PASSED
2026-06-11|12h_prior,2026-06-11,12h_prior,external_test,pooled_empirical_residual,empirical_residual,1.25,2026-06-11|07,7,29°C ≤ T < 30°C,29°C,29°C,29.0,30.0,False,False,True,False,24,99,0.2424242424242424,True,False,False,False,0.01,0.2409090909090908,True,False,6,29°C,True,29.0,PASSED
2026-06-11|12h_prior,2026-06-11,12h_prior,external_test,pooled_empirical_residual,empirical_residual,1.25,2026-06-11|08,8,30°C ≤ T < 31°C,30°C,30°C,30.0,31.0,False,False,True,False,11,99,0.1111111111111111,True,False,False,False,0.01,0.1109090909090909,True,False,7,30°C,False,29.0,PASSED
2026-06-11|12h_prior,2026-06-11,12h_prior,external_test,pooled_empirical_residual,empirical_residual,1.25,2026-06-11|09,9,31°C ≤ T < 32°C,31°C,31°C,31.0,32.0,False,False,True,False,2,99,0.0202020202020202,True,False,False,False,0.01,0.0209090909090909,True,False,8,31°C,False,29.0,PASSED
2026-06-11|12h_prior,2026-06-11,12h_prior,external_test,pooled_empirical_residual,empirical_residual,1.25,2026-06-11|10,10,32°C ≤ T < 33°C,32°C,32°C,32.0,33.0,False,False,True,False,0,99,0.0,True,False,False,False,0.01,0.0009090909090909,True,False,9,32°C,False,29.0,PASSED
2026-06-11|12h_prior,2026-06-11,12h_prior,external_test,pooled_empirical_residual,empirical_residual,1.25,2026-06-11|11,11,T ≥ 33°C,33°C or higher,33°C or higher,33.0,,False,True,True,False,0,99,0.0,True,False,False,False,0.01,0.0009090909090909,True,False,10,33°C or higher,False,29.0,PASSED
2026-06-11|24h_prior,2026-06-11,24h_prior,external_test,pooled_empirical_residual,empirical_residual,1.25,2026-06-11|01,1,T < 24°C,23°C or below,23°C or below,,24.0,True,False,True,False,0,99,0.0,True,False,False,False,0.01,0.0009090909090909,True,False,0,23°C or below,False,29.0,PASSED
2026-06-11|24h_prior,2026-06-11,24h_prior,external_test,pooled_empirical_residual,empirical_residual,1.25,2026-06-11|02,2,24°C ≤ T < 25°C,24°C,24°C,24.0,25.0,False,False,True,False,0,99,0.0,True,False,False,False,0.01,0.0009090909090909,True,False,1,24°C,False,29.0,PASSED
2026-06-11|24h_prior,2026-06-11,24h_prior,external_test,pooled_empirical_residual,empirical_residual,1.25,2026-06-11|03,3,25°C ≤ T < 26°C,25°C,25°C,25.0,26.0,False,False,True,False,2,99,0.0202020202020202,True,False,False,False,0.01,0.0209090909090909,True,False,2,25°C,False,29.0,PASSED
2026-06-11|24h_prior,2026-06-11,24h_prior,external_test,pooled_empirical_residual,empirical_residual,1.25,2026-06-11|04,4,26°C ≤ T < 27°C,26°C,26°C,26.0,27.0,False,False,True,False,9,99,0.0909090909090909,True,False,False,False,0.01,0.0909090909090909,True,False,3,26°C,False,29.0,PASSED
2026-06-11|24h_prior,2026-06-11,24h_prior,external_test,pooled_empirical_residual,empirical_residual,1.25,2026-06-11|05,5,27°C ≤ T < 28°C,27°C,27°C,27.0,28.0,False,False,True,False,10,99,0.101010101010101,True,False,False,False,0.01,0.1009090909090908,True,False,4,27°C,False,29.0,PASSED
2026-06-11|24h_prior,2026-06-11,24h_prior,external_test,pooled_empirical_residual,empirical_residual,1.25,2026-06-11|06,6,28°C ≤ T < 29°C,28°C,28°C,28.0,29.0,False,False,True,False,32,99,0.3232323232323232,True,False,False,False,0.01,0.3209090909090908,True,False,5,28°C,False,29.0,PASSED
2026-06-11|24h_prior,2026-06-11,24h_prior,external_test,pooled_empirical_residual,empirical_residual,1.25,2026-06-11|07,7,29°C ≤ T < 30°C,29°C,29°C,29.0,30.0,False,False,True,False,23,99,0.2323232323232323,True,False,False,False,0.01,0.2309090909090908,True,False,6,29°C,True,29.0,PASSED
2026-06-11|24h_prior,2026-06-11,24h_prior,external_test,pooled_empirical_residual,empirical_residual,1.25,2026-06-11|08,8,30°C ≤ T < 31°C,30°C,30°C,30.0,31.0,False,False,True,False,18,99,0.1818181818181818,True,False,False,False,0.01,0.1809090909090908,True,False,7,30°C,False,29.0,PASSED
2026-06-11|24h_prior,2026-06-11,24h_prior,external_test,pooled_empirical_residual,empirical_residual,1.25,2026-06-11|09,9,31°C ≤ T < 32°C,31°C,31°C,31.0,32.0,False,False,True,False,5,99,0.0505050505050505,True,False,False,False,0.01,0.0509090909090909,True,False,8,31°C,False,29.0,PASSED
2026-06-11|24h_prior,2026-06-11,24h_prior,external_test,pooled_empirical_residual,empirical_residual,1.25,2026-06-11|10,10,32°C ≤ T < 33°C,32°C,32°C,32.0,33.0,False,False,True,False,0,99,0.0,True,False,False,False,0.01,0.0009090909090909,True,False,9,32°C,False,29.0,PASSED
2026-06-11|24h_prior,2026-06-11,24h_prior,external_test,pooled_empirical_residual,empirical_residual,1.25,2026-06-11|11,11,T ≥ 33°C,33°C or higher,33°C or higher,33.0,,False,True,True,False,0,99,0.0,True,False,False,False,0.01,0.0009090909090909,True,False,10,33°C or higher,False,29.0,PASSED
2026-06-11|6h_prior,2026-06-11,6h_prior,external_test,pooled_empirical_residual,empirical_residual,1.25,2026-06-11|01,1,T < 24°C,23°C or below,23°C or below,,24.0,True,False,True,False,0,99,0.0,True,False,False,False,0.01,0.0009090909090909,True,False,0,23°C or below,False,29.0,PASSED
2026-06-11|6h_prior,2026-06-11,6h_prior,external_test,pooled_empirical_residual,empirical_residual,1.25,2026-06-11|02,2,24°C ≤ T < 25°C,24°C,24°C,24.0,25.0,False,False,True,False,0,99,0.0,True,False,False,False,0.01,0.0009090909090909,True,False,1,24°C,False,29.0,PASSED
2026-06-11|6h_prior,2026-06-11,6h_prior,external_test,pooled_empirical_residual,empirical_residual,1.25,2026-06-11|03,3,25°C ≤ T < 26°C,25°C,25°C,25.0,26.0,False,False,True,False,0,99,0.0,True,False,False,False,0.01,0.0009090909090909,True,False,2,25°C,False,29.0,PASSED
2026-06-11|6h_prior,2026-06-11,6h_prior,external_test,pooled_empirical_residual,empirical_residual,1.25,2026-06-11|04,4,26°C ≤ T < 27°C,26°C,26°C,26.0,27.0,False,False,True,False,4,99,0.0404040404040404,True,False,False,False,0.01,0.0409090909090909,True,False,3,26°C,False,29.0,PASSED
2026-06-11|6h_prior,2026-06-11,6h_prior,external_test,pooled_empirical_residual,empirical_residual,1.25,2026-06-11|05,5,27°C ≤ T < 28°C,27°C,27°C,27.0,28.0,False,False,True,False,9,99,0.0909090909090909,True,False,False,False,0.01,0.0909090909090909,True,False,4,27°C,False,29.0,PASSED
2026-06-11|6h_prior,2026-06-11,6h_prior,external_test,pooled_empirical_residual,empirical_residual,1.25,2026-06-11|06,6,28°C ≤ T < 29°C,28°C,28°C,28.0,29.0,False,False,True,False,17,99,0.1717171717171717,True,False,False,False,0.01,0.1709090909090909,True,False,5,28°C,False,29.0,PASSED
2026-06-11|6h_prior,2026-06-11,6h_prior,external_test,pooled_empirical_residual,empirical_residual,1.25,2026-06-11|07,7,29°C ≤ T < 30°C,29°C,29°C,29.0,30.0,False,False,True,False,32,99,0.3232323232323232,True,False,False,False,0.01,0.3209090909090908,True,False,6,29°C,True,29.0,PASSED
2026-06-11|6h_prior,2026-06-11,6h_prior,external_test,pooled_empirical_residual,empirical_residual,1.25,2026-06-11|08,8,30°C ≤ T < 31°C,30°C,30°C,30.0,31.0,False,False,True,False,24,99,0.2424242424242424,True,False,False,False,0.01,0.2409090909090908,True,False,7,30°C,False,29.0,PASSED
2026-06-11|6h_prior,2026-06-11,6h_prior,external_test,pooled_empirical_residual,empirical_residual,1.25,2026-06-11|09,9,31°C ≤ T < 32°C,31°C,31°C,31.0,32.0,False,False,True,False,11,99,0.1111111111111111,True,False,False,False,0.01,0.1109090909090909,True,False,8,31°C,False,29.0,PASSED
2026-06-11|6h_prior,2026-06-11,6h_prior,external_test,pooled_empirical_residual,empirical_residual,1.25,2026-06-11|10,10,32°C ≤ T < 33°C,32°C,32°C,32.0,33.0,False,False,True,False,2,99,0.0202020202020202,True,False,False,False,0.01,0.0209090909090909,True,False,9,32°C,False,29.0,PASSED
2026-06-11|6h_prior,2026-06-11,6h_prior,external_test,pooled_empirical_residual,empirical_residual,1.25,2026-06-11|11,11,T ≥ 33°C,33°C or higher,33°C or higher,33.0,,False,True,True,False,0,99,0.0,True,False,False,False,0.01,0.0009090909090909,True,False,10,33°C or higher,False,29.0,PASSED
2026-06-11|event_day_open,2026-06-11,event_day_open,external_test,pooled_empirical_residual,empirical_residual,1.25,2026-06-11|01,1,T < 24°C,23°C or below,23°C or below,,24.0,True,False,True,False,0,99,0.0,True,False,False,False,0.01,0.0009090909090909,True,False,0,23°C or below,False,29.0,PASSED
2026-06-11|event_day_open,2026-06-11,event_day_open,external_test,pooled_empirical_residual,empirical_residual,1.25,2026-06-11|02,2,24°C ≤ T < 25°C,24°C,24°C,24.0,25.0,False,False,True,False,0,99,0.0,True,False,False,False,0.01,0.0009090909090909,True,False,1,24°C,False,29.0,PASSED
2026-06-11|event_day_open,2026-06-11,event_day_open,external_test,pooled_empirical_residual,empirical_residual,1.25,2026-06-11|03,3,25°C ≤ T < 26°C,25°C,25°C,25.0,26.0,False,False,True,False,0,99,0.0,True,False,False,False,0.01,0.0009090909090909,True,False,2,25°C,False,29.0,PASSED
2026-06-11|event_day_open,2026-06-11,event_day_open,external_test,pooled_empirical_residual,empirical_residual,1.25,2026-06-11|04,4,26°C ≤ T < 27°C,26°C,26°C,26.0,27.0,False,False,True,False,0,99,0.0,True,False,False,False,0.01,0.0009090909090909,True,False,3,26°C,False,29.0,PASSED
2026-06-11|event_day_open,2026-06-11,event_day_open,external_test,pooled_empirical_residual,empirical_residual,1.25,2026-06-11|05,5,27°C ≤ T < 28°C,27°C,27°C,27.0,28.0,False,False,True,False,6,99,0.0606060606060606,True,False,False,False,0.01,0.0609090909090909,True,False,4,27°C,False,29.0,PASSED
2026-06-11|event_day_open,2026-06-11,event_day_open,external_test,pooled_empirical_residual,empirical_residual,1.25,2026-06-11|06,6,28°C ≤ T < 29°C,28°C,28°C,28.0,29.0,False,False,True,False,10,99,0.101010101010101,True,False,False,False,0.01,0.1009090909090908,True,False,5,28°C,False,29.0,PASSED
2026-06-11|event_day_open,2026-06-11,event_day_open,external_test,pooled_empirical_residual,empirical_residual,1.25,2026-06-11|07,7,29°C ≤ T < 30°C,29°C,29°C,29.0,30.0,False,False,True,False,21,99,0.2121212121212121,True,False,False,False,0.01,0.2109090909090908,True,False,6,29°C,True,29.0,PASSED
2026-06-11|event_day_open,2026-06-11,event_day_open,external_test,pooled_empirical_residual,empirical_residual,1.25,2026-06-11|08,8,30°C ≤ T < 31°C,30°C,30°C,30.0,31.0,False,False,True,False,29,99,0.2929292929292929,True,False,False,False,0.01,0.2909090909090908,True,False,7,30°C,False,29.0,PASSED
2026-06-11|event_day_open,2026-06-11,event_day_open,external_test,pooled_empirical_residual,empirical_residual,1.25,2026-06-11|09,9,31°C ≤ T < 32°C,31°C,31°C,31.0,32.0,False,False,True,False,24,99,0.2424242424242424,True,False,False,False,0.01,0.2409090909090908,True,False,8,31°C,False,29.0,PASSED
2026-06-11|event_day_open,2026-06-11,event_day_open,external_test,pooled_empirical_residual,empirical_residual,1.25,2026-06-11|10,10,32°C ≤ T < 33°C,32°C,32°C,32.0,33.0,False,False,True,False,8,99,0.0808080808080808,True,False,False,False,0.01,0.0809090909090909,True,False,9,32°C,False,29.0,PASSED
2026-06-11|event_day_open,2026-06-11,event_day_open,external_test,pooled_empirical_residual,empirical_residual,1.25,2026-06-11|11,11,T ≥ 33°C,33°C or higher,33°C or higher,33.0,,False,True,True,False,1,99,0.0101010101010101,True,False,False,False,0.01,0.0109090909090909,True,False,10,33°C or higher,False,29.0,PASSED
2026-06-12|12h_prior,2026-06-12,12h_prior,external_test,pooled_empirical_residual,empirical_residual,1.25,2026-06-12|01,1,T < 24°C,23°C or below,23°C or below,,24.0,True,False,True,False,0,99,0.0,True,False,False,False,0.01,0.0009090909090909,True,False,0,23°C or below,False,30.4,PASSED
2026-06-12|12h_prior,2026-06-12,12h_prior,external_test,pooled_empirical_residual,empirical_residual,1.25,2026-06-12|02,2,24°C ≤ T < 25°C,24°C,24°C,24.0,25.0,False,False,True,False,0,99,0.0,True,False,False,False,0.01,0.0009090909090909,True,False,1,24°C,False,30.4,PASSED
2026-06-12|12h_prior,2026-06-12,12h_prior,external_test,pooled_empirical_residual,empirical_residual,1.25,2026-06-12|03,3,25°C ≤ T < 26°C,25°C,25°C,25.0,26.0,False,False,True,False,0,99,0.0,True,False,False,False,0.01,0.0009090909090909,True,False,2,25°C,False,30.4,PASSED
2026-06-12|12h_prior,2026-06-12,12h_prior,external_test,pooled_empirical_residual,empirical_residual,1.25,2026-06-12|04,4,26°C ≤ T < 27°C,26°C,26°C,26.0,27.0,False,False,True,False,1,99,0.0101010101010101,True,False,False,False,0.01,0.0109090909090909,True,False,3,26°C,False,30.4,PASSED
2026-06-12|12h_prior,2026-06-12,12h_prior,external_test,pooled_empirical_residual,empirical_residual,1.25,2026-06-12|05,5,27°C ≤ T < 28°C,27°C,27°C,27.0,28.0,False,False,True,False,8,99,0.0808080808080808,True,False,False,False,0.01,0.0809090909090909,True,False,4,27°C,False,30.4,PASSED
2026-06-12|12h_prior,2026-06-12,12h_prior,external_test,pooled_empirical_residual,empirical_residual,1.25,2026-06-12|06,6,28°C ≤ T < 29°C,28°C,28°C,28.0,29.0,False,False,True,False,10,99,0.101010101010101,True,False,False,False,0.01,0.1009090909090908,True,False,5,28°C,False,30.4,PASSED
2026-06-12|12h_prior,2026-06-12,12h_prior,external_test,pooled_empirical_residual,empirical_residual,1.25,2026-06-12|07,7,29°C ≤ T < 30°C,29°C,29°C,29.0,30.0,False,False,True,False,28,99,0.2828282828282828,True,False,False,False,0.01,0.2809090909090909,True,False,6,29°C,False,30.4,PASSED
2026-06-12|12h_prior,2026-06-12,12h_prior,external_test,pooled_empirical_residual,empirical_residual,1.25,2026-06-12|08,8,30°C ≤ T < 31°C,30°C,30°C,30.0,31.0,False,False,True,False,25,99,0.2525252525252525,True,False,False,False,0.01,0.2509090909090908,True,False,7,30°C,True,30.4,PASSED
2026-06-12|12h_prior,2026-06-12,12h_prior,external_test,pooled_empirical_residual,empirical_residual,1.25,2026-06-12|09,9,31°C ≤ T < 32°C,31°C,31°C,31.0,32.0,False,False,True,False,21,99,0.2121212121212121,True,False,False,False,0.01,0.2109090909090908,True,False,8,31°C,False,30.4,PASSED
2026-06-12|12h_prior,2026-06-12,12h_prior,external_test,pooled_empirical_residual,empirical_residual,1.25,2026-06-12|10,10,32°C ≤ T < 33°C,32°C,32°C,32.0,33.0,False,False,True,False,6,99,0.0606060606060606,True,False,False,False,0.01,0.0609090909090909,True,False,9,32°C,False,30.4,PASSED
2026-06-12|12h_prior,2026-06-12,12h_prior,external_test,pooled_empirical_residual,empirical_residual,1.25,2026-06-12|11,11,T ≥ 33°C,33°C or higher,33°C or higher,33.0,,False,True,True,False,0,99,0.0,True,False,False,False,0.01,0.0009090909090909,True,False,10,33°C or higher,False,30.4,PASSED
2026-06-12|24h_prior,2026-06-12,24h_prior,external_test,pooled_empirical_residual,empirical_residual,1.25,2026-06-12|01,1,T < 24°C,23°C or below,23°C or below,,24.0,True,False,True,False,0,99,0.0,True,False,False,False,0.01,0.0009090909090909,True,False,0,23°C or below,False,30.4,PASSED
2026-06-12|24h_prior,2026-06-12,24h_prior,external_test,pooled_empirical_residual,empirical_residual,1.25,2026-06-12|02,2,24°C ≤ T < 25°C,24°C,24°C,24.0,25.0,False,False,True,False,0,99,0.0,True,False,False,False,0.01,0.0009090909090909,True,False,1,24°C,False,30.4,PASSED
2026-06-12|24h_prior,2026-06-12,24h_prior,external_test,pooled_empirical_residual,empirical_residual,1.25,2026-06-12|03,3,25°C ≤ T < 26°C,25°C,25°C,25.0,26.0,False,False,True,False,1,99,0.0101010101010101,True,False,False,False,0.01,0.0109090909090909,True,False,2,25°C,False,30.4,PASSED
2026-06-12|24h_prior,2026-06-12,24h_prior,external_test,pooled_empirical_residual,empirical_residual,1.25,2026-06-12|04,4,26°C ≤ T < 27°C,26°C,26°C,26.0,27.0,False,False,True,False,8,99,0.0808080808080808,True,False,False,False,0.01,0.0809090909090909,True,False,3,26°C,False,30.4,PASSED
2026-06-12|24h_prior,2026-06-12,24h_prior,external_test,pooled_empirical_residual,empirical_residual,1.25,2026-06-12|05,5,27°C ≤ T < 28°C,27°C,27°C,27.0,28.0,False,False,True,False,10,99,0.101010101010101,True,False,False,False,0.01,0.1009090909090908,True,False,4,27°C,False,30.4,PASSED
2026-06-12|24h_prior,2026-06-12,24h_prior,external_test,pooled_empirical_residual,empirical_residual,1.25,2026-06-12|06,6,28°C ≤ T < 29°C,28°C,28°C,28.0,29.0,False,False,True,False,28,99,0.2828282828282828,True,False,False,False,0.01,0.2809090909090909,True,False,5,28°C,False,30.4,PASSED
2026-06-12|24h_prior,2026-06-12,24h_prior,external_test,pooled_empirical_residual,empirical_residual,1.25,2026-06-12|07,7,29°C ≤ T < 30°C,29°C,29°C,29.0,30.0,False,False,True,False,25,99,0.2525252525252525,True,False,False,False,0.01,0.2509090909090908,True,False,6,29°C,False,30.4,PASSED
2026-06-12|24h_prior,2026-06-12,24h_prior,external_test,pooled_empirical_residual,empirical_residual,1.25,2026-06-12|08,8,30°C ≤ T < 31°C,30°C,30°C,30.0,31.0,False,False,True,False,20,99,0.202020202020202,True,False,False,False,0.01,0.2009090909090908,True,False,7,30°C,True,30.4,PASSED
2026-06-12|24h_prior,2026-06-12,24h_prior,external_test,pooled_empirical_residual,empirical_residual,1.25,2026-06-12|09,9,31°C ≤ T < 32°C,31°C,31°C,31.0,32.0,False,False,True,False,6,99,0.0606060606060606,True,False,False,False,0.01,0.0609090909090909,True,False,8,31°C,False,30.4,PASSED
2026-06-12|24h_prior,2026-06-12,24h_prior,external_test,pooled_empirical_residual,empirical_residual,1.25,2026-06-12|10,10,32°C ≤ T < 33°C,32°C,32°C,32.0,33.0,False,False,True,False,1,99,0.0101010101010101,True,False,False,False,0.01,0.0109090909090909,True,False,9,32°C,False,30.4,PASSED
2026-06-12|24h_prior,2026-06-12,24h_prior,external_test,pooled_empirical_residual,empirical_residual,1.25,2026-06-12|11,11,T ≥ 33°C,33°C or higher,33°C or higher,33.0,,False,True,True,False,0,99,0.0,True,False,False,False,0.01,0.0009090909090909,True,False,10,33°C or higher,False,30.4,PASSED
2026-06-12|6h_prior,2026-06-12,6h_prior,external_test,pooled_empirical_residual,empirical_residual,1.25,2026-06-12|01,1,T < 24°C,23°C or below,23°C or below,,24.0,True,False,True,False,0,99,0.0,True,False,False,False,0.01,0.0009090909090909,True,False,0,23°C or below,False,30.4,PASSED
2026-06-12|6h_prior,2026-06-12,6h_prior,external_test,pooled_empirical_residual,empirical_residual,1.25,2026-06-12|02,2,24°C ≤ T < 25°C,24°C,24°C,24.0,25.0,False,False,True,False,0,99,0.0,True,False,False,False,0.01,0.0009090909090909,True,False,1,24°C,False,30.4,PASSED
2026-06-12|6h_prior,2026-06-12,6h_prior,external_test,pooled_empirical_residual,empirical_residual,1.25,2026-06-12|03,3,25°C ≤ T < 26°C,25°C,25°C,25.0,26.0,False,False,True,False,0,99,0.0,True,False,False,False,0.01,0.0009090909090909,True,False,2,25°C,False,30.4,PASSED
2026-06-12|6h_prior,2026-06-12,6h_prior,external_test,pooled_empirical_residual,empirical_residual,1.25,2026-06-12|04,4,26°C ≤ T < 27°C,26°C,26°C,26.0,27.0,False,False,True,False,3,99,0.0303030303030303,True,False,False,False,0.01,0.0309090909090909,True,False,3,26°C,False,30.4,PASSED
2026-06-12|6h_prior,2026-06-12,6h_prior,external_test,pooled_empirical_residual,empirical_residual,1.25,2026-06-12|05,5,27°C ≤ T < 28°C,27°C,27°C,27.0,28.0,False,False,True,False,10,99,0.101010101010101,True,False,False,False,0.01,0.1009090909090908,True,False,4,27°C,False,30.4,PASSED
2026-06-12|6h_prior,2026-06-12,6h_prior,external_test,pooled_empirical_residual,empirical_residual,1.25,2026-06-12|06,6,28°C ≤ T < 29°C,28°C,28°C,28.0,29.0,False,False,True,False,11,99,0.1111111111111111,True,False,False,False,0.01,0.1109090909090909,True,False,5,28°C,False,30.4,PASSED
2026-06-12|6h_prior,2026-06-12,6h_prior,external_test,pooled_empirical_residual,empirical_residual,1.25,2026-06-12|07,7,29°C ≤ T < 30°C,29°C,29°C,29.0,30.0,False,False,True,False,32,99,0.3232323232323232,True,False,False,False,0.01,0.3209090909090908,True,False,6,29°C,False,30.4,PASSED
2026-06-12|6h_prior,2026-06-12,6h_prior,external_test,pooled_empirical_residual,empirical_residual,1.25,2026-06-12|08,8,30°C ≤ T < 31°C,30°C,30°C,30.0,31.0,False,False,True,False,22,99,0.2222222222222222,True,False,False,False,0.01,0.2209090909090909,True,False,7,30°C,True,30.4,PASSED
2026-06-12|6h_prior,2026-06-12,6h_prior,external_test,pooled_empirical_residual,empirical_residual,1.25,2026-06-12|09,9,31°C ≤ T < 32°C,31°C,31°C,31.0,32.0,False,False,True,False,18,99,0.1818181818181818,True,False,False,False,0.01,0.1809090909090908,True,False,8,31°C,False,30.4,PASSED
2026-06-12|6h_prior,2026-06-12,6h_prior,external_test,pooled_empirical_residual,empirical_residual,1.25,2026-06-12|10,10,32°C ≤ T < 33°C,32°C,32°C,32.0,33.0,False,False,True,False,3,99,0.0303030303030303,True,False,False,False,0.01,0.0309090909090909,True,False,9,32°C,False,30.4,PASSED
2026-06-12|6h_prior,2026-06-12,6h_prior,external_test,pooled_empirical_residual,empirical_residual,1.25,2026-06-12|11,11,T ≥ 33°C,33°C or higher,33°C or higher,33.0,,False,True,True,False,0,99,0.0,True,False,False,False,0.01,0.0009090909090909,True,False,10,33°C or higher,False,30.4,PASSED
2026-06-12|event_day_open,2026-06-12,event_day_open,external_test,pooled_empirical_residual,empirical_residual,1.25,2026-06-12|01,1,T < 24°C,23°C or below,23°C or below,,24.0,True,False,True,False,0,99,0.0,True,False,False,False,0.01,0.0009090909090909,True,False,0,23°C or below,False,30.4,PASSED
2026-06-12|event_day_open,2026-06-12,event_day_open,external_test,pooled_empirical_residual,empirical_residual,1.25,2026-06-12|02,2,24°C ≤ T < 25°C,24°C,24°C,24.0,25.0,False,False,True,False,0,99,0.0,True,False,False,False,0.01,0.0009090909090909,True,False,1,24°C,False,30.4,PASSED
2026-06-12|event_day_open,2026-06-12,event_day_open,external_test,pooled_empirical_residual,empirical_residual,1.25,2026-06-12|03,3,25°C ≤ T < 26°C,25°C,25°C,25.0,26.0,False,False,True,False,0,99,0.0,True,False,False,False,0.01,0.0009090909090909,True,False,2,25°C,False,30.4,PASSED
2026-06-12|event_day_open,2026-06-12,event_day_open,external_test,pooled_empirical_residual,empirical_residual,1.25,2026-06-12|04,4,26°C ≤ T < 27°C,26°C,26°C,26.0,27.0,False,False,True,False,5,99,0.0505050505050505,True,False,False,False,0.01,0.0509090909090909,True,False,3,26°C,False,30.4,PASSED
2026-06-12|event_day_open,2026-06-12,event_day_open,external_test,pooled_empirical_residual,empirical_residual,1.25,2026-06-12|05,5,27°C ≤ T < 28°C,27°C,27°C,27.0,28.0,False,False,True,False,9,99,0.0909090909090909,True,False,False,False,0.01,0.0909090909090909,True,False,4,27°C,False,30.4,PASSED
2026-06-12|event_day_open,2026-06-12,event_day_open,external_test,pooled_empirical_residual,empirical_residual,1.25,2026-06-12|06,6,28°C ≤ T < 29°C,28°C,28°C,28.0,29.0,False,False,True,False,20,99,0.202020202020202,True,False,False,False,0.01,0.2009090909090908,True,False,5,28°C,False,30.4,PASSED
2026-06-12|event_day_open,2026-06-12,event_day_open,external_test,pooled_empirical_residual,empirical_residual,1.25,2026-06-12|07,7,29°C ≤ T < 30°C,29°C,29°C,29.0,30.0,False,False,True,False,31,99,0.3131313131313131,True,False,False,False,0.01,0.3109090909090908,True,False,6,29°C,False,30.4,PASSED
2026-06-12|event_day_open,2026-06-12,event_day_open,external_test,pooled_empirical_residual,empirical_residual,1.25,2026-06-12|08,8,30°C ≤ T < 31°C,30°C,30°C,30.0,31.0,False,False,True,False,23,99,0.2323232323232323,True,False,False,False,0.01,0.2309090909090908,True,False,7,30°C,True,30.4,PASSED
2026-06-12|event_day_open,2026-06-12,event_day_open,external_test,pooled_empirical_residual,empirical_residual,1.25,2026-06-12|09,9,31°C ≤ T < 32°C,31°C,31°C,31.0,32.0,False,False,True,False,10,99,0.101010101010101,True,False,False,False,0.01,0.1009090909090908,True,False,8,31°C,False,30.4,PASSED
2026-06-12|event_day_open,2026-06-12,event_day_open,external_test,pooled_empirical_residual,empirical_residual,1.25,2026-06-12|10,10,32°C ≤ T < 33°C,32°C,32°C,32.0,33.0,False,False,True,False,1,99,0.0101010101010101,True,False,False,False,0.01,0.0109090909090909,True,False,9,32°C,False,30.4,PASSED
2026-06-12|event_day_open,2026-06-12,event_day_open,external_test,pooled_empirical_residual,empirical_residual,1.25,2026-06-12|11,11,T ≥ 33°C,33°C or higher,33°C or higher,33.0,,False,True,True,False,0,99,0.0,True,False,False,False,0.01,0.0009090909090909,True,False,10,33°C or higher,False,30.4,PASSED
2026-06-13|12h_prior,2026-06-13,12h_prior,external_test,pooled_empirical_residual,empirical_residual,1.25,2026-06-13|01,1,T < 26°C,25°C or below,25°C or below,,26.0,True,False,True,False,0,99,0.0,True,False,False,False,0.01,0.0009090909090909,True,False,0,25°C or below,False,30.6,PASSED
2026-06-13|12h_prior,2026-06-13,12h_prior,external_test,pooled_empirical_residual,empirical_residual,1.25,2026-06-13|02,2,26°C ≤ T < 27°C,26°C,26°C,26.0,27.0,False,False,True,False,0,99,0.0,True,False,False,False,0.01,0.0009090909090909,True,False,1,26°C,False,30.6,PASSED
2026-06-13|12h_prior,2026-06-13,12h_prior,external_test,pooled_empirical_residual,empirical_residual,1.25,2026-06-13|03,3,27°C ≤ T < 28°C,27°C,27°C,27.0,28.0,False,False,True,False,1,99,0.0101010101010101,True,False,False,False,0.01,0.0109090909090909,True,False,2,27°C,False,30.6,PASSED
2026-06-13|12h_prior,2026-06-13,12h_prior,external_test,pooled_empirical_residual,empirical_residual,1.25,2026-06-13|04,4,28°C ≤ T < 29°C,28°C,28°C,28.0,29.0,False,False,True,False,8,99,0.0808080808080808,True,False,False,False,0.01,0.0809090909090909,True,False,3,28°C,False,30.6,PASSED
2026-06-13|12h_prior,2026-06-13,12h_prior,external_test,pooled_empirical_residual,empirical_residual,1.25,2026-06-13|05,5,29°C ≤ T < 30°C,29°C,29°C,29.0,30.0,False,False,True,False,10,99,0.101010101010101,True,False,False,False,0.01,0.1009090909090908,True,False,4,29°C,False,30.6,PASSED
2026-06-13|12h_prior,2026-06-13,12h_prior,external_test,pooled_empirical_residual,empirical_residual,1.25,2026-06-13|06,6,30°C ≤ T < 31°C,30°C,30°C,30.0,31.0,False,False,True,False,28,99,0.2828282828282828,True,False,False,False,0.01,0.2809090909090909,True,False,5,30°C,True,30.6,PASSED
2026-06-13|12h_prior,2026-06-13,12h_prior,external_test,pooled_empirical_residual,empirical_residual,1.25,2026-06-13|07,7,31°C ≤ T < 32°C,31°C,31°C,31.0,32.0,False,False,True,False,25,99,0.2525252525252525,True,False,False,False,0.01,0.2509090909090908,True,False,6,31°C,False,30.6,PASSED
2026-06-13|12h_prior,2026-06-13,12h_prior,external_test,pooled_empirical_residual,empirical_residual,1.25,2026-06-13|08,8,32°C ≤ T < 33°C,32°C,32°C,32.0,33.0,False,False,True,False,21,99,0.2121212121212121,True,False,False,False,0.01,0.2109090909090908,True,False,7,32°C,False,30.6,PASSED
2026-06-13|12h_prior,2026-06-13,12h_prior,external_test,pooled_empirical_residual,empirical_residual,1.25,2026-06-13|09,9,33°C ≤ T < 34°C,33°C,33°C,33.0,34.0,False,False,True,False,6,99,0.0606060606060606,True,False,False,False,0.01,0.0609090909090909,True,False,8,33°C,False,30.6,PASSED
2026-06-13|12h_prior,2026-06-13,12h_prior,external_test,pooled_empirical_residual,empirical_residual,1.25,2026-06-13|10,10,34°C ≤ T < 35°C,34°C,34°C,34.0,35.0,False,False,True,False,0,99,0.0,True,False,False,False,0.01,0.0009090909090909,True,False,9,34°C,False,30.6,PASSED
2026-06-13|12h_prior,2026-06-13,12h_prior,external_test,pooled_empirical_residual,empirical_residual,1.25,2026-06-13|11,11,T ≥ 35°C,35°C or higher,35°C or higher,35.0,,False,True,True,False,0,99,0.0,True,False,False,False,0.01,0.0009090909090909,True,False,10,35°C or higher,False,30.6,PASSED
2026-06-13|24h_prior,2026-06-13,24h_prior,external_test,pooled_empirical_residual,empirical_residual,1.25,2026-06-13|01,1,T < 26°C,25°C or below,25°C or below,,26.0,True,False,True,False,0,99,0.0,True,False,False,False,0.01,0.0009090909090909,True,False,0,25°C or below,False,30.6,PASSED
2026-06-13|24h_prior,2026-06-13,24h_prior,external_test,pooled_empirical_residual,empirical_residual,1.25,2026-06-13|02,2,26°C ≤ T < 27°C,26°C,26°C,26.0,27.0,False,False,True,False,0,99,0.0,True,False,False,False,0.01,0.0009090909090909,True,False,1,26°C,False,30.6,PASSED
2026-06-13|24h_prior,2026-06-13,24h_prior,external_test,pooled_empirical_residual,empirical_residual,1.25,2026-06-13|03,3,27°C ≤ T < 28°C,27°C,27°C,27.0,28.0,False,False,True,False,0,99,0.0,True,False,False,False,0.01,0.0009090909090909,True,False,2,27°C,False,30.6,PASSED
2026-06-13|24h_prior,2026-06-13,24h_prior,external_test,pooled_empirical_residual,empirical_residual,1.25,2026-06-13|04,4,28°C ≤ T < 29°C,28°C,28°C,28.0,29.0,False,False,True,False,6,99,0.0606060606060606,True,False,False,False,0.01,0.0609090909090909,True,False,3,28°C,False,30.6,PASSED
2026-06-13|24h_prior,2026-06-13,24h_prior,external_test,pooled_empirical_residual,empirical_residual,1.25,2026-06-13|05,5,29°C ≤ T < 30°C,29°C,29°C,29.0,30.0,False,False,True,False,10,99,0.101010101010101,True,False,False,False,0.01,0.1009090909090908,True,False,4,29°C,False,30.6,PASSED
2026-06-13|24h_prior,2026-06-13,24h_prior,external_test,pooled_empirical_residual,empirical_residual,1.25,2026-06-13|06,6,30°C ≤ T < 31°C,30°C,30°C,30.0,31.0,False,False,True,False,21,99,0.2121212121212121,True,False,False,False,0.01,0.2109090909090908,True,False,5,30°C,True,30.6,PASSED
2026-06-13|24h_prior,2026-06-13,24h_prior,external_test,pooled_empirical_residual,empirical_residual,1.25,2026-06-13|07,7,31°C ≤ T < 32°C,31°C,31°C,31.0,32.0,False,False,True,False,29,99,0.2929292929292929,True,False,False,False,0.01,0.2909090909090908,True,False,6,31°C,False,30.6,PASSED
2026-06-13|24h_prior,2026-06-13,24h_prior,external_test,pooled_empirical_residual,empirical_residual,1.25,2026-06-13|08,8,32°C ≤ T < 33°C,32°C,32°C,32.0,33.0,False,False,True,False,24,99,0.2424242424242424,True,False,False,False,0.01,0.2409090909090908,True,False,7,32°C,False,30.6,PASSED
2026-06-13|24h_prior,2026-06-13,24h_prior,external_test,pooled_empirical_residual,empirical_residual,1.25,2026-06-13|09,9,33°C ≤ T < 34°C,33°C,33°C,33.0,34.0,False,False,True,False,8,99,0.0808080808080808,True,False,False,False,0.01,0.0809090909090909,True,False,8,33°C,False,30.6,PASSED
2026-06-13|24h_prior,2026-06-13,24h_prior,external_test,pooled_empirical_residual,empirical_residual,1.25,2026-06-13|10,10,34°C ≤ T < 35°C,34°C,34°C,34.0,35.0,False,False,True,False,1,99,0.0101010101010101,True,False,False,False,0.01,0.0109090909090909,True,False,9,34°C,False,30.6,PASSED
2026-06-13|24h_prior,2026-06-13,24h_prior,external_test,pooled_empirical_residual,empirical_residual,1.25,2026-06-13|11,11,T ≥ 35°C,35°C or higher,35°C or higher,35.0,,False,True,True,False,0,99,0.0,True,False,False,False,0.01,0.0009090909090909,True,False,10,35°C or higher,False,30.6,PASSED
2026-06-13|6h_prior,2026-06-13,6h_prior,external_test,pooled_empirical_residual,empirical_residual,1.25,2026-06-13|01,1,T < 26°C,25°C or below,25°C or below,,26.0,True,False,True,False,0,99,0.0,True,False,False,False,0.01,0.0009090909090909,True,False,0,25°C or below,False,30.6,PASSED
2026-06-13|6h_prior,2026-06-13,6h_prior,external_test,pooled_empirical_residual,empirical_residual,1.25,2026-06-13|02,2,26°C ≤ T < 27°C,26°C,26°C,26.0,27.0,False,False,True,False,0,99,0.0,True,False,False,False,0.01,0.0009090909090909,True,False,1,26°C,False,30.6,PASSED
2026-06-13|6h_prior,2026-06-13,6h_prior,external_test,pooled_empirical_residual,empirical_residual,1.25,2026-06-13|03,3,27°C ≤ T < 28°C,27°C,27°C,27.0,28.0,False,False,True,False,3,99,0.0303030303030303,True,False,False,False,0.01,0.0309090909090909,True,False,2,27°C,False,30.6,PASSED
2026-06-13|6h_prior,2026-06-13,6h_prior,external_test,pooled_empirical_residual,empirical_residual,1.25,2026-06-13|04,4,28°C ≤ T < 29°C,28°C,28°C,28.0,29.0,False,False,True,False,10,99,0.101010101010101,True,False,False,False,0.01,0.1009090909090908,True,False,3,28°C,False,30.6,PASSED
2026-06-13|6h_prior,2026-06-13,6h_prior,external_test,pooled_empirical_residual,empirical_residual,1.25,2026-06-13|05,5,29°C ≤ T < 30°C,29°C,29°C,29.0,30.0,False,False,True,False,11,99,0.1111111111111111,True,False,False,False,0.01,0.1109090909090909,True,False,4,29°C,False,30.6,PASSED
2026-06-13|6h_prior,2026-06-13,6h_prior,external_test,pooled_empirical_residual,empirical_residual,1.25,2026-06-13|06,6,30°C ≤ T < 31°C,30°C,30°C,30.0,31.0,False,False,True,False,32,99,0.3232323232323232,True,False,False,False,0.01,0.3209090909090908,True,False,5,30°C,True,30.6,PASSED
2026-06-13|6h_prior,2026-06-13,6h_prior,external_test,pooled_empirical_residual,empirical_residual,1.25,2026-06-13|07,7,31°C ≤ T < 32°C,31°C,31°C,31.0,32.0,False,False,True,False,22,99,0.2222222222222222,True,False,False,False,0.01,0.2209090909090909,True,False,6,31°C,False,30.6,PASSED
2026-06-13|6h_prior,2026-06-13,6h_prior,external_test,pooled_empirical_residual,empirical_residual,1.25,2026-06-13|08,8,32°C ≤ T < 33°C,32°C,32°C,32.0,33.0,False,False,True,False,18,99,0.1818181818181818,True,False,False,False,0.01,0.1809090909090908,True,False,7,32°C,False,30.6,PASSED
2026-06-13|6h_prior,2026-06-13,6h_prior,external_test,pooled_empirical_residual,empirical_residual,1.25,2026-06-13|09,9,33°C ≤ T < 34°C,33°C,33°C,33.0,34.0,False,False,True,False,3,99,0.0303030303030303,True,False,False,False,0.01,0.0309090909090909,True,False,8,33°C,False,30.6,PASSED
2026-06-13|6h_prior,2026-06-13,6h_prior,external_test,pooled_empirical_residual,empirical_residual,1.25,2026-06-13|10,10,34°C ≤ T < 35°C,34°C,34°C,34.0,35.0,False,False,True,False,0,99,0.0,True,False,False,False,0.01,0.0009090909090909,True,False,9,34°C,False,30.6,PASSED
2026-06-13|6h_prior,2026-06-13,6h_prior,external_test,pooled_empirical_residual,empirical_residual,1.25,2026-06-13|11,11,T ≥ 35°C,35°C or higher,35°C or higher,35.0,,False,True,True,False,0,99,0.0,True,False,False,False,0.01,0.0009090909090909,True,False,10,35°C or higher,False,30.6,PASSED
2026-06-13|event_day_open,2026-06-13,event_day_open,external_test,pooled_empirical_residual,empirical_residual,1.25,2026-06-13|01,1,T < 26°C,25°C or below,25°C or below,,26.0,True,False,True,False,0,99,0.0,True,False,False,False,0.01,0.0009090909090909,True,False,0,25°C or below,False,30.6,PASSED
2026-06-13|event_day_open,2026-06-13,event_day_open,external_test,pooled_empirical_residual,empirical_residual,1.25,2026-06-13|02,2,26°C ≤ T < 27°C,26°C,26°C,26.0,27.0,False,False,True,False,0,99,0.0,True,False,False,False,0.01,0.0009090909090909,True,False,1,26°C,False,30.6,PASSED
2026-06-13|event_day_open,2026-06-13,event_day_open,external_test,pooled_empirical_residual,empirical_residual,1.25,2026-06-13|03,3,27°C ≤ T < 28°C,27°C,27°C,27.0,28.0,False,False,True,False,1,99,0.0101010101010101,True,False,False,False,0.01,0.0109090909090909,True,False,2,27°C,False,30.6,PASSED
2026-06-13|event_day_open,2026-06-13,event_day_open,external_test,pooled_empirical_residual,empirical_residual,1.25,2026-06-13|04,4,28°C ≤ T < 29°C,28°C,28°C,28.0,29.0,False,False,True,False,8,99,0.0808080808080808,True,False,False,False,0.01,0.0809090909090909,True,False,3,28°C,False,30.6,PASSED
2026-06-13|event_day_open,2026-06-13,event_day_open,external_test,pooled_empirical_residual,empirical_residual,1.25,2026-06-13|05,5,29°C ≤ T < 30°C,29°C,29°C,29.0,30.0,False,False,True,False,10,99,0.101010101010101,True,False,False,False,0.01,0.1009090909090908,True,False,4,29°C,False,30.6,PASSED
2026-06-13|event_day_open,2026-06-13,event_day_open,external_test,pooled_empirical_residual,empirical_residual,1.25,2026-06-13|06,6,30°C ≤ T < 31°C,30°C,30°C,30.0,31.0,False,False,True,False,28,99,0.2828282828282828,True,False,False,False,0.01,0.2809090909090909,True,False,5,30°C,True,30.6,PASSED
2026-06-13|event_day_open,2026-06-13,event_day_open,external_test,pooled_empirical_residual,empirical_residual,1.25,2026-06-13|07,7,31°C ≤ T < 32°C,31°C,31°C,31.0,32.0,False,False,True,False,25,99,0.2525252525252525,True,False,False,False,0.01,0.2509090909090908,True,False,6,31°C,False,30.6,PASSED
2026-06-13|event_day_open,2026-06-13,event_day_open,external_test,pooled_empirical_residual,empirical_residual,1.25,2026-06-13|08,8,32°C ≤ T < 33°C,32°C,32°C,32.0,33.0,False,False,True,False,20,99,0.202020202020202,True,False,False,False,0.01,0.2009090909090908,True,False,7,32°C,False,30.6,PASSED
2026-06-13|event_day_open,2026-06-13,event_day_open,external_test,pooled_empirical_residual,empirical_residual,1.25,2026-06-13|09,9,33°C ≤ T < 34°C,33°C,33°C,33.0,34.0,False,False,True,False,6,99,0.0606060606060606,True,False,False,False,0.01,0.0609090909090909,True,False,8,33°C,False,30.6,PASSED
2026-06-13|event_day_open,2026-06-13,event_day_open,external_test,pooled_empirical_residual,empirical_residual,1.25,2026-06-13|10,10,34°C ≤ T < 35°C,34°C,34°C,34.0,35.0,False,False,True,False,1,99,0.0101010101010101,True,False,False,False,0.01,0.0109090909090909,True,False,9,34°C,False,30.6,PASSED
2026-06-13|event_day_open,2026-06-13,event_day_open,external_test,pooled_empirical_residual,empirical_residual,1.25,2026-06-13|11,11,T ≥ 35°C,35°C or higher,35°C or higher,35.0,,False,True,True,False,0,99,0.0,True,False,False,False,0.01,0.0009090909090909,True,False,10,35°C or higher,False,30.6,PASSED
2026-06-14|12h_prior,2026-06-14,12h_prior,external_test,pooled_empirical_residual,empirical_residual,1.25,2026-06-14|01,1,T < 24°C,23°C or below,23°C or below,,24.0,True,False,True,False,0,99,0.0,True,False,False,False,0.01,0.0009090909090909,True,False,0,23°C or below,False,29.5,PASSED
2026-06-14|12h_prior,2026-06-14,12h_prior,external_test,pooled_empirical_residual,empirical_residual,1.25,2026-06-14|02,2,24°C ≤ T < 25°C,24°C,24°C,24.0,25.0,False,False,True,False,0,99,0.0,True,False,False,False,0.01,0.0009090909090909,True,False,1,24°C,False,29.5,PASSED
2026-06-14|12h_prior,2026-06-14,12h_prior,external_test,pooled_empirical_residual,empirical_residual,1.25,2026-06-14|03,3,25°C ≤ T < 26°C,25°C,25°C,25.0,26.0,False,False,True,False,0,99,0.0,True,False,False,False,0.01,0.0009090909090909,True,False,2,25°C,False,29.5,PASSED
2026-06-14|12h_prior,2026-06-14,12h_prior,external_test,pooled_empirical_residual,empirical_residual,1.25,2026-06-14|04,4,26°C ≤ T < 27°C,26°C,26°C,26.0,27.0,False,False,True,False,6,99,0.0606060606060606,True,False,False,False,0.01,0.0609090909090909,True,False,3,26°C,False,29.5,PASSED
2026-06-14|12h_prior,2026-06-14,12h_prior,external_test,pooled_empirical_residual,empirical_residual,1.25,2026-06-14|05,5,27°C ≤ T < 28°C,27°C,27°C,27.0,28.0,False,False,True,False,10,99,0.101010101010101,True,False,False,False,0.01,0.1009090909090908,True,False,4,27°C,False,29.5,PASSED
2026-06-14|12h_prior,2026-06-14,12h_prior,external_test,pooled_empirical_residual,empirical_residual,1.25,2026-06-14|06,6,28°C ≤ T < 29°C,28°C,28°C,28.0,29.0,False,False,True,False,21,99,0.2121212121212121,True,False,False,False,0.01,0.2109090909090908,True,False,5,28°C,False,29.5,PASSED
2026-06-14|12h_prior,2026-06-14,12h_prior,external_test,pooled_empirical_residual,empirical_residual,1.25,2026-06-14|07,7,29°C ≤ T < 30°C,29°C,29°C,29.0,30.0,False,False,True,False,29,99,0.2929292929292929,True,False,False,False,0.01,0.2909090909090908,True,False,6,29°C,True,29.5,PASSED
2026-06-14|12h_prior,2026-06-14,12h_prior,external_test,pooled_empirical_residual,empirical_residual,1.25,2026-06-14|08,8,30°C ≤ T < 31°C,30°C,30°C,30.0,31.0,False,False,True,False,24,99,0.2424242424242424,True,False,False,False,0.01,0.2409090909090908,True,False,7,30°C,False,29.5,PASSED
2026-06-14|12h_prior,2026-06-14,12h_prior,external_test,pooled_empirical_residual,empirical_residual,1.25,2026-06-14|09,9,31°C ≤ T < 32°C,31°C,31°C,31.0,32.0,False,False,True,False,8,99,0.0808080808080808,True,False,False,False,0.01,0.0809090909090909,True,False,8,31°C,False,29.5,PASSED
2026-06-14|12h_prior,2026-06-14,12h_prior,external_test,pooled_empirical_residual,empirical_residual,1.25,2026-06-14|10,10,32°C ≤ T < 33°C,32°C,32°C,32.0,33.0,False,False,True,False,1,99,0.0101010101010101,True,False,False,False,0.01,0.0109090909090909,True,False,9,32°C,False,29.5,PASSED
2026-06-14|12h_prior,2026-06-14,12h_prior,external_test,pooled_empirical_residual,empirical_residual,1.25,2026-06-14|11,11,T ≥ 33°C,33°C or higher,33°C or higher,33.0,,False,True,True,False,0,99,0.0,True,False,False,False,0.01,0.0009090909090909,True,False,10,33°C or higher,False,29.5,PASSED
2026-06-14|24h_prior,2026-06-14,24h_prior,external_test,pooled_empirical_residual,empirical_residual,1.25,2026-06-14|01,1,T < 24°C,23°C or below,23°C or below,,24.0,True,False,True,False,0,99,0.0,True,False,False,False,0.01,0.0009090909090909,True,False,0,23°C or below,False,29.5,PASSED
2026-06-14|24h_prior,2026-06-14,24h_prior,external_test,pooled_empirical_residual,empirical_residual,1.25,2026-06-14|02,2,24°C ≤ T < 25°C,24°C,24°C,24.0,25.0,False,False,True,False,0,99,0.0,True,False,False,False,0.01,0.0009090909090909,True,False,1,24°C,False,29.5,PASSED
2026-06-14|24h_prior,2026-06-14,24h_prior,external_test,pooled_empirical_residual,empirical_residual,1.25,2026-06-14|03,3,25°C ≤ T < 26°C,25°C,25°C,25.0,26.0,False,False,True,False,0,99,0.0,True,False,False,False,0.01,0.0009090909090909,True,False,2,25°C,False,29.5,PASSED
2026-06-14|24h_prior,2026-06-14,24h_prior,external_test,pooled_empirical_residual,empirical_residual,1.25,2026-06-14|04,4,26°C ≤ T < 27°C,26°C,26°C,26.0,27.0,False,False,True,False,0,99,0.0,True,False,False,False,0.01,0.0009090909090909,True,False,3,26°C,False,29.5,PASSED
2026-06-14|24h_prior,2026-06-14,24h_prior,external_test,pooled_empirical_residual,empirical_residual,1.25,2026-06-14|05,5,27°C ≤ T < 28°C,27°C,27°C,27.0,28.0,False,False,True,False,6,99,0.0606060606060606,True,False,False,False,0.01,0.0609090909090909,True,False,4,27°C,False,29.5,PASSED
2026-06-14|24h_prior,2026-06-14,24h_prior,external_test,pooled_empirical_residual,empirical_residual,1.25,2026-06-14|06,6,28°C ≤ T < 29°C,28°C,28°C,28.0,29.0,False,False,True,False,10,99,0.101010101010101,True,False,False,False,0.01,0.1009090909090908,True,False,5,28°C,False,29.5,PASSED
2026-06-14|24h_prior,2026-06-14,24h_prior,external_test,pooled_empirical_residual,empirical_residual,1.25,2026-06-14|07,7,29°C ≤ T < 30°C,29°C,29°C,29.0,30.0,False,False,True,False,21,99,0.2121212121212121,True,False,False,False,0.01,0.2109090909090908,True,False,6,29°C,True,29.5,PASSED
2026-06-14|24h_prior,2026-06-14,24h_prior,external_test,pooled_empirical_residual,empirical_residual,1.25,2026-06-14|08,8,30°C ≤ T < 31°C,30°C,30°C,30.0,31.0,False,False,True,False,29,99,0.2929292929292929,True,False,False,False,0.01,0.2909090909090908,True,False,7,30°C,False,29.5,PASSED
2026-06-14|24h_prior,2026-06-14,24h_prior,external_test,pooled_empirical_residual,empirical_residual,1.25,2026-06-14|09,9,31°C ≤ T < 32°C,31°C,31°C,31.0,32.0,False,False,True,False,24,99,0.2424242424242424,True,False,False,False,0.01,0.2409090909090908,True,False,8,31°C,False,29.5,PASSED
2026-06-14|24h_prior,2026-06-14,24h_prior,external_test,pooled_empirical_residual,empirical_residual,1.25,2026-06-14|10,10,32°C ≤ T < 33°C,32°C,32°C,32.0,33.0,False,False,True,False,8,99,0.0808080808080808,True,False,False,False,0.01,0.0809090909090909,True,False,9,32°C,False,29.5,PASSED
2026-06-14|24h_prior,2026-06-14,24h_prior,external_test,pooled_empirical_residual,empirical_residual,1.25,2026-06-14|11,11,T ≥ 33°C,33°C or higher,33°C or higher,33.0,,False,True,True,False,1,99,0.0101010101010101,True,False,False,False,0.01,0.0109090909090909,True,False,10,33°C or higher,False,29.5,PASSED
2026-06-14|6h_prior,2026-06-14,6h_prior,external_test,pooled_empirical_residual,empirical_residual,1.25,2026-06-14|01,1,T < 24°C,23°C or below,23°C or below,,24.0,True,False,True,False,0,99,0.0,True,False,False,False,0.01,0.0009090909090909,True,False,0,23°C or below,False,29.5,PASSED
2026-06-14|6h_prior,2026-06-14,6h_prior,external_test,pooled_empirical_residual,empirical_residual,1.25,2026-06-14|02,2,24°C ≤ T < 25°C,24°C,24°C,24.0,25.0,False,False,True,False,0,99,0.0,True,False,False,False,0.01,0.0009090909090909,True,False,1,24°C,False,29.5,PASSED
2026-06-14|6h_prior,2026-06-14,6h_prior,external_test,pooled_empirical_residual,empirical_residual,1.25,2026-06-14|03,3,25°C ≤ T < 26°C,25°C,25°C,25.0,26.0,False,False,True,False,0,99,0.0,True,False,False,False,0.01,0.0009090909090909,True,False,2,25°C,False,29.5,PASSED
2026-06-14|6h_prior,2026-06-14,6h_prior,external_test,pooled_empirical_residual,empirical_residual,1.25,2026-06-14|04,4,26°C ≤ T < 27°C,26°C,26°C,26.0,27.0,False,False,True,False,4,99,0.0404040404040404,True,False,False,False,0.01,0.0409090909090909,True,False,3,26°C,False,29.5,PASSED
2026-06-14|6h_prior,2026-06-14,6h_prior,external_test,pooled_empirical_residual,empirical_residual,1.25,2026-06-14|05,5,27°C ≤ T < 28°C,27°C,27°C,27.0,28.0,False,False,True,False,9,99,0.0909090909090909,True,False,False,False,0.01,0.0909090909090909,True,False,4,27°C,False,29.5,PASSED
2026-06-14|6h_prior,2026-06-14,6h_prior,external_test,pooled_empirical_residual,empirical_residual,1.25,2026-06-14|06,6,28°C ≤ T < 29°C,28°C,28°C,28.0,29.0,False,False,True,False,17,99,0.1717171717171717,True,False,False,False,0.01,0.1709090909090909,True,False,5,28°C,False,29.5,PASSED
2026-06-14|6h_prior,2026-06-14,6h_prior,external_test,pooled_empirical_residual,empirical_residual,1.25,2026-06-14|07,7,29°C ≤ T < 30°C,29°C,29°C,29.0,30.0,False,False,True,False,32,99,0.3232323232323232,True,False,False,False,0.01,0.3209090909090908,True,False,6,29°C,True,29.5,PASSED
2026-06-14|6h_prior,2026-06-14,6h_prior,external_test,pooled_empirical_residual,empirical_residual,1.25,2026-06-14|08,8,30°C ≤ T < 31°C,30°C,30°C,30.0,31.0,False,False,True,False,24,99,0.2424242424242424,True,False,False,False,0.01,0.2409090909090908,True,False,7,30°C,False,29.5,PASSED
2026-06-14|6h_prior,2026-06-14,6h_prior,external_test,pooled_empirical_residual,empirical_residual,1.25,2026-06-14|09,9,31°C ≤ T < 32°C,31°C,31°C,31.0,32.0,False,False,True,False,11,99,0.1111111111111111,True,False,False,False,0.01,0.1109090909090909,True,False,8,31°C,False,29.5,PASSED
2026-06-14|6h_prior,2026-06-14,6h_prior,external_test,pooled_empirical_residual,empirical_residual,1.25,2026-06-14|10,10,32°C ≤ T < 33°C,32°C,32°C,32.0,33.0,False,False,True,False,2,99,0.0202020202020202,True,False,False,False,0.01,0.0209090909090909,True,False,9,32°C,False,29.5,PASSED
2026-06-14|6h_prior,2026-06-14,6h_prior,external_test,pooled_empirical_residual,empirical_residual,1.25,2026-06-14|11,11,T ≥ 33°C,33°C or higher,33°C or higher,33.0,,False,True,True,False,0,99,0.0,True,False,False,False,0.01,0.0009090909090909,True,False,10,33°C or higher,False,29.5,PASSED
2026-06-14|event_day_open,2026-06-14,event_day_open,external_test,pooled_empirical_residual,empirical_residual,1.25,2026-06-14|01,1,T < 24°C,23°C or below,23°C or below,,24.0,True,False,True,False,0,99,0.0,True,False,False,False,0.01,0.0009090909090909,True,False,0,23°C or below,False,29.5,PASSED
2026-06-14|event_day_open,2026-06-14,event_day_open,external_test,pooled_empirical_residual,empirical_residual,1.25,2026-06-14|02,2,24°C ≤ T < 25°C,24°C,24°C,24.0,25.0,False,False,True,False,0,99,0.0,True,False,False,False,0.01,0.0009090909090909,True,False,1,24°C,False,29.5,PASSED
2026-06-14|event_day_open,2026-06-14,event_day_open,external_test,pooled_empirical_residual,empirical_residual,1.25,2026-06-14|03,3,25°C ≤ T < 26°C,25°C,25°C,25.0,26.0,False,False,True,False,0,99,0.0,True,False,False,False,0.01,0.0009090909090909,True,False,2,25°C,False,29.5,PASSED
2026-06-14|event_day_open,2026-06-14,event_day_open,external_test,pooled_empirical_residual,empirical_residual,1.25,2026-06-14|04,4,26°C ≤ T < 27°C,26°C,26°C,26.0,27.0,False,False,True,False,6,99,0.0606060606060606,True,False,False,False,0.01,0.0609090909090909,True,False,3,26°C,False,29.5,PASSED
2026-06-14|event_day_open,2026-06-14,event_day_open,external_test,pooled_empirical_residual,empirical_residual,1.25,2026-06-14|05,5,27°C ≤ T < 28°C,27°C,27°C,27.0,28.0,False,False,True,False,10,99,0.101010101010101,True,False,False,False,0.01,0.1009090909090908,True,False,4,27°C,False,29.5,PASSED
2026-06-14|event_day_open,2026-06-14,event_day_open,external_test,pooled_empirical_residual,empirical_residual,1.25,2026-06-14|06,6,28°C ≤ T < 29°C,28°C,28°C,28.0,29.0,False,False,True,False,21,99,0.2121212121212121,True,False,False,False,0.01,0.2109090909090908,True,False,5,28°C,False,29.5,PASSED
2026-06-14|event_day_open,2026-06-14,event_day_open,external_test,pooled_empirical_residual,empirical_residual,1.25,2026-06-14|07,7,29°C ≤ T < 30°C,29°C,29°C,29.0,30.0,False,False,True,False,29,99,0.2929292929292929,True,False,False,False,0.01,0.2909090909090908,True,False,6,29°C,True,29.5,PASSED
2026-06-14|event_day_open,2026-06-14,event_day_open,external_test,pooled_empirical_residual,empirical_residual,1.25,2026-06-14|08,8,30°C ≤ T < 31°C,30°C,30°C,30.0,31.0,False,False,True,False,24,99,0.2424242424242424,True,False,False,False,0.01,0.2409090909090908,True,False,7,30°C,False,29.5,PASSED
2026-06-14|event_day_open,2026-06-14,event_day_open,external_test,pooled_empirical_residual,empirical_residual,1.25,2026-06-14|09,9,31°C ≤ T < 32°C,31°C,31°C,31.0,32.0,False,False,True,False,8,99,0.0808080808080808,True,False,False,False,0.01,0.0809090909090909,True,False,8,31°C,False,29.5,PASSED
2026-06-14|event_day_open,2026-06-14,event_day_open,external_test,pooled_empirical_residual,empirical_residual,1.25,2026-06-14|10,10,32°C ≤ T < 33°C,32°C,32°C,32.0,33.0,False,False,True,False,1,99,0.0101010101010101,True,False,False,False,0.01,0.0109090909090909,True,False,9,32°C,False,29.5,PASSED
2026-06-14|event_day_open,2026-06-14,event_day_open,external_test,pooled_empirical_residual,empirical_residual,1.25,2026-06-14|11,11,T ≥ 33°C,33°C or higher,33°C or higher,33.0,,False,True,True,False,0,99,0.0,True,False,False,False,0.01,0.0009090909090909,True,False,10,33°C or higher,False,29.5,PASSED
2026-06-15|12h_prior,2026-06-15,12h_prior,external_test,pooled_empirical_residual,empirical_residual,1.25,2026-06-15|01,1,T < 24°C,23°C or below,23°C or below,,24.0,True,False,True,False,0,99,0.0,True,False,False,False,0.01,0.0009090909090909,True,False,0,23°C or below,False,29.9,PASSED
2026-06-15|12h_prior,2026-06-15,12h_prior,external_test,pooled_empirical_residual,empirical_residual,1.25,2026-06-15|02,2,24°C ≤ T < 25°C,24°C,24°C,24.0,25.0,False,False,True,False,0,99,0.0,True,False,False,False,0.01,0.0009090909090909,True,False,1,24°C,False,29.9,PASSED
2026-06-15|12h_prior,2026-06-15,12h_prior,external_test,pooled_empirical_residual,empirical_residual,1.25,2026-06-15|03,3,25°C ≤ T < 26°C,25°C,25°C,25.0,26.0,False,False,True,False,0,99,0.0,True,False,False,False,0.01,0.0009090909090909,True,False,2,25°C,False,29.9,PASSED
2026-06-15|12h_prior,2026-06-15,12h_prior,external_test,pooled_empirical_residual,empirical_residual,1.25,2026-06-15|04,4,26°C ≤ T < 27°C,26°C,26°C,26.0,27.0,False,False,True,False,0,99,0.0,True,False,False,False,0.01,0.0009090909090909,True,False,3,26°C,False,29.9,PASSED
2026-06-15|12h_prior,2026-06-15,12h_prior,external_test,pooled_empirical_residual,empirical_residual,1.25,2026-06-15|05,5,27°C ≤ T < 28°C,27°C,27°C,27.0,28.0,False,False,True,False,6,99,0.0606060606060606,True,False,False,False,0.01,0.0609090909090909,True,False,4,27°C,False,29.9,PASSED
2026-06-15|12h_prior,2026-06-15,12h_prior,external_test,pooled_empirical_residual,empirical_residual,1.25,2026-06-15|06,6,28°C ≤ T < 29°C,28°C,28°C,28.0,29.0,False,False,True,False,10,99,0.101010101010101,True,False,False,False,0.01,0.1009090909090908,True,False,5,28°C,False,29.9,PASSED
2026-06-15|12h_prior,2026-06-15,12h_prior,external_test,pooled_empirical_residual,empirical_residual,1.25,2026-06-15|07,7,29°C ≤ T < 30°C,29°C,29°C,29.0,30.0,False,False,True,False,21,99,0.2121212121212121,True,False,False,False,0.01,0.2109090909090908,True,False,6,29°C,True,29.9,PASSED
2026-06-15|12h_prior,2026-06-15,12h_prior,external_test,pooled_empirical_residual,empirical_residual,1.25,2026-06-15|08,8,30°C ≤ T < 31°C,30°C,30°C,30.0,31.0,False,False,True,False,29,99,0.2929292929292929,True,False,False,False,0.01,0.2909090909090908,True,False,7,30°C,False,29.9,PASSED
2026-06-15|12h_prior,2026-06-15,12h_prior,external_test,pooled_empirical_residual,empirical_residual,1.25,2026-06-15|09,9,31°C ≤ T < 32°C,31°C,31°C,31.0,32.0,False,False,True,False,24,99,0.2424242424242424,True,False,False,False,0.01,0.2409090909090908,True,False,8,31°C,False,29.9,PASSED
2026-06-15|12h_prior,2026-06-15,12h_prior,external_test,pooled_empirical_residual,empirical_residual,1.25,2026-06-15|10,10,32°C ≤ T < 33°C,32°C,32°C,32.0,33.0,False,False,True,False,8,99,0.0808080808080808,True,False,False,False,0.01,0.0809090909090909,True,False,9,32°C,False,29.9,PASSED
2026-06-15|12h_prior,2026-06-15,12h_prior,external_test,pooled_empirical_residual,empirical_residual,1.25,2026-06-15|11,11,T ≥ 33°C,33°C or higher,33°C or higher,33.0,,False,True,True,False,1,99,0.0101010101010101,True,False,False,False,0.01,0.0109090909090909,True,False,10,33°C or higher,False,29.9,PASSED
2026-06-15|24h_prior,2026-06-15,24h_prior,external_test,pooled_empirical_residual,empirical_residual,1.25,2026-06-15|01,1,T < 24°C,23°C or below,23°C or below,,24.0,True,False,True,False,0,99,0.0,True,False,False,False,0.01,0.0009090909090909,True,False,0,23°C or below,False,29.9,PASSED
2026-06-15|24h_prior,2026-06-15,24h_prior,external_test,pooled_empirical_residual,empirical_residual,1.25,2026-06-15|02,2,24°C ≤ T < 25°C,24°C,24°C,24.0,25.0,False,False,True,False,0,99,0.0,True,False,False,False,0.01,0.0009090909090909,True,False,1,24°C,False,29.9,PASSED
2026-06-15|24h_prior,2026-06-15,24h_prior,external_test,pooled_empirical_residual,empirical_residual,1.25,2026-06-15|03,3,25°C ≤ T < 26°C,25°C,25°C,25.0,26.0,False,False,True,False,0,99,0.0,True,False,False,False,0.01,0.0009090909090909,True,False,2,25°C,False,29.9,PASSED
2026-06-15|24h_prior,2026-06-15,24h_prior,external_test,pooled_empirical_residual,empirical_residual,1.25,2026-06-15|04,4,26°C ≤ T < 27°C,26°C,26°C,26.0,27.0,False,False,True,False,1,99,0.0101010101010101,True,False,False,False,0.01,0.0109090909090909,True,False,3,26°C,False,29.9,PASSED
2026-06-15|24h_prior,2026-06-15,24h_prior,external_test,pooled_empirical_residual,empirical_residual,1.25,2026-06-15|05,5,27°C ≤ T < 28°C,27°C,27°C,27.0,28.0,False,False,True,False,8,99,0.0808080808080808,True,False,False,False,0.01,0.0809090909090909,True,False,4,27°C,False,29.9,PASSED
2026-06-15|24h_prior,2026-06-15,24h_prior,external_test,pooled_empirical_residual,empirical_residual,1.25,2026-06-15|06,6,28°C ≤ T < 29°C,28°C,28°C,28.0,29.0,False,False,True,False,10,99,0.101010101010101,True,False,False,False,0.01,0.1009090909090908,True,False,5,28°C,False,29.9,PASSED
2026-06-15|24h_prior,2026-06-15,24h_prior,external_test,pooled_empirical_residual,empirical_residual,1.25,2026-06-15|07,7,29°C ≤ T < 30°C,29°C,29°C,29.0,30.0,False,False,True,False,28,99,0.2828282828282828,True,False,False,False,0.01,0.2809090909090909,True,False,6,29°C,True,29.9,PASSED
2026-06-15|24h_prior,2026-06-15,24h_prior,external_test,pooled_empirical_residual,empirical_residual,1.25,2026-06-15|08,8,30°C ≤ T < 31°C,30°C,30°C,30.0,31.0,False,False,True,False,25,99,0.2525252525252525,True,False,False,False,0.01,0.2509090909090908,True,False,7,30°C,False,29.9,PASSED
2026-06-15|24h_prior,2026-06-15,24h_prior,external_test,pooled_empirical_residual,empirical_residual,1.25,2026-06-15|09,9,31°C ≤ T < 32°C,31°C,31°C,31.0,32.0,False,False,True,False,20,99,0.202020202020202,True,False,False,False,0.01,0.2009090909090908,True,False,8,31°C,False,29.9,PASSED
2026-06-15|24h_prior,2026-06-15,24h_prior,external_test,pooled_empirical_residual,empirical_residual,1.25,2026-06-15|10,10,32°C ≤ T < 33°C,32°C,32°C,32.0,33.0,False,False,True,False,6,99,0.0606060606060606,True,False,False,False,0.01,0.0609090909090909,True,False,9,32°C,False,29.9,PASSED
2026-06-15|24h_prior,2026-06-15,24h_prior,external_test,pooled_empirical_residual,empirical_residual,1.25,2026-06-15|11,11,T ≥ 33°C,33°C or higher,33°C or higher,33.0,,False,True,True,False,1,99,0.0101010101010101,True,False,False,False,0.01,0.0109090909090909,True,False,10,33°C or higher,False,29.9,PASSED
2026-06-15|6h_prior,2026-06-15,6h_prior,external_test,pooled_empirical_residual,empirical_residual,1.25,2026-06-15|01,1,T < 24°C,23°C or below,23°C or below,,24.0,True,False,True,False,0,99,0.0,True,False,False,False,0.01,0.0009090909090909,True,False,0,23°C or below,False,29.9,PASSED
2026-06-15|6h_prior,2026-06-15,6h_prior,external_test,pooled_empirical_residual,empirical_residual,1.25,2026-06-15|02,2,24°C ≤ T < 25°C,24°C,24°C,24.0,25.0,False,False,True,False,0,99,0.0,True,False,False,False,0.01,0.0009090909090909,True,False,1,24°C,False,29.9,PASSED
2026-06-15|6h_prior,2026-06-15,6h_prior,external_test,pooled_empirical_residual,empirical_residual,1.25,2026-06-15|03,3,25°C ≤ T < 26°C,25°C,25°C,25.0,26.0,False,False,True,False,1,99,0.0101010101010101,True,False,False,False,0.01,0.0109090909090909,True,False,2,25°C,False,29.9,PASSED
2026-06-15|6h_prior,2026-06-15,6h_prior,external_test,pooled_empirical_residual,empirical_residual,1.25,2026-06-15|04,4,26°C ≤ T < 27°C,26°C,26°C,26.0,27.0,False,False,True,False,8,99,0.0808080808080808,True,False,False,False,0.01,0.0809090909090909,True,False,3,26°C,False,29.9,PASSED
2026-06-15|6h_prior,2026-06-15,6h_prior,external_test,pooled_empirical_residual,empirical_residual,1.25,2026-06-15|05,5,27°C ≤ T < 28°C,27°C,27°C,27.0,28.0,False,False,True,False,10,99,0.101010101010101,True,False,False,False,0.01,0.1009090909090908,True,False,4,27°C,False,29.9,PASSED
2026-06-15|6h_prior,2026-06-15,6h_prior,external_test,pooled_empirical_residual,empirical_residual,1.25,2026-06-15|06,6,28°C ≤ T < 29°C,28°C,28°C,28.0,29.0,False,False,True,False,28,99,0.2828282828282828,True,False,False,False,0.01,0.2809090909090909,True,False,5,28°C,False,29.9,PASSED
2026-06-15|6h_prior,2026-06-15,6h_prior,external_test,pooled_empirical_residual,empirical_residual,1.25,2026-06-15|07,7,29°C ≤ T < 30°C,29°C,29°C,29.0,30.0,False,False,True,False,25,99,0.2525252525252525,True,False,False,False,0.01,0.2509090909090908,True,False,6,29°C,True,29.9,PASSED
2026-06-15|6h_prior,2026-06-15,6h_prior,external_test,pooled_empirical_residual,empirical_residual,1.25,2026-06-15|08,8,30°C ≤ T < 31°C,30°C,30°C,30.0,31.0,False,False,True,False,20,99,0.202020202020202,True,False,False,False,0.01,0.2009090909090908,True,False,7,30°C,False,29.9,PASSED
2026-06-15|6h_prior,2026-06-15,6h_prior,external_test,pooled_empirical_residual,empirical_residual,1.25,2026-06-15|09,9,31°C ≤ T < 32°C,31°C,31°C,31.0,32.0,False,False,True,False,6,99,0.0606060606060606,True,False,False,False,0.01,0.0609090909090909,True,False,8,31°C,False,29.9,PASSED
2026-06-15|6h_prior,2026-06-15,6h_prior,external_test,pooled_empirical_residual,empirical_residual,1.25,2026-06-15|10,10,32°C ≤ T < 33°C,32°C,32°C,32.0,33.0,False,False,True,False,1,99,0.0101010101010101,True,False,False,False,0.01,0.0109090909090909,True,False,9,32°C,False,29.9,PASSED
2026-06-15|6h_prior,2026-06-15,6h_prior,external_test,pooled_empirical_residual,empirical_residual,1.25,2026-06-15|11,11,T ≥ 33°C,33°C or higher,33°C or higher,33.0,,False,True,True,False,0,99,0.0,True,False,False,False,0.01,0.0009090909090909,True,False,10,33°C or higher,False,29.9,PASSED
2026-06-15|event_day_open,2026-06-15,event_day_open,external_test,pooled_empirical_residual,empirical_residual,1.25,2026-06-15|01,1,T < 24°C,23°C or below,23°C or below,,24.0,True,False,True,False,0,99,0.0,True,False,False,False,0.01,0.0009090909090909,True,False,0,23°C or below,False,29.9,PASSED
2026-06-15|event_day_open,2026-06-15,event_day_open,external_test,pooled_empirical_residual,empirical_residual,1.25,2026-06-15|02,2,24°C ≤ T < 25°C,24°C,24°C,24.0,25.0,False,False,True,False,0,99,0.0,True,False,False,False,0.01,0.0009090909090909,True,False,1,24°C,False,29.9,PASSED
2026-06-15|event_day_open,2026-06-15,event_day_open,external_test,pooled_empirical_residual,empirical_residual,1.25,2026-06-15|03,3,25°C ≤ T < 26°C,25°C,25°C,25.0,26.0,False,False,True,False,0,99,0.0,True,False,False,False,0.01,0.0009090909090909,True,False,2,25°C,False,29.9,PASSED
2026-06-15|event_day_open,2026-06-15,event_day_open,external_test,pooled_empirical_residual,empirical_residual,1.25,2026-06-15|04,4,26°C ≤ T < 27°C,26°C,26°C,26.0,27.0,False,False,True,False,4,99,0.0404040404040404,True,False,False,False,0.01,0.0409090909090909,True,False,3,26°C,False,29.9,PASSED
2026-06-15|event_day_open,2026-06-15,event_day_open,external_test,pooled_empirical_residual,empirical_residual,1.25,2026-06-15|05,5,27°C ≤ T < 28°C,27°C,27°C,27.0,28.0,False,False,True,False,9,99,0.0909090909090909,True,False,False,False,0.01,0.0909090909090909,True,False,4,27°C,False,29.9,PASSED
2026-06-15|event_day_open,2026-06-15,event_day_open,external_test,pooled_empirical_residual,empirical_residual,1.25,2026-06-15|06,6,28°C ≤ T < 29°C,28°C,28°C,28.0,29.0,False,False,True,False,17,99,0.1717171717171717,True,False,False,False,0.01,0.1709090909090909,True,False,5,28°C,False,29.9,PASSED
2026-06-15|event_day_open,2026-06-15,event_day_open,external_test,pooled_empirical_residual,empirical_residual,1.25,2026-06-15|07,7,29°C ≤ T < 30°C,29°C,29°C,29.0,30.0,False,False,True,False,32,99,0.3232323232323232,True,False,False,False,0.01,0.3209090909090908,True,False,6,29°C,True,29.9,PASSED
2026-06-15|event_day_open,2026-06-15,event_day_open,external_test,pooled_empirical_residual,empirical_residual,1.25,2026-06-15|08,8,30°C ≤ T < 31°C,30°C,30°C,30.0,31.0,False,False,True,False,24,99,0.2424242424242424,True,False,False,False,0.01,0.2409090909090908,True,False,7,30°C,False,29.9,PASSED
2026-06-15|event_day_open,2026-06-15,event_day_open,external_test,pooled_empirical_residual,empirical_residual,1.25,2026-06-15|09,9,31°C ≤ T < 32°C,31°C,31°C,31.0,32.0,False,False,True,False,11,99,0.1111111111111111,True,False,False,False,0.01,0.1109090909090909,True,False,8,31°C,False,29.9,PASSED
2026-06-15|event_day_open,2026-06-15,event_day_open,external_test,pooled_empirical_residual,empirical_residual,1.25,2026-06-15|10,10,32°C ≤ T < 33°C,32°C,32°C,32.0,33.0,False,False,True,False,2,99,0.0202020202020202,True,False,False,False,0.01,0.0209090909090909,True,False,9,32°C,False,29.9,PASSED
2026-06-15|event_day_open,2026-06-15,event_day_open,external_test,pooled_empirical_residual,empirical_residual,1.25,2026-06-15|11,11,T ≥ 33°C,33°C or higher,33°C or higher,33.0,,False,True,True,False,0,99,0.0,True,False,False,False,0.01,0.0009090909090909,True,False,10,33°C or higher,False,29.9,PASSED
2026-06-16|12h_prior,2026-06-16,12h_prior,external_test,pooled_empirical_residual,empirical_residual,1.25,2026-06-16|01,1,T < 24°C,23°C or below,23°C or below,,24.0,True,False,True,False,0,99,0.0,True,False,False,False,0.01,0.0009090909090909,True,False,0,23°C or below,False,27.1,PASSED
2026-06-16|12h_prior,2026-06-16,12h_prior,external_test,pooled_empirical_residual,empirical_residual,1.25,2026-06-16|02,2,24°C ≤ T < 25°C,24°C,24°C,24.0,25.0,False,False,True,False,1,99,0.0101010101010101,True,False,False,False,0.01,0.0109090909090909,True,False,1,24°C,False,27.1,PASSED
2026-06-16|12h_prior,2026-06-16,12h_prior,external_test,pooled_empirical_residual,empirical_residual,1.25,2026-06-16|03,3,25°C ≤ T < 26°C,25°C,25°C,25.0,26.0,False,False,True,False,8,99,0.0808080808080808,True,False,False,False,0.01,0.0809090909090909,True,False,2,25°C,False,27.1,PASSED
2026-06-16|12h_prior,2026-06-16,12h_prior,external_test,pooled_empirical_residual,empirical_residual,1.25,2026-06-16|04,4,26°C ≤ T < 27°C,26°C,26°C,26.0,27.0,False,False,True,False,8,99,0.0808080808080808,True,False,False,False,0.01,0.0809090909090909,True,False,3,26°C,False,27.1,PASSED
2026-06-16|12h_prior,2026-06-16,12h_prior,external_test,pooled_empirical_residual,empirical_residual,1.25,2026-06-16|05,5,27°C ≤ T < 28°C,27°C,27°C,27.0,28.0,False,False,True,False,25,99,0.2525252525252525,True,False,False,False,0.01,0.2509090909090908,True,False,4,27°C,True,27.1,PASSED
2026-06-16|12h_prior,2026-06-16,12h_prior,external_test,pooled_empirical_residual,empirical_residual,1.25,2026-06-16|06,6,28°C ≤ T < 29°C,28°C,28°C,28.0,29.0,False,False,True,False,28,99,0.2828282828282828,True,False,False,False,0.01,0.2809090909090909,True,False,5,28°C,False,27.1,PASSED
2026-06-16|12h_prior,2026-06-16,12h_prior,external_test,pooled_empirical_residual,empirical_residual,1.25,2026-06-16|07,7,29°C ≤ T < 30°C,29°C,29°C,29.0,30.0,False,False,True,False,21,99,0.2121212121212121,True,False,False,False,0.01,0.2109090909090908,True,False,6,29°C,False,27.1,PASSED
2026-06-16|12h_prior,2026-06-16,12h_prior,external_test,pooled_empirical_residual,empirical_residual,1.25,2026-06-16|08,8,30°C ≤ T < 31°C,30°C,30°C,30.0,31.0,False,False,True,False,7,99,0.0707070707070707,True,False,False,False,0.01,0.0709090909090909,True,False,7,30°C,False,27.1,PASSED
2026-06-16|12h_prior,2026-06-16,12h_prior,external_test,pooled_empirical_residual,empirical_residual,1.25,2026-06-16|09,9,31°C ≤ T < 32°C,31°C,31°C,31.0,32.0,False,False,True,False,1,99,0.0101010101010101,True,False,False,False,0.01,0.0109090909090909,True,False,8,31°C,False,27.1,PASSED
2026-06-16|12h_prior,2026-06-16,12h_prior,external_test,pooled_empirical_residual,empirical_residual,1.25,2026-06-16|10,10,32°C ≤ T < 33°C,32°C,32°C,32.0,33.0,False,False,True,False,0,99,0.0,True,False,False,False,0.01,0.0009090909090909,True,False,9,32°C,False,27.1,PASSED
2026-06-16|12h_prior,2026-06-16,12h_prior,external_test,pooled_empirical_residual,empirical_residual,1.25,2026-06-16|11,11,T ≥ 33°C,33°C or higher,33°C or higher,33.0,,False,True,True,False,0,99,0.0,True,False,False,False,0.01,0.0009090909090909,True,False,10,33°C or higher,False,27.1,PASSED
2026-06-16|24h_prior,2026-06-16,24h_prior,external_test,pooled_empirical_residual,empirical_residual,1.25,2026-06-16|01,1,T < 24°C,23°C or below,23°C or below,,24.0,True,False,True,False,0,99,0.0,True,False,False,False,0.01,0.0009090909090909,True,False,0,23°C or below,False,27.1,PASSED
2026-06-16|24h_prior,2026-06-16,24h_prior,external_test,pooled_empirical_residual,empirical_residual,1.25,2026-06-16|02,2,24°C ≤ T < 25°C,24°C,24°C,24.0,25.0,False,False,True,False,1,99,0.0101010101010101,True,False,False,False,0.01,0.0109090909090909,True,False,1,24°C,False,27.1,PASSED
2026-06-16|24h_prior,2026-06-16,24h_prior,external_test,pooled_empirical_residual,empirical_residual,1.25,2026-06-16|03,3,25°C ≤ T < 26°C,25°C,25°C,25.0,26.0,False,False,True,False,8,99,0.0808080808080808,True,False,False,False,0.01,0.0809090909090909,True,False,2,25°C,False,27.1,PASSED
2026-06-16|24h_prior,2026-06-16,24h_prior,external_test,pooled_empirical_residual,empirical_residual,1.25,2026-06-16|04,4,26°C ≤ T < 27°C,26°C,26°C,26.0,27.0,False,False,True,False,10,99,0.101010101010101,True,False,False,False,0.01,0.1009090909090908,True,False,3,26°C,False,27.1,PASSED
2026-06-16|24h_prior,2026-06-16,24h_prior,external_test,pooled_empirical_residual,empirical_residual,1.25,2026-06-16|05,5,27°C ≤ T < 28°C,27°C,27°C,27.0,28.0,False,False,True,False,28,99,0.2828282828282828,True,False,False,False,0.01,0.2809090909090909,True,False,4,27°C,True,27.1,PASSED
2026-06-16|24h_prior,2026-06-16,24h_prior,external_test,pooled_empirical_residual,empirical_residual,1.25,2026-06-16|06,6,28°C ≤ T < 29°C,28°C,28°C,28.0,29.0,False,False,True,False,25,99,0.2525252525252525,True,False,False,False,0.01,0.2509090909090908,True,False,5,28°C,False,27.1,PASSED
2026-06-16|24h_prior,2026-06-16,24h_prior,external_test,pooled_empirical_residual,empirical_residual,1.25,2026-06-16|07,7,29°C ≤ T < 30°C,29°C,29°C,29.0,30.0,False,False,True,False,20,99,0.202020202020202,True,False,False,False,0.01,0.2009090909090908,True,False,6,29°C,False,27.1,PASSED
2026-06-16|24h_prior,2026-06-16,24h_prior,external_test,pooled_empirical_residual,empirical_residual,1.25,2026-06-16|08,8,30°C ≤ T < 31°C,30°C,30°C,30.0,31.0,False,False,True,False,6,99,0.0606060606060606,True,False,False,False,0.01,0.0609090909090909,True,False,7,30°C,False,27.1,PASSED
2026-06-16|24h_prior,2026-06-16,24h_prior,external_test,pooled_empirical_residual,empirical_residual,1.25,2026-06-16|09,9,31°C ≤ T < 32°C,31°C,31°C,31.0,32.0,False,False,True,False,1,99,0.0101010101010101,True,False,False,False,0.01,0.0109090909090909,True,False,8,31°C,False,27.1,PASSED
2026-06-16|24h_prior,2026-06-16,24h_prior,external_test,pooled_empirical_residual,empirical_residual,1.25,2026-06-16|10,10,32°C ≤ T < 33°C,32°C,32°C,32.0,33.0,False,False,True,False,0,99,0.0,True,False,False,False,0.01,0.0009090909090909,True,False,9,32°C,False,27.1,PASSED
2026-06-16|24h_prior,2026-06-16,24h_prior,external_test,pooled_empirical_residual,empirical_residual,1.25,2026-06-16|11,11,T ≥ 33°C,33°C or higher,33°C or higher,33.0,,False,True,True,False,0,99,0.0,True,False,False,False,0.01,0.0009090909090909,True,False,10,33°C or higher,False,27.1,PASSED
2026-06-16|6h_prior,2026-06-16,6h_prior,external_test,pooled_empirical_residual,empirical_residual,1.25,2026-06-16|01,1,T < 24°C,23°C or below,23°C or below,,24.0,True,False,True,False,0,99,0.0,True,False,False,False,0.01,0.0009090909090909,True,False,0,23°C or below,False,27.1,PASSED
2026-06-16|6h_prior,2026-06-16,6h_prior,external_test,pooled_empirical_residual,empirical_residual,1.25,2026-06-16|02,2,24°C ≤ T < 25°C,24°C,24°C,24.0,25.0,False,False,True,False,0,99,0.0,True,False,False,False,0.01,0.0009090909090909,True,False,1,24°C,False,27.1,PASSED
2026-06-16|6h_prior,2026-06-16,6h_prior,external_test,pooled_empirical_residual,empirical_residual,1.25,2026-06-16|03,3,25°C ≤ T < 26°C,25°C,25°C,25.0,26.0,False,False,True,False,0,99,0.0,True,False,False,False,0.01,0.0009090909090909,True,False,2,25°C,False,27.1,PASSED
2026-06-16|6h_prior,2026-06-16,6h_prior,external_test,pooled_empirical_residual,empirical_residual,1.25,2026-06-16|04,4,26°C ≤ T < 27°C,26°C,26°C,26.0,27.0,False,False,True,False,6,99,0.0606060606060606,True,False,False,False,0.01,0.0609090909090909,True,False,3,26°C,False,27.1,PASSED
2026-06-16|6h_prior,2026-06-16,6h_prior,external_test,pooled_empirical_residual,empirical_residual,1.25,2026-06-16|05,5,27°C ≤ T < 28°C,27°C,27°C,27.0,28.0,False,False,True,False,10,99,0.101010101010101,True,False,False,False,0.01,0.1009090909090908,True,False,4,27°C,True,27.1,PASSED
2026-06-16|6h_prior,2026-06-16,6h_prior,external_test,pooled_empirical_residual,empirical_residual,1.25,2026-06-16|06,6,28°C ≤ T < 29°C,28°C,28°C,28.0,29.0,False,False,True,False,21,99,0.2121212121212121,True,False,False,False,0.01,0.2109090909090908,True,False,5,28°C,False,27.1,PASSED
2026-06-16|6h_prior,2026-06-16,6h_prior,external_test,pooled_empirical_residual,empirical_residual,1.25,2026-06-16|07,7,29°C ≤ T < 30°C,29°C,29°C,29.0,30.0,False,False,True,False,29,99,0.2929292929292929,True,False,False,False,0.01,0.2909090909090908,True,False,6,29°C,False,27.1,PASSED
2026-06-16|6h_prior,2026-06-16,6h_prior,external_test,pooled_empirical_residual,empirical_residual,1.25,2026-06-16|08,8,30°C ≤ T < 31°C,30°C,30°C,30.0,31.0,False,False,True,False,24,99,0.2424242424242424,True,False,False,False,0.01,0.2409090909090908,True,False,7,30°C,False,27.1,PASSED
2026-06-16|6h_prior,2026-06-16,6h_prior,external_test,pooled_empirical_residual,empirical_residual,1.25,2026-06-16|09,9,31°C ≤ T < 32°C,31°C,31°C,31.0,32.0,False,False,True,False,8,99,0.0808080808080808,True,False,False,False,0.01,0.0809090909090909,True,False,8,31°C,False,27.1,PASSED
2026-06-16|6h_prior,2026-06-16,6h_prior,external_test,pooled_empirical_residual,empirical_residual,1.25,2026-06-16|10,10,32°C ≤ T < 33°C,32°C,32°C,32.0,33.0,False,False,True,False,1,99,0.0101010101010101,True,False,False,False,0.01,0.0109090909090909,True,False,9,32°C,False,27.1,PASSED
2026-06-16|6h_prior,2026-06-16,6h_prior,external_test,pooled_empirical_residual,empirical_residual,1.25,2026-06-16|11,11,T ≥ 33°C,33°C or higher,33°C or higher,33.0,,False,True,True,False,0,99,0.0,True,False,False,False,0.01,0.0009090909090909,True,False,10,33°C or higher,False,27.1,PASSED
2026-06-16|event_day_open,2026-06-16,event_day_open,external_test,pooled_empirical_residual,empirical_residual,1.25,2026-06-16|01,1,T < 24°C,23°C or below,23°C or below,,24.0,True,False,True,False,0,99,0.0,True,False,False,False,0.01,0.0009090909090909,True,False,0,23°C or below,False,27.1,PASSED
2026-06-16|event_day_open,2026-06-16,event_day_open,external_test,pooled_empirical_residual,empirical_residual,1.25,2026-06-16|02,2,24°C ≤ T < 25°C,24°C,24°C,24.0,25.0,False,False,True,False,2,99,0.0202020202020202,True,False,False,False,0.01,0.0209090909090909,True,False,1,24°C,False,27.1,PASSED
2026-06-16|event_day_open,2026-06-16,event_day_open,external_test,pooled_empirical_residual,empirical_residual,1.25,2026-06-16|03,3,25°C ≤ T < 26°C,25°C,25°C,25.0,26.0,False,False,True,False,9,99,0.0909090909090909,True,False,False,False,0.01,0.0909090909090909,True,False,2,25°C,False,27.1,PASSED
2026-06-16|event_day_open,2026-06-16,event_day_open,external_test,pooled_empirical_residual,empirical_residual,1.25,2026-06-16|04,4,26°C ≤ T < 27°C,26°C,26°C,26.0,27.0,False,False,True,False,10,99,0.101010101010101,True,False,False,False,0.01,0.1009090909090908,True,False,3,26°C,False,27.1,PASSED
2026-06-16|event_day_open,2026-06-16,event_day_open,external_test,pooled_empirical_residual,empirical_residual,1.25,2026-06-16|05,5,27°C ≤ T < 28°C,27°C,27°C,27.0,28.0,False,False,True,False,32,99,0.3232323232323232,True,False,False,False,0.01,0.3209090909090908,True,False,4,27°C,True,27.1,PASSED
2026-06-16|event_day_open,2026-06-16,event_day_open,external_test,pooled_empirical_residual,empirical_residual,1.25,2026-06-16|06,6,28°C ≤ T < 29°C,28°C,28°C,28.0,29.0,False,False,True,False,23,99,0.2323232323232323,True,False,False,False,0.01,0.2309090909090908,True,False,5,28°C,False,27.1,PASSED
2026-06-16|event_day_open,2026-06-16,event_day_open,external_test,pooled_empirical_residual,empirical_residual,1.25,2026-06-16|07,7,29°C ≤ T < 30°C,29°C,29°C,29.0,30.0,False,False,True,False,18,99,0.1818181818181818,True,False,False,False,0.01,0.1809090909090908,True,False,6,29°C,False,27.1,PASSED
2026-06-16|event_day_open,2026-06-16,event_day_open,external_test,pooled_empirical_residual,empirical_residual,1.25,2026-06-16|08,8,30°C ≤ T < 31°C,30°C,30°C,30.0,31.0,False,False,True,False,5,99,0.0505050505050505,True,False,False,False,0.01,0.0509090909090909,True,False,7,30°C,False,27.1,PASSED
2026-06-16|event_day_open,2026-06-16,event_day_open,external_test,pooled_empirical_residual,empirical_residual,1.25,2026-06-16|09,9,31°C ≤ T < 32°C,31°C,31°C,31.0,32.0,False,False,True,False,0,99,0.0,True,False,False,False,0.01,0.0009090909090909,True,False,8,31°C,False,27.1,PASSED
2026-06-16|event_day_open,2026-06-16,event_day_open,external_test,pooled_empirical_residual,empirical_residual,1.25,2026-06-16|10,10,32°C ≤ T < 33°C,32°C,32°C,32.0,33.0,False,False,True,False,0,99,0.0,True,False,False,False,0.01,0.0009090909090909,True,False,9,32°C,False,27.1,PASSED
2026-06-16|event_day_open,2026-06-16,event_day_open,external_test,pooled_empirical_residual,empirical_residual,1.25,2026-06-16|11,11,T ≥ 33°C,33°C or higher,33°C or higher,33.0,,False,True,True,False,0,99,0.0,True,False,False,False,0.01,0.0009090909090909,True,False,10,33°C or higher,False,27.1,PASSED
2026-06-17|12h_prior,2026-06-17,12h_prior,external_test,pooled_empirical_residual,empirical_residual,1.25,2026-06-17|01,1,T < 24°C,23°C or below,23°C or below,,24.0,True,False,True,False,0,99,0.0,True,False,False,False,0.01,0.0009090909090909,True,False,0,23°C or below,False,28.4,PASSED
2026-06-17|12h_prior,2026-06-17,12h_prior,external_test,pooled_empirical_residual,empirical_residual,1.25,2026-06-17|02,2,24°C ≤ T < 25°C,24°C,24°C,24.0,25.0,False,False,True,False,0,99,0.0,True,False,False,False,0.01,0.0009090909090909,True,False,1,24°C,False,28.4,PASSED
2026-06-17|12h_prior,2026-06-17,12h_prior,external_test,pooled_empirical_residual,empirical_residual,1.25,2026-06-17|03,3,25°C ≤ T < 26°C,25°C,25°C,25.0,26.0,False,False,True,False,4,99,0.0404040404040404,True,False,False,False,0.01,0.0409090909090909,True,False,2,25°C,False,28.4,PASSED
2026-06-17|12h_prior,2026-06-17,12h_prior,external_test,pooled_empirical_residual,empirical_residual,1.25,2026-06-17|04,4,26°C ≤ T < 27°C,26°C,26°C,26.0,27.0,False,False,True,False,9,99,0.0909090909090909,True,False,False,False,0.01,0.0909090909090909,True,False,3,26°C,False,28.4,PASSED
2026-06-17|12h_prior,2026-06-17,12h_prior,external_test,pooled_empirical_residual,empirical_residual,1.25,2026-06-17|05,5,27°C ≤ T < 28°C,27°C,27°C,27.0,28.0,False,False,True,False,15,99,0.1515151515151515,True,False,False,False,0.01,0.1509090909090908,True,False,4,27°C,False,28.4,PASSED
2026-06-17|12h_prior,2026-06-17,12h_prior,external_test,pooled_empirical_residual,empirical_residual,1.25,2026-06-17|06,6,28°C ≤ T < 29°C,28°C,28°C,28.0,29.0,False,False,True,False,32,99,0.3232323232323232,True,False,False,False,0.01,0.3209090909090908,True,False,5,28°C,True,28.4,PASSED
2026-06-17|12h_prior,2026-06-17,12h_prior,external_test,pooled_empirical_residual,empirical_residual,1.25,2026-06-17|07,7,29°C ≤ T < 30°C,29°C,29°C,29.0,30.0,False,False,True,False,22,99,0.2222222222222222,True,False,False,False,0.01,0.2209090909090909,True,False,6,29°C,False,28.4,PASSED
2026-06-17|12h_prior,2026-06-17,12h_prior,external_test,pooled_empirical_residual,empirical_residual,1.25,2026-06-17|08,8,30°C ≤ T < 31°C,30°C,30°C,30.0,31.0,False,False,True,False,15,99,0.1515151515151515,True,False,False,False,0.01,0.1509090909090908,True,False,7,30°C,False,28.4,PASSED
2026-06-17|12h_prior,2026-06-17,12h_prior,external_test,pooled_empirical_residual,empirical_residual,1.25,2026-06-17|09,9,31°C ≤ T < 32°C,31°C,31°C,31.0,32.0,False,False,True,False,2,99,0.0202020202020202,True,False,False,False,0.01,0.0209090909090909,True,False,8,31°C,False,28.4,PASSED
2026-06-17|12h_prior,2026-06-17,12h_prior,external_test,pooled_empirical_residual,empirical_residual,1.25,2026-06-17|10,10,32°C ≤ T < 33°C,32°C,32°C,32.0,33.0,False,False,True,False,0,99,0.0,True,False,False,False,0.01,0.0009090909090909,True,False,9,32°C,False,28.4,PASSED
2026-06-17|12h_prior,2026-06-17,12h_prior,external_test,pooled_empirical_residual,empirical_residual,1.25,2026-06-17|11,11,T ≥ 33°C,33°C or higher,33°C or higher,33.0,,False,True,True,False,0,99,0.0,True,False,False,False,0.01,0.0009090909090909,True,False,10,33°C or higher,False,28.4,PASSED
2026-06-17|24h_prior,2026-06-17,24h_prior,external_test,pooled_empirical_residual,empirical_residual,1.25,2026-06-17|01,1,T < 24°C,23°C or below,23°C or below,,24.0,True,False,True,False,0,99,0.0,True,False,False,False,0.01,0.0009090909090909,True,False,0,23°C or below,False,28.4,PASSED
2026-06-17|24h_prior,2026-06-17,24h_prior,external_test,pooled_empirical_residual,empirical_residual,1.25,2026-06-17|02,2,24°C ≤ T < 25°C,24°C,24°C,24.0,25.0,False,False,True,False,1,99,0.0101010101010101,True,False,False,False,0.01,0.0109090909090909,True,False,1,24°C,False,28.4,PASSED
2026-06-17|24h_prior,2026-06-17,24h_prior,external_test,pooled_empirical_residual,empirical_residual,1.25,2026-06-17|03,3,25°C ≤ T < 26°C,25°C,25°C,25.0,26.0,False,False,True,False,8,99,0.0808080808080808,True,False,False,False,0.01,0.0809090909090909,True,False,2,25°C,False,28.4,PASSED
2026-06-17|24h_prior,2026-06-17,24h_prior,external_test,pooled_empirical_residual,empirical_residual,1.25,2026-06-17|04,4,26°C ≤ T < 27°C,26°C,26°C,26.0,27.0,False,False,True,False,8,99,0.0808080808080808,True,False,False,False,0.01,0.0809090909090909,True,False,3,26°C,False,28.4,PASSED
2026-06-17|24h_prior,2026-06-17,24h_prior,external_test,pooled_empirical_residual,empirical_residual,1.25,2026-06-17|05,5,27°C ≤ T < 28°C,27°C,27°C,27.0,28.0,False,False,True,False,25,99,0.2525252525252525,True,False,False,False,0.01,0.2509090909090908,True,False,4,27°C,False,28.4,PASSED
2026-06-17|24h_prior,2026-06-17,24h_prior,external_test,pooled_empirical_residual,empirical_residual,1.25,2026-06-17|06,6,28°C ≤ T < 29°C,28°C,28°C,28.0,29.0,False,False,True,False,28,99,0.2828282828282828,True,False,False,False,0.01,0.2809090909090909,True,False,5,28°C,True,28.4,PASSED
2026-06-17|24h_prior,2026-06-17,24h_prior,external_test,pooled_empirical_residual,empirical_residual,1.25,2026-06-17|07,7,29°C ≤ T < 30°C,29°C,29°C,29.0,30.0,False,False,True,False,21,99,0.2121212121212121,True,False,False,False,0.01,0.2109090909090908,True,False,6,29°C,False,28.4,PASSED
2026-06-17|24h_prior,2026-06-17,24h_prior,external_test,pooled_empirical_residual,empirical_residual,1.25,2026-06-17|08,8,30°C ≤ T < 31°C,30°C,30°C,30.0,31.0,False,False,True,False,7,99,0.0707070707070707,True,False,False,False,0.01,0.0709090909090909,True,False,7,30°C,False,28.4,PASSED
2026-06-17|24h_prior,2026-06-17,24h_prior,external_test,pooled_empirical_residual,empirical_residual,1.25,2026-06-17|09,9,31°C ≤ T < 32°C,31°C,31°C,31.0,32.0,False,False,True,False,1,99,0.0101010101010101,True,False,False,False,0.01,0.0109090909090909,True,False,8,31°C,False,28.4,PASSED
2026-06-17|24h_prior,2026-06-17,24h_prior,external_test,pooled_empirical_residual,empirical_residual,1.25,2026-06-17|10,10,32°C ≤ T < 33°C,32°C,32°C,32.0,33.0,False,False,True,False,0,99,0.0,True,False,False,False,0.01,0.0009090909090909,True,False,9,32°C,False,28.4,PASSED
2026-06-17|24h_prior,2026-06-17,24h_prior,external_test,pooled_empirical_residual,empirical_residual,1.25,2026-06-17|11,11,T ≥ 33°C,33°C or higher,33°C or higher,33.0,,False,True,True,False,0,99,0.0,True,False,False,False,0.01,0.0009090909090909,True,False,10,33°C or higher,False,28.4,PASSED
2026-06-17|6h_prior,2026-06-17,6h_prior,external_test,pooled_empirical_residual,empirical_residual,1.25,2026-06-17|01,1,T < 24°C,23°C or below,23°C or below,,24.0,True,False,True,False,0,99,0.0,True,False,False,False,0.01,0.0009090909090909,True,False,0,23°C or below,False,28.4,PASSED
2026-06-17|6h_prior,2026-06-17,6h_prior,external_test,pooled_empirical_residual,empirical_residual,1.25,2026-06-17|02,2,24°C ≤ T < 25°C,24°C,24°C,24.0,25.0,False,False,True,False,1,99,0.0101010101010101,True,False,False,False,0.01,0.0109090909090909,True,False,1,24°C,False,28.4,PASSED
2026-06-17|6h_prior,2026-06-17,6h_prior,external_test,pooled_empirical_residual,empirical_residual,1.25,2026-06-17|03,3,25°C ≤ T < 26°C,25°C,25°C,25.0,26.0,False,False,True,False,8,99,0.0808080808080808,True,False,False,False,0.01,0.0809090909090909,True,False,2,25°C,False,28.4,PASSED
2026-06-17|6h_prior,2026-06-17,6h_prior,external_test,pooled_empirical_residual,empirical_residual,1.25,2026-06-17|04,4,26°C ≤ T < 27°C,26°C,26°C,26.0,27.0,False,False,True,False,10,99,0.101010101010101,True,False,False,False,0.01,0.1009090909090908,True,False,3,26°C,False,28.4,PASSED
2026-06-17|6h_prior,2026-06-17,6h_prior,external_test,pooled_empirical_residual,empirical_residual,1.25,2026-06-17|05,5,27°C ≤ T < 28°C,27°C,27°C,27.0,28.0,False,False,True,False,28,99,0.2828282828282828,True,False,False,False,0.01,0.2809090909090909,True,False,4,27°C,False,28.4,PASSED
2026-06-17|6h_prior,2026-06-17,6h_prior,external_test,pooled_empirical_residual,empirical_residual,1.25,2026-06-17|06,6,28°C ≤ T < 29°C,28°C,28°C,28.0,29.0,False,False,True,False,25,99,0.2525252525252525,True,False,False,False,0.01,0.2509090909090908,True,False,5,28°C,True,28.4,PASSED
2026-06-17|6h_prior,2026-06-17,6h_prior,external_test,pooled_empirical_residual,empirical_residual,1.25,2026-06-17|07,7,29°C ≤ T < 30°C,29°C,29°C,29.0,30.0,False,False,True,False,20,99,0.202020202020202,True,False,False,False,0.01,0.2009090909090908,True,False,6,29°C,False,28.4,PASSED
2026-06-17|6h_prior,2026-06-17,6h_prior,external_test,pooled_empirical_residual,empirical_residual,1.25,2026-06-17|08,8,30°C ≤ T < 31°C,30°C,30°C,30.0,31.0,False,False,True,False,6,99,0.0606060606060606,True,False,False,False,0.01,0.0609090909090909,True,False,7,30°C,False,28.4,PASSED
2026-06-17|6h_prior,2026-06-17,6h_prior,external_test,pooled_empirical_residual,empirical_residual,1.25,2026-06-17|09,9,31°C ≤ T < 32°C,31°C,31°C,31.0,32.0,False,False,True,False,1,99,0.0101010101010101,True,False,False,False,0.01,0.0109090909090909,True,False,8,31°C,False,28.4,PASSED
2026-06-17|6h_prior,2026-06-17,6h_prior,external_test,pooled_empirical_residual,empirical_residual,1.25,2026-06-17|10,10,32°C ≤ T < 33°C,32°C,32°C,32.0,33.0,False,False,True,False,0,99,0.0,True,False,False,False,0.01,0.0009090909090909,True,False,9,32°C,False,28.4,PASSED
2026-06-17|6h_prior,2026-06-17,6h_prior,external_test,pooled_empirical_residual,empirical_residual,1.25,2026-06-17|11,11,T ≥ 33°C,33°C or higher,33°C or higher,33.0,,False,True,True,False,0,99,0.0,True,False,False,False,0.01,0.0009090909090909,True,False,10,33°C or higher,False,28.4,PASSED
2026-06-17|event_day_open,2026-06-17,event_day_open,external_test,pooled_empirical_residual,empirical_residual,1.25,2026-06-17|01,1,T < 24°C,23°C or below,23°C or below,,24.0,True,False,True,False,0,99,0.0,True,False,False,False,0.01,0.0009090909090909,True,False,0,23°C or below,False,28.4,PASSED
2026-06-17|event_day_open,2026-06-17,event_day_open,external_test,pooled_empirical_residual,empirical_residual,1.25,2026-06-17|02,2,24°C ≤ T < 25°C,24°C,24°C,24.0,25.0,False,False,True,False,0,99,0.0,True,False,False,False,0.01,0.0009090909090909,True,False,1,24°C,False,28.4,PASSED
2026-06-17|event_day_open,2026-06-17,event_day_open,external_test,pooled_empirical_residual,empirical_residual,1.25,2026-06-17|03,3,25°C ≤ T < 26°C,25°C,25°C,25.0,26.0,False,False,True,False,3,99,0.0303030303030303,True,False,False,False,0.01,0.0309090909090909,True,False,2,25°C,False,28.4,PASSED
2026-06-17|event_day_open,2026-06-17,event_day_open,external_test,pooled_empirical_residual,empirical_residual,1.25,2026-06-17|04,4,26°C ≤ T < 27°C,26°C,26°C,26.0,27.0,False,False,True,False,10,99,0.101010101010101,True,False,False,False,0.01,0.1009090909090908,True,False,3,26°C,False,28.4,PASSED
2026-06-17|event_day_open,2026-06-17,event_day_open,external_test,pooled_empirical_residual,empirical_residual,1.25,2026-06-17|05,5,27°C ≤ T < 28°C,27°C,27°C,27.0,28.0,False,False,True,False,11,99,0.1111111111111111,True,False,False,False,0.01,0.1109090909090909,True,False,4,27°C,False,28.4,PASSED
2026-06-17|event_day_open,2026-06-17,event_day_open,external_test,pooled_empirical_residual,empirical_residual,1.25,2026-06-17|06,6,28°C ≤ T < 29°C,28°C,28°C,28.0,29.0,False,False,True,False,32,99,0.3232323232323232,True,False,False,False,0.01,0.3209090909090908,True,False,5,28°C,True,28.4,PASSED
2026-06-17|event_day_open,2026-06-17,event_day_open,external_test,pooled_empirical_residual,empirical_residual,1.25,2026-06-17|07,7,29°C ≤ T < 30°C,29°C,29°C,29.0,30.0,False,False,True,False,22,99,0.2222222222222222,True,False,False,False,0.01,0.2209090909090909,True,False,6,29°C,False,28.4,PASSED
2026-06-17|event_day_open,2026-06-17,event_day_open,external_test,pooled_empirical_residual,empirical_residual,1.25,2026-06-17|08,8,30°C ≤ T < 31°C,30°C,30°C,30.0,31.0,False,False,True,False,18,99,0.1818181818181818,True,False,False,False,0.01,0.1809090909090908,True,False,7,30°C,False,28.4,PASSED
2026-06-17|event_day_open,2026-06-17,event_day_open,external_test,pooled_empirical_residual,empirical_residual,1.25,2026-06-17|09,9,31°C ≤ T < 32°C,31°C,31°C,31.0,32.0,False,False,True,False,3,99,0.0303030303030303,True,False,False,False,0.01,0.0309090909090909,True,False,8,31°C,False,28.4,PASSED
2026-06-17|event_day_open,2026-06-17,event_day_open,external_test,pooled_empirical_residual,empirical_residual,1.25,2026-06-17|10,10,32°C ≤ T < 33°C,32°C,32°C,32.0,33.0,False,False,True,False,0,99,0.0,True,False,False,False,0.01,0.0009090909090909,True,False,9,32°C,False,28.4,PASSED
2026-06-17|event_day_open,2026-06-17,event_day_open,external_test,pooled_empirical_residual,empirical_residual,1.25,2026-06-17|11,11,T ≥ 33°C,33°C or higher,33°C or higher,33.0,,False,True,True,False,0,99,0.0,True,False,False,False,0.01,0.0009090909090909,True,False,10,33°C or higher,False,28.4,PASSED
2026-06-18|12h_prior,2026-06-18,12h_prior,external_test,pooled_empirical_residual,empirical_residual,1.25,2026-06-18|01,1,T < 25°C,24°C or below,24°C or below,,25.0,True,False,True,False,0,99,0.0,True,False,False,False,0.01,0.0009090909090909,True,False,0,24°C or below,False,29.0,PASSED
2026-06-18|12h_prior,2026-06-18,12h_prior,external_test,pooled_empirical_residual,empirical_residual,1.25,2026-06-18|02,2,25°C ≤ T < 26°C,25°C,25°C,25.0,26.0,False,False,True,False,0,99,0.0,True,False,False,False,0.01,0.0009090909090909,True,False,1,25°C,False,29.0,PASSED
2026-06-18|12h_prior,2026-06-18,12h_prior,external_test,pooled_empirical_residual,empirical_residual,1.25,2026-06-18|03,3,26°C ≤ T < 27°C,26°C,26°C,26.0,27.0,False,False,True,False,2,99,0.0202020202020202,True,False,False,False,0.01,0.0209090909090909,True,False,2,26°C,False,29.0,PASSED
2026-06-18|12h_prior,2026-06-18,12h_prior,external_test,pooled_empirical_residual,empirical_residual,1.25,2026-06-18|04,4,27°C ≤ T < 28°C,27°C,27°C,27.0,28.0,False,False,True,False,9,99,0.0909090909090909,True,False,False,False,0.01,0.0909090909090909,True,False,3,27°C,False,29.0,PASSED
2026-06-18|12h_prior,2026-06-18,12h_prior,external_test,pooled_empirical_residual,empirical_residual,1.25,2026-06-18|05,5,28°C ≤ T < 29°C,28°C,28°C,28.0,29.0,False,False,True,False,10,99,0.101010101010101,True,False,False,False,0.01,0.1009090909090908,True,False,4,28°C,False,29.0,PASSED
2026-06-18|12h_prior,2026-06-18,12h_prior,external_test,pooled_empirical_residual,empirical_residual,1.25,2026-06-18|06,6,29°C ≤ T < 30°C,29°C,29°C,29.0,30.0,False,False,True,False,32,99,0.3232323232323232,True,False,False,False,0.01,0.3209090909090908,True,False,5,29°C,True,29.0,PASSED
2026-06-18|12h_prior,2026-06-18,12h_prior,external_test,pooled_empirical_residual,empirical_residual,1.25,2026-06-18|07,7,30°C ≤ T < 31°C,30°C,30°C,30.0,31.0,False,False,True,False,23,99,0.2323232323232323,True,False,False,False,0.01,0.2309090909090908,True,False,6,30°C,False,29.0,PASSED
2026-06-18|12h_prior,2026-06-18,12h_prior,external_test,pooled_empirical_residual,empirical_residual,1.25,2026-06-18|08,8,31°C ≤ T < 32°C,31°C,31°C,31.0,32.0,False,False,True,False,18,99,0.1818181818181818,True,False,False,False,0.01,0.1809090909090908,True,False,7,31°C,False,29.0,PASSED
2026-06-18|12h_prior,2026-06-18,12h_prior,external_test,pooled_empirical_residual,empirical_residual,1.25,2026-06-18|09,9,32°C ≤ T < 33°C,32°C,32°C,32.0,33.0,False,False,True,False,5,99,0.0505050505050505,True,False,False,False,0.01,0.0509090909090909,True,False,8,32°C,False,29.0,PASSED
2026-06-18|12h_prior,2026-06-18,12h_prior,external_test,pooled_empirical_residual,empirical_residual,1.25,2026-06-18|10,10,33°C ≤ T < 34°C,33°C,33°C,33.0,34.0,False,False,True,False,0,99,0.0,True,False,False,False,0.01,0.0009090909090909,True,False,9,33°C,False,29.0,PASSED
2026-06-18|12h_prior,2026-06-18,12h_prior,external_test,pooled_empirical_residual,empirical_residual,1.25,2026-06-18|11,11,T ≥ 34°C,34°C or higher,34°C or higher,34.0,,False,True,True,False,0,99,0.0,True,False,False,False,0.01,0.0009090909090909,True,False,10,34°C or higher,False,29.0,PASSED
2026-06-18|24h_prior,2026-06-18,24h_prior,external_test,pooled_empirical_residual,empirical_residual,1.25,2026-06-18|01,1,T < 25°C,24°C or below,24°C or below,,25.0,True,False,True,False,3,99,0.0303030303030303,True,False,False,False,0.01,0.0309090909090909,True,False,0,24°C or below,False,29.0,PASSED
2026-06-18|24h_prior,2026-06-18,24h_prior,external_test,pooled_empirical_residual,empirical_residual,1.25,2026-06-18|02,2,25°C ≤ T < 26°C,25°C,25°C,25.0,26.0,False,False,True,False,10,99,0.101010101010101,True,False,False,False,0.01,0.1009090909090908,True,False,1,25°C,False,29.0,PASSED
2026-06-18|24h_prior,2026-06-18,24h_prior,external_test,pooled_empirical_residual,empirical_residual,1.25,2026-06-18|03,3,26°C ≤ T < 27°C,26°C,26°C,26.0,27.0,False,False,True,False,11,99,0.1111111111111111,True,False,False,False,0.01,0.1109090909090909,True,False,2,26°C,False,29.0,PASSED
2026-06-18|24h_prior,2026-06-18,24h_prior,external_test,pooled_empirical_residual,empirical_residual,1.25,2026-06-18|04,4,27°C ≤ T < 28°C,27°C,27°C,27.0,28.0,False,False,True,False,32,99,0.3232323232323232,True,False,False,False,0.01,0.3209090909090908,True,False,3,27°C,False,29.0,PASSED
2026-06-18|24h_prior,2026-06-18,24h_prior,external_test,pooled_empirical_residual,empirical_residual,1.25,2026-06-18|05,5,28°C ≤ T < 29°C,28°C,28°C,28.0,29.0,False,False,True,False,22,99,0.2222222222222222,True,False,False,False,0.01,0.2209090909090909,True,False,4,28°C,False,29.0,PASSED
2026-06-18|24h_prior,2026-06-18,24h_prior,external_test,pooled_empirical_residual,empirical_residual,1.25,2026-06-18|06,6,29°C ≤ T < 30°C,29°C,29°C,29.0,30.0,False,False,True,False,18,99,0.1818181818181818,True,False,False,False,0.01,0.1809090909090908,True,False,5,29°C,True,29.0,PASSED
2026-06-18|24h_prior,2026-06-18,24h_prior,external_test,pooled_empirical_residual,empirical_residual,1.25,2026-06-18|07,7,30°C ≤ T < 31°C,30°C,30°C,30.0,31.0,False,False,True,False,3,99,0.0303030303030303,True,False,False,False,0.01,0.0309090909090909,True,False,6,30°C,False,29.0,PASSED
2026-06-18|24h_prior,2026-06-18,24h_prior,external_test,pooled_empirical_residual,empirical_residual,1.25,2026-06-18|08,8,31°C ≤ T < 32°C,31°C,31°C,31.0,32.0,False,False,True,False,0,99,0.0,True,False,False,False,0.01,0.0009090909090909,True,False,7,31°C,False,29.0,PASSED
2026-06-18|24h_prior,2026-06-18,24h_prior,external_test,pooled_empirical_residual,empirical_residual,1.25,2026-06-18|09,9,32°C ≤ T < 33°C,32°C,32°C,32.0,33.0,False,False,True,False,0,99,0.0,True,False,False,False,0.01,0.0009090909090909,True,False,8,32°C,False,29.0,PASSED
2026-06-18|24h_prior,2026-06-18,24h_prior,external_test,pooled_empirical_residual,empirical_residual,1.25,2026-06-18|10,10,33°C ≤ T < 34°C,33°C,33°C,33.0,34.0,False,False,True,False,0,99,0.0,True,False,False,False,0.01,0.0009090909090909,True,False,9,33°C,False,29.0,PASSED
2026-06-18|24h_prior,2026-06-18,24h_prior,external_test,pooled_empirical_residual,empirical_residual,1.25,2026-06-18|11,11,T ≥ 34°C,34°C or higher,34°C or higher,34.0,,False,True,True,False,0,99,0.0,True,False,False,False,0.01,0.0009090909090909,True,False,10,34°C or higher,False,29.0,PASSED
2026-06-18|6h_prior,2026-06-18,6h_prior,external_test,pooled_empirical_residual,empirical_residual,1.25,2026-06-18|01,1,T < 25°C,24°C or below,24°C or below,,25.0,True,False,True,False,0,99,0.0,True,False,False,False,0.01,0.0009090909090909,True,False,0,24°C or below,False,29.0,PASSED
2026-06-18|6h_prior,2026-06-18,6h_prior,external_test,pooled_empirical_residual,empirical_residual,1.25,2026-06-18|02,2,25°C ≤ T < 26°C,25°C,25°C,25.0,26.0,False,False,True,False,1,99,0.0101010101010101,True,False,False,False,0.01,0.0109090909090909,True,False,1,25°C,False,29.0,PASSED
2026-06-18|6h_prior,2026-06-18,6h_prior,external_test,pooled_empirical_residual,empirical_residual,1.25,2026-06-18|03,3,26°C ≤ T < 27°C,26°C,26°C,26.0,27.0,False,False,True,False,8,99,0.0808080808080808,True,False,False,False,0.01,0.0809090909090909,True,False,2,26°C,False,29.0,PASSED
2026-06-18|6h_prior,2026-06-18,6h_prior,external_test,pooled_empirical_residual,empirical_residual,1.25,2026-06-18|04,4,27°C ≤ T < 28°C,27°C,27°C,27.0,28.0,False,False,True,False,10,99,0.101010101010101,True,False,False,False,0.01,0.1009090909090908,True,False,3,27°C,False,29.0,PASSED
2026-06-18|6h_prior,2026-06-18,6h_prior,external_test,pooled_empirical_residual,empirical_residual,1.25,2026-06-18|05,5,28°C ≤ T < 29°C,28°C,28°C,28.0,29.0,False,False,True,False,28,99,0.2828282828282828,True,False,False,False,0.01,0.2809090909090909,True,False,4,28°C,False,29.0,PASSED
2026-06-18|6h_prior,2026-06-18,6h_prior,external_test,pooled_empirical_residual,empirical_residual,1.25,2026-06-18|06,6,29°C ≤ T < 30°C,29°C,29°C,29.0,30.0,False,False,True,False,25,99,0.2525252525252525,True,False,False,False,0.01,0.2509090909090908,True,False,5,29°C,True,29.0,PASSED
2026-06-18|6h_prior,2026-06-18,6h_prior,external_test,pooled_empirical_residual,empirical_residual,1.25,2026-06-18|07,7,30°C ≤ T < 31°C,30°C,30°C,30.0,31.0,False,False,True,False,20,99,0.202020202020202,True,False,False,False,0.01,0.2009090909090908,True,False,6,30°C,False,29.0,PASSED
2026-06-18|6h_prior,2026-06-18,6h_prior,external_test,pooled_empirical_residual,empirical_residual,1.25,2026-06-18|08,8,31°C ≤ T < 32°C,31°C,31°C,31.0,32.0,False,False,True,False,6,99,0.0606060606060606,True,False,False,False,0.01,0.0609090909090909,True,False,7,31°C,False,29.0,PASSED
2026-06-18|6h_prior,2026-06-18,6h_prior,external_test,pooled_empirical_residual,empirical_residual,1.25,2026-06-18|09,9,32°C ≤ T < 33°C,32°C,32°C,32.0,33.0,False,False,True,False,1,99,0.0101010101010101,True,False,False,False,0.01,0.0109090909090909,True,False,8,32°C,False,29.0,PASSED
2026-06-18|6h_prior,2026-06-18,6h_prior,external_test,pooled_empirical_residual,empirical_residual,1.25,2026-06-18|10,10,33°C ≤ T < 34°C,33°C,33°C,33.0,34.0,False,False,True,False,0,99,0.0,True,False,False,False,0.01,0.0009090909090909,True,False,9,33°C,False,29.0,PASSED
2026-06-18|6h_prior,2026-06-18,6h_prior,external_test,pooled_empirical_residual,empirical_residual,1.25,2026-06-18|11,11,T ≥ 34°C,34°C or higher,34°C or higher,34.0,,False,True,True,False,0,99,0.0,True,False,False,False,0.01,0.0009090909090909,True,False,10,34°C or higher,False,29.0,PASSED
2026-06-18|event_day_open,2026-06-18,event_day_open,external_test,pooled_empirical_residual,empirical_residual,1.25,2026-06-18|01,1,T < 25°C,24°C or below,24°C or below,,25.0,True,False,True,False,0,99,0.0,True,False,False,False,0.01,0.0009090909090909,True,False,0,24°C or below,False,29.0,PASSED
2026-06-18|event_day_open,2026-06-18,event_day_open,external_test,pooled_empirical_residual,empirical_residual,1.25,2026-06-18|02,2,25°C ≤ T < 26°C,25°C,25°C,25.0,26.0,False,False,True,False,0,99,0.0,True,False,False,False,0.01,0.0009090909090909,True,False,1,25°C,False,29.0,PASSED
2026-06-18|event_day_open,2026-06-18,event_day_open,external_test,pooled_empirical_residual,empirical_residual,1.25,2026-06-18|03,3,26°C ≤ T < 27°C,26°C,26°C,26.0,27.0,False,False,True,False,6,99,0.0606060606060606,True,False,False,False,0.01,0.0609090909090909,True,False,2,26°C,False,29.0,PASSED
2026-06-18|event_day_open,2026-06-18,event_day_open,external_test,pooled_empirical_residual,empirical_residual,1.25,2026-06-18|04,4,27°C ≤ T < 28°C,27°C,27°C,27.0,28.0,False,False,True,False,10,99,0.101010101010101,True,False,False,False,0.01,0.1009090909090908,True,False,3,27°C,False,29.0,PASSED
2026-06-18|event_day_open,2026-06-18,event_day_open,external_test,pooled_empirical_residual,empirical_residual,1.25,2026-06-18|05,5,28°C ≤ T < 29°C,28°C,28°C,28.0,29.0,False,False,True,False,21,99,0.2121212121212121,True,False,False,False,0.01,0.2109090909090908,True,False,4,28°C,False,29.0,PASSED
2026-06-18|event_day_open,2026-06-18,event_day_open,external_test,pooled_empirical_residual,empirical_residual,1.25,2026-06-18|06,6,29°C ≤ T < 30°C,29°C,29°C,29.0,30.0,False,False,True,False,29,99,0.2929292929292929,True,False,False,False,0.01,0.2909090909090908,True,False,5,29°C,True,29.0,PASSED
2026-06-18|event_day_open,2026-06-18,event_day_open,external_test,pooled_empirical_residual,empirical_residual,1.25,2026-06-18|07,7,30°C ≤ T < 31°C,30°C,30°C,30.0,31.0,False,False,True,False,24,99,0.2424242424242424,True,False,False,False,0.01,0.2409090909090908,True,False,6,30°C,False,29.0,PASSED
2026-06-18|event_day_open,2026-06-18,event_day_open,external_test,pooled_empirical_residual,empirical_residual,1.25,2026-06-18|08,8,31°C ≤ T < 32°C,31°C,31°C,31.0,32.0,False,False,True,False,8,99,0.0808080808080808,True,False,False,False,0.01,0.0809090909090909,True,False,7,31°C,False,29.0,PASSED
2026-06-18|event_day_open,2026-06-18,event_day_open,external_test,pooled_empirical_residual,empirical_residual,1.25,2026-06-18|09,9,32°C ≤ T < 33°C,32°C,32°C,32.0,33.0,False,False,True,False,1,99,0.0101010101010101,True,False,False,False,0.01,0.0109090909090909,True,False,8,32°C,False,29.0,PASSED
2026-06-18|event_day_open,2026-06-18,event_day_open,external_test,pooled_empirical_residual,empirical_residual,1.25,2026-06-18|10,10,33°C ≤ T < 34°C,33°C,33°C,33.0,34.0,False,False,True,False,0,99,0.0,True,False,False,False,0.01,0.0009090909090909,True,False,9,33°C,False,29.0,PASSED
2026-06-18|event_day_open,2026-06-18,event_day_open,external_test,pooled_empirical_residual,empirical_residual,1.25,2026-06-18|11,11,T ≥ 34°C,34°C or higher,34°C or higher,34.0,,False,True,True,False,0,99,0.0,True,False,False,False,0.01,0.0009090909090909,True,False,10,34°C or higher,False,29.0,PASSED
2026-06-19|12h_prior,2026-06-19,12h_prior,external_test,pooled_empirical_residual,empirical_residual,1.25,2026-06-19|01,1,T < 26°C,25°C or below,25°C or below,,26.0,True,False,True,False,0,99,0.0,True,False,False,False,0.01,0.0009090909090909,True,False,0,25°C or below,False,31.3,PASSED
2026-06-19|12h_prior,2026-06-19,12h_prior,external_test,pooled_empirical_residual,empirical_residual,1.25,2026-06-19|02,2,26°C ≤ T < 27°C,26°C,26°C,26.0,27.0,False,False,True,False,0,99,0.0,True,False,False,False,0.01,0.0009090909090909,True,False,1,26°C,False,31.3,PASSED
2026-06-19|12h_prior,2026-06-19,12h_prior,external_test,pooled_empirical_residual,empirical_residual,1.25,2026-06-19|03,3,27°C ≤ T < 28°C,27°C,27°C,27.0,28.0,False,False,True,False,1,99,0.0101010101010101,True,False,False,False,0.01,0.0109090909090909,True,False,2,27°C,False,31.3,PASSED
2026-06-19|12h_prior,2026-06-19,12h_prior,external_test,pooled_empirical_residual,empirical_residual,1.25,2026-06-19|04,4,28°C ≤ T < 29°C,28°C,28°C,28.0,29.0,False,False,True,False,8,99,0.0808080808080808,True,False,False,False,0.01,0.0809090909090909,True,False,3,28°C,False,31.3,PASSED
2026-06-19|12h_prior,2026-06-19,12h_prior,external_test,pooled_empirical_residual,empirical_residual,1.25,2026-06-19|05,5,29°C ≤ T < 30°C,29°C,29°C,29.0,30.0,False,False,True,False,8,99,0.0808080808080808,True,False,False,False,0.01,0.0809090909090909,True,False,4,29°C,False,31.3,PASSED
2026-06-19|12h_prior,2026-06-19,12h_prior,external_test,pooled_empirical_residual,empirical_residual,1.25,2026-06-19|06,6,30°C ≤ T < 31°C,30°C,30°C,30.0,31.0,False,False,True,False,25,99,0.2525252525252525,True,False,False,False,0.01,0.2509090909090908,True,False,5,30°C,False,31.3,PASSED
2026-06-19|12h_prior,2026-06-19,12h_prior,external_test,pooled_empirical_residual,empirical_residual,1.25,2026-06-19|07,7,31°C ≤ T < 32°C,31°C,31°C,31.0,32.0,False,False,True,False,28,99,0.2828282828282828,True,False,False,False,0.01,0.2809090909090909,True,False,6,31°C,True,31.3,PASSED
2026-06-19|12h_prior,2026-06-19,12h_prior,external_test,pooled_empirical_residual,empirical_residual,1.25,2026-06-19|08,8,32°C ≤ T < 33°C,32°C,32°C,32.0,33.0,False,False,True,False,21,99,0.2121212121212121,True,False,False,False,0.01,0.2109090909090908,True,False,7,32°C,False,31.3,PASSED
2026-06-19|12h_prior,2026-06-19,12h_prior,external_test,pooled_empirical_residual,empirical_residual,1.25,2026-06-19|09,9,33°C ≤ T < 34°C,33°C,33°C,33.0,34.0,False,False,True,False,7,99,0.0707070707070707,True,False,False,False,0.01,0.0709090909090909,True,False,8,33°C,False,31.3,PASSED
2026-06-19|12h_prior,2026-06-19,12h_prior,external_test,pooled_empirical_residual,empirical_residual,1.25,2026-06-19|10,10,34°C ≤ T < 35°C,34°C,34°C,34.0,35.0,False,False,True,False,1,99,0.0101010101010101,True,False,False,False,0.01,0.0109090909090909,True,False,9,34°C,False,31.3,PASSED
2026-06-19|12h_prior,2026-06-19,12h_prior,external_test,pooled_empirical_residual,empirical_residual,1.25,2026-06-19|11,11,T ≥ 35°C,35°C or higher,35°C or higher,35.0,,False,True,True,False,0,99,0.0,True,False,False,False,0.01,0.0009090909090909,True,False,10,35°C or higher,False,31.3,PASSED
2026-06-19|24h_prior,2026-06-19,24h_prior,external_test,pooled_empirical_residual,empirical_residual,1.25,2026-06-19|01,1,T < 26°C,25°C or below,25°C or below,,26.0,True,False,True,False,0,99,0.0,True,False,False,False,0.01,0.0009090909090909,True,False,0,25°C or below,False,31.3,PASSED
2026-06-19|24h_prior,2026-06-19,24h_prior,external_test,pooled_empirical_residual,empirical_residual,1.25,2026-06-19|02,2,26°C ≤ T < 27°C,26°C,26°C,26.0,27.0,False,False,True,False,0,99,0.0,True,False,False,False,0.01,0.0009090909090909,True,False,1,26°C,False,31.3,PASSED
2026-06-19|24h_prior,2026-06-19,24h_prior,external_test,pooled_empirical_residual,empirical_residual,1.25,2026-06-19|03,3,27°C ≤ T < 28°C,27°C,27°C,27.0,28.0,False,False,True,False,0,99,0.0,True,False,False,False,0.01,0.0009090909090909,True,False,2,27°C,False,31.3,PASSED
2026-06-19|24h_prior,2026-06-19,24h_prior,external_test,pooled_empirical_residual,empirical_residual,1.25,2026-06-19|04,4,28°C ≤ T < 29°C,28°C,28°C,28.0,29.0,False,False,True,False,5,99,0.0505050505050505,True,False,False,False,0.01,0.0509090909090909,True,False,3,28°C,False,31.3,PASSED
2026-06-19|24h_prior,2026-06-19,24h_prior,external_test,pooled_empirical_residual,empirical_residual,1.25,2026-06-19|05,5,29°C ≤ T < 30°C,29°C,29°C,29.0,30.0,False,False,True,False,9,99,0.0909090909090909,True,False,False,False,0.01,0.0909090909090909,True,False,4,29°C,False,31.3,PASSED
2026-06-19|24h_prior,2026-06-19,24h_prior,external_test,pooled_empirical_residual,empirical_residual,1.25,2026-06-19|06,6,30°C ≤ T < 31°C,30°C,30°C,30.0,31.0,False,False,True,False,20,99,0.202020202020202,True,False,False,False,0.01,0.2009090909090908,True,False,5,30°C,False,31.3,PASSED
2026-06-19|24h_prior,2026-06-19,24h_prior,external_test,pooled_empirical_residual,empirical_residual,1.25,2026-06-19|07,7,31°C ≤ T < 32°C,31°C,31°C,31.0,32.0,False,False,True,False,31,99,0.3131313131313131,True,False,False,False,0.01,0.3109090909090908,True,False,6,31°C,True,31.3,PASSED
2026-06-19|24h_prior,2026-06-19,24h_prior,external_test,pooled_empirical_residual,empirical_residual,1.25,2026-06-19|08,8,32°C ≤ T < 33°C,32°C,32°C,32.0,33.0,False,False,True,False,23,99,0.2323232323232323,True,False,False,False,0.01,0.2309090909090908,True,False,7,32°C,False,31.3,PASSED
2026-06-19|24h_prior,2026-06-19,24h_prior,external_test,pooled_empirical_residual,empirical_residual,1.25,2026-06-19|09,9,33°C ≤ T < 34°C,33°C,33°C,33.0,34.0,False,False,True,False,10,99,0.101010101010101,True,False,False,False,0.01,0.1009090909090908,True,False,8,33°C,False,31.3,PASSED
2026-06-19|24h_prior,2026-06-19,24h_prior,external_test,pooled_empirical_residual,empirical_residual,1.25,2026-06-19|10,10,34°C ≤ T < 35°C,34°C,34°C,34.0,35.0,False,False,True,False,1,99,0.0101010101010101,True,False,False,False,0.01,0.0109090909090909,True,False,9,34°C,False,31.3,PASSED
2026-06-19|24h_prior,2026-06-19,24h_prior,external_test,pooled_empirical_residual,empirical_residual,1.25,2026-06-19|11,11,T ≥ 35°C,35°C or higher,35°C or higher,35.0,,False,True,True,False,0,99,0.0,True,False,False,False,0.01,0.0009090909090909,True,False,10,35°C or higher,False,31.3,PASSED
2026-06-19|6h_prior,2026-06-19,6h_prior,external_test,pooled_empirical_residual,empirical_residual,1.25,2026-06-19|01,1,T < 26°C,25°C or below,25°C or below,,26.0,True,False,True,False,0,99,0.0,True,False,False,False,0.01,0.0009090909090909,True,False,0,25°C or below,False,31.3,PASSED
2026-06-19|6h_prior,2026-06-19,6h_prior,external_test,pooled_empirical_residual,empirical_residual,1.25,2026-06-19|02,2,26°C ≤ T < 27°C,26°C,26°C,26.0,27.0,False,False,True,False,0,99,0.0,True,False,False,False,0.01,0.0009090909090909,True,False,1,26°C,False,31.3,PASSED
2026-06-19|6h_prior,2026-06-19,6h_prior,external_test,pooled_empirical_residual,empirical_residual,1.25,2026-06-19|03,3,27°C ≤ T < 28°C,27°C,27°C,27.0,28.0,False,False,True,False,0,99,0.0,True,False,False,False,0.01,0.0009090909090909,True,False,2,27°C,False,31.3,PASSED
2026-06-19|6h_prior,2026-06-19,6h_prior,external_test,pooled_empirical_residual,empirical_residual,1.25,2026-06-19|04,4,28°C ≤ T < 29°C,28°C,28°C,28.0,29.0,False,False,True,False,6,99,0.0606060606060606,True,False,False,False,0.01,0.0609090909090909,True,False,3,28°C,False,31.3,PASSED
2026-06-19|6h_prior,2026-06-19,6h_prior,external_test,pooled_empirical_residual,empirical_residual,1.25,2026-06-19|05,5,29°C ≤ T < 30°C,29°C,29°C,29.0,30.0,False,False,True,False,10,99,0.101010101010101,True,False,False,False,0.01,0.1009090909090908,True,False,4,29°C,False,31.3,PASSED
2026-06-19|6h_prior,2026-06-19,6h_prior,external_test,pooled_empirical_residual,empirical_residual,1.25,2026-06-19|06,6,30°C ≤ T < 31°C,30°C,30°C,30.0,31.0,False,False,True,False,21,99,0.2121212121212121,True,False,False,False,0.01,0.2109090909090908,True,False,5,30°C,False,31.3,PASSED
2026-06-19|6h_prior,2026-06-19,6h_prior,external_test,pooled_empirical_residual,empirical_residual,1.25,2026-06-19|07,7,31°C ≤ T < 32°C,31°C,31°C,31.0,32.0,False,False,True,False,29,99,0.2929292929292929,True,False,False,False,0.01,0.2909090909090908,True,False,6,31°C,True,31.3,PASSED
2026-06-19|6h_prior,2026-06-19,6h_prior,external_test,pooled_empirical_residual,empirical_residual,1.25,2026-06-19|08,8,32°C ≤ T < 33°C,32°C,32°C,32.0,33.0,False,False,True,False,24,99,0.2424242424242424,True,False,False,False,0.01,0.2409090909090908,True,False,7,32°C,False,31.3,PASSED
2026-06-19|6h_prior,2026-06-19,6h_prior,external_test,pooled_empirical_residual,empirical_residual,1.25,2026-06-19|09,9,33°C ≤ T < 34°C,33°C,33°C,33.0,34.0,False,False,True,False,8,99,0.0808080808080808,True,False,False,False,0.01,0.0809090909090909,True,False,8,33°C,False,31.3,PASSED
2026-06-19|6h_prior,2026-06-19,6h_prior,external_test,pooled_empirical_residual,empirical_residual,1.25,2026-06-19|10,10,34°C ≤ T < 35°C,34°C,34°C,34.0,35.0,False,False,True,False,1,99,0.0101010101010101,True,False,False,False,0.01,0.0109090909090909,True,False,9,34°C,False,31.3,PASSED
2026-06-19|6h_prior,2026-06-19,6h_prior,external_test,pooled_empirical_residual,empirical_residual,1.25,2026-06-19|11,11,T ≥ 35°C,35°C or higher,35°C or higher,35.0,,False,True,True,False,0,99,0.0,True,False,False,False,0.01,0.0009090909090909,True,False,10,35°C or higher,False,31.3,PASSED
2026-06-19|event_day_open,2026-06-19,event_day_open,external_test,pooled_empirical_residual,empirical_residual,1.25,2026-06-19|01,1,T < 26°C,25°C or below,25°C or below,,26.0,True,False,True,False,0,99,0.0,True,False,False,False,0.01,0.0009090909090909,True,False,0,25°C or below,False,31.3,PASSED
2026-06-19|event_day_open,2026-06-19,event_day_open,external_test,pooled_empirical_residual,empirical_residual,1.25,2026-06-19|02,2,26°C ≤ T < 27°C,26°C,26°C,26.0,27.0,False,False,True,False,0,99,0.0,True,False,False,False,0.01,0.0009090909090909,True,False,1,26°C,False,31.3,PASSED
2026-06-19|event_day_open,2026-06-19,event_day_open,external_test,pooled_empirical_residual,empirical_residual,1.25,2026-06-19|03,3,27°C ≤ T < 28°C,27°C,27°C,27.0,28.0,False,False,True,False,0,99,0.0,True,False,False,False,0.01,0.0009090909090909,True,False,2,27°C,False,31.3,PASSED
2026-06-19|event_day_open,2026-06-19,event_day_open,external_test,pooled_empirical_residual,empirical_residual,1.25,2026-06-19|04,4,28°C ≤ T < 29°C,28°C,28°C,28.0,29.0,False,False,True,False,6,99,0.0606060606060606,True,False,False,False,0.01,0.0609090909090909,True,False,3,28°C,False,31.3,PASSED
2026-06-19|event_day_open,2026-06-19,event_day_open,external_test,pooled_empirical_residual,empirical_residual,1.25,2026-06-19|05,5,29°C ≤ T < 30°C,29°C,29°C,29.0,30.0,False,False,True,False,10,99,0.101010101010101,True,False,False,False,0.01,0.1009090909090908,True,False,4,29°C,False,31.3,PASSED
2026-06-19|event_day_open,2026-06-19,event_day_open,external_test,pooled_empirical_residual,empirical_residual,1.25,2026-06-19|06,6,30°C ≤ T < 31°C,30°C,30°C,30.0,31.0,False,False,True,False,21,99,0.2121212121212121,True,False,False,False,0.01,0.2109090909090908,True,False,5,30°C,False,31.3,PASSED
2026-06-19|event_day_open,2026-06-19,event_day_open,external_test,pooled_empirical_residual,empirical_residual,1.25,2026-06-19|07,7,31°C ≤ T < 32°C,31°C,31°C,31.0,32.0,False,False,True,False,29,99,0.2929292929292929,True,False,False,False,0.01,0.2909090909090908,True,False,6,31°C,True,31.3,PASSED
2026-06-19|event_day_open,2026-06-19,event_day_open,external_test,pooled_empirical_residual,empirical_residual,1.25,2026-06-19|08,8,32°C ≤ T < 33°C,32°C,32°C,32.0,33.0,False,False,True,False,24,99,0.2424242424242424,True,False,False,False,0.01,0.2409090909090908,True,False,7,32°C,False,31.3,PASSED
2026-06-19|event_day_open,2026-06-19,event_day_open,external_test,pooled_empirical_residual,empirical_residual,1.25,2026-06-19|09,9,33°C ≤ T < 34°C,33°C,33°C,33.0,34.0,False,False,True,False,8,99,0.0808080808080808,True,False,False,False,0.01,0.0809090909090909,True,False,8,33°C,False,31.3,PASSED
2026-06-19|event_day_open,2026-06-19,event_day_open,external_test,pooled_empirical_residual,empirical_residual,1.25,2026-06-19|10,10,34°C ≤ T < 35°C,34°C,34°C,34.0,35.0,False,False,True,False,1,99,0.0101010101010101,True,False,False,False,0.01,0.0109090909090909,True,False,9,34°C,False,31.3,PASSED
2026-06-19|event_day_open,2026-06-19,event_day_open,external_test,pooled_empirical_residual,empirical_residual,1.25,2026-06-19|11,11,T ≥ 35°C,35°C or higher,35°C or higher,35.0,,False,True,True,False,0,99,0.0,True,False,False,False,0.01,0.0009090909090909,True,False,10,35°C or higher,False,31.3,PASSED
2026-06-20|12h_prior,2026-06-20,12h_prior,external_test,pooled_empirical_residual,empirical_residual,1.25,2026-06-20|01,1,T < 26°C,25°C or below,25°C or below,,26.0,True,False,True,False,0,99,0.0,True,False,False,False,0.01,0.0009090909090909,True,False,0,25°C or below,False,31.5,PASSED
2026-06-20|12h_prior,2026-06-20,12h_prior,external_test,pooled_empirical_residual,empirical_residual,1.25,2026-06-20|02,2,26°C ≤ T < 27°C,26°C,26°C,26.0,27.0,False,False,True,False,0,99,0.0,True,False,False,False,0.01,0.0009090909090909,True,False,1,26°C,False,31.5,PASSED
2026-06-20|12h_prior,2026-06-20,12h_prior,external_test,pooled_empirical_residual,empirical_residual,1.25,2026-06-20|03,3,27°C ≤ T < 28°C,27°C,27°C,27.0,28.0,False,False,True,False,0,99,0.0,True,False,False,False,0.01,0.0009090909090909,True,False,2,27°C,False,31.5,PASSED
2026-06-20|12h_prior,2026-06-20,12h_prior,external_test,pooled_empirical_residual,empirical_residual,1.25,2026-06-20|04,4,28°C ≤ T < 29°C,28°C,28°C,28.0,29.0,False,False,True,False,4,99,0.0404040404040404,True,False,False,False,0.01,0.0409090909090909,True,False,3,28°C,False,31.5,PASSED
2026-06-20|12h_prior,2026-06-20,12h_prior,external_test,pooled_empirical_residual,empirical_residual,1.25,2026-06-20|05,5,29°C ≤ T < 30°C,29°C,29°C,29.0,30.0,False,False,True,False,9,99,0.0909090909090909,True,False,False,False,0.01,0.0909090909090909,True,False,4,29°C,False,31.5,PASSED
2026-06-20|12h_prior,2026-06-20,12h_prior,external_test,pooled_empirical_residual,empirical_residual,1.25,2026-06-20|06,6,30°C ≤ T < 31°C,30°C,30°C,30.0,31.0,False,False,True,False,15,99,0.1515151515151515,True,False,False,False,0.01,0.1509090909090908,True,False,5,30°C,False,31.5,PASSED
2026-06-20|12h_prior,2026-06-20,12h_prior,external_test,pooled_empirical_residual,empirical_residual,1.25,2026-06-20|07,7,31°C ≤ T < 32°C,31°C,31°C,31.0,32.0,False,False,True,False,32,99,0.3232323232323232,True,False,False,False,0.01,0.3209090909090908,True,False,6,31°C,True,31.5,PASSED
2026-06-20|12h_prior,2026-06-20,12h_prior,external_test,pooled_empirical_residual,empirical_residual,1.25,2026-06-20|08,8,32°C ≤ T < 33°C,32°C,32°C,32.0,33.0,False,False,True,False,22,99,0.2222222222222222,True,False,False,False,0.01,0.2209090909090909,True,False,7,32°C,False,31.5,PASSED
2026-06-20|12h_prior,2026-06-20,12h_prior,external_test,pooled_empirical_residual,empirical_residual,1.25,2026-06-20|09,9,33°C ≤ T < 34°C,33°C,33°C,33.0,34.0,False,False,True,False,15,99,0.1515151515151515,True,False,False,False,0.01,0.1509090909090908,True,False,8,33°C,False,31.5,PASSED
2026-06-20|12h_prior,2026-06-20,12h_prior,external_test,pooled_empirical_residual,empirical_residual,1.25,2026-06-20|10,10,34°C ≤ T < 35°C,34°C,34°C,34.0,35.0,False,False,True,False,2,99,0.0202020202020202,True,False,False,False,0.01,0.0209090909090909,True,False,9,34°C,False,31.5,PASSED
2026-06-20|12h_prior,2026-06-20,12h_prior,external_test,pooled_empirical_residual,empirical_residual,1.25,2026-06-20|11,11,T ≥ 35°C,35°C or higher,35°C or higher,35.0,,False,True,True,False,0,99,0.0,True,False,False,False,0.01,0.0009090909090909,True,False,10,35°C or higher,False,31.5,PASSED
2026-06-20|24h_prior,2026-06-20,24h_prior,external_test,pooled_empirical_residual,empirical_residual,1.25,2026-06-20|01,1,T < 26°C,25°C or below,25°C or below,,26.0,True,False,True,False,0,99,0.0,True,False,False,False,0.01,0.0009090909090909,True,False,0,25°C or below,False,31.5,PASSED
2026-06-20|24h_prior,2026-06-20,24h_prior,external_test,pooled_empirical_residual,empirical_residual,1.25,2026-06-20|02,2,26°C ≤ T < 27°C,26°C,26°C,26.0,27.0,False,False,True,False,0,99,0.0,True,False,False,False,0.01,0.0009090909090909,True,False,1,26°C,False,31.5,PASSED
2026-06-20|24h_prior,2026-06-20,24h_prior,external_test,pooled_empirical_residual,empirical_residual,1.25,2026-06-20|03,3,27°C ≤ T < 28°C,27°C,27°C,27.0,28.0,False,False,True,False,0,99,0.0,True,False,False,False,0.01,0.0009090909090909,True,False,2,27°C,False,31.5,PASSED
2026-06-20|24h_prior,2026-06-20,24h_prior,external_test,pooled_empirical_residual,empirical_residual,1.25,2026-06-20|04,4,28°C ≤ T < 29°C,28°C,28°C,28.0,29.0,False,False,True,False,3,99,0.0303030303030303,True,False,False,False,0.01,0.0309090909090909,True,False,3,28°C,False,31.5,PASSED
2026-06-20|24h_prior,2026-06-20,24h_prior,external_test,pooled_empirical_residual,empirical_residual,1.25,2026-06-20|05,5,29°C ≤ T < 30°C,29°C,29°C,29.0,30.0,False,False,True,False,10,99,0.101010101010101,True,False,False,False,0.01,0.1009090909090908,True,False,4,29°C,False,31.5,PASSED
2026-06-20|24h_prior,2026-06-20,24h_prior,external_test,pooled_empirical_residual,empirical_residual,1.25,2026-06-20|06,6,30°C ≤ T < 31°C,30°C,30°C,30.0,31.0,False,False,True,False,11,99,0.1111111111111111,True,False,False,False,0.01,0.1109090909090909,True,False,5,30°C,False,31.5,PASSED
2026-06-20|24h_prior,2026-06-20,24h_prior,external_test,pooled_empirical_residual,empirical_residual,1.25,2026-06-20|07,7,31°C ≤ T < 32°C,31°C,31°C,31.0,32.0,False,False,True,False,32,99,0.3232323232323232,True,False,False,False,0.01,0.3209090909090908,True,False,6,31°C,True,31.5,PASSED
2026-06-20|24h_prior,2026-06-20,24h_prior,external_test,pooled_empirical_residual,empirical_residual,1.25,2026-06-20|08,8,32°C ≤ T < 33°C,32°C,32°C,32.0,33.0,False,False,True,False,22,99,0.2222222222222222,True,False,False,False,0.01,0.2209090909090909,True,False,7,32°C,False,31.5,PASSED
2026-06-20|24h_prior,2026-06-20,24h_prior,external_test,pooled_empirical_residual,empirical_residual,1.25,2026-06-20|09,9,33°C ≤ T < 34°C,33°C,33°C,33.0,34.0,False,False,True,False,18,99,0.1818181818181818,True,False,False,False,0.01,0.1809090909090908,True,False,8,33°C,False,31.5,PASSED
2026-06-20|24h_prior,2026-06-20,24h_prior,external_test,pooled_empirical_residual,empirical_residual,1.25,2026-06-20|10,10,34°C ≤ T < 35°C,34°C,34°C,34.0,35.0,False,False,True,False,3,99,0.0303030303030303,True,False,False,False,0.01,0.0309090909090909,True,False,9,34°C,False,31.5,PASSED
2026-06-20|24h_prior,2026-06-20,24h_prior,external_test,pooled_empirical_residual,empirical_residual,1.25,2026-06-20|11,11,T ≥ 35°C,35°C or higher,35°C or higher,35.0,,False,True,True,False,0,99,0.0,True,False,False,False,0.01,0.0009090909090909,True,False,10,35°C or higher,False,31.5,PASSED
2026-06-20|6h_prior,2026-06-20,6h_prior,external_test,pooled_empirical_residual,empirical_residual,1.25,2026-06-20|01,1,T < 26°C,25°C or below,25°C or below,,26.0,True,False,True,False,0,99,0.0,True,False,False,False,0.01,0.0009090909090909,True,False,0,25°C or below,False,31.5,PASSED
2026-06-20|6h_prior,2026-06-20,6h_prior,external_test,pooled_empirical_residual,empirical_residual,1.25,2026-06-20|02,2,26°C ≤ T < 27°C,26°C,26°C,26.0,27.0,False,False,True,False,0,99,0.0,True,False,False,False,0.01,0.0009090909090909,True,False,1,26°C,False,31.5,PASSED
2026-06-20|6h_prior,2026-06-20,6h_prior,external_test,pooled_empirical_residual,empirical_residual,1.25,2026-06-20|03,3,27°C ≤ T < 28°C,27°C,27°C,27.0,28.0,False,False,True,False,0,99,0.0,True,False,False,False,0.01,0.0009090909090909,True,False,2,27°C,False,31.5,PASSED
2026-06-20|6h_prior,2026-06-20,6h_prior,external_test,pooled_empirical_residual,empirical_residual,1.25,2026-06-20|04,4,28°C ≤ T < 29°C,28°C,28°C,28.0,29.0,False,False,True,False,1,99,0.0101010101010101,True,False,False,False,0.01,0.0109090909090909,True,False,3,28°C,False,31.5,PASSED
2026-06-20|6h_prior,2026-06-20,6h_prior,external_test,pooled_empirical_residual,empirical_residual,1.25,2026-06-20|05,5,29°C ≤ T < 30°C,29°C,29°C,29.0,30.0,False,False,True,False,8,99,0.0808080808080808,True,False,False,False,0.01,0.0809090909090909,True,False,4,29°C,False,31.5,PASSED
2026-06-20|6h_prior,2026-06-20,6h_prior,external_test,pooled_empirical_residual,empirical_residual,1.25,2026-06-20|06,6,30°C ≤ T < 31°C,30°C,30°C,30.0,31.0,False,False,True,False,10,99,0.101010101010101,True,False,False,False,0.01,0.1009090909090908,True,False,5,30°C,False,31.5,PASSED
2026-06-20|6h_prior,2026-06-20,6h_prior,external_test,pooled_empirical_residual,empirical_residual,1.25,2026-06-20|07,7,31°C ≤ T < 32°C,31°C,31°C,31.0,32.0,False,False,True,False,28,99,0.2828282828282828,True,False,False,False,0.01,0.2809090909090909,True,False,6,31°C,True,31.5,PASSED
2026-06-20|6h_prior,2026-06-20,6h_prior,external_test,pooled_empirical_residual,empirical_residual,1.25,2026-06-20|08,8,32°C ≤ T < 33°C,32°C,32°C,32.0,33.0,False,False,True,False,25,99,0.2525252525252525,True,False,False,False,0.01,0.2509090909090908,True,False,7,32°C,False,31.5,PASSED
2026-06-20|6h_prior,2026-06-20,6h_prior,external_test,pooled_empirical_residual,empirical_residual,1.25,2026-06-20|09,9,33°C ≤ T < 34°C,33°C,33°C,33.0,34.0,False,False,True,False,20,99,0.202020202020202,True,False,False,False,0.01,0.2009090909090908,True,False,8,33°C,False,31.5,PASSED
2026-06-20|6h_prior,2026-06-20,6h_prior,external_test,pooled_empirical_residual,empirical_residual,1.25,2026-06-20|10,10,34°C ≤ T < 35°C,34°C,34°C,34.0,35.0,False,False,True,False,6,99,0.0606060606060606,True,False,False,False,0.01,0.0609090909090909,True,False,9,34°C,False,31.5,PASSED
2026-06-20|6h_prior,2026-06-20,6h_prior,external_test,pooled_empirical_residual,empirical_residual,1.25,2026-06-20|11,11,T ≥ 35°C,35°C or higher,35°C or higher,35.0,,False,True,True,False,1,99,0.0101010101010101,True,False,False,False,0.01,0.0109090909090909,True,False,10,35°C or higher,False,31.5,PASSED
2026-06-20|event_day_open,2026-06-20,event_day_open,external_test,pooled_empirical_residual,empirical_residual,1.25,2026-06-20|01,1,T < 26°C,25°C or below,25°C or below,,26.0,True,False,True,False,0,99,0.0,True,False,False,False,0.01,0.0009090909090909,True,False,0,25°C or below,False,31.5,PASSED
2026-06-20|event_day_open,2026-06-20,event_day_open,external_test,pooled_empirical_residual,empirical_residual,1.25,2026-06-20|02,2,26°C ≤ T < 27°C,26°C,26°C,26.0,27.0,False,False,True,False,0,99,0.0,True,False,False,False,0.01,0.0009090909090909,True,False,1,26°C,False,31.5,PASSED
2026-06-20|event_day_open,2026-06-20,event_day_open,external_test,pooled_empirical_residual,empirical_residual,1.25,2026-06-20|03,3,27°C ≤ T < 28°C,27°C,27°C,27.0,28.0,False,False,True,False,0,99,0.0,True,False,False,False,0.01,0.0009090909090909,True,False,2,27°C,False,31.5,PASSED
2026-06-20|event_day_open,2026-06-20,event_day_open,external_test,pooled_empirical_residual,empirical_residual,1.25,2026-06-20|04,4,28°C ≤ T < 29°C,28°C,28°C,28.0,29.0,False,False,True,False,4,99,0.0404040404040404,True,False,False,False,0.01,0.0409090909090909,True,False,3,28°C,False,31.5,PASSED
2026-06-20|event_day_open,2026-06-20,event_day_open,external_test,pooled_empirical_residual,empirical_residual,1.25,2026-06-20|05,5,29°C ≤ T < 30°C,29°C,29°C,29.0,30.0,False,False,True,False,9,99,0.0909090909090909,True,False,False,False,0.01,0.0909090909090909,True,False,4,29°C,False,31.5,PASSED
2026-06-20|event_day_open,2026-06-20,event_day_open,external_test,pooled_empirical_residual,empirical_residual,1.25,2026-06-20|06,6,30°C ≤ T < 31°C,30°C,30°C,30.0,31.0,False,False,True,False,17,99,0.1717171717171717,True,False,False,False,0.01,0.1709090909090909,True,False,5,30°C,False,31.5,PASSED
2026-06-20|event_day_open,2026-06-20,event_day_open,external_test,pooled_empirical_residual,empirical_residual,1.25,2026-06-20|07,7,31°C ≤ T < 32°C,31°C,31°C,31.0,32.0,False,False,True,False,32,99,0.3232323232323232,True,False,False,False,0.01,0.3209090909090908,True,False,6,31°C,True,31.5,PASSED
2026-06-20|event_day_open,2026-06-20,event_day_open,external_test,pooled_empirical_residual,empirical_residual,1.25,2026-06-20|08,8,32°C ≤ T < 33°C,32°C,32°C,32.0,33.0,False,False,True,False,24,99,0.2424242424242424,True,False,False,False,0.01,0.2409090909090908,True,False,7,32°C,False,31.5,PASSED
2026-06-20|event_day_open,2026-06-20,event_day_open,external_test,pooled_empirical_residual,empirical_residual,1.25,2026-06-20|09,9,33°C ≤ T < 34°C,33°C,33°C,33.0,34.0,False,False,True,False,11,99,0.1111111111111111,True,False,False,False,0.01,0.1109090909090909,True,False,8,33°C,False,31.5,PASSED
2026-06-20|event_day_open,2026-06-20,event_day_open,external_test,pooled_empirical_residual,empirical_residual,1.25,2026-06-20|10,10,34°C ≤ T < 35°C,34°C,34°C,34.0,35.0,False,False,True,False,2,99,0.0202020202020202,True,False,False,False,0.01,0.0209090909090909,True,False,9,34°C,False,31.5,PASSED
2026-06-20|event_day_open,2026-06-20,event_day_open,external_test,pooled_empirical_residual,empirical_residual,1.25,2026-06-20|11,11,T ≥ 35°C,35°C or higher,35°C or higher,35.0,,False,True,True,False,0,99,0.0,True,False,False,False,0.01,0.0009090909090909,True,False,10,35°C or higher,False,31.5,PASSED
2026-06-21|12h_prior,2026-06-21,12h_prior,external_test,pooled_empirical_residual,empirical_residual,1.25,2026-06-21|01,1,T < 27°C,26°C or below,26°C or below,,27.0,True,False,True,False,0,99,0.0,True,False,False,False,0.01,0.0009090909090909,True,False,0,26°C or below,False,33.1,PASSED
2026-06-21|12h_prior,2026-06-21,12h_prior,external_test,pooled_empirical_residual,empirical_residual,1.25,2026-06-21|02,2,27°C ≤ T < 28°C,27°C,27°C,27.0,28.0,False,False,True,False,0,99,0.0,True,False,False,False,0.01,0.0009090909090909,True,False,1,27°C,False,33.1,PASSED
2026-06-21|12h_prior,2026-06-21,12h_prior,external_test,pooled_empirical_residual,empirical_residual,1.25,2026-06-21|03,3,28°C ≤ T < 29°C,28°C,28°C,28.0,29.0,False,False,True,False,1,99,0.0101010101010101,True,False,False,False,0.01,0.0109090909090909,True,False,2,28°C,False,33.1,PASSED
2026-06-21|12h_prior,2026-06-21,12h_prior,external_test,pooled_empirical_residual,empirical_residual,1.25,2026-06-21|04,4,29°C ≤ T < 30°C,29°C,29°C,29.0,30.0,False,False,True,False,8,99,0.0808080808080808,True,False,False,False,0.01,0.0809090909090909,True,False,3,29°C,False,33.1,PASSED
2026-06-21|12h_prior,2026-06-21,12h_prior,external_test,pooled_empirical_residual,empirical_residual,1.25,2026-06-21|05,5,30°C ≤ T < 31°C,30°C,30°C,30.0,31.0,False,False,True,False,10,99,0.101010101010101,True,False,False,False,0.01,0.1009090909090908,True,False,4,30°C,False,33.1,PASSED
2026-06-21|12h_prior,2026-06-21,12h_prior,external_test,pooled_empirical_residual,empirical_residual,1.25,2026-06-21|06,6,31°C ≤ T < 32°C,31°C,31°C,31.0,32.0,False,False,True,False,28,99,0.2828282828282828,True,False,False,False,0.01,0.2809090909090909,True,False,5,31°C,False,33.1,PASSED
2026-06-21|12h_prior,2026-06-21,12h_prior,external_test,pooled_empirical_residual,empirical_residual,1.25,2026-06-21|07,7,32°C ≤ T < 33°C,32°C,32°C,32.0,33.0,False,False,True,False,25,99,0.2525252525252525,True,False,False,False,0.01,0.2509090909090908,True,False,6,32°C,False,33.1,PASSED
2026-06-21|12h_prior,2026-06-21,12h_prior,external_test,pooled_empirical_residual,empirical_residual,1.25,2026-06-21|08,8,33°C ≤ T < 34°C,33°C,33°C,33.0,34.0,False,False,True,False,20,99,0.202020202020202,True,False,False,False,0.01,0.2009090909090908,True,False,7,33°C,True,33.1,PASSED
2026-06-21|12h_prior,2026-06-21,12h_prior,external_test,pooled_empirical_residual,empirical_residual,1.25,2026-06-21|09,9,34°C ≤ T < 35°C,34°C,34°C,34.0,35.0,False,False,True,False,6,99,0.0606060606060606,True,False,False,False,0.01,0.0609090909090909,True,False,8,34°C,False,33.1,PASSED
2026-06-21|12h_prior,2026-06-21,12h_prior,external_test,pooled_empirical_residual,empirical_residual,1.25,2026-06-21|10,10,35°C ≤ T < 36°C,35°C,35°C,35.0,36.0,False,False,True,False,1,99,0.0101010101010101,True,False,False,False,0.01,0.0109090909090909,True,False,9,35°C,False,33.1,PASSED
2026-06-21|12h_prior,2026-06-21,12h_prior,external_test,pooled_empirical_residual,empirical_residual,1.25,2026-06-21|11,11,T ≥ 36°C,36°C or higher,36°C or higher,36.0,,False,True,True,False,0,99,0.0,True,False,False,False,0.01,0.0009090909090909,True,False,10,36°C or higher,False,33.1,PASSED
2026-06-21|24h_prior,2026-06-21,24h_prior,external_test,pooled_empirical_residual,empirical_residual,1.25,2026-06-21|01,1,T < 27°C,26°C or below,26°C or below,,27.0,True,False,True,False,0,99,0.0,True,False,False,False,0.01,0.0009090909090909,True,False,0,26°C or below,False,33.1,PASSED
2026-06-21|24h_prior,2026-06-21,24h_prior,external_test,pooled_empirical_residual,empirical_residual,1.25,2026-06-21|02,2,27°C ≤ T < 28°C,27°C,27°C,27.0,28.0,False,False,True,False,0,99,0.0,True,False,False,False,0.01,0.0009090909090909,True,False,1,27°C,False,33.1,PASSED
2026-06-21|24h_prior,2026-06-21,24h_prior,external_test,pooled_empirical_residual,empirical_residual,1.25,2026-06-21|03,3,28°C ≤ T < 29°C,28°C,28°C,28.0,29.0,False,False,True,False,2,99,0.0202020202020202,True,False,False,False,0.01,0.0209090909090909,True,False,2,28°C,False,33.1,PASSED
2026-06-21|24h_prior,2026-06-21,24h_prior,external_test,pooled_empirical_residual,empirical_residual,1.25,2026-06-21|04,4,29°C ≤ T < 30°C,29°C,29°C,29.0,30.0,False,False,True,False,9,99,0.0909090909090909,True,False,False,False,0.01,0.0909090909090909,True,False,3,29°C,False,33.1,PASSED
2026-06-21|24h_prior,2026-06-21,24h_prior,external_test,pooled_empirical_residual,empirical_residual,1.25,2026-06-21|05,5,30°C ≤ T < 31°C,30°C,30°C,30.0,31.0,False,False,True,False,10,99,0.101010101010101,True,False,False,False,0.01,0.1009090909090908,True,False,4,30°C,False,33.1,PASSED
2026-06-21|24h_prior,2026-06-21,24h_prior,external_test,pooled_empirical_residual,empirical_residual,1.25,2026-06-21|06,6,31°C ≤ T < 32°C,31°C,31°C,31.0,32.0,False,False,True,False,32,99,0.3232323232323232,True,False,False,False,0.01,0.3209090909090908,True,False,5,31°C,False,33.1,PASSED
2026-06-21|24h_prior,2026-06-21,24h_prior,external_test,pooled_empirical_residual,empirical_residual,1.25,2026-06-21|07,7,32°C ≤ T < 33°C,32°C,32°C,32.0,33.0,False,False,True,False,23,99,0.2323232323232323,True,False,False,False,0.01,0.2309090909090908,True,False,6,32°C,False,33.1,PASSED
2026-06-21|24h_prior,2026-06-21,24h_prior,external_test,pooled_empirical_residual,empirical_residual,1.25,2026-06-21|08,8,33°C ≤ T < 34°C,33°C,33°C,33.0,34.0,False,False,True,False,18,99,0.1818181818181818,True,False,False,False,0.01,0.1809090909090908,True,False,7,33°C,True,33.1,PASSED
2026-06-21|24h_prior,2026-06-21,24h_prior,external_test,pooled_empirical_residual,empirical_residual,1.25,2026-06-21|09,9,34°C ≤ T < 35°C,34°C,34°C,34.0,35.0,False,False,True,False,5,99,0.0505050505050505,True,False,False,False,0.01,0.0509090909090909,True,False,8,34°C,False,33.1,PASSED
2026-06-21|24h_prior,2026-06-21,24h_prior,external_test,pooled_empirical_residual,empirical_residual,1.25,2026-06-21|10,10,35°C ≤ T < 36°C,35°C,35°C,35.0,36.0,False,False,True,False,0,99,0.0,True,False,False,False,0.01,0.0009090909090909,True,False,9,35°C,False,33.1,PASSED
2026-06-21|24h_prior,2026-06-21,24h_prior,external_test,pooled_empirical_residual,empirical_residual,1.25,2026-06-21|11,11,T ≥ 36°C,36°C or higher,36°C or higher,36.0,,False,True,True,False,0,99,0.0,True,False,False,False,0.01,0.0009090909090909,True,False,10,36°C or higher,False,33.1,PASSED
2026-06-21|6h_prior,2026-06-21,6h_prior,external_test,pooled_empirical_residual,empirical_residual,1.25,2026-06-21|01,1,T < 27°C,26°C or below,26°C or below,,27.0,True,False,True,False,0,99,0.0,True,False,False,False,0.01,0.0009090909090909,True,False,0,26°C or below,False,33.1,PASSED
2026-06-21|6h_prior,2026-06-21,6h_prior,external_test,pooled_empirical_residual,empirical_residual,1.25,2026-06-21|02,2,27°C ≤ T < 28°C,27°C,27°C,27.0,28.0,False,False,True,False,0,99,0.0,True,False,False,False,0.01,0.0009090909090909,True,False,1,27°C,False,33.1,PASSED
2026-06-21|6h_prior,2026-06-21,6h_prior,external_test,pooled_empirical_residual,empirical_residual,1.25,2026-06-21|03,3,28°C ≤ T < 29°C,28°C,28°C,28.0,29.0,False,False,True,False,0,99,0.0,True,False,False,False,0.01,0.0009090909090909,True,False,2,28°C,False,33.1,PASSED
2026-06-21|6h_prior,2026-06-21,6h_prior,external_test,pooled_empirical_residual,empirical_residual,1.25,2026-06-21|04,4,29°C ≤ T < 30°C,29°C,29°C,29.0,30.0,False,False,True,False,6,99,0.0606060606060606,True,False,False,False,0.01,0.0609090909090909,True,False,3,29°C,False,33.1,PASSED
2026-06-21|6h_prior,2026-06-21,6h_prior,external_test,pooled_empirical_residual,empirical_residual,1.25,2026-06-21|05,5,30°C ≤ T < 31°C,30°C,30°C,30.0,31.0,False,False,True,False,10,99,0.101010101010101,True,False,False,False,0.01,0.1009090909090908,True,False,4,30°C,False,33.1,PASSED
2026-06-21|6h_prior,2026-06-21,6h_prior,external_test,pooled_empirical_residual,empirical_residual,1.25,2026-06-21|06,6,31°C ≤ T < 32°C,31°C,31°C,31.0,32.0,False,False,True,False,21,99,0.2121212121212121,True,False,False,False,0.01,0.2109090909090908,True,False,5,31°C,False,33.1,PASSED
2026-06-21|6h_prior,2026-06-21,6h_prior,external_test,pooled_empirical_residual,empirical_residual,1.25,2026-06-21|07,7,32°C ≤ T < 33°C,32°C,32°C,32.0,33.0,False,False,True,False,29,99,0.2929292929292929,True,False,False,False,0.01,0.2909090909090908,True,False,6,32°C,False,33.1,PASSED
2026-06-21|6h_prior,2026-06-21,6h_prior,external_test,pooled_empirical_residual,empirical_residual,1.25,2026-06-21|08,8,33°C ≤ T < 34°C,33°C,33°C,33.0,34.0,False,False,True,False,24,99,0.2424242424242424,True,False,False,False,0.01,0.2409090909090908,True,False,7,33°C,True,33.1,PASSED
2026-06-21|6h_prior,2026-06-21,6h_prior,external_test,pooled_empirical_residual,empirical_residual,1.25,2026-06-21|09,9,34°C ≤ T < 35°C,34°C,34°C,34.0,35.0,False,False,True,False,8,99,0.0808080808080808,True,False,False,False,0.01,0.0809090909090909,True,False,8,34°C,False,33.1,PASSED
2026-06-21|6h_prior,2026-06-21,6h_prior,external_test,pooled_empirical_residual,empirical_residual,1.25,2026-06-21|10,10,35°C ≤ T < 36°C,35°C,35°C,35.0,36.0,False,False,True,False,1,99,0.0101010101010101,True,False,False,False,0.01,0.0109090909090909,True,False,9,35°C,False,33.1,PASSED
2026-06-21|6h_prior,2026-06-21,6h_prior,external_test,pooled_empirical_residual,empirical_residual,1.25,2026-06-21|11,11,T ≥ 36°C,36°C or higher,36°C or higher,36.0,,False,True,True,False,0,99,0.0,True,False,False,False,0.01,0.0009090909090909,True,False,10,36°C or higher,False,33.1,PASSED
2026-06-21|event_day_open,2026-06-21,event_day_open,external_test,pooled_empirical_residual,empirical_residual,1.25,2026-06-21|01,1,T < 27°C,26°C or below,26°C or below,,27.0,True,False,True,False,0,99,0.0,True,False,False,False,0.01,0.0009090909090909,True,False,0,26°C or below,False,33.1,PASSED
2026-06-21|event_day_open,2026-06-21,event_day_open,external_test,pooled_empirical_residual,empirical_residual,1.25,2026-06-21|02,2,27°C ≤ T < 28°C,27°C,27°C,27.0,28.0,False,False,True,False,0,99,0.0,True,False,False,False,0.01,0.0009090909090909,True,False,1,27°C,False,33.1,PASSED
2026-06-21|event_day_open,2026-06-21,event_day_open,external_test,pooled_empirical_residual,empirical_residual,1.25,2026-06-21|03,3,28°C ≤ T < 29°C,28°C,28°C,28.0,29.0,False,False,True,False,1,99,0.0101010101010101,True,False,False,False,0.01,0.0109090909090909,True,False,2,28°C,False,33.1,PASSED
2026-06-21|event_day_open,2026-06-21,event_day_open,external_test,pooled_empirical_residual,empirical_residual,1.25,2026-06-21|04,4,29°C ≤ T < 30°C,29°C,29°C,29.0,30.0,False,False,True,False,8,99,0.0808080808080808,True,False,False,False,0.01,0.0809090909090909,True,False,3,29°C,False,33.1,PASSED
2026-06-21|event_day_open,2026-06-21,event_day_open,external_test,pooled_empirical_residual,empirical_residual,1.25,2026-06-21|05,5,30°C ≤ T < 31°C,30°C,30°C,30.0,31.0,False,False,True,False,10,99,0.101010101010101,True,False,False,False,0.01,0.1009090909090908,True,False,4,30°C,False,33.1,PASSED
2026-06-21|event_day_open,2026-06-21,event_day_open,external_test,pooled_empirical_residual,empirical_residual,1.25,2026-06-21|06,6,31°C ≤ T < 32°C,31°C,31°C,31.0,32.0,False,False,True,False,28,99,0.2828282828282828,True,False,False,False,0.01,0.2809090909090909,True,False,5,31°C,False,33.1,PASSED
2026-06-21|event_day_open,2026-06-21,event_day_open,external_test,pooled_empirical_residual,empirical_residual,1.25,2026-06-21|07,7,32°C ≤ T < 33°C,32°C,32°C,32.0,33.0,False,False,True,False,25,99,0.2525252525252525,True,False,False,False,0.01,0.2509090909090908,True,False,6,32°C,False,33.1,PASSED
2026-06-21|event_day_open,2026-06-21,event_day_open,external_test,pooled_empirical_residual,empirical_residual,1.25,2026-06-21|08,8,33°C ≤ T < 34°C,33°C,33°C,33.0,34.0,False,False,True,False,20,99,0.202020202020202,True,False,False,False,0.01,0.2009090909090908,True,False,7,33°C,True,33.1,PASSED
2026-06-21|event_day_open,2026-06-21,event_day_open,external_test,pooled_empirical_residual,empirical_residual,1.25,2026-06-21|09,9,34°C ≤ T < 35°C,34°C,34°C,34.0,35.0,False,False,True,False,6,99,0.0606060606060606,True,False,False,False,0.01,0.0609090909090909,True,False,8,34°C,False,33.1,PASSED
2026-06-21|event_day_open,2026-06-21,event_day_open,external_test,pooled_empirical_residual,empirical_residual,1.25,2026-06-21|10,10,35°C ≤ T < 36°C,35°C,35°C,35.0,36.0,False,False,True,False,1,99,0.0101010101010101,True,False,False,False,0.01,0.0109090909090909,True,False,9,35°C,False,33.1,PASSED
2026-06-21|event_day_open,2026-06-21,event_day_open,external_test,pooled_empirical_residual,empirical_residual,1.25,2026-06-21|11,11,T ≥ 36°C,36°C or higher,36°C or higher,36.0,,False,True,True,False,0,99,0.0,True,False,False,False,0.01,0.0009090909090909,True,False,10,36°C or higher,False,33.1,PASSED
2026-06-22|12h_prior,2026-06-22,12h_prior,external_test,pooled_empirical_residual,empirical_residual,1.25,2026-06-22|01,1,T < 27°C,26°C or below,26°C or below,,27.0,True,False,True,False,0,99,0.0,True,False,False,False,0.01,0.0009090909090909,True,False,0,26°C or below,False,33.0,PASSED
2026-06-22|12h_prior,2026-06-22,12h_prior,external_test,pooled_empirical_residual,empirical_residual,1.25,2026-06-22|02,2,27°C ≤ T < 28°C,27°C,27°C,27.0,28.0,False,False,True,False,0,99,0.0,True,False,False,False,0.01,0.0009090909090909,True,False,1,27°C,False,33.0,PASSED
2026-06-22|12h_prior,2026-06-22,12h_prior,external_test,pooled_empirical_residual,empirical_residual,1.25,2026-06-22|03,3,28°C ≤ T < 29°C,28°C,28°C,28.0,29.0,False,False,True,False,1,99,0.0101010101010101,True,False,False,False,0.01,0.0109090909090909,True,False,2,28°C,False,33.0,PASSED
2026-06-22|12h_prior,2026-06-22,12h_prior,external_test,pooled_empirical_residual,empirical_residual,1.25,2026-06-22|04,4,29°C ≤ T < 30°C,29°C,29°C,29.0,30.0,False,False,True,False,8,99,0.0808080808080808,True,False,False,False,0.01,0.0809090909090909,True,False,3,29°C,False,33.0,PASSED
2026-06-22|12h_prior,2026-06-22,12h_prior,external_test,pooled_empirical_residual,empirical_residual,1.25,2026-06-22|05,5,30°C ≤ T < 31°C,30°C,30°C,30.0,31.0,False,False,True,False,10,99,0.101010101010101,True,False,False,False,0.01,0.1009090909090908,True,False,4,30°C,False,33.0,PASSED
2026-06-22|12h_prior,2026-06-22,12h_prior,external_test,pooled_empirical_residual,empirical_residual,1.25,2026-06-22|06,6,31°C ≤ T < 32°C,31°C,31°C,31.0,32.0,False,False,True,False,28,99,0.2828282828282828,True,False,False,False,0.01,0.2809090909090909,True,False,5,31°C,False,33.0,PASSED
2026-06-22|12h_prior,2026-06-22,12h_prior,external_test,pooled_empirical_residual,empirical_residual,1.25,2026-06-22|07,7,32°C ≤ T < 33°C,32°C,32°C,32.0,33.0,False,False,True,False,25,99,0.2525252525252525,True,False,False,False,0.01,0.2509090909090908,True,False,6,32°C,False,33.0,PASSED
2026-06-22|12h_prior,2026-06-22,12h_prior,external_test,pooled_empirical_residual,empirical_residual,1.25,2026-06-22|08,8,33°C ≤ T < 34°C,33°C,33°C,33.0,34.0,False,False,True,False,21,99,0.2121212121212121,True,False,False,False,0.01,0.2109090909090908,True,False,7,33°C,True,33.0,PASSED
2026-06-22|12h_prior,2026-06-22,12h_prior,external_test,pooled_empirical_residual,empirical_residual,1.25,2026-06-22|09,9,34°C ≤ T < 35°C,34°C,34°C,34.0,35.0,False,False,True,False,6,99,0.0606060606060606,True,False,False,False,0.01,0.0609090909090909,True,False,8,34°C,False,33.0,PASSED
2026-06-22|12h_prior,2026-06-22,12h_prior,external_test,pooled_empirical_residual,empirical_residual,1.25,2026-06-22|10,10,35°C ≤ T < 36°C,35°C,35°C,35.0,36.0,False,False,True,False,0,99,0.0,True,False,False,False,0.01,0.0009090909090909,True,False,9,35°C,False,33.0,PASSED
2026-06-22|12h_prior,2026-06-22,12h_prior,external_test,pooled_empirical_residual,empirical_residual,1.25,2026-06-22|11,11,T ≥ 36°C,36°C or higher,36°C or higher,36.0,,False,True,True,False,0,99,0.0,True,False,False,False,0.01,0.0009090909090909,True,False,10,36°C or higher,False,33.0,PASSED
2026-06-22|24h_prior,2026-06-22,24h_prior,external_test,pooled_empirical_residual,empirical_residual,1.25,2026-06-22|01,1,T < 27°C,26°C or below,26°C or below,,27.0,True,False,True,False,0,99,0.0,True,False,False,False,0.01,0.0009090909090909,True,False,0,26°C or below,False,33.0,PASSED
2026-06-22|24h_prior,2026-06-22,24h_prior,external_test,pooled_empirical_residual,empirical_residual,1.25,2026-06-22|02,2,27°C ≤ T < 28°C,27°C,27°C,27.0,28.0,False,False,True,False,0,99,0.0,True,False,False,False,0.01,0.0009090909090909,True,False,1,27°C,False,33.0,PASSED
2026-06-22|24h_prior,2026-06-22,24h_prior,external_test,pooled_empirical_residual,empirical_residual,1.25,2026-06-22|03,3,28°C ≤ T < 29°C,28°C,28°C,28.0,29.0,False,False,True,False,1,99,0.0101010101010101,True,False,False,False,0.01,0.0109090909090909,True,False,2,28°C,False,33.0,PASSED
2026-06-22|24h_prior,2026-06-22,24h_prior,external_test,pooled_empirical_residual,empirical_residual,1.25,2026-06-22|04,4,29°C ≤ T < 30°C,29°C,29°C,29.0,30.0,False,False,True,False,8,99,0.0808080808080808,True,False,False,False,0.01,0.0809090909090909,True,False,3,29°C,False,33.0,PASSED
2026-06-22|24h_prior,2026-06-22,24h_prior,external_test,pooled_empirical_residual,empirical_residual,1.25,2026-06-22|05,5,30°C ≤ T < 31°C,30°C,30°C,30.0,31.0,False,False,True,False,8,99,0.0808080808080808,True,False,False,False,0.01,0.0809090909090909,True,False,4,30°C,False,33.0,PASSED
2026-06-22|24h_prior,2026-06-22,24h_prior,external_test,pooled_empirical_residual,empirical_residual,1.25,2026-06-22|06,6,31°C ≤ T < 32°C,31°C,31°C,31.0,32.0,False,False,True,False,25,99,0.2525252525252525,True,False,False,False,0.01,0.2509090909090908,True,False,5,31°C,False,33.0,PASSED
2026-06-22|24h_prior,2026-06-22,24h_prior,external_test,pooled_empirical_residual,empirical_residual,1.25,2026-06-22|07,7,32°C ≤ T < 33°C,32°C,32°C,32.0,33.0,False,False,True,False,28,99,0.2828282828282828,True,False,False,False,0.01,0.2809090909090909,True,False,6,32°C,False,33.0,PASSED
2026-06-22|24h_prior,2026-06-22,24h_prior,external_test,pooled_empirical_residual,empirical_residual,1.25,2026-06-22|08,8,33°C ≤ T < 34°C,33°C,33°C,33.0,34.0,False,False,True,False,21,99,0.2121212121212121,True,False,False,False,0.01,0.2109090909090908,True,False,7,33°C,True,33.0,PASSED
2026-06-22|24h_prior,2026-06-22,24h_prior,external_test,pooled_empirical_residual,empirical_residual,1.25,2026-06-22|09,9,34°C ≤ T < 35°C,34°C,34°C,34.0,35.0,False,False,True,False,7,99,0.0707070707070707,True,False,False,False,0.01,0.0709090909090909,True,False,8,34°C,False,33.0,PASSED
2026-06-22|24h_prior,2026-06-22,24h_prior,external_test,pooled_empirical_residual,empirical_residual,1.25,2026-06-22|10,10,35°C ≤ T < 36°C,35°C,35°C,35.0,36.0,False,False,True,False,1,99,0.0101010101010101,True,False,False,False,0.01,0.0109090909090909,True,False,9,35°C,False,33.0,PASSED
2026-06-22|24h_prior,2026-06-22,24h_prior,external_test,pooled_empirical_residual,empirical_residual,1.25,2026-06-22|11,11,T ≥ 36°C,36°C or higher,36°C or higher,36.0,,False,True,True,False,0,99,0.0,True,False,False,False,0.01,0.0009090909090909,True,False,10,36°C or higher,False,33.0,PASSED
2026-06-22|6h_prior,2026-06-22,6h_prior,external_test,pooled_empirical_residual,empirical_residual,1.25,2026-06-22|01,1,T < 27°C,26°C or below,26°C or below,,27.0,True,False,True,False,0,99,0.0,True,False,False,False,0.01,0.0009090909090909,True,False,0,26°C or below,False,33.0,PASSED
2026-06-22|6h_prior,2026-06-22,6h_prior,external_test,pooled_empirical_residual,empirical_residual,1.25,2026-06-22|02,2,27°C ≤ T < 28°C,27°C,27°C,27.0,28.0,False,False,True,False,0,99,0.0,True,False,False,False,0.01,0.0009090909090909,True,False,1,27°C,False,33.0,PASSED
2026-06-22|6h_prior,2026-06-22,6h_prior,external_test,pooled_empirical_residual,empirical_residual,1.25,2026-06-22|03,3,28°C ≤ T < 29°C,28°C,28°C,28.0,29.0,False,False,True,False,0,99,0.0,True,False,False,False,0.01,0.0009090909090909,True,False,2,28°C,False,33.0,PASSED
2026-06-22|6h_prior,2026-06-22,6h_prior,external_test,pooled_empirical_residual,empirical_residual,1.25,2026-06-22|04,4,29°C ≤ T < 30°C,29°C,29°C,29.0,30.0,False,False,True,False,4,99,0.0404040404040404,True,False,False,False,0.01,0.0409090909090909,True,False,3,29°C,False,33.0,PASSED
2026-06-22|6h_prior,2026-06-22,6h_prior,external_test,pooled_empirical_residual,empirical_residual,1.25,2026-06-22|05,5,30°C ≤ T < 31°C,30°C,30°C,30.0,31.0,False,False,True,False,9,99,0.0909090909090909,True,False,False,False,0.01,0.0909090909090909,True,False,4,30°C,False,33.0,PASSED
2026-06-22|6h_prior,2026-06-22,6h_prior,external_test,pooled_empirical_residual,empirical_residual,1.25,2026-06-22|06,6,31°C ≤ T < 32°C,31°C,31°C,31.0,32.0,False,False,True,False,15,99,0.1515151515151515,True,False,False,False,0.01,0.1509090909090908,True,False,5,31°C,False,33.0,PASSED
2026-06-22|6h_prior,2026-06-22,6h_prior,external_test,pooled_empirical_residual,empirical_residual,1.25,2026-06-22|07,7,32°C ≤ T < 33°C,32°C,32°C,32.0,33.0,False,False,True,False,32,99,0.3232323232323232,True,False,False,False,0.01,0.3209090909090908,True,False,6,32°C,False,33.0,PASSED
2026-06-22|6h_prior,2026-06-22,6h_prior,external_test,pooled_empirical_residual,empirical_residual,1.25,2026-06-22|08,8,33°C ≤ T < 34°C,33°C,33°C,33.0,34.0,False,False,True,False,22,99,0.2222222222222222,True,False,False,False,0.01,0.2209090909090909,True,False,7,33°C,True,33.0,PASSED
2026-06-22|6h_prior,2026-06-22,6h_prior,external_test,pooled_empirical_residual,empirical_residual,1.25,2026-06-22|09,9,34°C ≤ T < 35°C,34°C,34°C,34.0,35.0,False,False,True,False,15,99,0.1515151515151515,True,False,False,False,0.01,0.1509090909090908,True,False,8,34°C,False,33.0,PASSED
2026-06-22|6h_prior,2026-06-22,6h_prior,external_test,pooled_empirical_residual,empirical_residual,1.25,2026-06-22|10,10,35°C ≤ T < 36°C,35°C,35°C,35.0,36.0,False,False,True,False,2,99,0.0202020202020202,True,False,False,False,0.01,0.0209090909090909,True,False,9,35°C,False,33.0,PASSED
2026-06-22|6h_prior,2026-06-22,6h_prior,external_test,pooled_empirical_residual,empirical_residual,1.25,2026-06-22|11,11,T ≥ 36°C,36°C or higher,36°C or higher,36.0,,False,True,True,False,0,99,0.0,True,False,False,False,0.01,0.0009090909090909,True,False,10,36°C or higher,False,33.0,PASSED
2026-06-22|event_day_open,2026-06-22,event_day_open,external_test,pooled_empirical_residual,empirical_residual,1.25,2026-06-22|01,1,T < 27°C,26°C or below,26°C or below,,27.0,True,False,True,False,0,99,0.0,True,False,False,False,0.01,0.0009090909090909,True,False,0,26°C or below,False,33.0,PASSED
2026-06-22|event_day_open,2026-06-22,event_day_open,external_test,pooled_empirical_residual,empirical_residual,1.25,2026-06-22|02,2,27°C ≤ T < 28°C,27°C,27°C,27.0,28.0,False,False,True,False,0,99,0.0,True,False,False,False,0.01,0.0009090909090909,True,False,1,27°C,False,33.0,PASSED
2026-06-22|event_day_open,2026-06-22,event_day_open,external_test,pooled_empirical_residual,empirical_residual,1.25,2026-06-22|03,3,28°C ≤ T < 29°C,28°C,28°C,28.0,29.0,False,False,True,False,0,99,0.0,True,False,False,False,0.01,0.0009090909090909,True,False,2,28°C,False,33.0,PASSED
2026-06-22|event_day_open,2026-06-22,event_day_open,external_test,pooled_empirical_residual,empirical_residual,1.25,2026-06-22|04,4,29°C ≤ T < 30°C,29°C,29°C,29.0,30.0,False,False,True,False,4,99,0.0404040404040404,True,False,False,False,0.01,0.0409090909090909,True,False,3,29°C,False,33.0,PASSED
2026-06-22|event_day_open,2026-06-22,event_day_open,external_test,pooled_empirical_residual,empirical_residual,1.25,2026-06-22|05,5,30°C ≤ T < 31°C,30°C,30°C,30.0,31.0,False,False,True,False,9,99,0.0909090909090909,True,False,False,False,0.01,0.0909090909090909,True,False,4,30°C,False,33.0,PASSED
2026-06-22|event_day_open,2026-06-22,event_day_open,external_test,pooled_empirical_residual,empirical_residual,1.25,2026-06-22|06,6,31°C ≤ T < 32°C,31°C,31°C,31.0,32.0,False,False,True,False,19,99,0.1919191919191919,True,False,False,False,0.01,0.1909090909090909,True,False,5,31°C,False,33.0,PASSED
2026-06-22|event_day_open,2026-06-22,event_day_open,external_test,pooled_empirical_residual,empirical_residual,1.25,2026-06-22|07,7,32°C ≤ T < 33°C,32°C,32°C,32.0,33.0,False,False,True,False,30,99,0.303030303030303,True,False,False,False,0.01,0.3009090909090908,True,False,6,32°C,False,33.0,PASSED
2026-06-22|event_day_open,2026-06-22,event_day_open,external_test,pooled_empirical_residual,empirical_residual,1.25,2026-06-22|08,8,33°C ≤ T < 34°C,33°C,33°C,33.0,34.0,False,False,True,False,24,99,0.2424242424242424,True,False,False,False,0.01,0.2409090909090908,True,False,7,33°C,True,33.0,PASSED
2026-06-22|event_day_open,2026-06-22,event_day_open,external_test,pooled_empirical_residual,empirical_residual,1.25,2026-06-22|09,9,34°C ≤ T < 35°C,34°C,34°C,34.0,35.0,False,False,True,False,11,99,0.1111111111111111,True,False,False,False,0.01,0.1109090909090909,True,False,8,34°C,False,33.0,PASSED
2026-06-22|event_day_open,2026-06-22,event_day_open,external_test,pooled_empirical_residual,empirical_residual,1.25,2026-06-22|10,10,35°C ≤ T < 36°C,35°C,35°C,35.0,36.0,False,False,True,False,2,99,0.0202020202020202,True,False,False,False,0.01,0.0209090909090909,True,False,9,35°C,False,33.0,PASSED
2026-06-22|event_day_open,2026-06-22,event_day_open,external_test,pooled_empirical_residual,empirical_residual,1.25,2026-06-22|11,11,T ≥ 36°C,36°C or higher,36°C or higher,36.0,,False,True,True,False,0,99,0.0,True,False,False,False,0.01,0.0009090909090909,True,False,10,36°C or higher,False,33.0,PASSED
2026-06-23|12h_prior,2026-06-23,12h_prior,external_test,pooled_empirical_residual,empirical_residual,1.25,2026-06-23|01,1,T < 27°C,26°C or below,26°C or below,,27.0,True,False,True,False,0,99,0.0,True,False,False,False,0.01,0.0009090909090909,True,False,0,26°C or below,False,32.2,PASSED
2026-06-23|12h_prior,2026-06-23,12h_prior,external_test,pooled_empirical_residual,empirical_residual,1.25,2026-06-23|02,2,27°C ≤ T < 28°C,27°C,27°C,27.0,28.0,False,False,True,False,0,99,0.0,True,False,False,False,0.01,0.0009090909090909,True,False,1,27°C,False,32.2,PASSED
2026-06-23|12h_prior,2026-06-23,12h_prior,external_test,pooled_empirical_residual,empirical_residual,1.25,2026-06-23|03,3,28°C ≤ T < 29°C,28°C,28°C,28.0,29.0,False,False,True,False,0,99,0.0,True,False,False,False,0.01,0.0009090909090909,True,False,2,28°C,False,32.2,PASSED
2026-06-23|12h_prior,2026-06-23,12h_prior,external_test,pooled_empirical_residual,empirical_residual,1.25,2026-06-23|04,4,29°C ≤ T < 30°C,29°C,29°C,29.0,30.0,False,False,True,False,6,99,0.0606060606060606,True,False,False,False,0.01,0.0609090909090909,True,False,3,29°C,False,32.2,PASSED
2026-06-23|12h_prior,2026-06-23,12h_prior,external_test,pooled_empirical_residual,empirical_residual,1.25,2026-06-23|05,5,30°C ≤ T < 31°C,30°C,30°C,30.0,31.0,False,False,True,False,10,99,0.101010101010101,True,False,False,False,0.01,0.1009090909090908,True,False,4,30°C,False,32.2,PASSED
2026-06-23|12h_prior,2026-06-23,12h_prior,external_test,pooled_empirical_residual,empirical_residual,1.25,2026-06-23|06,6,31°C ≤ T < 32°C,31°C,31°C,31.0,32.0,False,False,True,False,21,99,0.2121212121212121,True,False,False,False,0.01,0.2109090909090908,True,False,5,31°C,False,32.2,PASSED
2026-06-23|12h_prior,2026-06-23,12h_prior,external_test,pooled_empirical_residual,empirical_residual,1.25,2026-06-23|07,7,32°C ≤ T < 33°C,32°C,32°C,32.0,33.0,False,False,True,False,29,99,0.2929292929292929,True,False,False,False,0.01,0.2909090909090908,True,False,6,32°C,True,32.2,PASSED
2026-06-23|12h_prior,2026-06-23,12h_prior,external_test,pooled_empirical_residual,empirical_residual,1.25,2026-06-23|08,8,33°C ≤ T < 34°C,33°C,33°C,33.0,34.0,False,False,True,False,24,99,0.2424242424242424,True,False,False,False,0.01,0.2409090909090908,True,False,7,33°C,False,32.2,PASSED
2026-06-23|12h_prior,2026-06-23,12h_prior,external_test,pooled_empirical_residual,empirical_residual,1.25,2026-06-23|09,9,34°C ≤ T < 35°C,34°C,34°C,34.0,35.0,False,False,True,False,8,99,0.0808080808080808,True,False,False,False,0.01,0.0809090909090909,True,False,8,34°C,False,32.2,PASSED
2026-06-23|12h_prior,2026-06-23,12h_prior,external_test,pooled_empirical_residual,empirical_residual,1.25,2026-06-23|10,10,35°C ≤ T < 36°C,35°C,35°C,35.0,36.0,False,False,True,False,1,99,0.0101010101010101,True,False,False,False,0.01,0.0109090909090909,True,False,9,35°C,False,32.2,PASSED
2026-06-23|12h_prior,2026-06-23,12h_prior,external_test,pooled_empirical_residual,empirical_residual,1.25,2026-06-23|11,11,T ≥ 36°C,36°C or higher,36°C or higher,36.0,,False,True,True,False,0,99,0.0,True,False,False,False,0.01,0.0009090909090909,True,False,10,36°C or higher,False,32.2,PASSED
2026-06-23|24h_prior,2026-06-23,24h_prior,external_test,pooled_empirical_residual,empirical_residual,1.25,2026-06-23|01,1,T < 27°C,26°C or below,26°C or below,,27.0,True,False,True,False,0,99,0.0,True,False,False,False,0.01,0.0009090909090909,True,False,0,26°C or below,False,32.2,PASSED
2026-06-23|24h_prior,2026-06-23,24h_prior,external_test,pooled_empirical_residual,empirical_residual,1.25,2026-06-23|02,2,27°C ≤ T < 28°C,27°C,27°C,27.0,28.0,False,False,True,False,0,99,0.0,True,False,False,False,0.01,0.0009090909090909,True,False,1,27°C,False,32.2,PASSED
2026-06-23|24h_prior,2026-06-23,24h_prior,external_test,pooled_empirical_residual,empirical_residual,1.25,2026-06-23|03,3,28°C ≤ T < 29°C,28°C,28°C,28.0,29.0,False,False,True,False,0,99,0.0,True,False,False,False,0.01,0.0009090909090909,True,False,2,28°C,False,32.2,PASSED
2026-06-23|24h_prior,2026-06-23,24h_prior,external_test,pooled_empirical_residual,empirical_residual,1.25,2026-06-23|04,4,29°C ≤ T < 30°C,29°C,29°C,29.0,30.0,False,False,True,False,6,99,0.0606060606060606,True,False,False,False,0.01,0.0609090909090909,True,False,3,29°C,False,32.2,PASSED
2026-06-23|24h_prior,2026-06-23,24h_prior,external_test,pooled_empirical_residual,empirical_residual,1.25,2026-06-23|05,5,30°C ≤ T < 31°C,30°C,30°C,30.0,31.0,False,False,True,False,10,99,0.101010101010101,True,False,False,False,0.01,0.1009090909090908,True,False,4,30°C,False,32.2,PASSED
2026-06-23|24h_prior,2026-06-23,24h_prior,external_test,pooled_empirical_residual,empirical_residual,1.25,2026-06-23|06,6,31°C ≤ T < 32°C,31°C,31°C,31.0,32.0,False,False,True,False,21,99,0.2121212121212121,True,False,False,False,0.01,0.2109090909090908,True,False,5,31°C,False,32.2,PASSED
2026-06-23|24h_prior,2026-06-23,24h_prior,external_test,pooled_empirical_residual,empirical_residual,1.25,2026-06-23|07,7,32°C ≤ T < 33°C,32°C,32°C,32.0,33.0,False,False,True,False,29,99,0.2929292929292929,True,False,False,False,0.01,0.2909090909090908,True,False,6,32°C,True,32.2,PASSED
2026-06-23|24h_prior,2026-06-23,24h_prior,external_test,pooled_empirical_residual,empirical_residual,1.25,2026-06-23|08,8,33°C ≤ T < 34°C,33°C,33°C,33.0,34.0,False,False,True,False,24,99,0.2424242424242424,True,False,False,False,0.01,0.2409090909090908,True,False,7,33°C,False,32.2,PASSED
2026-06-23|24h_prior,2026-06-23,24h_prior,external_test,pooled_empirical_residual,empirical_residual,1.25,2026-06-23|09,9,34°C ≤ T < 35°C,34°C,34°C,34.0,35.0,False,False,True,False,8,99,0.0808080808080808,True,False,False,False,0.01,0.0809090909090909,True,False,8,34°C,False,32.2,PASSED
2026-06-23|24h_prior,2026-06-23,24h_prior,external_test,pooled_empirical_residual,empirical_residual,1.25,2026-06-23|10,10,35°C ≤ T < 36°C,35°C,35°C,35.0,36.0,False,False,True,False,1,99,0.0101010101010101,True,False,False,False,0.01,0.0109090909090909,True,False,9,35°C,False,32.2,PASSED
2026-06-23|24h_prior,2026-06-23,24h_prior,external_test,pooled_empirical_residual,empirical_residual,1.25,2026-06-23|11,11,T ≥ 36°C,36°C or higher,36°C or higher,36.0,,False,True,True,False,0,99,0.0,True,False,False,False,0.01,0.0009090909090909,True,False,10,36°C or higher,False,32.2,PASSED
2026-06-23|6h_prior,2026-06-23,6h_prior,external_test,pooled_empirical_residual,empirical_residual,1.25,2026-06-23|01,1,T < 27°C,26°C or below,26°C or below,,27.0,True,False,True,False,0,99,0.0,True,False,False,False,0.01,0.0009090909090909,True,False,0,26°C or below,False,32.2,PASSED
2026-06-23|6h_prior,2026-06-23,6h_prior,external_test,pooled_empirical_residual,empirical_residual,1.25,2026-06-23|02,2,27°C ≤ T < 28°C,27°C,27°C,27.0,28.0,False,False,True,False,0,99,0.0,True,False,False,False,0.01,0.0009090909090909,True,False,1,27°C,False,32.2,PASSED
2026-06-23|6h_prior,2026-06-23,6h_prior,external_test,pooled_empirical_residual,empirical_residual,1.25,2026-06-23|03,3,28°C ≤ T < 29°C,28°C,28°C,28.0,29.0,False,False,True,False,1,99,0.0101010101010101,True,False,False,False,0.01,0.0109090909090909,True,False,2,28°C,False,32.2,PASSED
2026-06-23|6h_prior,2026-06-23,6h_prior,external_test,pooled_empirical_residual,empirical_residual,1.25,2026-06-23|04,4,29°C ≤ T < 30°C,29°C,29°C,29.0,30.0,False,False,True,False,8,99,0.0808080808080808,True,False,False,False,0.01,0.0809090909090909,True,False,3,29°C,False,32.2,PASSED
2026-06-23|6h_prior,2026-06-23,6h_prior,external_test,pooled_empirical_residual,empirical_residual,1.25,2026-06-23|05,5,30°C ≤ T < 31°C,30°C,30°C,30.0,31.0,False,False,True,False,8,99,0.0808080808080808,True,False,False,False,0.01,0.0809090909090909,True,False,4,30°C,False,32.2,PASSED
2026-06-23|6h_prior,2026-06-23,6h_prior,external_test,pooled_empirical_residual,empirical_residual,1.25,2026-06-23|06,6,31°C ≤ T < 32°C,31°C,31°C,31.0,32.0,False,False,True,False,25,99,0.2525252525252525,True,False,False,False,0.01,0.2509090909090908,True,False,5,31°C,False,32.2,PASSED
2026-06-23|6h_prior,2026-06-23,6h_prior,external_test,pooled_empirical_residual,empirical_residual,1.25,2026-06-23|07,7,32°C ≤ T < 33°C,32°C,32°C,32.0,33.0,False,False,True,False,28,99,0.2828282828282828,True,False,False,False,0.01,0.2809090909090909,True,False,6,32°C,True,32.2,PASSED
2026-06-23|6h_prior,2026-06-23,6h_prior,external_test,pooled_empirical_residual,empirical_residual,1.25,2026-06-23|08,8,33°C ≤ T < 34°C,33°C,33°C,33.0,34.0,False,False,True,False,21,99,0.2121212121212121,True,False,False,False,0.01,0.2109090909090908,True,False,7,33°C,False,32.2,PASSED
2026-06-23|6h_prior,2026-06-23,6h_prior,external_test,pooled_empirical_residual,empirical_residual,1.25,2026-06-23|09,9,34°C ≤ T < 35°C,34°C,34°C,34.0,35.0,False,False,True,False,7,99,0.0707070707070707,True,False,False,False,0.01,0.0709090909090909,True,False,8,34°C,False,32.2,PASSED
2026-06-23|6h_prior,2026-06-23,6h_prior,external_test,pooled_empirical_residual,empirical_residual,1.25,2026-06-23|10,10,35°C ≤ T < 36°C,35°C,35°C,35.0,36.0,False,False,True,False,1,99,0.0101010101010101,True,False,False,False,0.01,0.0109090909090909,True,False,9,35°C,False,32.2,PASSED
2026-06-23|6h_prior,2026-06-23,6h_prior,external_test,pooled_empirical_residual,empirical_residual,1.25,2026-06-23|11,11,T ≥ 36°C,36°C or higher,36°C or higher,36.0,,False,True,True,False,0,99,0.0,True,False,False,False,0.01,0.0009090909090909,True,False,10,36°C or higher,False,32.2,PASSED
2026-06-23|event_day_open,2026-06-23,event_day_open,external_test,pooled_empirical_residual,empirical_residual,1.25,2026-06-23|01,1,T < 27°C,26°C or below,26°C or below,,27.0,True,False,True,False,0,99,0.0,True,False,False,False,0.01,0.0009090909090909,True,False,0,26°C or below,False,32.2,PASSED
2026-06-23|event_day_open,2026-06-23,event_day_open,external_test,pooled_empirical_residual,empirical_residual,1.25,2026-06-23|02,2,27°C ≤ T < 28°C,27°C,27°C,27.0,28.0,False,False,True,False,0,99,0.0,True,False,False,False,0.01,0.0009090909090909,True,False,1,27°C,False,32.2,PASSED
2026-06-23|event_day_open,2026-06-23,event_day_open,external_test,pooled_empirical_residual,empirical_residual,1.25,2026-06-23|03,3,28°C ≤ T < 29°C,28°C,28°C,28.0,29.0,False,False,True,False,0,99,0.0,True,False,False,False,0.01,0.0009090909090909,True,False,2,28°C,False,32.2,PASSED
2026-06-23|event_day_open,2026-06-23,event_day_open,external_test,pooled_empirical_residual,empirical_residual,1.25,2026-06-23|04,4,29°C ≤ T < 30°C,29°C,29°C,29.0,30.0,False,False,True,False,4,99,0.0404040404040404,True,False,False,False,0.01,0.0409090909090909,True,False,3,29°C,False,32.2,PASSED
2026-06-23|event_day_open,2026-06-23,event_day_open,external_test,pooled_empirical_residual,empirical_residual,1.25,2026-06-23|05,5,30°C ≤ T < 31°C,30°C,30°C,30.0,31.0,False,False,True,False,9,99,0.0909090909090909,True,False,False,False,0.01,0.0909090909090909,True,False,4,30°C,False,32.2,PASSED
2026-06-23|event_day_open,2026-06-23,event_day_open,external_test,pooled_empirical_residual,empirical_residual,1.25,2026-06-23|06,6,31°C ≤ T < 32°C,31°C,31°C,31.0,32.0,False,False,True,False,19,99,0.1919191919191919,True,False,False,False,0.01,0.1909090909090909,True,False,5,31°C,False,32.2,PASSED
2026-06-23|event_day_open,2026-06-23,event_day_open,external_test,pooled_empirical_residual,empirical_residual,1.25,2026-06-23|07,7,32°C ≤ T < 33°C,32°C,32°C,32.0,33.0,False,False,True,False,30,99,0.303030303030303,True,False,False,False,0.01,0.3009090909090908,True,False,6,32°C,True,32.2,PASSED
2026-06-23|event_day_open,2026-06-23,event_day_open,external_test,pooled_empirical_residual,empirical_residual,1.25,2026-06-23|08,8,33°C ≤ T < 34°C,33°C,33°C,33.0,34.0,False,False,True,False,24,99,0.2424242424242424,True,False,False,False,0.01,0.2409090909090908,True,False,7,33°C,False,32.2,PASSED
2026-06-23|event_day_open,2026-06-23,event_day_open,external_test,pooled_empirical_residual,empirical_residual,1.25,2026-06-23|09,9,34°C ≤ T < 35°C,34°C,34°C,34.0,35.0,False,False,True,False,11,99,0.1111111111111111,True,False,False,False,0.01,0.1109090909090909,True,False,8,34°C,False,32.2,PASSED
2026-06-23|event_day_open,2026-06-23,event_day_open,external_test,pooled_empirical_residual,empirical_residual,1.25,2026-06-23|10,10,35°C ≤ T < 36°C,35°C,35°C,35.0,36.0,False,False,True,False,2,99,0.0202020202020202,True,False,False,False,0.01,0.0209090909090909,True,False,9,35°C,False,32.2,PASSED
2026-06-23|event_day_open,2026-06-23,event_day_open,external_test,pooled_empirical_residual,empirical_residual,1.25,2026-06-23|11,11,T ≥ 36°C,36°C or higher,36°C or higher,36.0,,False,True,True,False,0,99,0.0,True,False,False,False,0.01,0.0009090909090909,True,False,10,36°C or higher,False,32.2,PASSED
2026-06-24|12h_prior,2026-06-24,12h_prior,external_test,pooled_empirical_residual,empirical_residual,1.25,2026-06-24|01,1,T < 27°C,26°C or below,26°C or below,,27.0,True,False,True,False,0,99,0.0,True,False,False,False,0.01,0.0009090909090909,True,False,0,26°C or below,False,32.8,PASSED
2026-06-24|12h_prior,2026-06-24,12h_prior,external_test,pooled_empirical_residual,empirical_residual,1.25,2026-06-24|02,2,27°C ≤ T < 28°C,27°C,27°C,27.0,28.0,False,False,True,False,0,99,0.0,True,False,False,False,0.01,0.0009090909090909,True,False,1,27°C,False,32.8,PASSED
2026-06-24|12h_prior,2026-06-24,12h_prior,external_test,pooled_empirical_residual,empirical_residual,1.25,2026-06-24|03,3,28°C ≤ T < 29°C,28°C,28°C,28.0,29.0,False,False,True,False,0,99,0.0,True,False,False,False,0.01,0.0009090909090909,True,False,2,28°C,False,32.8,PASSED
2026-06-24|12h_prior,2026-06-24,12h_prior,external_test,pooled_empirical_residual,empirical_residual,1.25,2026-06-24|04,4,29°C ≤ T < 30°C,29°C,29°C,29.0,30.0,False,False,True,False,3,99,0.0303030303030303,True,False,False,False,0.01,0.0309090909090909,True,False,3,29°C,False,32.8,PASSED
2026-06-24|12h_prior,2026-06-24,12h_prior,external_test,pooled_empirical_residual,empirical_residual,1.25,2026-06-24|05,5,30°C ≤ T < 31°C,30°C,30°C,30.0,31.0,False,False,True,False,10,99,0.101010101010101,True,False,False,False,0.01,0.1009090909090908,True,False,4,30°C,False,32.8,PASSED
2026-06-24|12h_prior,2026-06-24,12h_prior,external_test,pooled_empirical_residual,empirical_residual,1.25,2026-06-24|06,6,31°C ≤ T < 32°C,31°C,31°C,31.0,32.0,False,False,True,False,11,99,0.1111111111111111,True,False,False,False,0.01,0.1109090909090909,True,False,5,31°C,False,32.8,PASSED
2026-06-24|12h_prior,2026-06-24,12h_prior,external_test,pooled_empirical_residual,empirical_residual,1.25,2026-06-24|07,7,32°C ≤ T < 33°C,32°C,32°C,32.0,33.0,False,False,True,False,32,99,0.3232323232323232,True,False,False,False,0.01,0.3209090909090908,True,False,6,32°C,True,32.8,PASSED
2026-06-24|12h_prior,2026-06-24,12h_prior,external_test,pooled_empirical_residual,empirical_residual,1.25,2026-06-24|08,8,33°C ≤ T < 34°C,33°C,33°C,33.0,34.0,False,False,True,False,22,99,0.2222222222222222,True,False,False,False,0.01,0.2209090909090909,True,False,7,33°C,False,32.8,PASSED
2026-06-24|12h_prior,2026-06-24,12h_prior,external_test,pooled_empirical_residual,empirical_residual,1.25,2026-06-24|09,9,34°C ≤ T < 35°C,34°C,34°C,34.0,35.0,False,False,True,False,18,99,0.1818181818181818,True,False,False,False,0.01,0.1809090909090908,True,False,8,34°C,False,32.8,PASSED
2026-06-24|12h_prior,2026-06-24,12h_prior,external_test,pooled_empirical_residual,empirical_residual,1.25,2026-06-24|10,10,35°C ≤ T < 36°C,35°C,35°C,35.0,36.0,False,False,True,False,3,99,0.0303030303030303,True,False,False,False,0.01,0.0309090909090909,True,False,9,35°C,False,32.8,PASSED
2026-06-24|12h_prior,2026-06-24,12h_prior,external_test,pooled_empirical_residual,empirical_residual,1.25,2026-06-24|11,11,T ≥ 36°C,36°C or higher,36°C or higher,36.0,,False,True,True,False,0,99,0.0,True,False,False,False,0.01,0.0009090909090909,True,False,10,36°C or higher,False,32.8,PASSED
2026-06-24|24h_prior,2026-06-24,24h_prior,external_test,pooled_empirical_residual,empirical_residual,1.25,2026-06-24|01,1,T < 27°C,26°C or below,26°C or below,,27.0,True,False,True,False,0,99,0.0,True,False,False,False,0.01,0.0009090909090909,True,False,0,26°C or below,False,32.8,PASSED
2026-06-24|24h_prior,2026-06-24,24h_prior,external_test,pooled_empirical_residual,empirical_residual,1.25,2026-06-24|02,2,27°C ≤ T < 28°C,27°C,27°C,27.0,28.0,False,False,True,False,0,99,0.0,True,False,False,False,0.01,0.0009090909090909,True,False,1,27°C,False,32.8,PASSED
2026-06-24|24h_prior,2026-06-24,24h_prior,external_test,pooled_empirical_residual,empirical_residual,1.25,2026-06-24|03,3,28°C ≤ T < 29°C,28°C,28°C,28.0,29.0,False,False,True,False,0,99,0.0,True,False,False,False,0.01,0.0009090909090909,True,False,2,28°C,False,32.8,PASSED
2026-06-24|24h_prior,2026-06-24,24h_prior,external_test,pooled_empirical_residual,empirical_residual,1.25,2026-06-24|04,4,29°C ≤ T < 30°C,29°C,29°C,29.0,30.0,False,False,True,False,1,99,0.0101010101010101,True,False,False,False,0.01,0.0109090909090909,True,False,3,29°C,False,32.8,PASSED
2026-06-24|24h_prior,2026-06-24,24h_prior,external_test,pooled_empirical_residual,empirical_residual,1.25,2026-06-24|05,5,30°C ≤ T < 31°C,30°C,30°C,30.0,31.0,False,False,True,False,8,99,0.0808080808080808,True,False,False,False,0.01,0.0809090909090909,True,False,4,30°C,False,32.8,PASSED
2026-06-24|24h_prior,2026-06-24,24h_prior,external_test,pooled_empirical_residual,empirical_residual,1.25,2026-06-24|06,6,31°C ≤ T < 32°C,31°C,31°C,31.0,32.0,False,False,True,False,8,99,0.0808080808080808,True,False,False,False,0.01,0.0809090909090909,True,False,5,31°C,False,32.8,PASSED
2026-06-24|24h_prior,2026-06-24,24h_prior,external_test,pooled_empirical_residual,empirical_residual,1.25,2026-06-24|07,7,32°C ≤ T < 33°C,32°C,32°C,32.0,33.0,False,False,True,False,25,99,0.2525252525252525,True,False,False,False,0.01,0.2509090909090908,True,False,6,32°C,True,32.8,PASSED
2026-06-24|24h_prior,2026-06-24,24h_prior,external_test,pooled_empirical_residual,empirical_residual,1.25,2026-06-24|08,8,33°C ≤ T < 34°C,33°C,33°C,33.0,34.0,False,False,True,False,28,99,0.2828282828282828,True,False,False,False,0.01,0.2809090909090909,True,False,7,33°C,False,32.8,PASSED
2026-06-24|24h_prior,2026-06-24,24h_prior,external_test,pooled_empirical_residual,empirical_residual,1.25,2026-06-24|09,9,34°C ≤ T < 35°C,34°C,34°C,34.0,35.0,False,False,True,False,21,99,0.2121212121212121,True,False,False,False,0.01,0.2109090909090908,True,False,8,34°C,False,32.8,PASSED
2026-06-24|24h_prior,2026-06-24,24h_prior,external_test,pooled_empirical_residual,empirical_residual,1.25,2026-06-24|10,10,35°C ≤ T < 36°C,35°C,35°C,35.0,36.0,False,False,True,False,7,99,0.0707070707070707,True,False,False,False,0.01,0.0709090909090909,True,False,9,35°C,False,32.8,PASSED
2026-06-24|24h_prior,2026-06-24,24h_prior,external_test,pooled_empirical_residual,empirical_residual,1.25,2026-06-24|11,11,T ≥ 36°C,36°C or higher,36°C or higher,36.0,,False,True,True,False,1,99,0.0101010101010101,True,False,False,False,0.01,0.0109090909090909,True,False,10,36°C or higher,False,32.8,PASSED
2026-06-24|event_day_open,2026-06-24,event_day_open,external_test,pooled_empirical_residual,empirical_residual,1.25,2026-06-24|01,1,T < 27°C,26°C or below,26°C or below,,27.0,True,False,True,False,0,99,0.0,True,False,False,False,0.01,0.0009090909090909,True,False,0,26°C or below,False,32.8,PASSED
2026-06-24|event_day_open,2026-06-24,event_day_open,external_test,pooled_empirical_residual,empirical_residual,1.25,2026-06-24|02,2,27°C ≤ T < 28°C,27°C,27°C,27.0,28.0,False,False,True,False,0,99,0.0,True,False,False,False,0.01,0.0009090909090909,True,False,1,27°C,False,32.8,PASSED
2026-06-24|event_day_open,2026-06-24,event_day_open,external_test,pooled_empirical_residual,empirical_residual,1.25,2026-06-24|03,3,28°C ≤ T < 29°C,28°C,28°C,28.0,29.0,False,False,True,False,0,99,0.0,True,False,False,False,0.01,0.0009090909090909,True,False,2,28°C,False,32.8,PASSED
2026-06-24|event_day_open,2026-06-24,event_day_open,external_test,pooled_empirical_residual,empirical_residual,1.25,2026-06-24|04,4,29°C ≤ T < 30°C,29°C,29°C,29.0,30.0,False,False,True,False,1,99,0.0101010101010101,True,False,False,False,0.01,0.0109090909090909,True,False,3,29°C,False,32.8,PASSED
2026-06-24|event_day_open,2026-06-24,event_day_open,external_test,pooled_empirical_residual,empirical_residual,1.25,2026-06-24|05,5,30°C ≤ T < 31°C,30°C,30°C,30.0,31.0,False,False,True,False,8,99,0.0808080808080808,True,False,False,False,0.01,0.0809090909090909,True,False,4,30°C,False,32.8,PASSED
2026-06-24|event_day_open,2026-06-24,event_day_open,external_test,pooled_empirical_residual,empirical_residual,1.25,2026-06-24|06,6,31°C ≤ T < 32°C,31°C,31°C,31.0,32.0,False,False,True,False,10,99,0.101010101010101,True,False,False,False,0.01,0.1009090909090908,True,False,5,31°C,False,32.8,PASSED
2026-06-24|event_day_open,2026-06-24,event_day_open,external_test,pooled_empirical_residual,empirical_residual,1.25,2026-06-24|07,7,32°C ≤ T < 33°C,32°C,32°C,32.0,33.0,False,False,True,False,28,99,0.2828282828282828,True,False,False,False,0.01,0.2809090909090909,True,False,6,32°C,True,32.8,PASSED
2026-06-24|event_day_open,2026-06-24,event_day_open,external_test,pooled_empirical_residual,empirical_residual,1.25,2026-06-24|08,8,33°C ≤ T < 34°C,33°C,33°C,33.0,34.0,False,False,True,False,25,99,0.2525252525252525,True,False,False,False,0.01,0.2509090909090908,True,False,7,33°C,False,32.8,PASSED
2026-06-24|event_day_open,2026-06-24,event_day_open,external_test,pooled_empirical_residual,empirical_residual,1.25,2026-06-24|09,9,34°C ≤ T < 35°C,34°C,34°C,34.0,35.0,False,False,True,False,21,99,0.2121212121212121,True,False,False,False,0.01,0.2109090909090908,True,False,8,34°C,False,32.8,PASSED
2026-06-24|event_day_open,2026-06-24,event_day_open,external_test,pooled_empirical_residual,empirical_residual,1.25,2026-06-24|10,10,35°C ≤ T < 36°C,35°C,35°C,35.0,36.0,False,False,True,False,6,99,0.0606060606060606,True,False,False,False,0.01,0.0609090909090909,True,False,9,35°C,False,32.8,PASSED
2026-06-24|event_day_open,2026-06-24,event_day_open,external_test,pooled_empirical_residual,empirical_residual,1.25,2026-06-24|11,11,T ≥ 36°C,36°C or higher,36°C or higher,36.0,,False,True,True,False,0,99,0.0,True,False,False,False,0.01,0.0009090909090909,True,False,10,36°C or higher,False,32.8,PASSED
2026-06-25|12h_prior,2026-06-25,12h_prior,external_test,pooled_empirical_residual,empirical_residual,1.25,2026-06-25|01,1,T < 28°C,27°C or below,27°C or below,,28.0,True,False,True,False,0,99,0.0,True,False,False,False,0.01,0.0009090909090909,True,False,0,27°C or below,False,32.9,PASSED
2026-06-25|12h_prior,2026-06-25,12h_prior,external_test,pooled_empirical_residual,empirical_residual,1.25,2026-06-25|02,2,28°C ≤ T < 29°C,28°C,28°C,28.0,29.0,False,False,True,False,0,99,0.0,True,False,False,False,0.01,0.0009090909090909,True,False,1,28°C,False,32.9,PASSED
2026-06-25|12h_prior,2026-06-25,12h_prior,external_test,pooled_empirical_residual,empirical_residual,1.25,2026-06-25|03,3,29°C ≤ T < 30°C,29°C,29°C,29.0,30.0,False,False,True,False,0,99,0.0,True,False,False,False,0.01,0.0009090909090909,True,False,2,29°C,False,32.9,PASSED
2026-06-25|12h_prior,2026-06-25,12h_prior,external_test,pooled_empirical_residual,empirical_residual,1.25,2026-06-25|04,4,30°C ≤ T < 31°C,30°C,30°C,30.0,31.0,False,False,True,False,4,99,0.0404040404040404,True,False,False,False,0.01,0.0409090909090909,True,False,3,30°C,False,32.9,PASSED
2026-06-25|12h_prior,2026-06-25,12h_prior,external_test,pooled_empirical_residual,empirical_residual,1.25,2026-06-25|05,5,31°C ≤ T < 32°C,31°C,31°C,31.0,32.0,False,False,True,False,9,99,0.0909090909090909,True,False,False,False,0.01,0.0909090909090909,True,False,4,31°C,False,32.9,PASSED
2026-06-25|12h_prior,2026-06-25,12h_prior,external_test,pooled_empirical_residual,empirical_residual,1.25,2026-06-25|06,6,32°C ≤ T < 33°C,32°C,32°C,32.0,33.0,False,False,True,False,15,99,0.1515151515151515,True,False,False,False,0.01,0.1509090909090908,True,False,5,32°C,True,32.9,PASSED
2026-06-25|12h_prior,2026-06-25,12h_prior,external_test,pooled_empirical_residual,empirical_residual,1.25,2026-06-25|07,7,33°C ≤ T < 34°C,33°C,33°C,33.0,34.0,False,False,True,False,32,99,0.3232323232323232,True,False,False,False,0.01,0.3209090909090908,True,False,6,33°C,False,32.9,PASSED
2026-06-25|12h_prior,2026-06-25,12h_prior,external_test,pooled_empirical_residual,empirical_residual,1.25,2026-06-25|08,8,34°C ≤ T < 35°C,34°C,34°C,34.0,35.0,False,False,True,False,22,99,0.2222222222222222,True,False,False,False,0.01,0.2209090909090909,True,False,7,34°C,False,32.9,PASSED
2026-06-25|12h_prior,2026-06-25,12h_prior,external_test,pooled_empirical_residual,empirical_residual,1.25,2026-06-25|09,9,35°C ≤ T < 36°C,35°C,35°C,35.0,36.0,False,False,True,False,15,99,0.1515151515151515,True,False,False,False,0.01,0.1509090909090908,True,False,8,35°C,False,32.9,PASSED
2026-06-25|12h_prior,2026-06-25,12h_prior,external_test,pooled_empirical_residual,empirical_residual,1.25,2026-06-25|10,10,36°C ≤ T < 37°C,36°C,36°C,36.0,37.0,False,False,True,False,2,99,0.0202020202020202,True,False,False,False,0.01,0.0209090909090909,True,False,9,36°C,False,32.9,PASSED
2026-06-25|12h_prior,2026-06-25,12h_prior,external_test,pooled_empirical_residual,empirical_residual,1.25,2026-06-25|11,11,T ≥ 37°C,37°C or higher,37°C or higher,37.0,,False,True,True,False,0,99,0.0,True,False,False,False,0.01,0.0009090909090909,True,False,10,37°C or higher,False,32.9,PASSED
2026-06-25|24h_prior,2026-06-25,24h_prior,external_test,pooled_empirical_residual,empirical_residual,1.25,2026-06-25|01,1,T < 28°C,27°C or below,27°C or below,,28.0,True,False,True,False,0,99,0.0,True,False,False,False,0.01,0.0009090909090909,True,False,0,27°C or below,False,32.9,PASSED
2026-06-25|24h_prior,2026-06-25,24h_prior,external_test,pooled_empirical_residual,empirical_residual,1.25,2026-06-25|02,2,28°C ≤ T < 29°C,28°C,28°C,28.0,29.0,False,False,True,False,0,99,0.0,True,False,False,False,0.01,0.0009090909090909,True,False,1,28°C,False,32.9,PASSED
2026-06-25|24h_prior,2026-06-25,24h_prior,external_test,pooled_empirical_residual,empirical_residual,1.25,2026-06-25|03,3,29°C ≤ T < 30°C,29°C,29°C,29.0,30.0,False,False,True,False,2,99,0.0202020202020202,True,False,False,False,0.01,0.0209090909090909,True,False,2,29°C,False,32.9,PASSED
2026-06-25|24h_prior,2026-06-25,24h_prior,external_test,pooled_empirical_residual,empirical_residual,1.25,2026-06-25|04,4,30°C ≤ T < 31°C,30°C,30°C,30.0,31.0,False,False,True,False,9,99,0.0909090909090909,True,False,False,False,0.01,0.0909090909090909,True,False,3,30°C,False,32.9,PASSED
2026-06-25|24h_prior,2026-06-25,24h_prior,external_test,pooled_empirical_residual,empirical_residual,1.25,2026-06-25|05,5,31°C ≤ T < 32°C,31°C,31°C,31.0,32.0,False,False,True,False,10,99,0.101010101010101,True,False,False,False,0.01,0.1009090909090908,True,False,4,31°C,False,32.9,PASSED
2026-06-25|24h_prior,2026-06-25,24h_prior,external_test,pooled_empirical_residual,empirical_residual,1.25,2026-06-25|06,6,32°C ≤ T < 33°C,32°C,32°C,32.0,33.0,False,False,True,False,32,99,0.3232323232323232,True,False,False,False,0.01,0.3209090909090908,True,False,5,32°C,True,32.9,PASSED
2026-06-25|24h_prior,2026-06-25,24h_prior,external_test,pooled_empirical_residual,empirical_residual,1.25,2026-06-25|07,7,33°C ≤ T < 34°C,33°C,33°C,33.0,34.0,False,False,True,False,23,99,0.2323232323232323,True,False,False,False,0.01,0.2309090909090908,True,False,6,33°C,False,32.9,PASSED
2026-06-25|24h_prior,2026-06-25,24h_prior,external_test,pooled_empirical_residual,empirical_residual,1.25,2026-06-25|08,8,34°C ≤ T < 35°C,34°C,34°C,34.0,35.0,False,False,True,False,18,99,0.1818181818181818,True,False,False,False,0.01,0.1809090909090908,True,False,7,34°C,False,32.9,PASSED
2026-06-25|24h_prior,2026-06-25,24h_prior,external_test,pooled_empirical_residual,empirical_residual,1.25,2026-06-25|09,9,35°C ≤ T < 36°C,35°C,35°C,35.0,36.0,False,False,True,False,5,99,0.0505050505050505,True,False,False,False,0.01,0.0509090909090909,True,False,8,35°C,False,32.9,PASSED
2026-06-25|24h_prior,2026-06-25,24h_prior,external_test,pooled_empirical_residual,empirical_residual,1.25,2026-06-25|10,10,36°C ≤ T < 37°C,36°C,36°C,36.0,37.0,False,False,True,False,0,99,0.0,True,False,False,False,0.01,0.0009090909090909,True,False,9,36°C,False,32.9,PASSED
2026-06-25|24h_prior,2026-06-25,24h_prior,external_test,pooled_empirical_residual,empirical_residual,1.25,2026-06-25|11,11,T ≥ 37°C,37°C or higher,37°C or higher,37.0,,False,True,True,False,0,99,0.0,True,False,False,False,0.01,0.0009090909090909,True,False,10,37°C or higher,False,32.9,PASSED
2026-06-25|6h_prior,2026-06-25,6h_prior,external_test,pooled_empirical_residual,empirical_residual,1.25,2026-06-25|01,1,T < 28°C,27°C or below,27°C or below,,28.0,True,False,True,False,0,99,0.0,True,False,False,False,0.01,0.0009090909090909,True,False,0,27°C or below,False,32.9,PASSED
2026-06-25|6h_prior,2026-06-25,6h_prior,external_test,pooled_empirical_residual,empirical_residual,1.25,2026-06-25|02,2,28°C ≤ T < 29°C,28°C,28°C,28.0,29.0,False,False,True,False,0,99,0.0,True,False,False,False,0.01,0.0009090909090909,True,False,1,28°C,False,32.9,PASSED
2026-06-25|6h_prior,2026-06-25,6h_prior,external_test,pooled_empirical_residual,empirical_residual,1.25,2026-06-25|03,3,29°C ≤ T < 30°C,29°C,29°C,29.0,30.0,False,False,True,False,0,99,0.0,True,False,False,False,0.01,0.0009090909090909,True,False,2,29°C,False,32.9,PASSED
2026-06-25|6h_prior,2026-06-25,6h_prior,external_test,pooled_empirical_residual,empirical_residual,1.25,2026-06-25|04,4,30°C ≤ T < 31°C,30°C,30°C,30.0,31.0,False,False,True,False,3,99,0.0303030303030303,True,False,False,False,0.01,0.0309090909090909,True,False,3,30°C,False,32.9,PASSED
2026-06-25|6h_prior,2026-06-25,6h_prior,external_test,pooled_empirical_residual,empirical_residual,1.25,2026-06-25|05,5,31°C ≤ T < 32°C,31°C,31°C,31.0,32.0,False,False,True,False,10,99,0.101010101010101,True,False,False,False,0.01,0.1009090909090908,True,False,4,31°C,False,32.9,PASSED
2026-06-25|6h_prior,2026-06-25,6h_prior,external_test,pooled_empirical_residual,empirical_residual,1.25,2026-06-25|06,6,32°C ≤ T < 33°C,32°C,32°C,32.0,33.0,False,False,True,False,11,99,0.1111111111111111,True,False,False,False,0.01,0.1109090909090909,True,False,5,32°C,True,32.9,PASSED
2026-06-25|6h_prior,2026-06-25,6h_prior,external_test,pooled_empirical_residual,empirical_residual,1.25,2026-06-25|07,7,33°C ≤ T < 34°C,33°C,33°C,33.0,34.0,False,False,True,False,32,99,0.3232323232323232,True,False,False,False,0.01,0.3209090909090908,True,False,6,33°C,False,32.9,PASSED
2026-06-25|6h_prior,2026-06-25,6h_prior,external_test,pooled_empirical_residual,empirical_residual,1.25,2026-06-25|08,8,34°C ≤ T < 35°C,34°C,34°C,34.0,35.0,False,False,True,False,22,99,0.2222222222222222,True,False,False,False,0.01,0.2209090909090909,True,False,7,34°C,False,32.9,PASSED
2026-06-25|6h_prior,2026-06-25,6h_prior,external_test,pooled_empirical_residual,empirical_residual,1.25,2026-06-25|09,9,35°C ≤ T < 36°C,35°C,35°C,35.0,36.0,False,False,True,False,18,99,0.1818181818181818,True,False,False,False,0.01,0.1809090909090908,True,False,8,35°C,False,32.9,PASSED
2026-06-25|6h_prior,2026-06-25,6h_prior,external_test,pooled_empirical_residual,empirical_residual,1.25,2026-06-25|10,10,36°C ≤ T < 37°C,36°C,36°C,36.0,37.0,False,False,True,False,3,99,0.0303030303030303,True,False,False,False,0.01,0.0309090909090909,True,False,9,36°C,False,32.9,PASSED
2026-06-25|6h_prior,2026-06-25,6h_prior,external_test,pooled_empirical_residual,empirical_residual,1.25,2026-06-25|11,11,T ≥ 37°C,37°C or higher,37°C or higher,37.0,,False,True,True,False,0,99,0.0,True,False,False,False,0.01,0.0009090909090909,True,False,10,37°C or higher,False,32.9,PASSED
2026-06-25|event_day_open,2026-06-25,event_day_open,external_test,pooled_empirical_residual,empirical_residual,1.25,2026-06-25|01,1,T < 28°C,27°C or below,27°C or below,,28.0,True,False,True,False,0,99,0.0,True,False,False,False,0.01,0.0009090909090909,True,False,0,27°C or below,False,32.9,PASSED
2026-06-25|event_day_open,2026-06-25,event_day_open,external_test,pooled_empirical_residual,empirical_residual,1.25,2026-06-25|02,2,28°C ≤ T < 29°C,28°C,28°C,28.0,29.0,False,False,True,False,0,99,0.0,True,False,False,False,0.01,0.0009090909090909,True,False,1,28°C,False,32.9,PASSED
2026-06-25|event_day_open,2026-06-25,event_day_open,external_test,pooled_empirical_residual,empirical_residual,1.25,2026-06-25|03,3,29°C ≤ T < 30°C,29°C,29°C,29.0,30.0,False,False,True,False,0,99,0.0,True,False,False,False,0.01,0.0009090909090909,True,False,2,29°C,False,32.9,PASSED
2026-06-25|event_day_open,2026-06-25,event_day_open,external_test,pooled_empirical_residual,empirical_residual,1.25,2026-06-25|04,4,30°C ≤ T < 31°C,30°C,30°C,30.0,31.0,False,False,True,False,5,99,0.0505050505050505,True,False,False,False,0.01,0.0509090909090909,True,False,3,30°C,False,32.9,PASSED
2026-06-25|event_day_open,2026-06-25,event_day_open,external_test,pooled_empirical_residual,empirical_residual,1.25,2026-06-25|05,5,31°C ≤ T < 32°C,31°C,31°C,31.0,32.0,False,False,True,False,9,99,0.0909090909090909,True,False,False,False,0.01,0.0909090909090909,True,False,4,31°C,False,32.9,PASSED
2026-06-25|event_day_open,2026-06-25,event_day_open,external_test,pooled_empirical_residual,empirical_residual,1.25,2026-06-25|06,6,32°C ≤ T < 33°C,32°C,32°C,32.0,33.0,False,False,True,False,20,99,0.202020202020202,True,False,False,False,0.01,0.2009090909090908,True,False,5,32°C,True,32.9,PASSED
2026-06-25|event_day_open,2026-06-25,event_day_open,external_test,pooled_empirical_residual,empirical_residual,1.25,2026-06-25|07,7,33°C ≤ T < 34°C,33°C,33°C,33.0,34.0,False,False,True,False,31,99,0.3131313131313131,True,False,False,False,0.01,0.3109090909090908,True,False,6,33°C,False,32.9,PASSED
2026-06-25|event_day_open,2026-06-25,event_day_open,external_test,pooled_empirical_residual,empirical_residual,1.25,2026-06-25|08,8,34°C ≤ T < 35°C,34°C,34°C,34.0,35.0,False,False,True,False,23,99,0.2323232323232323,True,False,False,False,0.01,0.2309090909090908,True,False,7,34°C,False,32.9,PASSED
2026-06-25|event_day_open,2026-06-25,event_day_open,external_test,pooled_empirical_residual,empirical_residual,1.25,2026-06-25|09,9,35°C ≤ T < 36°C,35°C,35°C,35.0,36.0,False,False,True,False,10,99,0.101010101010101,True,False,False,False,0.01,0.1009090909090908,True,False,8,35°C,False,32.9,PASSED
2026-06-25|event_day_open,2026-06-25,event_day_open,external_test,pooled_empirical_residual,empirical_residual,1.25,2026-06-25|10,10,36°C ≤ T < 37°C,36°C,36°C,36.0,37.0,False,False,True,False,1,99,0.0101010101010101,True,False,False,False,0.01,0.0109090909090909,True,False,9,36°C,False,32.9,PASSED
2026-06-25|event_day_open,2026-06-25,event_day_open,external_test,pooled_empirical_residual,empirical_residual,1.25,2026-06-25|11,11,T ≥ 37°C,37°C or higher,37°C or higher,37.0,,False,True,True,False,0,99,0.0,True,False,False,False,0.01,0.0009090909090909,True,False,10,37°C or higher,False,32.9,PASSED
2026-06-26|12h_prior,2026-06-26,12h_prior,external_test,pooled_empirical_residual,empirical_residual,1.25,2026-06-26|01,1,T < 28°C,27°C or below,27°C or below,,28.0,True,False,True,False,0,99,0.0,True,False,False,False,0.01,0.0009090909090909,True,False,0,27°C or below,False,31.6,PASSED
2026-06-26|12h_prior,2026-06-26,12h_prior,external_test,pooled_empirical_residual,empirical_residual,1.25,2026-06-26|02,2,28°C ≤ T < 29°C,28°C,28°C,28.0,29.0,False,False,True,False,3,99,0.0303030303030303,True,False,False,False,0.01,0.0309090909090909,True,False,1,28°C,False,31.6,PASSED
2026-06-26|12h_prior,2026-06-26,12h_prior,external_test,pooled_empirical_residual,empirical_residual,1.25,2026-06-26|03,3,29°C ≤ T < 30°C,29°C,29°C,29.0,30.0,False,False,True,False,10,99,0.101010101010101,True,False,False,False,0.01,0.1009090909090908,True,False,2,29°C,False,31.6,PASSED
2026-06-26|12h_prior,2026-06-26,12h_prior,external_test,pooled_empirical_residual,empirical_residual,1.25,2026-06-26|04,4,30°C ≤ T < 31°C,30°C,30°C,30.0,31.0,False,False,True,False,11,99,0.1111111111111111,True,False,False,False,0.01,0.1109090909090909,True,False,3,30°C,False,31.6,PASSED
2026-06-26|12h_prior,2026-06-26,12h_prior,external_test,pooled_empirical_residual,empirical_residual,1.25,2026-06-26|05,5,31°C ≤ T < 32°C,31°C,31°C,31.0,32.0,False,False,True,False,32,99,0.3232323232323232,True,False,False,False,0.01,0.3209090909090908,True,False,4,31°C,True,31.6,PASSED
2026-06-26|12h_prior,2026-06-26,12h_prior,external_test,pooled_empirical_residual,empirical_residual,1.25,2026-06-26|06,6,32°C ≤ T < 33°C,32°C,32°C,32.0,33.0,False,False,True,False,22,99,0.2222222222222222,True,False,False,False,0.01,0.2209090909090909,True,False,5,32°C,False,31.6,PASSED
2026-06-26|12h_prior,2026-06-26,12h_prior,external_test,pooled_empirical_residual,empirical_residual,1.25,2026-06-26|07,7,33°C ≤ T < 34°C,33°C,33°C,33.0,34.0,False,False,True,False,18,99,0.1818181818181818,True,False,False,False,0.01,0.1809090909090908,True,False,6,33°C,False,31.6,PASSED
2026-06-26|12h_prior,2026-06-26,12h_prior,external_test,pooled_empirical_residual,empirical_residual,1.25,2026-06-26|08,8,34°C ≤ T < 35°C,34°C,34°C,34.0,35.0,False,False,True,False,3,99,0.0303030303030303,True,False,False,False,0.01,0.0309090909090909,True,False,7,34°C,False,31.6,PASSED
2026-06-26|12h_prior,2026-06-26,12h_prior,external_test,pooled_empirical_residual,empirical_residual,1.25,2026-06-26|09,9,35°C ≤ T < 36°C,35°C,35°C,35.0,36.0,False,False,True,False,0,99,0.0,True,False,False,False,0.01,0.0009090909090909,True,False,8,35°C,False,31.6,PASSED
2026-06-26|12h_prior,2026-06-26,12h_prior,external_test,pooled_empirical_residual,empirical_residual,1.25,2026-06-26|10,10,36°C ≤ T < 37°C,36°C,36°C,36.0,37.0,False,False,True,False,0,99,0.0,True,False,False,False,0.01,0.0009090909090909,True,False,9,36°C,False,31.6,PASSED
2026-06-26|12h_prior,2026-06-26,12h_prior,external_test,pooled_empirical_residual,empirical_residual,1.25,2026-06-26|11,11,T ≥ 37°C,37°C or higher,37°C or higher,37.0,,False,True,True,False,0,99,0.0,True,False,False,False,0.01,0.0009090909090909,True,False,10,37°C or higher,False,31.6,PASSED
2026-06-26|24h_prior,2026-06-26,24h_prior,external_test,pooled_empirical_residual,empirical_residual,1.25,2026-06-26|01,1,T < 28°C,27°C or below,27°C or below,,28.0,True,False,True,False,0,99,0.0,True,False,False,False,0.01,0.0009090909090909,True,False,0,27°C or below,False,31.6,PASSED
2026-06-26|24h_prior,2026-06-26,24h_prior,external_test,pooled_empirical_residual,empirical_residual,1.25,2026-06-26|02,2,28°C ≤ T < 29°C,28°C,28°C,28.0,29.0,False,False,True,False,1,99,0.0101010101010101,True,False,False,False,0.01,0.0109090909090909,True,False,1,28°C,False,31.6,PASSED
2026-06-26|24h_prior,2026-06-26,24h_prior,external_test,pooled_empirical_residual,empirical_residual,1.25,2026-06-26|03,3,29°C ≤ T < 30°C,29°C,29°C,29.0,30.0,False,False,True,False,8,99,0.0808080808080808,True,False,False,False,0.01,0.0809090909090909,True,False,2,29°C,False,31.6,PASSED
2026-06-26|24h_prior,2026-06-26,24h_prior,external_test,pooled_empirical_residual,empirical_residual,1.25,2026-06-26|04,4,30°C ≤ T < 31°C,30°C,30°C,30.0,31.0,False,False,True,False,8,99,0.0808080808080808,True,False,False,False,0.01,0.0809090909090909,True,False,3,30°C,False,31.6,PASSED
2026-06-26|24h_prior,2026-06-26,24h_prior,external_test,pooled_empirical_residual,empirical_residual,1.25,2026-06-26|05,5,31°C ≤ T < 32°C,31°C,31°C,31.0,32.0,False,False,True,False,25,99,0.2525252525252525,True,False,False,False,0.01,0.2509090909090908,True,False,4,31°C,True,31.6,PASSED
2026-06-26|24h_prior,2026-06-26,24h_prior,external_test,pooled_empirical_residual,empirical_residual,1.25,2026-06-26|06,6,32°C ≤ T < 33°C,32°C,32°C,32.0,33.0,False,False,True,False,28,99,0.2828282828282828,True,False,False,False,0.01,0.2809090909090909,True,False,5,32°C,False,31.6,PASSED
2026-06-26|24h_prior,2026-06-26,24h_prior,external_test,pooled_empirical_residual,empirical_residual,1.25,2026-06-26|07,7,33°C ≤ T < 34°C,33°C,33°C,33.0,34.0,False,False,True,False,21,99,0.2121212121212121,True,False,False,False,0.01,0.2109090909090908,True,False,6,33°C,False,31.6,PASSED
2026-06-26|24h_prior,2026-06-26,24h_prior,external_test,pooled_empirical_residual,empirical_residual,1.25,2026-06-26|08,8,34°C ≤ T < 35°C,34°C,34°C,34.0,35.0,False,False,True,False,7,99,0.0707070707070707,True,False,False,False,0.01,0.0709090909090909,True,False,7,34°C,False,31.6,PASSED
2026-06-26|24h_prior,2026-06-26,24h_prior,external_test,pooled_empirical_residual,empirical_residual,1.25,2026-06-26|09,9,35°C ≤ T < 36°C,35°C,35°C,35.0,36.0,False,False,True,False,1,99,0.0101010101010101,True,False,False,False,0.01,0.0109090909090909,True,False,8,35°C,False,31.6,PASSED
2026-06-26|24h_prior,2026-06-26,24h_prior,external_test,pooled_empirical_residual,empirical_residual,1.25,2026-06-26|10,10,36°C ≤ T < 37°C,36°C,36°C,36.0,37.0,False,False,True,False,0,99,0.0,True,False,False,False,0.01,0.0009090909090909,True,False,9,36°C,False,31.6,PASSED
2026-06-26|24h_prior,2026-06-26,24h_prior,external_test,pooled_empirical_residual,empirical_residual,1.25,2026-06-26|11,11,T ≥ 37°C,37°C or higher,37°C or higher,37.0,,False,True,True,False,0,99,0.0,True,False,False,False,0.01,0.0009090909090909,True,False,10,37°C or higher,False,31.6,PASSED
2026-06-26|6h_prior,2026-06-26,6h_prior,external_test,pooled_empirical_residual,empirical_residual,1.25,2026-06-26|01,1,T < 28°C,27°C or below,27°C or below,,28.0,True,False,True,False,0,99,0.0,True,False,False,False,0.01,0.0009090909090909,True,False,0,27°C or below,False,31.6,PASSED
2026-06-26|6h_prior,2026-06-26,6h_prior,external_test,pooled_empirical_residual,empirical_residual,1.25,2026-06-26|02,2,28°C ≤ T < 29°C,28°C,28°C,28.0,29.0,False,False,True,False,0,99,0.0,True,False,False,False,0.01,0.0009090909090909,True,False,1,28°C,False,31.6,PASSED
2026-06-26|6h_prior,2026-06-26,6h_prior,external_test,pooled_empirical_residual,empirical_residual,1.25,2026-06-26|03,3,29°C ≤ T < 30°C,29°C,29°C,29.0,30.0,False,False,True,False,1,99,0.0101010101010101,True,False,False,False,0.01,0.0109090909090909,True,False,2,29°C,False,31.6,PASSED
2026-06-26|6h_prior,2026-06-26,6h_prior,external_test,pooled_empirical_residual,empirical_residual,1.25,2026-06-26|04,4,30°C ≤ T < 31°C,30°C,30°C,30.0,31.0,False,False,True,False,8,99,0.0808080808080808,True,False,False,False,0.01,0.0809090909090909,True,False,3,30°C,False,31.6,PASSED
2026-06-26|6h_prior,2026-06-26,6h_prior,external_test,pooled_empirical_residual,empirical_residual,1.25,2026-06-26|05,5,31°C ≤ T < 32°C,31°C,31°C,31.0,32.0,False,False,True,False,10,99,0.101010101010101,True,False,False,False,0.01,0.1009090909090908,True,False,4,31°C,True,31.6,PASSED
2026-06-26|6h_prior,2026-06-26,6h_prior,external_test,pooled_empirical_residual,empirical_residual,1.25,2026-06-26|06,6,32°C ≤ T < 33°C,32°C,32°C,32.0,33.0,False,False,True,False,28,99,0.2828282828282828,True,False,False,False,0.01,0.2809090909090909,True,False,5,32°C,False,31.6,PASSED
2026-06-26|6h_prior,2026-06-26,6h_prior,external_test,pooled_empirical_residual,empirical_residual,1.25,2026-06-26|07,7,33°C ≤ T < 34°C,33°C,33°C,33.0,34.0,False,False,True,False,25,99,0.2525252525252525,True,False,False,False,0.01,0.2509090909090908,True,False,6,33°C,False,31.6,PASSED
2026-06-26|6h_prior,2026-06-26,6h_prior,external_test,pooled_empirical_residual,empirical_residual,1.25,2026-06-26|08,8,34°C ≤ T < 35°C,34°C,34°C,34.0,35.0,False,False,True,False,20,99,0.202020202020202,True,False,False,False,0.01,0.2009090909090908,True,False,7,34°C,False,31.6,PASSED
2026-06-26|6h_prior,2026-06-26,6h_prior,external_test,pooled_empirical_residual,empirical_residual,1.25,2026-06-26|09,9,35°C ≤ T < 36°C,35°C,35°C,35.0,36.0,False,False,True,False,6,99,0.0606060606060606,True,False,False,False,0.01,0.0609090909090909,True,False,8,35°C,False,31.6,PASSED
2026-06-26|6h_prior,2026-06-26,6h_prior,external_test,pooled_empirical_residual,empirical_residual,1.25,2026-06-26|10,10,36°C ≤ T < 37°C,36°C,36°C,36.0,37.0,False,False,True,False,1,99,0.0101010101010101,True,False,False,False,0.01,0.0109090909090909,True,False,9,36°C,False,31.6,PASSED
2026-06-26|6h_prior,2026-06-26,6h_prior,external_test,pooled_empirical_residual,empirical_residual,1.25,2026-06-26|11,11,T ≥ 37°C,37°C or higher,37°C or higher,37.0,,False,True,True,False,0,99,0.0,True,False,False,False,0.01,0.0009090909090909,True,False,10,37°C or higher,False,31.6,PASSED
2026-06-26|event_day_open,2026-06-26,event_day_open,external_test,pooled_empirical_residual,empirical_residual,1.25,2026-06-26|01,1,T < 28°C,27°C or below,27°C or below,,28.0,True,False,True,False,0,99,0.0,True,False,False,False,0.01,0.0009090909090909,True,False,0,27°C or below,False,31.6,PASSED
2026-06-26|event_day_open,2026-06-26,event_day_open,external_test,pooled_empirical_residual,empirical_residual,1.25,2026-06-26|02,2,28°C ≤ T < 29°C,28°C,28°C,28.0,29.0,False,False,True,False,4,99,0.0404040404040404,True,False,False,False,0.01,0.0409090909090909,True,False,1,28°C,False,31.6,PASSED
2026-06-26|event_day_open,2026-06-26,event_day_open,external_test,pooled_empirical_residual,empirical_residual,1.25,2026-06-26|03,3,29°C ≤ T < 30°C,29°C,29°C,29.0,30.0,False,False,True,False,9,99,0.0909090909090909,True,False,False,False,0.01,0.0909090909090909,True,False,2,29°C,False,31.6,PASSED
2026-06-26|event_day_open,2026-06-26,event_day_open,external_test,pooled_empirical_residual,empirical_residual,1.25,2026-06-26|04,4,30°C ≤ T < 31°C,30°C,30°C,30.0,31.0,False,False,True,False,15,99,0.1515151515151515,True,False,False,False,0.01,0.1509090909090908,True,False,3,30°C,False,31.6,PASSED
2026-06-26|event_day_open,2026-06-26,event_day_open,external_test,pooled_empirical_residual,empirical_residual,1.25,2026-06-26|05,5,31°C ≤ T < 32°C,31°C,31°C,31.0,32.0,False,False,True,False,32,99,0.3232323232323232,True,False,False,False,0.01,0.3209090909090908,True,False,4,31°C,True,31.6,PASSED
2026-06-26|event_day_open,2026-06-26,event_day_open,external_test,pooled_empirical_residual,empirical_residual,1.25,2026-06-26|06,6,32°C ≤ T < 33°C,32°C,32°C,32.0,33.0,False,False,True,False,22,99,0.2222222222222222,True,False,False,False,0.01,0.2209090909090909,True,False,5,32°C,False,31.6,PASSED
2026-06-26|event_day_open,2026-06-26,event_day_open,external_test,pooled_empirical_residual,empirical_residual,1.25,2026-06-26|07,7,33°C ≤ T < 34°C,33°C,33°C,33.0,34.0,False,False,True,False,15,99,0.1515151515151515,True,False,False,False,0.01,0.1509090909090908,True,False,6,33°C,False,31.6,PASSED
2026-06-26|event_day_open,2026-06-26,event_day_open,external_test,pooled_empirical_residual,empirical_residual,1.25,2026-06-26|08,8,34°C ≤ T < 35°C,34°C,34°C,34.0,35.0,False,False,True,False,2,99,0.0202020202020202,True,False,False,False,0.01,0.0209090909090909,True,False,7,34°C,False,31.6,PASSED
2026-06-26|event_day_open,2026-06-26,event_day_open,external_test,pooled_empirical_residual,empirical_residual,1.25,2026-06-26|09,9,35°C ≤ T < 36°C,35°C,35°C,35.0,36.0,False,False,True,False,0,99,0.0,True,False,False,False,0.01,0.0009090909090909,True,False,8,35°C,False,31.6,PASSED
2026-06-26|event_day_open,2026-06-26,event_day_open,external_test,pooled_empirical_residual,empirical_residual,1.25,2026-06-26|10,10,36°C ≤ T < 37°C,36°C,36°C,36.0,37.0,False,False,True,False,0,99,0.0,True,False,False,False,0.01,0.0009090909090909,True,False,9,36°C,False,31.6,PASSED
2026-06-26|event_day_open,2026-06-26,event_day_open,external_test,pooled_empirical_residual,empirical_residual,1.25,2026-06-26|11,11,T ≥ 37°C,37°C or higher,37°C or higher,37.0,,False,True,True,False,0,99,0.0,True,False,False,False,0.01,0.0009090909090909,True,False,10,37°C or higher,False,31.6,PASSED
2026-06-27|12h_prior,2026-06-27,12h_prior,external_test,pooled_empirical_residual,empirical_residual,1.25,2026-06-27|01,1,T < 26°C,25°C or below,25°C or below,,26.0,True,False,True,False,0,99,0.0,True,False,False,False,0.01,0.0009090909090909,True,False,0,25°C or below,False,30.2,PASSED
2026-06-27|12h_prior,2026-06-27,12h_prior,external_test,pooled_empirical_residual,empirical_residual,1.25,2026-06-27|02,2,26°C ≤ T < 27°C,26°C,26°C,26.0,27.0,False,False,True,False,0,99,0.0,True,False,False,False,0.01,0.0009090909090909,True,False,1,26°C,False,30.2,PASSED
2026-06-27|12h_prior,2026-06-27,12h_prior,external_test,pooled_empirical_residual,empirical_residual,1.25,2026-06-27|03,3,27°C ≤ T < 28°C,27°C,27°C,27.0,28.0,False,False,True,False,4,99,0.0404040404040404,True,False,False,False,0.01,0.0409090909090909,True,False,2,27°C,False,30.2,PASSED
2026-06-27|12h_prior,2026-06-27,12h_prior,external_test,pooled_empirical_residual,empirical_residual,1.25,2026-06-27|04,4,28°C ≤ T < 29°C,28°C,28°C,28.0,29.0,False,False,True,False,9,99,0.0909090909090909,True,False,False,False,0.01,0.0909090909090909,True,False,3,28°C,False,30.2,PASSED
2026-06-27|12h_prior,2026-06-27,12h_prior,external_test,pooled_empirical_residual,empirical_residual,1.25,2026-06-27|05,5,29°C ≤ T < 30°C,29°C,29°C,29.0,30.0,False,False,True,False,15,99,0.1515151515151515,True,False,False,False,0.01,0.1509090909090908,True,False,4,29°C,False,30.2,PASSED
2026-06-27|12h_prior,2026-06-27,12h_prior,external_test,pooled_empirical_residual,empirical_residual,1.25,2026-06-27|06,6,30°C ≤ T < 31°C,30°C,30°C,30.0,31.0,False,False,True,False,32,99,0.3232323232323232,True,False,False,False,0.01,0.3209090909090908,True,False,5,30°C,True,30.2,PASSED
2026-06-27|12h_prior,2026-06-27,12h_prior,external_test,pooled_empirical_residual,empirical_residual,1.25,2026-06-27|07,7,31°C ≤ T < 32°C,31°C,31°C,31.0,32.0,False,False,True,False,22,99,0.2222222222222222,True,False,False,False,0.01,0.2209090909090909,True,False,6,31°C,False,30.2,PASSED
2026-06-27|12h_prior,2026-06-27,12h_prior,external_test,pooled_empirical_residual,empirical_residual,1.25,2026-06-27|08,8,32°C ≤ T < 33°C,32°C,32°C,32.0,33.0,False,False,True,False,15,99,0.1515151515151515,True,False,False,False,0.01,0.1509090909090908,True,False,7,32°C,False,30.2,PASSED
2026-06-27|12h_prior,2026-06-27,12h_prior,external_test,pooled_empirical_residual,empirical_residual,1.25,2026-06-27|09,9,33°C ≤ T < 34°C,33°C,33°C,33.0,34.0,False,False,True,False,2,99,0.0202020202020202,True,False,False,False,0.01,0.0209090909090909,True,False,8,33°C,False,30.2,PASSED
2026-06-27|12h_prior,2026-06-27,12h_prior,external_test,pooled_empirical_residual,empirical_residual,1.25,2026-06-27|10,10,34°C ≤ T < 35°C,34°C,34°C,34.0,35.0,False,False,True,False,0,99,0.0,True,False,False,False,0.01,0.0009090909090909,True,False,9,34°C,False,30.2,PASSED
2026-06-27|12h_prior,2026-06-27,12h_prior,external_test,pooled_empirical_residual,empirical_residual,1.25,2026-06-27|11,11,T ≥ 35°C,35°C or higher,35°C or higher,35.0,,False,True,True,False,0,99,0.0,True,False,False,False,0.01,0.0009090909090909,True,False,10,35°C or higher,False,30.2,PASSED
2026-06-27|24h_prior,2026-06-27,24h_prior,external_test,pooled_empirical_residual,empirical_residual,1.25,2026-06-27|01,1,T < 26°C,25°C or below,25°C or below,,26.0,True,False,True,False,2,99,0.0202020202020202,True,False,False,False,0.01,0.0209090909090909,True,False,0,25°C or below,False,30.2,PASSED
2026-06-27|24h_prior,2026-06-27,24h_prior,external_test,pooled_empirical_residual,empirical_residual,1.25,2026-06-27|02,2,26°C ≤ T < 27°C,26°C,26°C,26.0,27.0,False,False,True,False,9,99,0.0909090909090909,True,False,False,False,0.01,0.0909090909090909,True,False,1,26°C,False,30.2,PASSED
2026-06-27|24h_prior,2026-06-27,24h_prior,external_test,pooled_empirical_residual,empirical_residual,1.25,2026-06-27|03,3,27°C ≤ T < 28°C,27°C,27°C,27.0,28.0,False,False,True,False,10,99,0.101010101010101,True,False,False,False,0.01,0.1009090909090908,True,False,2,27°C,False,30.2,PASSED
2026-06-27|24h_prior,2026-06-27,24h_prior,external_test,pooled_empirical_residual,empirical_residual,1.25,2026-06-27|04,4,28°C ≤ T < 29°C,28°C,28°C,28.0,29.0,False,False,True,False,32,99,0.3232323232323232,True,False,False,False,0.01,0.3209090909090908,True,False,3,28°C,False,30.2,PASSED
2026-06-27|24h_prior,2026-06-27,24h_prior,external_test,pooled_empirical_residual,empirical_residual,1.25,2026-06-27|05,5,29°C ≤ T < 30°C,29°C,29°C,29.0,30.0,False,False,True,False,23,99,0.2323232323232323,True,False,False,False,0.01,0.2309090909090908,True,False,4,29°C,False,30.2,PASSED
2026-06-27|24h_prior,2026-06-27,24h_prior,external_test,pooled_empirical_residual,empirical_residual,1.25,2026-06-27|06,6,30°C ≤ T < 31°C,30°C,30°C,30.0,31.0,False,False,True,False,18,99,0.1818181818181818,True,False,False,False,0.01,0.1809090909090908,True,False,5,30°C,True,30.2,PASSED
2026-06-27|24h_prior,2026-06-27,24h_prior,external_test,pooled_empirical_residual,empirical_residual,1.25,2026-06-27|07,7,31°C ≤ T < 32°C,31°C,31°C,31.0,32.0,False,False,True,False,5,99,0.0505050505050505,True,False,False,False,0.01,0.0509090909090909,True,False,6,31°C,False,30.2,PASSED
2026-06-27|24h_prior,2026-06-27,24h_prior,external_test,pooled_empirical_residual,empirical_residual,1.25,2026-06-27|08,8,32°C ≤ T < 33°C,32°C,32°C,32.0,33.0,False,False,True,False,0,99,0.0,True,False,False,False,0.01,0.0009090909090909,True,False,7,32°C,False,30.2,PASSED
2026-06-27|24h_prior,2026-06-27,24h_prior,external_test,pooled_empirical_residual,empirical_residual,1.25,2026-06-27|09,9,33°C ≤ T < 34°C,33°C,33°C,33.0,34.0,False,False,True,False,0,99,0.0,True,False,False,False,0.01,0.0009090909090909,True,False,8,33°C,False,30.2,PASSED
2026-06-27|24h_prior,2026-06-27,24h_prior,external_test,pooled_empirical_residual,empirical_residual,1.25,2026-06-27|10,10,34°C ≤ T < 35°C,34°C,34°C,34.0,35.0,False,False,True,False,0,99,0.0,True,False,False,False,0.01,0.0009090909090909,True,False,9,34°C,False,30.2,PASSED
2026-06-27|24h_prior,2026-06-27,24h_prior,external_test,pooled_empirical_residual,empirical_residual,1.25,2026-06-27|11,11,T ≥ 35°C,35°C or higher,35°C or higher,35.0,,False,True,True,False,0,99,0.0,True,False,False,False,0.01,0.0009090909090909,True,False,10,35°C or higher,False,30.2,PASSED
2026-06-27|6h_prior,2026-06-27,6h_prior,external_test,pooled_empirical_residual,empirical_residual,1.25,2026-06-27|01,1,T < 26°C,25°C or below,25°C or below,,26.0,True,False,True,False,0,99,0.0,True,False,False,False,0.01,0.0009090909090909,True,False,0,25°C or below,False,30.2,PASSED
2026-06-27|6h_prior,2026-06-27,6h_prior,external_test,pooled_empirical_residual,empirical_residual,1.25,2026-06-27|02,2,26°C ≤ T < 27°C,26°C,26°C,26.0,27.0,False,False,True,False,0,99,0.0,True,False,False,False,0.01,0.0009090909090909,True,False,1,26°C,False,30.2,PASSED
2026-06-27|6h_prior,2026-06-27,6h_prior,external_test,pooled_empirical_residual,empirical_residual,1.25,2026-06-27|03,3,27°C ≤ T < 28°C,27°C,27°C,27.0,28.0,False,False,True,False,4,99,0.0404040404040404,True,False,False,False,0.01,0.0409090909090909,True,False,2,27°C,False,30.2,PASSED
2026-06-27|6h_prior,2026-06-27,6h_prior,external_test,pooled_empirical_residual,empirical_residual,1.25,2026-06-27|04,4,28°C ≤ T < 29°C,28°C,28°C,28.0,29.0,False,False,True,False,9,99,0.0909090909090909,True,False,False,False,0.01,0.0909090909090909,True,False,3,28°C,False,30.2,PASSED
2026-06-27|6h_prior,2026-06-27,6h_prior,external_test,pooled_empirical_residual,empirical_residual,1.25,2026-06-27|05,5,29°C ≤ T < 30°C,29°C,29°C,29.0,30.0,False,False,True,False,17,99,0.1717171717171717,True,False,False,False,0.01,0.1709090909090909,True,False,4,29°C,False,30.2,PASSED
2026-06-27|6h_prior,2026-06-27,6h_prior,external_test,pooled_empirical_residual,empirical_residual,1.25,2026-06-27|06,6,30°C ≤ T < 31°C,30°C,30°C,30.0,31.0,False,False,True,False,32,99,0.3232323232323232,True,False,False,False,0.01,0.3209090909090908,True,False,5,30°C,True,30.2,PASSED
2026-06-27|6h_prior,2026-06-27,6h_prior,external_test,pooled_empirical_residual,empirical_residual,1.25,2026-06-27|07,7,31°C ≤ T < 32°C,31°C,31°C,31.0,32.0,False,False,True,False,24,99,0.2424242424242424,True,False,False,False,0.01,0.2409090909090908,True,False,6,31°C,False,30.2,PASSED
2026-06-27|6h_prior,2026-06-27,6h_prior,external_test,pooled_empirical_residual,empirical_residual,1.25,2026-06-27|08,8,32°C ≤ T < 33°C,32°C,32°C,32.0,33.0,False,False,True,False,11,99,0.1111111111111111,True,False,False,False,0.01,0.1109090909090909,True,False,7,32°C,False,30.2,PASSED
2026-06-27|6h_prior,2026-06-27,6h_prior,external_test,pooled_empirical_residual,empirical_residual,1.25,2026-06-27|09,9,33°C ≤ T < 34°C,33°C,33°C,33.0,34.0,False,False,True,False,2,99,0.0202020202020202,True,False,False,False,0.01,0.0209090909090909,True,False,8,33°C,False,30.2,PASSED
2026-06-27|6h_prior,2026-06-27,6h_prior,external_test,pooled_empirical_residual,empirical_residual,1.25,2026-06-27|10,10,34°C ≤ T < 35°C,34°C,34°C,34.0,35.0,False,False,True,False,0,99,0.0,True,False,False,False,0.01,0.0009090909090909,True,False,9,34°C,False,30.2,PASSED
2026-06-27|6h_prior,2026-06-27,6h_prior,external_test,pooled_empirical_residual,empirical_residual,1.25,2026-06-27|11,11,T ≥ 35°C,35°C or higher,35°C or higher,35.0,,False,True,True,False,0,99,0.0,True,False,False,False,0.01,0.0009090909090909,True,False,10,35°C or higher,False,30.2,PASSED
2026-06-27|event_day_open,2026-06-27,event_day_open,external_test,pooled_empirical_residual,empirical_residual,1.25,2026-06-27|01,1,T < 26°C,25°C or below,25°C or below,,26.0,True,False,True,False,0,99,0.0,True,False,False,False,0.01,0.0009090909090909,True,False,0,25°C or below,False,30.2,PASSED
2026-06-27|event_day_open,2026-06-27,event_day_open,external_test,pooled_empirical_residual,empirical_residual,1.25,2026-06-27|02,2,26°C ≤ T < 27°C,26°C,26°C,26.0,27.0,False,False,True,False,0,99,0.0,True,False,False,False,0.01,0.0009090909090909,True,False,1,26°C,False,30.2,PASSED
2026-06-27|event_day_open,2026-06-27,event_day_open,external_test,pooled_empirical_residual,empirical_residual,1.25,2026-06-27|03,3,27°C ≤ T < 28°C,27°C,27°C,27.0,28.0,False,False,True,False,2,99,0.0202020202020202,True,False,False,False,0.01,0.0209090909090909,True,False,2,27°C,False,30.2,PASSED
2026-06-27|event_day_open,2026-06-27,event_day_open,external_test,pooled_empirical_residual,empirical_residual,1.25,2026-06-27|04,4,28°C ≤ T < 29°C,28°C,28°C,28.0,29.0,False,False,True,False,9,99,0.0909090909090909,True,False,False,False,0.01,0.0909090909090909,True,False,3,28°C,False,30.2,PASSED
2026-06-27|event_day_open,2026-06-27,event_day_open,external_test,pooled_empirical_residual,empirical_residual,1.25,2026-06-27|05,5,29°C ≤ T < 30°C,29°C,29°C,29.0,30.0,False,False,True,False,10,99,0.101010101010101,True,False,False,False,0.01,0.1009090909090908,True,False,4,29°C,False,30.2,PASSED
2026-06-27|event_day_open,2026-06-27,event_day_open,external_test,pooled_empirical_residual,empirical_residual,1.25,2026-06-27|06,6,30°C ≤ T < 31°C,30°C,30°C,30.0,31.0,False,False,True,False,32,99,0.3232323232323232,True,False,False,False,0.01,0.3209090909090908,True,False,5,30°C,True,30.2,PASSED
2026-06-27|event_day_open,2026-06-27,event_day_open,external_test,pooled_empirical_residual,empirical_residual,1.25,2026-06-27|07,7,31°C ≤ T < 32°C,31°C,31°C,31.0,32.0,False,False,True,False,23,99,0.2323232323232323,True,False,False,False,0.01,0.2309090909090908,True,False,6,31°C,False,30.2,PASSED
2026-06-27|event_day_open,2026-06-27,event_day_open,external_test,pooled_empirical_residual,empirical_residual,1.25,2026-06-27|08,8,32°C ≤ T < 33°C,32°C,32°C,32.0,33.0,False,False,True,False,18,99,0.1818181818181818,True,False,False,False,0.01,0.1809090909090908,True,False,7,32°C,False,30.2,PASSED
2026-06-27|event_day_open,2026-06-27,event_day_open,external_test,pooled_empirical_residual,empirical_residual,1.25,2026-06-27|09,9,33°C ≤ T < 34°C,33°C,33°C,33.0,34.0,False,False,True,False,5,99,0.0505050505050505,True,False,False,False,0.01,0.0509090909090909,True,False,8,33°C,False,30.2,PASSED
2026-06-27|event_day_open,2026-06-27,event_day_open,external_test,pooled_empirical_residual,empirical_residual,1.25,2026-06-27|10,10,34°C ≤ T < 35°C,34°C,34°C,34.0,35.0,False,False,True,False,0,99,0.0,True,False,False,False,0.01,0.0009090909090909,True,False,9,34°C,False,30.2,PASSED
2026-06-27|event_day_open,2026-06-27,event_day_open,external_test,pooled_empirical_residual,empirical_residual,1.25,2026-06-27|11,11,T ≥ 35°C,35°C or higher,35°C or higher,35.0,,False,True,True,False,0,99,0.0,True,False,False,False,0.01,0.0009090909090909,True,False,10,35°C or higher,False,30.2,PASSED
2026-06-28|12h_prior,2026-06-28,12h_prior,external_test,pooled_empirical_residual,empirical_residual,1.25,2026-06-28|01,1,T < 26°C,25°C or below,25°C or below,,26.0,True,False,True,False,0,99,0.0,True,False,False,False,0.01,0.0009090909090909,True,False,0,25°C or below,False,30.0,PASSED
2026-06-28|12h_prior,2026-06-28,12h_prior,external_test,pooled_empirical_residual,empirical_residual,1.25,2026-06-28|02,2,26°C ≤ T < 27°C,26°C,26°C,26.0,27.0,False,False,True,False,0,99,0.0,True,False,False,False,0.01,0.0009090909090909,True,False,1,26°C,False,30.0,PASSED
2026-06-28|12h_prior,2026-06-28,12h_prior,external_test,pooled_empirical_residual,empirical_residual,1.25,2026-06-28|03,3,27°C ≤ T < 28°C,27°C,27°C,27.0,28.0,False,False,True,False,4,99,0.0404040404040404,True,False,False,False,0.01,0.0409090909090909,True,False,2,27°C,False,30.0,PASSED
2026-06-28|12h_prior,2026-06-28,12h_prior,external_test,pooled_empirical_residual,empirical_residual,1.25,2026-06-28|04,4,28°C ≤ T < 29°C,28°C,28°C,28.0,29.0,False,False,True,False,9,99,0.0909090909090909,True,False,False,False,0.01,0.0909090909090909,True,False,3,28°C,False,30.0,PASSED
2026-06-28|12h_prior,2026-06-28,12h_prior,external_test,pooled_empirical_residual,empirical_residual,1.25,2026-06-28|05,5,29°C ≤ T < 30°C,29°C,29°C,29.0,30.0,False,False,True,False,17,99,0.1717171717171717,True,False,False,False,0.01,0.1709090909090909,True,False,4,29°C,False,30.0,PASSED
2026-06-28|12h_prior,2026-06-28,12h_prior,external_test,pooled_empirical_residual,empirical_residual,1.25,2026-06-28|06,6,30°C ≤ T < 31°C,30°C,30°C,30.0,31.0,False,False,True,False,32,99,0.3232323232323232,True,False,False,False,0.01,0.3209090909090908,True,False,5,30°C,True,30.0,PASSED
2026-06-28|12h_prior,2026-06-28,12h_prior,external_test,pooled_empirical_residual,empirical_residual,1.25,2026-06-28|07,7,31°C ≤ T < 32°C,31°C,31°C,31.0,32.0,False,False,True,False,24,99,0.2424242424242424,True,False,False,False,0.01,0.2409090909090908,True,False,6,31°C,False,30.0,PASSED
2026-06-28|12h_prior,2026-06-28,12h_prior,external_test,pooled_empirical_residual,empirical_residual,1.25,2026-06-28|08,8,32°C ≤ T < 33°C,32°C,32°C,32.0,33.0,False,False,True,False,11,99,0.1111111111111111,True,False,False,False,0.01,0.1109090909090909,True,False,7,32°C,False,30.0,PASSED
2026-06-28|12h_prior,2026-06-28,12h_prior,external_test,pooled_empirical_residual,empirical_residual,1.25,2026-06-28|09,9,33°C ≤ T < 34°C,33°C,33°C,33.0,34.0,False,False,True,False,2,99,0.0202020202020202,True,False,False,False,0.01,0.0209090909090909,True,False,8,33°C,False,30.0,PASSED
2026-06-28|12h_prior,2026-06-28,12h_prior,external_test,pooled_empirical_residual,empirical_residual,1.25,2026-06-28|10,10,34°C ≤ T < 35°C,34°C,34°C,34.0,35.0,False,False,True,False,0,99,0.0,True,False,False,False,0.01,0.0009090909090909,True,False,9,34°C,False,30.0,PASSED
2026-06-28|12h_prior,2026-06-28,12h_prior,external_test,pooled_empirical_residual,empirical_residual,1.25,2026-06-28|11,11,T ≥ 35°C,35°C or higher,35°C or higher,35.0,,False,True,True,False,0,99,0.0,True,False,False,False,0.01,0.0009090909090909,True,False,10,35°C or higher,False,30.0,PASSED
2026-06-28|24h_prior,2026-06-28,24h_prior,external_test,pooled_empirical_residual,empirical_residual,1.25,2026-06-28|01,1,T < 26°C,25°C or below,25°C or below,,26.0,True,False,True,False,0,99,0.0,True,False,False,False,0.01,0.0009090909090909,True,False,0,25°C or below,False,30.0,PASSED
2026-06-28|24h_prior,2026-06-28,24h_prior,external_test,pooled_empirical_residual,empirical_residual,1.25,2026-06-28|02,2,26°C ≤ T < 27°C,26°C,26°C,26.0,27.0,False,False,True,False,0,99,0.0,True,False,False,False,0.01,0.0009090909090909,True,False,1,26°C,False,30.0,PASSED
2026-06-28|24h_prior,2026-06-28,24h_prior,external_test,pooled_empirical_residual,empirical_residual,1.25,2026-06-28|03,3,27°C ≤ T < 28°C,27°C,27°C,27.0,28.0,False,False,True,False,1,99,0.0101010101010101,True,False,False,False,0.01,0.0109090909090909,True,False,2,27°C,False,30.0,PASSED
2026-06-28|24h_prior,2026-06-28,24h_prior,external_test,pooled_empirical_residual,empirical_residual,1.25,2026-06-28|04,4,28°C ≤ T < 29°C,28°C,28°C,28.0,29.0,False,False,True,False,8,99,0.0808080808080808,True,False,False,False,0.01,0.0809090909090909,True,False,3,28°C,False,30.0,PASSED
2026-06-28|24h_prior,2026-06-28,24h_prior,external_test,pooled_empirical_residual,empirical_residual,1.25,2026-06-28|05,5,29°C ≤ T < 30°C,29°C,29°C,29.0,30.0,False,False,True,False,10,99,0.101010101010101,True,False,False,False,0.01,0.1009090909090908,True,False,4,29°C,False,30.0,PASSED
2026-06-28|24h_prior,2026-06-28,24h_prior,external_test,pooled_empirical_residual,empirical_residual,1.25,2026-06-28|06,6,30°C ≤ T < 31°C,30°C,30°C,30.0,31.0,False,False,True,False,28,99,0.2828282828282828,True,False,False,False,0.01,0.2809090909090909,True,False,5,30°C,True,30.0,PASSED
2026-06-28|24h_prior,2026-06-28,24h_prior,external_test,pooled_empirical_residual,empirical_residual,1.25,2026-06-28|07,7,31°C ≤ T < 32°C,31°C,31°C,31.0,32.0,False,False,True,False,25,99,0.2525252525252525,True,False,False,False,0.01,0.2509090909090908,True,False,6,31°C,False,30.0,PASSED
2026-06-28|24h_prior,2026-06-28,24h_prior,external_test,pooled_empirical_residual,empirical_residual,1.25,2026-06-28|08,8,32°C ≤ T < 33°C,32°C,32°C,32.0,33.0,False,False,True,False,20,99,0.202020202020202,True,False,False,False,0.01,0.2009090909090908,True,False,7,32°C,False,30.0,PASSED
2026-06-28|24h_prior,2026-06-28,24h_prior,external_test,pooled_empirical_residual,empirical_residual,1.25,2026-06-28|09,9,33°C ≤ T < 34°C,33°C,33°C,33.0,34.0,False,False,True,False,6,99,0.0606060606060606,True,False,False,False,0.01,0.0609090909090909,True,False,8,33°C,False,30.0,PASSED
2026-06-28|24h_prior,2026-06-28,24h_prior,external_test,pooled_empirical_residual,empirical_residual,1.25,2026-06-28|10,10,34°C ≤ T < 35°C,34°C,34°C,34.0,35.0,False,False,True,False,1,99,0.0101010101010101,True,False,False,False,0.01,0.0109090909090909,True,False,9,34°C,False,30.0,PASSED
2026-06-28|24h_prior,2026-06-28,24h_prior,external_test,pooled_empirical_residual,empirical_residual,1.25,2026-06-28|11,11,T ≥ 35°C,35°C or higher,35°C or higher,35.0,,False,True,True,False,0,99,0.0,True,False,False,False,0.01,0.0009090909090909,True,False,10,35°C or higher,False,30.0,PASSED
2026-06-28|6h_prior,2026-06-28,6h_prior,external_test,pooled_empirical_residual,empirical_residual,1.25,2026-06-28|01,1,T < 26°C,25°C or below,25°C or below,,26.0,True,False,True,False,0,99,0.0,True,False,False,False,0.01,0.0009090909090909,True,False,0,25°C or below,False,30.0,PASSED
2026-06-28|6h_prior,2026-06-28,6h_prior,external_test,pooled_empirical_residual,empirical_residual,1.25,2026-06-28|02,2,26°C ≤ T < 27°C,26°C,26°C,26.0,27.0,False,False,True,False,0,99,0.0,True,False,False,False,0.01,0.0009090909090909,True,False,1,26°C,False,30.0,PASSED
2026-06-28|6h_prior,2026-06-28,6h_prior,external_test,pooled_empirical_residual,empirical_residual,1.25,2026-06-28|03,3,27°C ≤ T < 28°C,27°C,27°C,27.0,28.0,False,False,True,False,0,99,0.0,True,False,False,False,0.01,0.0009090909090909,True,False,2,27°C,False,30.0,PASSED
2026-06-28|6h_prior,2026-06-28,6h_prior,external_test,pooled_empirical_residual,empirical_residual,1.25,2026-06-28|04,4,28°C ≤ T < 29°C,28°C,28°C,28.0,29.0,False,False,True,False,6,99,0.0606060606060606,True,False,False,False,0.01,0.0609090909090909,True,False,3,28°C,False,30.0,PASSED
2026-06-28|6h_prior,2026-06-28,6h_prior,external_test,pooled_empirical_residual,empirical_residual,1.25,2026-06-28|05,5,29°C ≤ T < 30°C,29°C,29°C,29.0,30.0,False,False,True,False,10,99,0.101010101010101,True,False,False,False,0.01,0.1009090909090908,True,False,4,29°C,False,30.0,PASSED
2026-06-28|6h_prior,2026-06-28,6h_prior,external_test,pooled_empirical_residual,empirical_residual,1.25,2026-06-28|06,6,30°C ≤ T < 31°C,30°C,30°C,30.0,31.0,False,False,True,False,21,99,0.2121212121212121,True,False,False,False,0.01,0.2109090909090908,True,False,5,30°C,True,30.0,PASSED
2026-06-28|6h_prior,2026-06-28,6h_prior,external_test,pooled_empirical_residual,empirical_residual,1.25,2026-06-28|07,7,31°C ≤ T < 32°C,31°C,31°C,31.0,32.0,False,False,True,False,29,99,0.2929292929292929,True,False,False,False,0.01,0.2909090909090908,True,False,6,31°C,False,30.0,PASSED
2026-06-28|6h_prior,2026-06-28,6h_prior,external_test,pooled_empirical_residual,empirical_residual,1.25,2026-06-28|08,8,32°C ≤ T < 33°C,32°C,32°C,32.0,33.0,False,False,True,False,24,99,0.2424242424242424,True,False,False,False,0.01,0.2409090909090908,True,False,7,32°C,False,30.0,PASSED
2026-06-28|6h_prior,2026-06-28,6h_prior,external_test,pooled_empirical_residual,empirical_residual,1.25,2026-06-28|09,9,33°C ≤ T < 34°C,33°C,33°C,33.0,34.0,False,False,True,False,8,99,0.0808080808080808,True,False,False,False,0.01,0.0809090909090909,True,False,8,33°C,False,30.0,PASSED
2026-06-28|6h_prior,2026-06-28,6h_prior,external_test,pooled_empirical_residual,empirical_residual,1.25,2026-06-28|10,10,34°C ≤ T < 35°C,34°C,34°C,34.0,35.0,False,False,True,False,1,99,0.0101010101010101,True,False,False,False,0.01,0.0109090909090909,True,False,9,34°C,False,30.0,PASSED
2026-06-28|6h_prior,2026-06-28,6h_prior,external_test,pooled_empirical_residual,empirical_residual,1.25,2026-06-28|11,11,T ≥ 35°C,35°C or higher,35°C or higher,35.0,,False,True,True,False,0,99,0.0,True,False,False,False,0.01,0.0009090909090909,True,False,10,35°C or higher,False,30.0,PASSED
2026-06-28|event_day_open,2026-06-28,event_day_open,external_test,pooled_empirical_residual,empirical_residual,1.25,2026-06-28|01,1,T < 26°C,25°C or below,25°C or below,,26.0,True,False,True,False,0,99,0.0,True,False,False,False,0.01,0.0009090909090909,True,False,0,25°C or below,False,30.0,PASSED
2026-06-28|event_day_open,2026-06-28,event_day_open,external_test,pooled_empirical_residual,empirical_residual,1.25,2026-06-28|02,2,26°C ≤ T < 27°C,26°C,26°C,26.0,27.0,False,False,True,False,0,99,0.0,True,False,False,False,0.01,0.0009090909090909,True,False,1,26°C,False,30.0,PASSED
2026-06-28|event_day_open,2026-06-28,event_day_open,external_test,pooled_empirical_residual,empirical_residual,1.25,2026-06-28|03,3,27°C ≤ T < 28°C,27°C,27°C,27.0,28.0,False,False,True,False,5,99,0.0505050505050505,True,False,False,False,0.01,0.0509090909090909,True,False,2,27°C,False,30.0,PASSED
2026-06-28|event_day_open,2026-06-28,event_day_open,external_test,pooled_empirical_residual,empirical_residual,1.25,2026-06-28|04,4,28°C ≤ T < 29°C,28°C,28°C,28.0,29.0,False,False,True,False,9,99,0.0909090909090909,True,False,False,False,0.01,0.0909090909090909,True,False,3,28°C,False,30.0,PASSED
2026-06-28|event_day_open,2026-06-28,event_day_open,external_test,pooled_empirical_residual,empirical_residual,1.25,2026-06-28|05,5,29°C ≤ T < 30°C,29°C,29°C,29.0,30.0,False,False,True,False,20,99,0.202020202020202,True,False,False,False,0.01,0.2009090909090908,True,False,4,29°C,False,30.0,PASSED
2026-06-28|event_day_open,2026-06-28,event_day_open,external_test,pooled_empirical_residual,empirical_residual,1.25,2026-06-28|06,6,30°C ≤ T < 31°C,30°C,30°C,30.0,31.0,False,False,True,False,31,99,0.3131313131313131,True,False,False,False,0.01,0.3109090909090908,True,False,5,30°C,True,30.0,PASSED
2026-06-28|event_day_open,2026-06-28,event_day_open,external_test,pooled_empirical_residual,empirical_residual,1.25,2026-06-28|07,7,31°C ≤ T < 32°C,31°C,31°C,31.0,32.0,False,False,True,False,23,99,0.2323232323232323,True,False,False,False,0.01,0.2309090909090908,True,False,6,31°C,False,30.0,PASSED
2026-06-28|event_day_open,2026-06-28,event_day_open,external_test,pooled_empirical_residual,empirical_residual,1.25,2026-06-28|08,8,32°C ≤ T < 33°C,32°C,32°C,32.0,33.0,False,False,True,False,10,99,0.101010101010101,True,False,False,False,0.01,0.1009090909090908,True,False,7,32°C,False,30.0,PASSED
2026-06-28|event_day_open,2026-06-28,event_day_open,external_test,pooled_empirical_residual,empirical_residual,1.25,2026-06-28|09,9,33°C ≤ T < 34°C,33°C,33°C,33.0,34.0,False,False,True,False,1,99,0.0101010101010101,True,False,False,False,0.01,0.0109090909090909,True,False,8,33°C,False,30.0,PASSED
2026-06-28|event_day_open,2026-06-28,event_day_open,external_test,pooled_empirical_residual,empirical_residual,1.25,2026-06-28|10,10,34°C ≤ T < 35°C,34°C,34°C,34.0,35.0,False,False,True,False,0,99,0.0,True,False,False,False,0.01,0.0009090909090909,True,False,9,34°C,False,30.0,PASSED
2026-06-28|event_day_open,2026-06-28,event_day_open,external_test,pooled_empirical_residual,empirical_residual,1.25,2026-06-28|11,11,T ≥ 35°C,35°C or higher,35°C or higher,35.0,,False,True,True,False,0,99,0.0,True,False,False,False,0.01,0.0009090909090909,True,False,10,35°C or higher,False,30.0,PASSED
2026-06-29|12h_prior,2026-06-29,12h_prior,external_test,pooled_empirical_residual,empirical_residual,1.25,2026-06-29|01,1,T < 27°C,26°C or below,26°C or below,,27.0,True,False,True,False,0,99,0.0,True,False,False,False,0.01,0.0009090909090909,True,False,0,26°C or below,False,31.6,PASSED
2026-06-29|12h_prior,2026-06-29,12h_prior,external_test,pooled_empirical_residual,empirical_residual,1.25,2026-06-29|02,2,27°C ≤ T < 28°C,27°C,27°C,27.0,28.0,False,False,True,False,1,99,0.0101010101010101,True,False,False,False,0.01,0.0109090909090909,True,False,1,27°C,False,31.6,PASSED
2026-06-29|12h_prior,2026-06-29,12h_prior,external_test,pooled_empirical_residual,empirical_residual,1.25,2026-06-29|03,3,28°C ≤ T < 29°C,28°C,28°C,28.0,29.0,False,False,True,False,8,99,0.0808080808080808,True,False,False,False,0.01,0.0809090909090909,True,False,2,28°C,False,31.6,PASSED
2026-06-29|12h_prior,2026-06-29,12h_prior,external_test,pooled_empirical_residual,empirical_residual,1.25,2026-06-29|04,4,29°C ≤ T < 30°C,29°C,29°C,29.0,30.0,False,False,True,False,10,99,0.101010101010101,True,False,False,False,0.01,0.1009090909090908,True,False,3,29°C,False,31.6,PASSED
2026-06-29|12h_prior,2026-06-29,12h_prior,external_test,pooled_empirical_residual,empirical_residual,1.25,2026-06-29|05,5,30°C ≤ T < 31°C,30°C,30°C,30.0,31.0,False,False,True,False,28,99,0.2828282828282828,True,False,False,False,0.01,0.2809090909090909,True,False,4,30°C,False,31.6,PASSED
2026-06-29|12h_prior,2026-06-29,12h_prior,external_test,pooled_empirical_residual,empirical_residual,1.25,2026-06-29|06,6,31°C ≤ T < 32°C,31°C,31°C,31.0,32.0,False,False,True,False,25,99,0.2525252525252525,True,False,False,False,0.01,0.2509090909090908,True,False,5,31°C,True,31.6,PASSED
2026-06-29|12h_prior,2026-06-29,12h_prior,external_test,pooled_empirical_residual,empirical_residual,1.25,2026-06-29|07,7,32°C ≤ T < 33°C,32°C,32°C,32.0,33.0,False,False,True,False,20,99,0.202020202020202,True,False,False,False,0.01,0.2009090909090908,True,False,6,32°C,False,31.6,PASSED
2026-06-29|12h_prior,2026-06-29,12h_prior,external_test,pooled_empirical_residual,empirical_residual,1.25,2026-06-29|08,8,33°C ≤ T < 34°C,33°C,33°C,33.0,34.0,False,False,True,False,6,99,0.0606060606060606,True,False,False,False,0.01,0.0609090909090909,True,False,7,33°C,False,31.6,PASSED
2026-06-29|12h_prior,2026-06-29,12h_prior,external_test,pooled_empirical_residual,empirical_residual,1.25,2026-06-29|09,9,34°C ≤ T < 35°C,34°C,34°C,34.0,35.0,False,False,True,False,1,99,0.0101010101010101,True,False,False,False,0.01,0.0109090909090909,True,False,8,34°C,False,31.6,PASSED
2026-06-29|12h_prior,2026-06-29,12h_prior,external_test,pooled_empirical_residual,empirical_residual,1.25,2026-06-29|10,10,35°C ≤ T < 36°C,35°C,35°C,35.0,36.0,False,False,True,False,0,99,0.0,True,False,False,False,0.01,0.0009090909090909,True,False,9,35°C,False,31.6,PASSED
2026-06-29|12h_prior,2026-06-29,12h_prior,external_test,pooled_empirical_residual,empirical_residual,1.25,2026-06-29|11,11,T ≥ 36°C,36°C or higher,36°C or higher,36.0,,False,True,True,False,0,99,0.0,True,False,False,False,0.01,0.0009090909090909,True,False,10,36°C or higher,False,31.6,PASSED
2026-06-29|24h_prior,2026-06-29,24h_prior,external_test,pooled_empirical_residual,empirical_residual,1.25,2026-06-29|01,1,T < 27°C,26°C or below,26°C or below,,27.0,True,False,True,False,0,99,0.0,True,False,False,False,0.01,0.0009090909090909,True,False,0,26°C or below,False,31.6,PASSED
2026-06-29|24h_prior,2026-06-29,24h_prior,external_test,pooled_empirical_residual,empirical_residual,1.25,2026-06-29|02,2,27°C ≤ T < 28°C,27°C,27°C,27.0,28.0,False,False,True,False,1,99,0.0101010101010101,True,False,False,False,0.01,0.0109090909090909,True,False,1,27°C,False,31.6,PASSED
2026-06-29|24h_prior,2026-06-29,24h_prior,external_test,pooled_empirical_residual,empirical_residual,1.25,2026-06-29|03,3,28°C ≤ T < 29°C,28°C,28°C,28.0,29.0,False,False,True,False,8,99,0.0808080808080808,True,False,False,False,0.01,0.0809090909090909,True,False,2,28°C,False,31.6,PASSED
2026-06-29|24h_prior,2026-06-29,24h_prior,external_test,pooled_empirical_residual,empirical_residual,1.25,2026-06-29|04,4,29°C ≤ T < 30°C,29°C,29°C,29.0,30.0,False,False,True,False,8,99,0.0808080808080808,True,False,False,False,0.01,0.0809090909090909,True,False,3,29°C,False,31.6,PASSED
2026-06-29|24h_prior,2026-06-29,24h_prior,external_test,pooled_empirical_residual,empirical_residual,1.25,2026-06-29|05,5,30°C ≤ T < 31°C,30°C,30°C,30.0,31.0,False,False,True,False,25,99,0.2525252525252525,True,False,False,False,0.01,0.2509090909090908,True,False,4,30°C,False,31.6,PASSED
2026-06-29|24h_prior,2026-06-29,24h_prior,external_test,pooled_empirical_residual,empirical_residual,1.25,2026-06-29|06,6,31°C ≤ T < 32°C,31°C,31°C,31.0,32.0,False,False,True,False,28,99,0.2828282828282828,True,False,False,False,0.01,0.2809090909090909,True,False,5,31°C,True,31.6,PASSED
2026-06-29|24h_prior,2026-06-29,24h_prior,external_test,pooled_empirical_residual,empirical_residual,1.25,2026-06-29|07,7,32°C ≤ T < 33°C,32°C,32°C,32.0,33.0,False,False,True,False,21,99,0.2121212121212121,True,False,False,False,0.01,0.2109090909090908,True,False,6,32°C,False,31.6,PASSED
2026-06-29|24h_prior,2026-06-29,24h_prior,external_test,pooled_empirical_residual,empirical_residual,1.25,2026-06-29|08,8,33°C ≤ T < 34°C,33°C,33°C,33.0,34.0,False,False,True,False,7,99,0.0707070707070707,True,False,False,False,0.01,0.0709090909090909,True,False,7,33°C,False,31.6,PASSED
2026-06-29|24h_prior,2026-06-29,24h_prior,external_test,pooled_empirical_residual,empirical_residual,1.25,2026-06-29|09,9,34°C ≤ T < 35°C,34°C,34°C,34.0,35.0,False,False,True,False,1,99,0.0101010101010101,True,False,False,False,0.01,0.0109090909090909,True,False,8,34°C,False,31.6,PASSED
2026-06-29|24h_prior,2026-06-29,24h_prior,external_test,pooled_empirical_residual,empirical_residual,1.25,2026-06-29|10,10,35°C ≤ T < 36°C,35°C,35°C,35.0,36.0,False,False,True,False,0,99,0.0,True,False,False,False,0.01,0.0009090909090909,True,False,9,35°C,False,31.6,PASSED
2026-06-29|24h_prior,2026-06-29,24h_prior,external_test,pooled_empirical_residual,empirical_residual,1.25,2026-06-29|11,11,T ≥ 36°C,36°C or higher,36°C or higher,36.0,,False,True,True,False,0,99,0.0,True,False,False,False,0.01,0.0009090909090909,True,False,10,36°C or higher,False,31.6,PASSED
2026-06-29|6h_prior,2026-06-29,6h_prior,external_test,pooled_empirical_residual,empirical_residual,1.25,2026-06-29|01,1,T < 27°C,26°C or below,26°C or below,,27.0,True,False,True,False,0,99,0.0,True,False,False,False,0.01,0.0009090909090909,True,False,0,26°C or below,False,31.6,PASSED
2026-06-29|6h_prior,2026-06-29,6h_prior,external_test,pooled_empirical_residual,empirical_residual,1.25,2026-06-29|02,2,27°C ≤ T < 28°C,27°C,27°C,27.0,28.0,False,False,True,False,0,99,0.0,True,False,False,False,0.01,0.0009090909090909,True,False,1,27°C,False,31.6,PASSED
2026-06-29|6h_prior,2026-06-29,6h_prior,external_test,pooled_empirical_residual,empirical_residual,1.25,2026-06-29|03,3,28°C ≤ T < 29°C,28°C,28°C,28.0,29.0,False,False,True,False,2,99,0.0202020202020202,True,False,False,False,0.01,0.0209090909090909,True,False,2,28°C,False,31.6,PASSED
2026-06-29|6h_prior,2026-06-29,6h_prior,external_test,pooled_empirical_residual,empirical_residual,1.25,2026-06-29|04,4,29°C ≤ T < 30°C,29°C,29°C,29.0,30.0,False,False,True,False,9,99,0.0909090909090909,True,False,False,False,0.01,0.0909090909090909,True,False,3,29°C,False,31.6,PASSED
2026-06-29|6h_prior,2026-06-29,6h_prior,external_test,pooled_empirical_residual,empirical_residual,1.25,2026-06-29|05,5,30°C ≤ T < 31°C,30°C,30°C,30.0,31.0,False,False,True,False,10,99,0.101010101010101,True,False,False,False,0.01,0.1009090909090908,True,False,4,30°C,False,31.6,PASSED
2026-06-29|6h_prior,2026-06-29,6h_prior,external_test,pooled_empirical_residual,empirical_residual,1.25,2026-06-29|06,6,31°C ≤ T < 32°C,31°C,31°C,31.0,32.0,False,False,True,False,32,99,0.3232323232323232,True,False,False,False,0.01,0.3209090909090908,True,False,5,31°C,True,31.6,PASSED
2026-06-29|6h_prior,2026-06-29,6h_prior,external_test,pooled_empirical_residual,empirical_residual,1.25,2026-06-29|07,7,32°C ≤ T < 33°C,32°C,32°C,32.0,33.0,False,False,True,False,23,99,0.2323232323232323,True,False,False,False,0.01,0.2309090909090908,True,False,6,32°C,False,31.6,PASSED
2026-06-29|6h_prior,2026-06-29,6h_prior,external_test,pooled_empirical_residual,empirical_residual,1.25,2026-06-29|08,8,33°C ≤ T < 34°C,33°C,33°C,33.0,34.0,False,False,True,False,18,99,0.1818181818181818,True,False,False,False,0.01,0.1809090909090908,True,False,7,33°C,False,31.6,PASSED
2026-06-29|6h_prior,2026-06-29,6h_prior,external_test,pooled_empirical_residual,empirical_residual,1.25,2026-06-29|09,9,34°C ≤ T < 35°C,34°C,34°C,34.0,35.0,False,False,True,False,5,99,0.0505050505050505,True,False,False,False,0.01,0.0509090909090909,True,False,8,34°C,False,31.6,PASSED
2026-06-29|6h_prior,2026-06-29,6h_prior,external_test,pooled_empirical_residual,empirical_residual,1.25,2026-06-29|10,10,35°C ≤ T < 36°C,35°C,35°C,35.0,36.0,False,False,True,False,0,99,0.0,True,False,False,False,0.01,0.0009090909090909,True,False,9,35°C,False,31.6,PASSED
2026-06-29|6h_prior,2026-06-29,6h_prior,external_test,pooled_empirical_residual,empirical_residual,1.25,2026-06-29|11,11,T ≥ 36°C,36°C or higher,36°C or higher,36.0,,False,True,True,False,0,99,0.0,True,False,False,False,0.01,0.0009090909090909,True,False,10,36°C or higher,False,31.6,PASSED
2026-06-29|event_day_open,2026-06-29,event_day_open,external_test,pooled_empirical_residual,empirical_residual,1.25,2026-06-29|01,1,T < 27°C,26°C or below,26°C or below,,27.0,True,False,True,False,0,99,0.0,True,False,False,False,0.01,0.0009090909090909,True,False,0,26°C or below,False,31.6,PASSED
2026-06-29|event_day_open,2026-06-29,event_day_open,external_test,pooled_empirical_residual,empirical_residual,1.25,2026-06-29|02,2,27°C ≤ T < 28°C,27°C,27°C,27.0,28.0,False,False,True,False,0,99,0.0,True,False,False,False,0.01,0.0009090909090909,True,False,1,27°C,False,31.6,PASSED
2026-06-29|event_day_open,2026-06-29,event_day_open,external_test,pooled_empirical_residual,empirical_residual,1.25,2026-06-29|03,3,28°C ≤ T < 29°C,28°C,28°C,28.0,29.0,False,False,True,False,4,99,0.0404040404040404,True,False,False,False,0.01,0.0409090909090909,True,False,2,28°C,False,31.6,PASSED
2026-06-29|event_day_open,2026-06-29,event_day_open,external_test,pooled_empirical_residual,empirical_residual,1.25,2026-06-29|04,4,29°C ≤ T < 30°C,29°C,29°C,29.0,30.0,False,False,True,False,9,99,0.0909090909090909,True,False,False,False,0.01,0.0909090909090909,True,False,3,29°C,False,31.6,PASSED
2026-06-29|event_day_open,2026-06-29,event_day_open,external_test,pooled_empirical_residual,empirical_residual,1.25,2026-06-29|05,5,30°C ≤ T < 31°C,30°C,30°C,30.0,31.0,False,False,True,False,15,99,0.1515151515151515,True,False,False,False,0.01,0.1509090909090908,True,False,4,30°C,False,31.6,PASSED
2026-06-29|event_day_open,2026-06-29,event_day_open,external_test,pooled_empirical_residual,empirical_residual,1.25,2026-06-29|06,6,31°C ≤ T < 32°C,31°C,31°C,31.0,32.0,False,False,True,False,32,99,0.3232323232323232,True,False,False,False,0.01,0.3209090909090908,True,False,5,31°C,True,31.6,PASSED
2026-06-29|event_day_open,2026-06-29,event_day_open,external_test,pooled_empirical_residual,empirical_residual,1.25,2026-06-29|07,7,32°C ≤ T < 33°C,32°C,32°C,32.0,33.0,False,False,True,False,22,99,0.2222222222222222,True,False,False,False,0.01,0.2209090909090909,True,False,6,32°C,False,31.6,PASSED
2026-06-29|event_day_open,2026-06-29,event_day_open,external_test,pooled_empirical_residual,empirical_residual,1.25,2026-06-29|08,8,33°C ≤ T < 34°C,33°C,33°C,33.0,34.0,False,False,True,False,15,99,0.1515151515151515,True,False,False,False,0.01,0.1509090909090908,True,False,7,33°C,False,31.6,PASSED
2026-06-29|event_day_open,2026-06-29,event_day_open,external_test,pooled_empirical_residual,empirical_residual,1.25,2026-06-29|09,9,34°C ≤ T < 35°C,34°C,34°C,34.0,35.0,False,False,True,False,2,99,0.0202020202020202,True,False,False,False,0.01,0.0209090909090909,True,False,8,34°C,False,31.6,PASSED
2026-06-29|event_day_open,2026-06-29,event_day_open,external_test,pooled_empirical_residual,empirical_residual,1.25,2026-06-29|10,10,35°C ≤ T < 36°C,35°C,35°C,35.0,36.0,False,False,True,False,0,99,0.0,True,False,False,False,0.01,0.0009090909090909,True,False,9,35°C,False,31.6,PASSED
2026-06-29|event_day_open,2026-06-29,event_day_open,external_test,pooled_empirical_residual,empirical_residual,1.25,2026-06-29|11,11,T ≥ 36°C,36°C or higher,36°C or higher,36.0,,False,True,True,False,0,99,0.0,True,False,False,False,0.01,0.0009090909090909,True,False,10,36°C or higher,False,31.6,PASSED
2026-06-30|12h_prior,2026-06-30,12h_prior,external_test,pooled_empirical_residual,empirical_residual,1.25,2026-06-30|01,1,T < 27°C,26°C or below,26°C or below,,27.0,True,False,True,False,0,99,0.0,True,False,False,False,0.01,0.0009090909090909,True,False,0,26°C or below,False,32.1,PASSED
2026-06-30|12h_prior,2026-06-30,12h_prior,external_test,pooled_empirical_residual,empirical_residual,1.25,2026-06-30|02,2,27°C ≤ T < 28°C,27°C,27°C,27.0,28.0,False,False,True,False,3,99,0.0303030303030303,True,False,False,False,0.01,0.0309090909090909,True,False,1,27°C,False,32.1,PASSED
2026-06-30|12h_prior,2026-06-30,12h_prior,external_test,pooled_empirical_residual,empirical_residual,1.25,2026-06-30|03,3,28°C ≤ T < 29°C,28°C,28°C,28.0,29.0,False,False,True,False,10,99,0.101010101010101,True,False,False,False,0.01,0.1009090909090908,True,False,2,28°C,False,32.1,PASSED
2026-06-30|12h_prior,2026-06-30,12h_prior,external_test,pooled_empirical_residual,empirical_residual,1.25,2026-06-30|04,4,29°C ≤ T < 30°C,29°C,29°C,29.0,30.0,False,False,True,False,11,99,0.1111111111111111,True,False,False,False,0.01,0.1109090909090909,True,False,3,29°C,False,32.1,PASSED
2026-06-30|12h_prior,2026-06-30,12h_prior,external_test,pooled_empirical_residual,empirical_residual,1.25,2026-06-30|05,5,30°C ≤ T < 31°C,30°C,30°C,30.0,31.0,False,False,True,False,32,99,0.3232323232323232,True,False,False,False,0.01,0.3209090909090908,True,False,4,30°C,False,32.1,PASSED
2026-06-30|12h_prior,2026-06-30,12h_prior,external_test,pooled_empirical_residual,empirical_residual,1.25,2026-06-30|06,6,31°C ≤ T < 32°C,31°C,31°C,31.0,32.0,False,False,True,False,22,99,0.2222222222222222,True,False,False,False,0.01,0.2209090909090909,True,False,5,31°C,False,32.1,PASSED
2026-06-30|12h_prior,2026-06-30,12h_prior,external_test,pooled_empirical_residual,empirical_residual,1.25,2026-06-30|07,7,32°C ≤ T < 33°C,32°C,32°C,32.0,33.0,False,False,True,False,18,99,0.1818181818181818,True,False,False,False,0.01,0.1809090909090908,True,False,6,32°C,True,32.1,PASSED
2026-06-30|12h_prior,2026-06-30,12h_prior,external_test,pooled_empirical_residual,empirical_residual,1.25,2026-06-30|08,8,33°C ≤ T < 34°C,33°C,33°C,33.0,34.0,False,False,True,False,3,99,0.0303030303030303,True,False,False,False,0.01,0.0309090909090909,True,False,7,33°C,False,32.1,PASSED
2026-06-30|12h_prior,2026-06-30,12h_prior,external_test,pooled_empirical_residual,empirical_residual,1.25,2026-06-30|09,9,34°C ≤ T < 35°C,34°C,34°C,34.0,35.0,False,False,True,False,0,99,0.0,True,False,False,False,0.01,0.0009090909090909,True,False,8,34°C,False,32.1,PASSED
2026-06-30|12h_prior,2026-06-30,12h_prior,external_test,pooled_empirical_residual,empirical_residual,1.25,2026-06-30|10,10,35°C ≤ T < 36°C,35°C,35°C,35.0,36.0,False,False,True,False,0,99,0.0,True,False,False,False,0.01,0.0009090909090909,True,False,9,35°C,False,32.1,PASSED
2026-06-30|12h_prior,2026-06-30,12h_prior,external_test,pooled_empirical_residual,empirical_residual,1.25,2026-06-30|11,11,T ≥ 36°C,36°C or higher,36°C or higher,36.0,,False,True,True,False,0,99,0.0,True,False,False,False,0.01,0.0009090909090909,True,False,10,36°C or higher,False,32.1,PASSED
2026-06-30|24h_prior,2026-06-30,24h_prior,external_test,pooled_empirical_residual,empirical_residual,1.25,2026-06-30|01,1,T < 27°C,26°C or below,26°C or below,,27.0,True,False,True,False,0,99,0.0,True,False,False,False,0.01,0.0009090909090909,True,False,0,26°C or below,False,32.1,PASSED
2026-06-30|24h_prior,2026-06-30,24h_prior,external_test,pooled_empirical_residual,empirical_residual,1.25,2026-06-30|02,2,27°C ≤ T < 28°C,27°C,27°C,27.0,28.0,False,False,True,False,2,99,0.0202020202020202,True,False,False,False,0.01,0.0209090909090909,True,False,1,27°C,False,32.1,PASSED
2026-06-30|24h_prior,2026-06-30,24h_prior,external_test,pooled_empirical_residual,empirical_residual,1.25,2026-06-30|03,3,28°C ≤ T < 29°C,28°C,28°C,28.0,29.0,False,False,True,False,9,99,0.0909090909090909,True,False,False,False,0.01,0.0909090909090909,True,False,2,28°C,False,32.1,PASSED
2026-06-30|24h_prior,2026-06-30,24h_prior,external_test,pooled_empirical_residual,empirical_residual,1.25,2026-06-30|04,4,29°C ≤ T < 30°C,29°C,29°C,29.0,30.0,False,False,True,False,10,99,0.101010101010101,True,False,False,False,0.01,0.1009090909090908,True,False,3,29°C,False,32.1,PASSED
2026-06-30|24h_prior,2026-06-30,24h_prior,external_test,pooled_empirical_residual,empirical_residual,1.25,2026-06-30|05,5,30°C ≤ T < 31°C,30°C,30°C,30.0,31.0,False,False,True,False,32,99,0.3232323232323232,True,False,False,False,0.01,0.3209090909090908,True,False,4,30°C,False,32.1,PASSED
2026-06-30|24h_prior,2026-06-30,24h_prior,external_test,pooled_empirical_residual,empirical_residual,1.25,2026-06-30|06,6,31°C ≤ T < 32°C,31°C,31°C,31.0,32.0,False,False,True,False,23,99,0.2323232323232323,True,False,False,False,0.01,0.2309090909090908,True,False,5,31°C,False,32.1,PASSED
2026-06-30|24h_prior,2026-06-30,24h_prior,external_test,pooled_empirical_residual,empirical_residual,1.25,2026-06-30|07,7,32°C ≤ T < 33°C,32°C,32°C,32.0,33.0,False,False,True,False,18,99,0.1818181818181818,True,False,False,False,0.01,0.1809090909090908,True,False,6,32°C,True,32.1,PASSED
2026-06-30|24h_prior,2026-06-30,24h_prior,external_test,pooled_empirical_residual,empirical_residual,1.25,2026-06-30|08,8,33°C ≤ T < 34°C,33°C,33°C,33.0,34.0,False,False,True,False,5,99,0.0505050505050505,True,False,False,False,0.01,0.0509090909090909,True,False,7,33°C,False,32.1,PASSED
2026-06-30|24h_prior,2026-06-30,24h_prior,external_test,pooled_empirical_residual,empirical_residual,1.25,2026-06-30|09,9,34°C ≤ T < 35°C,34°C,34°C,34.0,35.0,False,False,True,False,0,99,0.0,True,False,False,False,0.01,0.0009090909090909,True,False,8,34°C,False,32.1,PASSED
2026-06-30|24h_prior,2026-06-30,24h_prior,external_test,pooled_empirical_residual,empirical_residual,1.25,2026-06-30|10,10,35°C ≤ T < 36°C,35°C,35°C,35.0,36.0,False,False,True,False,0,99,0.0,True,False,False,False,0.01,0.0009090909090909,True,False,9,35°C,False,32.1,PASSED
2026-06-30|24h_prior,2026-06-30,24h_prior,external_test,pooled_empirical_residual,empirical_residual,1.25,2026-06-30|11,11,T ≥ 36°C,36°C or higher,36°C or higher,36.0,,False,True,True,False,0,99,0.0,True,False,False,False,0.01,0.0009090909090909,True,False,10,36°C or higher,False,32.1,PASSED
2026-06-30|6h_prior,2026-06-30,6h_prior,external_test,pooled_empirical_residual,empirical_residual,1.25,2026-06-30|01,1,T < 27°C,26°C or below,26°C or below,,27.0,True,False,True,False,0,99,0.0,True,False,False,False,0.01,0.0009090909090909,True,False,0,26°C or below,False,32.1,PASSED
2026-06-30|6h_prior,2026-06-30,6h_prior,external_test,pooled_empirical_residual,empirical_residual,1.25,2026-06-30|02,2,27°C ≤ T < 28°C,27°C,27°C,27.0,28.0,False,False,True,False,4,99,0.0404040404040404,True,False,False,False,0.01,0.0409090909090909,True,False,1,27°C,False,32.1,PASSED
2026-06-30|6h_prior,2026-06-30,6h_prior,external_test,pooled_empirical_residual,empirical_residual,1.25,2026-06-30|03,3,28°C ≤ T < 29°C,28°C,28°C,28.0,29.0,False,False,True,False,9,99,0.0909090909090909,True,False,False,False,0.01,0.0909090909090909,True,False,2,28°C,False,32.1,PASSED
2026-06-30|6h_prior,2026-06-30,6h_prior,external_test,pooled_empirical_residual,empirical_residual,1.25,2026-06-30|04,4,29°C ≤ T < 30°C,29°C,29°C,29.0,30.0,False,False,True,False,17,99,0.1717171717171717,True,False,False,False,0.01,0.1709090909090909,True,False,3,29°C,False,32.1,PASSED
2026-06-30|6h_prior,2026-06-30,6h_prior,external_test,pooled_empirical_residual,empirical_residual,1.25,2026-06-30|05,5,30°C ≤ T < 31°C,30°C,30°C,30.0,31.0,False,False,True,False,32,99,0.3232323232323232,True,False,False,False,0.01,0.3209090909090908,True,False,4,30°C,False,32.1,PASSED
2026-06-30|6h_prior,2026-06-30,6h_prior,external_test,pooled_empirical_residual,empirical_residual,1.25,2026-06-30|06,6,31°C ≤ T < 32°C,31°C,31°C,31.0,32.0,False,False,True,False,24,99,0.2424242424242424,True,False,False,False,0.01,0.2409090909090908,True,False,5,31°C,False,32.1,PASSED
2026-06-30|6h_prior,2026-06-30,6h_prior,external_test,pooled_empirical_residual,empirical_residual,1.25,2026-06-30|07,7,32°C ≤ T < 33°C,32°C,32°C,32.0,33.0,False,False,True,False,11,99,0.1111111111111111,True,False,False,False,0.01,0.1109090909090909,True,False,6,32°C,True,32.1,PASSED
2026-06-30|6h_prior,2026-06-30,6h_prior,external_test,pooled_empirical_residual,empirical_residual,1.25,2026-06-30|08,8,33°C ≤ T < 34°C,33°C,33°C,33.0,34.0,False,False,True,False,2,99,0.0202020202020202,True,False,False,False,0.01,0.0209090909090909,True,False,7,33°C,False,32.1,PASSED
2026-06-30|6h_prior,2026-06-30,6h_prior,external_test,pooled_empirical_residual,empirical_residual,1.25,2026-06-30|09,9,34°C ≤ T < 35°C,34°C,34°C,34.0,35.0,False,False,True,False,0,99,0.0,True,False,False,False,0.01,0.0009090909090909,True,False,8,34°C,False,32.1,PASSED
2026-06-30|6h_prior,2026-06-30,6h_prior,external_test,pooled_empirical_residual,empirical_residual,1.25,2026-06-30|10,10,35°C ≤ T < 36°C,35°C,35°C,35.0,36.0,False,False,True,False,0,99,0.0,True,False,False,False,0.01,0.0009090909090909,True,False,9,35°C,False,32.1,PASSED
2026-06-30|6h_prior,2026-06-30,6h_prior,external_test,pooled_empirical_residual,empirical_residual,1.25,2026-06-30|11,11,T ≥ 36°C,36°C or higher,36°C or higher,36.0,,False,True,True,False,0,99,0.0,True,False,False,False,0.01,0.0009090909090909,True,False,10,36°C or higher,False,32.1,PASSED
2026-06-30|event_day_open,2026-06-30,event_day_open,external_test,pooled_empirical_residual,empirical_residual,1.25,2026-06-30|01,1,T < 27°C,26°C or below,26°C or below,,27.0,True,False,True,False,0,99,0.0,True,False,False,False,0.01,0.0009090909090909,True,False,0,26°C or below,False,32.1,PASSED
2026-06-30|event_day_open,2026-06-30,event_day_open,external_test,pooled_empirical_residual,empirical_residual,1.25,2026-06-30|02,2,27°C ≤ T < 28°C,27°C,27°C,27.0,28.0,False,False,True,False,2,99,0.0202020202020202,True,False,False,False,0.01,0.0209090909090909,True,False,1,27°C,False,32.1,PASSED
2026-06-30|event_day_open,2026-06-30,event_day_open,external_test,pooled_empirical_residual,empirical_residual,1.25,2026-06-30|03,3,28°C ≤ T < 29°C,28°C,28°C,28.0,29.0,False,False,True,False,9,99,0.0909090909090909,True,False,False,False,0.01,0.0909090909090909,True,False,2,28°C,False,32.1,PASSED
2026-06-30|event_day_open,2026-06-30,event_day_open,external_test,pooled_empirical_residual,empirical_residual,1.25,2026-06-30|04,4,29°C ≤ T < 30°C,29°C,29°C,29.0,30.0,False,False,True,False,10,99,0.101010101010101,True,False,False,False,0.01,0.1009090909090908,True,False,3,29°C,False,32.1,PASSED
2026-06-30|event_day_open,2026-06-30,event_day_open,external_test,pooled_empirical_residual,empirical_residual,1.25,2026-06-30|05,5,30°C ≤ T < 31°C,30°C,30°C,30.0,31.0,False,False,True,False,32,99,0.3232323232323232,True,False,False,False,0.01,0.3209090909090908,True,False,4,30°C,False,32.1,PASSED
2026-06-30|event_day_open,2026-06-30,event_day_open,external_test,pooled_empirical_residual,empirical_residual,1.25,2026-06-30|06,6,31°C ≤ T < 32°C,31°C,31°C,31.0,32.0,False,False,True,False,23,99,0.2323232323232323,True,False,False,False,0.01,0.2309090909090908,True,False,5,31°C,False,32.1,PASSED
2026-06-30|event_day_open,2026-06-30,event_day_open,external_test,pooled_empirical_residual,empirical_residual,1.25,2026-06-30|07,7,32°C ≤ T < 33°C,32°C,32°C,32.0,33.0,False,False,True,False,18,99,0.1818181818181818,True,False,False,False,0.01,0.1809090909090908,True,False,6,32°C,True,32.1,PASSED
2026-06-30|event_day_open,2026-06-30,event_day_open,external_test,pooled_empirical_residual,empirical_residual,1.25,2026-06-30|08,8,33°C ≤ T < 34°C,33°C,33°C,33.0,34.0,False,False,True,False,5,99,0.0505050505050505,True,False,False,False,0.01,0.0509090909090909,True,False,7,33°C,False,32.1,PASSED
2026-06-30|event_day_open,2026-06-30,event_day_open,external_test,pooled_empirical_residual,empirical_residual,1.25,2026-06-30|09,9,34°C ≤ T < 35°C,34°C,34°C,34.0,35.0,False,False,True,False,0,99,0.0,True,False,False,False,0.01,0.0009090909090909,True,False,8,34°C,False,32.1,PASSED
2026-06-30|event_day_open,2026-06-30,event_day_open,external_test,pooled_empirical_residual,empirical_residual,1.25,2026-06-30|10,10,35°C ≤ T < 36°C,35°C,35°C,35.0,36.0,False,False,True,False,0,99,0.0,True,False,False,False,0.01,0.0009090909090909,True,False,9,35°C,False,32.1,PASSED
2026-06-30|event_day_open,2026-06-30,event_day_open,external_test,pooled_empirical_residual,empirical_residual,1.25,2026-06-30|11,11,T ≥ 36°C,36°C or higher,36°C or higher,36.0,,False,True,True,False,0,99,0.0,True,False,False,False,0.01,0.0009090909090909,True,False,10,36°C or higher,False,32.1,PASSED
