COMMAND: ['/opt/anaconda3/bin/python3', '/var/folders/ck/dm6nl73d3v92cz_5d_bhjx_00000gn/T/phase18_exact_replay_fr87jfzp/repository/tools/v2/fit_gp_validation_distributions.py']

STDOUT

==============================================================================
PHASE 7 GAUSSIAN-PROCESS FITTING
==============================================================================
Planned fitted models: 32
Validation dates: 365
Decision rules: 4
Candidate kernels: 2

[01/32] fold_01 | 24h_prior | rbf
[02/32] fold_01 | 24h_prior | matern32
[03/32] fold_01 | 12h_prior | rbf
[04/32] fold_01 | 12h_prior | matern32
[05/32] fold_01 | 6h_prior | rbf
[06/32] fold_01 | 6h_prior | matern32
[07/32] fold_01 | event_day_open | rbf
[08/32] fold_01 | event_day_open | matern32
[09/32] fold_02 | 24h_prior | rbf
[10/32] fold_02 | 24h_prior | matern32
[11/32] fold_02 | 12h_prior | rbf
[12/32] fold_02 | 12h_prior | matern32
[13/32] fold_02 | 6h_prior | rbf
[14/32] fold_02 | 6h_prior | matern32
[15/32] fold_02 | event_day_open | rbf
[16/32] fold_02 | event_day_open | matern32
[17/32] fold_03 | 24h_prior | rbf
[18/32] fold_03 | 24h_prior | matern32
[19/32] fold_03 | 12h_prior | rbf
[20/32] fold_03 | 12h_prior | matern32
[21/32] fold_03 | 6h_prior | rbf
[22/32] fold_03 | 6h_prior | matern32
[23/32] fold_03 | event_day_open | rbf
[24/32] fold_03 | event_day_open | matern32
[25/32] fold_04 | 24h_prior | rbf
[26/32] fold_04 | 24h_prior | matern32
[27/32] fold_04 | 12h_prior | rbf
[28/32] fold_04 | 12h_prior | matern32
[29/32] fold_04 | 6h_prior | rbf
[30/32] fold_04 | 6h_prior | matern32
[31/32] fold_04 | event_day_open | rbf
[32/32] fold_04 | event_day_open | matern32

==============================================================================
PHASE 7 GP VALIDATION RESULTS
==============================================================================
Status: TWO_YEAR_GP_VALIDATION_DISTRIBUTIONS_CERTIFIED
Fitted models: 32
Validation prediction rows: 2920
Validation dates: 365
Quantiles per prediction: 99

  kernel  kernel_order  validation_dates  validation_rows  fitted_models  mean_date_crps_c  median_date_crps_c  mean_row_crps_c  mean_negative_log_score  raw_mean_error_c  corrected_mean_error_c  raw_mae_c  corrected_mae_c  raw_rmse_c  corrected_rmse_c  mean_predictive_standard_deviation_c  central_50_coverage  central_80_coverage  central_90_coverage  pit_mean  pit_variance  mean_log_marginal_likelihood  total_optimizer_warnings  descriptive_crps_rank  final_kernel_selected
     rbf             1               365             1460             16          0.877561            0.660147         0.877561                 1.858892          1.448699               -0.114245   1.745685         1.253820    2.136322          1.546855                              1.436738             0.442466             0.767808             0.869178  0.480896      0.092117                   -665.573848                         0                      2                  False
matern32             2               365             1460             16          0.863340            0.643658         0.863340                 1.841750          1.448699               -0.080448   1.745685         1.230594    2.136322          1.526166                              1.454747             0.460274             0.782877             0.880822  0.487577      0.089096                   -664.284089                         0                      1                  False

Descriptive lower-CRPS kernel: matern32
Final kernel selected: False
Market information accessed: False
PHASE 7 CORE CONSTRUCTION: PASSED

STDERR
/var/folders/ck/dm6nl73d3v92cz_5d_bhjx_00000gn/T/phase18_exact_replay_fr87jfzp/repository/tools/v2/fit_gp_validation_distributions.py:643: PerformanceWarning: DataFrame is highly fragmented.  This is usually the result of calling `frame.insert` many times, which has poor performance.  Consider joining all columns at once using pd.concat(axis=1) instead. To get a de-fragmented frame, use `newframe = frame.copy()`
  result[column] = (
/var/folders/ck/dm6nl73d3v92cz_5d_bhjx_00000gn/T/phase18_exact_replay_fr87jfzp/repository/tools/v2/fit_gp_validation_distributions.py:643: PerformanceWarning: DataFrame is highly fragmented.  This is usually the result of calling `frame.insert` many times, which has poor performance.  Consider joining all columns at once using pd.concat(axis=1) instead. To get a de-fragmented frame, use `newframe = frame.copy()`
  result[column] = (
/var/folders/ck/dm6nl73d3v92cz_5d_bhjx_00000gn/T/phase18_exact_replay_fr87jfzp/repository/tools/v2/fit_gp_validation_distributions.py:643: PerformanceWarning: DataFrame is highly fragmented.  This is usually the result of calling `frame.insert` many times, which has poor performance.  Consider joining all columns at once using pd.concat(axis=1) instead. To get a de-fragmented frame, use `newframe = frame.copy()`
  result[column] = (
/var/folders/ck/dm6nl73d3v92cz_5d_bhjx_00000gn/T/phase18_exact_replay_fr87jfzp/repository/tools/v2/fit_gp_validation_distributions.py:643: PerformanceWarning: DataFrame is highly fragmented.  This is usually the result of calling `frame.insert` many times, which has poor performance.  Consider joining all columns at once using pd.concat(axis=1) instead. To get a de-fragmented frame, use `newframe = frame.copy()`
  result[column] = (
/var/folders/ck/dm6nl73d3v92cz_5d_bhjx_00000gn/T/phase18_exact_replay_fr87jfzp/repository/tools/v2/fit_gp_validation_distributions.py:643: PerformanceWarning: DataFrame is highly fragmented.  This is usually the result of calling `frame.insert` many times, which has poor performance.  Consider joining all columns at once using pd.concat(axis=1) instead. To get a de-fragmented frame, use `newframe = frame.copy()`
  result[column] = (
/var/folders/ck/dm6nl73d3v92cz_5d_bhjx_00000gn/T/phase18_exact_replay_fr87jfzp/repository/tools/v2/fit_gp_validation_distributions.py:643: PerformanceWarning: DataFrame is highly fragmented.  This is usually the result of calling `frame.insert` many times, which has poor performance.  Consider joining all columns at once using pd.concat(axis=1) instead. To get a de-fragmented frame, use `newframe = frame.copy()`
  result[column] = (
/var/folders/ck/dm6nl73d3v92cz_5d_bhjx_00000gn/T/phase18_exact_replay_fr87jfzp/repository/tools/v2/fit_gp_validation_distributions.py:643: PerformanceWarning: DataFrame is highly fragmented.  This is usually the result of calling `frame.insert` many times, which has poor performance.  Consider joining all columns at once using pd.concat(axis=1) instead. To get a de-fragmented frame, use `newframe = frame.copy()`
  result[column] = (
/var/folders/ck/dm6nl73d3v92cz_5d_bhjx_00000gn/T/phase18_exact_replay_fr87jfzp/repository/tools/v2/fit_gp_validation_distributions.py:643: PerformanceWarning: DataFrame is highly fragmented.  This is usually the result of calling `frame.insert` many times, which has poor performance.  Consider joining all columns at once using pd.concat(axis=1) instead. To get a de-fragmented frame, use `newframe = frame.copy()`
  result[column] = (
/var/folders/ck/dm6nl73d3v92cz_5d_bhjx_00000gn/T/phase18_exact_replay_fr87jfzp/repository/tools/v2/fit_gp_validation_distributions.py:643: PerformanceWarning: DataFrame is highly fragmented.  This is usually the result of calling `frame.insert` many times, which has poor performance.  Consider joining all columns at once using pd.concat(axis=1) instead. To get a de-fragmented frame, use `newframe = frame.copy()`
  result[column] = (
/var/folders/ck/dm6nl73d3v92cz_5d_bhjx_00000gn/T/phase18_exact_replay_fr87jfzp/repository/tools/v2/fit_gp_validation_distributions.py:643: PerformanceWarning: DataFrame is highly fragmented.  This is usually the result of calling `frame.insert` many times, which has poor performance.  Consider joining all columns at once using pd.concat(axis=1) instead. To get a de-fragmented frame, use `newframe = frame.copy()`
  result[column] = (
/var/folders/ck/dm6nl73d3v92cz_5d_bhjx_00000gn/T/phase18_exact_replay_fr87jfzp/repository/tools/v2/fit_gp_validation_distributions.py:643: PerformanceWarning: DataFrame is highly fragmented.  This is usually the result of calling `frame.insert` many times, which has poor performance.  Consider joining all columns at once using pd.concat(axis=1) instead. To get a de-fragmented frame, use `newframe = frame.copy()`
  result[column] = (
/var/folders/ck/dm6nl73d3v92cz_5d_bhjx_00000gn/T/phase18_exact_replay_fr87jfzp/repository/tools/v2/fit_gp_validation_distributions.py:643: PerformanceWarning: DataFrame is highly fragmented.  This is usually the result of calling `frame.insert` many times, which has poor performance.  Consider joining all columns at once using pd.concat(axis=1) instead. To get a de-fragmented frame, use `newframe = frame.copy()`
  result[column] = (
/var/folders/ck/dm6nl73d3v92cz_5d_bhjx_00000gn/T/phase18_exact_replay_fr87jfzp/repository/tools/v2/fit_gp_validation_distributions.py:643: PerformanceWarning: DataFrame is highly fragmented.  This is usually the result of calling `frame.insert` many times, which has poor performance.  Consider joining all columns at once using pd.concat(axis=1) instead. To get a de-fragmented frame, use `newframe = frame.copy()`
  result[column] = (
/var/folders/ck/dm6nl73d3v92cz_5d_bhjx_00000gn/T/phase18_exact_replay_fr87jfzp/repository/tools/v2/fit_gp_validation_distributions.py:643: PerformanceWarning: DataFrame is highly fragmented.  This is usually the result of calling `frame.insert` many times, which has poor performance.  Consider joining all columns at once using pd.concat(axis=1) instead. To get a de-fragmented frame, use `newframe = frame.copy()`
  result[column] = (
/var/folders/ck/dm6nl73d3v92cz_5d_bhjx_00000gn/T/phase18_exact_replay_fr87jfzp/repository/tools/v2/fit_gp_validation_distributions.py:643: PerformanceWarning: DataFrame is highly fragmented.  This is usually the result of calling `frame.insert` many times, which has poor performance.  Consider joining all columns at once using pd.concat(axis=1) instead. To get a de-fragmented frame, use `newframe = frame.copy()`
  result[column] = (
/var/folders/ck/dm6nl73d3v92cz_5d_bhjx_00000gn/T/phase18_exact_replay_fr87jfzp/repository/tools/v2/fit_gp_validation_distributions.py:643: PerformanceWarning: DataFrame is highly fragmented.  This is usually the result of calling `frame.insert` many times, which has poor performance.  Consider joining all columns at once using pd.concat(axis=1) instead. To get a de-fragmented frame, use `newframe = frame.copy()`
  result[column] = (
/var/folders/ck/dm6nl73d3v92cz_5d_bhjx_00000gn/T/phase18_exact_replay_fr87jfzp/repository/tools/v2/fit_gp_validation_distributions.py:643: PerformanceWarning: DataFrame is highly fragmented.  This is usually the result of calling `frame.insert` many times, which has poor performance.  Consider joining all columns at once using pd.concat(axis=1) instead. To get a de-fragmented frame, use `newframe = frame.copy()`
  result[column] = (
/var/folders/ck/dm6nl73d3v92cz_5d_bhjx_00000gn/T/phase18_exact_replay_fr87jfzp/repository/tools/v2/fit_gp_validation_distributions.py:643: PerformanceWarning: DataFrame is highly fragmented.  This is usually the result of calling `frame.insert` many times, which has poor performance.  Consider joining all columns at once using pd.concat(axis=1) instead. To get a de-fragmented frame, use `newframe = frame.copy()`
  result[column] = (
/var/folders/ck/dm6nl73d3v92cz_5d_bhjx_00000gn/T/phase18_exact_replay_fr87jfzp/repository/tools/v2/fit_gp_validation_distributions.py:643: PerformanceWarning: DataFrame is highly fragmented.  This is usually the result of calling `frame.insert` many times, which has poor performance.  Consider joining all columns at once using pd.concat(axis=1) instead. To get a de-fragmented frame, use `newframe = frame.copy()`
  result[column] = (
/var/folders/ck/dm6nl73d3v92cz_5d_bhjx_00000gn/T/phase18_exact_replay_fr87jfzp/repository/tools/v2/fit_gp_validation_distributions.py:643: PerformanceWarning: DataFrame is highly fragmented.  This is usually the result of calling `frame.insert` many times, which has poor performance.  Consider joining all columns at once using pd.concat(axis=1) instead. To get a de-fragmented frame, use `newframe = frame.copy()`
  result[column] = (
/var/folders/ck/dm6nl73d3v92cz_5d_bhjx_00000gn/T/phase18_exact_replay_fr87jfzp/repository/tools/v2/fit_gp_validation_distributions.py:643: PerformanceWarning: DataFrame is highly fragmented.  This is usually the result of calling `frame.insert` many times, which has poor performance.  Consider joining all columns at once using pd.concat(axis=1) instead. To get a de-fragmented frame, use `newframe = frame.copy()`
  result[column] = (
/var/folders/ck/dm6nl73d3v92cz_5d_bhjx_00000gn/T/phase18_exact_replay_fr87jfzp/repository/tools/v2/fit_gp_validation_distributions.py:643: PerformanceWarning: DataFrame is highly fragmented.  This is usually the result of calling `frame.insert` many times, which has poor performance.  Consider joining all columns at once using pd.concat(axis=1) instead. To get a de-fragmented frame, use `newframe = frame.copy()`
  result[column] = (
/var/folders/ck/dm6nl73d3v92cz_5d_bhjx_00000gn/T/phase18_exact_replay_fr87jfzp/repository/tools/v2/fit_gp_validation_distributions.py:643: PerformanceWarning: DataFrame is highly fragmented.  This is usually the result of calling `frame.insert` many times, which has poor performance.  Consider joining all columns at once using pd.concat(axis=1) instead. To get a de-fragmented frame, use `newframe = frame.copy()`
  result[column] = (
/var/folders/ck/dm6nl73d3v92cz_5d_bhjx_00000gn/T/phase18_exact_replay_fr87jfzp/repository/tools/v2/fit_gp_validation_distributions.py:643: PerformanceWarning: DataFrame is highly fragmented.  This is usually the result of calling `frame.insert` many times, which has poor performance.  Consider joining all columns at once using pd.concat(axis=1) instead. To get a de-fragmented frame, use `newframe = frame.copy()`
  result[column] = (
/var/folders/ck/dm6nl73d3v92cz_5d_bhjx_00000gn/T/phase18_exact_replay_fr87jfzp/repository/tools/v2/fit_gp_validation_distributions.py:643: PerformanceWarning: DataFrame is highly fragmented.  This is usually the result of calling `frame.insert` many times, which has poor performance.  Consider joining all columns at once using pd.concat(axis=1) instead. To get a de-fragmented frame, use `newframe = frame.copy()`
  result[column] = (
/var/folders/ck/dm6nl73d3v92cz_5d_bhjx_00000gn/T/phase18_exact_replay_fr87jfzp/repository/tools/v2/fit_gp_validation_distributions.py:643: PerformanceWarning: DataFrame is highly fragmented.  This is usually the result of calling `frame.insert` many times, which has poor performance.  Consider joining all columns at once using pd.concat(axis=1) instead. To get a de-fragmented frame, use `newframe = frame.copy()`
  result[column] = (
/var/folders/ck/dm6nl73d3v92cz_5d_bhjx_00000gn/T/phase18_exact_replay_fr87jfzp/repository/tools/v2/fit_gp_validation_distributions.py:643: PerformanceWarning: DataFrame is highly fragmented.  This is usually the result of calling `frame.insert` many times, which has poor performance.  Consider joining all columns at once using pd.concat(axis=1) instead. To get a de-fragmented frame, use `newframe = frame.copy()`
  result[column] = (
/var/folders/ck/dm6nl73d3v92cz_5d_bhjx_00000gn/T/phase18_exact_replay_fr87jfzp/repository/tools/v2/fit_gp_validation_distributions.py:643: PerformanceWarning: DataFrame is highly fragmented.  This is usually the result of calling `frame.insert` many times, which has poor performance.  Consider joining all columns at once using pd.concat(axis=1) instead. To get a de-fragmented frame, use `newframe = frame.copy()`
  result[column] = (
/var/folders/ck/dm6nl73d3v92cz_5d_bhjx_00000gn/T/phase18_exact_replay_fr87jfzp/repository/tools/v2/fit_gp_validation_distributions.py:643: PerformanceWarning: DataFrame is highly fragmented.  This is usually the result of calling `frame.insert` many times, which has poor performance.  Consider joining all columns at once using pd.concat(axis=1) instead. To get a de-fragmented frame, use `newframe = frame.copy()`
  result[column] = (
/var/folders/ck/dm6nl73d3v92cz_5d_bhjx_00000gn/T/phase18_exact_replay_fr87jfzp/repository/tools/v2/fit_gp_validation_distributions.py:643: PerformanceWarning: DataFrame is highly fragmented.  This is usually the result of calling `frame.insert` many times, which has poor performance.  Consider joining all columns at once using pd.concat(axis=1) instead. To get a de-fragmented frame, use `newframe = frame.copy()`
  result[column] = (
/var/folders/ck/dm6nl73d3v92cz_5d_bhjx_00000gn/T/phase18_exact_replay_fr87jfzp/repository/tools/v2/fit_gp_validation_distributions.py:643: PerformanceWarning: DataFrame is highly fragmented.  This is usually the result of calling `frame.insert` many times, which has poor performance.  Consider joining all columns at once using pd.concat(axis=1) instead. To get a de-fragmented frame, use `newframe = frame.copy()`
  result[column] = (
/var/folders/ck/dm6nl73d3v92cz_5d_bhjx_00000gn/T/phase18_exact_replay_fr87jfzp/repository/tools/v2/fit_gp_validation_distributions.py:643: PerformanceWarning: DataFrame is highly fragmented.  This is usually the result of calling `frame.insert` many times, which has poor performance.  Consider joining all columns at once using pd.concat(axis=1) instead. To get a de-fragmented frame, use `newframe = frame.copy()`
  result[column] = (
/var/folders/ck/dm6nl73d3v92cz_5d_bhjx_00000gn/T/phase18_exact_replay_fr87jfzp/repository/tools/v2/fit_gp_validation_distributions.py:643: PerformanceWarning: DataFrame is highly fragmented.  This is usually the result of calling `frame.insert` many times, which has poor performance.  Consider joining all columns at once using pd.concat(axis=1) instead. To get a de-fragmented frame, use `newframe = frame.copy()`
  result[column] = (
/var/folders/ck/dm6nl73d3v92cz_5d_bhjx_00000gn/T/phase18_exact_replay_fr87jfzp/repository/tools/v2/fit_gp_validation_distributions.py:643: PerformanceWarning: DataFrame is highly fragmented.  This is usually the result of calling `frame.insert` many times, which has poor performance.  Consider joining all columns at once using pd.concat(axis=1) instead. To get a de-fragmented frame, use `newframe = frame.copy()`
  result[column] = (
/var/folders/ck/dm6nl73d3v92cz_5d_bhjx_00000gn/T/phase18_exact_replay_fr87jfzp/repository/tools/v2/fit_gp_validation_distributions.py:643: PerformanceWarning: DataFrame is highly fragmented.  This is usually the result of calling `frame.insert` many times, which has poor performance.  Consider joining all columns at once using pd.concat(axis=1) instead. To get a de-fragmented frame, use `newframe = frame.copy()`
  result[column] = (
/var/folders/ck/dm6nl73d3v92cz_5d_bhjx_00000gn/T/phase18_exact_replay_fr87jfzp/repository/tools/v2/fit_gp_validation_distributions.py:643: PerformanceWarning: DataFrame is highly fragmented.  This is usually the result of calling `frame.insert` many times, which has poor performance.  Consider joining all columns at once using pd.concat(axis=1) instead. To get a de-fragmented frame, use `newframe = frame.copy()`
  result[column] = (
/var/folders/ck/dm6nl73d3v92cz_5d_bhjx_00000gn/T/phase18_exact_replay_fr87jfzp/repository/tools/v2/fit_gp_validation_distributions.py:643: PerformanceWarning: DataFrame is highly fragmented.  This is usually the result of calling `frame.insert` many times, which has poor performance.  Consider joining all columns at once using pd.concat(axis=1) instead. To get a de-fragmented frame, use `newframe = frame.copy()`
  result[column] = (
/var/folders/ck/dm6nl73d3v92cz_5d_bhjx_00000gn/T/phase18_exact_replay_fr87jfzp/repository/tools/v2/fit_gp_validation_distributions.py:643: PerformanceWarning: DataFrame is highly fragmented.  This is usually the result of calling `frame.insert` many times, which has poor performance.  Consider joining all columns at once using pd.concat(axis=1) instead. To get a de-fragmented frame, use `newframe = frame.copy()`
  result[column] = (
/var/folders/ck/dm6nl73d3v92cz_5d_bhjx_00000gn/T/phase18_exact_replay_fr87jfzp/repository/tools/v2/fit_gp_validation_distributions.py:643: PerformanceWarning: DataFrame is highly fragmented.  This is usually the result of calling `frame.insert` many times, which has poor performance.  Consider joining all columns at once using pd.concat(axis=1) instead. To get a de-fragmented frame, use `newframe = frame.copy()`
  result[column] = (
/var/folders/ck/dm6nl73d3v92cz_5d_bhjx_00000gn/T/phase18_exact_replay_fr87jfzp/repository/tools/v2/fit_gp_validation_distributions.py:643: PerformanceWarning: DataFrame is highly fragmented.  This is usually the result of calling `frame.insert` many times, which has poor performance.  Consider joining all columns at once using pd.concat(axis=1) instead. To get a de-fragmented frame, use `newframe = frame.copy()`
  result[column] = (
/var/folders/ck/dm6nl73d3v92cz_5d_bhjx_00000gn/T/phase18_exact_replay_fr87jfzp/repository/tools/v2/fit_gp_validation_distributions.py:643: PerformanceWarning: DataFrame is highly fragmented.  This is usually the result of calling `frame.insert` many times, which has poor performance.  Consider joining all columns at once using pd.concat(axis=1) instead. To get a de-fragmented frame, use `newframe = frame.copy()`
  result[column] = (
/var/folders/ck/dm6nl73d3v92cz_5d_bhjx_00000gn/T/phase18_exact_replay_fr87jfzp/repository/tools/v2/fit_gp_validation_distributions.py:643: PerformanceWarning: DataFrame is highly fragmented.  This is usually the result of calling `frame.insert` many times, which has poor performance.  Consider joining all columns at once using pd.concat(axis=1) instead. To get a de-fragmented frame, use `newframe = frame.copy()`
  result[column] = (
/var/folders/ck/dm6nl73d3v92cz_5d_bhjx_00000gn/T/phase18_exact_replay_fr87jfzp/repository/tools/v2/fit_gp_validation_distributions.py:643: PerformanceWarning: DataFrame is highly fragmented.  This is usually the result of calling `frame.insert` many times, which has poor performance.  Consider joining all columns at once using pd.concat(axis=1) instead. To get a de-fragmented frame, use `newframe = frame.copy()`
  result[column] = (
/var/folders/ck/dm6nl73d3v92cz_5d_bhjx_00000gn/T/phase18_exact_replay_fr87jfzp/repository/tools/v2/fit_gp_validation_distributions.py:643: PerformanceWarning: DataFrame is highly fragmented.  This is usually the result of calling `frame.insert` many times, which has poor performance.  Consider joining all columns at once using pd.concat(axis=1) instead. To get a de-fragmented frame, use `newframe = frame.copy()`
  result[column] = (
/var/folders/ck/dm6nl73d3v92cz_5d_bhjx_00000gn/T/phase18_exact_replay_fr87jfzp/repository/tools/v2/fit_gp_validation_distributions.py:643: PerformanceWarning: DataFrame is highly fragmented.  This is usually the result of calling `frame.insert` many times, which has poor performance.  Consider joining all columns at once using pd.concat(axis=1) instead. To get a de-fragmented frame, use `newframe = frame.copy()`
  result[column] = (
/var/folders/ck/dm6nl73d3v92cz_5d_bhjx_00000gn/T/phase18_exact_replay_fr87jfzp/repository/tools/v2/fit_gp_validation_distributions.py:643: PerformanceWarning: DataFrame is highly fragmented.  This is usually the result of calling `frame.insert` many times, which has poor performance.  Consider joining all columns at once using pd.concat(axis=1) instead. To get a de-fragmented frame, use `newframe = frame.copy()`
  result[column] = (
/var/folders/ck/dm6nl73d3v92cz_5d_bhjx_00000gn/T/phase18_exact_replay_fr87jfzp/repository/tools/v2/fit_gp_validation_distributions.py:643: PerformanceWarning: DataFrame is highly fragmented.  This is usually the result of calling `frame.insert` many times, which has poor performance.  Consider joining all columns at once using pd.concat(axis=1) instead. To get a de-fragmented frame, use `newframe = frame.copy()`
  result[column] = (
/var/folders/ck/dm6nl73d3v92cz_5d_bhjx_00000gn/T/phase18_exact_replay_fr87jfzp/repository/tools/v2/fit_gp_validation_distributions.py:643: PerformanceWarning: DataFrame is highly fragmented.  This is usually the result of calling `frame.insert` many times, which has poor performance.  Consider joining all columns at once using pd.concat(axis=1) instead. To get a de-fragmented frame, use `newframe = frame.copy()`
  result[column] = (
/var/folders/ck/dm6nl73d3v92cz_5d_bhjx_00000gn/T/phase18_exact_replay_fr87jfzp/repository/tools/v2/fit_gp_validation_distributions.py:643: PerformanceWarning: DataFrame is highly fragmented.  This is usually the result of calling `frame.insert` many times, which has poor performance.  Consider joining all columns at once using pd.concat(axis=1) instead. To get a de-fragmented frame, use `newframe = frame.copy()`
  result[column] = (
/var/folders/ck/dm6nl73d3v92cz_5d_bhjx_00000gn/T/phase18_exact_replay_fr87jfzp/repository/tools/v2/fit_gp_validation_distributions.py:643: PerformanceWarning: DataFrame is highly fragmented.  This is usually the result of calling `frame.insert` many times, which has poor performance.  Consider joining all columns at once using pd.concat(axis=1) instead. To get a de-fragmented frame, use `newframe = frame.copy()`
  result[column] = (
/var/folders/ck/dm6nl73d3v92cz_5d_bhjx_00000gn/T/phase18_exact_replay_fr87jfzp/repository/tools/v2/fit_gp_validation_distributions.py:643: PerformanceWarning: DataFrame is highly fragmented.  This is usually the result of calling `frame.insert` many times, which has poor performance.  Consider joining all columns at once using pd.concat(axis=1) instead. To get a de-fragmented frame, use `newframe = frame.copy()`
  result[column] = (
/var/folders/ck/dm6nl73d3v92cz_5d_bhjx_00000gn/T/phase18_exact_replay_fr87jfzp/repository/tools/v2/fit_gp_validation_distributions.py:643: PerformanceWarning: DataFrame is highly fragmented.  This is usually the result of calling `frame.insert` many times, which has poor performance.  Consider joining all columns at once using pd.concat(axis=1) instead. To get a de-fragmented frame, use `newframe = frame.copy()`
  result[column] = (
/var/folders/ck/dm6nl73d3v92cz_5d_bhjx_00000gn/T/phase18_exact_replay_fr87jfzp/repository/tools/v2/fit_gp_validation_distributions.py:643: PerformanceWarning: DataFrame is highly fragmented.  This is usually the result of calling `frame.insert` many times, which has poor performance.  Consider joining all columns at once using pd.concat(axis=1) instead. To get a de-fragmented frame, use `newframe = frame.copy()`
  result[column] = (
/var/folders/ck/dm6nl73d3v92cz_5d_bhjx_00000gn/T/phase18_exact_replay_fr87jfzp/repository/tools/v2/fit_gp_validation_distributions.py:643: PerformanceWarning: DataFrame is highly fragmented.  This is usually the result of calling `frame.insert` many times, which has poor performance.  Consider joining all columns at once using pd.concat(axis=1) instead. To get a de-fragmented frame, use `newframe = frame.copy()`
  result[column] = (
/var/folders/ck/dm6nl73d3v92cz_5d_bhjx_00000gn/T/phase18_exact_replay_fr87jfzp/repository/tools/v2/fit_gp_validation_distributions.py:643: PerformanceWarning: DataFrame is highly fragmented.  This is usually the result of calling `frame.insert` many times, which has poor performance.  Consider joining all columns at once using pd.concat(axis=1) instead. To get a de-fragmented frame, use `newframe = frame.copy()`
  result[column] = (
/var/folders/ck/dm6nl73d3v92cz_5d_bhjx_00000gn/T/phase18_exact_replay_fr87jfzp/repository/tools/v2/fit_gp_validation_distributions.py:643: PerformanceWarning: DataFrame is highly fragmented.  This is usually the result of calling `frame.insert` many times, which has poor performance.  Consider joining all columns at once using pd.concat(axis=1) instead. To get a de-fragmented frame, use `newframe = frame.copy()`
  result[column] = (
/var/folders/ck/dm6nl73d3v92cz_5d_bhjx_00000gn/T/phase18_exact_replay_fr87jfzp/repository/tools/v2/fit_gp_validation_distributions.py:643: PerformanceWarning: DataFrame is highly fragmented.  This is usually the result of calling `frame.insert` many times, which has poor performance.  Consider joining all columns at once using pd.concat(axis=1) instead. To get a de-fragmented frame, use `newframe = frame.copy()`
  result[column] = (
/var/folders/ck/dm6nl73d3v92cz_5d_bhjx_00000gn/T/phase18_exact_replay_fr87jfzp/repository/tools/v2/fit_gp_validation_distributions.py:643: PerformanceWarning: DataFrame is highly fragmented.  This is usually the result of calling `frame.insert` many times, which has poor performance.  Consider joining all columns at once using pd.concat(axis=1) instead. To get a de-fragmented frame, use `newframe = frame.copy()`
  result[column] = (
/var/folders/ck/dm6nl73d3v92cz_5d_bhjx_00000gn/T/phase18_exact_replay_fr87jfzp/repository/tools/v2/fit_gp_validation_distributions.py:643: PerformanceWarning: DataFrame is highly fragmented.  This is usually the result of calling `frame.insert` many times, which has poor performance.  Consider joining all columns at once using pd.concat(axis=1) instead. To get a de-fragmented frame, use `newframe = frame.copy()`
  result[column] = (
/var/folders/ck/dm6nl73d3v92cz_5d_bhjx_00000gn/T/phase18_exact_replay_fr87jfzp/repository/tools/v2/fit_gp_validation_distributions.py:643: PerformanceWarning: DataFrame is highly fragmented.  This is usually the result of calling `frame.insert` many times, which has poor performance.  Consider joining all columns at once using pd.concat(axis=1) instead. To get a de-fragmented frame, use `newframe = frame.copy()`
  result[column] = (
/var/folders/ck/dm6nl73d3v92cz_5d_bhjx_00000gn/T/phase18_exact_replay_fr87jfzp/repository/tools/v2/fit_gp_validation_distributions.py:643: PerformanceWarning: DataFrame is highly fragmented.  This is usually the result of calling `frame.insert` many times, which has poor performance.  Consider joining all columns at once using pd.concat(axis=1) instead. To get a de-fragmented frame, use `newframe = frame.copy()`
  result[column] = (
/var/folders/ck/dm6nl73d3v92cz_5d_bhjx_00000gn/T/phase18_exact_replay_fr87jfzp/repository/tools/v2/fit_gp_validation_distributions.py:643: PerformanceWarning: DataFrame is highly fragmented.  This is usually the result of calling `frame.insert` many times, which has poor performance.  Consider joining all columns at once using pd.concat(axis=1) instead. To get a de-fragmented frame, use `newframe = frame.copy()`
  result[column] = (
/var/folders/ck/dm6nl73d3v92cz_5d_bhjx_00000gn/T/phase18_exact_replay_fr87jfzp/repository/tools/v2/fit_gp_validation_distributions.py:643: PerformanceWarning: DataFrame is highly fragmented.  This is usually the result of calling `frame.insert` many times, which has poor performance.  Consider joining all columns at once using pd.concat(axis=1) instead. To get a de-fragmented frame, use `newframe = frame.copy()`
  result[column] = (
/var/folders/ck/dm6nl73d3v92cz_5d_bhjx_00000gn/T/phase18_exact_replay_fr87jfzp/repository/tools/v2/fit_gp_validation_distributions.py:643: PerformanceWarning: DataFrame is highly fragmented.  This is usually the result of calling `frame.insert` many times, which has poor performance.  Consider joining all columns at once using pd.concat(axis=1) instead. To get a de-fragmented frame, use `newframe = frame.copy()`
  result[column] = (
/var/folders/ck/dm6nl73d3v92cz_5d_bhjx_00000gn/T/phase18_exact_replay_fr87jfzp/repository/tools/v2/fit_gp_validation_distributions.py:643: PerformanceWarning: DataFrame is highly fragmented.  This is usually the result of calling `frame.insert` many times, which has poor performance.  Consider joining all columns at once using pd.concat(axis=1) instead. To get a de-fragmented frame, use `newframe = frame.copy()`
  result[column] = (
/var/folders/ck/dm6nl73d3v92cz_5d_bhjx_00000gn/T/phase18_exact_replay_fr87jfzp/repository/tools/v2/fit_gp_validation_distributions.py:643: PerformanceWarning: DataFrame is highly fragmented.  This is usually the result of calling `frame.insert` many times, which has poor performance.  Consider joining all columns at once using pd.concat(axis=1) instead. To get a de-fragmented frame, use `newframe = frame.copy()`
  result[column] = (
/var/folders/ck/dm6nl73d3v92cz_5d_bhjx_00000gn/T/phase18_exact_replay_fr87jfzp/repository/tools/v2/fit_gp_validation_distributions.py:643: PerformanceWarning: DataFrame is highly fragmented.  This is usually the result of calling `frame.insert` many times, which has poor performance.  Consider joining all columns at once using pd.concat(axis=1) instead. To get a de-fragmented frame, use `newframe = frame.copy()`
  result[column] = (
/var/folders/ck/dm6nl73d3v92cz_5d_bhjx_00000gn/T/phase18_exact_replay_fr87jfzp/repository/tools/v2/fit_gp_validation_distributions.py:643: PerformanceWarning: DataFrame is highly fragmented.  This is usually the result of calling `frame.insert` many times, which has poor performance.  Consider joining all columns at once using pd.concat(axis=1) instead. To get a de-fragmented frame, use `newframe = frame.copy()`
  result[column] = (
/var/folders/ck/dm6nl73d3v92cz_5d_bhjx_00000gn/T/phase18_exact_replay_fr87jfzp/repository/tools/v2/fit_gp_validation_distributions.py:643: PerformanceWarning: DataFrame is highly fragmented.  This is usually the result of calling `frame.insert` many times, which has poor performance.  Consider joining all columns at once using pd.concat(axis=1) instead. To get a de-fragmented frame, use `newframe = frame.copy()`
  result[column] = (
/var/folders/ck/dm6nl73d3v92cz_5d_bhjx_00000gn/T/phase18_exact_replay_fr87jfzp/repository/tools/v2/fit_gp_validation_distributions.py:643: PerformanceWarning: DataFrame is highly fragmented.  This is usually the result of calling `frame.insert` many times, which has poor performance.  Consider joining all columns at once using pd.concat(axis=1) instead. To get a de-fragmented frame, use `newframe = frame.copy()`
  result[column] = (
/var/folders/ck/dm6nl73d3v92cz_5d_bhjx_00000gn/T/phase18_exact_replay_fr87jfzp/repository/tools/v2/fit_gp_validation_distributions.py:643: PerformanceWarning: DataFrame is highly fragmented.  This is usually the result of calling `frame.insert` many times, which has poor performance.  Consider joining all columns at once using pd.concat(axis=1) instead. To get a de-fragmented frame, use `newframe = frame.copy()`
  result[column] = (
/var/folders/ck/dm6nl73d3v92cz_5d_bhjx_00000gn/T/phase18_exact_replay_fr87jfzp/repository/tools/v2/fit_gp_validation_distributions.py:643: PerformanceWarning: DataFrame is highly fragmented.  This is usually the result of calling `frame.insert` many times, which has poor performance.  Consider joining all columns at once using pd.concat(axis=1) instead. To get a de-fragmented frame, use `newframe = frame.copy()`
  result[column] = (
/var/folders/ck/dm6nl73d3v92cz_5d_bhjx_00000gn/T/phase18_exact_replay_fr87jfzp/repository/tools/v2/fit_gp_validation_distributions.py:643: PerformanceWarning: DataFrame is highly fragmented.  This is usually the result of calling `frame.insert` many times, which has poor performance.  Consider joining all columns at once using pd.concat(axis=1) instead. To get a de-fragmented frame, use `newframe = frame.copy()`
  result[column] = (
/var/folders/ck/dm6nl73d3v92cz_5d_bhjx_00000gn/T/phase18_exact_replay_fr87jfzp/repository/tools/v2/fit_gp_validation_distributions.py:643: PerformanceWarning: DataFrame is highly fragmented.  This is usually the result of calling `frame.insert` many times, which has poor performance.  Consider joining all columns at once using pd.concat(axis=1) instead. To get a de-fragmented frame, use `newframe = frame.copy()`
  result[column] = (
/var/folders/ck/dm6nl73d3v92cz_5d_bhjx_00000gn/T/phase18_exact_replay_fr87jfzp/repository/tools/v2/fit_gp_validation_distributions.py:643: PerformanceWarning: DataFrame is highly fragmented.  This is usually the result of calling `frame.insert` many times, which has poor performance.  Consider joining all columns at once using pd.concat(axis=1) instead. To get a de-fragmented frame, use `newframe = frame.copy()`
  result[column] = (
/var/folders/ck/dm6nl73d3v92cz_5d_bhjx_00000gn/T/phase18_exact_replay_fr87jfzp/repository/tools/v2/fit_gp_validation_distributions.py:643: PerformanceWarning: DataFrame is highly fragmented.  This is usually the result of calling `frame.insert` many times, which has poor performance.  Consider joining all columns at once using pd.concat(axis=1) instead. To get a de-fragmented frame, use `newframe = frame.copy()`
  result[column] = (
/var/folders/ck/dm6nl73d3v92cz_5d_bhjx_00000gn/T/phase18_exact_replay_fr87jfzp/repository/tools/v2/fit_gp_validation_distributions.py:643: PerformanceWarning: DataFrame is highly fragmented.  This is usually the result of calling `frame.insert` many times, which has poor performance.  Consider joining all columns at once using pd.concat(axis=1) instead. To get a de-fragmented frame, use `newframe = frame.copy()`
  result[column] = (
/var/folders/ck/dm6nl73d3v92cz_5d_bhjx_00000gn/T/phase18_exact_replay_fr87jfzp/repository/tools/v2/fit_gp_validation_distributions.py:643: PerformanceWarning: DataFrame is highly fragmented.  This is usually the result of calling `frame.insert` many times, which has poor performance.  Consider joining all columns at once using pd.concat(axis=1) instead. To get a de-fragmented frame, use `newframe = frame.copy()`
  result[column] = (
/var/folders/ck/dm6nl73d3v92cz_5d_bhjx_00000gn/T/phase18_exact_replay_fr87jfzp/repository/tools/v2/fit_gp_validation_distributions.py:643: PerformanceWarning: DataFrame is highly fragmented.  This is usually the result of calling `frame.insert` many times, which has poor performance.  Consider joining all columns at once using pd.concat(axis=1) instead. To get a de-fragmented frame, use `newframe = frame.copy()`
  result[column] = (
/var/folders/ck/dm6nl73d3v92cz_5d_bhjx_00000gn/T/phase18_exact_replay_fr87jfzp/repository/tools/v2/fit_gp_validation_distributions.py:643: PerformanceWarning: DataFrame is highly fragmented.  This is usually the result of calling `frame.insert` many times, which has poor performance.  Consider joining all columns at once using pd.concat(axis=1) instead. To get a de-fragmented frame, use `newframe = frame.copy()`
  result[column] = (
/var/folders/ck/dm6nl73d3v92cz_5d_bhjx_00000gn/T/phase18_exact_replay_fr87jfzp/repository/tools/v2/fit_gp_validation_distributions.py:643: PerformanceWarning: DataFrame is highly fragmented.  This is usually the result of calling `frame.insert` many times, which has poor performance.  Consider joining all columns at once using pd.concat(axis=1) instead. To get a de-fragmented frame, use `newframe = frame.copy()`
  result[column] = (
/var/folders/ck/dm6nl73d3v92cz_5d_bhjx_00000gn/T/phase18_exact_replay_fr87jfzp/repository/tools/v2/fit_gp_validation_distributions.py:643: PerformanceWarning: DataFrame is highly fragmented.  This is usually the result of calling `frame.insert` many times, which has poor performance.  Consider joining all columns at once using pd.concat(axis=1) instead. To get a de-fragmented frame, use `newframe = frame.copy()`
  result[column] = (
/var/folders/ck/dm6nl73d3v92cz_5d_bhjx_00000gn/T/phase18_exact_replay_fr87jfzp/repository/tools/v2/fit_gp_validation_distributions.py:643: PerformanceWarning: DataFrame is highly fragmented.  This is usually the result of calling `frame.insert` many times, which has poor performance.  Consider joining all columns at once using pd.concat(axis=1) instead. To get a de-fragmented frame, use `newframe = frame.copy()`
  result[column] = (
/var/folders/ck/dm6nl73d3v92cz_5d_bhjx_00000gn/T/phase18_exact_replay_fr87jfzp/repository/tools/v2/fit_gp_validation_distributions.py:643: PerformanceWarning: DataFrame is highly fragmented.  This is usually the result of calling `frame.insert` many times, which has poor performance.  Consider joining all columns at once using pd.concat(axis=1) instead. To get a de-fragmented frame, use `newframe = frame.copy()`
  result[column] = (
/var/folders/ck/dm6nl73d3v92cz_5d_bhjx_00000gn/T/phase18_exact_replay_fr87jfzp/repository/tools/v2/fit_gp_validation_distributions.py:643: PerformanceWarning: DataFrame is highly fragmented.  This is usually the result of calling `frame.insert` many times, which has poor performance.  Consider joining all columns at once using pd.concat(axis=1) instead. To get a de-fragmented frame, use `newframe = frame.copy()`
  result[column] = (
/var/folders/ck/dm6nl73d3v92cz_5d_bhjx_00000gn/T/phase18_exact_replay_fr87jfzp/repository/tools/v2/fit_gp_validation_distributions.py:643: PerformanceWarning: DataFrame is highly fragmented.  This is usually the result of calling `frame.insert` many times, which has poor performance.  Consider joining all columns at once using pd.concat(axis=1) instead. To get a de-fragmented frame, use `newframe = frame.copy()`
  result[column] = (
/var/folders/ck/dm6nl73d3v92cz_5d_bhjx_00000gn/T/phase18_exact_replay_fr87jfzp/repository/tools/v2/fit_gp_validation_distributions.py:643: PerformanceWarning: DataFrame is highly fragmented.  This is usually the result of calling `frame.insert` many times, which has poor performance.  Consider joining all columns at once using pd.concat(axis=1) instead. To get a de-fragmented frame, use `newframe = frame.copy()`
  result[column] = (
/var/folders/ck/dm6nl73d3v92cz_5d_bhjx_00000gn/T/phase18_exact_replay_fr87jfzp/repository/tools/v2/fit_gp_validation_distributions.py:643: PerformanceWarning: DataFrame is highly fragmented.  This is usually the result of calling `frame.insert` many times, which has poor performance.  Consider joining all columns at once using pd.concat(axis=1) instead. To get a de-fragmented frame, use `newframe = frame.copy()`
  result[column] = (
/var/folders/ck/dm6nl73d3v92cz_5d_bhjx_00000gn/T/phase18_exact_replay_fr87jfzp/repository/tools/v2/fit_gp_validation_distributions.py:643: PerformanceWarning: DataFrame is highly fragmented.  This is usually the result of calling `frame.insert` many times, which has poor performance.  Consider joining all columns at once using pd.concat(axis=1) instead. To get a de-fragmented frame, use `newframe = frame.copy()`
  result[column] = (
/var/folders/ck/dm6nl73d3v92cz_5d_bhjx_00000gn/T/phase18_exact_replay_fr87jfzp/repository/tools/v2/fit_gp_validation_distributions.py:643: PerformanceWarning: DataFrame is highly fragmented.  This is usually the result of calling `frame.insert` many times, which has poor performance.  Consider joining all columns at once using pd.concat(axis=1) instead. To get a de-fragmented frame, use `newframe = frame.copy()`
  result[column] = (
/var/folders/ck/dm6nl73d3v92cz_5d_bhjx_00000gn/T/phase18_exact_replay_fr87jfzp/repository/tools/v2/fit_gp_validation_distributions.py:643: PerformanceWarning: DataFrame is highly fragmented.  This is usually the result of calling `frame.insert` many times, which has poor performance.  Consider joining all columns at once using pd.concat(axis=1) instead. To get a de-fragmented frame, use `newframe = frame.copy()`
  result[column] = (
/var/folders/ck/dm6nl73d3v92cz_5d_bhjx_00000gn/T/phase18_exact_replay_fr87jfzp/repository/tools/v2/fit_gp_validation_distributions.py:643: PerformanceWarning: DataFrame is highly fragmented.  This is usually the result of calling `frame.insert` many times, which has poor performance.  Consider joining all columns at once using pd.concat(axis=1) instead. To get a de-fragmented frame, use `newframe = frame.copy()`
  result[column] = (
/var/folders/ck/dm6nl73d3v92cz_5d_bhjx_00000gn/T/phase18_exact_replay_fr87jfzp/repository/tools/v2/fit_gp_validation_distributions.py:643: PerformanceWarning: DataFrame is highly fragmented.  This is usually the result of calling `frame.insert` many times, which has poor performance.  Consider joining all columns at once using pd.concat(axis=1) instead. To get a de-fragmented frame, use `newframe = frame.copy()`
  result[column] = (
/var/folders/ck/dm6nl73d3v92cz_5d_bhjx_00000gn/T/phase18_exact_replay_fr87jfzp/repository/tools/v2/fit_gp_validation_distributions.py:643: PerformanceWarning: DataFrame is highly fragmented.  This is usually the result of calling `frame.insert` many times, which has poor performance.  Consider joining all columns at once using pd.concat(axis=1) instead. To get a de-fragmented frame, use `newframe = frame.copy()`
  result[column] = (
/var/folders/ck/dm6nl73d3v92cz_5d_bhjx_00000gn/T/phase18_exact_replay_fr87jfzp/repository/tools/v2/fit_gp_validation_distributions.py:643: PerformanceWarning: DataFrame is highly fragmented.  This is usually the result of calling `frame.insert` many times, which has poor performance.  Consider joining all columns at once using pd.concat(axis=1) instead. To get a de-fragmented frame, use `newframe = frame.copy()`
  result[column] = (
/var/folders/ck/dm6nl73d3v92cz_5d_bhjx_00000gn/T/phase18_exact_replay_fr87jfzp/repository/tools/v2/fit_gp_validation_distributions.py:643: PerformanceWarning: DataFrame is highly fragmented.  This is usually the result of calling `frame.insert` many times, which has poor performance.  Consider joining all columns at once using pd.concat(axis=1) instead. To get a de-fragmented frame, use `newframe = frame.copy()`
  result[column] = (
/var/folders/ck/dm6nl73d3v92cz_5d_bhjx_00000gn/T/phase18_exact_replay_fr87jfzp/repository/tools/v2/fit_gp_validation_distributions.py:643: PerformanceWarning: DataFrame is highly fragmented.  This is usually the result of calling `frame.insert` many times, which has poor performance.  Consider joining all columns at once using pd.concat(axis=1) instead. To get a de-fragmented frame, use `newframe = frame.copy()`
  result[column] = (
/var/folders/ck/dm6nl73d3v92cz_5d_bhjx_00000gn/T/phase18_exact_replay_fr87jfzp/repository/tools/v2/fit_gp_validation_distributions.py:643: PerformanceWarning: DataFrame is highly fragmented.  This is usually the result of calling `frame.insert` many times, which has poor performance.  Consider joining all columns at once using pd.concat(axis=1) instead. To get a de-fragmented frame, use `newframe = frame.copy()`
  result[column] = (
/var/folders/ck/dm6nl73d3v92cz_5d_bhjx_00000gn/T/phase18_exact_replay_fr87jfzp/repository/tools/v2/fit_gp_validation_distributions.py:643: PerformanceWarning: DataFrame is highly fragmented.  This is usually the result of calling `frame.insert` many times, which has poor performance.  Consider joining all columns at once using pd.concat(axis=1) instead. To get a de-fragmented frame, use `newframe = frame.copy()`
  result[column] = (
/var/folders/ck/dm6nl73d3v92cz_5d_bhjx_00000gn/T/phase18_exact_replay_fr87jfzp/repository/tools/v2/fit_gp_validation_distributions.py:643: PerformanceWarning: DataFrame is highly fragmented.  This is usually the result of calling `frame.insert` many times, which has poor performance.  Consider joining all columns at once using pd.concat(axis=1) instead. To get a de-fragmented frame, use `newframe = frame.copy()`
  result[column] = (
/var/folders/ck/dm6nl73d3v92cz_5d_bhjx_00000gn/T/phase18_exact_replay_fr87jfzp/repository/tools/v2/fit_gp_validation_distributions.py:643: PerformanceWarning: DataFrame is highly fragmented.  This is usually the result of calling `frame.insert` many times, which has poor performance.  Consider joining all columns at once using pd.concat(axis=1) instead. To get a de-fragmented frame, use `newframe = frame.copy()`
  result[column] = (
/var/folders/ck/dm6nl73d3v92cz_5d_bhjx_00000gn/T/phase18_exact_replay_fr87jfzp/repository/tools/v2/fit_gp_validation_distributions.py:643: PerformanceWarning: DataFrame is highly fragmented.  This is usually the result of calling `frame.insert` many times, which has poor performance.  Consider joining all columns at once using pd.concat(axis=1) instead. To get a de-fragmented frame, use `newframe = frame.copy()`
  result[column] = (
/var/folders/ck/dm6nl73d3v92cz_5d_bhjx_00000gn/T/phase18_exact_replay_fr87jfzp/repository/tools/v2/fit_gp_validation_distributions.py:643: PerformanceWarning: DataFrame is highly fragmented.  This is usually the result of calling `frame.insert` many times, which has poor performance.  Consider joining all columns at once using pd.concat(axis=1) instead. To get a de-fragmented frame, use `newframe = frame.copy()`
  result[column] = (
/var/folders/ck/dm6nl73d3v92cz_5d_bhjx_00000gn/T/phase18_exact_replay_fr87jfzp/repository/tools/v2/fit_gp_validation_distributions.py:643: PerformanceWarning: DataFrame is highly fragmented.  This is usually the result of calling `frame.insert` many times, which has poor performance.  Consider joining all columns at once using pd.concat(axis=1) instead. To get a de-fragmented frame, use `newframe = frame.copy()`
  result[column] = (
/var/folders/ck/dm6nl73d3v92cz_5d_bhjx_00000gn/T/phase18_exact_replay_fr87jfzp/repository/tools/v2/fit_gp_validation_distributions.py:643: PerformanceWarning: DataFrame is highly fragmented.  This is usually the result of calling `frame.insert` many times, which has poor performance.  Consider joining all columns at once using pd.concat(axis=1) instead. To get a de-fragmented frame, use `newframe = frame.copy()`
  result[column] = (
/var/folders/ck/dm6nl73d3v92cz_5d_bhjx_00000gn/T/phase18_exact_replay_fr87jfzp/repository/tools/v2/fit_gp_validation_distributions.py:643: PerformanceWarning: DataFrame is highly fragmented.  This is usually the result of calling `frame.insert` many times, which has poor performance.  Consider joining all columns at once using pd.concat(axis=1) instead. To get a de-fragmented frame, use `newframe = frame.copy()`
  result[column] = (
/var/folders/ck/dm6nl73d3v92cz_5d_bhjx_00000gn/T/phase18_exact_replay_fr87jfzp/repository/tools/v2/fit_gp_validation_distributions.py:643: PerformanceWarning: DataFrame is highly fragmented.  This is usually the result of calling `frame.insert` many times, which has poor performance.  Consider joining all columns at once using pd.concat(axis=1) instead. To get a de-fragmented frame, use `newframe = frame.copy()`
  result[column] = (
/var/folders/ck/dm6nl73d3v92cz_5d_bhjx_00000gn/T/phase18_exact_replay_fr87jfzp/repository/tools/v2/fit_gp_validation_distributions.py:643: PerformanceWarning: DataFrame is highly fragmented.  This is usually the result of calling `frame.insert` many times, which has poor performance.  Consider joining all columns at once using pd.concat(axis=1) instead. To get a de-fragmented frame, use `newframe = frame.copy()`
  result[column] = (
/var/folders/ck/dm6nl73d3v92cz_5d_bhjx_00000gn/T/phase18_exact_replay_fr87jfzp/repository/tools/v2/fit_gp_validation_distributions.py:643: PerformanceWarning: DataFrame is highly fragmented.  This is usually the result of calling `frame.insert` many times, which has poor performance.  Consider joining all columns at once using pd.concat(axis=1) instead. To get a de-fragmented frame, use `newframe = frame.copy()`
  result[column] = (
/var/folders/ck/dm6nl73d3v92cz_5d_bhjx_00000gn/T/phase18_exact_replay_fr87jfzp/repository/tools/v2/fit_gp_validation_distributions.py:643: PerformanceWarning: DataFrame is highly fragmented.  This is usually the result of calling `frame.insert` many times, which has poor performance.  Consider joining all columns at once using pd.concat(axis=1) instead. To get a de-fragmented frame, use `newframe = frame.copy()`
  result[column] = (
/var/folders/ck/dm6nl73d3v92cz_5d_bhjx_00000gn/T/phase18_exact_replay_fr87jfzp/repository/tools/v2/fit_gp_validation_distributions.py:643: PerformanceWarning: DataFrame is highly fragmented.  This is usually the result of calling `frame.insert` many times, which has poor performance.  Consider joining all columns at once using pd.concat(axis=1) instead. To get a de-fragmented frame, use `newframe = frame.copy()`
  result[column] = (
/var/folders/ck/dm6nl73d3v92cz_5d_bhjx_00000gn/T/phase18_exact_replay_fr87jfzp/repository/tools/v2/fit_gp_validation_distributions.py:643: PerformanceWarning: DataFrame is highly fragmented.  This is usually the result of calling `frame.insert` many times, which has poor performance.  Consider joining all columns at once using pd.concat(axis=1) instead. To get a de-fragmented frame, use `newframe = frame.copy()`
  result[column] = (
/var/folders/ck/dm6nl73d3v92cz_5d_bhjx_00000gn/T/phase18_exact_replay_fr87jfzp/repository/tools/v2/fit_gp_validation_distributions.py:643: PerformanceWarning: DataFrame is highly fragmented.  This is usually the result of calling `frame.insert` many times, which has poor performance.  Consider joining all columns at once using pd.concat(axis=1) instead. To get a de-fragmented frame, use `newframe = frame.copy()`
  result[column] = (
/var/folders/ck/dm6nl73d3v92cz_5d_bhjx_00000gn/T/phase18_exact_replay_fr87jfzp/repository/tools/v2/fit_gp_validation_distributions.py:643: PerformanceWarning: DataFrame is highly fragmented.  This is usually the result of calling `frame.insert` many times, which has poor performance.  Consider joining all columns at once using pd.concat(axis=1) instead. To get a de-fragmented frame, use `newframe = frame.copy()`
  result[column] = (
/var/folders/ck/dm6nl73d3v92cz_5d_bhjx_00000gn/T/phase18_exact_replay_fr87jfzp/repository/tools/v2/fit_gp_validation_distributions.py:643: PerformanceWarning: DataFrame is highly fragmented.  This is usually the result of calling `frame.insert` many times, which has poor performance.  Consider joining all columns at once using pd.concat(axis=1) instead. To get a de-fragmented frame, use `newframe = frame.copy()`
  result[column] = (
/var/folders/ck/dm6nl73d3v92cz_5d_bhjx_00000gn/T/phase18_exact_replay_fr87jfzp/repository/tools/v2/fit_gp_validation_distributions.py:643: PerformanceWarning: DataFrame is highly fragmented.  This is usually the result of calling `frame.insert` many times, which has poor performance.  Consider joining all columns at once using pd.concat(axis=1) instead. To get a de-fragmented frame, use `newframe = frame.copy()`
  result[column] = (
/var/folders/ck/dm6nl73d3v92cz_5d_bhjx_00000gn/T/phase18_exact_replay_fr87jfzp/repository/tools/v2/fit_gp_validation_distributions.py:643: PerformanceWarning: DataFrame is highly fragmented.  This is usually the result of calling `frame.insert` many times, which has poor performance.  Consider joining all columns at once using pd.concat(axis=1) instead. To get a de-fragmented frame, use `newframe = frame.copy()`
  result[column] = (
/var/folders/ck/dm6nl73d3v92cz_5d_bhjx_00000gn/T/phase18_exact_replay_fr87jfzp/repository/tools/v2/fit_gp_validation_distributions.py:643: PerformanceWarning: DataFrame is highly fragmented.  This is usually the result of calling `frame.insert` many times, which has poor performance.  Consider joining all columns at once using pd.concat(axis=1) instead. To get a de-fragmented frame, use `newframe = frame.copy()`
  result[column] = (
/var/folders/ck/dm6nl73d3v92cz_5d_bhjx_00000gn/T/phase18_exact_replay_fr87jfzp/repository/tools/v2/fit_gp_validation_distributions.py:643: PerformanceWarning: DataFrame is highly fragmented.  This is usually the result of calling `frame.insert` many times, which has poor performance.  Consider joining all columns at once using pd.concat(axis=1) instead. To get a de-fragmented frame, use `newframe = frame.copy()`
  result[column] = (
/var/folders/ck/dm6nl73d3v92cz_5d_bhjx_00000gn/T/phase18_exact_replay_fr87jfzp/repository/tools/v2/fit_gp_validation_distributions.py:643: PerformanceWarning: DataFrame is highly fragmented.  This is usually the result of calling `frame.insert` many times, which has poor performance.  Consider joining all columns at once using pd.concat(axis=1) instead. To get a de-fragmented frame, use `newframe = frame.copy()`
  result[column] = (
/var/folders/ck/dm6nl73d3v92cz_5d_bhjx_00000gn/T/phase18_exact_replay_fr87jfzp/repository/tools/v2/fit_gp_validation_distributions.py:643: PerformanceWarning: DataFrame is highly fragmented.  This is usually the result of calling `frame.insert` many times, which has poor performance.  Consider joining all columns at once using pd.concat(axis=1) instead. To get a de-fragmented frame, use `newframe = frame.copy()`
  result[column] = (
/var/folders/ck/dm6nl73d3v92cz_5d_bhjx_00000gn/T/phase18_exact_replay_fr87jfzp/repository/tools/v2/fit_gp_validation_distributions.py:643: PerformanceWarning: DataFrame is highly fragmented.  This is usually the result of calling `frame.insert` many times, which has poor performance.  Consider joining all columns at once using pd.concat(axis=1) instead. To get a de-fragmented frame, use `newframe = frame.copy()`
  result[column] = (
/var/folders/ck/dm6nl73d3v92cz_5d_bhjx_00000gn/T/phase18_exact_replay_fr87jfzp/repository/tools/v2/fit_gp_validation_distributions.py:643: PerformanceWarning: DataFrame is highly fragmented.  This is usually the result of calling `frame.insert` many times, which has poor performance.  Consider joining all columns at once using pd.concat(axis=1) instead. To get a de-fragmented frame, use `newframe = frame.copy()`
  result[column] = (
/var/folders/ck/dm6nl73d3v92cz_5d_bhjx_00000gn/T/phase18_exact_replay_fr87jfzp/repository/tools/v2/fit_gp_validation_distributions.py:643: PerformanceWarning: DataFrame is highly fragmented.  This is usually the result of calling `frame.insert` many times, which has poor performance.  Consider joining all columns at once using pd.concat(axis=1) instead. To get a de-fragmented frame, use `newframe = frame.copy()`
  result[column] = (
/var/folders/ck/dm6nl73d3v92cz_5d_bhjx_00000gn/T/phase18_exact_replay_fr87jfzp/repository/tools/v2/fit_gp_validation_distributions.py:643: PerformanceWarning: DataFrame is highly fragmented.  This is usually the result of calling `frame.insert` many times, which has poor performance.  Consider joining all columns at once using pd.concat(axis=1) instead. To get a de-fragmented frame, use `newframe = frame.copy()`
  result[column] = (
/var/folders/ck/dm6nl73d3v92cz_5d_bhjx_00000gn/T/phase18_exact_replay_fr87jfzp/repository/tools/v2/fit_gp_validation_distributions.py:643: PerformanceWarning: DataFrame is highly fragmented.  This is usually the result of calling `frame.insert` many times, which has poor performance.  Consider joining all columns at once using pd.concat(axis=1) instead. To get a de-fragmented frame, use `newframe = frame.copy()`
  result[column] = (
/var/folders/ck/dm6nl73d3v92cz_5d_bhjx_00000gn/T/phase18_exact_replay_fr87jfzp/repository/tools/v2/fit_gp_validation_distributions.py:643: PerformanceWarning: DataFrame is highly fragmented.  This is usually the result of calling `frame.insert` many times, which has poor performance.  Consider joining all columns at once using pd.concat(axis=1) instead. To get a de-fragmented frame, use `newframe = frame.copy()`
  result[column] = (
/var/folders/ck/dm6nl73d3v92cz_5d_bhjx_00000gn/T/phase18_exact_replay_fr87jfzp/repository/tools/v2/fit_gp_validation_distributions.py:643: PerformanceWarning: DataFrame is highly fragmented.  This is usually the result of calling `frame.insert` many times, which has poor performance.  Consider joining all columns at once using pd.concat(axis=1) instead. To get a de-fragmented frame, use `newframe = frame.copy()`
  result[column] = (
/var/folders/ck/dm6nl73d3v92cz_5d_bhjx_00000gn/T/phase18_exact_replay_fr87jfzp/repository/tools/v2/fit_gp_validation_distributions.py:643: PerformanceWarning: DataFrame is highly fragmented.  This is usually the result of calling `frame.insert` many times, which has poor performance.  Consider joining all columns at once using pd.concat(axis=1) instead. To get a de-fragmented frame, use `newframe = frame.copy()`
  result[column] = (
/var/folders/ck/dm6nl73d3v92cz_5d_bhjx_00000gn/T/phase18_exact_replay_fr87jfzp/repository/tools/v2/fit_gp_validation_distributions.py:643: PerformanceWarning: DataFrame is highly fragmented.  This is usually the result of calling `frame.insert` many times, which has poor performance.  Consider joining all columns at once using pd.concat(axis=1) instead. To get a de-fragmented frame, use `newframe = frame.copy()`
  result[column] = (
/var/folders/ck/dm6nl73d3v92cz_5d_bhjx_00000gn/T/phase18_exact_replay_fr87jfzp/repository/tools/v2/fit_gp_validation_distributions.py:643: PerformanceWarning: DataFrame is highly fragmented.  This is usually the result of calling `frame.insert` many times, which has poor performance.  Consider joining all columns at once using pd.concat(axis=1) instead. To get a de-fragmented frame, use `newframe = frame.copy()`
  result[column] = (
/var/folders/ck/dm6nl73d3v92cz_5d_bhjx_00000gn/T/phase18_exact_replay_fr87jfzp/repository/tools/v2/fit_gp_validation_distributions.py:643: PerformanceWarning: DataFrame is highly fragmented.  This is usually the result of calling `frame.insert` many times, which has poor performance.  Consider joining all columns at once using pd.concat(axis=1) instead. To get a de-fragmented frame, use `newframe = frame.copy()`
  result[column] = (
/var/folders/ck/dm6nl73d3v92cz_5d_bhjx_00000gn/T/phase18_exact_replay_fr87jfzp/repository/tools/v2/fit_gp_validation_distributions.py:643: PerformanceWarning: DataFrame is highly fragmented.  This is usually the result of calling `frame.insert` many times, which has poor performance.  Consider joining all columns at once using pd.concat(axis=1) instead. To get a de-fragmented frame, use `newframe = frame.copy()`
  result[column] = (
/var/folders/ck/dm6nl73d3v92cz_5d_bhjx_00000gn/T/phase18_exact_replay_fr87jfzp/repository/tools/v2/fit_gp_validation_distributions.py:643: PerformanceWarning: DataFrame is highly fragmented.  This is usually the result of calling `frame.insert` many times, which has poor performance.  Consider joining all columns at once using pd.concat(axis=1) instead. To get a de-fragmented frame, use `newframe = frame.copy()`
  result[column] = (
/var/folders/ck/dm6nl73d3v92cz_5d_bhjx_00000gn/T/phase18_exact_replay_fr87jfzp/repository/tools/v2/fit_gp_validation_distributions.py:643: PerformanceWarning: DataFrame is highly fragmented.  This is usually the result of calling `frame.insert` many times, which has poor performance.  Consider joining all columns at once using pd.concat(axis=1) instead. To get a de-fragmented frame, use `newframe = frame.copy()`
  result[column] = (
/var/folders/ck/dm6nl73d3v92cz_5d_bhjx_00000gn/T/phase18_exact_replay_fr87jfzp/repository/tools/v2/fit_gp_validation_distributions.py:643: PerformanceWarning: DataFrame is highly fragmented.  This is usually the result of calling `frame.insert` many times, which has poor performance.  Consider joining all columns at once using pd.concat(axis=1) instead. To get a de-fragmented frame, use `newframe = frame.copy()`
  result[column] = (
/var/folders/ck/dm6nl73d3v92cz_5d_bhjx_00000gn/T/phase18_exact_replay_fr87jfzp/repository/tools/v2/fit_gp_validation_distributions.py:643: PerformanceWarning: DataFrame is highly fragmented.  This is usually the result of calling `frame.insert` many times, which has poor performance.  Consider joining all columns at once using pd.concat(axis=1) instead. To get a de-fragmented frame, use `newframe = frame.copy()`
  result[column] = (
/var/folders/ck/dm6nl73d3v92cz_5d_bhjx_00000gn/T/phase18_exact_replay_fr87jfzp/repository/tools/v2/fit_gp_validation_distributions.py:643: PerformanceWarning: DataFrame is highly fragmented.  This is usually the result of calling `frame.insert` many times, which has poor performance.  Consider joining all columns at once using pd.concat(axis=1) instead. To get a de-fragmented frame, use `newframe = frame.copy()`
  result[column] = (
/var/folders/ck/dm6nl73d3v92cz_5d_bhjx_00000gn/T/phase18_exact_replay_fr87jfzp/repository/tools/v2/fit_gp_validation_distributions.py:643: PerformanceWarning: DataFrame is highly fragmented.  This is usually the result of calling `frame.insert` many times, which has poor performance.  Consider joining all columns at once using pd.concat(axis=1) instead. To get a de-fragmented frame, use `newframe = frame.copy()`
  result[column] = (
/var/folders/ck/dm6nl73d3v92cz_5d_bhjx_00000gn/T/phase18_exact_replay_fr87jfzp/repository/tools/v2/fit_gp_validation_distributions.py:643: PerformanceWarning: DataFrame is highly fragmented.  This is usually the result of calling `frame.insert` many times, which has poor performance.  Consider joining all columns at once using pd.concat(axis=1) instead. To get a de-fragmented frame, use `newframe = frame.copy()`
  result[column] = (
/var/folders/ck/dm6nl73d3v92cz_5d_bhjx_00000gn/T/phase18_exact_replay_fr87jfzp/repository/tools/v2/fit_gp_validation_distributions.py:643: PerformanceWarning: DataFrame is highly fragmented.  This is usually the result of calling `frame.insert` many times, which has poor performance.  Consider joining all columns at once using pd.concat(axis=1) instead. To get a de-fragmented frame, use `newframe = frame.copy()`
  result[column] = (
/var/folders/ck/dm6nl73d3v92cz_5d_bhjx_00000gn/T/phase18_exact_replay_fr87jfzp/repository/tools/v2/fit_gp_validation_distributions.py:643: PerformanceWarning: DataFrame is highly fragmented.  This is usually the result of calling `frame.insert` many times, which has poor performance.  Consider joining all columns at once using pd.concat(axis=1) instead. To get a de-fragmented frame, use `newframe = frame.copy()`
  result[column] = (
/var/folders/ck/dm6nl73d3v92cz_5d_bhjx_00000gn/T/phase18_exact_replay_fr87jfzp/repository/tools/v2/fit_gp_validation_distributions.py:643: PerformanceWarning: DataFrame is highly fragmented.  This is usually the result of calling `frame.insert` many times, which has poor performance.  Consider joining all columns at once using pd.concat(axis=1) instead. To get a de-fragmented frame, use `newframe = frame.copy()`
  result[column] = (
/var/folders/ck/dm6nl73d3v92cz_5d_bhjx_00000gn/T/phase18_exact_replay_fr87jfzp/repository/tools/v2/fit_gp_validation_distributions.py:643: PerformanceWarning: DataFrame is highly fragmented.  This is usually the result of calling `frame.insert` many times, which has poor performance.  Consider joining all columns at once using pd.concat(axis=1) instead. To get a de-fragmented frame, use `newframe = frame.copy()`
  result[column] = (
/var/folders/ck/dm6nl73d3v92cz_5d_bhjx_00000gn/T/phase18_exact_replay_fr87jfzp/repository/tools/v2/fit_gp_validation_distributions.py:643: PerformanceWarning: DataFrame is highly fragmented.  This is usually the result of calling `frame.insert` many times, which has poor performance.  Consider joining all columns at once using pd.concat(axis=1) instead. To get a de-fragmented frame, use `newframe = frame.copy()`
  result[column] = (
/var/folders/ck/dm6nl73d3v92cz_5d_bhjx_00000gn/T/phase18_exact_replay_fr87jfzp/repository/tools/v2/fit_gp_validation_distributions.py:643: PerformanceWarning: DataFrame is highly fragmented.  This is usually the result of calling `frame.insert` many times, which has poor performance.  Consider joining all columns at once using pd.concat(axis=1) instead. To get a de-fragmented frame, use `newframe = frame.copy()`
  result[column] = (
/var/folders/ck/dm6nl73d3v92cz_5d_bhjx_00000gn/T/phase18_exact_replay_fr87jfzp/repository/tools/v2/fit_gp_validation_distributions.py:643: PerformanceWarning: DataFrame is highly fragmented.  This is usually the result of calling `frame.insert` many times, which has poor performance.  Consider joining all columns at once using pd.concat(axis=1) instead. To get a de-fragmented frame, use `newframe = frame.copy()`
  result[column] = (
/var/folders/ck/dm6nl73d3v92cz_5d_bhjx_00000gn/T/phase18_exact_replay_fr87jfzp/repository/tools/v2/fit_gp_validation_distributions.py:643: PerformanceWarning: DataFrame is highly fragmented.  This is usually the result of calling `frame.insert` many times, which has poor performance.  Consider joining all columns at once using pd.concat(axis=1) instead. To get a de-fragmented frame, use `newframe = frame.copy()`
  result[column] = (
/var/folders/ck/dm6nl73d3v92cz_5d_bhjx_00000gn/T/phase18_exact_replay_fr87jfzp/repository/tools/v2/fit_gp_validation_distributions.py:643: PerformanceWarning: DataFrame is highly fragmented.  This is usually the result of calling `frame.insert` many times, which has poor performance.  Consider joining all columns at once using pd.concat(axis=1) instead. To get a de-fragmented frame, use `newframe = frame.copy()`
  result[column] = (
/var/folders/ck/dm6nl73d3v92cz_5d_bhjx_00000gn/T/phase18_exact_replay_fr87jfzp/repository/tools/v2/fit_gp_validation_distributions.py:643: PerformanceWarning: DataFrame is highly fragmented.  This is usually the result of calling `frame.insert` many times, which has poor performance.  Consider joining all columns at once using pd.concat(axis=1) instead. To get a de-fragmented frame, use `newframe = frame.copy()`
  result[column] = (
/var/folders/ck/dm6nl73d3v92cz_5d_bhjx_00000gn/T/phase18_exact_replay_fr87jfzp/repository/tools/v2/fit_gp_validation_distributions.py:643: PerformanceWarning: DataFrame is highly fragmented.  This is usually the result of calling `frame.insert` many times, which has poor performance.  Consider joining all columns at once using pd.concat(axis=1) instead. To get a de-fragmented frame, use `newframe = frame.copy()`
  result[column] = (
/var/folders/ck/dm6nl73d3v92cz_5d_bhjx_00000gn/T/phase18_exact_replay_fr87jfzp/repository/tools/v2/fit_gp_validation_distributions.py:643: PerformanceWarning: DataFrame is highly fragmented.  This is usually the result of calling `frame.insert` many times, which has poor performance.  Consider joining all columns at once using pd.concat(axis=1) instead. To get a de-fragmented frame, use `newframe = frame.copy()`
  result[column] = (
/var/folders/ck/dm6nl73d3v92cz_5d_bhjx_00000gn/T/phase18_exact_replay_fr87jfzp/repository/tools/v2/fit_gp_validation_distributions.py:643: PerformanceWarning: DataFrame is highly fragmented.  This is usually the result of calling `frame.insert` many times, which has poor performance.  Consider joining all columns at once using pd.concat(axis=1) instead. To get a de-fragmented frame, use `newframe = frame.copy()`
  result[column] = (
/var/folders/ck/dm6nl73d3v92cz_5d_bhjx_00000gn/T/phase18_exact_replay_fr87jfzp/repository/tools/v2/fit_gp_validation_distributions.py:643: PerformanceWarning: DataFrame is highly fragmented.  This is usually the result of calling `frame.insert` many times, which has poor performance.  Consider joining all columns at once using pd.concat(axis=1) instead. To get a de-fragmented frame, use `newframe = frame.copy()`
  result[column] = (
/var/folders/ck/dm6nl73d3v92cz_5d_bhjx_00000gn/T/phase18_exact_replay_fr87jfzp/repository/tools/v2/fit_gp_validation_distributions.py:643: PerformanceWarning: DataFrame is highly fragmented.  This is usually the result of calling `frame.insert` many times, which has poor performance.  Consider joining all columns at once using pd.concat(axis=1) instead. To get a de-fragmented frame, use `newframe = frame.copy()`
  result[column] = (
/var/folders/ck/dm6nl73d3v92cz_5d_bhjx_00000gn/T/phase18_exact_replay_fr87jfzp/repository/tools/v2/fit_gp_validation_distributions.py:643: PerformanceWarning: DataFrame is highly fragmented.  This is usually the result of calling `frame.insert` many times, which has poor performance.  Consider joining all columns at once using pd.concat(axis=1) instead. To get a de-fragmented frame, use `newframe = frame.copy()`
  result[column] = (
/var/folders/ck/dm6nl73d3v92cz_5d_bhjx_00000gn/T/phase18_exact_replay_fr87jfzp/repository/tools/v2/fit_gp_validation_distributions.py:643: PerformanceWarning: DataFrame is highly fragmented.  This is usually the result of calling `frame.insert` many times, which has poor performance.  Consider joining all columns at once using pd.concat(axis=1) instead. To get a de-fragmented frame, use `newframe = frame.copy()`
  result[column] = (
/var/folders/ck/dm6nl73d3v92cz_5d_bhjx_00000gn/T/phase18_exact_replay_fr87jfzp/repository/tools/v2/fit_gp_validation_distributions.py:643: PerformanceWarning: DataFrame is highly fragmented.  This is usually the result of calling `frame.insert` many times, which has poor performance.  Consider joining all columns at once using pd.concat(axis=1) instead. To get a de-fragmented frame, use `newframe = frame.copy()`
  result[column] = (
/var/folders/ck/dm6nl73d3v92cz_5d_bhjx_00000gn/T/phase18_exact_replay_fr87jfzp/repository/tools/v2/fit_gp_validation_distributions.py:643: PerformanceWarning: DataFrame is highly fragmented.  This is usually the result of calling `frame.insert` many times, which has poor performance.  Consider joining all columns at once using pd.concat(axis=1) instead. To get a de-fragmented frame, use `newframe = frame.copy()`
  result[column] = (
/var/folders/ck/dm6nl73d3v92cz_5d_bhjx_00000gn/T/phase18_exact_replay_fr87jfzp/repository/tools/v2/fit_gp_validation_distributions.py:643: PerformanceWarning: DataFrame is highly fragmented.  This is usually the result of calling `frame.insert` many times, which has poor performance.  Consider joining all columns at once using pd.concat(axis=1) instead. To get a de-fragmented frame, use `newframe = frame.copy()`
  result[column] = (
/var/folders/ck/dm6nl73d3v92cz_5d_bhjx_00000gn/T/phase18_exact_replay_fr87jfzp/repository/tools/v2/fit_gp_validation_distributions.py:643: PerformanceWarning: DataFrame is highly fragmented.  This is usually the result of calling `frame.insert` many times, which has poor performance.  Consider joining all columns at once using pd.concat(axis=1) instead. To get a de-fragmented frame, use `newframe = frame.copy()`
  result[column] = (
/var/folders/ck/dm6nl73d3v92cz_5d_bhjx_00000gn/T/phase18_exact_replay_fr87jfzp/repository/tools/v2/fit_gp_validation_distributions.py:643: PerformanceWarning: DataFrame is highly fragmented.  This is usually the result of calling `frame.insert` many times, which has poor performance.  Consider joining all columns at once using pd.concat(axis=1) instead. To get a de-fragmented frame, use `newframe = frame.copy()`
  result[column] = (
/var/folders/ck/dm6nl73d3v92cz_5d_bhjx_00000gn/T/phase18_exact_replay_fr87jfzp/repository/tools/v2/fit_gp_validation_distributions.py:643: PerformanceWarning: DataFrame is highly fragmented.  This is usually the result of calling `frame.insert` many times, which has poor performance.  Consider joining all columns at once using pd.concat(axis=1) instead. To get a de-fragmented frame, use `newframe = frame.copy()`
  result[column] = (
/var/folders/ck/dm6nl73d3v92cz_5d_bhjx_00000gn/T/phase18_exact_replay_fr87jfzp/repository/tools/v2/fit_gp_validation_distributions.py:643: PerformanceWarning: DataFrame is highly fragmented.  This is usually the result of calling `frame.insert` many times, which has poor performance.  Consider joining all columns at once using pd.concat(axis=1) instead. To get a de-fragmented frame, use `newframe = frame.copy()`
  result[column] = (
/var/folders/ck/dm6nl73d3v92cz_5d_bhjx_00000gn/T/phase18_exact_replay_fr87jfzp/repository/tools/v2/fit_gp_validation_distributions.py:643: PerformanceWarning: DataFrame is highly fragmented.  This is usually the result of calling `frame.insert` many times, which has poor performance.  Consider joining all columns at once using pd.concat(axis=1) instead. To get a de-fragmented frame, use `newframe = frame.copy()`
  result[column] = (
/var/folders/ck/dm6nl73d3v92cz_5d_bhjx_00000gn/T/phase18_exact_replay_fr87jfzp/repository/tools/v2/fit_gp_validation_distributions.py:643: PerformanceWarning: DataFrame is highly fragmented.  This is usually the result of calling `frame.insert` many times, which has poor performance.  Consider joining all columns at once using pd.concat(axis=1) instead. To get a de-fragmented frame, use `newframe = frame.copy()`
  result[column] = (
/var/folders/ck/dm6nl73d3v92cz_5d_bhjx_00000gn/T/phase18_exact_replay_fr87jfzp/repository/tools/v2/fit_gp_validation_distributions.py:643: PerformanceWarning: DataFrame is highly fragmented.  This is usually the result of calling `frame.insert` many times, which has poor performance.  Consider joining all columns at once using pd.concat(axis=1) instead. To get a de-fragmented frame, use `newframe = frame.copy()`
  result[column] = (
/var/folders/ck/dm6nl73d3v92cz_5d_bhjx_00000gn/T/phase18_exact_replay_fr87jfzp/repository/tools/v2/fit_gp_validation_distributions.py:643: PerformanceWarning: DataFrame is highly fragmented.  This is usually the result of calling `frame.insert` many times, which has poor performance.  Consider joining all columns at once using pd.concat(axis=1) instead. To get a de-fragmented frame, use `newframe = frame.copy()`
  result[column] = (
/var/folders/ck/dm6nl73d3v92cz_5d_bhjx_00000gn/T/phase18_exact_replay_fr87jfzp/repository/tools/v2/fit_gp_validation_distributions.py:643: PerformanceWarning: DataFrame is highly fragmented.  This is usually the result of calling `frame.insert` many times, which has poor performance.  Consider joining all columns at once using pd.concat(axis=1) instead. To get a de-fragmented frame, use `newframe = frame.copy()`
  result[column] = (
/var/folders/ck/dm6nl73d3v92cz_5d_bhjx_00000gn/T/phase18_exact_replay_fr87jfzp/repository/tools/v2/fit_gp_validation_distributions.py:643: PerformanceWarning: DataFrame is highly fragmented.  This is usually the result of calling `frame.insert` many times, which has poor performance.  Consider joining all columns at once using pd.concat(axis=1) instead. To get a de-fragmented frame, use `newframe = frame.copy()`
  result[column] = (
/var/folders/ck/dm6nl73d3v92cz_5d_bhjx_00000gn/T/phase18_exact_replay_fr87jfzp/repository/tools/v2/fit_gp_validation_distributions.py:643: PerformanceWarning: DataFrame is highly fragmented.  This is usually the result of calling `frame.insert` many times, which has poor performance.  Consider joining all columns at once using pd.concat(axis=1) instead. To get a de-fragmented frame, use `newframe = frame.copy()`
  result[column] = (
/var/folders/ck/dm6nl73d3v92cz_5d_bhjx_00000gn/T/phase18_exact_replay_fr87jfzp/repository/tools/v2/fit_gp_validation_distributions.py:643: PerformanceWarning: DataFrame is highly fragmented.  This is usually the result of calling `frame.insert` many times, which has poor performance.  Consider joining all columns at once using pd.concat(axis=1) instead. To get a de-fragmented frame, use `newframe = frame.copy()`
  result[column] = (
/var/folders/ck/dm6nl73d3v92cz_5d_bhjx_00000gn/T/phase18_exact_replay_fr87jfzp/repository/tools/v2/fit_gp_validation_distributions.py:643: PerformanceWarning: DataFrame is highly fragmented.  This is usually the result of calling `frame.insert` many times, which has poor performance.  Consider joining all columns at once using pd.concat(axis=1) instead. To get a de-fragmented frame, use `newframe = frame.copy()`
  result[column] = (
/var/folders/ck/dm6nl73d3v92cz_5d_bhjx_00000gn/T/phase18_exact_replay_fr87jfzp/repository/tools/v2/fit_gp_validation_distributions.py:643: PerformanceWarning: DataFrame is highly fragmented.  This is usually the result of calling `frame.insert` many times, which has poor performance.  Consider joining all columns at once using pd.concat(axis=1) instead. To get a de-fragmented frame, use `newframe = frame.copy()`
  result[column] = (
/var/folders/ck/dm6nl73d3v92cz_5d_bhjx_00000gn/T/phase18_exact_replay_fr87jfzp/repository/tools/v2/fit_gp_validation_distributions.py:643: PerformanceWarning: DataFrame is highly fragmented.  This is usually the result of calling `frame.insert` many times, which has poor performance.  Consider joining all columns at once using pd.concat(axis=1) instead. To get a de-fragmented frame, use `newframe = frame.copy()`
  result[column] = (
/var/folders/ck/dm6nl73d3v92cz_5d_bhjx_00000gn/T/phase18_exact_replay_fr87jfzp/repository/tools/v2/fit_gp_validation_distributions.py:643: PerformanceWarning: DataFrame is highly fragmented.  This is usually the result of calling `frame.insert` many times, which has poor performance.  Consider joining all columns at once using pd.concat(axis=1) instead. To get a de-fragmented frame, use `newframe = frame.copy()`
  result[column] = (
/var/folders/ck/dm6nl73d3v92cz_5d_bhjx_00000gn/T/phase18_exact_replay_fr87jfzp/repository/tools/v2/fit_gp_validation_distributions.py:643: PerformanceWarning: DataFrame is highly fragmented.  This is usually the result of calling `frame.insert` many times, which has poor performance.  Consider joining all columns at once using pd.concat(axis=1) instead. To get a de-fragmented frame, use `newframe = frame.copy()`
  result[column] = (
/var/folders/ck/dm6nl73d3v92cz_5d_bhjx_00000gn/T/phase18_exact_replay_fr87jfzp/repository/tools/v2/fit_gp_validation_distributions.py:643: PerformanceWarning: DataFrame is highly fragmented.  This is usually the result of calling `frame.insert` many times, which has poor performance.  Consider joining all columns at once using pd.concat(axis=1) instead. To get a de-fragmented frame, use `newframe = frame.copy()`
  result[column] = (
/var/folders/ck/dm6nl73d3v92cz_5d_bhjx_00000gn/T/phase18_exact_replay_fr87jfzp/repository/tools/v2/fit_gp_validation_distributions.py:643: PerformanceWarning: DataFrame is highly fragmented.  This is usually the result of calling `frame.insert` many times, which has poor performance.  Consider joining all columns at once using pd.concat(axis=1) instead. To get a de-fragmented frame, use `newframe = frame.copy()`
  result[column] = (
/var/folders/ck/dm6nl73d3v92cz_5d_bhjx_00000gn/T/phase18_exact_replay_fr87jfzp/repository/tools/v2/fit_gp_validation_distributions.py:643: PerformanceWarning: DataFrame is highly fragmented.  This is usually the result of calling `frame.insert` many times, which has poor performance.  Consider joining all columns at once using pd.concat(axis=1) instead. To get a de-fragmented frame, use `newframe = frame.copy()`
  result[column] = (
/var/folders/ck/dm6nl73d3v92cz_5d_bhjx_00000gn/T/phase18_exact_replay_fr87jfzp/repository/tools/v2/fit_gp_validation_distributions.py:643: PerformanceWarning: DataFrame is highly fragmented.  This is usually the result of calling `frame.insert` many times, which has poor performance.  Consider joining all columns at once using pd.concat(axis=1) instead. To get a de-fragmented frame, use `newframe = frame.copy()`
  result[column] = (
/var/folders/ck/dm6nl73d3v92cz_5d_bhjx_00000gn/T/phase18_exact_replay_fr87jfzp/repository/tools/v2/fit_gp_validation_distributions.py:643: PerformanceWarning: DataFrame is highly fragmented.  This is usually the result of calling `frame.insert` many times, which has poor performance.  Consider joining all columns at once using pd.concat(axis=1) instead. To get a de-fragmented frame, use `newframe = frame.copy()`
  result[column] = (
/var/folders/ck/dm6nl73d3v92cz_5d_bhjx_00000gn/T/phase18_exact_replay_fr87jfzp/repository/tools/v2/fit_gp_validation_distributions.py:643: PerformanceWarning: DataFrame is highly fragmented.  This is usually the result of calling `frame.insert` many times, which has poor performance.  Consider joining all columns at once using pd.concat(axis=1) instead. To get a de-fragmented frame, use `newframe = frame.copy()`
  result[column] = (
/var/folders/ck/dm6nl73d3v92cz_5d_bhjx_00000gn/T/phase18_exact_replay_fr87jfzp/repository/tools/v2/fit_gp_validation_distributions.py:643: PerformanceWarning: DataFrame is highly fragmented.  This is usually the result of calling `frame.insert` many times, which has poor performance.  Consider joining all columns at once using pd.concat(axis=1) instead. To get a de-fragmented frame, use `newframe = frame.copy()`
  result[column] = (
/var/folders/ck/dm6nl73d3v92cz_5d_bhjx_00000gn/T/phase18_exact_replay_fr87jfzp/repository/tools/v2/fit_gp_validation_distributions.py:643: PerformanceWarning: DataFrame is highly fragmented.  This is usually the result of calling `frame.insert` many times, which has poor performance.  Consider joining all columns at once using pd.concat(axis=1) instead. To get a de-fragmented frame, use `newframe = frame.copy()`
  result[column] = (
/var/folders/ck/dm6nl73d3v92cz_5d_bhjx_00000gn/T/phase18_exact_replay_fr87jfzp/repository/tools/v2/fit_gp_validation_distributions.py:643: PerformanceWarning: DataFrame is highly fragmented.  This is usually the result of calling `frame.insert` many times, which has poor performance.  Consider joining all columns at once using pd.concat(axis=1) instead. To get a de-fragmented frame, use `newframe = frame.copy()`
  result[column] = (
/var/folders/ck/dm6nl73d3v92cz_5d_bhjx_00000gn/T/phase18_exact_replay_fr87jfzp/repository/tools/v2/fit_gp_validation_distributions.py:643: PerformanceWarning: DataFrame is highly fragmented.  This is usually the result of calling `frame.insert` many times, which has poor performance.  Consider joining all columns at once using pd.concat(axis=1) instead. To get a de-fragmented frame, use `newframe = frame.copy()`
  result[column] = (
/var/folders/ck/dm6nl73d3v92cz_5d_bhjx_00000gn/T/phase18_exact_replay_fr87jfzp/repository/tools/v2/fit_gp_validation_distributions.py:643: PerformanceWarning: DataFrame is highly fragmented.  This is usually the result of calling `frame.insert` many times, which has poor performance.  Consider joining all columns at once using pd.concat(axis=1) instead. To get a de-fragmented frame, use `newframe = frame.copy()`
  result[column] = (
/var/folders/ck/dm6nl73d3v92cz_5d_bhjx_00000gn/T/phase18_exact_replay_fr87jfzp/repository/tools/v2/fit_gp_validation_distributions.py:643: PerformanceWarning: DataFrame is highly fragmented.  This is usually the result of calling `frame.insert` many times, which has poor performance.  Consider joining all columns at once using pd.concat(axis=1) instead. To get a de-fragmented frame, use `newframe = frame.copy()`
  result[column] = (
/var/folders/ck/dm6nl73d3v92cz_5d_bhjx_00000gn/T/phase18_exact_replay_fr87jfzp/repository/tools/v2/fit_gp_validation_distributions.py:643: PerformanceWarning: DataFrame is highly fragmented.  This is usually the result of calling `frame.insert` many times, which has poor performance.  Consider joining all columns at once using pd.concat(axis=1) instead. To get a de-fragmented frame, use `newframe = frame.copy()`
  result[column] = (
/var/folders/ck/dm6nl73d3v92cz_5d_bhjx_00000gn/T/phase18_exact_replay_fr87jfzp/repository/tools/v2/fit_gp_validation_distributions.py:643: PerformanceWarning: DataFrame is highly fragmented.  This is usually the result of calling `frame.insert` many times, which has poor performance.  Consider joining all columns at once using pd.concat(axis=1) instead. To get a de-fragmented frame, use `newframe = frame.copy()`
  result[column] = (
/var/folders/ck/dm6nl73d3v92cz_5d_bhjx_00000gn/T/phase18_exact_replay_fr87jfzp/repository/tools/v2/fit_gp_validation_distributions.py:643: PerformanceWarning: DataFrame is highly fragmented.  This is usually the result of calling `frame.insert` many times, which has poor performance.  Consider joining all columns at once using pd.concat(axis=1) instead. To get a de-fragmented frame, use `newframe = frame.copy()`
  result[column] = (
/var/folders/ck/dm6nl73d3v92cz_5d_bhjx_00000gn/T/phase18_exact_replay_fr87jfzp/repository/tools/v2/fit_gp_validation_distributions.py:643: PerformanceWarning: DataFrame is highly fragmented.  This is usually the result of calling `frame.insert` many times, which has poor performance.  Consider joining all columns at once using pd.concat(axis=1) instead. To get a de-fragmented frame, use `newframe = frame.copy()`
  result[column] = (
/var/folders/ck/dm6nl73d3v92cz_5d_bhjx_00000gn/T/phase18_exact_replay_fr87jfzp/repository/tools/v2/fit_gp_validation_distributions.py:643: PerformanceWarning: DataFrame is highly fragmented.  This is usually the result of calling `frame.insert` many times, which has poor performance.  Consider joining all columns at once using pd.concat(axis=1) instead. To get a de-fragmented frame, use `newframe = frame.copy()`
  result[column] = (
/var/folders/ck/dm6nl73d3v92cz_5d_bhjx_00000gn/T/phase18_exact_replay_fr87jfzp/repository/tools/v2/fit_gp_validation_distributions.py:643: PerformanceWarning: DataFrame is highly fragmented.  This is usually the result of calling `frame.insert` many times, which has poor performance.  Consider joining all columns at once using pd.concat(axis=1) instead. To get a de-fragmented frame, use `newframe = frame.copy()`
  result[column] = (
/var/folders/ck/dm6nl73d3v92cz_5d_bhjx_00000gn/T/phase18_exact_replay_fr87jfzp/repository/tools/v2/fit_gp_validation_distributions.py:643: PerformanceWarning: DataFrame is highly fragmented.  This is usually the result of calling `frame.insert` many times, which has poor performance.  Consider joining all columns at once using pd.concat(axis=1) instead. To get a de-fragmented frame, use `newframe = frame.copy()`
  result[column] = (
/var/folders/ck/dm6nl73d3v92cz_5d_bhjx_00000gn/T/phase18_exact_replay_fr87jfzp/repository/tools/v2/fit_gp_validation_distributions.py:643: PerformanceWarning: DataFrame is highly fragmented.  This is usually the result of calling `frame.insert` many times, which has poor performance.  Consider joining all columns at once using pd.concat(axis=1) instead. To get a de-fragmented frame, use `newframe = frame.copy()`
  result[column] = (
/var/folders/ck/dm6nl73d3v92cz_5d_bhjx_00000gn/T/phase18_exact_replay_fr87jfzp/repository/tools/v2/fit_gp_validation_distributions.py:643: PerformanceWarning: DataFrame is highly fragmented.  This is usually the result of calling `frame.insert` many times, which has poor performance.  Consider joining all columns at once using pd.concat(axis=1) instead. To get a de-fragmented frame, use `newframe = frame.copy()`
  result[column] = (
/var/folders/ck/dm6nl73d3v92cz_5d_bhjx_00000gn/T/phase18_exact_replay_fr87jfzp/repository/tools/v2/fit_gp_validation_distributions.py:643: PerformanceWarning: DataFrame is highly fragmented.  This is usually the result of calling `frame.insert` many times, which has poor performance.  Consider joining all columns at once using pd.concat(axis=1) instead. To get a de-fragmented frame, use `newframe = frame.copy()`
  result[column] = (
/var/folders/ck/dm6nl73d3v92cz_5d_bhjx_00000gn/T/phase18_exact_replay_fr87jfzp/repository/tools/v2/fit_gp_validation_distributions.py:643: PerformanceWarning: DataFrame is highly fragmented.  This is usually the result of calling `frame.insert` many times, which has poor performance.  Consider joining all columns at once using pd.concat(axis=1) instead. To get a de-fragmented frame, use `newframe = frame.copy()`
  result[column] = (
/var/folders/ck/dm6nl73d3v92cz_5d_bhjx_00000gn/T/phase18_exact_replay_fr87jfzp/repository/tools/v2/fit_gp_validation_distributions.py:643: PerformanceWarning: DataFrame is highly fragmented.  This is usually the result of calling `frame.insert` many times, which has poor performance.  Consider joining all columns at once using pd.concat(axis=1) instead. To get a de-fragmented frame, use `newframe = frame.copy()`
  result[column] = (
/var/folders/ck/dm6nl73d3v92cz_5d_bhjx_00000gn/T/phase18_exact_replay_fr87jfzp/repository/tools/v2/fit_gp_validation_distributions.py:643: PerformanceWarning: DataFrame is highly fragmented.  This is usually the result of calling `frame.insert` many times, which has poor performance.  Consider joining all columns at once using pd.concat(axis=1) instead. To get a de-fragmented frame, use `newframe = frame.copy()`
  result[column] = (
/var/folders/ck/dm6nl73d3v92cz_5d_bhjx_00000gn/T/phase18_exact_replay_fr87jfzp/repository/tools/v2/fit_gp_validation_distributions.py:643: PerformanceWarning: DataFrame is highly fragmented.  This is usually the result of calling `frame.insert` many times, which has poor performance.  Consider joining all columns at once using pd.concat(axis=1) instead. To get a de-fragmented frame, use `newframe = frame.copy()`
  result[column] = (
/var/folders/ck/dm6nl73d3v92cz_5d_bhjx_00000gn/T/phase18_exact_replay_fr87jfzp/repository/tools/v2/fit_gp_validation_distributions.py:643: PerformanceWarning: DataFrame is highly fragmented.  This is usually the result of calling `frame.insert` many times, which has poor performance.  Consider joining all columns at once using pd.concat(axis=1) instead. To get a de-fragmented frame, use `newframe = frame.copy()`
  result[column] = (
/var/folders/ck/dm6nl73d3v92cz_5d_bhjx_00000gn/T/phase18_exact_replay_fr87jfzp/repository/tools/v2/fit_gp_validation_distributions.py:643: PerformanceWarning: DataFrame is highly fragmented.  This is usually the result of calling `frame.insert` many times, which has poor performance.  Consider joining all columns at once using pd.concat(axis=1) instead. To get a de-fragmented frame, use `newframe = frame.copy()`
  result[column] = (
/var/folders/ck/dm6nl73d3v92cz_5d_bhjx_00000gn/T/phase18_exact_replay_fr87jfzp/repository/tools/v2/fit_gp_validation_distributions.py:643: PerformanceWarning: DataFrame is highly fragmented.  This is usually the result of calling `frame.insert` many times, which has poor performance.  Consider joining all columns at once using pd.concat(axis=1) instead. To get a de-fragmented frame, use `newframe = frame.copy()`
  result[column] = (
/var/folders/ck/dm6nl73d3v92cz_5d_bhjx_00000gn/T/phase18_exact_replay_fr87jfzp/repository/tools/v2/fit_gp_validation_distributions.py:643: PerformanceWarning: DataFrame is highly fragmented.  This is usually the result of calling `frame.insert` many times, which has poor performance.  Consider joining all columns at once using pd.concat(axis=1) instead. To get a de-fragmented frame, use `newframe = frame.copy()`
  result[column] = (
/var/folders/ck/dm6nl73d3v92cz_5d_bhjx_00000gn/T/phase18_exact_replay_fr87jfzp/repository/tools/v2/fit_gp_validation_distributions.py:643: PerformanceWarning: DataFrame is highly fragmented.  This is usually the result of calling `frame.insert` many times, which has poor performance.  Consider joining all columns at once using pd.concat(axis=1) instead. To get a de-fragmented frame, use `newframe = frame.copy()`
  result[column] = (
/var/folders/ck/dm6nl73d3v92cz_5d_bhjx_00000gn/T/phase18_exact_replay_fr87jfzp/repository/tools/v2/fit_gp_validation_distributions.py:643: PerformanceWarning: DataFrame is highly fragmented.  This is usually the result of calling `frame.insert` many times, which has poor performance.  Consider joining all columns at once using pd.concat(axis=1) instead. To get a de-fragmented frame, use `newframe = frame.copy()`
  result[column] = (
/var/folders/ck/dm6nl73d3v92cz_5d_bhjx_00000gn/T/phase18_exact_replay_fr87jfzp/repository/tools/v2/fit_gp_validation_distributions.py:643: PerformanceWarning: DataFrame is highly fragmented.  This is usually the result of calling `frame.insert` many times, which has poor performance.  Consider joining all columns at once using pd.concat(axis=1) instead. To get a de-fragmented frame, use `newframe = frame.copy()`
  result[column] = (
/var/folders/ck/dm6nl73d3v92cz_5d_bhjx_00000gn/T/phase18_exact_replay_fr87jfzp/repository/tools/v2/fit_gp_validation_distributions.py:643: PerformanceWarning: DataFrame is highly fragmented.  This is usually the result of calling `frame.insert` many times, which has poor performance.  Consider joining all columns at once using pd.concat(axis=1) instead. To get a de-fragmented frame, use `newframe = frame.copy()`
  result[column] = (
/var/folders/ck/dm6nl73d3v92cz_5d_bhjx_00000gn/T/phase18_exact_replay_fr87jfzp/repository/tools/v2/fit_gp_validation_distributions.py:643: PerformanceWarning: DataFrame is highly fragmented.  This is usually the result of calling `frame.insert` many times, which has poor performance.  Consider joining all columns at once using pd.concat(axis=1) instead. To get a de-fragmented frame, use `newframe = frame.copy()`
  result[column] = (
/var/folders/ck/dm6nl73d3v92cz_5d_bhjx_00000gn/T/phase18_exact_replay_fr87jfzp/repository/tools/v2/fit_gp_validation_distributions.py:643: PerformanceWarning: DataFrame is highly fragmented.  This is usually the result of calling `frame.insert` many times, which has poor performance.  Consider joining all columns at once using pd.concat(axis=1) instead. To get a de-fragmented frame, use `newframe = frame.copy()`
  result[column] = (
/var/folders/ck/dm6nl73d3v92cz_5d_bhjx_00000gn/T/phase18_exact_replay_fr87jfzp/repository/tools/v2/fit_gp_validation_distributions.py:643: PerformanceWarning: DataFrame is highly fragmented.  This is usually the result of calling `frame.insert` many times, which has poor performance.  Consider joining all columns at once using pd.concat(axis=1) instead. To get a de-fragmented frame, use `newframe = frame.copy()`
  result[column] = (
/var/folders/ck/dm6nl73d3v92cz_5d_bhjx_00000gn/T/phase18_exact_replay_fr87jfzp/repository/tools/v2/fit_gp_validation_distributions.py:643: PerformanceWarning: DataFrame is highly fragmented.  This is usually the result of calling `frame.insert` many times, which has poor performance.  Consider joining all columns at once using pd.concat(axis=1) instead. To get a de-fragmented frame, use `newframe = frame.copy()`
  result[column] = (
/var/folders/ck/dm6nl73d3v92cz_5d_bhjx_00000gn/T/phase18_exact_replay_fr87jfzp/repository/tools/v2/fit_gp_validation_distributions.py:643: PerformanceWarning: DataFrame is highly fragmented.  This is usually the result of calling `frame.insert` many times, which has poor performance.  Consider joining all columns at once using pd.concat(axis=1) instead. To get a de-fragmented frame, use `newframe = frame.copy()`
  result[column] = (
/var/folders/ck/dm6nl73d3v92cz_5d_bhjx_00000gn/T/phase18_exact_replay_fr87jfzp/repository/tools/v2/fit_gp_validation_distributions.py:643: PerformanceWarning: DataFrame is highly fragmented.  This is usually the result of calling `frame.insert` many times, which has poor performance.  Consider joining all columns at once using pd.concat(axis=1) instead. To get a de-fragmented frame, use `newframe = frame.copy()`
  result[column] = (
/var/folders/ck/dm6nl73d3v92cz_5d_bhjx_00000gn/T/phase18_exact_replay_fr87jfzp/repository/tools/v2/fit_gp_validation_distributions.py:643: PerformanceWarning: DataFrame is highly fragmented.  This is usually the result of calling `frame.insert` many times, which has poor performance.  Consider joining all columns at once using pd.concat(axis=1) instead. To get a de-fragmented frame, use `newframe = frame.copy()`
  result[column] = (
/var/folders/ck/dm6nl73d3v92cz_5d_bhjx_00000gn/T/phase18_exact_replay_fr87jfzp/repository/tools/v2/fit_gp_validation_distributions.py:643: PerformanceWarning: DataFrame is highly fragmented.  This is usually the result of calling `frame.insert` many times, which has poor performance.  Consider joining all columns at once using pd.concat(axis=1) instead. To get a de-fragmented frame, use `newframe = frame.copy()`
  result[column] = (
/var/folders/ck/dm6nl73d3v92cz_5d_bhjx_00000gn/T/phase18_exact_replay_fr87jfzp/repository/tools/v2/fit_gp_validation_distributions.py:643: PerformanceWarning: DataFrame is highly fragmented.  This is usually the result of calling `frame.insert` many times, which has poor performance.  Consider joining all columns at once using pd.concat(axis=1) instead. To get a de-fragmented frame, use `newframe = frame.copy()`
  result[column] = (
/var/folders/ck/dm6nl73d3v92cz_5d_bhjx_00000gn/T/phase18_exact_replay_fr87jfzp/repository/tools/v2/fit_gp_validation_distributions.py:643: PerformanceWarning: DataFrame is highly fragmented.  This is usually the result of calling `frame.insert` many times, which has poor performance.  Consider joining all columns at once using pd.concat(axis=1) instead. To get a de-fragmented frame, use `newframe = frame.copy()`
  result[column] = (
/var/folders/ck/dm6nl73d3v92cz_5d_bhjx_00000gn/T/phase18_exact_replay_fr87jfzp/repository/tools/v2/fit_gp_validation_distributions.py:643: PerformanceWarning: DataFrame is highly fragmented.  This is usually the result of calling `frame.insert` many times, which has poor performance.  Consider joining all columns at once using pd.concat(axis=1) instead. To get a de-fragmented frame, use `newframe = frame.copy()`
  result[column] = (
/var/folders/ck/dm6nl73d3v92cz_5d_bhjx_00000gn/T/phase18_exact_replay_fr87jfzp/repository/tools/v2/fit_gp_validation_distributions.py:643: PerformanceWarning: DataFrame is highly fragmented.  This is usually the result of calling `frame.insert` many times, which has poor performance.  Consider joining all columns at once using pd.concat(axis=1) instead. To get a de-fragmented frame, use `newframe = frame.copy()`
  result[column] = (
/var/folders/ck/dm6nl73d3v92cz_5d_bhjx_00000gn/T/phase18_exact_replay_fr87jfzp/repository/tools/v2/fit_gp_validation_distributions.py:643: PerformanceWarning: DataFrame is highly fragmented.  This is usually the result of calling `frame.insert` many times, which has poor performance.  Consider joining all columns at once using pd.concat(axis=1) instead. To get a de-fragmented frame, use `newframe = frame.copy()`
  result[column] = (
/var/folders/ck/dm6nl73d3v92cz_5d_bhjx_00000gn/T/phase18_exact_replay_fr87jfzp/repository/tools/v2/fit_gp_validation_distributions.py:643: PerformanceWarning: DataFrame is highly fragmented.  This is usually the result of calling `frame.insert` many times, which has poor performance.  Consider joining all columns at once using pd.concat(axis=1) instead. To get a de-fragmented frame, use `newframe = frame.copy()`
  result[column] = (
/var/folders/ck/dm6nl73d3v92cz_5d_bhjx_00000gn/T/phase18_exact_replay_fr87jfzp/repository/tools/v2/fit_gp_validation_distributions.py:643: PerformanceWarning: DataFrame is highly fragmented.  This is usually the result of calling `frame.insert` many times, which has poor performance.  Consider joining all columns at once using pd.concat(axis=1) instead. To get a de-fragmented frame, use `newframe = frame.copy()`
  result[column] = (
/var/folders/ck/dm6nl73d3v92cz_5d_bhjx_00000gn/T/phase18_exact_replay_fr87jfzp/repository/tools/v2/fit_gp_validation_distributions.py:643: PerformanceWarning: DataFrame is highly fragmented.  This is usually the result of calling `frame.insert` many times, which has poor performance.  Consider joining all columns at once using pd.concat(axis=1) instead. To get a de-fragmented frame, use `newframe = frame.copy()`
  result[column] = (
/var/folders/ck/dm6nl73d3v92cz_5d_bhjx_00000gn/T/phase18_exact_replay_fr87jfzp/repository/tools/v2/fit_gp_validation_distributions.py:643: PerformanceWarning: DataFrame is highly fragmented.  This is usually the result of calling `frame.insert` many times, which has poor performance.  Consider joining all columns at once using pd.concat(axis=1) instead. To get a de-fragmented frame, use `newframe = frame.copy()`
  result[column] = (
/var/folders/ck/dm6nl73d3v92cz_5d_bhjx_00000gn/T/phase18_exact_replay_fr87jfzp/repository/tools/v2/fit_gp_validation_distributions.py:643: PerformanceWarning: DataFrame is highly fragmented.  This is usually the result of calling `frame.insert` many times, which has poor performance.  Consider joining all columns at once using pd.concat(axis=1) instead. To get a de-fragmented frame, use `newframe = frame.copy()`
  result[column] = (
/var/folders/ck/dm6nl73d3v92cz_5d_bhjx_00000gn/T/phase18_exact_replay_fr87jfzp/repository/tools/v2/fit_gp_validation_distributions.py:643: PerformanceWarning: DataFrame is highly fragmented.  This is usually the result of calling `frame.insert` many times, which has poor performance.  Consider joining all columns at once using pd.concat(axis=1) instead. To get a de-fragmented frame, use `newframe = frame.copy()`
  result[column] = (
/var/folders/ck/dm6nl73d3v92cz_5d_bhjx_00000gn/T/phase18_exact_replay_fr87jfzp/repository/tools/v2/fit_gp_validation_distributions.py:643: PerformanceWarning: DataFrame is highly fragmented.  This is usually the result of calling `frame.insert` many times, which has poor performance.  Consider joining all columns at once using pd.concat(axis=1) instead. To get a de-fragmented frame, use `newframe = frame.copy()`
  result[column] = (
/var/folders/ck/dm6nl73d3v92cz_5d_bhjx_00000gn/T/phase18_exact_replay_fr87jfzp/repository/tools/v2/fit_gp_validation_distributions.py:643: PerformanceWarning: DataFrame is highly fragmented.  This is usually the result of calling `frame.insert` many times, which has poor performance.  Consider joining all columns at once using pd.concat(axis=1) instead. To get a de-fragmented frame, use `newframe = frame.copy()`
  result[column] = (
/var/folders/ck/dm6nl73d3v92cz_5d_bhjx_00000gn/T/phase18_exact_replay_fr87jfzp/repository/tools/v2/fit_gp_validation_distributions.py:643: PerformanceWarning: DataFrame is highly fragmented.  This is usually the result of calling `frame.insert` many times, which has poor performance.  Consider joining all columns at once using pd.concat(axis=1) instead. To get a de-fragmented frame, use `newframe = frame.copy()`
  result[column] = (
/var/folders/ck/dm6nl73d3v92cz_5d_bhjx_00000gn/T/phase18_exact_replay_fr87jfzp/repository/tools/v2/fit_gp_validation_distributions.py:643: PerformanceWarning: DataFrame is highly fragmented.  This is usually the result of calling `frame.insert` many times, which has poor performance.  Consider joining all columns at once using pd.concat(axis=1) instead. To get a de-fragmented frame, use `newframe = frame.copy()`
  result[column] = (
/var/folders/ck/dm6nl73d3v92cz_5d_bhjx_00000gn/T/phase18_exact_replay_fr87jfzp/repository/tools/v2/fit_gp_validation_distributions.py:643: PerformanceWarning: DataFrame is highly fragmented.  This is usually the result of calling `frame.insert` many times, which has poor performance.  Consider joining all columns at once using pd.concat(axis=1) instead. To get a de-fragmented frame, use `newframe = frame.copy()`
  result[column] = (
/var/folders/ck/dm6nl73d3v92cz_5d_bhjx_00000gn/T/phase18_exact_replay_fr87jfzp/repository/tools/v2/fit_gp_validation_distributions.py:643: PerformanceWarning: DataFrame is highly fragmented.  This is usually the result of calling `frame.insert` many times, which has poor performance.  Consider joining all columns at once using pd.concat(axis=1) instead. To get a de-fragmented frame, use `newframe = frame.copy()`
  result[column] = (
/var/folders/ck/dm6nl73d3v92cz_5d_bhjx_00000gn/T/phase18_exact_replay_fr87jfzp/repository/tools/v2/fit_gp_validation_distributions.py:643: PerformanceWarning: DataFrame is highly fragmented.  This is usually the result of calling `frame.insert` many times, which has poor performance.  Consider joining all columns at once using pd.concat(axis=1) instead. To get a de-fragmented frame, use `newframe = frame.copy()`
  result[column] = (
/var/folders/ck/dm6nl73d3v92cz_5d_bhjx_00000gn/T/phase18_exact_replay_fr87jfzp/repository/tools/v2/fit_gp_validation_distributions.py:643: PerformanceWarning: DataFrame is highly fragmented.  This is usually the result of calling `frame.insert` many times, which has poor performance.  Consider joining all columns at once using pd.concat(axis=1) instead. To get a de-fragmented frame, use `newframe = frame.copy()`
  result[column] = (
/var/folders/ck/dm6nl73d3v92cz_5d_bhjx_00000gn/T/phase18_exact_replay_fr87jfzp/repository/tools/v2/fit_gp_validation_distributions.py:643: PerformanceWarning: DataFrame is highly fragmented.  This is usually the result of calling `frame.insert` many times, which has poor performance.  Consider joining all columns at once using pd.concat(axis=1) instead. To get a de-fragmented frame, use `newframe = frame.copy()`
  result[column] = (
/var/folders/ck/dm6nl73d3v92cz_5d_bhjx_00000gn/T/phase18_exact_replay_fr87jfzp/repository/tools/v2/fit_gp_validation_distributions.py:643: PerformanceWarning: DataFrame is highly fragmented.  This is usually the result of calling `frame.insert` many times, which has poor performance.  Consider joining all columns at once using pd.concat(axis=1) instead. To get a de-fragmented frame, use `newframe = frame.copy()`
  result[column] = (
/var/folders/ck/dm6nl73d3v92cz_5d_bhjx_00000gn/T/phase18_exact_replay_fr87jfzp/repository/tools/v2/fit_gp_validation_distributions.py:643: PerformanceWarning: DataFrame is highly fragmented.  This is usually the result of calling `frame.insert` many times, which has poor performance.  Consider joining all columns at once using pd.concat(axis=1) instead. To get a de-fragmented frame, use `newframe = frame.copy()`
  result[column] = (
/var/folders/ck/dm6nl73d3v92cz_5d_bhjx_00000gn/T/phase18_exact_replay_fr87jfzp/repository/tools/v2/fit_gp_validation_distributions.py:643: PerformanceWarning: DataFrame is highly fragmented.  This is usually the result of calling `frame.insert` many times, which has poor performance.  Consider joining all columns at once using pd.concat(axis=1) instead. To get a de-fragmented frame, use `newframe = frame.copy()`
  result[column] = (
/var/folders/ck/dm6nl73d3v92cz_5d_bhjx_00000gn/T/phase18_exact_replay_fr87jfzp/repository/tools/v2/fit_gp_validation_distributions.py:643: PerformanceWarning: DataFrame is highly fragmented.  This is usually the result of calling `frame.insert` many times, which has poor performance.  Consider joining all columns at once using pd.concat(axis=1) instead. To get a de-fragmented frame, use `newframe = frame.copy()`
  result[column] = (
/var/folders/ck/dm6nl73d3v92cz_5d_bhjx_00000gn/T/phase18_exact_replay_fr87jfzp/repository/tools/v2/fit_gp_validation_distributions.py:643: PerformanceWarning: DataFrame is highly fragmented.  This is usually the result of calling `frame.insert` many times, which has poor performance.  Consider joining all columns at once using pd.concat(axis=1) instead. To get a de-fragmented frame, use `newframe = frame.copy()`
  result[column] = (
/var/folders/ck/dm6nl73d3v92cz_5d_bhjx_00000gn/T/phase18_exact_replay_fr87jfzp/repository/tools/v2/fit_gp_validation_distributions.py:643: PerformanceWarning: DataFrame is highly fragmented.  This is usually the result of calling `frame.insert` many times, which has poor performance.  Consider joining all columns at once using pd.concat(axis=1) instead. To get a de-fragmented frame, use `newframe = frame.copy()`
  result[column] = (
/var/folders/ck/dm6nl73d3v92cz_5d_bhjx_00000gn/T/phase18_exact_replay_fr87jfzp/repository/tools/v2/fit_gp_validation_distributions.py:643: PerformanceWarning: DataFrame is highly fragmented.  This is usually the result of calling `frame.insert` many times, which has poor performance.  Consider joining all columns at once using pd.concat(axis=1) instead. To get a de-fragmented frame, use `newframe = frame.copy()`
  result[column] = (
/var/folders/ck/dm6nl73d3v92cz_5d_bhjx_00000gn/T/phase18_exact_replay_fr87jfzp/repository/tools/v2/fit_gp_validation_distributions.py:643: PerformanceWarning: DataFrame is highly fragmented.  This is usually the result of calling `frame.insert` many times, which has poor performance.  Consider joining all columns at once using pd.concat(axis=1) instead. To get a de-fragmented frame, use `newframe = frame.copy()`
  result[column] = (
/var/folders/ck/dm6nl73d3v92cz_5d_bhjx_00000gn/T/phase18_exact_replay_fr87jfzp/repository/tools/v2/fit_gp_validation_distributions.py:643: PerformanceWarning: DataFrame is highly fragmented.  This is usually the result of calling `frame.insert` many times, which has poor performance.  Consider joining all columns at once using pd.concat(axis=1) instead. To get a de-fragmented frame, use `newframe = frame.copy()`
  result[column] = (
/var/folders/ck/dm6nl73d3v92cz_5d_bhjx_00000gn/T/phase18_exact_replay_fr87jfzp/repository/tools/v2/fit_gp_validation_distributions.py:643: PerformanceWarning: DataFrame is highly fragmented.  This is usually the result of calling `frame.insert` many times, which has poor performance.  Consider joining all columns at once using pd.concat(axis=1) instead. To get a de-fragmented frame, use `newframe = frame.copy()`
  result[column] = (
/var/folders/ck/dm6nl73d3v92cz_5d_bhjx_00000gn/T/phase18_exact_replay_fr87jfzp/repository/tools/v2/fit_gp_validation_distributions.py:643: PerformanceWarning: DataFrame is highly fragmented.  This is usually the result of calling `frame.insert` many times, which has poor performance.  Consider joining all columns at once using pd.concat(axis=1) instead. To get a de-fragmented frame, use `newframe = frame.copy()`
  result[column] = (
/var/folders/ck/dm6nl73d3v92cz_5d_bhjx_00000gn/T/phase18_exact_replay_fr87jfzp/repository/tools/v2/fit_gp_validation_distributions.py:643: PerformanceWarning: DataFrame is highly fragmented.  This is usually the result of calling `frame.insert` many times, which has poor performance.  Consider joining all columns at once using pd.concat(axis=1) instead. To get a de-fragmented frame, use `newframe = frame.copy()`
  result[column] = (
/var/folders/ck/dm6nl73d3v92cz_5d_bhjx_00000gn/T/phase18_exact_replay_fr87jfzp/repository/tools/v2/fit_gp_validation_distributions.py:643: PerformanceWarning: DataFrame is highly fragmented.  This is usually the result of calling `frame.insert` many times, which has poor performance.  Consider joining all columns at once using pd.concat(axis=1) instead. To get a de-fragmented frame, use `newframe = frame.copy()`
  result[column] = (
/var/folders/ck/dm6nl73d3v92cz_5d_bhjx_00000gn/T/phase18_exact_replay_fr87jfzp/repository/tools/v2/fit_gp_validation_distributions.py:643: PerformanceWarning: DataFrame is highly fragmented.  This is usually the result of calling `frame.insert` many times, which has poor performance.  Consider joining all columns at once using pd.concat(axis=1) instead. To get a de-fragmented frame, use `newframe = frame.copy()`
  result[column] = (
/var/folders/ck/dm6nl73d3v92cz_5d_bhjx_00000gn/T/phase18_exact_replay_fr87jfzp/repository/tools/v2/fit_gp_validation_distributions.py:643: PerformanceWarning: DataFrame is highly fragmented.  This is usually the result of calling `frame.insert` many times, which has poor performance.  Consider joining all columns at once using pd.concat(axis=1) instead. To get a de-fragmented frame, use `newframe = frame.copy()`
  result[column] = (
/var/folders/ck/dm6nl73d3v92cz_5d_bhjx_00000gn/T/phase18_exact_replay_fr87jfzp/repository/tools/v2/fit_gp_validation_distributions.py:643: PerformanceWarning: DataFrame is highly fragmented.  This is usually the result of calling `frame.insert` many times, which has poor performance.  Consider joining all columns at once using pd.concat(axis=1) instead. To get a de-fragmented frame, use `newframe = frame.copy()`
  result[column] = (
/var/folders/ck/dm6nl73d3v92cz_5d_bhjx_00000gn/T/phase18_exact_replay_fr87jfzp/repository/tools/v2/fit_gp_validation_distributions.py:643: PerformanceWarning: DataFrame is highly fragmented.  This is usually the result of calling `frame.insert` many times, which has poor performance.  Consider joining all columns at once using pd.concat(axis=1) instead. To get a de-fragmented frame, use `newframe = frame.copy()`
  result[column] = (
/var/folders/ck/dm6nl73d3v92cz_5d_bhjx_00000gn/T/phase18_exact_replay_fr87jfzp/repository/tools/v2/fit_gp_validation_distributions.py:643: PerformanceWarning: DataFrame is highly fragmented.  This is usually the result of calling `frame.insert` many times, which has poor performance.  Consider joining all columns at once using pd.concat(axis=1) instead. To get a de-fragmented frame, use `newframe = frame.copy()`
  result[column] = (
/var/folders/ck/dm6nl73d3v92cz_5d_bhjx_00000gn/T/phase18_exact_replay_fr87jfzp/repository/tools/v2/fit_gp_validation_distributions.py:643: PerformanceWarning: DataFrame is highly fragmented.  This is usually the result of calling `frame.insert` many times, which has poor performance.  Consider joining all columns at once using pd.concat(axis=1) instead. To get a de-fragmented frame, use `newframe = frame.copy()`
  result[column] = (
/var/folders/ck/dm6nl73d3v92cz_5d_bhjx_00000gn/T/phase18_exact_replay_fr87jfzp/repository/tools/v2/fit_gp_validation_distributions.py:643: PerformanceWarning: DataFrame is highly fragmented.  This is usually the result of calling `frame.insert` many times, which has poor performance.  Consider joining all columns at once using pd.concat(axis=1) instead. To get a de-fragmented frame, use `newframe = frame.copy()`
  result[column] = (
/var/folders/ck/dm6nl73d3v92cz_5d_bhjx_00000gn/T/phase18_exact_replay_fr87jfzp/repository/tools/v2/fit_gp_validation_distributions.py:643: PerformanceWarning: DataFrame is highly fragmented.  This is usually the result of calling `frame.insert` many times, which has poor performance.  Consider joining all columns at once using pd.concat(axis=1) instead. To get a de-fragmented frame, use `newframe = frame.copy()`
  result[column] = (
/var/folders/ck/dm6nl73d3v92cz_5d_bhjx_00000gn/T/phase18_exact_replay_fr87jfzp/repository/tools/v2/fit_gp_validation_distributions.py:643: PerformanceWarning: DataFrame is highly fragmented.  This is usually the result of calling `frame.insert` many times, which has poor performance.  Consider joining all columns at once using pd.concat(axis=1) instead. To get a de-fragmented frame, use `newframe = frame.copy()`
  result[column] = (
/var/folders/ck/dm6nl73d3v92cz_5d_bhjx_00000gn/T/phase18_exact_replay_fr87jfzp/repository/tools/v2/fit_gp_validation_distributions.py:643: PerformanceWarning: DataFrame is highly fragmented.  This is usually the result of calling `frame.insert` many times, which has poor performance.  Consider joining all columns at once using pd.concat(axis=1) instead. To get a de-fragmented frame, use `newframe = frame.copy()`
  result[column] = (
/var/folders/ck/dm6nl73d3v92cz_5d_bhjx_00000gn/T/phase18_exact_replay_fr87jfzp/repository/tools/v2/fit_gp_validation_distributions.py:643: PerformanceWarning: DataFrame is highly fragmented.  This is usually the result of calling `frame.insert` many times, which has poor performance.  Consider joining all columns at once using pd.concat(axis=1) instead. To get a de-fragmented frame, use `newframe = frame.copy()`
  result[column] = (
/var/folders/ck/dm6nl73d3v92cz_5d_bhjx_00000gn/T/phase18_exact_replay_fr87jfzp/repository/tools/v2/fit_gp_validation_distributions.py:643: PerformanceWarning: DataFrame is highly fragmented.  This is usually the result of calling `frame.insert` many times, which has poor performance.  Consider joining all columns at once using pd.concat(axis=1) instead. To get a de-fragmented frame, use `newframe = frame.copy()`
  result[column] = (
/var/folders/ck/dm6nl73d3v92cz_5d_bhjx_00000gn/T/phase18_exact_replay_fr87jfzp/repository/tools/v2/fit_gp_validation_distributions.py:643: PerformanceWarning: DataFrame is highly fragmented.  This is usually the result of calling `frame.insert` many times, which has poor performance.  Consider joining all columns at once using pd.concat(axis=1) instead. To get a de-fragmented frame, use `newframe = frame.copy()`
  result[column] = (
/var/folders/ck/dm6nl73d3v92cz_5d_bhjx_00000gn/T/phase18_exact_replay_fr87jfzp/repository/tools/v2/fit_gp_validation_distributions.py:643: PerformanceWarning: DataFrame is highly fragmented.  This is usually the result of calling `frame.insert` many times, which has poor performance.  Consider joining all columns at once using pd.concat(axis=1) instead. To get a de-fragmented frame, use `newframe = frame.copy()`
  result[column] = (
/var/folders/ck/dm6nl73d3v92cz_5d_bhjx_00000gn/T/phase18_exact_replay_fr87jfzp/repository/tools/v2/fit_gp_validation_distributions.py:643: PerformanceWarning: DataFrame is highly fragmented.  This is usually the result of calling `frame.insert` many times, which has poor performance.  Consider joining all columns at once using pd.concat(axis=1) instead. To get a de-fragmented frame, use `newframe = frame.copy()`
  result[column] = (
/var/folders/ck/dm6nl73d3v92cz_5d_bhjx_00000gn/T/phase18_exact_replay_fr87jfzp/repository/tools/v2/fit_gp_validation_distributions.py:643: PerformanceWarning: DataFrame is highly fragmented.  This is usually the result of calling `frame.insert` many times, which has poor performance.  Consider joining all columns at once using pd.concat(axis=1) instead. To get a de-fragmented frame, use `newframe = frame.copy()`
  result[column] = (
/var/folders/ck/dm6nl73d3v92cz_5d_bhjx_00000gn/T/phase18_exact_replay_fr87jfzp/repository/tools/v2/fit_gp_validation_distributions.py:643: PerformanceWarning: DataFrame is highly fragmented.  This is usually the result of calling `frame.insert` many times, which has poor performance.  Consider joining all columns at once using pd.concat(axis=1) instead. To get a de-fragmented frame, use `newframe = frame.copy()`
  result[column] = (
/var/folders/ck/dm6nl73d3v92cz_5d_bhjx_00000gn/T/phase18_exact_replay_fr87jfzp/repository/tools/v2/fit_gp_validation_distributions.py:643: PerformanceWarning: DataFrame is highly fragmented.  This is usually the result of calling `frame.insert` many times, which has poor performance.  Consider joining all columns at once using pd.concat(axis=1) instead. To get a de-fragmented frame, use `newframe = frame.copy()`
  result[column] = (
/var/folders/ck/dm6nl73d3v92cz_5d_bhjx_00000gn/T/phase18_exact_replay_fr87jfzp/repository/tools/v2/fit_gp_validation_distributions.py:643: PerformanceWarning: DataFrame is highly fragmented.  This is usually the result of calling `frame.insert` many times, which has poor performance.  Consider joining all columns at once using pd.concat(axis=1) instead. To get a de-fragmented frame, use `newframe = frame.copy()`
  result[column] = (
/var/folders/ck/dm6nl73d3v92cz_5d_bhjx_00000gn/T/phase18_exact_replay_fr87jfzp/repository/tools/v2/fit_gp_validation_distributions.py:643: PerformanceWarning: DataFrame is highly fragmented.  This is usually the result of calling `frame.insert` many times, which has poor performance.  Consider joining all columns at once using pd.concat(axis=1) instead. To get a de-fragmented frame, use `newframe = frame.copy()`
  result[column] = (
/var/folders/ck/dm6nl73d3v92cz_5d_bhjx_00000gn/T/phase18_exact_replay_fr87jfzp/repository/tools/v2/fit_gp_validation_distributions.py:643: PerformanceWarning: DataFrame is highly fragmented.  This is usually the result of calling `frame.insert` many times, which has poor performance.  Consider joining all columns at once using pd.concat(axis=1) instead. To get a de-fragmented frame, use `newframe = frame.copy()`
  result[column] = (
/var/folders/ck/dm6nl73d3v92cz_5d_bhjx_00000gn/T/phase18_exact_replay_fr87jfzp/repository/tools/v2/fit_gp_validation_distributions.py:643: PerformanceWarning: DataFrame is highly fragmented.  This is usually the result of calling `frame.insert` many times, which has poor performance.  Consider joining all columns at once using pd.concat(axis=1) instead. To get a de-fragmented frame, use `newframe = frame.copy()`
  result[column] = (
/var/folders/ck/dm6nl73d3v92cz_5d_bhjx_00000gn/T/phase18_exact_replay_fr87jfzp/repository/tools/v2/fit_gp_validation_distributions.py:643: PerformanceWarning: DataFrame is highly fragmented.  This is usually the result of calling `frame.insert` many times, which has poor performance.  Consider joining all columns at once using pd.concat(axis=1) instead. To get a de-fragmented frame, use `newframe = frame.copy()`
  result[column] = (
/var/folders/ck/dm6nl73d3v92cz_5d_bhjx_00000gn/T/phase18_exact_replay_fr87jfzp/repository/tools/v2/fit_gp_validation_distributions.py:643: PerformanceWarning: DataFrame is highly fragmented.  This is usually the result of calling `frame.insert` many times, which has poor performance.  Consider joining all columns at once using pd.concat(axis=1) instead. To get a de-fragmented frame, use `newframe = frame.copy()`
  result[column] = (
/var/folders/ck/dm6nl73d3v92cz_5d_bhjx_00000gn/T/phase18_exact_replay_fr87jfzp/repository/tools/v2/fit_gp_validation_distributions.py:643: PerformanceWarning: DataFrame is highly fragmented.  This is usually the result of calling `frame.insert` many times, which has poor performance.  Consider joining all columns at once using pd.concat(axis=1) instead. To get a de-fragmented frame, use `newframe = frame.copy()`
  result[column] = (
/var/folders/ck/dm6nl73d3v92cz_5d_bhjx_00000gn/T/phase18_exact_replay_fr87jfzp/repository/tools/v2/fit_gp_validation_distributions.py:643: PerformanceWarning: DataFrame is highly fragmented.  This is usually the result of calling `frame.insert` many times, which has poor performance.  Consider joining all columns at once using pd.concat(axis=1) instead. To get a de-fragmented frame, use `newframe = frame.copy()`
  result[column] = (
/var/folders/ck/dm6nl73d3v92cz_5d_bhjx_00000gn/T/phase18_exact_replay_fr87jfzp/repository/tools/v2/fit_gp_validation_distributions.py:643: PerformanceWarning: DataFrame is highly fragmented.  This is usually the result of calling `frame.insert` many times, which has poor performance.  Consider joining all columns at once using pd.concat(axis=1) instead. To get a de-fragmented frame, use `newframe = frame.copy()`
  result[column] = (
/var/folders/ck/dm6nl73d3v92cz_5d_bhjx_00000gn/T/phase18_exact_replay_fr87jfzp/repository/tools/v2/fit_gp_validation_distributions.py:643: PerformanceWarning: DataFrame is highly fragmented.  This is usually the result of calling `frame.insert` many times, which has poor performance.  Consider joining all columns at once using pd.concat(axis=1) instead. To get a de-fragmented frame, use `newframe = frame.copy()`
  result[column] = (
/var/folders/ck/dm6nl73d3v92cz_5d_bhjx_00000gn/T/phase18_exact_replay_fr87jfzp/repository/tools/v2/fit_gp_validation_distributions.py:643: PerformanceWarning: DataFrame is highly fragmented.  This is usually the result of calling `frame.insert` many times, which has poor performance.  Consider joining all columns at once using pd.concat(axis=1) instead. To get a de-fragmented frame, use `newframe = frame.copy()`
  result[column] = (
/var/folders/ck/dm6nl73d3v92cz_5d_bhjx_00000gn/T/phase18_exact_replay_fr87jfzp/repository/tools/v2/fit_gp_validation_distributions.py:643: PerformanceWarning: DataFrame is highly fragmented.  This is usually the result of calling `frame.insert` many times, which has poor performance.  Consider joining all columns at once using pd.concat(axis=1) instead. To get a de-fragmented frame, use `newframe = frame.copy()`
  result[column] = (
/var/folders/ck/dm6nl73d3v92cz_5d_bhjx_00000gn/T/phase18_exact_replay_fr87jfzp/repository/tools/v2/fit_gp_validation_distributions.py:643: PerformanceWarning: DataFrame is highly fragmented.  This is usually the result of calling `frame.insert` many times, which has poor performance.  Consider joining all columns at once using pd.concat(axis=1) instead. To get a de-fragmented frame, use `newframe = frame.copy()`
  result[column] = (
/var/folders/ck/dm6nl73d3v92cz_5d_bhjx_00000gn/T/phase18_exact_replay_fr87jfzp/repository/tools/v2/fit_gp_validation_distributions.py:643: PerformanceWarning: DataFrame is highly fragmented.  This is usually the result of calling `frame.insert` many times, which has poor performance.  Consider joining all columns at once using pd.concat(axis=1) instead. To get a de-fragmented frame, use `newframe = frame.copy()`
  result[column] = (
/var/folders/ck/dm6nl73d3v92cz_5d_bhjx_00000gn/T/phase18_exact_replay_fr87jfzp/repository/tools/v2/fit_gp_validation_distributions.py:643: PerformanceWarning: DataFrame is highly fragmented.  This is usually the result of calling `frame.insert` many times, which has poor performance.  Consider joining all columns at once using pd.concat(axis=1) instead. To get a de-fragmented frame, use `newframe = frame.copy()`
  result[column] = (
/var/folders/ck/dm6nl73d3v92cz_5d_bhjx_00000gn/T/phase18_exact_replay_fr87jfzp/repository/tools/v2/fit_gp_validation_distributions.py:643: PerformanceWarning: DataFrame is highly fragmented.  This is usually the result of calling `frame.insert` many times, which has poor performance.  Consider joining all columns at once using pd.concat(axis=1) instead. To get a de-fragmented frame, use `newframe = frame.copy()`
  result[column] = (
/var/folders/ck/dm6nl73d3v92cz_5d_bhjx_00000gn/T/phase18_exact_replay_fr87jfzp/repository/tools/v2/fit_gp_validation_distributions.py:643: PerformanceWarning: DataFrame is highly fragmented.  This is usually the result of calling `frame.insert` many times, which has poor performance.  Consider joining all columns at once using pd.concat(axis=1) instead. To get a de-fragmented frame, use `newframe = frame.copy()`
  result[column] = (
/var/folders/ck/dm6nl73d3v92cz_5d_bhjx_00000gn/T/phase18_exact_replay_fr87jfzp/repository/tools/v2/fit_gp_validation_distributions.py:643: PerformanceWarning: DataFrame is highly fragmented.  This is usually the result of calling `frame.insert` many times, which has poor performance.  Consider joining all columns at once using pd.concat(axis=1) instead. To get a de-fragmented frame, use `newframe = frame.copy()`
  result[column] = (
/var/folders/ck/dm6nl73d3v92cz_5d_bhjx_00000gn/T/phase18_exact_replay_fr87jfzp/repository/tools/v2/fit_gp_validation_distributions.py:643: PerformanceWarning: DataFrame is highly fragmented.  This is usually the result of calling `frame.insert` many times, which has poor performance.  Consider joining all columns at once using pd.concat(axis=1) instead. To get a de-fragmented frame, use `newframe = frame.copy()`
  result[column] = (
/var/folders/ck/dm6nl73d3v92cz_5d_bhjx_00000gn/T/phase18_exact_replay_fr87jfzp/repository/tools/v2/fit_gp_validation_distributions.py:643: PerformanceWarning: DataFrame is highly fragmented.  This is usually the result of calling `frame.insert` many times, which has poor performance.  Consider joining all columns at once using pd.concat(axis=1) instead. To get a de-fragmented frame, use `newframe = frame.copy()`
  result[column] = (
/var/folders/ck/dm6nl73d3v92cz_5d_bhjx_00000gn/T/phase18_exact_replay_fr87jfzp/repository/tools/v2/fit_gp_validation_distributions.py:643: PerformanceWarning: DataFrame is highly fragmented.  This is usually the result of calling `frame.insert` many times, which has poor performance.  Consider joining all columns at once using pd.concat(axis=1) instead. To get a de-fragmented frame, use `newframe = frame.copy()`
  result[column] = (
/var/folders/ck/dm6nl73d3v92cz_5d_bhjx_00000gn/T/phase18_exact_replay_fr87jfzp/repository/tools/v2/fit_gp_validation_distributions.py:643: PerformanceWarning: DataFrame is highly fragmented.  This is usually the result of calling `frame.insert` many times, which has poor performance.  Consider joining all columns at once using pd.concat(axis=1) instead. To get a de-fragmented frame, use `newframe = frame.copy()`
  result[column] = (
/var/folders/ck/dm6nl73d3v92cz_5d_bhjx_00000gn/T/phase18_exact_replay_fr87jfzp/repository/tools/v2/fit_gp_validation_distributions.py:643: PerformanceWarning: DataFrame is highly fragmented.  This is usually the result of calling `frame.insert` many times, which has poor performance.  Consider joining all columns at once using pd.concat(axis=1) instead. To get a de-fragmented frame, use `newframe = frame.copy()`
  result[column] = (
/var/folders/ck/dm6nl73d3v92cz_5d_bhjx_00000gn/T/phase18_exact_replay_fr87jfzp/repository/tools/v2/fit_gp_validation_distributions.py:643: PerformanceWarning: DataFrame is highly fragmented.  This is usually the result of calling `frame.insert` many times, which has poor performance.  Consider joining all columns at once using pd.concat(axis=1) instead. To get a de-fragmented frame, use `newframe = frame.copy()`
  result[column] = (
/var/folders/ck/dm6nl73d3v92cz_5d_bhjx_00000gn/T/phase18_exact_replay_fr87jfzp/repository/tools/v2/fit_gp_validation_distributions.py:643: PerformanceWarning: DataFrame is highly fragmented.  This is usually the result of calling `frame.insert` many times, which has poor performance.  Consider joining all columns at once using pd.concat(axis=1) instead. To get a de-fragmented frame, use `newframe = frame.copy()`
  result[column] = (
/var/folders/ck/dm6nl73d3v92cz_5d_bhjx_00000gn/T/phase18_exact_replay_fr87jfzp/repository/tools/v2/fit_gp_validation_distributions.py:643: PerformanceWarning: DataFrame is highly fragmented.  This is usually the result of calling `frame.insert` many times, which has poor performance.  Consider joining all columns at once using pd.concat(axis=1) instead. To get a de-fragmented frame, use `newframe = frame.copy()`
  result[column] = (
/var/folders/ck/dm6nl73d3v92cz_5d_bhjx_00000gn/T/phase18_exact_replay_fr87jfzp/repository/tools/v2/fit_gp_validation_distributions.py:643: PerformanceWarning: DataFrame is highly fragmented.  This is usually the result of calling `frame.insert` many times, which has poor performance.  Consider joining all columns at once using pd.concat(axis=1) instead. To get a de-fragmented frame, use `newframe = frame.copy()`
  result[column] = (
/var/folders/ck/dm6nl73d3v92cz_5d_bhjx_00000gn/T/phase18_exact_replay_fr87jfzp/repository/tools/v2/fit_gp_validation_distributions.py:643: PerformanceWarning: DataFrame is highly fragmented.  This is usually the result of calling `frame.insert` many times, which has poor performance.  Consider joining all columns at once using pd.concat(axis=1) instead. To get a de-fragmented frame, use `newframe = frame.copy()`
  result[column] = (
/var/folders/ck/dm6nl73d3v92cz_5d_bhjx_00000gn/T/phase18_exact_replay_fr87jfzp/repository/tools/v2/fit_gp_validation_distributions.py:643: PerformanceWarning: DataFrame is highly fragmented.  This is usually the result of calling `frame.insert` many times, which has poor performance.  Consider joining all columns at once using pd.concat(axis=1) instead. To get a de-fragmented frame, use `newframe = frame.copy()`
  result[column] = (
/var/folders/ck/dm6nl73d3v92cz_5d_bhjx_00000gn/T/phase18_exact_replay_fr87jfzp/repository/tools/v2/fit_gp_validation_distributions.py:643: PerformanceWarning: DataFrame is highly fragmented.  This is usually the result of calling `frame.insert` many times, which has poor performance.  Consider joining all columns at once using pd.concat(axis=1) instead. To get a de-fragmented frame, use `newframe = frame.copy()`
  result[column] = (
/var/folders/ck/dm6nl73d3v92cz_5d_bhjx_00000gn/T/phase18_exact_replay_fr87jfzp/repository/tools/v2/fit_gp_validation_distributions.py:643: PerformanceWarning: DataFrame is highly fragmented.  This is usually the result of calling `frame.insert` many times, which has poor performance.  Consider joining all columns at once using pd.concat(axis=1) instead. To get a de-fragmented frame, use `newframe = frame.copy()`
  result[column] = (
/var/folders/ck/dm6nl73d3v92cz_5d_bhjx_00000gn/T/phase18_exact_replay_fr87jfzp/repository/tools/v2/fit_gp_validation_distributions.py:643: PerformanceWarning: DataFrame is highly fragmented.  This is usually the result of calling `frame.insert` many times, which has poor performance.  Consider joining all columns at once using pd.concat(axis=1) instead. To get a de-fragmented frame, use `newframe = frame.copy()`
  result[column] = (
/var/folders/ck/dm6nl73d3v92cz_5d_bhjx_00000gn/T/phase18_exact_replay_fr87jfzp/repository/tools/v2/fit_gp_validation_distributions.py:643: PerformanceWarning: DataFrame is highly fragmented.  This is usually the result of calling `frame.insert` many times, which has poor performance.  Consider joining all columns at once using pd.concat(axis=1) instead. To get a de-fragmented frame, use `newframe = frame.copy()`
  result[column] = (
/var/folders/ck/dm6nl73d3v92cz_5d_bhjx_00000gn/T/phase18_exact_replay_fr87jfzp/repository/tools/v2/fit_gp_validation_distributions.py:643: PerformanceWarning: DataFrame is highly fragmented.  This is usually the result of calling `frame.insert` many times, which has poor performance.  Consider joining all columns at once using pd.concat(axis=1) instead. To get a de-fragmented frame, use `newframe = frame.copy()`
  result[column] = (
/var/folders/ck/dm6nl73d3v92cz_5d_bhjx_00000gn/T/phase18_exact_replay_fr87jfzp/repository/tools/v2/fit_gp_validation_distributions.py:643: PerformanceWarning: DataFrame is highly fragmented.  This is usually the result of calling `frame.insert` many times, which has poor performance.  Consider joining all columns at once using pd.concat(axis=1) instead. To get a de-fragmented frame, use `newframe = frame.copy()`
  result[column] = (
/var/folders/ck/dm6nl73d3v92cz_5d_bhjx_00000gn/T/phase18_exact_replay_fr87jfzp/repository/tools/v2/fit_gp_validation_distributions.py:643: PerformanceWarning: DataFrame is highly fragmented.  This is usually the result of calling `frame.insert` many times, which has poor performance.  Consider joining all columns at once using pd.concat(axis=1) instead. To get a de-fragmented frame, use `newframe = frame.copy()`
  result[column] = (
/var/folders/ck/dm6nl73d3v92cz_5d_bhjx_00000gn/T/phase18_exact_replay_fr87jfzp/repository/tools/v2/fit_gp_validation_distributions.py:643: PerformanceWarning: DataFrame is highly fragmented.  This is usually the result of calling `frame.insert` many times, which has poor performance.  Consider joining all columns at once using pd.concat(axis=1) instead. To get a de-fragmented frame, use `newframe = frame.copy()`
  result[column] = (
/var/folders/ck/dm6nl73d3v92cz_5d_bhjx_00000gn/T/phase18_exact_replay_fr87jfzp/repository/tools/v2/fit_gp_validation_distributions.py:643: PerformanceWarning: DataFrame is highly fragmented.  This is usually the result of calling `frame.insert` many times, which has poor performance.  Consider joining all columns at once using pd.concat(axis=1) instead. To get a de-fragmented frame, use `newframe = frame.copy()`
  result[column] = (
/var/folders/ck/dm6nl73d3v92cz_5d_bhjx_00000gn/T/phase18_exact_replay_fr87jfzp/repository/tools/v2/fit_gp_validation_distributions.py:643: PerformanceWarning: DataFrame is highly fragmented.  This is usually the result of calling `frame.insert` many times, which has poor performance.  Consider joining all columns at once using pd.concat(axis=1) instead. To get a de-fragmented frame, use `newframe = frame.copy()`
  result[column] = (
/var/folders/ck/dm6nl73d3v92cz_5d_bhjx_00000gn/T/phase18_exact_replay_fr87jfzp/repository/tools/v2/fit_gp_validation_distributions.py:643: PerformanceWarning: DataFrame is highly fragmented.  This is usually the result of calling `frame.insert` many times, which has poor performance.  Consider joining all columns at once using pd.concat(axis=1) instead. To get a de-fragmented frame, use `newframe = frame.copy()`
  result[column] = (
/var/folders/ck/dm6nl73d3v92cz_5d_bhjx_00000gn/T/phase18_exact_replay_fr87jfzp/repository/tools/v2/fit_gp_validation_distributions.py:643: PerformanceWarning: DataFrame is highly fragmented.  This is usually the result of calling `frame.insert` many times, which has poor performance.  Consider joining all columns at once using pd.concat(axis=1) instead. To get a de-fragmented frame, use `newframe = frame.copy()`
  result[column] = (
/var/folders/ck/dm6nl73d3v92cz_5d_bhjx_00000gn/T/phase18_exact_replay_fr87jfzp/repository/tools/v2/fit_gp_validation_distributions.py:643: PerformanceWarning: DataFrame is highly fragmented.  This is usually the result of calling `frame.insert` many times, which has poor performance.  Consider joining all columns at once using pd.concat(axis=1) instead. To get a de-fragmented frame, use `newframe = frame.copy()`
  result[column] = (
/var/folders/ck/dm6nl73d3v92cz_5d_bhjx_00000gn/T/phase18_exact_replay_fr87jfzp/repository/tools/v2/fit_gp_validation_distributions.py:643: PerformanceWarning: DataFrame is highly fragmented.  This is usually the result of calling `frame.insert` many times, which has poor performance.  Consider joining all columns at once using pd.concat(axis=1) instead. To get a de-fragmented frame, use `newframe = frame.copy()`
  result[column] = (
/var/folders/ck/dm6nl73d3v92cz_5d_bhjx_00000gn/T/phase18_exact_replay_fr87jfzp/repository/tools/v2/fit_gp_validation_distributions.py:643: PerformanceWarning: DataFrame is highly fragmented.  This is usually the result of calling `frame.insert` many times, which has poor performance.  Consider joining all columns at once using pd.concat(axis=1) instead. To get a de-fragmented frame, use `newframe = frame.copy()`
  result[column] = (
/var/folders/ck/dm6nl73d3v92cz_5d_bhjx_00000gn/T/phase18_exact_replay_fr87jfzp/repository/tools/v2/fit_gp_validation_distributions.py:643: PerformanceWarning: DataFrame is highly fragmented.  This is usually the result of calling `frame.insert` many times, which has poor performance.  Consider joining all columns at once using pd.concat(axis=1) instead. To get a de-fragmented frame, use `newframe = frame.copy()`
  result[column] = (
/var/folders/ck/dm6nl73d3v92cz_5d_bhjx_00000gn/T/phase18_exact_replay_fr87jfzp/repository/tools/v2/fit_gp_validation_distributions.py:643: PerformanceWarning: DataFrame is highly fragmented.  This is usually the result of calling `frame.insert` many times, which has poor performance.  Consider joining all columns at once using pd.concat(axis=1) instead. To get a de-fragmented frame, use `newframe = frame.copy()`
  result[column] = (
/var/folders/ck/dm6nl73d3v92cz_5d_bhjx_00000gn/T/phase18_exact_replay_fr87jfzp/repository/tools/v2/fit_gp_validation_distributions.py:643: PerformanceWarning: DataFrame is highly fragmented.  This is usually the result of calling `frame.insert` many times, which has poor performance.  Consider joining all columns at once using pd.concat(axis=1) instead. To get a de-fragmented frame, use `newframe = frame.copy()`
  result[column] = (
/var/folders/ck/dm6nl73d3v92cz_5d_bhjx_00000gn/T/phase18_exact_replay_fr87jfzp/repository/tools/v2/fit_gp_validation_distributions.py:643: PerformanceWarning: DataFrame is highly fragmented.  This is usually the result of calling `frame.insert` many times, which has poor performance.  Consider joining all columns at once using pd.concat(axis=1) instead. To get a de-fragmented frame, use `newframe = frame.copy()`
  result[column] = (
/var/folders/ck/dm6nl73d3v92cz_5d_bhjx_00000gn/T/phase18_exact_replay_fr87jfzp/repository/tools/v2/fit_gp_validation_distributions.py:643: PerformanceWarning: DataFrame is highly fragmented.  This is usually the result of calling `frame.insert` many times, which has poor performance.  Consider joining all columns at once using pd.concat(axis=1) instead. To get a de-fragmented frame, use `newframe = frame.copy()`
  result[column] = (
/var/folders/ck/dm6nl73d3v92cz_5d_bhjx_00000gn/T/phase18_exact_replay_fr87jfzp/repository/tools/v2/fit_gp_validation_distributions.py:643: PerformanceWarning: DataFrame is highly fragmented.  This is usually the result of calling `frame.insert` many times, which has poor performance.  Consider joining all columns at once using pd.concat(axis=1) instead. To get a de-fragmented frame, use `newframe = frame.copy()`
  result[column] = (
/var/folders/ck/dm6nl73d3v92cz_5d_bhjx_00000gn/T/phase18_exact_replay_fr87jfzp/repository/tools/v2/fit_gp_validation_distributions.py:643: PerformanceWarning: DataFrame is highly fragmented.  This is usually the result of calling `frame.insert` many times, which has poor performance.  Consider joining all columns at once using pd.concat(axis=1) instead. To get a de-fragmented frame, use `newframe = frame.copy()`
  result[column] = (
/var/folders/ck/dm6nl73d3v92cz_5d_bhjx_00000gn/T/phase18_exact_replay_fr87jfzp/repository/tools/v2/fit_gp_validation_distributions.py:643: PerformanceWarning: DataFrame is highly fragmented.  This is usually the result of calling `frame.insert` many times, which has poor performance.  Consider joining all columns at once using pd.concat(axis=1) instead. To get a de-fragmented frame, use `newframe = frame.copy()`
  result[column] = (
/var/folders/ck/dm6nl73d3v92cz_5d_bhjx_00000gn/T/phase18_exact_replay_fr87jfzp/repository/tools/v2/fit_gp_validation_distributions.py:643: PerformanceWarning: DataFrame is highly fragmented.  This is usually the result of calling `frame.insert` many times, which has poor performance.  Consider joining all columns at once using pd.concat(axis=1) instead. To get a de-fragmented frame, use `newframe = frame.copy()`
  result[column] = (
/var/folders/ck/dm6nl73d3v92cz_5d_bhjx_00000gn/T/phase18_exact_replay_fr87jfzp/repository/tools/v2/fit_gp_validation_distributions.py:643: PerformanceWarning: DataFrame is highly fragmented.  This is usually the result of calling `frame.insert` many times, which has poor performance.  Consider joining all columns at once using pd.concat(axis=1) instead. To get a de-fragmented frame, use `newframe = frame.copy()`
  result[column] = (
/var/folders/ck/dm6nl73d3v92cz_5d_bhjx_00000gn/T/phase18_exact_replay_fr87jfzp/repository/tools/v2/fit_gp_validation_distributions.py:643: PerformanceWarning: DataFrame is highly fragmented.  This is usually the result of calling `frame.insert` many times, which has poor performance.  Consider joining all columns at once using pd.concat(axis=1) instead. To get a de-fragmented frame, use `newframe = frame.copy()`
  result[column] = (
/var/folders/ck/dm6nl73d3v92cz_5d_bhjx_00000gn/T/phase18_exact_replay_fr87jfzp/repository/tools/v2/fit_gp_validation_distributions.py:643: PerformanceWarning: DataFrame is highly fragmented.  This is usually the result of calling `frame.insert` many times, which has poor performance.  Consider joining all columns at once using pd.concat(axis=1) instead. To get a de-fragmented frame, use `newframe = frame.copy()`
  result[column] = (
/var/folders/ck/dm6nl73d3v92cz_5d_bhjx_00000gn/T/phase18_exact_replay_fr87jfzp/repository/tools/v2/fit_gp_validation_distributions.py:643: PerformanceWarning: DataFrame is highly fragmented.  This is usually the result of calling `frame.insert` many times, which has poor performance.  Consider joining all columns at once using pd.concat(axis=1) instead. To get a de-fragmented frame, use `newframe = frame.copy()`
  result[column] = (
/var/folders/ck/dm6nl73d3v92cz_5d_bhjx_00000gn/T/phase18_exact_replay_fr87jfzp/repository/tools/v2/fit_gp_validation_distributions.py:643: PerformanceWarning: DataFrame is highly fragmented.  This is usually the result of calling `frame.insert` many times, which has poor performance.  Consider joining all columns at once using pd.concat(axis=1) instead. To get a de-fragmented frame, use `newframe = frame.copy()`
  result[column] = (
/var/folders/ck/dm6nl73d3v92cz_5d_bhjx_00000gn/T/phase18_exact_replay_fr87jfzp/repository/tools/v2/fit_gp_validation_distributions.py:643: PerformanceWarning: DataFrame is highly fragmented.  This is usually the result of calling `frame.insert` many times, which has poor performance.  Consider joining all columns at once using pd.concat(axis=1) instead. To get a de-fragmented frame, use `newframe = frame.copy()`
  result[column] = (
/var/folders/ck/dm6nl73d3v92cz_5d_bhjx_00000gn/T/phase18_exact_replay_fr87jfzp/repository/tools/v2/fit_gp_validation_distributions.py:643: PerformanceWarning: DataFrame is highly fragmented.  This is usually the result of calling `frame.insert` many times, which has poor performance.  Consider joining all columns at once using pd.concat(axis=1) instead. To get a de-fragmented frame, use `newframe = frame.copy()`
  result[column] = (
/var/folders/ck/dm6nl73d3v92cz_5d_bhjx_00000gn/T/phase18_exact_replay_fr87jfzp/repository/tools/v2/fit_gp_validation_distributions.py:643: PerformanceWarning: DataFrame is highly fragmented.  This is usually the result of calling `frame.insert` many times, which has poor performance.  Consider joining all columns at once using pd.concat(axis=1) instead. To get a de-fragmented frame, use `newframe = frame.copy()`
  result[column] = (
/var/folders/ck/dm6nl73d3v92cz_5d_bhjx_00000gn/T/phase18_exact_replay_fr87jfzp/repository/tools/v2/fit_gp_validation_distributions.py:643: PerformanceWarning: DataFrame is highly fragmented.  This is usually the result of calling `frame.insert` many times, which has poor performance.  Consider joining all columns at once using pd.concat(axis=1) instead. To get a de-fragmented frame, use `newframe = frame.copy()`
  result[column] = (
/var/folders/ck/dm6nl73d3v92cz_5d_bhjx_00000gn/T/phase18_exact_replay_fr87jfzp/repository/tools/v2/fit_gp_validation_distributions.py:643: PerformanceWarning: DataFrame is highly fragmented.  This is usually the result of calling `frame.insert` many times, which has poor performance.  Consider joining all columns at once using pd.concat(axis=1) instead. To get a de-fragmented frame, use `newframe = frame.copy()`
  result[column] = (
/var/folders/ck/dm6nl73d3v92cz_5d_bhjx_00000gn/T/phase18_exact_replay_fr87jfzp/repository/tools/v2/fit_gp_validation_distributions.py:643: PerformanceWarning: DataFrame is highly fragmented.  This is usually the result of calling `frame.insert` many times, which has poor performance.  Consider joining all columns at once using pd.concat(axis=1) instead. To get a de-fragmented frame, use `newframe = frame.copy()`
  result[column] = (
/var/folders/ck/dm6nl73d3v92cz_5d_bhjx_00000gn/T/phase18_exact_replay_fr87jfzp/repository/tools/v2/fit_gp_validation_distributions.py:643: PerformanceWarning: DataFrame is highly fragmented.  This is usually the result of calling `frame.insert` many times, which has poor performance.  Consider joining all columns at once using pd.concat(axis=1) instead. To get a de-fragmented frame, use `newframe = frame.copy()`
  result[column] = (
/var/folders/ck/dm6nl73d3v92cz_5d_bhjx_00000gn/T/phase18_exact_replay_fr87jfzp/repository/tools/v2/fit_gp_validation_distributions.py:643: PerformanceWarning: DataFrame is highly fragmented.  This is usually the result of calling `frame.insert` many times, which has poor performance.  Consider joining all columns at once using pd.concat(axis=1) instead. To get a de-fragmented frame, use `newframe = frame.copy()`
  result[column] = (
/var/folders/ck/dm6nl73d3v92cz_5d_bhjx_00000gn/T/phase18_exact_replay_fr87jfzp/repository/tools/v2/fit_gp_validation_distributions.py:643: PerformanceWarning: DataFrame is highly fragmented.  This is usually the result of calling `frame.insert` many times, which has poor performance.  Consider joining all columns at once using pd.concat(axis=1) instead. To get a de-fragmented frame, use `newframe = frame.copy()`
  result[column] = (
/var/folders/ck/dm6nl73d3v92cz_5d_bhjx_00000gn/T/phase18_exact_replay_fr87jfzp/repository/tools/v2/fit_gp_validation_distributions.py:643: PerformanceWarning: DataFrame is highly fragmented.  This is usually the result of calling `frame.insert` many times, which has poor performance.  Consider joining all columns at once using pd.concat(axis=1) instead. To get a de-fragmented frame, use `newframe = frame.copy()`
  result[column] = (
/var/folders/ck/dm6nl73d3v92cz_5d_bhjx_00000gn/T/phase18_exact_replay_fr87jfzp/repository/tools/v2/fit_gp_validation_distributions.py:643: PerformanceWarning: DataFrame is highly fragmented.  This is usually the result of calling `frame.insert` many times, which has poor performance.  Consider joining all columns at once using pd.concat(axis=1) instead. To get a de-fragmented frame, use `newframe = frame.copy()`
  result[column] = (
/var/folders/ck/dm6nl73d3v92cz_5d_bhjx_00000gn/T/phase18_exact_replay_fr87jfzp/repository/tools/v2/fit_gp_validation_distributions.py:643: PerformanceWarning: DataFrame is highly fragmented.  This is usually the result of calling `frame.insert` many times, which has poor performance.  Consider joining all columns at once using pd.concat(axis=1) instead. To get a de-fragmented frame, use `newframe = frame.copy()`
  result[column] = (
/var/folders/ck/dm6nl73d3v92cz_5d_bhjx_00000gn/T/phase18_exact_replay_fr87jfzp/repository/tools/v2/fit_gp_validation_distributions.py:643: PerformanceWarning: DataFrame is highly fragmented.  This is usually the result of calling `frame.insert` many times, which has poor performance.  Consider joining all columns at once using pd.concat(axis=1) instead. To get a de-fragmented frame, use `newframe = frame.copy()`
  result[column] = (
/var/folders/ck/dm6nl73d3v92cz_5d_bhjx_00000gn/T/phase18_exact_replay_fr87jfzp/repository/tools/v2/fit_gp_validation_distributions.py:643: PerformanceWarning: DataFrame is highly fragmented.  This is usually the result of calling `frame.insert` many times, which has poor performance.  Consider joining all columns at once using pd.concat(axis=1) instead. To get a de-fragmented frame, use `newframe = frame.copy()`
  result[column] = (
/var/folders/ck/dm6nl73d3v92cz_5d_bhjx_00000gn/T/phase18_exact_replay_fr87jfzp/repository/tools/v2/fit_gp_validation_distributions.py:643: PerformanceWarning: DataFrame is highly fragmented.  This is usually the result of calling `frame.insert` many times, which has poor performance.  Consider joining all columns at once using pd.concat(axis=1) instead. To get a de-fragmented frame, use `newframe = frame.copy()`
  result[column] = (
/var/folders/ck/dm6nl73d3v92cz_5d_bhjx_00000gn/T/phase18_exact_replay_fr87jfzp/repository/tools/v2/fit_gp_validation_distributions.py:643: PerformanceWarning: DataFrame is highly fragmented.  This is usually the result of calling `frame.insert` many times, which has poor performance.  Consider joining all columns at once using pd.concat(axis=1) instead. To get a de-fragmented frame, use `newframe = frame.copy()`
  result[column] = (
/var/folders/ck/dm6nl73d3v92cz_5d_bhjx_00000gn/T/phase18_exact_replay_fr87jfzp/repository/tools/v2/fit_gp_validation_distributions.py:643: PerformanceWarning: DataFrame is highly fragmented.  This is usually the result of calling `frame.insert` many times, which has poor performance.  Consider joining all columns at once using pd.concat(axis=1) instead. To get a de-fragmented frame, use `newframe = frame.copy()`
  result[column] = (
/var/folders/ck/dm6nl73d3v92cz_5d_bhjx_00000gn/T/phase18_exact_replay_fr87jfzp/repository/tools/v2/fit_gp_validation_distributions.py:643: PerformanceWarning: DataFrame is highly fragmented.  This is usually the result of calling `frame.insert` many times, which has poor performance.  Consider joining all columns at once using pd.concat(axis=1) instead. To get a de-fragmented frame, use `newframe = frame.copy()`
  result[column] = (
/var/folders/ck/dm6nl73d3v92cz_5d_bhjx_00000gn/T/phase18_exact_replay_fr87jfzp/repository/tools/v2/fit_gp_validation_distributions.py:643: PerformanceWarning: DataFrame is highly fragmented.  This is usually the result of calling `frame.insert` many times, which has poor performance.  Consider joining all columns at once using pd.concat(axis=1) instead. To get a de-fragmented frame, use `newframe = frame.copy()`
  result[column] = (
/var/folders/ck/dm6nl73d3v92cz_5d_bhjx_00000gn/T/phase18_exact_replay_fr87jfzp/repository/tools/v2/fit_gp_validation_distributions.py:643: PerformanceWarning: DataFrame is highly fragmented.  This is usually the result of calling `frame.insert` many times, which has poor performance.  Consider joining all columns at once using pd.concat(axis=1) instead. To get a de-fragmented frame, use `newframe = frame.copy()`
  result[column] = (
/var/folders/ck/dm6nl73d3v92cz_5d_bhjx_00000gn/T/phase18_exact_replay_fr87jfzp/repository/tools/v2/fit_gp_validation_distributions.py:643: PerformanceWarning: DataFrame is highly fragmented.  This is usually the result of calling `frame.insert` many times, which has poor performance.  Consider joining all columns at once using pd.concat(axis=1) instead. To get a de-fragmented frame, use `newframe = frame.copy()`
  result[column] = (
/var/folders/ck/dm6nl73d3v92cz_5d_bhjx_00000gn/T/phase18_exact_replay_fr87jfzp/repository/tools/v2/fit_gp_validation_distributions.py:643: PerformanceWarning: DataFrame is highly fragmented.  This is usually the result of calling `frame.insert` many times, which has poor performance.  Consider joining all columns at once using pd.concat(axis=1) instead. To get a de-fragmented frame, use `newframe = frame.copy()`
  result[column] = (
/var/folders/ck/dm6nl73d3v92cz_5d_bhjx_00000gn/T/phase18_exact_replay_fr87jfzp/repository/tools/v2/fit_gp_validation_distributions.py:643: PerformanceWarning: DataFrame is highly fragmented.  This is usually the result of calling `frame.insert` many times, which has poor performance.  Consider joining all columns at once using pd.concat(axis=1) instead. To get a de-fragmented frame, use `newframe = frame.copy()`
  result[column] = (
/var/folders/ck/dm6nl73d3v92cz_5d_bhjx_00000gn/T/phase18_exact_replay_fr87jfzp/repository/tools/v2/fit_gp_validation_distributions.py:643: PerformanceWarning: DataFrame is highly fragmented.  This is usually the result of calling `frame.insert` many times, which has poor performance.  Consider joining all columns at once using pd.concat(axis=1) instead. To get a de-fragmented frame, use `newframe = frame.copy()`
  result[column] = (
/var/folders/ck/dm6nl73d3v92cz_5d_bhjx_00000gn/T/phase18_exact_replay_fr87jfzp/repository/tools/v2/fit_gp_validation_distributions.py:643: PerformanceWarning: DataFrame is highly fragmented.  This is usually the result of calling `frame.insert` many times, which has poor performance.  Consider joining all columns at once using pd.concat(axis=1) instead. To get a de-fragmented frame, use `newframe = frame.copy()`
  result[column] = (
/var/folders/ck/dm6nl73d3v92cz_5d_bhjx_00000gn/T/phase18_exact_replay_fr87jfzp/repository/tools/v2/fit_gp_validation_distributions.py:643: PerformanceWarning: DataFrame is highly fragmented.  This is usually the result of calling `frame.insert` many times, which has poor performance.  Consider joining all columns at once using pd.concat(axis=1) instead. To get a de-fragmented frame, use `newframe = frame.copy()`
  result[column] = (
/var/folders/ck/dm6nl73d3v92cz_5d_bhjx_00000gn/T/phase18_exact_replay_fr87jfzp/repository/tools/v2/fit_gp_validation_distributions.py:643: PerformanceWarning: DataFrame is highly fragmented.  This is usually the result of calling `frame.insert` many times, which has poor performance.  Consider joining all columns at once using pd.concat(axis=1) instead. To get a de-fragmented frame, use `newframe = frame.copy()`
  result[column] = (
/var/folders/ck/dm6nl73d3v92cz_5d_bhjx_00000gn/T/phase18_exact_replay_fr87jfzp/repository/tools/v2/fit_gp_validation_distributions.py:643: PerformanceWarning: DataFrame is highly fragmented.  This is usually the result of calling `frame.insert` many times, which has poor performance.  Consider joining all columns at once using pd.concat(axis=1) instead. To get a de-fragmented frame, use `newframe = frame.copy()`
  result[column] = (
/var/folders/ck/dm6nl73d3v92cz_5d_bhjx_00000gn/T/phase18_exact_replay_fr87jfzp/repository/tools/v2/fit_gp_validation_distributions.py:643: PerformanceWarning: DataFrame is highly fragmented.  This is usually the result of calling `frame.insert` many times, which has poor performance.  Consider joining all columns at once using pd.concat(axis=1) instead. To get a de-fragmented frame, use `newframe = frame.copy()`
  result[column] = (
/var/folders/ck/dm6nl73d3v92cz_5d_bhjx_00000gn/T/phase18_exact_replay_fr87jfzp/repository/tools/v2/fit_gp_validation_distributions.py:643: PerformanceWarning: DataFrame is highly fragmented.  This is usually the result of calling `frame.insert` many times, which has poor performance.  Consider joining all columns at once using pd.concat(axis=1) instead. To get a de-fragmented frame, use `newframe = frame.copy()`
  result[column] = (
/var/folders/ck/dm6nl73d3v92cz_5d_bhjx_00000gn/T/phase18_exact_replay_fr87jfzp/repository/tools/v2/fit_gp_validation_distributions.py:643: PerformanceWarning: DataFrame is highly fragmented.  This is usually the result of calling `frame.insert` many times, which has poor performance.  Consider joining all columns at once using pd.concat(axis=1) instead. To get a de-fragmented frame, use `newframe = frame.copy()`
  result[column] = (
/var/folders/ck/dm6nl73d3v92cz_5d_bhjx_00000gn/T/phase18_exact_replay_fr87jfzp/repository/tools/v2/fit_gp_validation_distributions.py:643: PerformanceWarning: DataFrame is highly fragmented.  This is usually the result of calling `frame.insert` many times, which has poor performance.  Consider joining all columns at once using pd.concat(axis=1) instead. To get a de-fragmented frame, use `newframe = frame.copy()`
  result[column] = (
/var/folders/ck/dm6nl73d3v92cz_5d_bhjx_00000gn/T/phase18_exact_replay_fr87jfzp/repository/tools/v2/fit_gp_validation_distributions.py:643: PerformanceWarning: DataFrame is highly fragmented.  This is usually the result of calling `frame.insert` many times, which has poor performance.  Consider joining all columns at once using pd.concat(axis=1) instead. To get a de-fragmented frame, use `newframe = frame.copy()`
  result[column] = (
/var/folders/ck/dm6nl73d3v92cz_5d_bhjx_00000gn/T/phase18_exact_replay_fr87jfzp/repository/tools/v2/fit_gp_validation_distributions.py:643: PerformanceWarning: DataFrame is highly fragmented.  This is usually the result of calling `frame.insert` many times, which has poor performance.  Consider joining all columns at once using pd.concat(axis=1) instead. To get a de-fragmented frame, use `newframe = frame.copy()`
  result[column] = (
/var/folders/ck/dm6nl73d3v92cz_5d_bhjx_00000gn/T/phase18_exact_replay_fr87jfzp/repository/tools/v2/fit_gp_validation_distributions.py:643: PerformanceWarning: DataFrame is highly fragmented.  This is usually the result of calling `frame.insert` many times, which has poor performance.  Consider joining all columns at once using pd.concat(axis=1) instead. To get a de-fragmented frame, use `newframe = frame.copy()`
  result[column] = (
/var/folders/ck/dm6nl73d3v92cz_5d_bhjx_00000gn/T/phase18_exact_replay_fr87jfzp/repository/tools/v2/fit_gp_validation_distributions.py:643: PerformanceWarning: DataFrame is highly fragmented.  This is usually the result of calling `frame.insert` many times, which has poor performance.  Consider joining all columns at once using pd.concat(axis=1) instead. To get a de-fragmented frame, use `newframe = frame.copy()`
  result[column] = (
/var/folders/ck/dm6nl73d3v92cz_5d_bhjx_00000gn/T/phase18_exact_replay_fr87jfzp/repository/tools/v2/fit_gp_validation_distributions.py:643: PerformanceWarning: DataFrame is highly fragmented.  This is usually the result of calling `frame.insert` many times, which has poor performance.  Consider joining all columns at once using pd.concat(axis=1) instead. To get a de-fragmented frame, use `newframe = frame.copy()`
  result[column] = (
/var/folders/ck/dm6nl73d3v92cz_5d_bhjx_00000gn/T/phase18_exact_replay_fr87jfzp/repository/tools/v2/fit_gp_validation_distributions.py:643: PerformanceWarning: DataFrame is highly fragmented.  This is usually the result of calling `frame.insert` many times, which has poor performance.  Consider joining all columns at once using pd.concat(axis=1) instead. To get a de-fragmented frame, use `newframe = frame.copy()`
  result[column] = (
/var/folders/ck/dm6nl73d3v92cz_5d_bhjx_00000gn/T/phase18_exact_replay_fr87jfzp/repository/tools/v2/fit_gp_validation_distributions.py:643: PerformanceWarning: DataFrame is highly fragmented.  This is usually the result of calling `frame.insert` many times, which has poor performance.  Consider joining all columns at once using pd.concat(axis=1) instead. To get a de-fragmented frame, use `newframe = frame.copy()`
  result[column] = (
/var/folders/ck/dm6nl73d3v92cz_5d_bhjx_00000gn/T/phase18_exact_replay_fr87jfzp/repository/tools/v2/fit_gp_validation_distributions.py:643: PerformanceWarning: DataFrame is highly fragmented.  This is usually the result of calling `frame.insert` many times, which has poor performance.  Consider joining all columns at once using pd.concat(axis=1) instead. To get a de-fragmented frame, use `newframe = frame.copy()`
  result[column] = (
/var/folders/ck/dm6nl73d3v92cz_5d_bhjx_00000gn/T/phase18_exact_replay_fr87jfzp/repository/tools/v2/fit_gp_validation_distributions.py:643: PerformanceWarning: DataFrame is highly fragmented.  This is usually the result of calling `frame.insert` many times, which has poor performance.  Consider joining all columns at once using pd.concat(axis=1) instead. To get a de-fragmented frame, use `newframe = frame.copy()`
  result[column] = (
/var/folders/ck/dm6nl73d3v92cz_5d_bhjx_00000gn/T/phase18_exact_replay_fr87jfzp/repository/tools/v2/fit_gp_validation_distributions.py:643: PerformanceWarning: DataFrame is highly fragmented.  This is usually the result of calling `frame.insert` many times, which has poor performance.  Consider joining all columns at once using pd.concat(axis=1) instead. To get a de-fragmented frame, use `newframe = frame.copy()`
  result[column] = (
/var/folders/ck/dm6nl73d3v92cz_5d_bhjx_00000gn/T/phase18_exact_replay_fr87jfzp/repository/tools/v2/fit_gp_validation_distributions.py:643: PerformanceWarning: DataFrame is highly fragmented.  This is usually the result of calling `frame.insert` many times, which has poor performance.  Consider joining all columns at once using pd.concat(axis=1) instead. To get a de-fragmented frame, use `newframe = frame.copy()`
  result[column] = (
/var/folders/ck/dm6nl73d3v92cz_5d_bhjx_00000gn/T/phase18_exact_replay_fr87jfzp/repository/tools/v2/fit_gp_validation_distributions.py:643: PerformanceWarning: DataFrame is highly fragmented.  This is usually the result of calling `frame.insert` many times, which has poor performance.  Consider joining all columns at once using pd.concat(axis=1) instead. To get a de-fragmented frame, use `newframe = frame.copy()`
  result[column] = (
/var/folders/ck/dm6nl73d3v92cz_5d_bhjx_00000gn/T/phase18_exact_replay_fr87jfzp/repository/tools/v2/fit_gp_validation_distributions.py:643: PerformanceWarning: DataFrame is highly fragmented.  This is usually the result of calling `frame.insert` many times, which has poor performance.  Consider joining all columns at once using pd.concat(axis=1) instead. To get a de-fragmented frame, use `newframe = frame.copy()`
  result[column] = (
/var/folders/ck/dm6nl73d3v92cz_5d_bhjx_00000gn/T/phase18_exact_replay_fr87jfzp/repository/tools/v2/fit_gp_validation_distributions.py:643: PerformanceWarning: DataFrame is highly fragmented.  This is usually the result of calling `frame.insert` many times, which has poor performance.  Consider joining all columns at once using pd.concat(axis=1) instead. To get a de-fragmented frame, use `newframe = frame.copy()`
  result[column] = (
/var/folders/ck/dm6nl73d3v92cz_5d_bhjx_00000gn/T/phase18_exact_replay_fr87jfzp/repository/tools/v2/fit_gp_validation_distributions.py:643: PerformanceWarning: DataFrame is highly fragmented.  This is usually the result of calling `frame.insert` many times, which has poor performance.  Consider joining all columns at once using pd.concat(axis=1) instead. To get a de-fragmented frame, use `newframe = frame.copy()`
  result[column] = (
/var/folders/ck/dm6nl73d3v92cz_5d_bhjx_00000gn/T/phase18_exact_replay_fr87jfzp/repository/tools/v2/fit_gp_validation_distributions.py:643: PerformanceWarning: DataFrame is highly fragmented.  This is usually the result of calling `frame.insert` many times, which has poor performance.  Consider joining all columns at once using pd.concat(axis=1) instead. To get a de-fragmented frame, use `newframe = frame.copy()`
  result[column] = (
/var/folders/ck/dm6nl73d3v92cz_5d_bhjx_00000gn/T/phase18_exact_replay_fr87jfzp/repository/tools/v2/fit_gp_validation_distributions.py:643: PerformanceWarning: DataFrame is highly fragmented.  This is usually the result of calling `frame.insert` many times, which has poor performance.  Consider joining all columns at once using pd.concat(axis=1) instead. To get a de-fragmented frame, use `newframe = frame.copy()`
  result[column] = (
/var/folders/ck/dm6nl73d3v92cz_5d_bhjx_00000gn/T/phase18_exact_replay_fr87jfzp/repository/tools/v2/fit_gp_validation_distributions.py:643: PerformanceWarning: DataFrame is highly fragmented.  This is usually the result of calling `frame.insert` many times, which has poor performance.  Consider joining all columns at once using pd.concat(axis=1) instead. To get a de-fragmented frame, use `newframe = frame.copy()`
  result[column] = (
/var/folders/ck/dm6nl73d3v92cz_5d_bhjx_00000gn/T/phase18_exact_replay_fr87jfzp/repository/tools/v2/fit_gp_validation_distributions.py:643: PerformanceWarning: DataFrame is highly fragmented.  This is usually the result of calling `frame.insert` many times, which has poor performance.  Consider joining all columns at once using pd.concat(axis=1) instead. To get a de-fragmented frame, use `newframe = frame.copy()`
  result[column] = (
/var/folders/ck/dm6nl73d3v92cz_5d_bhjx_00000gn/T/phase18_exact_replay_fr87jfzp/repository/tools/v2/fit_gp_validation_distributions.py:643: PerformanceWarning: DataFrame is highly fragmented.  This is usually the result of calling `frame.insert` many times, which has poor performance.  Consider joining all columns at once using pd.concat(axis=1) instead. To get a de-fragmented frame, use `newframe = frame.copy()`
  result[column] = (
/var/folders/ck/dm6nl73d3v92cz_5d_bhjx_00000gn/T/phase18_exact_replay_fr87jfzp/repository/tools/v2/fit_gp_validation_distributions.py:643: PerformanceWarning: DataFrame is highly fragmented.  This is usually the result of calling `frame.insert` many times, which has poor performance.  Consider joining all columns at once using pd.concat(axis=1) instead. To get a de-fragmented frame, use `newframe = frame.copy()`
  result[column] = (
/var/folders/ck/dm6nl73d3v92cz_5d_bhjx_00000gn/T/phase18_exact_replay_fr87jfzp/repository/tools/v2/fit_gp_validation_distributions.py:643: PerformanceWarning: DataFrame is highly fragmented.  This is usually the result of calling `frame.insert` many times, which has poor performance.  Consider joining all columns at once using pd.concat(axis=1) instead. To get a de-fragmented frame, use `newframe = frame.copy()`
  result[column] = (
/var/folders/ck/dm6nl73d3v92cz_5d_bhjx_00000gn/T/phase18_exact_replay_fr87jfzp/repository/tools/v2/fit_gp_validation_distributions.py:643: PerformanceWarning: DataFrame is highly fragmented.  This is usually the result of calling `frame.insert` many times, which has poor performance.  Consider joining all columns at once using pd.concat(axis=1) instead. To get a de-fragmented frame, use `newframe = frame.copy()`
  result[column] = (
/var/folders/ck/dm6nl73d3v92cz_5d_bhjx_00000gn/T/phase18_exact_replay_fr87jfzp/repository/tools/v2/fit_gp_validation_distributions.py:643: PerformanceWarning: DataFrame is highly fragmented.  This is usually the result of calling `frame.insert` many times, which has poor performance.  Consider joining all columns at once using pd.concat(axis=1) instead. To get a de-fragmented frame, use `newframe = frame.copy()`
  result[column] = (
/var/folders/ck/dm6nl73d3v92cz_5d_bhjx_00000gn/T/phase18_exact_replay_fr87jfzp/repository/tools/v2/fit_gp_validation_distributions.py:643: PerformanceWarning: DataFrame is highly fragmented.  This is usually the result of calling `frame.insert` many times, which has poor performance.  Consider joining all columns at once using pd.concat(axis=1) instead. To get a de-fragmented frame, use `newframe = frame.copy()`
  result[column] = (
/var/folders/ck/dm6nl73d3v92cz_5d_bhjx_00000gn/T/phase18_exact_replay_fr87jfzp/repository/tools/v2/fit_gp_validation_distributions.py:643: PerformanceWarning: DataFrame is highly fragmented.  This is usually the result of calling `frame.insert` many times, which has poor performance.  Consider joining all columns at once using pd.concat(axis=1) instead. To get a de-fragmented frame, use `newframe = frame.copy()`
  result[column] = (
/var/folders/ck/dm6nl73d3v92cz_5d_bhjx_00000gn/T/phase18_exact_replay_fr87jfzp/repository/tools/v2/fit_gp_validation_distributions.py:643: PerformanceWarning: DataFrame is highly fragmented.  This is usually the result of calling `frame.insert` many times, which has poor performance.  Consider joining all columns at once using pd.concat(axis=1) instead. To get a de-fragmented frame, use `newframe = frame.copy()`
  result[column] = (
/var/folders/ck/dm6nl73d3v92cz_5d_bhjx_00000gn/T/phase18_exact_replay_fr87jfzp/repository/tools/v2/fit_gp_validation_distributions.py:643: PerformanceWarning: DataFrame is highly fragmented.  This is usually the result of calling `frame.insert` many times, which has poor performance.  Consider joining all columns at once using pd.concat(axis=1) instead. To get a de-fragmented frame, use `newframe = frame.copy()`
  result[column] = (
/var/folders/ck/dm6nl73d3v92cz_5d_bhjx_00000gn/T/phase18_exact_replay_fr87jfzp/repository/tools/v2/fit_gp_validation_distributions.py:643: PerformanceWarning: DataFrame is highly fragmented.  This is usually the result of calling `frame.insert` many times, which has poor performance.  Consider joining all columns at once using pd.concat(axis=1) instead. To get a de-fragmented frame, use `newframe = frame.copy()`
  result[column] = (
/var/folders/ck/dm6nl73d3v92cz_5d_bhjx_00000gn/T/phase18_exact_replay_fr87jfzp/repository/tools/v2/fit_gp_validation_distributions.py:643: PerformanceWarning: DataFrame is highly fragmented.  This is usually the result of calling `frame.insert` many times, which has poor performance.  Consider joining all columns at once using pd.concat(axis=1) instead. To get a de-fragmented frame, use `newframe = frame.copy()`
  result[column] = (
/var/folders/ck/dm6nl73d3v92cz_5d_bhjx_00000gn/T/phase18_exact_replay_fr87jfzp/repository/tools/v2/fit_gp_validation_distributions.py:643: PerformanceWarning: DataFrame is highly fragmented.  This is usually the result of calling `frame.insert` many times, which has poor performance.  Consider joining all columns at once using pd.concat(axis=1) instead. To get a de-fragmented frame, use `newframe = frame.copy()`
  result[column] = (
/var/folders/ck/dm6nl73d3v92cz_5d_bhjx_00000gn/T/phase18_exact_replay_fr87jfzp/repository/tools/v2/fit_gp_validation_distributions.py:643: PerformanceWarning: DataFrame is highly fragmented.  This is usually the result of calling `frame.insert` many times, which has poor performance.  Consider joining all columns at once using pd.concat(axis=1) instead. To get a de-fragmented frame, use `newframe = frame.copy()`
  result[column] = (
/var/folders/ck/dm6nl73d3v92cz_5d_bhjx_00000gn/T/phase18_exact_replay_fr87jfzp/repository/tools/v2/fit_gp_validation_distributions.py:643: PerformanceWarning: DataFrame is highly fragmented.  This is usually the result of calling `frame.insert` many times, which has poor performance.  Consider joining all columns at once using pd.concat(axis=1) instead. To get a de-fragmented frame, use `newframe = frame.copy()`
  result[column] = (
/var/folders/ck/dm6nl73d3v92cz_5d_bhjx_00000gn/T/phase18_exact_replay_fr87jfzp/repository/tools/v2/fit_gp_validation_distributions.py:643: PerformanceWarning: DataFrame is highly fragmented.  This is usually the result of calling `frame.insert` many times, which has poor performance.  Consider joining all columns at once using pd.concat(axis=1) instead. To get a de-fragmented frame, use `newframe = frame.copy()`
  result[column] = (
/var/folders/ck/dm6nl73d3v92cz_5d_bhjx_00000gn/T/phase18_exact_replay_fr87jfzp/repository/tools/v2/fit_gp_validation_distributions.py:643: PerformanceWarning: DataFrame is highly fragmented.  This is usually the result of calling `frame.insert` many times, which has poor performance.  Consider joining all columns at once using pd.concat(axis=1) instead. To get a de-fragmented frame, use `newframe = frame.copy()`
  result[column] = (
/var/folders/ck/dm6nl73d3v92cz_5d_bhjx_00000gn/T/phase18_exact_replay_fr87jfzp/repository/tools/v2/fit_gp_validation_distributions.py:643: PerformanceWarning: DataFrame is highly fragmented.  This is usually the result of calling `frame.insert` many times, which has poor performance.  Consider joining all columns at once using pd.concat(axis=1) instead. To get a de-fragmented frame, use `newframe = frame.copy()`
  result[column] = (
/var/folders/ck/dm6nl73d3v92cz_5d_bhjx_00000gn/T/phase18_exact_replay_fr87jfzp/repository/tools/v2/fit_gp_validation_distributions.py:643: PerformanceWarning: DataFrame is highly fragmented.  This is usually the result of calling `frame.insert` many times, which has poor performance.  Consider joining all columns at once using pd.concat(axis=1) instead. To get a de-fragmented frame, use `newframe = frame.copy()`
  result[column] = (
/var/folders/ck/dm6nl73d3v92cz_5d_bhjx_00000gn/T/phase18_exact_replay_fr87jfzp/repository/tools/v2/fit_gp_validation_distributions.py:643: PerformanceWarning: DataFrame is highly fragmented.  This is usually the result of calling `frame.insert` many times, which has poor performance.  Consider joining all columns at once using pd.concat(axis=1) instead. To get a de-fragmented frame, use `newframe = frame.copy()`
  result[column] = (
/var/folders/ck/dm6nl73d3v92cz_5d_bhjx_00000gn/T/phase18_exact_replay_fr87jfzp/repository/tools/v2/fit_gp_validation_distributions.py:643: PerformanceWarning: DataFrame is highly fragmented.  This is usually the result of calling `frame.insert` many times, which has poor performance.  Consider joining all columns at once using pd.concat(axis=1) instead. To get a de-fragmented frame, use `newframe = frame.copy()`
  result[column] = (
/var/folders/ck/dm6nl73d3v92cz_5d_bhjx_00000gn/T/phase18_exact_replay_fr87jfzp/repository/tools/v2/fit_gp_validation_distributions.py:643: PerformanceWarning: DataFrame is highly fragmented.  This is usually the result of calling `frame.insert` many times, which has poor performance.  Consider joining all columns at once using pd.concat(axis=1) instead. To get a de-fragmented frame, use `newframe = frame.copy()`
  result[column] = (
/var/folders/ck/dm6nl73d3v92cz_5d_bhjx_00000gn/T/phase18_exact_replay_fr87jfzp/repository/tools/v2/fit_gp_validation_distributions.py:643: PerformanceWarning: DataFrame is highly fragmented.  This is usually the result of calling `frame.insert` many times, which has poor performance.  Consider joining all columns at once using pd.concat(axis=1) instead. To get a de-fragmented frame, use `newframe = frame.copy()`
  result[column] = (
/var/folders/ck/dm6nl73d3v92cz_5d_bhjx_00000gn/T/phase18_exact_replay_fr87jfzp/repository/tools/v2/fit_gp_validation_distributions.py:643: PerformanceWarning: DataFrame is highly fragmented.  This is usually the result of calling `frame.insert` many times, which has poor performance.  Consider joining all columns at once using pd.concat(axis=1) instead. To get a de-fragmented frame, use `newframe = frame.copy()`
  result[column] = (
/var/folders/ck/dm6nl73d3v92cz_5d_bhjx_00000gn/T/phase18_exact_replay_fr87jfzp/repository/tools/v2/fit_gp_validation_distributions.py:643: PerformanceWarning: DataFrame is highly fragmented.  This is usually the result of calling `frame.insert` many times, which has poor performance.  Consider joining all columns at once using pd.concat(axis=1) instead. To get a de-fragmented frame, use `newframe = frame.copy()`
  result[column] = (
/var/folders/ck/dm6nl73d3v92cz_5d_bhjx_00000gn/T/phase18_exact_replay_fr87jfzp/repository/tools/v2/fit_gp_validation_distributions.py:643: PerformanceWarning: DataFrame is highly fragmented.  This is usually the result of calling `frame.insert` many times, which has poor performance.  Consider joining all columns at once using pd.concat(axis=1) instead. To get a de-fragmented frame, use `newframe = frame.copy()`
  result[column] = (
/var/folders/ck/dm6nl73d3v92cz_5d_bhjx_00000gn/T/phase18_exact_replay_fr87jfzp/repository/tools/v2/fit_gp_validation_distributions.py:643: PerformanceWarning: DataFrame is highly fragmented.  This is usually the result of calling `frame.insert` many times, which has poor performance.  Consider joining all columns at once using pd.concat(axis=1) instead. To get a de-fragmented frame, use `newframe = frame.copy()`
  result[column] = (
/var/folders/ck/dm6nl73d3v92cz_5d_bhjx_00000gn/T/phase18_exact_replay_fr87jfzp/repository/tools/v2/fit_gp_validation_distributions.py:643: PerformanceWarning: DataFrame is highly fragmented.  This is usually the result of calling `frame.insert` many times, which has poor performance.  Consider joining all columns at once using pd.concat(axis=1) instead. To get a de-fragmented frame, use `newframe = frame.copy()`
  result[column] = (
/var/folders/ck/dm6nl73d3v92cz_5d_bhjx_00000gn/T/phase18_exact_replay_fr87jfzp/repository/tools/v2/fit_gp_validation_distributions.py:643: PerformanceWarning: DataFrame is highly fragmented.  This is usually the result of calling `frame.insert` many times, which has poor performance.  Consider joining all columns at once using pd.concat(axis=1) instead. To get a de-fragmented frame, use `newframe = frame.copy()`
  result[column] = (
/var/folders/ck/dm6nl73d3v92cz_5d_bhjx_00000gn/T/phase18_exact_replay_fr87jfzp/repository/tools/v2/fit_gp_validation_distributions.py:643: PerformanceWarning: DataFrame is highly fragmented.  This is usually the result of calling `frame.insert` many times, which has poor performance.  Consider joining all columns at once using pd.concat(axis=1) instead. To get a de-fragmented frame, use `newframe = frame.copy()`
  result[column] = (
/var/folders/ck/dm6nl73d3v92cz_5d_bhjx_00000gn/T/phase18_exact_replay_fr87jfzp/repository/tools/v2/fit_gp_validation_distributions.py:643: PerformanceWarning: DataFrame is highly fragmented.  This is usually the result of calling `frame.insert` many times, which has poor performance.  Consider joining all columns at once using pd.concat(axis=1) instead. To get a de-fragmented frame, use `newframe = frame.copy()`
  result[column] = (
/var/folders/ck/dm6nl73d3v92cz_5d_bhjx_00000gn/T/phase18_exact_replay_fr87jfzp/repository/tools/v2/fit_gp_validation_distributions.py:643: PerformanceWarning: DataFrame is highly fragmented.  This is usually the result of calling `frame.insert` many times, which has poor performance.  Consider joining all columns at once using pd.concat(axis=1) instead. To get a de-fragmented frame, use `newframe = frame.copy()`
  result[column] = (
/var/folders/ck/dm6nl73d3v92cz_5d_bhjx_00000gn/T/phase18_exact_replay_fr87jfzp/repository/tools/v2/fit_gp_validation_distributions.py:643: PerformanceWarning: DataFrame is highly fragmented.  This is usually the result of calling `frame.insert` many times, which has poor performance.  Consider joining all columns at once using pd.concat(axis=1) instead. To get a de-fragmented frame, use `newframe = frame.copy()`
  result[column] = (
/var/folders/ck/dm6nl73d3v92cz_5d_bhjx_00000gn/T/phase18_exact_replay_fr87jfzp/repository/tools/v2/fit_gp_validation_distributions.py:643: PerformanceWarning: DataFrame is highly fragmented.  This is usually the result of calling `frame.insert` many times, which has poor performance.  Consider joining all columns at once using pd.concat(axis=1) instead. To get a de-fragmented frame, use `newframe = frame.copy()`
  result[column] = (
/var/folders/ck/dm6nl73d3v92cz_5d_bhjx_00000gn/T/phase18_exact_replay_fr87jfzp/repository/tools/v2/fit_gp_validation_distributions.py:643: PerformanceWarning: DataFrame is highly fragmented.  This is usually the result of calling `frame.insert` many times, which has poor performance.  Consider joining all columns at once using pd.concat(axis=1) instead. To get a de-fragmented frame, use `newframe = frame.copy()`
  result[column] = (
/var/folders/ck/dm6nl73d3v92cz_5d_bhjx_00000gn/T/phase18_exact_replay_fr87jfzp/repository/tools/v2/fit_gp_validation_distributions.py:643: PerformanceWarning: DataFrame is highly fragmented.  This is usually the result of calling `frame.insert` many times, which has poor performance.  Consider joining all columns at once using pd.concat(axis=1) instead. To get a de-fragmented frame, use `newframe = frame.copy()`
  result[column] = (
/var/folders/ck/dm6nl73d3v92cz_5d_bhjx_00000gn/T/phase18_exact_replay_fr87jfzp/repository/tools/v2/fit_gp_validation_distributions.py:643: PerformanceWarning: DataFrame is highly fragmented.  This is usually the result of calling `frame.insert` many times, which has poor performance.  Consider joining all columns at once using pd.concat(axis=1) instead. To get a de-fragmented frame, use `newframe = frame.copy()`
  result[column] = (
/var/folders/ck/dm6nl73d3v92cz_5d_bhjx_00000gn/T/phase18_exact_replay_fr87jfzp/repository/tools/v2/fit_gp_validation_distributions.py:643: PerformanceWarning: DataFrame is highly fragmented.  This is usually the result of calling `frame.insert` many times, which has poor performance.  Consider joining all columns at once using pd.concat(axis=1) instead. To get a de-fragmented frame, use `newframe = frame.copy()`
  result[column] = (
/var/folders/ck/dm6nl73d3v92cz_5d_bhjx_00000gn/T/phase18_exact_replay_fr87jfzp/repository/tools/v2/fit_gp_validation_distributions.py:643: PerformanceWarning: DataFrame is highly fragmented.  This is usually the result of calling `frame.insert` many times, which has poor performance.  Consider joining all columns at once using pd.concat(axis=1) instead. To get a de-fragmented frame, use `newframe = frame.copy()`
  result[column] = (
/var/folders/ck/dm6nl73d3v92cz_5d_bhjx_00000gn/T/phase18_exact_replay_fr87jfzp/repository/tools/v2/fit_gp_validation_distributions.py:643: PerformanceWarning: DataFrame is highly fragmented.  This is usually the result of calling `frame.insert` many times, which has poor performance.  Consider joining all columns at once using pd.concat(axis=1) instead. To get a de-fragmented frame, use `newframe = frame.copy()`
  result[column] = (
/var/folders/ck/dm6nl73d3v92cz_5d_bhjx_00000gn/T/phase18_exact_replay_fr87jfzp/repository/tools/v2/fit_gp_validation_distributions.py:643: PerformanceWarning: DataFrame is highly fragmented.  This is usually the result of calling `frame.insert` many times, which has poor performance.  Consider joining all columns at once using pd.concat(axis=1) instead. To get a de-fragmented frame, use `newframe = frame.copy()`
  result[column] = (
/var/folders/ck/dm6nl73d3v92cz_5d_bhjx_00000gn/T/phase18_exact_replay_fr87jfzp/repository/tools/v2/fit_gp_validation_distributions.py:643: PerformanceWarning: DataFrame is highly fragmented.  This is usually the result of calling `frame.insert` many times, which has poor performance.  Consider joining all columns at once using pd.concat(axis=1) instead. To get a de-fragmented frame, use `newframe = frame.copy()`
  result[column] = (
/var/folders/ck/dm6nl73d3v92cz_5d_bhjx_00000gn/T/phase18_exact_replay_fr87jfzp/repository/tools/v2/fit_gp_validation_distributions.py:643: PerformanceWarning: DataFrame is highly fragmented.  This is usually the result of calling `frame.insert` many times, which has poor performance.  Consider joining all columns at once using pd.concat(axis=1) instead. To get a de-fragmented frame, use `newframe = frame.copy()`
  result[column] = (
/var/folders/ck/dm6nl73d3v92cz_5d_bhjx_00000gn/T/phase18_exact_replay_fr87jfzp/repository/tools/v2/fit_gp_validation_distributions.py:643: PerformanceWarning: DataFrame is highly fragmented.  This is usually the result of calling `frame.insert` many times, which has poor performance.  Consider joining all columns at once using pd.concat(axis=1) instead. To get a de-fragmented frame, use `newframe = frame.copy()`
  result[column] = (
/var/folders/ck/dm6nl73d3v92cz_5d_bhjx_00000gn/T/phase18_exact_replay_fr87jfzp/repository/tools/v2/fit_gp_validation_distributions.py:643: PerformanceWarning: DataFrame is highly fragmented.  This is usually the result of calling `frame.insert` many times, which has poor performance.  Consider joining all columns at once using pd.concat(axis=1) instead. To get a de-fragmented frame, use `newframe = frame.copy()`
  result[column] = (
/var/folders/ck/dm6nl73d3v92cz_5d_bhjx_00000gn/T/phase18_exact_replay_fr87jfzp/repository/tools/v2/fit_gp_validation_distributions.py:643: PerformanceWarning: DataFrame is highly fragmented.  This is usually the result of calling `frame.insert` many times, which has poor performance.  Consider joining all columns at once using pd.concat(axis=1) instead. To get a de-fragmented frame, use `newframe = frame.copy()`
  result[column] = (
/var/folders/ck/dm6nl73d3v92cz_5d_bhjx_00000gn/T/phase18_exact_replay_fr87jfzp/repository/tools/v2/fit_gp_validation_distributions.py:643: PerformanceWarning: DataFrame is highly fragmented.  This is usually the result of calling `frame.insert` many times, which has poor performance.  Consider joining all columns at once using pd.concat(axis=1) instead. To get a de-fragmented frame, use `newframe = frame.copy()`
  result[column] = (
/var/folders/ck/dm6nl73d3v92cz_5d_bhjx_00000gn/T/phase18_exact_replay_fr87jfzp/repository/tools/v2/fit_gp_validation_distributions.py:643: PerformanceWarning: DataFrame is highly fragmented.  This is usually the result of calling `frame.insert` many times, which has poor performance.  Consider joining all columns at once using pd.concat(axis=1) instead. To get a de-fragmented frame, use `newframe = frame.copy()`
  result[column] = (
/var/folders/ck/dm6nl73d3v92cz_5d_bhjx_00000gn/T/phase18_exact_replay_fr87jfzp/repository/tools/v2/fit_gp_validation_distributions.py:643: PerformanceWarning: DataFrame is highly fragmented.  This is usually the result of calling `frame.insert` many times, which has poor performance.  Consider joining all columns at once using pd.concat(axis=1) instead. To get a de-fragmented frame, use `newframe = frame.copy()`
  result[column] = (
/var/folders/ck/dm6nl73d3v92cz_5d_bhjx_00000gn/T/phase18_exact_replay_fr87jfzp/repository/tools/v2/fit_gp_validation_distributions.py:643: PerformanceWarning: DataFrame is highly fragmented.  This is usually the result of calling `frame.insert` many times, which has poor performance.  Consider joining all columns at once using pd.concat(axis=1) instead. To get a de-fragmented frame, use `newframe = frame.copy()`
  result[column] = (
/var/folders/ck/dm6nl73d3v92cz_5d_bhjx_00000gn/T/phase18_exact_replay_fr87jfzp/repository/tools/v2/fit_gp_validation_distributions.py:643: PerformanceWarning: DataFrame is highly fragmented.  This is usually the result of calling `frame.insert` many times, which has poor performance.  Consider joining all columns at once using pd.concat(axis=1) instead. To get a de-fragmented frame, use `newframe = frame.copy()`
  result[column] = (
/var/folders/ck/dm6nl73d3v92cz_5d_bhjx_00000gn/T/phase18_exact_replay_fr87jfzp/repository/tools/v2/fit_gp_validation_distributions.py:643: PerformanceWarning: DataFrame is highly fragmented.  This is usually the result of calling `frame.insert` many times, which has poor performance.  Consider joining all columns at once using pd.concat(axis=1) instead. To get a de-fragmented frame, use `newframe = frame.copy()`
  result[column] = (
/var/folders/ck/dm6nl73d3v92cz_5d_bhjx_00000gn/T/phase18_exact_replay_fr87jfzp/repository/tools/v2/fit_gp_validation_distributions.py:643: PerformanceWarning: DataFrame is highly fragmented.  This is usually the result of calling `frame.insert` many times, which has poor performance.  Consider joining all columns at once using pd.concat(axis=1) instead. To get a de-fragmented frame, use `newframe = frame.copy()`
  result[column] = (
/var/folders/ck/dm6nl73d3v92cz_5d_bhjx_00000gn/T/phase18_exact_replay_fr87jfzp/repository/tools/v2/fit_gp_validation_distributions.py:643: PerformanceWarning: DataFrame is highly fragmented.  This is usually the result of calling `frame.insert` many times, which has poor performance.  Consider joining all columns at once using pd.concat(axis=1) instead. To get a de-fragmented frame, use `newframe = frame.copy()`
  result[column] = (
/var/folders/ck/dm6nl73d3v92cz_5d_bhjx_00000gn/T/phase18_exact_replay_fr87jfzp/repository/tools/v2/fit_gp_validation_distributions.py:643: PerformanceWarning: DataFrame is highly fragmented.  This is usually the result of calling `frame.insert` many times, which has poor performance.  Consider joining all columns at once using pd.concat(axis=1) instead. To get a de-fragmented frame, use `newframe = frame.copy()`
  result[column] = (
/var/folders/ck/dm6nl73d3v92cz_5d_bhjx_00000gn/T/phase18_exact_replay_fr87jfzp/repository/tools/v2/fit_gp_validation_distributions.py:643: PerformanceWarning: DataFrame is highly fragmented.  This is usually the result of calling `frame.insert` many times, which has poor performance.  Consider joining all columns at once using pd.concat(axis=1) instead. To get a de-fragmented frame, use `newframe = frame.copy()`
  result[column] = (
/var/folders/ck/dm6nl73d3v92cz_5d_bhjx_00000gn/T/phase18_exact_replay_fr87jfzp/repository/tools/v2/fit_gp_validation_distributions.py:643: PerformanceWarning: DataFrame is highly fragmented.  This is usually the result of calling `frame.insert` many times, which has poor performance.  Consider joining all columns at once using pd.concat(axis=1) instead. To get a de-fragmented frame, use `newframe = frame.copy()`
  result[column] = (
/var/folders/ck/dm6nl73d3v92cz_5d_bhjx_00000gn/T/phase18_exact_replay_fr87jfzp/repository/tools/v2/fit_gp_validation_distributions.py:643: PerformanceWarning: DataFrame is highly fragmented.  This is usually the result of calling `frame.insert` many times, which has poor performance.  Consider joining all columns at once using pd.concat(axis=1) instead. To get a de-fragmented frame, use `newframe = frame.copy()`
  result[column] = (
/var/folders/ck/dm6nl73d3v92cz_5d_bhjx_00000gn/T/phase18_exact_replay_fr87jfzp/repository/tools/v2/fit_gp_validation_distributions.py:643: PerformanceWarning: DataFrame is highly fragmented.  This is usually the result of calling `frame.insert` many times, which has poor performance.  Consider joining all columns at once using pd.concat(axis=1) instead. To get a de-fragmented frame, use `newframe = frame.copy()`
  result[column] = (
/var/folders/ck/dm6nl73d3v92cz_5d_bhjx_00000gn/T/phase18_exact_replay_fr87jfzp/repository/tools/v2/fit_gp_validation_distributions.py:643: PerformanceWarning: DataFrame is highly fragmented.  This is usually the result of calling `frame.insert` many times, which has poor performance.  Consider joining all columns at once using pd.concat(axis=1) instead. To get a de-fragmented frame, use `newframe = frame.copy()`
  result[column] = (
/var/folders/ck/dm6nl73d3v92cz_5d_bhjx_00000gn/T/phase18_exact_replay_fr87jfzp/repository/tools/v2/fit_gp_validation_distributions.py:643: PerformanceWarning: DataFrame is highly fragmented.  This is usually the result of calling `frame.insert` many times, which has poor performance.  Consider joining all columns at once using pd.concat(axis=1) instead. To get a de-fragmented frame, use `newframe = frame.copy()`
  result[column] = (
/var/folders/ck/dm6nl73d3v92cz_5d_bhjx_00000gn/T/phase18_exact_replay_fr87jfzp/repository/tools/v2/fit_gp_validation_distributions.py:643: PerformanceWarning: DataFrame is highly fragmented.  This is usually the result of calling `frame.insert` many times, which has poor performance.  Consider joining all columns at once using pd.concat(axis=1) instead. To get a de-fragmented frame, use `newframe = frame.copy()`
  result[column] = (
/var/folders/ck/dm6nl73d3v92cz_5d_bhjx_00000gn/T/phase18_exact_replay_fr87jfzp/repository/tools/v2/fit_gp_validation_distributions.py:643: PerformanceWarning: DataFrame is highly fragmented.  This is usually the result of calling `frame.insert` many times, which has poor performance.  Consider joining all columns at once using pd.concat(axis=1) instead. To get a de-fragmented frame, use `newframe = frame.copy()`
  result[column] = (
/var/folders/ck/dm6nl73d3v92cz_5d_bhjx_00000gn/T/phase18_exact_replay_fr87jfzp/repository/tools/v2/fit_gp_validation_distributions.py:643: PerformanceWarning: DataFrame is highly fragmented.  This is usually the result of calling `frame.insert` many times, which has poor performance.  Consider joining all columns at once using pd.concat(axis=1) instead. To get a de-fragmented frame, use `newframe = frame.copy()`
  result[column] = (
/var/folders/ck/dm6nl73d3v92cz_5d_bhjx_00000gn/T/phase18_exact_replay_fr87jfzp/repository/tools/v2/fit_gp_validation_distributions.py:643: PerformanceWarning: DataFrame is highly fragmented.  This is usually the result of calling `frame.insert` many times, which has poor performance.  Consider joining all columns at once using pd.concat(axis=1) instead. To get a de-fragmented frame, use `newframe = frame.copy()`
  result[column] = (
/var/folders/ck/dm6nl73d3v92cz_5d_bhjx_00000gn/T/phase18_exact_replay_fr87jfzp/repository/tools/v2/fit_gp_validation_distributions.py:643: PerformanceWarning: DataFrame is highly fragmented.  This is usually the result of calling `frame.insert` many times, which has poor performance.  Consider joining all columns at once using pd.concat(axis=1) instead. To get a de-fragmented frame, use `newframe = frame.copy()`
  result[column] = (
/var/folders/ck/dm6nl73d3v92cz_5d_bhjx_00000gn/T/phase18_exact_replay_fr87jfzp/repository/tools/v2/fit_gp_validation_distributions.py:643: PerformanceWarning: DataFrame is highly fragmented.  This is usually the result of calling `frame.insert` many times, which has poor performance.  Consider joining all columns at once using pd.concat(axis=1) instead. To get a de-fragmented frame, use `newframe = frame.copy()`
  result[column] = (
/var/folders/ck/dm6nl73d3v92cz_5d_bhjx_00000gn/T/phase18_exact_replay_fr87jfzp/repository/tools/v2/fit_gp_validation_distributions.py:643: PerformanceWarning: DataFrame is highly fragmented.  This is usually the result of calling `frame.insert` many times, which has poor performance.  Consider joining all columns at once using pd.concat(axis=1) instead. To get a de-fragmented frame, use `newframe = frame.copy()`
  result[column] = (
/var/folders/ck/dm6nl73d3v92cz_5d_bhjx_00000gn/T/phase18_exact_replay_fr87jfzp/repository/tools/v2/fit_gp_validation_distributions.py:643: PerformanceWarning: DataFrame is highly fragmented.  This is usually the result of calling `frame.insert` many times, which has poor performance.  Consider joining all columns at once using pd.concat(axis=1) instead. To get a de-fragmented frame, use `newframe = frame.copy()`
  result[column] = (
/var/folders/ck/dm6nl73d3v92cz_5d_bhjx_00000gn/T/phase18_exact_replay_fr87jfzp/repository/tools/v2/fit_gp_validation_distributions.py:643: PerformanceWarning: DataFrame is highly fragmented.  This is usually the result of calling `frame.insert` many times, which has poor performance.  Consider joining all columns at once using pd.concat(axis=1) instead. To get a de-fragmented frame, use `newframe = frame.copy()`
  result[column] = (
/var/folders/ck/dm6nl73d3v92cz_5d_bhjx_00000gn/T/phase18_exact_replay_fr87jfzp/repository/tools/v2/fit_gp_validation_distributions.py:643: PerformanceWarning: DataFrame is highly fragmented.  This is usually the result of calling `frame.insert` many times, which has poor performance.  Consider joining all columns at once using pd.concat(axis=1) instead. To get a de-fragmented frame, use `newframe = frame.copy()`
  result[column] = (
/var/folders/ck/dm6nl73d3v92cz_5d_bhjx_00000gn/T/phase18_exact_replay_fr87jfzp/repository/tools/v2/fit_gp_validation_distributions.py:643: PerformanceWarning: DataFrame is highly fragmented.  This is usually the result of calling `frame.insert` many times, which has poor performance.  Consider joining all columns at once using pd.concat(axis=1) instead. To get a de-fragmented frame, use `newframe = frame.copy()`
  result[column] = (
/var/folders/ck/dm6nl73d3v92cz_5d_bhjx_00000gn/T/phase18_exact_replay_fr87jfzp/repository/tools/v2/fit_gp_validation_distributions.py:643: PerformanceWarning: DataFrame is highly fragmented.  This is usually the result of calling `frame.insert` many times, which has poor performance.  Consider joining all columns at once using pd.concat(axis=1) instead. To get a de-fragmented frame, use `newframe = frame.copy()`
  result[column] = (
/var/folders/ck/dm6nl73d3v92cz_5d_bhjx_00000gn/T/phase18_exact_replay_fr87jfzp/repository/tools/v2/fit_gp_validation_distributions.py:643: PerformanceWarning: DataFrame is highly fragmented.  This is usually the result of calling `frame.insert` many times, which has poor performance.  Consider joining all columns at once using pd.concat(axis=1) instead. To get a de-fragmented frame, use `newframe = frame.copy()`
  result[column] = (
/var/folders/ck/dm6nl73d3v92cz_5d_bhjx_00000gn/T/phase18_exact_replay_fr87jfzp/repository/tools/v2/fit_gp_validation_distributions.py:643: PerformanceWarning: DataFrame is highly fragmented.  This is usually the result of calling `frame.insert` many times, which has poor performance.  Consider joining all columns at once using pd.concat(axis=1) instead. To get a de-fragmented frame, use `newframe = frame.copy()`
  result[column] = (
/var/folders/ck/dm6nl73d3v92cz_5d_bhjx_00000gn/T/phase18_exact_replay_fr87jfzp/repository/tools/v2/fit_gp_validation_distributions.py:643: PerformanceWarning: DataFrame is highly fragmented.  This is usually the result of calling `frame.insert` many times, which has poor performance.  Consider joining all columns at once using pd.concat(axis=1) instead. To get a de-fragmented frame, use `newframe = frame.copy()`
  result[column] = (
/var/folders/ck/dm6nl73d3v92cz_5d_bhjx_00000gn/T/phase18_exact_replay_fr87jfzp/repository/tools/v2/fit_gp_validation_distributions.py:643: PerformanceWarning: DataFrame is highly fragmented.  This is usually the result of calling `frame.insert` many times, which has poor performance.  Consider joining all columns at once using pd.concat(axis=1) instead. To get a de-fragmented frame, use `newframe = frame.copy()`
  result[column] = (
/var/folders/ck/dm6nl73d3v92cz_5d_bhjx_00000gn/T/phase18_exact_replay_fr87jfzp/repository/tools/v2/fit_gp_validation_distributions.py:643: PerformanceWarning: DataFrame is highly fragmented.  This is usually the result of calling `frame.insert` many times, which has poor performance.  Consider joining all columns at once using pd.concat(axis=1) instead. To get a de-fragmented frame, use `newframe = frame.copy()`
  result[column] = (
/var/folders/ck/dm6nl73d3v92cz_5d_bhjx_00000gn/T/phase18_exact_replay_fr87jfzp/repository/tools/v2/fit_gp_validation_distributions.py:643: PerformanceWarning: DataFrame is highly fragmented.  This is usually the result of calling `frame.insert` many times, which has poor performance.  Consider joining all columns at once using pd.concat(axis=1) instead. To get a de-fragmented frame, use `newframe = frame.copy()`
  result[column] = (
/var/folders/ck/dm6nl73d3v92cz_5d_bhjx_00000gn/T/phase18_exact_replay_fr87jfzp/repository/tools/v2/fit_gp_validation_distributions.py:643: PerformanceWarning: DataFrame is highly fragmented.  This is usually the result of calling `frame.insert` many times, which has poor performance.  Consider joining all columns at once using pd.concat(axis=1) instead. To get a de-fragmented frame, use `newframe = frame.copy()`
  result[column] = (
/var/folders/ck/dm6nl73d3v92cz_5d_bhjx_00000gn/T/phase18_exact_replay_fr87jfzp/repository/tools/v2/fit_gp_validation_distributions.py:643: PerformanceWarning: DataFrame is highly fragmented.  This is usually the result of calling `frame.insert` many times, which has poor performance.  Consider joining all columns at once using pd.concat(axis=1) instead. To get a de-fragmented frame, use `newframe = frame.copy()`
  result[column] = (
/var/folders/ck/dm6nl73d3v92cz_5d_bhjx_00000gn/T/phase18_exact_replay_fr87jfzp/repository/tools/v2/fit_gp_validation_distributions.py:643: PerformanceWarning: DataFrame is highly fragmented.  This is usually the result of calling `frame.insert` many times, which has poor performance.  Consider joining all columns at once using pd.concat(axis=1) instead. To get a de-fragmented frame, use `newframe = frame.copy()`
  result[column] = (
/var/folders/ck/dm6nl73d3v92cz_5d_bhjx_00000gn/T/phase18_exact_replay_fr87jfzp/repository/tools/v2/fit_gp_validation_distributions.py:643: PerformanceWarning: DataFrame is highly fragmented.  This is usually the result of calling `frame.insert` many times, which has poor performance.  Consider joining all columns at once using pd.concat(axis=1) instead. To get a de-fragmented frame, use `newframe = frame.copy()`
  result[column] = (
/var/folders/ck/dm6nl73d3v92cz_5d_bhjx_00000gn/T/phase18_exact_replay_fr87jfzp/repository/tools/v2/fit_gp_validation_distributions.py:643: PerformanceWarning: DataFrame is highly fragmented.  This is usually the result of calling `frame.insert` many times, which has poor performance.  Consider joining all columns at once using pd.concat(axis=1) instead. To get a de-fragmented frame, use `newframe = frame.copy()`
  result[column] = (
/var/folders/ck/dm6nl73d3v92cz_5d_bhjx_00000gn/T/phase18_exact_replay_fr87jfzp/repository/tools/v2/fit_gp_validation_distributions.py:643: PerformanceWarning: DataFrame is highly fragmented.  This is usually the result of calling `frame.insert` many times, which has poor performance.  Consider joining all columns at once using pd.concat(axis=1) instead. To get a de-fragmented frame, use `newframe = frame.copy()`
  result[column] = (
/var/folders/ck/dm6nl73d3v92cz_5d_bhjx_00000gn/T/phase18_exact_replay_fr87jfzp/repository/tools/v2/fit_gp_validation_distributions.py:643: PerformanceWarning: DataFrame is highly fragmented.  This is usually the result of calling `frame.insert` many times, which has poor performance.  Consider joining all columns at once using pd.concat(axis=1) instead. To get a de-fragmented frame, use `newframe = frame.copy()`
  result[column] = (
/var/folders/ck/dm6nl73d3v92cz_5d_bhjx_00000gn/T/phase18_exact_replay_fr87jfzp/repository/tools/v2/fit_gp_validation_distributions.py:643: PerformanceWarning: DataFrame is highly fragmented.  This is usually the result of calling `frame.insert` many times, which has poor performance.  Consider joining all columns at once using pd.concat(axis=1) instead. To get a de-fragmented frame, use `newframe = frame.copy()`
  result[column] = (
/var/folders/ck/dm6nl73d3v92cz_5d_bhjx_00000gn/T/phase18_exact_replay_fr87jfzp/repository/tools/v2/fit_gp_validation_distributions.py:643: PerformanceWarning: DataFrame is highly fragmented.  This is usually the result of calling `frame.insert` many times, which has poor performance.  Consider joining all columns at once using pd.concat(axis=1) instead. To get a de-fragmented frame, use `newframe = frame.copy()`
  result[column] = (
/var/folders/ck/dm6nl73d3v92cz_5d_bhjx_00000gn/T/phase18_exact_replay_fr87jfzp/repository/tools/v2/fit_gp_validation_distributions.py:643: PerformanceWarning: DataFrame is highly fragmented.  This is usually the result of calling `frame.insert` many times, which has poor performance.  Consider joining all columns at once using pd.concat(axis=1) instead. To get a de-fragmented frame, use `newframe = frame.copy()`
  result[column] = (
/var/folders/ck/dm6nl73d3v92cz_5d_bhjx_00000gn/T/phase18_exact_replay_fr87jfzp/repository/tools/v2/fit_gp_validation_distributions.py:643: PerformanceWarning: DataFrame is highly fragmented.  This is usually the result of calling `frame.insert` many times, which has poor performance.  Consider joining all columns at once using pd.concat(axis=1) instead. To get a de-fragmented frame, use `newframe = frame.copy()`
  result[column] = (
/var/folders/ck/dm6nl73d3v92cz_5d_bhjx_00000gn/T/phase18_exact_replay_fr87jfzp/repository/tools/v2/fit_gp_validation_distributions.py:643: PerformanceWarning: DataFrame is highly fragmented.  This is usually the result of calling `frame.insert` many times, which has poor performance.  Consider joining all columns at once using pd.concat(axis=1) instead. To get a de-fragmented frame, use `newframe = frame.copy()`
  result[column] = (
/var/folders/ck/dm6nl73d3v92cz_5d_bhjx_00000gn/T/phase18_exact_replay_fr87jfzp/repository/tools/v2/fit_gp_validation_distributions.py:643: PerformanceWarning: DataFrame is highly fragmented.  This is usually the result of calling `frame.insert` many times, which has poor performance.  Consider joining all columns at once using pd.concat(axis=1) instead. To get a de-fragmented frame, use `newframe = frame.copy()`
  result[column] = (
/var/folders/ck/dm6nl73d3v92cz_5d_bhjx_00000gn/T/phase18_exact_replay_fr87jfzp/repository/tools/v2/fit_gp_validation_distributions.py:643: PerformanceWarning: DataFrame is highly fragmented.  This is usually the result of calling `frame.insert` many times, which has poor performance.  Consider joining all columns at once using pd.concat(axis=1) instead. To get a de-fragmented frame, use `newframe = frame.copy()`
  result[column] = (
/var/folders/ck/dm6nl73d3v92cz_5d_bhjx_00000gn/T/phase18_exact_replay_fr87jfzp/repository/tools/v2/fit_gp_validation_distributions.py:643: PerformanceWarning: DataFrame is highly fragmented.  This is usually the result of calling `frame.insert` many times, which has poor performance.  Consider joining all columns at once using pd.concat(axis=1) instead. To get a de-fragmented frame, use `newframe = frame.copy()`
  result[column] = (
/var/folders/ck/dm6nl73d3v92cz_5d_bhjx_00000gn/T/phase18_exact_replay_fr87jfzp/repository/tools/v2/fit_gp_validation_distributions.py:643: PerformanceWarning: DataFrame is highly fragmented.  This is usually the result of calling `frame.insert` many times, which has poor performance.  Consider joining all columns at once using pd.concat(axis=1) instead. To get a de-fragmented frame, use `newframe = frame.copy()`
  result[column] = (
/var/folders/ck/dm6nl73d3v92cz_5d_bhjx_00000gn/T/phase18_exact_replay_fr87jfzp/repository/tools/v2/fit_gp_validation_distributions.py:643: PerformanceWarning: DataFrame is highly fragmented.  This is usually the result of calling `frame.insert` many times, which has poor performance.  Consider joining all columns at once using pd.concat(axis=1) instead. To get a de-fragmented frame, use `newframe = frame.copy()`
  result[column] = (
/var/folders/ck/dm6nl73d3v92cz_5d_bhjx_00000gn/T/phase18_exact_replay_fr87jfzp/repository/tools/v2/fit_gp_validation_distributions.py:643: PerformanceWarning: DataFrame is highly fragmented.  This is usually the result of calling `frame.insert` many times, which has poor performance.  Consider joining all columns at once using pd.concat(axis=1) instead. To get a de-fragmented frame, use `newframe = frame.copy()`
  result[column] = (
/var/folders/ck/dm6nl73d3v92cz_5d_bhjx_00000gn/T/phase18_exact_replay_fr87jfzp/repository/tools/v2/fit_gp_validation_distributions.py:643: PerformanceWarning: DataFrame is highly fragmented.  This is usually the result of calling `frame.insert` many times, which has poor performance.  Consider joining all columns at once using pd.concat(axis=1) instead. To get a de-fragmented frame, use `newframe = frame.copy()`
  result[column] = (
/var/folders/ck/dm6nl73d3v92cz_5d_bhjx_00000gn/T/phase18_exact_replay_fr87jfzp/repository/tools/v2/fit_gp_validation_distributions.py:643: PerformanceWarning: DataFrame is highly fragmented.  This is usually the result of calling `frame.insert` many times, which has poor performance.  Consider joining all columns at once using pd.concat(axis=1) instead. To get a de-fragmented frame, use `newframe = frame.copy()`
  result[column] = (
/var/folders/ck/dm6nl73d3v92cz_5d_bhjx_00000gn/T/phase18_exact_replay_fr87jfzp/repository/tools/v2/fit_gp_validation_distributions.py:643: PerformanceWarning: DataFrame is highly fragmented.  This is usually the result of calling `frame.insert` many times, which has poor performance.  Consider joining all columns at once using pd.concat(axis=1) instead. To get a de-fragmented frame, use `newframe = frame.copy()`
  result[column] = (
/var/folders/ck/dm6nl73d3v92cz_5d_bhjx_00000gn/T/phase18_exact_replay_fr87jfzp/repository/tools/v2/fit_gp_validation_distributions.py:643: PerformanceWarning: DataFrame is highly fragmented.  This is usually the result of calling `frame.insert` many times, which has poor performance.  Consider joining all columns at once using pd.concat(axis=1) instead. To get a de-fragmented frame, use `newframe = frame.copy()`
  result[column] = (
/var/folders/ck/dm6nl73d3v92cz_5d_bhjx_00000gn/T/phase18_exact_replay_fr87jfzp/repository/tools/v2/fit_gp_validation_distributions.py:643: PerformanceWarning: DataFrame is highly fragmented.  This is usually the result of calling `frame.insert` many times, which has poor performance.  Consider joining all columns at once using pd.concat(axis=1) instead. To get a de-fragmented frame, use `newframe = frame.copy()`
  result[column] = (
/var/folders/ck/dm6nl73d3v92cz_5d_bhjx_00000gn/T/phase18_exact_replay_fr87jfzp/repository/tools/v2/fit_gp_validation_distributions.py:643: PerformanceWarning: DataFrame is highly fragmented.  This is usually the result of calling `frame.insert` many times, which has poor performance.  Consider joining all columns at once using pd.concat(axis=1) instead. To get a de-fragmented frame, use `newframe = frame.copy()`
  result[column] = (
/var/folders/ck/dm6nl73d3v92cz_5d_bhjx_00000gn/T/phase18_exact_replay_fr87jfzp/repository/tools/v2/fit_gp_validation_distributions.py:643: PerformanceWarning: DataFrame is highly fragmented.  This is usually the result of calling `frame.insert` many times, which has poor performance.  Consider joining all columns at once using pd.concat(axis=1) instead. To get a de-fragmented frame, use `newframe = frame.copy()`
  result[column] = (
/var/folders/ck/dm6nl73d3v92cz_5d_bhjx_00000gn/T/phase18_exact_replay_fr87jfzp/repository/tools/v2/fit_gp_validation_distributions.py:643: PerformanceWarning: DataFrame is highly fragmented.  This is usually the result of calling `frame.insert` many times, which has poor performance.  Consider joining all columns at once using pd.concat(axis=1) instead. To get a de-fragmented frame, use `newframe = frame.copy()`
  result[column] = (
/var/folders/ck/dm6nl73d3v92cz_5d_bhjx_00000gn/T/phase18_exact_replay_fr87jfzp/repository/tools/v2/fit_gp_validation_distributions.py:643: PerformanceWarning: DataFrame is highly fragmented.  This is usually the result of calling `frame.insert` many times, which has poor performance.  Consider joining all columns at once using pd.concat(axis=1) instead. To get a de-fragmented frame, use `newframe = frame.copy()`
  result[column] = (
/var/folders/ck/dm6nl73d3v92cz_5d_bhjx_00000gn/T/phase18_exact_replay_fr87jfzp/repository/tools/v2/fit_gp_validation_distributions.py:643: PerformanceWarning: DataFrame is highly fragmented.  This is usually the result of calling `frame.insert` many times, which has poor performance.  Consider joining all columns at once using pd.concat(axis=1) instead. To get a de-fragmented frame, use `newframe = frame.copy()`
  result[column] = (
/var/folders/ck/dm6nl73d3v92cz_5d_bhjx_00000gn/T/phase18_exact_replay_fr87jfzp/repository/tools/v2/fit_gp_validation_distributions.py:643: PerformanceWarning: DataFrame is highly fragmented.  This is usually the result of calling `frame.insert` many times, which has poor performance.  Consider joining all columns at once using pd.concat(axis=1) instead. To get a de-fragmented frame, use `newframe = frame.copy()`
  result[column] = (
/var/folders/ck/dm6nl73d3v92cz_5d_bhjx_00000gn/T/phase18_exact_replay_fr87jfzp/repository/tools/v2/fit_gp_validation_distributions.py:643: PerformanceWarning: DataFrame is highly fragmented.  This is usually the result of calling `frame.insert` many times, which has poor performance.  Consider joining all columns at once using pd.concat(axis=1) instead. To get a de-fragmented frame, use `newframe = frame.copy()`
  result[column] = (
/var/folders/ck/dm6nl73d3v92cz_5d_bhjx_00000gn/T/phase18_exact_replay_fr87jfzp/repository/tools/v2/fit_gp_validation_distributions.py:643: PerformanceWarning: DataFrame is highly fragmented.  This is usually the result of calling `frame.insert` many times, which has poor performance.  Consider joining all columns at once using pd.concat(axis=1) instead. To get a de-fragmented frame, use `newframe = frame.copy()`
  result[column] = (
/var/folders/ck/dm6nl73d3v92cz_5d_bhjx_00000gn/T/phase18_exact_replay_fr87jfzp/repository/tools/v2/fit_gp_validation_distributions.py:643: PerformanceWarning: DataFrame is highly fragmented.  This is usually the result of calling `frame.insert` many times, which has poor performance.  Consider joining all columns at once using pd.concat(axis=1) instead. To get a de-fragmented frame, use `newframe = frame.copy()`
  result[column] = (
/var/folders/ck/dm6nl73d3v92cz_5d_bhjx_00000gn/T/phase18_exact_replay_fr87jfzp/repository/tools/v2/fit_gp_validation_distributions.py:643: PerformanceWarning: DataFrame is highly fragmented.  This is usually the result of calling `frame.insert` many times, which has poor performance.  Consider joining all columns at once using pd.concat(axis=1) instead. To get a de-fragmented frame, use `newframe = frame.copy()`
  result[column] = (
/var/folders/ck/dm6nl73d3v92cz_5d_bhjx_00000gn/T/phase18_exact_replay_fr87jfzp/repository/tools/v2/fit_gp_validation_distributions.py:643: PerformanceWarning: DataFrame is highly fragmented.  This is usually the result of calling `frame.insert` many times, which has poor performance.  Consider joining all columns at once using pd.concat(axis=1) instead. To get a de-fragmented frame, use `newframe = frame.copy()`
  result[column] = (
/var/folders/ck/dm6nl73d3v92cz_5d_bhjx_00000gn/T/phase18_exact_replay_fr87jfzp/repository/tools/v2/fit_gp_validation_distributions.py:643: PerformanceWarning: DataFrame is highly fragmented.  This is usually the result of calling `frame.insert` many times, which has poor performance.  Consider joining all columns at once using pd.concat(axis=1) instead. To get a de-fragmented frame, use `newframe = frame.copy()`
  result[column] = (
/var/folders/ck/dm6nl73d3v92cz_5d_bhjx_00000gn/T/phase18_exact_replay_fr87jfzp/repository/tools/v2/fit_gp_validation_distributions.py:643: PerformanceWarning: DataFrame is highly fragmented.  This is usually the result of calling `frame.insert` many times, which has poor performance.  Consider joining all columns at once using pd.concat(axis=1) instead. To get a de-fragmented frame, use `newframe = frame.copy()`
  result[column] = (
/var/folders/ck/dm6nl73d3v92cz_5d_bhjx_00000gn/T/phase18_exact_replay_fr87jfzp/repository/tools/v2/fit_gp_validation_distributions.py:643: PerformanceWarning: DataFrame is highly fragmented.  This is usually the result of calling `frame.insert` many times, which has poor performance.  Consider joining all columns at once using pd.concat(axis=1) instead. To get a de-fragmented frame, use `newframe = frame.copy()`
  result[column] = (
/var/folders/ck/dm6nl73d3v92cz_5d_bhjx_00000gn/T/phase18_exact_replay_fr87jfzp/repository/tools/v2/fit_gp_validation_distributions.py:643: PerformanceWarning: DataFrame is highly fragmented.  This is usually the result of calling `frame.insert` many times, which has poor performance.  Consider joining all columns at once using pd.concat(axis=1) instead. To get a de-fragmented frame, use `newframe = frame.copy()`
  result[column] = (
/var/folders/ck/dm6nl73d3v92cz_5d_bhjx_00000gn/T/phase18_exact_replay_fr87jfzp/repository/tools/v2/fit_gp_validation_distributions.py:643: PerformanceWarning: DataFrame is highly fragmented.  This is usually the result of calling `frame.insert` many times, which has poor performance.  Consider joining all columns at once using pd.concat(axis=1) instead. To get a de-fragmented frame, use `newframe = frame.copy()`
  result[column] = (
/var/folders/ck/dm6nl73d3v92cz_5d_bhjx_00000gn/T/phase18_exact_replay_fr87jfzp/repository/tools/v2/fit_gp_validation_distributions.py:643: PerformanceWarning: DataFrame is highly fragmented.  This is usually the result of calling `frame.insert` many times, which has poor performance.  Consider joining all columns at once using pd.concat(axis=1) instead. To get a de-fragmented frame, use `newframe = frame.copy()`
  result[column] = (
/var/folders/ck/dm6nl73d3v92cz_5d_bhjx_00000gn/T/phase18_exact_replay_fr87jfzp/repository/tools/v2/fit_gp_validation_distributions.py:643: PerformanceWarning: DataFrame is highly fragmented.  This is usually the result of calling `frame.insert` many times, which has poor performance.  Consider joining all columns at once using pd.concat(axis=1) instead. To get a de-fragmented frame, use `newframe = frame.copy()`
  result[column] = (
/var/folders/ck/dm6nl73d3v92cz_5d_bhjx_00000gn/T/phase18_exact_replay_fr87jfzp/repository/tools/v2/fit_gp_validation_distributions.py:643: PerformanceWarning: DataFrame is highly fragmented.  This is usually the result of calling `frame.insert` many times, which has poor performance.  Consider joining all columns at once using pd.concat(axis=1) instead. To get a de-fragmented frame, use `newframe = frame.copy()`
  result[column] = (
/var/folders/ck/dm6nl73d3v92cz_5d_bhjx_00000gn/T/phase18_exact_replay_fr87jfzp/repository/tools/v2/fit_gp_validation_distributions.py:643: PerformanceWarning: DataFrame is highly fragmented.  This is usually the result of calling `frame.insert` many times, which has poor performance.  Consider joining all columns at once using pd.concat(axis=1) instead. To get a de-fragmented frame, use `newframe = frame.copy()`
  result[column] = (
/var/folders/ck/dm6nl73d3v92cz_5d_bhjx_00000gn/T/phase18_exact_replay_fr87jfzp/repository/tools/v2/fit_gp_validation_distributions.py:643: PerformanceWarning: DataFrame is highly fragmented.  This is usually the result of calling `frame.insert` many times, which has poor performance.  Consider joining all columns at once using pd.concat(axis=1) instead. To get a de-fragmented frame, use `newframe = frame.copy()`
  result[column] = (
/var/folders/ck/dm6nl73d3v92cz_5d_bhjx_00000gn/T/phase18_exact_replay_fr87jfzp/repository/tools/v2/fit_gp_validation_distributions.py:643: PerformanceWarning: DataFrame is highly fragmented.  This is usually the result of calling `frame.insert` many times, which has poor performance.  Consider joining all columns at once using pd.concat(axis=1) instead. To get a de-fragmented frame, use `newframe = frame.copy()`
  result[column] = (
/var/folders/ck/dm6nl73d3v92cz_5d_bhjx_00000gn/T/phase18_exact_replay_fr87jfzp/repository/tools/v2/fit_gp_validation_distributions.py:643: PerformanceWarning: DataFrame is highly fragmented.  This is usually the result of calling `frame.insert` many times, which has poor performance.  Consider joining all columns at once using pd.concat(axis=1) instead. To get a de-fragmented frame, use `newframe = frame.copy()`
  result[column] = (
/var/folders/ck/dm6nl73d3v92cz_5d_bhjx_00000gn/T/phase18_exact_replay_fr87jfzp/repository/tools/v2/fit_gp_validation_distributions.py:643: PerformanceWarning: DataFrame is highly fragmented.  This is usually the result of calling `frame.insert` many times, which has poor performance.  Consider joining all columns at once using pd.concat(axis=1) instead. To get a de-fragmented frame, use `newframe = frame.copy()`
  result[column] = (
/var/folders/ck/dm6nl73d3v92cz_5d_bhjx_00000gn/T/phase18_exact_replay_fr87jfzp/repository/tools/v2/fit_gp_validation_distributions.py:643: PerformanceWarning: DataFrame is highly fragmented.  This is usually the result of calling `frame.insert` many times, which has poor performance.  Consider joining all columns at once using pd.concat(axis=1) instead. To get a de-fragmented frame, use `newframe = frame.copy()`
  result[column] = (
/var/folders/ck/dm6nl73d3v92cz_5d_bhjx_00000gn/T/phase18_exact_replay_fr87jfzp/repository/tools/v2/fit_gp_validation_distributions.py:643: PerformanceWarning: DataFrame is highly fragmented.  This is usually the result of calling `frame.insert` many times, which has poor performance.  Consider joining all columns at once using pd.concat(axis=1) instead. To get a de-fragmented frame, use `newframe = frame.copy()`
  result[column] = (
/var/folders/ck/dm6nl73d3v92cz_5d_bhjx_00000gn/T/phase18_exact_replay_fr87jfzp/repository/tools/v2/fit_gp_validation_distributions.py:643: PerformanceWarning: DataFrame is highly fragmented.  This is usually the result of calling `frame.insert` many times, which has poor performance.  Consider joining all columns at once using pd.concat(axis=1) instead. To get a de-fragmented frame, use `newframe = frame.copy()`
  result[column] = (
/var/folders/ck/dm6nl73d3v92cz_5d_bhjx_00000gn/T/phase18_exact_replay_fr87jfzp/repository/tools/v2/fit_gp_validation_distributions.py:643: PerformanceWarning: DataFrame is highly fragmented.  This is usually the result of calling `frame.insert` many times, which has poor performance.  Consider joining all columns at once using pd.concat(axis=1) instead. To get a de-fragmented frame, use `newframe = frame.copy()`
  result[column] = (
/var/folders/ck/dm6nl73d3v92cz_5d_bhjx_00000gn/T/phase18_exact_replay_fr87jfzp/repository/tools/v2/fit_gp_validation_distributions.py:643: PerformanceWarning: DataFrame is highly fragmented.  This is usually the result of calling `frame.insert` many times, which has poor performance.  Consider joining all columns at once using pd.concat(axis=1) instead. To get a de-fragmented frame, use `newframe = frame.copy()`
  result[column] = (
/var/folders/ck/dm6nl73d3v92cz_5d_bhjx_00000gn/T/phase18_exact_replay_fr87jfzp/repository/tools/v2/fit_gp_validation_distributions.py:643: PerformanceWarning: DataFrame is highly fragmented.  This is usually the result of calling `frame.insert` many times, which has poor performance.  Consider joining all columns at once using pd.concat(axis=1) instead. To get a de-fragmented frame, use `newframe = frame.copy()`
  result[column] = (
/var/folders/ck/dm6nl73d3v92cz_5d_bhjx_00000gn/T/phase18_exact_replay_fr87jfzp/repository/tools/v2/fit_gp_validation_distributions.py:643: PerformanceWarning: DataFrame is highly fragmented.  This is usually the result of calling `frame.insert` many times, which has poor performance.  Consider joining all columns at once using pd.concat(axis=1) instead. To get a de-fragmented frame, use `newframe = frame.copy()`
  result[column] = (
/var/folders/ck/dm6nl73d3v92cz_5d_bhjx_00000gn/T/phase18_exact_replay_fr87jfzp/repository/tools/v2/fit_gp_validation_distributions.py:643: PerformanceWarning: DataFrame is highly fragmented.  This is usually the result of calling `frame.insert` many times, which has poor performance.  Consider joining all columns at once using pd.concat(axis=1) instead. To get a de-fragmented frame, use `newframe = frame.copy()`
  result[column] = (
/var/folders/ck/dm6nl73d3v92cz_5d_bhjx_00000gn/T/phase18_exact_replay_fr87jfzp/repository/tools/v2/fit_gp_validation_distributions.py:643: PerformanceWarning: DataFrame is highly fragmented.  This is usually the result of calling `frame.insert` many times, which has poor performance.  Consider joining all columns at once using pd.concat(axis=1) instead. To get a de-fragmented frame, use `newframe = frame.copy()`
  result[column] = (
/var/folders/ck/dm6nl73d3v92cz_5d_bhjx_00000gn/T/phase18_exact_replay_fr87jfzp/repository/tools/v2/fit_gp_validation_distributions.py:643: PerformanceWarning: DataFrame is highly fragmented.  This is usually the result of calling `frame.insert` many times, which has poor performance.  Consider joining all columns at once using pd.concat(axis=1) instead. To get a de-fragmented frame, use `newframe = frame.copy()`
  result[column] = (
/var/folders/ck/dm6nl73d3v92cz_5d_bhjx_00000gn/T/phase18_exact_replay_fr87jfzp/repository/tools/v2/fit_gp_validation_distributions.py:643: PerformanceWarning: DataFrame is highly fragmented.  This is usually the result of calling `frame.insert` many times, which has poor performance.  Consider joining all columns at once using pd.concat(axis=1) instead. To get a de-fragmented frame, use `newframe = frame.copy()`
  result[column] = (
/var/folders/ck/dm6nl73d3v92cz_5d_bhjx_00000gn/T/phase18_exact_replay_fr87jfzp/repository/tools/v2/fit_gp_validation_distributions.py:643: PerformanceWarning: DataFrame is highly fragmented.  This is usually the result of calling `frame.insert` many times, which has poor performance.  Consider joining all columns at once using pd.concat(axis=1) instead. To get a de-fragmented frame, use `newframe = frame.copy()`
  result[column] = (
/var/folders/ck/dm6nl73d3v92cz_5d_bhjx_00000gn/T/phase18_exact_replay_fr87jfzp/repository/tools/v2/fit_gp_validation_distributions.py:643: PerformanceWarning: DataFrame is highly fragmented.  This is usually the result of calling `frame.insert` many times, which has poor performance.  Consider joining all columns at once using pd.concat(axis=1) instead. To get a de-fragmented frame, use `newframe = frame.copy()`
  result[column] = (
/var/folders/ck/dm6nl73d3v92cz_5d_bhjx_00000gn/T/phase18_exact_replay_fr87jfzp/repository/tools/v2/fit_gp_validation_distributions.py:643: PerformanceWarning: DataFrame is highly fragmented.  This is usually the result of calling `frame.insert` many times, which has poor performance.  Consider joining all columns at once using pd.concat(axis=1) instead. To get a de-fragmented frame, use `newframe = frame.copy()`
  result[column] = (
/var/folders/ck/dm6nl73d3v92cz_5d_bhjx_00000gn/T/phase18_exact_replay_fr87jfzp/repository/tools/v2/fit_gp_validation_distributions.py:643: PerformanceWarning: DataFrame is highly fragmented.  This is usually the result of calling `frame.insert` many times, which has poor performance.  Consider joining all columns at once using pd.concat(axis=1) instead. To get a de-fragmented frame, use `newframe = frame.copy()`
  result[column] = (
/var/folders/ck/dm6nl73d3v92cz_5d_bhjx_00000gn/T/phase18_exact_replay_fr87jfzp/repository/tools/v2/fit_gp_validation_distributions.py:643: PerformanceWarning: DataFrame is highly fragmented.  This is usually the result of calling `frame.insert` many times, which has poor performance.  Consider joining all columns at once using pd.concat(axis=1) instead. To get a de-fragmented frame, use `newframe = frame.copy()`
  result[column] = (
/var/folders/ck/dm6nl73d3v92cz_5d_bhjx_00000gn/T/phase18_exact_replay_fr87jfzp/repository/tools/v2/fit_gp_validation_distributions.py:643: PerformanceWarning: DataFrame is highly fragmented.  This is usually the result of calling `frame.insert` many times, which has poor performance.  Consider joining all columns at once using pd.concat(axis=1) instead. To get a de-fragmented frame, use `newframe = frame.copy()`
  result[column] = (
/var/folders/ck/dm6nl73d3v92cz_5d_bhjx_00000gn/T/phase18_exact_replay_fr87jfzp/repository/tools/v2/fit_gp_validation_distributions.py:643: PerformanceWarning: DataFrame is highly fragmented.  This is usually the result of calling `frame.insert` many times, which has poor performance.  Consider joining all columns at once using pd.concat(axis=1) instead. To get a de-fragmented frame, use `newframe = frame.copy()`
  result[column] = (
/var/folders/ck/dm6nl73d3v92cz_5d_bhjx_00000gn/T/phase18_exact_replay_fr87jfzp/repository/tools/v2/fit_gp_validation_distributions.py:643: PerformanceWarning: DataFrame is highly fragmented.  This is usually the result of calling `frame.insert` many times, which has poor performance.  Consider joining all columns at once using pd.concat(axis=1) instead. To get a de-fragmented frame, use `newframe = frame.copy()`
  result[column] = (
/var/folders/ck/dm6nl73d3v92cz_5d_bhjx_00000gn/T/phase18_exact_replay_fr87jfzp/repository/tools/v2/fit_gp_validation_distributions.py:643: PerformanceWarning: DataFrame is highly fragmented.  This is usually the result of calling `frame.insert` many times, which has poor performance.  Consider joining all columns at once using pd.concat(axis=1) instead. To get a de-fragmented frame, use `newframe = frame.copy()`
  result[column] = (
/var/folders/ck/dm6nl73d3v92cz_5d_bhjx_00000gn/T/phase18_exact_replay_fr87jfzp/repository/tools/v2/fit_gp_validation_distributions.py:643: PerformanceWarning: DataFrame is highly fragmented.  This is usually the result of calling `frame.insert` many times, which has poor performance.  Consider joining all columns at once using pd.concat(axis=1) instead. To get a de-fragmented frame, use `newframe = frame.copy()`
  result[column] = (
/var/folders/ck/dm6nl73d3v92cz_5d_bhjx_00000gn/T/phase18_exact_replay_fr87jfzp/repository/tools/v2/fit_gp_validation_distributions.py:643: PerformanceWarning: DataFrame is highly fragmented.  This is usually the result of calling `frame.insert` many times, which has poor performance.  Consider joining all columns at once using pd.concat(axis=1) instead. To get a de-fragmented frame, use `newframe = frame.copy()`
  result[column] = (
/var/folders/ck/dm6nl73d3v92cz_5d_bhjx_00000gn/T/phase18_exact_replay_fr87jfzp/repository/tools/v2/fit_gp_validation_distributions.py:643: PerformanceWarning: DataFrame is highly fragmented.  This is usually the result of calling `frame.insert` many times, which has poor performance.  Consider joining all columns at once using pd.concat(axis=1) instead. To get a de-fragmented frame, use `newframe = frame.copy()`
  result[column] = (
/var/folders/ck/dm6nl73d3v92cz_5d_bhjx_00000gn/T/phase18_exact_replay_fr87jfzp/repository/tools/v2/fit_gp_validation_distributions.py:643: PerformanceWarning: DataFrame is highly fragmented.  This is usually the result of calling `frame.insert` many times, which has poor performance.  Consider joining all columns at once using pd.concat(axis=1) instead. To get a de-fragmented frame, use `newframe = frame.copy()`
  result[column] = (
/var/folders/ck/dm6nl73d3v92cz_5d_bhjx_00000gn/T/phase18_exact_replay_fr87jfzp/repository/tools/v2/fit_gp_validation_distributions.py:643: PerformanceWarning: DataFrame is highly fragmented.  This is usually the result of calling `frame.insert` many times, which has poor performance.  Consider joining all columns at once using pd.concat(axis=1) instead. To get a de-fragmented frame, use `newframe = frame.copy()`
  result[column] = (
/var/folders/ck/dm6nl73d3v92cz_5d_bhjx_00000gn/T/phase18_exact_replay_fr87jfzp/repository/tools/v2/fit_gp_validation_distributions.py:643: PerformanceWarning: DataFrame is highly fragmented.  This is usually the result of calling `frame.insert` many times, which has poor performance.  Consider joining all columns at once using pd.concat(axis=1) instead. To get a de-fragmented frame, use `newframe = frame.copy()`
  result[column] = (
/var/folders/ck/dm6nl73d3v92cz_5d_bhjx_00000gn/T/phase18_exact_replay_fr87jfzp/repository/tools/v2/fit_gp_validation_distributions.py:643: PerformanceWarning: DataFrame is highly fragmented.  This is usually the result of calling `frame.insert` many times, which has poor performance.  Consider joining all columns at once using pd.concat(axis=1) instead. To get a de-fragmented frame, use `newframe = frame.copy()`
  result[column] = (
/var/folders/ck/dm6nl73d3v92cz_5d_bhjx_00000gn/T/phase18_exact_replay_fr87jfzp/repository/tools/v2/fit_gp_validation_distributions.py:643: PerformanceWarning: DataFrame is highly fragmented.  This is usually the result of calling `frame.insert` many times, which has poor performance.  Consider joining all columns at once using pd.concat(axis=1) instead. To get a de-fragmented frame, use `newframe = frame.copy()`
  result[column] = (
/var/folders/ck/dm6nl73d3v92cz_5d_bhjx_00000gn/T/phase18_exact_replay_fr87jfzp/repository/tools/v2/fit_gp_validation_distributions.py:643: PerformanceWarning: DataFrame is highly fragmented.  This is usually the result of calling `frame.insert` many times, which has poor performance.  Consider joining all columns at once using pd.concat(axis=1) instead. To get a de-fragmented frame, use `newframe = frame.copy()`
  result[column] = (
/var/folders/ck/dm6nl73d3v92cz_5d_bhjx_00000gn/T/phase18_exact_replay_fr87jfzp/repository/tools/v2/fit_gp_validation_distributions.py:643: PerformanceWarning: DataFrame is highly fragmented.  This is usually the result of calling `frame.insert` many times, which has poor performance.  Consider joining all columns at once using pd.concat(axis=1) instead. To get a de-fragmented frame, use `newframe = frame.copy()`
  result[column] = (
/var/folders/ck/dm6nl73d3v92cz_5d_bhjx_00000gn/T/phase18_exact_replay_fr87jfzp/repository/tools/v2/fit_gp_validation_distributions.py:643: PerformanceWarning: DataFrame is highly fragmented.  This is usually the result of calling `frame.insert` many times, which has poor performance.  Consider joining all columns at once using pd.concat(axis=1) instead. To get a de-fragmented frame, use `newframe = frame.copy()`
  result[column] = (
/var/folders/ck/dm6nl73d3v92cz_5d_bhjx_00000gn/T/phase18_exact_replay_fr87jfzp/repository/tools/v2/fit_gp_validation_distributions.py:643: PerformanceWarning: DataFrame is highly fragmented.  This is usually the result of calling `frame.insert` many times, which has poor performance.  Consider joining all columns at once using pd.concat(axis=1) instead. To get a de-fragmented frame, use `newframe = frame.copy()`
  result[column] = (
/var/folders/ck/dm6nl73d3v92cz_5d_bhjx_00000gn/T/phase18_exact_replay_fr87jfzp/repository/tools/v2/fit_gp_validation_distributions.py:643: PerformanceWarning: DataFrame is highly fragmented.  This is usually the result of calling `frame.insert` many times, which has poor performance.  Consider joining all columns at once using pd.concat(axis=1) instead. To get a de-fragmented frame, use `newframe = frame.copy()`
  result[column] = (
/var/folders/ck/dm6nl73d3v92cz_5d_bhjx_00000gn/T/phase18_exact_replay_fr87jfzp/repository/tools/v2/fit_gp_validation_distributions.py:643: PerformanceWarning: DataFrame is highly fragmented.  This is usually the result of calling `frame.insert` many times, which has poor performance.  Consider joining all columns at once using pd.concat(axis=1) instead. To get a de-fragmented frame, use `newframe = frame.copy()`
  result[column] = (
/var/folders/ck/dm6nl73d3v92cz_5d_bhjx_00000gn/T/phase18_exact_replay_fr87jfzp/repository/tools/v2/fit_gp_validation_distributions.py:643: PerformanceWarning: DataFrame is highly fragmented.  This is usually the result of calling `frame.insert` many times, which has poor performance.  Consider joining all columns at once using pd.concat(axis=1) instead. To get a de-fragmented frame, use `newframe = frame.copy()`
  result[column] = (
/var/folders/ck/dm6nl73d3v92cz_5d_bhjx_00000gn/T/phase18_exact_replay_fr87jfzp/repository/tools/v2/fit_gp_validation_distributions.py:643: PerformanceWarning: DataFrame is highly fragmented.  This is usually the result of calling `frame.insert` many times, which has poor performance.  Consider joining all columns at once using pd.concat(axis=1) instead. To get a de-fragmented frame, use `newframe = frame.copy()`
  result[column] = (
/var/folders/ck/dm6nl73d3v92cz_5d_bhjx_00000gn/T/phase18_exact_replay_fr87jfzp/repository/tools/v2/fit_gp_validation_distributions.py:643: PerformanceWarning: DataFrame is highly fragmented.  This is usually the result of calling `frame.insert` many times, which has poor performance.  Consider joining all columns at once using pd.concat(axis=1) instead. To get a de-fragmented frame, use `newframe = frame.copy()`
  result[column] = (
/var/folders/ck/dm6nl73d3v92cz_5d_bhjx_00000gn/T/phase18_exact_replay_fr87jfzp/repository/tools/v2/fit_gp_validation_distributions.py:643: PerformanceWarning: DataFrame is highly fragmented.  This is usually the result of calling `frame.insert` many times, which has poor performance.  Consider joining all columns at once using pd.concat(axis=1) instead. To get a de-fragmented frame, use `newframe = frame.copy()`
  result[column] = (
/var/folders/ck/dm6nl73d3v92cz_5d_bhjx_00000gn/T/phase18_exact_replay_fr87jfzp/repository/tools/v2/fit_gp_validation_distributions.py:643: PerformanceWarning: DataFrame is highly fragmented.  This is usually the result of calling `frame.insert` many times, which has poor performance.  Consider joining all columns at once using pd.concat(axis=1) instead. To get a de-fragmented frame, use `newframe = frame.copy()`
  result[column] = (
/var/folders/ck/dm6nl73d3v92cz_5d_bhjx_00000gn/T/phase18_exact_replay_fr87jfzp/repository/tools/v2/fit_gp_validation_distributions.py:643: PerformanceWarning: DataFrame is highly fragmented.  This is usually the result of calling `frame.insert` many times, which has poor performance.  Consider joining all columns at once using pd.concat(axis=1) instead. To get a de-fragmented frame, use `newframe = frame.copy()`
  result[column] = (
/var/folders/ck/dm6nl73d3v92cz_5d_bhjx_00000gn/T/phase18_exact_replay_fr87jfzp/repository/tools/v2/fit_gp_validation_distributions.py:643: PerformanceWarning: DataFrame is highly fragmented.  This is usually the result of calling `frame.insert` many times, which has poor performance.  Consider joining all columns at once using pd.concat(axis=1) instead. To get a de-fragmented frame, use `newframe = frame.copy()`
  result[column] = (
/var/folders/ck/dm6nl73d3v92cz_5d_bhjx_00000gn/T/phase18_exact_replay_fr87jfzp/repository/tools/v2/fit_gp_validation_distributions.py:643: PerformanceWarning: DataFrame is highly fragmented.  This is usually the result of calling `frame.insert` many times, which has poor performance.  Consider joining all columns at once using pd.concat(axis=1) instead. To get a de-fragmented frame, use `newframe = frame.copy()`
  result[column] = (
/var/folders/ck/dm6nl73d3v92cz_5d_bhjx_00000gn/T/phase18_exact_replay_fr87jfzp/repository/tools/v2/fit_gp_validation_distributions.py:643: PerformanceWarning: DataFrame is highly fragmented.  This is usually the result of calling `frame.insert` many times, which has poor performance.  Consider joining all columns at once using pd.concat(axis=1) instead. To get a de-fragmented frame, use `newframe = frame.copy()`
  result[column] = (
/var/folders/ck/dm6nl73d3v92cz_5d_bhjx_00000gn/T/phase18_exact_replay_fr87jfzp/repository/tools/v2/fit_gp_validation_distributions.py:643: PerformanceWarning: DataFrame is highly fragmented.  This is usually the result of calling `frame.insert` many times, which has poor performance.  Consider joining all columns at once using pd.concat(axis=1) instead. To get a de-fragmented frame, use `newframe = frame.copy()`
  result[column] = (
/var/folders/ck/dm6nl73d3v92cz_5d_bhjx_00000gn/T/phase18_exact_replay_fr87jfzp/repository/tools/v2/fit_gp_validation_distributions.py:643: PerformanceWarning: DataFrame is highly fragmented.  This is usually the result of calling `frame.insert` many times, which has poor performance.  Consider joining all columns at once using pd.concat(axis=1) instead. To get a de-fragmented frame, use `newframe = frame.copy()`
  result[column] = (
/var/folders/ck/dm6nl73d3v92cz_5d_bhjx_00000gn/T/phase18_exact_replay_fr87jfzp/repository/tools/v2/fit_gp_validation_distributions.py:643: PerformanceWarning: DataFrame is highly fragmented.  This is usually the result of calling `frame.insert` many times, which has poor performance.  Consider joining all columns at once using pd.concat(axis=1) instead. To get a de-fragmented frame, use `newframe = frame.copy()`
  result[column] = (
/var/folders/ck/dm6nl73d3v92cz_5d_bhjx_00000gn/T/phase18_exact_replay_fr87jfzp/repository/tools/v2/fit_gp_validation_distributions.py:643: PerformanceWarning: DataFrame is highly fragmented.  This is usually the result of calling `frame.insert` many times, which has poor performance.  Consider joining all columns at once using pd.concat(axis=1) instead. To get a de-fragmented frame, use `newframe = frame.copy()`
  result[column] = (
/var/folders/ck/dm6nl73d3v92cz_5d_bhjx_00000gn/T/phase18_exact_replay_fr87jfzp/repository/tools/v2/fit_gp_validation_distributions.py:643: PerformanceWarning: DataFrame is highly fragmented.  This is usually the result of calling `frame.insert` many times, which has poor performance.  Consider joining all columns at once using pd.concat(axis=1) instead. To get a de-fragmented frame, use `newframe = frame.copy()`
  result[column] = (
/var/folders/ck/dm6nl73d3v92cz_5d_bhjx_00000gn/T/phase18_exact_replay_fr87jfzp/repository/tools/v2/fit_gp_validation_distributions.py:643: PerformanceWarning: DataFrame is highly fragmented.  This is usually the result of calling `frame.insert` many times, which has poor performance.  Consider joining all columns at once using pd.concat(axis=1) instead. To get a de-fragmented frame, use `newframe = frame.copy()`
  result[column] = (
/var/folders/ck/dm6nl73d3v92cz_5d_bhjx_00000gn/T/phase18_exact_replay_fr87jfzp/repository/tools/v2/fit_gp_validation_distributions.py:643: PerformanceWarning: DataFrame is highly fragmented.  This is usually the result of calling `frame.insert` many times, which has poor performance.  Consider joining all columns at once using pd.concat(axis=1) instead. To get a de-fragmented frame, use `newframe = frame.copy()`
  result[column] = (
/var/folders/ck/dm6nl73d3v92cz_5d_bhjx_00000gn/T/phase18_exact_replay_fr87jfzp/repository/tools/v2/fit_gp_validation_distributions.py:643: PerformanceWarning: DataFrame is highly fragmented.  This is usually the result of calling `frame.insert` many times, which has poor performance.  Consider joining all columns at once using pd.concat(axis=1) instead. To get a de-fragmented frame, use `newframe = frame.copy()`
  result[column] = (
/var/folders/ck/dm6nl73d3v92cz_5d_bhjx_00000gn/T/phase18_exact_replay_fr87jfzp/repository/tools/v2/fit_gp_validation_distributions.py:643: PerformanceWarning: DataFrame is highly fragmented.  This is usually the result of calling `frame.insert` many times, which has poor performance.  Consider joining all columns at once using pd.concat(axis=1) instead. To get a de-fragmented frame, use `newframe = frame.copy()`
  result[column] = (
/var/folders/ck/dm6nl73d3v92cz_5d_bhjx_00000gn/T/phase18_exact_replay_fr87jfzp/repository/tools/v2/fit_gp_validation_distributions.py:643: PerformanceWarning: DataFrame is highly fragmented.  This is usually the result of calling `frame.insert` many times, which has poor performance.  Consider joining all columns at once using pd.concat(axis=1) instead. To get a de-fragmented frame, use `newframe = frame.copy()`
  result[column] = (
/var/folders/ck/dm6nl73d3v92cz_5d_bhjx_00000gn/T/phase18_exact_replay_fr87jfzp/repository/tools/v2/fit_gp_validation_distributions.py:643: PerformanceWarning: DataFrame is highly fragmented.  This is usually the result of calling `frame.insert` many times, which has poor performance.  Consider joining all columns at once using pd.concat(axis=1) instead. To get a de-fragmented frame, use `newframe = frame.copy()`
  result[column] = (
/var/folders/ck/dm6nl73d3v92cz_5d_bhjx_00000gn/T/phase18_exact_replay_fr87jfzp/repository/tools/v2/fit_gp_validation_distributions.py:643: PerformanceWarning: DataFrame is highly fragmented.  This is usually the result of calling `frame.insert` many times, which has poor performance.  Consider joining all columns at once using pd.concat(axis=1) instead. To get a de-fragmented frame, use `newframe = frame.copy()`
  result[column] = (
/var/folders/ck/dm6nl73d3v92cz_5d_bhjx_00000gn/T/phase18_exact_replay_fr87jfzp/repository/tools/v2/fit_gp_validation_distributions.py:643: PerformanceWarning: DataFrame is highly fragmented.  This is usually the result of calling `frame.insert` many times, which has poor performance.  Consider joining all columns at once using pd.concat(axis=1) instead. To get a de-fragmented frame, use `newframe = frame.copy()`
  result[column] = (
/var/folders/ck/dm6nl73d3v92cz_5d_bhjx_00000gn/T/phase18_exact_replay_fr87jfzp/repository/tools/v2/fit_gp_validation_distributions.py:643: PerformanceWarning: DataFrame is highly fragmented.  This is usually the result of calling `frame.insert` many times, which has poor performance.  Consider joining all columns at once using pd.concat(axis=1) instead. To get a de-fragmented frame, use `newframe = frame.copy()`
  result[column] = (
/var/folders/ck/dm6nl73d3v92cz_5d_bhjx_00000gn/T/phase18_exact_replay_fr87jfzp/repository/tools/v2/fit_gp_validation_distributions.py:643: PerformanceWarning: DataFrame is highly fragmented.  This is usually the result of calling `frame.insert` many times, which has poor performance.  Consider joining all columns at once using pd.concat(axis=1) instead. To get a de-fragmented frame, use `newframe = frame.copy()`
  result[column] = (
/var/folders/ck/dm6nl73d3v92cz_5d_bhjx_00000gn/T/phase18_exact_replay_fr87jfzp/repository/tools/v2/fit_gp_validation_distributions.py:643: PerformanceWarning: DataFrame is highly fragmented.  This is usually the result of calling `frame.insert` many times, which has poor performance.  Consider joining all columns at once using pd.concat(axis=1) instead. To get a de-fragmented frame, use `newframe = frame.copy()`
  result[column] = (
/var/folders/ck/dm6nl73d3v92cz_5d_bhjx_00000gn/T/phase18_exact_replay_fr87jfzp/repository/tools/v2/fit_gp_validation_distributions.py:643: PerformanceWarning: DataFrame is highly fragmented.  This is usually the result of calling `frame.insert` many times, which has poor performance.  Consider joining all columns at once using pd.concat(axis=1) instead. To get a de-fragmented frame, use `newframe = frame.copy()`
  result[column] = (
/var/folders/ck/dm6nl73d3v92cz_5d_bhjx_00000gn/T/phase18_exact_replay_fr87jfzp/repository/tools/v2/fit_gp_validation_distributions.py:643: PerformanceWarning: DataFrame is highly fragmented.  This is usually the result of calling `frame.insert` many times, which has poor performance.  Consider joining all columns at once using pd.concat(axis=1) instead. To get a de-fragmented frame, use `newframe = frame.copy()`
  result[column] = (
/var/folders/ck/dm6nl73d3v92cz_5d_bhjx_00000gn/T/phase18_exact_replay_fr87jfzp/repository/tools/v2/fit_gp_validation_distributions.py:643: PerformanceWarning: DataFrame is highly fragmented.  This is usually the result of calling `frame.insert` many times, which has poor performance.  Consider joining all columns at once using pd.concat(axis=1) instead. To get a de-fragmented frame, use `newframe = frame.copy()`
  result[column] = (
/var/folders/ck/dm6nl73d3v92cz_5d_bhjx_00000gn/T/phase18_exact_replay_fr87jfzp/repository/tools/v2/fit_gp_validation_distributions.py:643: PerformanceWarning: DataFrame is highly fragmented.  This is usually the result of calling `frame.insert` many times, which has poor performance.  Consider joining all columns at once using pd.concat(axis=1) instead. To get a de-fragmented frame, use `newframe = frame.copy()`
  result[column] = (
/var/folders/ck/dm6nl73d3v92cz_5d_bhjx_00000gn/T/phase18_exact_replay_fr87jfzp/repository/tools/v2/fit_gp_validation_distributions.py:643: PerformanceWarning: DataFrame is highly fragmented.  This is usually the result of calling `frame.insert` many times, which has poor performance.  Consider joining all columns at once using pd.concat(axis=1) instead. To get a de-fragmented frame, use `newframe = frame.copy()`
  result[column] = (
/var/folders/ck/dm6nl73d3v92cz_5d_bhjx_00000gn/T/phase18_exact_replay_fr87jfzp/repository/tools/v2/fit_gp_validation_distributions.py:643: PerformanceWarning: DataFrame is highly fragmented.  This is usually the result of calling `frame.insert` many times, which has poor performance.  Consider joining all columns at once using pd.concat(axis=1) instead. To get a de-fragmented frame, use `newframe = frame.copy()`
  result[column] = (
/var/folders/ck/dm6nl73d3v92cz_5d_bhjx_00000gn/T/phase18_exact_replay_fr87jfzp/repository/tools/v2/fit_gp_validation_distributions.py:643: PerformanceWarning: DataFrame is highly fragmented.  This is usually the result of calling `frame.insert` many times, which has poor performance.  Consider joining all columns at once using pd.concat(axis=1) instead. To get a de-fragmented frame, use `newframe = frame.copy()`
  result[column] = (
/var/folders/ck/dm6nl73d3v92cz_5d_bhjx_00000gn/T/phase18_exact_replay_fr87jfzp/repository/tools/v2/fit_gp_validation_distributions.py:643: PerformanceWarning: DataFrame is highly fragmented.  This is usually the result of calling `frame.insert` many times, which has poor performance.  Consider joining all columns at once using pd.concat(axis=1) instead. To get a de-fragmented frame, use `newframe = frame.copy()`
  result[column] = (
/var/folders/ck/dm6nl73d3v92cz_5d_bhjx_00000gn/T/phase18_exact_replay_fr87jfzp/repository/tools/v2/fit_gp_validation_distributions.py:643: PerformanceWarning: DataFrame is highly fragmented.  This is usually the result of calling `frame.insert` many times, which has poor performance.  Consider joining all columns at once using pd.concat(axis=1) instead. To get a de-fragmented frame, use `newframe = frame.copy()`
  result[column] = (
/var/folders/ck/dm6nl73d3v92cz_5d_bhjx_00000gn/T/phase18_exact_replay_fr87jfzp/repository/tools/v2/fit_gp_validation_distributions.py:643: PerformanceWarning: DataFrame is highly fragmented.  This is usually the result of calling `frame.insert` many times, which has poor performance.  Consider joining all columns at once using pd.concat(axis=1) instead. To get a de-fragmented frame, use `newframe = frame.copy()`
  result[column] = (
/var/folders/ck/dm6nl73d3v92cz_5d_bhjx_00000gn/T/phase18_exact_replay_fr87jfzp/repository/tools/v2/fit_gp_validation_distributions.py:643: PerformanceWarning: DataFrame is highly fragmented.  This is usually the result of calling `frame.insert` many times, which has poor performance.  Consider joining all columns at once using pd.concat(axis=1) instead. To get a de-fragmented frame, use `newframe = frame.copy()`
  result[column] = (
/var/folders/ck/dm6nl73d3v92cz_5d_bhjx_00000gn/T/phase18_exact_replay_fr87jfzp/repository/tools/v2/fit_gp_validation_distributions.py:643: PerformanceWarning: DataFrame is highly fragmented.  This is usually the result of calling `frame.insert` many times, which has poor performance.  Consider joining all columns at once using pd.concat(axis=1) instead. To get a de-fragmented frame, use `newframe = frame.copy()`
  result[column] = (
/var/folders/ck/dm6nl73d3v92cz_5d_bhjx_00000gn/T/phase18_exact_replay_fr87jfzp/repository/tools/v2/fit_gp_validation_distributions.py:643: PerformanceWarning: DataFrame is highly fragmented.  This is usually the result of calling `frame.insert` many times, which has poor performance.  Consider joining all columns at once using pd.concat(axis=1) instead. To get a de-fragmented frame, use `newframe = frame.copy()`
  result[column] = (
/var/folders/ck/dm6nl73d3v92cz_5d_bhjx_00000gn/T/phase18_exact_replay_fr87jfzp/repository/tools/v2/fit_gp_validation_distributions.py:643: PerformanceWarning: DataFrame is highly fragmented.  This is usually the result of calling `frame.insert` many times, which has poor performance.  Consider joining all columns at once using pd.concat(axis=1) instead. To get a de-fragmented frame, use `newframe = frame.copy()`
  result[column] = (
/var/folders/ck/dm6nl73d3v92cz_5d_bhjx_00000gn/T/phase18_exact_replay_fr87jfzp/repository/tools/v2/fit_gp_validation_distributions.py:643: PerformanceWarning: DataFrame is highly fragmented.  This is usually the result of calling `frame.insert` many times, which has poor performance.  Consider joining all columns at once using pd.concat(axis=1) instead. To get a de-fragmented frame, use `newframe = frame.copy()`
  result[column] = (
/var/folders/ck/dm6nl73d3v92cz_5d_bhjx_00000gn/T/phase18_exact_replay_fr87jfzp/repository/tools/v2/fit_gp_validation_distributions.py:643: PerformanceWarning: DataFrame is highly fragmented.  This is usually the result of calling `frame.insert` many times, which has poor performance.  Consider joining all columns at once using pd.concat(axis=1) instead. To get a de-fragmented frame, use `newframe = frame.copy()`
  result[column] = (
/var/folders/ck/dm6nl73d3v92cz_5d_bhjx_00000gn/T/phase18_exact_replay_fr87jfzp/repository/tools/v2/fit_gp_validation_distributions.py:643: PerformanceWarning: DataFrame is highly fragmented.  This is usually the result of calling `frame.insert` many times, which has poor performance.  Consider joining all columns at once using pd.concat(axis=1) instead. To get a de-fragmented frame, use `newframe = frame.copy()`
  result[column] = (
/var/folders/ck/dm6nl73d3v92cz_5d_bhjx_00000gn/T/phase18_exact_replay_fr87jfzp/repository/tools/v2/fit_gp_validation_distributions.py:643: PerformanceWarning: DataFrame is highly fragmented.  This is usually the result of calling `frame.insert` many times, which has poor performance.  Consider joining all columns at once using pd.concat(axis=1) instead. To get a de-fragmented frame, use `newframe = frame.copy()`
  result[column] = (
/var/folders/ck/dm6nl73d3v92cz_5d_bhjx_00000gn/T/phase18_exact_replay_fr87jfzp/repository/tools/v2/fit_gp_validation_distributions.py:643: PerformanceWarning: DataFrame is highly fragmented.  This is usually the result of calling `frame.insert` many times, which has poor performance.  Consider joining all columns at once using pd.concat(axis=1) instead. To get a de-fragmented frame, use `newframe = frame.copy()`
  result[column] = (
/var/folders/ck/dm6nl73d3v92cz_5d_bhjx_00000gn/T/phase18_exact_replay_fr87jfzp/repository/tools/v2/fit_gp_validation_distributions.py:643: PerformanceWarning: DataFrame is highly fragmented.  This is usually the result of calling `frame.insert` many times, which has poor performance.  Consider joining all columns at once using pd.concat(axis=1) instead. To get a de-fragmented frame, use `newframe = frame.copy()`
  result[column] = (
/var/folders/ck/dm6nl73d3v92cz_5d_bhjx_00000gn/T/phase18_exact_replay_fr87jfzp/repository/tools/v2/fit_gp_validation_distributions.py:643: PerformanceWarning: DataFrame is highly fragmented.  This is usually the result of calling `frame.insert` many times, which has poor performance.  Consider joining all columns at once using pd.concat(axis=1) instead. To get a de-fragmented frame, use `newframe = frame.copy()`
  result[column] = (
/var/folders/ck/dm6nl73d3v92cz_5d_bhjx_00000gn/T/phase18_exact_replay_fr87jfzp/repository/tools/v2/fit_gp_validation_distributions.py:643: PerformanceWarning: DataFrame is highly fragmented.  This is usually the result of calling `frame.insert` many times, which has poor performance.  Consider joining all columns at once using pd.concat(axis=1) instead. To get a de-fragmented frame, use `newframe = frame.copy()`
  result[column] = (
/var/folders/ck/dm6nl73d3v92cz_5d_bhjx_00000gn/T/phase18_exact_replay_fr87jfzp/repository/tools/v2/fit_gp_validation_distributions.py:643: PerformanceWarning: DataFrame is highly fragmented.  This is usually the result of calling `frame.insert` many times, which has poor performance.  Consider joining all columns at once using pd.concat(axis=1) instead. To get a de-fragmented frame, use `newframe = frame.copy()`
  result[column] = (
/var/folders/ck/dm6nl73d3v92cz_5d_bhjx_00000gn/T/phase18_exact_replay_fr87jfzp/repository/tools/v2/fit_gp_validation_distributions.py:643: PerformanceWarning: DataFrame is highly fragmented.  This is usually the result of calling `frame.insert` many times, which has poor performance.  Consider joining all columns at once using pd.concat(axis=1) instead. To get a de-fragmented frame, use `newframe = frame.copy()`
  result[column] = (
/var/folders/ck/dm6nl73d3v92cz_5d_bhjx_00000gn/T/phase18_exact_replay_fr87jfzp/repository/tools/v2/fit_gp_validation_distributions.py:643: PerformanceWarning: DataFrame is highly fragmented.  This is usually the result of calling `frame.insert` many times, which has poor performance.  Consider joining all columns at once using pd.concat(axis=1) instead. To get a de-fragmented frame, use `newframe = frame.copy()`
  result[column] = (
/var/folders/ck/dm6nl73d3v92cz_5d_bhjx_00000gn/T/phase18_exact_replay_fr87jfzp/repository/tools/v2/fit_gp_validation_distributions.py:643: PerformanceWarning: DataFrame is highly fragmented.  This is usually the result of calling `frame.insert` many times, which has poor performance.  Consider joining all columns at once using pd.concat(axis=1) instead. To get a de-fragmented frame, use `newframe = frame.copy()`
  result[column] = (
/var/folders/ck/dm6nl73d3v92cz_5d_bhjx_00000gn/T/phase18_exact_replay_fr87jfzp/repository/tools/v2/fit_gp_validation_distributions.py:643: PerformanceWarning: DataFrame is highly fragmented.  This is usually the result of calling `frame.insert` many times, which has poor performance.  Consider joining all columns at once using pd.concat(axis=1) instead. To get a de-fragmented frame, use `newframe = frame.copy()`
  result[column] = (
/var/folders/ck/dm6nl73d3v92cz_5d_bhjx_00000gn/T/phase18_exact_replay_fr87jfzp/repository/tools/v2/fit_gp_validation_distributions.py:643: PerformanceWarning: DataFrame is highly fragmented.  This is usually the result of calling `frame.insert` many times, which has poor performance.  Consider joining all columns at once using pd.concat(axis=1) instead. To get a de-fragmented frame, use `newframe = frame.copy()`
  result[column] = (
/var/folders/ck/dm6nl73d3v92cz_5d_bhjx_00000gn/T/phase18_exact_replay_fr87jfzp/repository/tools/v2/fit_gp_validation_distributions.py:643: PerformanceWarning: DataFrame is highly fragmented.  This is usually the result of calling `frame.insert` many times, which has poor performance.  Consider joining all columns at once using pd.concat(axis=1) instead. To get a de-fragmented frame, use `newframe = frame.copy()`
  result[column] = (
/var/folders/ck/dm6nl73d3v92cz_5d_bhjx_00000gn/T/phase18_exact_replay_fr87jfzp/repository/tools/v2/fit_gp_validation_distributions.py:643: PerformanceWarning: DataFrame is highly fragmented.  This is usually the result of calling `frame.insert` many times, which has poor performance.  Consider joining all columns at once using pd.concat(axis=1) instead. To get a de-fragmented frame, use `newframe = frame.copy()`
  result[column] = (
/var/folders/ck/dm6nl73d3v92cz_5d_bhjx_00000gn/T/phase18_exact_replay_fr87jfzp/repository/tools/v2/fit_gp_validation_distributions.py:643: PerformanceWarning: DataFrame is highly fragmented.  This is usually the result of calling `frame.insert` many times, which has poor performance.  Consider joining all columns at once using pd.concat(axis=1) instead. To get a de-fragmented frame, use `newframe = frame.copy()`
  result[column] = (
/var/folders/ck/dm6nl73d3v92cz_5d_bhjx_00000gn/T/phase18_exact_replay_fr87jfzp/repository/tools/v2/fit_gp_validation_distributions.py:643: PerformanceWarning: DataFrame is highly fragmented.  This is usually the result of calling `frame.insert` many times, which has poor performance.  Consider joining all columns at once using pd.concat(axis=1) instead. To get a de-fragmented frame, use `newframe = frame.copy()`
  result[column] = (
/var/folders/ck/dm6nl73d3v92cz_5d_bhjx_00000gn/T/phase18_exact_replay_fr87jfzp/repository/tools/v2/fit_gp_validation_distributions.py:643: PerformanceWarning: DataFrame is highly fragmented.  This is usually the result of calling `frame.insert` many times, which has poor performance.  Consider joining all columns at once using pd.concat(axis=1) instead. To get a de-fragmented frame, use `newframe = frame.copy()`
  result[column] = (
/var/folders/ck/dm6nl73d3v92cz_5d_bhjx_00000gn/T/phase18_exact_replay_fr87jfzp/repository/tools/v2/fit_gp_validation_distributions.py:643: PerformanceWarning: DataFrame is highly fragmented.  This is usually the result of calling `frame.insert` many times, which has poor performance.  Consider joining all columns at once using pd.concat(axis=1) instead. To get a de-fragmented frame, use `newframe = frame.copy()`
  result[column] = (
/var/folders/ck/dm6nl73d3v92cz_5d_bhjx_00000gn/T/phase18_exact_replay_fr87jfzp/repository/tools/v2/fit_gp_validation_distributions.py:643: PerformanceWarning: DataFrame is highly fragmented.  This is usually the result of calling `frame.insert` many times, which has poor performance.  Consider joining all columns at once using pd.concat(axis=1) instead. To get a de-fragmented frame, use `newframe = frame.copy()`
  result[column] = (
/var/folders/ck/dm6nl73d3v92cz_5d_bhjx_00000gn/T/phase18_exact_replay_fr87jfzp/repository/tools/v2/fit_gp_validation_distributions.py:643: PerformanceWarning: DataFrame is highly fragmented.  This is usually the result of calling `frame.insert` many times, which has poor performance.  Consider joining all columns at once using pd.concat(axis=1) instead. To get a de-fragmented frame, use `newframe = frame.copy()`
  result[column] = (
/var/folders/ck/dm6nl73d3v92cz_5d_bhjx_00000gn/T/phase18_exact_replay_fr87jfzp/repository/tools/v2/fit_gp_validation_distributions.py:643: PerformanceWarning: DataFrame is highly fragmented.  This is usually the result of calling `frame.insert` many times, which has poor performance.  Consider joining all columns at once using pd.concat(axis=1) instead. To get a de-fragmented frame, use `newframe = frame.copy()`
  result[column] = (
/var/folders/ck/dm6nl73d3v92cz_5d_bhjx_00000gn/T/phase18_exact_replay_fr87jfzp/repository/tools/v2/fit_gp_validation_distributions.py:643: PerformanceWarning: DataFrame is highly fragmented.  This is usually the result of calling `frame.insert` many times, which has poor performance.  Consider joining all columns at once using pd.concat(axis=1) instead. To get a de-fragmented frame, use `newframe = frame.copy()`
  result[column] = (
/var/folders/ck/dm6nl73d3v92cz_5d_bhjx_00000gn/T/phase18_exact_replay_fr87jfzp/repository/tools/v2/fit_gp_validation_distributions.py:643: PerformanceWarning: DataFrame is highly fragmented.  This is usually the result of calling `frame.insert` many times, which has poor performance.  Consider joining all columns at once using pd.concat(axis=1) instead. To get a de-fragmented frame, use `newframe = frame.copy()`
  result[column] = (
/var/folders/ck/dm6nl73d3v92cz_5d_bhjx_00000gn/T/phase18_exact_replay_fr87jfzp/repository/tools/v2/fit_gp_validation_distributions.py:643: PerformanceWarning: DataFrame is highly fragmented.  This is usually the result of calling `frame.insert` many times, which has poor performance.  Consider joining all columns at once using pd.concat(axis=1) instead. To get a de-fragmented frame, use `newframe = frame.copy()`
  result[column] = (
/var/folders/ck/dm6nl73d3v92cz_5d_bhjx_00000gn/T/phase18_exact_replay_fr87jfzp/repository/tools/v2/fit_gp_validation_distributions.py:643: PerformanceWarning: DataFrame is highly fragmented.  This is usually the result of calling `frame.insert` many times, which has poor performance.  Consider joining all columns at once using pd.concat(axis=1) instead. To get a de-fragmented frame, use `newframe = frame.copy()`
  result[column] = (
/var/folders/ck/dm6nl73d3v92cz_5d_bhjx_00000gn/T/phase18_exact_replay_fr87jfzp/repository/tools/v2/fit_gp_validation_distributions.py:643: PerformanceWarning: DataFrame is highly fragmented.  This is usually the result of calling `frame.insert` many times, which has poor performance.  Consider joining all columns at once using pd.concat(axis=1) instead. To get a de-fragmented frame, use `newframe = frame.copy()`
  result[column] = (
/var/folders/ck/dm6nl73d3v92cz_5d_bhjx_00000gn/T/phase18_exact_replay_fr87jfzp/repository/tools/v2/fit_gp_validation_distributions.py:643: PerformanceWarning: DataFrame is highly fragmented.  This is usually the result of calling `frame.insert` many times, which has poor performance.  Consider joining all columns at once using pd.concat(axis=1) instead. To get a de-fragmented frame, use `newframe = frame.copy()`
  result[column] = (
/var/folders/ck/dm6nl73d3v92cz_5d_bhjx_00000gn/T/phase18_exact_replay_fr87jfzp/repository/tools/v2/fit_gp_validation_distributions.py:643: PerformanceWarning: DataFrame is highly fragmented.  This is usually the result of calling `frame.insert` many times, which has poor performance.  Consider joining all columns at once using pd.concat(axis=1) instead. To get a de-fragmented frame, use `newframe = frame.copy()`
  result[column] = (
/var/folders/ck/dm6nl73d3v92cz_5d_bhjx_00000gn/T/phase18_exact_replay_fr87jfzp/repository/tools/v2/fit_gp_validation_distributions.py:643: PerformanceWarning: DataFrame is highly fragmented.  This is usually the result of calling `frame.insert` many times, which has poor performance.  Consider joining all columns at once using pd.concat(axis=1) instead. To get a de-fragmented frame, use `newframe = frame.copy()`
  result[column] = (
/var/folders/ck/dm6nl73d3v92cz_5d_bhjx_00000gn/T/phase18_exact_replay_fr87jfzp/repository/tools/v2/fit_gp_validation_distributions.py:643: PerformanceWarning: DataFrame is highly fragmented.  This is usually the result of calling `frame.insert` many times, which has poor performance.  Consider joining all columns at once using pd.concat(axis=1) instead. To get a de-fragmented frame, use `newframe = frame.copy()`
  result[column] = (
/var/folders/ck/dm6nl73d3v92cz_5d_bhjx_00000gn/T/phase18_exact_replay_fr87jfzp/repository/tools/v2/fit_gp_validation_distributions.py:643: PerformanceWarning: DataFrame is highly fragmented.  This is usually the result of calling `frame.insert` many times, which has poor performance.  Consider joining all columns at once using pd.concat(axis=1) instead. To get a de-fragmented frame, use `newframe = frame.copy()`
  result[column] = (
/var/folders/ck/dm6nl73d3v92cz_5d_bhjx_00000gn/T/phase18_exact_replay_fr87jfzp/repository/tools/v2/fit_gp_validation_distributions.py:643: PerformanceWarning: DataFrame is highly fragmented.  This is usually the result of calling `frame.insert` many times, which has poor performance.  Consider joining all columns at once using pd.concat(axis=1) instead. To get a de-fragmented frame, use `newframe = frame.copy()`
  result[column] = (
/var/folders/ck/dm6nl73d3v92cz_5d_bhjx_00000gn/T/phase18_exact_replay_fr87jfzp/repository/tools/v2/fit_gp_validation_distributions.py:643: PerformanceWarning: DataFrame is highly fragmented.  This is usually the result of calling `frame.insert` many times, which has poor performance.  Consider joining all columns at once using pd.concat(axis=1) instead. To get a de-fragmented frame, use `newframe = frame.copy()`
  result[column] = (
/var/folders/ck/dm6nl73d3v92cz_5d_bhjx_00000gn/T/phase18_exact_replay_fr87jfzp/repository/tools/v2/fit_gp_validation_distributions.py:643: PerformanceWarning: DataFrame is highly fragmented.  This is usually the result of calling `frame.insert` many times, which has poor performance.  Consider joining all columns at once using pd.concat(axis=1) instead. To get a de-fragmented frame, use `newframe = frame.copy()`
  result[column] = (
/var/folders/ck/dm6nl73d3v92cz_5d_bhjx_00000gn/T/phase18_exact_replay_fr87jfzp/repository/tools/v2/fit_gp_validation_distributions.py:643: PerformanceWarning: DataFrame is highly fragmented.  This is usually the result of calling `frame.insert` many times, which has poor performance.  Consider joining all columns at once using pd.concat(axis=1) instead. To get a de-fragmented frame, use `newframe = frame.copy()`
  result[column] = (
/var/folders/ck/dm6nl73d3v92cz_5d_bhjx_00000gn/T/phase18_exact_replay_fr87jfzp/repository/tools/v2/fit_gp_validation_distributions.py:643: PerformanceWarning: DataFrame is highly fragmented.  This is usually the result of calling `frame.insert` many times, which has poor performance.  Consider joining all columns at once using pd.concat(axis=1) instead. To get a de-fragmented frame, use `newframe = frame.copy()`
  result[column] = (
/var/folders/ck/dm6nl73d3v92cz_5d_bhjx_00000gn/T/phase18_exact_replay_fr87jfzp/repository/tools/v2/fit_gp_validation_distributions.py:643: PerformanceWarning: DataFrame is highly fragmented.  This is usually the result of calling `frame.insert` many times, which has poor performance.  Consider joining all columns at once using pd.concat(axis=1) instead. To get a de-fragmented frame, use `newframe = frame.copy()`
  result[column] = (
/var/folders/ck/dm6nl73d3v92cz_5d_bhjx_00000gn/T/phase18_exact_replay_fr87jfzp/repository/tools/v2/fit_gp_validation_distributions.py:643: PerformanceWarning: DataFrame is highly fragmented.  This is usually the result of calling `frame.insert` many times, which has poor performance.  Consider joining all columns at once using pd.concat(axis=1) instead. To get a de-fragmented frame, use `newframe = frame.copy()`
  result[column] = (
/var/folders/ck/dm6nl73d3v92cz_5d_bhjx_00000gn/T/phase18_exact_replay_fr87jfzp/repository/tools/v2/fit_gp_validation_distributions.py:643: PerformanceWarning: DataFrame is highly fragmented.  This is usually the result of calling `frame.insert` many times, which has poor performance.  Consider joining all columns at once using pd.concat(axis=1) instead. To get a de-fragmented frame, use `newframe = frame.copy()`
  result[column] = (
/var/folders/ck/dm6nl73d3v92cz_5d_bhjx_00000gn/T/phase18_exact_replay_fr87jfzp/repository/tools/v2/fit_gp_validation_distributions.py:643: PerformanceWarning: DataFrame is highly fragmented.  This is usually the result of calling `frame.insert` many times, which has poor performance.  Consider joining all columns at once using pd.concat(axis=1) instead. To get a de-fragmented frame, use `newframe = frame.copy()`
  result[column] = (
/var/folders/ck/dm6nl73d3v92cz_5d_bhjx_00000gn/T/phase18_exact_replay_fr87jfzp/repository/tools/v2/fit_gp_validation_distributions.py:643: PerformanceWarning: DataFrame is highly fragmented.  This is usually the result of calling `frame.insert` many times, which has poor performance.  Consider joining all columns at once using pd.concat(axis=1) instead. To get a de-fragmented frame, use `newframe = frame.copy()`
  result[column] = (
/var/folders/ck/dm6nl73d3v92cz_5d_bhjx_00000gn/T/phase18_exact_replay_fr87jfzp/repository/tools/v2/fit_gp_validation_distributions.py:643: PerformanceWarning: DataFrame is highly fragmented.  This is usually the result of calling `frame.insert` many times, which has poor performance.  Consider joining all columns at once using pd.concat(axis=1) instead. To get a de-fragmented frame, use `newframe = frame.copy()`
  result[column] = (
/var/folders/ck/dm6nl73d3v92cz_5d_bhjx_00000gn/T/phase18_exact_replay_fr87jfzp/repository/tools/v2/fit_gp_validation_distributions.py:643: PerformanceWarning: DataFrame is highly fragmented.  This is usually the result of calling `frame.insert` many times, which has poor performance.  Consider joining all columns at once using pd.concat(axis=1) instead. To get a de-fragmented frame, use `newframe = frame.copy()`
  result[column] = (
/var/folders/ck/dm6nl73d3v92cz_5d_bhjx_00000gn/T/phase18_exact_replay_fr87jfzp/repository/tools/v2/fit_gp_validation_distributions.py:643: PerformanceWarning: DataFrame is highly fragmented.  This is usually the result of calling `frame.insert` many times, which has poor performance.  Consider joining all columns at once using pd.concat(axis=1) instead. To get a de-fragmented frame, use `newframe = frame.copy()`
  result[column] = (
/var/folders/ck/dm6nl73d3v92cz_5d_bhjx_00000gn/T/phase18_exact_replay_fr87jfzp/repository/tools/v2/fit_gp_validation_distributions.py:643: PerformanceWarning: DataFrame is highly fragmented.  This is usually the result of calling `frame.insert` many times, which has poor performance.  Consider joining all columns at once using pd.concat(axis=1) instead. To get a de-fragmented frame, use `newframe = frame.copy()`
  result[column] = (
/var/folders/ck/dm6nl73d3v92cz_5d_bhjx_00000gn/T/phase18_exact_replay_fr87jfzp/repository/tools/v2/fit_gp_validation_distributions.py:643: PerformanceWarning: DataFrame is highly fragmented.  This is usually the result of calling `frame.insert` many times, which has poor performance.  Consider joining all columns at once using pd.concat(axis=1) instead. To get a de-fragmented frame, use `newframe = frame.copy()`
  result[column] = (
/var/folders/ck/dm6nl73d3v92cz_5d_bhjx_00000gn/T/phase18_exact_replay_fr87jfzp/repository/tools/v2/fit_gp_validation_distributions.py:643: PerformanceWarning: DataFrame is highly fragmented.  This is usually the result of calling `frame.insert` many times, which has poor performance.  Consider joining all columns at once using pd.concat(axis=1) instead. To get a de-fragmented frame, use `newframe = frame.copy()`
  result[column] = (
/var/folders/ck/dm6nl73d3v92cz_5d_bhjx_00000gn/T/phase18_exact_replay_fr87jfzp/repository/tools/v2/fit_gp_validation_distributions.py:643: PerformanceWarning: DataFrame is highly fragmented.  This is usually the result of calling `frame.insert` many times, which has poor performance.  Consider joining all columns at once using pd.concat(axis=1) instead. To get a de-fragmented frame, use `newframe = frame.copy()`
  result[column] = (
/var/folders/ck/dm6nl73d3v92cz_5d_bhjx_00000gn/T/phase18_exact_replay_fr87jfzp/repository/tools/v2/fit_gp_validation_distributions.py:643: PerformanceWarning: DataFrame is highly fragmented.  This is usually the result of calling `frame.insert` many times, which has poor performance.  Consider joining all columns at once using pd.concat(axis=1) instead. To get a de-fragmented frame, use `newframe = frame.copy()`
  result[column] = (
/var/folders/ck/dm6nl73d3v92cz_5d_bhjx_00000gn/T/phase18_exact_replay_fr87jfzp/repository/tools/v2/fit_gp_validation_distributions.py:643: PerformanceWarning: DataFrame is highly fragmented.  This is usually the result of calling `frame.insert` many times, which has poor performance.  Consider joining all columns at once using pd.concat(axis=1) instead. To get a de-fragmented frame, use `newframe = frame.copy()`
  result[column] = (
/var/folders/ck/dm6nl73d3v92cz_5d_bhjx_00000gn/T/phase18_exact_replay_fr87jfzp/repository/tools/v2/fit_gp_validation_distributions.py:643: PerformanceWarning: DataFrame is highly fragmented.  This is usually the result of calling `frame.insert` many times, which has poor performance.  Consider joining all columns at once using pd.concat(axis=1) instead. To get a de-fragmented frame, use `newframe = frame.copy()`
  result[column] = (
/var/folders/ck/dm6nl73d3v92cz_5d_bhjx_00000gn/T/phase18_exact_replay_fr87jfzp/repository/tools/v2/fit_gp_validation_distributions.py:643: PerformanceWarning: DataFrame is highly fragmented.  This is usually the result of calling `frame.insert` many times, which has poor performance.  Consider joining all columns at once using pd.concat(axis=1) instead. To get a de-fragmented frame, use `newframe = frame.copy()`
  result[column] = (
/var/folders/ck/dm6nl73d3v92cz_5d_bhjx_00000gn/T/phase18_exact_replay_fr87jfzp/repository/tools/v2/fit_gp_validation_distributions.py:643: PerformanceWarning: DataFrame is highly fragmented.  This is usually the result of calling `frame.insert` many times, which has poor performance.  Consider joining all columns at once using pd.concat(axis=1) instead. To get a de-fragmented frame, use `newframe = frame.copy()`
  result[column] = (
/var/folders/ck/dm6nl73d3v92cz_5d_bhjx_00000gn/T/phase18_exact_replay_fr87jfzp/repository/tools/v2/fit_gp_validation_distributions.py:643: PerformanceWarning: DataFrame is highly fragmented.  This is usually the result of calling `frame.insert` many times, which has poor performance.  Consider joining all columns at once using pd.concat(axis=1) instead. To get a de-fragmented frame, use `newframe = frame.copy()`
  result[column] = (
/var/folders/ck/dm6nl73d3v92cz_5d_bhjx_00000gn/T/phase18_exact_replay_fr87jfzp/repository/tools/v2/fit_gp_validation_distributions.py:643: PerformanceWarning: DataFrame is highly fragmented.  This is usually the result of calling `frame.insert` many times, which has poor performance.  Consider joining all columns at once using pd.concat(axis=1) instead. To get a de-fragmented frame, use `newframe = frame.copy()`
  result[column] = (
/var/folders/ck/dm6nl73d3v92cz_5d_bhjx_00000gn/T/phase18_exact_replay_fr87jfzp/repository/tools/v2/fit_gp_validation_distributions.py:643: PerformanceWarning: DataFrame is highly fragmented.  This is usually the result of calling `frame.insert` many times, which has poor performance.  Consider joining all columns at once using pd.concat(axis=1) instead. To get a de-fragmented frame, use `newframe = frame.copy()`
  result[column] = (
/var/folders/ck/dm6nl73d3v92cz_5d_bhjx_00000gn/T/phase18_exact_replay_fr87jfzp/repository/tools/v2/fit_gp_validation_distributions.py:643: PerformanceWarning: DataFrame is highly fragmented.  This is usually the result of calling `frame.insert` many times, which has poor performance.  Consider joining all columns at once using pd.concat(axis=1) instead. To get a de-fragmented frame, use `newframe = frame.copy()`
  result[column] = (
/var/folders/ck/dm6nl73d3v92cz_5d_bhjx_00000gn/T/phase18_exact_replay_fr87jfzp/repository/tools/v2/fit_gp_validation_distributions.py:643: PerformanceWarning: DataFrame is highly fragmented.  This is usually the result of calling `frame.insert` many times, which has poor performance.  Consider joining all columns at once using pd.concat(axis=1) instead. To get a de-fragmented frame, use `newframe = frame.copy()`
  result[column] = (
/var/folders/ck/dm6nl73d3v92cz_5d_bhjx_00000gn/T/phase18_exact_replay_fr87jfzp/repository/tools/v2/fit_gp_validation_distributions.py:643: PerformanceWarning: DataFrame is highly fragmented.  This is usually the result of calling `frame.insert` many times, which has poor performance.  Consider joining all columns at once using pd.concat(axis=1) instead. To get a de-fragmented frame, use `newframe = frame.copy()`
  result[column] = (
/var/folders/ck/dm6nl73d3v92cz_5d_bhjx_00000gn/T/phase18_exact_replay_fr87jfzp/repository/tools/v2/fit_gp_validation_distributions.py:643: PerformanceWarning: DataFrame is highly fragmented.  This is usually the result of calling `frame.insert` many times, which has poor performance.  Consider joining all columns at once using pd.concat(axis=1) instead. To get a de-fragmented frame, use `newframe = frame.copy()`
  result[column] = (
/var/folders/ck/dm6nl73d3v92cz_5d_bhjx_00000gn/T/phase18_exact_replay_fr87jfzp/repository/tools/v2/fit_gp_validation_distributions.py:643: PerformanceWarning: DataFrame is highly fragmented.  This is usually the result of calling `frame.insert` many times, which has poor performance.  Consider joining all columns at once using pd.concat(axis=1) instead. To get a de-fragmented frame, use `newframe = frame.copy()`
  result[column] = (
/var/folders/ck/dm6nl73d3v92cz_5d_bhjx_00000gn/T/phase18_exact_replay_fr87jfzp/repository/tools/v2/fit_gp_validation_distributions.py:643: PerformanceWarning: DataFrame is highly fragmented.  This is usually the result of calling `frame.insert` many times, which has poor performance.  Consider joining all columns at once using pd.concat(axis=1) instead. To get a de-fragmented frame, use `newframe = frame.copy()`
  result[column] = (
/var/folders/ck/dm6nl73d3v92cz_5d_bhjx_00000gn/T/phase18_exact_replay_fr87jfzp/repository/tools/v2/fit_gp_validation_distributions.py:643: PerformanceWarning: DataFrame is highly fragmented.  This is usually the result of calling `frame.insert` many times, which has poor performance.  Consider joining all columns at once using pd.concat(axis=1) instead. To get a de-fragmented frame, use `newframe = frame.copy()`
  result[column] = (
/var/folders/ck/dm6nl73d3v92cz_5d_bhjx_00000gn/T/phase18_exact_replay_fr87jfzp/repository/tools/v2/fit_gp_validation_distributions.py:643: PerformanceWarning: DataFrame is highly fragmented.  This is usually the result of calling `frame.insert` many times, which has poor performance.  Consider joining all columns at once using pd.concat(axis=1) instead. To get a de-fragmented frame, use `newframe = frame.copy()`
  result[column] = (
/var/folders/ck/dm6nl73d3v92cz_5d_bhjx_00000gn/T/phase18_exact_replay_fr87jfzp/repository/tools/v2/fit_gp_validation_distributions.py:643: PerformanceWarning: DataFrame is highly fragmented.  This is usually the result of calling `frame.insert` many times, which has poor performance.  Consider joining all columns at once using pd.concat(axis=1) instead. To get a de-fragmented frame, use `newframe = frame.copy()`
  result[column] = (
/var/folders/ck/dm6nl73d3v92cz_5d_bhjx_00000gn/T/phase18_exact_replay_fr87jfzp/repository/tools/v2/fit_gp_validation_distributions.py:643: PerformanceWarning: DataFrame is highly fragmented.  This is usually the result of calling `frame.insert` many times, which has poor performance.  Consider joining all columns at once using pd.concat(axis=1) instead. To get a de-fragmented frame, use `newframe = frame.copy()`
  result[column] = (
/var/folders/ck/dm6nl73d3v92cz_5d_bhjx_00000gn/T/phase18_exact_replay_fr87jfzp/repository/tools/v2/fit_gp_validation_distributions.py:643: PerformanceWarning: DataFrame is highly fragmented.  This is usually the result of calling `frame.insert` many times, which has poor performance.  Consider joining all columns at once using pd.concat(axis=1) instead. To get a de-fragmented frame, use `newframe = frame.copy()`
  result[column] = (
/var/folders/ck/dm6nl73d3v92cz_5d_bhjx_00000gn/T/phase18_exact_replay_fr87jfzp/repository/tools/v2/fit_gp_validation_distributions.py:643: PerformanceWarning: DataFrame is highly fragmented.  This is usually the result of calling `frame.insert` many times, which has poor performance.  Consider joining all columns at once using pd.concat(axis=1) instead. To get a de-fragmented frame, use `newframe = frame.copy()`
  result[column] = (
/var/folders/ck/dm6nl73d3v92cz_5d_bhjx_00000gn/T/phase18_exact_replay_fr87jfzp/repository/tools/v2/fit_gp_validation_distributions.py:643: PerformanceWarning: DataFrame is highly fragmented.  This is usually the result of calling `frame.insert` many times, which has poor performance.  Consider joining all columns at once using pd.concat(axis=1) instead. To get a de-fragmented frame, use `newframe = frame.copy()`
  result[column] = (
/var/folders/ck/dm6nl73d3v92cz_5d_bhjx_00000gn/T/phase18_exact_replay_fr87jfzp/repository/tools/v2/fit_gp_validation_distributions.py:643: PerformanceWarning: DataFrame is highly fragmented.  This is usually the result of calling `frame.insert` many times, which has poor performance.  Consider joining all columns at once using pd.concat(axis=1) instead. To get a de-fragmented frame, use `newframe = frame.copy()`
  result[column] = (
/var/folders/ck/dm6nl73d3v92cz_5d_bhjx_00000gn/T/phase18_exact_replay_fr87jfzp/repository/tools/v2/fit_gp_validation_distributions.py:643: PerformanceWarning: DataFrame is highly fragmented.  This is usually the result of calling `frame.insert` many times, which has poor performance.  Consider joining all columns at once using pd.concat(axis=1) instead. To get a de-fragmented frame, use `newframe = frame.copy()`
  result[column] = (
/var/folders/ck/dm6nl73d3v92cz_5d_bhjx_00000gn/T/phase18_exact_replay_fr87jfzp/repository/tools/v2/fit_gp_validation_distributions.py:643: PerformanceWarning: DataFrame is highly fragmented.  This is usually the result of calling `frame.insert` many times, which has poor performance.  Consider joining all columns at once using pd.concat(axis=1) instead. To get a de-fragmented frame, use `newframe = frame.copy()`
  result[column] = (
/var/folders/ck/dm6nl73d3v92cz_5d_bhjx_00000gn/T/phase18_exact_replay_fr87jfzp/repository/tools/v2/fit_gp_validation_distributions.py:643: PerformanceWarning: DataFrame is highly fragmented.  This is usually the result of calling `frame.insert` many times, which has poor performance.  Consider joining all columns at once using pd.concat(axis=1) instead. To get a de-fragmented frame, use `newframe = frame.copy()`
  result[column] = (
/var/folders/ck/dm6nl73d3v92cz_5d_bhjx_00000gn/T/phase18_exact_replay_fr87jfzp/repository/tools/v2/fit_gp_validation_distributions.py:643: PerformanceWarning: DataFrame is highly fragmented.  This is usually the result of calling `frame.insert` many times, which has poor performance.  Consider joining all columns at once using pd.concat(axis=1) instead. To get a de-fragmented frame, use `newframe = frame.copy()`
  result[column] = (
/var/folders/ck/dm6nl73d3v92cz_5d_bhjx_00000gn/T/phase18_exact_replay_fr87jfzp/repository/tools/v2/fit_gp_validation_distributions.py:643: PerformanceWarning: DataFrame is highly fragmented.  This is usually the result of calling `frame.insert` many times, which has poor performance.  Consider joining all columns at once using pd.concat(axis=1) instead. To get a de-fragmented frame, use `newframe = frame.copy()`
  result[column] = (
/var/folders/ck/dm6nl73d3v92cz_5d_bhjx_00000gn/T/phase18_exact_replay_fr87jfzp/repository/tools/v2/fit_gp_validation_distributions.py:643: PerformanceWarning: DataFrame is highly fragmented.  This is usually the result of calling `frame.insert` many times, which has poor performance.  Consider joining all columns at once using pd.concat(axis=1) instead. To get a de-fragmented frame, use `newframe = frame.copy()`
  result[column] = (
/var/folders/ck/dm6nl73d3v92cz_5d_bhjx_00000gn/T/phase18_exact_replay_fr87jfzp/repository/tools/v2/fit_gp_validation_distributions.py:643: PerformanceWarning: DataFrame is highly fragmented.  This is usually the result of calling `frame.insert` many times, which has poor performance.  Consider joining all columns at once using pd.concat(axis=1) instead. To get a de-fragmented frame, use `newframe = frame.copy()`
  result[column] = (
/var/folders/ck/dm6nl73d3v92cz_5d_bhjx_00000gn/T/phase18_exact_replay_fr87jfzp/repository/tools/v2/fit_gp_validation_distributions.py:643: PerformanceWarning: DataFrame is highly fragmented.  This is usually the result of calling `frame.insert` many times, which has poor performance.  Consider joining all columns at once using pd.concat(axis=1) instead. To get a de-fragmented frame, use `newframe = frame.copy()`
  result[column] = (
/var/folders/ck/dm6nl73d3v92cz_5d_bhjx_00000gn/T/phase18_exact_replay_fr87jfzp/repository/tools/v2/fit_gp_validation_distributions.py:643: PerformanceWarning: DataFrame is highly fragmented.  This is usually the result of calling `frame.insert` many times, which has poor performance.  Consider joining all columns at once using pd.concat(axis=1) instead. To get a de-fragmented frame, use `newframe = frame.copy()`
  result[column] = (
/var/folders/ck/dm6nl73d3v92cz_5d_bhjx_00000gn/T/phase18_exact_replay_fr87jfzp/repository/tools/v2/fit_gp_validation_distributions.py:643: PerformanceWarning: DataFrame is highly fragmented.  This is usually the result of calling `frame.insert` many times, which has poor performance.  Consider joining all columns at once using pd.concat(axis=1) instead. To get a de-fragmented frame, use `newframe = frame.copy()`
  result[column] = (
/var/folders/ck/dm6nl73d3v92cz_5d_bhjx_00000gn/T/phase18_exact_replay_fr87jfzp/repository/tools/v2/fit_gp_validation_distributions.py:643: PerformanceWarning: DataFrame is highly fragmented.  This is usually the result of calling `frame.insert` many times, which has poor performance.  Consider joining all columns at once using pd.concat(axis=1) instead. To get a de-fragmented frame, use `newframe = frame.copy()`
  result[column] = (
/var/folders/ck/dm6nl73d3v92cz_5d_bhjx_00000gn/T/phase18_exact_replay_fr87jfzp/repository/tools/v2/fit_gp_validation_distributions.py:643: PerformanceWarning: DataFrame is highly fragmented.  This is usually the result of calling `frame.insert` many times, which has poor performance.  Consider joining all columns at once using pd.concat(axis=1) instead. To get a de-fragmented frame, use `newframe = frame.copy()`
  result[column] = (
/var/folders/ck/dm6nl73d3v92cz_5d_bhjx_00000gn/T/phase18_exact_replay_fr87jfzp/repository/tools/v2/fit_gp_validation_distributions.py:643: PerformanceWarning: DataFrame is highly fragmented.  This is usually the result of calling `frame.insert` many times, which has poor performance.  Consider joining all columns at once using pd.concat(axis=1) instead. To get a de-fragmented frame, use `newframe = frame.copy()`
  result[column] = (
/var/folders/ck/dm6nl73d3v92cz_5d_bhjx_00000gn/T/phase18_exact_replay_fr87jfzp/repository/tools/v2/fit_gp_validation_distributions.py:643: PerformanceWarning: DataFrame is highly fragmented.  This is usually the result of calling `frame.insert` many times, which has poor performance.  Consider joining all columns at once using pd.concat(axis=1) instead. To get a de-fragmented frame, use `newframe = frame.copy()`
  result[column] = (
/var/folders/ck/dm6nl73d3v92cz_5d_bhjx_00000gn/T/phase18_exact_replay_fr87jfzp/repository/tools/v2/fit_gp_validation_distributions.py:643: PerformanceWarning: DataFrame is highly fragmented.  This is usually the result of calling `frame.insert` many times, which has poor performance.  Consider joining all columns at once using pd.concat(axis=1) instead. To get a de-fragmented frame, use `newframe = frame.copy()`
  result[column] = (
/var/folders/ck/dm6nl73d3v92cz_5d_bhjx_00000gn/T/phase18_exact_replay_fr87jfzp/repository/tools/v2/fit_gp_validation_distributions.py:643: PerformanceWarning: DataFrame is highly fragmented.  This is usually the result of calling `frame.insert` many times, which has poor performance.  Consider joining all columns at once using pd.concat(axis=1) instead. To get a de-fragmented frame, use `newframe = frame.copy()`
  result[column] = (
/var/folders/ck/dm6nl73d3v92cz_5d_bhjx_00000gn/T/phase18_exact_replay_fr87jfzp/repository/tools/v2/fit_gp_validation_distributions.py:643: PerformanceWarning: DataFrame is highly fragmented.  This is usually the result of calling `frame.insert` many times, which has poor performance.  Consider joining all columns at once using pd.concat(axis=1) instead. To get a de-fragmented frame, use `newframe = frame.copy()`
  result[column] = (
/var/folders/ck/dm6nl73d3v92cz_5d_bhjx_00000gn/T/phase18_exact_replay_fr87jfzp/repository/tools/v2/fit_gp_validation_distributions.py:643: PerformanceWarning: DataFrame is highly fragmented.  This is usually the result of calling `frame.insert` many times, which has poor performance.  Consider joining all columns at once using pd.concat(axis=1) instead. To get a de-fragmented frame, use `newframe = frame.copy()`
  result[column] = (
/var/folders/ck/dm6nl73d3v92cz_5d_bhjx_00000gn/T/phase18_exact_replay_fr87jfzp/repository/tools/v2/fit_gp_validation_distributions.py:643: PerformanceWarning: DataFrame is highly fragmented.  This is usually the result of calling `frame.insert` many times, which has poor performance.  Consider joining all columns at once using pd.concat(axis=1) instead. To get a de-fragmented frame, use `newframe = frame.copy()`
  result[column] = (
/var/folders/ck/dm6nl73d3v92cz_5d_bhjx_00000gn/T/phase18_exact_replay_fr87jfzp/repository/tools/v2/fit_gp_validation_distributions.py:643: PerformanceWarning: DataFrame is highly fragmented.  This is usually the result of calling `frame.insert` many times, which has poor performance.  Consider joining all columns at once using pd.concat(axis=1) instead. To get a de-fragmented frame, use `newframe = frame.copy()`
  result[column] = (
/var/folders/ck/dm6nl73d3v92cz_5d_bhjx_00000gn/T/phase18_exact_replay_fr87jfzp/repository/tools/v2/fit_gp_validation_distributions.py:643: PerformanceWarning: DataFrame is highly fragmented.  This is usually the result of calling `frame.insert` many times, which has poor performance.  Consider joining all columns at once using pd.concat(axis=1) instead. To get a de-fragmented frame, use `newframe = frame.copy()`
  result[column] = (
/var/folders/ck/dm6nl73d3v92cz_5d_bhjx_00000gn/T/phase18_exact_replay_fr87jfzp/repository/tools/v2/fit_gp_validation_distributions.py:643: PerformanceWarning: DataFrame is highly fragmented.  This is usually the result of calling `frame.insert` many times, which has poor performance.  Consider joining all columns at once using pd.concat(axis=1) instead. To get a de-fragmented frame, use `newframe = frame.copy()`
  result[column] = (
/var/folders/ck/dm6nl73d3v92cz_5d_bhjx_00000gn/T/phase18_exact_replay_fr87jfzp/repository/tools/v2/fit_gp_validation_distributions.py:643: PerformanceWarning: DataFrame is highly fragmented.  This is usually the result of calling `frame.insert` many times, which has poor performance.  Consider joining all columns at once using pd.concat(axis=1) instead. To get a de-fragmented frame, use `newframe = frame.copy()`
  result[column] = (
