run_init_utc,cycle_utc,success,source_origin,http_status,n_hourly_rows,cache_path,error
2024-03-14T00:00:00+00:00,0,True,certified_v2_raw_archive,cache,240,data/raw/ecmwf_final_v85/2024/03/ecmwf_ifs_20240314_00.json.gz,
2024-03-14T12:00:00+00:00,12,True,certified_v2_raw_archive,cache,240,data/raw/ecmwf_final_v85/2024/03/ecmwf_ifs_20240314_12.json.gz,
2024-03-15T00:00:00+00:00,0,True,certified_v2_raw_archive,cache,240,data/raw/ecmwf_final_v85/2024/03/ecmwf_ifs_20240315_00.json.gz,
2024-03-15T12:00:00+00:00,12,True,certified_v2_raw_archive,cache,240,data/raw/ecmwf_final_v85/2024/03/ecmwf_ifs_20240315_12.json.gz,
2024-03-16T00:00:00+00:00,0,True,certified_v2_raw_archive,cache,240,data/raw/ecmwf_final_v85/2024/03/ecmwf_ifs_20240316_00.json.gz,
2024-03-16T12:00:00+00:00,12,True,certified_v2_raw_archive,cache,240,data/raw/ecmwf_final_v85/2024/03/ecmwf_ifs_20240316_12.json.gz,
2024-03-17T00:00:00+00:00,0,True,certified_v2_raw_archive,cache,240,data/raw/ecmwf_final_v85/2024/03/ecmwf_ifs_20240317_00.json.gz,
2024-03-17T12:00:00+00:00,12,True,certified_v2_raw_archive,cache,240,data/raw/ecmwf_final_v85/2024/03/ecmwf_ifs_20240317_12.json.gz,
2024-03-18T00:00:00+00:00,0,True,certified_v2_raw_archive,cache,240,data/raw/ecmwf_final_v85/2024/03/ecmwf_ifs_20240318_00.json.gz,
2024-03-18T12:00:00+00:00,12,True,certified_v2_raw_archive,cache,240,data/raw/ecmwf_final_v85/2024/03/ecmwf_ifs_20240318_12.json.gz,
2024-03-19T00:00:00+00:00,0,True,certified_v2_raw_archive,cache,240,data/raw/ecmwf_final_v85/2024/03/ecmwf_ifs_20240319_00.json.gz,
2024-03-19T12:00:00+00:00,12,True,certified_v2_raw_archive,cache,240,data/raw/ecmwf_final_v85/2024/03/ecmwf_ifs_20240319_12.json.gz,
2024-03-20T00:00:00+00:00,0,True,certified_v2_raw_archive,cache,240,data/raw/ecmwf_final_v85/2024/03/ecmwf_ifs_20240320_00.json.gz,
2024-03-20T12:00:00+00:00,12,True,certified_v2_raw_archive,cache,240,data/raw/ecmwf_final_v85/2024/03/ecmwf_ifs_20240320_12.json.gz,
2024-03-21T00:00:00+00:00,0,True,certified_v2_raw_archive,cache,240,data/raw/ecmwf_final_v85/2024/03/ecmwf_ifs_20240321_00.json.gz,
2024-03-21T12:00:00+00:00,12,True,certified_v2_raw_archive,cache,240,data/raw/ecmwf_final_v85/2024/03/ecmwf_ifs_20240321_12.json.gz,
2024-03-22T00:00:00+00:00,0,True,certified_v2_raw_archive,cache,240,data/raw/ecmwf_final_v85/2024/03/ecmwf_ifs_20240322_00.json.gz,
2024-03-22T12:00:00+00:00,12,True,certified_v2_raw_archive,cache,240,data/raw/ecmwf_final_v85/2024/03/ecmwf_ifs_20240322_12.json.gz,
2024-03-23T00:00:00+00:00,0,True,certified_v2_raw_archive,cache,240,data/raw/ecmwf_final_v85/2024/03/ecmwf_ifs_20240323_00.json.gz,
2024-03-23T12:00:00+00:00,12,True,certified_v2_raw_archive,cache,240,data/raw/ecmwf_final_v85/2024/03/ecmwf_ifs_20240323_12.json.gz,
2024-03-24T00:00:00+00:00,0,True,certified_v2_raw_archive,cache,240,data/raw/ecmwf_final_v85/2024/03/ecmwf_ifs_20240324_00.json.gz,
2024-03-24T12:00:00+00:00,12,True,certified_v2_raw_archive,cache,240,data/raw/ecmwf_final_v85/2024/03/ecmwf_ifs_20240324_12.json.gz,
2024-03-25T00:00:00+00:00,0,True,certified_v2_raw_archive,cache,240,data/raw/ecmwf_final_v85/2024/03/ecmwf_ifs_20240325_00.json.gz,
2024-03-25T12:00:00+00:00,12,True,certified_v2_raw_archive,cache,240,data/raw/ecmwf_final_v85/2024/03/ecmwf_ifs_20240325_12.json.gz,
2024-03-26T00:00:00+00:00,0,True,certified_v2_raw_archive,cache,240,data/raw/ecmwf_final_v85/2024/03/ecmwf_ifs_20240326_00.json.gz,
2024-03-26T12:00:00+00:00,12,True,certified_v2_raw_archive,cache,240,data/raw/ecmwf_final_v85/2024/03/ecmwf_ifs_20240326_12.json.gz,
2024-03-27T00:00:00+00:00,0,True,certified_v2_raw_archive,cache,240,data/raw/ecmwf_final_v85/2024/03/ecmwf_ifs_20240327_00.json.gz,
2024-03-27T12:00:00+00:00,12,True,certified_v2_raw_archive,cache,240,data/raw/ecmwf_final_v85/2024/03/ecmwf_ifs_20240327_12.json.gz,
2024-03-28T00:00:00+00:00,0,True,certified_v2_raw_archive,cache,240,data/raw/ecmwf_final_v85/2024/03/ecmwf_ifs_20240328_00.json.gz,
2024-03-28T12:00:00+00:00,12,True,certified_v2_raw_archive,cache,240,data/raw/ecmwf_final_v85/2024/03/ecmwf_ifs_20240328_12.json.gz,
2024-03-29T00:00:00+00:00,0,True,certified_v2_raw_archive,cache,240,data/raw/ecmwf_final_v85/2024/03/ecmwf_ifs_20240329_00.json.gz,
2024-03-29T12:00:00+00:00,12,True,certified_v2_raw_archive,cache,240,data/raw/ecmwf_final_v85/2024/03/ecmwf_ifs_20240329_12.json.gz,
2024-03-30T00:00:00+00:00,0,True,certified_v2_raw_archive,cache,240,data/raw/ecmwf_final_v85/2024/03/ecmwf_ifs_20240330_00.json.gz,
2024-03-30T12:00:00+00:00,12,True,certified_v2_raw_archive,cache,240,data/raw/ecmwf_final_v85/2024/03/ecmwf_ifs_20240330_12.json.gz,
2024-03-31T00:00:00+00:00,0,True,certified_v2_raw_archive,cache,240,data/raw/ecmwf_final_v85/2024/03/ecmwf_ifs_20240331_00.json.gz,
2024-03-31T12:00:00+00:00,12,True,certified_v2_raw_archive,cache,240,data/raw/ecmwf_final_v85/2024/03/ecmwf_ifs_20240331_12.json.gz,
2024-04-01T00:00:00+00:00,0,True,certified_v2_raw_archive,cache,240,data/raw/ecmwf_final_v85/2024/04/ecmwf_ifs_20240401_00.json.gz,
2024-04-01T12:00:00+00:00,12,True,certified_v2_raw_archive,cache,240,data/raw/ecmwf_final_v85/2024/04/ecmwf_ifs_20240401_12.json.gz,
2024-04-02T00:00:00+00:00,0,True,certified_v2_raw_archive,cache,240,data/raw/ecmwf_final_v85/2024/04/ecmwf_ifs_20240402_00.json.gz,
2024-04-02T12:00:00+00:00,12,True,certified_v2_raw_archive,cache,240,data/raw/ecmwf_final_v85/2024/04/ecmwf_ifs_20240402_12.json.gz,
2024-04-03T00:00:00+00:00,0,True,certified_v2_raw_archive,cache,240,data/raw/ecmwf_final_v85/2024/04/ecmwf_ifs_20240403_00.json.gz,
2024-04-03T12:00:00+00:00,12,True,certified_v2_raw_archive,cache,240,data/raw/ecmwf_final_v85/2024/04/ecmwf_ifs_20240403_12.json.gz,
2024-04-04T00:00:00+00:00,0,True,certified_v2_raw_archive,cache,240,data/raw/ecmwf_final_v85/2024/04/ecmwf_ifs_20240404_00.json.gz,
2024-04-04T12:00:00+00:00,12,True,certified_v2_raw_archive,cache,240,data/raw/ecmwf_final_v85/2024/04/ecmwf_ifs_20240404_12.json.gz,
2024-04-05T00:00:00+00:00,0,True,certified_v2_raw_archive,cache,240,data/raw/ecmwf_final_v85/2024/04/ecmwf_ifs_20240405_00.json.gz,
2024-04-05T12:00:00+00:00,12,True,certified_v2_raw_archive,cache,240,data/raw/ecmwf_final_v85/2024/04/ecmwf_ifs_20240405_12.json.gz,
2024-04-06T00:00:00+00:00,0,True,certified_v2_raw_archive,cache,240,data/raw/ecmwf_final_v85/2024/04/ecmwf_ifs_20240406_00.json.gz,
2024-04-06T12:00:00+00:00,12,True,certified_v2_raw_archive,cache,240,data/raw/ecmwf_final_v85/2024/04/ecmwf_ifs_20240406_12.json.gz,
2024-04-07T00:00:00+00:00,0,True,certified_v2_raw_archive,cache,240,data/raw/ecmwf_final_v85/2024/04/ecmwf_ifs_20240407_00.json.gz,
2024-04-07T12:00:00+00:00,12,True,certified_v2_raw_archive,cache,240,data/raw/ecmwf_final_v85/2024/04/ecmwf_ifs_20240407_12.json.gz,
2024-04-08T00:00:00+00:00,0,True,certified_v2_raw_archive,cache,240,data/raw/ecmwf_final_v85/2024/04/ecmwf_ifs_20240408_00.json.gz,
2024-04-08T12:00:00+00:00,12,True,certified_v2_raw_archive,cache,240,data/raw/ecmwf_final_v85/2024/04/ecmwf_ifs_20240408_12.json.gz,
2024-04-09T00:00:00+00:00,0,True,certified_v2_raw_archive,cache,240,data/raw/ecmwf_final_v85/2024/04/ecmwf_ifs_20240409_00.json.gz,
2024-04-09T12:00:00+00:00,12,True,certified_v2_raw_archive,cache,240,data/raw/ecmwf_final_v85/2024/04/ecmwf_ifs_20240409_12.json.gz,
2024-04-10T00:00:00+00:00,0,True,certified_v2_raw_archive,cache,240,data/raw/ecmwf_final_v85/2024/04/ecmwf_ifs_20240410_00.json.gz,
2024-04-10T12:00:00+00:00,12,True,certified_v2_raw_archive,cache,240,data/raw/ecmwf_final_v85/2024/04/ecmwf_ifs_20240410_12.json.gz,
2024-04-11T00:00:00+00:00,0,True,certified_v2_raw_archive,cache,240,data/raw/ecmwf_final_v85/2024/04/ecmwf_ifs_20240411_00.json.gz,
2024-04-11T12:00:00+00:00,12,True,certified_v2_raw_archive,cache,240,data/raw/ecmwf_final_v85/2024/04/ecmwf_ifs_20240411_12.json.gz,
2024-04-12T00:00:00+00:00,0,True,certified_v2_raw_archive,cache,240,data/raw/ecmwf_final_v85/2024/04/ecmwf_ifs_20240412_00.json.gz,
2024-04-12T12:00:00+00:00,12,True,certified_v2_raw_archive,cache,240,data/raw/ecmwf_final_v85/2024/04/ecmwf_ifs_20240412_12.json.gz,
2024-04-13T00:00:00+00:00,0,True,certified_v2_raw_archive,cache,240,data/raw/ecmwf_final_v85/2024/04/ecmwf_ifs_20240413_00.json.gz,
2024-04-13T12:00:00+00:00,12,True,certified_v2_raw_archive,cache,240,data/raw/ecmwf_final_v85/2024/04/ecmwf_ifs_20240413_12.json.gz,
2024-04-14T00:00:00+00:00,0,True,certified_v2_raw_archive,cache,240,data/raw/ecmwf_final_v85/2024/04/ecmwf_ifs_20240414_00.json.gz,
2024-04-14T12:00:00+00:00,12,True,certified_v2_raw_archive,cache,240,data/raw/ecmwf_final_v85/2024/04/ecmwf_ifs_20240414_12.json.gz,
2024-04-15T00:00:00+00:00,0,True,certified_v2_raw_archive,cache,240,data/raw/ecmwf_final_v85/2024/04/ecmwf_ifs_20240415_00.json.gz,
2024-04-15T12:00:00+00:00,12,True,certified_v2_raw_archive,cache,240,data/raw/ecmwf_final_v85/2024/04/ecmwf_ifs_20240415_12.json.gz,
2024-04-16T00:00:00+00:00,0,True,certified_v2_raw_archive,cache,240,data/raw/ecmwf_final_v85/2024/04/ecmwf_ifs_20240416_00.json.gz,
2024-04-16T12:00:00+00:00,12,True,certified_v2_raw_archive,cache,240,data/raw/ecmwf_final_v85/2024/04/ecmwf_ifs_20240416_12.json.gz,
2024-04-17T00:00:00+00:00,0,True,certified_v2_raw_archive,cache,240,data/raw/ecmwf_final_v85/2024/04/ecmwf_ifs_20240417_00.json.gz,
2024-04-17T12:00:00+00:00,12,True,certified_v2_raw_archive,cache,240,data/raw/ecmwf_final_v85/2024/04/ecmwf_ifs_20240417_12.json.gz,
2024-04-18T00:00:00+00:00,0,True,certified_v2_raw_archive,cache,240,data/raw/ecmwf_final_v85/2024/04/ecmwf_ifs_20240418_00.json.gz,
2024-04-18T12:00:00+00:00,12,True,certified_v2_raw_archive,cache,240,data/raw/ecmwf_final_v85/2024/04/ecmwf_ifs_20240418_12.json.gz,
2024-04-19T00:00:00+00:00,0,True,certified_v2_raw_archive,cache,240,data/raw/ecmwf_final_v85/2024/04/ecmwf_ifs_20240419_00.json.gz,
2024-04-19T12:00:00+00:00,12,True,certified_v2_raw_archive,cache,240,data/raw/ecmwf_final_v85/2024/04/ecmwf_ifs_20240419_12.json.gz,
2024-04-20T00:00:00+00:00,0,True,certified_v2_raw_archive,cache,240,data/raw/ecmwf_final_v85/2024/04/ecmwf_ifs_20240420_00.json.gz,
2024-04-20T12:00:00+00:00,12,True,certified_v2_raw_archive,cache,240,data/raw/ecmwf_final_v85/2024/04/ecmwf_ifs_20240420_12.json.gz,
2024-04-21T00:00:00+00:00,0,True,certified_v2_raw_archive,cache,240,data/raw/ecmwf_final_v85/2024/04/ecmwf_ifs_20240421_00.json.gz,
2024-04-21T12:00:00+00:00,12,True,certified_v2_raw_archive,cache,240,data/raw/ecmwf_final_v85/2024/04/ecmwf_ifs_20240421_12.json.gz,
2024-04-22T00:00:00+00:00,0,True,certified_v2_raw_archive,cache,240,data/raw/ecmwf_final_v85/2024/04/ecmwf_ifs_20240422_00.json.gz,
2024-04-22T12:00:00+00:00,12,True,certified_v2_raw_archive,cache,240,data/raw/ecmwf_final_v85/2024/04/ecmwf_ifs_20240422_12.json.gz,
2024-04-23T00:00:00+00:00,0,True,certified_v2_raw_archive,cache,240,data/raw/ecmwf_final_v85/2024/04/ecmwf_ifs_20240423_00.json.gz,
2024-04-23T12:00:00+00:00,12,True,certified_v2_raw_archive,cache,240,data/raw/ecmwf_final_v85/2024/04/ecmwf_ifs_20240423_12.json.gz,
2024-04-24T00:00:00+00:00,0,True,certified_v2_raw_archive,cache,240,data/raw/ecmwf_final_v85/2024/04/ecmwf_ifs_20240424_00.json.gz,
2024-04-24T12:00:00+00:00,12,True,certified_v2_raw_archive,cache,240,data/raw/ecmwf_final_v85/2024/04/ecmwf_ifs_20240424_12.json.gz,
2024-04-25T00:00:00+00:00,0,True,certified_v2_raw_archive,cache,240,data/raw/ecmwf_final_v85/2024/04/ecmwf_ifs_20240425_00.json.gz,
2024-04-25T12:00:00+00:00,12,True,certified_v2_raw_archive,cache,240,data/raw/ecmwf_final_v85/2024/04/ecmwf_ifs_20240425_12.json.gz,
2024-04-26T00:00:00+00:00,0,True,certified_v2_raw_archive,cache,240,data/raw/ecmwf_final_v85/2024/04/ecmwf_ifs_20240426_00.json.gz,
2024-04-26T12:00:00+00:00,12,True,certified_v2_raw_archive,cache,240,data/raw/ecmwf_final_v85/2024/04/ecmwf_ifs_20240426_12.json.gz,
2024-04-27T00:00:00+00:00,0,True,certified_v2_raw_archive,cache,240,data/raw/ecmwf_final_v85/2024/04/ecmwf_ifs_20240427_00.json.gz,
2024-04-27T12:00:00+00:00,12,True,certified_v2_raw_archive,cache,240,data/raw/ecmwf_final_v85/2024/04/ecmwf_ifs_20240427_12.json.gz,
2024-04-28T00:00:00+00:00,0,True,certified_v2_raw_archive,cache,240,data/raw/ecmwf_final_v85/2024/04/ecmwf_ifs_20240428_00.json.gz,
2024-04-28T12:00:00+00:00,12,True,certified_v2_raw_archive,cache,240,data/raw/ecmwf_final_v85/2024/04/ecmwf_ifs_20240428_12.json.gz,
2024-04-29T00:00:00+00:00,0,True,certified_v2_raw_archive,cache,240,data/raw/ecmwf_final_v85/2024/04/ecmwf_ifs_20240429_00.json.gz,
2024-04-29T12:00:00+00:00,12,True,certified_v2_raw_archive,cache,240,data/raw/ecmwf_final_v85/2024/04/ecmwf_ifs_20240429_12.json.gz,
2024-04-30T00:00:00+00:00,0,True,certified_v2_raw_archive,cache,240,data/raw/ecmwf_final_v85/2024/04/ecmwf_ifs_20240430_00.json.gz,
2024-04-30T12:00:00+00:00,12,True,certified_v2_raw_archive,cache,240,data/raw/ecmwf_final_v85/2024/04/ecmwf_ifs_20240430_12.json.gz,
2024-05-01T00:00:00+00:00,0,True,certified_v2_raw_archive,cache,240,data/raw/ecmwf_final_v85/2024/05/ecmwf_ifs_20240501_00.json.gz,
2024-05-01T12:00:00+00:00,12,True,certified_v2_raw_archive,cache,240,data/raw/ecmwf_final_v85/2024/05/ecmwf_ifs_20240501_12.json.gz,
2024-05-02T00:00:00+00:00,0,True,certified_v2_raw_archive,cache,240,data/raw/ecmwf_final_v85/2024/05/ecmwf_ifs_20240502_00.json.gz,
2024-05-02T12:00:00+00:00,12,True,certified_v2_raw_archive,cache,240,data/raw/ecmwf_final_v85/2024/05/ecmwf_ifs_20240502_12.json.gz,
2024-05-03T00:00:00+00:00,0,True,certified_v2_raw_archive,cache,240,data/raw/ecmwf_final_v85/2024/05/ecmwf_ifs_20240503_00.json.gz,
2024-05-03T12:00:00+00:00,12,True,certified_v2_raw_archive,cache,240,data/raw/ecmwf_final_v85/2024/05/ecmwf_ifs_20240503_12.json.gz,
2024-05-04T00:00:00+00:00,0,True,certified_v2_raw_archive,cache,240,data/raw/ecmwf_final_v85/2024/05/ecmwf_ifs_20240504_00.json.gz,
2024-05-04T12:00:00+00:00,12,True,certified_v2_raw_archive,cache,240,data/raw/ecmwf_final_v85/2024/05/ecmwf_ifs_20240504_12.json.gz,
2024-05-05T00:00:00+00:00,0,True,certified_v2_raw_archive,cache,240,data/raw/ecmwf_final_v85/2024/05/ecmwf_ifs_20240505_00.json.gz,
2024-05-05T12:00:00+00:00,12,True,certified_v2_raw_archive,cache,240,data/raw/ecmwf_final_v85/2024/05/ecmwf_ifs_20240505_12.json.gz,
2024-05-06T00:00:00+00:00,0,True,certified_v2_raw_archive,cache,240,data/raw/ecmwf_final_v85/2024/05/ecmwf_ifs_20240506_00.json.gz,
2024-05-06T12:00:00+00:00,12,True,certified_v2_raw_archive,cache,240,data/raw/ecmwf_final_v85/2024/05/ecmwf_ifs_20240506_12.json.gz,
2024-05-07T00:00:00+00:00,0,True,certified_v2_raw_archive,cache,240,data/raw/ecmwf_final_v85/2024/05/ecmwf_ifs_20240507_00.json.gz,
2024-05-07T12:00:00+00:00,12,True,certified_v2_raw_archive,cache,240,data/raw/ecmwf_final_v85/2024/05/ecmwf_ifs_20240507_12.json.gz,
2024-05-08T00:00:00+00:00,0,True,certified_v2_raw_archive,cache,240,data/raw/ecmwf_final_v85/2024/05/ecmwf_ifs_20240508_00.json.gz,
2024-05-08T12:00:00+00:00,12,True,certified_v2_raw_archive,cache,240,data/raw/ecmwf_final_v85/2024/05/ecmwf_ifs_20240508_12.json.gz,
2024-05-09T00:00:00+00:00,0,True,certified_v2_raw_archive,cache,240,data/raw/ecmwf_final_v85/2024/05/ecmwf_ifs_20240509_00.json.gz,
2024-05-09T12:00:00+00:00,12,True,certified_v2_raw_archive,cache,240,data/raw/ecmwf_final_v85/2024/05/ecmwf_ifs_20240509_12.json.gz,
2024-05-10T00:00:00+00:00,0,True,certified_v2_raw_archive,cache,240,data/raw/ecmwf_final_v85/2024/05/ecmwf_ifs_20240510_00.json.gz,
2024-05-10T12:00:00+00:00,12,True,certified_v2_raw_archive,cache,240,data/raw/ecmwf_final_v85/2024/05/ecmwf_ifs_20240510_12.json.gz,
2024-05-11T00:00:00+00:00,0,True,certified_v2_raw_archive,cache,240,data/raw/ecmwf_final_v85/2024/05/ecmwf_ifs_20240511_00.json.gz,
2024-05-11T12:00:00+00:00,12,True,certified_v2_raw_archive,cache,240,data/raw/ecmwf_final_v85/2024/05/ecmwf_ifs_20240511_12.json.gz,
2024-05-12T00:00:00+00:00,0,True,certified_v2_raw_archive,cache,240,data/raw/ecmwf_final_v85/2024/05/ecmwf_ifs_20240512_00.json.gz,
2024-05-12T12:00:00+00:00,12,True,certified_v2_raw_archive,cache,240,data/raw/ecmwf_final_v85/2024/05/ecmwf_ifs_20240512_12.json.gz,
2024-05-13T00:00:00+00:00,0,True,certified_v2_raw_archive,cache,240,data/raw/ecmwf_final_v85/2024/05/ecmwf_ifs_20240513_00.json.gz,
2024-05-13T12:00:00+00:00,12,True,certified_v2_raw_archive,cache,240,data/raw/ecmwf_final_v85/2024/05/ecmwf_ifs_20240513_12.json.gz,
2024-05-14T00:00:00+00:00,0,True,certified_v2_raw_archive,cache,240,data/raw/ecmwf_final_v85/2024/05/ecmwf_ifs_20240514_00.json.gz,
2024-05-14T12:00:00+00:00,12,True,certified_v2_raw_archive,cache,240,data/raw/ecmwf_final_v85/2024/05/ecmwf_ifs_20240514_12.json.gz,
2024-05-15T00:00:00+00:00,0,True,certified_v2_raw_archive,cache,240,data/raw/ecmwf_final_v85/2024/05/ecmwf_ifs_20240515_00.json.gz,
2024-05-15T12:00:00+00:00,12,True,certified_v2_raw_archive,cache,240,data/raw/ecmwf_final_v85/2024/05/ecmwf_ifs_20240515_12.json.gz,
2024-05-16T00:00:00+00:00,0,True,certified_v2_raw_archive,cache,240,data/raw/ecmwf_final_v85/2024/05/ecmwf_ifs_20240516_00.json.gz,
2024-05-16T12:00:00+00:00,12,True,certified_v2_raw_archive,cache,240,data/raw/ecmwf_final_v85/2024/05/ecmwf_ifs_20240516_12.json.gz,
2024-05-17T00:00:00+00:00,0,True,certified_v2_raw_archive,cache,240,data/raw/ecmwf_final_v85/2024/05/ecmwf_ifs_20240517_00.json.gz,
2024-05-17T12:00:00+00:00,12,True,certified_v2_raw_archive,cache,240,data/raw/ecmwf_final_v85/2024/05/ecmwf_ifs_20240517_12.json.gz,
2024-05-18T00:00:00+00:00,0,True,certified_v2_raw_archive,cache,240,data/raw/ecmwf_final_v85/2024/05/ecmwf_ifs_20240518_00.json.gz,
2024-05-18T12:00:00+00:00,12,True,certified_v2_raw_archive,cache,240,data/raw/ecmwf_final_v85/2024/05/ecmwf_ifs_20240518_12.json.gz,
2024-05-19T00:00:00+00:00,0,True,certified_v2_raw_archive,cache,240,data/raw/ecmwf_final_v85/2024/05/ecmwf_ifs_20240519_00.json.gz,
2024-05-19T12:00:00+00:00,12,True,certified_v2_raw_archive,cache,240,data/raw/ecmwf_final_v85/2024/05/ecmwf_ifs_20240519_12.json.gz,
2024-05-20T00:00:00+00:00,0,True,certified_v2_raw_archive,cache,240,data/raw/ecmwf_final_v85/2024/05/ecmwf_ifs_20240520_00.json.gz,
2024-05-20T12:00:00+00:00,12,True,certified_v2_raw_archive,cache,240,data/raw/ecmwf_final_v85/2024/05/ecmwf_ifs_20240520_12.json.gz,
2024-05-21T00:00:00+00:00,0,True,certified_v2_raw_archive,cache,240,data/raw/ecmwf_final_v85/2024/05/ecmwf_ifs_20240521_00.json.gz,
2024-05-21T12:00:00+00:00,12,True,certified_v2_raw_archive,cache,240,data/raw/ecmwf_final_v85/2024/05/ecmwf_ifs_20240521_12.json.gz,
2024-05-22T00:00:00+00:00,0,True,certified_v2_raw_archive,cache,240,data/raw/ecmwf_final_v85/2024/05/ecmwf_ifs_20240522_00.json.gz,
2024-05-22T12:00:00+00:00,12,True,certified_v2_raw_archive,cache,240,data/raw/ecmwf_final_v85/2024/05/ecmwf_ifs_20240522_12.json.gz,
2024-05-23T00:00:00+00:00,0,True,certified_v2_raw_archive,cache,240,data/raw/ecmwf_final_v85/2024/05/ecmwf_ifs_20240523_00.json.gz,
2024-05-23T12:00:00+00:00,12,True,certified_v2_raw_archive,cache,240,data/raw/ecmwf_final_v85/2024/05/ecmwf_ifs_20240523_12.json.gz,
2024-05-24T00:00:00+00:00,0,True,certified_v2_raw_archive,cache,240,data/raw/ecmwf_final_v85/2024/05/ecmwf_ifs_20240524_00.json.gz,
2024-05-24T12:00:00+00:00,12,True,certified_v2_raw_archive,cache,240,data/raw/ecmwf_final_v85/2024/05/ecmwf_ifs_20240524_12.json.gz,
2024-05-25T00:00:00+00:00,0,True,certified_v2_raw_archive,cache,240,data/raw/ecmwf_final_v85/2024/05/ecmwf_ifs_20240525_00.json.gz,
2024-05-25T12:00:00+00:00,12,True,certified_v2_raw_archive,cache,240,data/raw/ecmwf_final_v85/2024/05/ecmwf_ifs_20240525_12.json.gz,
2024-05-26T00:00:00+00:00,0,True,certified_v2_raw_archive,cache,240,data/raw/ecmwf_final_v85/2024/05/ecmwf_ifs_20240526_00.json.gz,
2024-05-26T12:00:00+00:00,12,True,certified_v2_raw_archive,cache,240,data/raw/ecmwf_final_v85/2024/05/ecmwf_ifs_20240526_12.json.gz,
2024-05-27T00:00:00+00:00,0,True,certified_v2_raw_archive,cache,240,data/raw/ecmwf_final_v85/2024/05/ecmwf_ifs_20240527_00.json.gz,
2024-05-27T12:00:00+00:00,12,True,certified_v2_raw_archive,cache,240,data/raw/ecmwf_final_v85/2024/05/ecmwf_ifs_20240527_12.json.gz,
2024-05-28T00:00:00+00:00,0,True,certified_v2_raw_archive,cache,240,data/raw/ecmwf_final_v85/2024/05/ecmwf_ifs_20240528_00.json.gz,
2024-05-28T12:00:00+00:00,12,True,certified_v2_raw_archive,cache,240,data/raw/ecmwf_final_v85/2024/05/ecmwf_ifs_20240528_12.json.gz,
2024-05-29T00:00:00+00:00,0,True,certified_v2_raw_archive,cache,240,data/raw/ecmwf_final_v85/2024/05/ecmwf_ifs_20240529_00.json.gz,
2024-05-29T12:00:00+00:00,12,True,certified_v2_raw_archive,cache,240,data/raw/ecmwf_final_v85/2024/05/ecmwf_ifs_20240529_12.json.gz,
2024-05-30T00:00:00+00:00,0,True,certified_v2_raw_archive,cache,240,data/raw/ecmwf_final_v85/2024/05/ecmwf_ifs_20240530_00.json.gz,
2024-05-30T12:00:00+00:00,12,True,certified_v2_raw_archive,cache,240,data/raw/ecmwf_final_v85/2024/05/ecmwf_ifs_20240530_12.json.gz,
2024-05-31T00:00:00+00:00,0,True,certified_v2_raw_archive,cache,240,data/raw/ecmwf_final_v85/2024/05/ecmwf_ifs_20240531_00.json.gz,
2024-05-31T12:00:00+00:00,12,True,certified_v2_raw_archive,cache,240,data/raw/ecmwf_final_v85/2024/05/ecmwf_ifs_20240531_12.json.gz,
2024-06-01T00:00:00+00:00,0,True,certified_v2_raw_archive,cache,240,data/raw/ecmwf_final_v85/2024/06/ecmwf_ifs_20240601_00.json.gz,
2024-06-01T12:00:00+00:00,12,True,certified_v2_raw_archive,cache,240,data/raw/ecmwf_final_v85/2024/06/ecmwf_ifs_20240601_12.json.gz,
2024-06-02T00:00:00+00:00,0,True,certified_v2_raw_archive,cache,240,data/raw/ecmwf_final_v85/2024/06/ecmwf_ifs_20240602_00.json.gz,
2024-06-02T12:00:00+00:00,12,True,certified_v2_raw_archive,cache,240,data/raw/ecmwf_final_v85/2024/06/ecmwf_ifs_20240602_12.json.gz,
2024-06-03T00:00:00+00:00,0,True,certified_v2_raw_archive,cache,240,data/raw/ecmwf_final_v85/2024/06/ecmwf_ifs_20240603_00.json.gz,
2024-06-03T12:00:00+00:00,12,True,certified_v2_raw_archive,cache,240,data/raw/ecmwf_final_v85/2024/06/ecmwf_ifs_20240603_12.json.gz,
2024-06-04T00:00:00+00:00,0,True,certified_v2_raw_archive,cache,240,data/raw/ecmwf_final_v85/2024/06/ecmwf_ifs_20240604_00.json.gz,
2024-06-04T12:00:00+00:00,12,True,certified_v2_raw_archive,cache,240,data/raw/ecmwf_final_v85/2024/06/ecmwf_ifs_20240604_12.json.gz,
2024-06-05T00:00:00+00:00,0,True,certified_v2_raw_archive,cache,240,data/raw/ecmwf_final_v85/2024/06/ecmwf_ifs_20240605_00.json.gz,
2024-06-05T12:00:00+00:00,12,True,certified_v2_raw_archive,cache,240,data/raw/ecmwf_final_v85/2024/06/ecmwf_ifs_20240605_12.json.gz,
2024-06-06T00:00:00+00:00,0,True,certified_v2_raw_archive,cache,240,data/raw/ecmwf_final_v85/2024/06/ecmwf_ifs_20240606_00.json.gz,
2024-06-06T12:00:00+00:00,12,True,certified_v2_raw_archive,cache,240,data/raw/ecmwf_final_v85/2024/06/ecmwf_ifs_20240606_12.json.gz,
2024-06-07T00:00:00+00:00,0,True,certified_v2_raw_archive,cache,240,data/raw/ecmwf_final_v85/2024/06/ecmwf_ifs_20240607_00.json.gz,
2024-06-07T12:00:00+00:00,12,True,certified_v2_raw_archive,cache,240,data/raw/ecmwf_final_v85/2024/06/ecmwf_ifs_20240607_12.json.gz,
2024-06-08T00:00:00+00:00,0,True,certified_v2_raw_archive,cache,240,data/raw/ecmwf_final_v85/2024/06/ecmwf_ifs_20240608_00.json.gz,
2024-06-08T12:00:00+00:00,12,True,certified_v2_raw_archive,cache,240,data/raw/ecmwf_final_v85/2024/06/ecmwf_ifs_20240608_12.json.gz,
2024-06-09T00:00:00+00:00,0,True,certified_v2_raw_archive,cache,240,data/raw/ecmwf_final_v85/2024/06/ecmwf_ifs_20240609_00.json.gz,
2024-06-09T12:00:00+00:00,12,True,certified_v2_raw_archive,cache,240,data/raw/ecmwf_final_v85/2024/06/ecmwf_ifs_20240609_12.json.gz,
2024-06-10T00:00:00+00:00,0,True,certified_v2_raw_archive,cache,240,data/raw/ecmwf_final_v85/2024/06/ecmwf_ifs_20240610_00.json.gz,
2024-06-10T12:00:00+00:00,12,True,certified_v2_raw_archive,cache,240,data/raw/ecmwf_final_v85/2024/06/ecmwf_ifs_20240610_12.json.gz,
2024-06-11T00:00:00+00:00,0,True,certified_v2_raw_archive,cache,240,data/raw/ecmwf_final_v85/2024/06/ecmwf_ifs_20240611_00.json.gz,
2024-06-11T12:00:00+00:00,12,True,certified_v2_raw_archive,cache,240,data/raw/ecmwf_final_v85/2024/06/ecmwf_ifs_20240611_12.json.gz,
2024-06-12T00:00:00+00:00,0,True,certified_v2_raw_archive,cache,240,data/raw/ecmwf_final_v85/2024/06/ecmwf_ifs_20240612_00.json.gz,
2024-06-12T12:00:00+00:00,12,True,certified_v2_raw_archive,cache,240,data/raw/ecmwf_final_v85/2024/06/ecmwf_ifs_20240612_12.json.gz,
2024-06-13T00:00:00+00:00,0,True,certified_v2_raw_archive,cache,240,data/raw/ecmwf_final_v85/2024/06/ecmwf_ifs_20240613_00.json.gz,
2024-06-13T12:00:00+00:00,12,True,certified_v2_raw_archive,cache,240,data/raw/ecmwf_final_v85/2024/06/ecmwf_ifs_20240613_12.json.gz,
2024-06-14T00:00:00+00:00,0,True,certified_v2_raw_archive,cache,240,data/raw/ecmwf_final_v85/2024/06/ecmwf_ifs_20240614_00.json.gz,
2024-06-14T12:00:00+00:00,12,True,certified_v2_raw_archive,cache,240,data/raw/ecmwf_final_v85/2024/06/ecmwf_ifs_20240614_12.json.gz,
2024-06-15T00:00:00+00:00,0,True,certified_v2_raw_archive,cache,240,data/raw/ecmwf_final_v85/2024/06/ecmwf_ifs_20240615_00.json.gz,
2024-06-15T12:00:00+00:00,12,True,certified_v2_raw_archive,cache,240,data/raw/ecmwf_final_v85/2024/06/ecmwf_ifs_20240615_12.json.gz,
2024-06-16T00:00:00+00:00,0,True,certified_v2_raw_archive,cache,240,data/raw/ecmwf_final_v85/2024/06/ecmwf_ifs_20240616_00.json.gz,
2024-06-16T12:00:00+00:00,12,True,certified_v2_raw_archive,cache,240,data/raw/ecmwf_final_v85/2024/06/ecmwf_ifs_20240616_12.json.gz,
2024-06-17T00:00:00+00:00,0,True,certified_v2_raw_archive,cache,240,data/raw/ecmwf_final_v85/2024/06/ecmwf_ifs_20240617_00.json.gz,
2024-06-17T12:00:00+00:00,12,True,certified_v2_raw_archive,cache,240,data/raw/ecmwf_final_v85/2024/06/ecmwf_ifs_20240617_12.json.gz,
2024-06-18T00:00:00+00:00,0,True,certified_v2_raw_archive,cache,240,data/raw/ecmwf_final_v85/2024/06/ecmwf_ifs_20240618_00.json.gz,
2024-06-18T12:00:00+00:00,12,True,certified_v2_raw_archive,cache,240,data/raw/ecmwf_final_v85/2024/06/ecmwf_ifs_20240618_12.json.gz,
2024-06-19T00:00:00+00:00,0,True,certified_v2_raw_archive,cache,240,data/raw/ecmwf_final_v85/2024/06/ecmwf_ifs_20240619_00.json.gz,
2024-06-19T12:00:00+00:00,12,True,certified_v2_raw_archive,cache,240,data/raw/ecmwf_final_v85/2024/06/ecmwf_ifs_20240619_12.json.gz,
2024-06-20T00:00:00+00:00,0,True,certified_v2_raw_archive,cache,240,data/raw/ecmwf_final_v85/2024/06/ecmwf_ifs_20240620_00.json.gz,
2024-06-20T12:00:00+00:00,12,True,certified_v2_raw_archive,cache,240,data/raw/ecmwf_final_v85/2024/06/ecmwf_ifs_20240620_12.json.gz,
2024-06-21T00:00:00+00:00,0,True,certified_v2_raw_archive,cache,240,data/raw/ecmwf_final_v85/2024/06/ecmwf_ifs_20240621_00.json.gz,
2024-06-21T12:00:00+00:00,12,True,certified_v2_raw_archive,cache,240,data/raw/ecmwf_final_v85/2024/06/ecmwf_ifs_20240621_12.json.gz,
2024-06-22T00:00:00+00:00,0,True,certified_v2_raw_archive,cache,240,data/raw/ecmwf_final_v85/2024/06/ecmwf_ifs_20240622_00.json.gz,
2024-06-22T12:00:00+00:00,12,True,certified_v2_raw_archive,cache,240,data/raw/ecmwf_final_v85/2024/06/ecmwf_ifs_20240622_12.json.gz,
2024-06-23T00:00:00+00:00,0,True,certified_v2_raw_archive,cache,240,data/raw/ecmwf_final_v85/2024/06/ecmwf_ifs_20240623_00.json.gz,
2024-06-23T12:00:00+00:00,12,True,certified_v2_raw_archive,cache,240,data/raw/ecmwf_final_v85/2024/06/ecmwf_ifs_20240623_12.json.gz,
2024-06-24T00:00:00+00:00,0,True,certified_v2_raw_archive,cache,240,data/raw/ecmwf_final_v85/2024/06/ecmwf_ifs_20240624_00.json.gz,
2024-06-24T12:00:00+00:00,12,True,certified_v2_raw_archive,cache,240,data/raw/ecmwf_final_v85/2024/06/ecmwf_ifs_20240624_12.json.gz,
2024-06-25T00:00:00+00:00,0,True,certified_v2_raw_archive,cache,240,data/raw/ecmwf_final_v85/2024/06/ecmwf_ifs_20240625_00.json.gz,
2024-06-25T12:00:00+00:00,12,True,certified_v2_raw_archive,cache,240,data/raw/ecmwf_final_v85/2024/06/ecmwf_ifs_20240625_12.json.gz,
2024-06-26T00:00:00+00:00,0,True,certified_v2_raw_archive,cache,240,data/raw/ecmwf_final_v85/2024/06/ecmwf_ifs_20240626_00.json.gz,
2024-06-26T12:00:00+00:00,12,True,certified_v2_raw_archive,cache,240,data/raw/ecmwf_final_v85/2024/06/ecmwf_ifs_20240626_12.json.gz,
2024-06-27T00:00:00+00:00,0,True,certified_v2_raw_archive,cache,240,data/raw/ecmwf_final_v85/2024/06/ecmwf_ifs_20240627_00.json.gz,
2024-06-27T12:00:00+00:00,12,True,certified_v2_raw_archive,cache,240,data/raw/ecmwf_final_v85/2024/06/ecmwf_ifs_20240627_12.json.gz,
2024-06-28T00:00:00+00:00,0,True,certified_v2_raw_archive,cache,240,data/raw/ecmwf_final_v85/2024/06/ecmwf_ifs_20240628_00.json.gz,
2024-06-28T12:00:00+00:00,12,True,certified_v2_raw_archive,cache,240,data/raw/ecmwf_final_v85/2024/06/ecmwf_ifs_20240628_12.json.gz,
2024-06-29T00:00:00+00:00,0,True,certified_v2_raw_archive,cache,240,data/raw/ecmwf_final_v85/2024/06/ecmwf_ifs_20240629_00.json.gz,
2024-06-29T12:00:00+00:00,12,True,certified_v2_raw_archive,cache,240,data/raw/ecmwf_final_v85/2024/06/ecmwf_ifs_20240629_12.json.gz,
2024-06-30T00:00:00+00:00,0,True,certified_v2_raw_archive,cache,240,data/raw/ecmwf_final_v85/2024/06/ecmwf_ifs_20240630_00.json.gz,
2024-06-30T12:00:00+00:00,12,True,certified_v2_raw_archive,cache,240,data/raw/ecmwf_final_v85/2024/06/ecmwf_ifs_20240630_12.json.gz,
2024-07-01T00:00:00+00:00,0,True,certified_v2_raw_archive,cache,240,data/raw/ecmwf_final_v85/2024/07/ecmwf_ifs_20240701_00.json.gz,
2024-07-01T12:00:00+00:00,12,True,certified_v2_raw_archive,cache,240,data/raw/ecmwf_final_v85/2024/07/ecmwf_ifs_20240701_12.json.gz,
2024-07-02T00:00:00+00:00,0,True,certified_v2_raw_archive,cache,240,data/raw/ecmwf_final_v85/2024/07/ecmwf_ifs_20240702_00.json.gz,
2024-07-02T12:00:00+00:00,12,True,certified_v2_raw_archive,cache,240,data/raw/ecmwf_final_v85/2024/07/ecmwf_ifs_20240702_12.json.gz,
2024-07-03T00:00:00+00:00,0,True,certified_v2_raw_archive,cache,240,data/raw/ecmwf_final_v85/2024/07/ecmwf_ifs_20240703_00.json.gz,
2024-07-03T12:00:00+00:00,12,True,certified_v2_raw_archive,cache,240,data/raw/ecmwf_final_v85/2024/07/ecmwf_ifs_20240703_12.json.gz,
2024-07-04T00:00:00+00:00,0,True,certified_v2_raw_archive,cache,240,data/raw/ecmwf_final_v85/2024/07/ecmwf_ifs_20240704_00.json.gz,
2024-07-04T12:00:00+00:00,12,True,certified_v2_raw_archive,cache,240,data/raw/ecmwf_final_v85/2024/07/ecmwf_ifs_20240704_12.json.gz,
2024-07-05T00:00:00+00:00,0,True,certified_v2_raw_archive,cache,240,data/raw/ecmwf_final_v85/2024/07/ecmwf_ifs_20240705_00.json.gz,
2024-07-05T12:00:00+00:00,12,True,certified_v2_raw_archive,cache,240,data/raw/ecmwf_final_v85/2024/07/ecmwf_ifs_20240705_12.json.gz,
2024-07-06T00:00:00+00:00,0,True,certified_v2_raw_archive,cache,240,data/raw/ecmwf_final_v85/2024/07/ecmwf_ifs_20240706_00.json.gz,
2024-07-06T12:00:00+00:00,12,True,certified_v2_raw_archive,cache,240,data/raw/ecmwf_final_v85/2024/07/ecmwf_ifs_20240706_12.json.gz,
2024-07-07T00:00:00+00:00,0,True,certified_v2_raw_archive,cache,240,data/raw/ecmwf_final_v85/2024/07/ecmwf_ifs_20240707_00.json.gz,
2024-07-07T12:00:00+00:00,12,True,certified_v2_raw_archive,cache,240,data/raw/ecmwf_final_v85/2024/07/ecmwf_ifs_20240707_12.json.gz,
2024-07-08T00:00:00+00:00,0,True,certified_v2_raw_archive,cache,240,data/raw/ecmwf_final_v85/2024/07/ecmwf_ifs_20240708_00.json.gz,
2024-07-08T12:00:00+00:00,12,True,certified_v2_raw_archive,cache,240,data/raw/ecmwf_final_v85/2024/07/ecmwf_ifs_20240708_12.json.gz,
2024-07-09T00:00:00+00:00,0,True,certified_v2_raw_archive,cache,240,data/raw/ecmwf_final_v85/2024/07/ecmwf_ifs_20240709_00.json.gz,
2024-07-09T12:00:00+00:00,12,True,certified_v2_raw_archive,cache,240,data/raw/ecmwf_final_v85/2024/07/ecmwf_ifs_20240709_12.json.gz,
2024-07-10T00:00:00+00:00,0,True,certified_v2_raw_archive,cache,240,data/raw/ecmwf_final_v85/2024/07/ecmwf_ifs_20240710_00.json.gz,
2024-07-10T12:00:00+00:00,12,True,certified_v2_raw_archive,cache,240,data/raw/ecmwf_final_v85/2024/07/ecmwf_ifs_20240710_12.json.gz,
2024-07-11T00:00:00+00:00,0,True,certified_v2_raw_archive,cache,240,data/raw/ecmwf_final_v85/2024/07/ecmwf_ifs_20240711_00.json.gz,
2024-07-11T12:00:00+00:00,12,True,certified_v2_raw_archive,cache,240,data/raw/ecmwf_final_v85/2024/07/ecmwf_ifs_20240711_12.json.gz,
2024-07-12T00:00:00+00:00,0,True,certified_v2_raw_archive,cache,240,data/raw/ecmwf_final_v85/2024/07/ecmwf_ifs_20240712_00.json.gz,
2024-07-12T12:00:00+00:00,12,True,certified_v2_raw_archive,cache,240,data/raw/ecmwf_final_v85/2024/07/ecmwf_ifs_20240712_12.json.gz,
2024-07-13T00:00:00+00:00,0,True,certified_v2_raw_archive,cache,240,data/raw/ecmwf_final_v85/2024/07/ecmwf_ifs_20240713_00.json.gz,
2024-07-13T12:00:00+00:00,12,True,certified_v2_raw_archive,cache,240,data/raw/ecmwf_final_v85/2024/07/ecmwf_ifs_20240713_12.json.gz,
2024-07-14T00:00:00+00:00,0,True,certified_v2_raw_archive,cache,240,data/raw/ecmwf_final_v85/2024/07/ecmwf_ifs_20240714_00.json.gz,
2024-07-14T12:00:00+00:00,12,True,certified_v2_raw_archive,cache,240,data/raw/ecmwf_final_v85/2024/07/ecmwf_ifs_20240714_12.json.gz,
2024-07-15T00:00:00+00:00,0,True,certified_v2_raw_archive,cache,240,data/raw/ecmwf_final_v85/2024/07/ecmwf_ifs_20240715_00.json.gz,
2024-07-15T12:00:00+00:00,12,True,certified_v2_raw_archive,cache,240,data/raw/ecmwf_final_v85/2024/07/ecmwf_ifs_20240715_12.json.gz,
2024-07-16T00:00:00+00:00,0,True,certified_v2_raw_archive,cache,240,data/raw/ecmwf_final_v85/2024/07/ecmwf_ifs_20240716_00.json.gz,
2024-07-16T12:00:00+00:00,12,True,certified_v2_raw_archive,cache,240,data/raw/ecmwf_final_v85/2024/07/ecmwf_ifs_20240716_12.json.gz,
2024-07-17T00:00:00+00:00,0,True,certified_v2_raw_archive,cache,240,data/raw/ecmwf_final_v85/2024/07/ecmwf_ifs_20240717_00.json.gz,
2024-07-17T12:00:00+00:00,12,True,certified_v2_raw_archive,cache,240,data/raw/ecmwf_final_v85/2024/07/ecmwf_ifs_20240717_12.json.gz,
2024-07-18T00:00:00+00:00,0,True,certified_v2_raw_archive,cache,240,data/raw/ecmwf_final_v85/2024/07/ecmwf_ifs_20240718_00.json.gz,
2024-07-18T12:00:00+00:00,12,True,certified_v2_raw_archive,cache,240,data/raw/ecmwf_final_v85/2024/07/ecmwf_ifs_20240718_12.json.gz,
2024-07-19T00:00:00+00:00,0,True,certified_v2_raw_archive,cache,240,data/raw/ecmwf_final_v85/2024/07/ecmwf_ifs_20240719_00.json.gz,
2024-07-19T12:00:00+00:00,12,True,certified_v2_raw_archive,cache,240,data/raw/ecmwf_final_v85/2024/07/ecmwf_ifs_20240719_12.json.gz,
2024-07-20T00:00:00+00:00,0,True,certified_v2_raw_archive,cache,240,data/raw/ecmwf_final_v85/2024/07/ecmwf_ifs_20240720_00.json.gz,
2024-07-20T12:00:00+00:00,12,True,certified_v2_raw_archive,cache,240,data/raw/ecmwf_final_v85/2024/07/ecmwf_ifs_20240720_12.json.gz,
2024-07-21T00:00:00+00:00,0,True,certified_v2_raw_archive,cache,240,data/raw/ecmwf_final_v85/2024/07/ecmwf_ifs_20240721_00.json.gz,
2024-07-21T12:00:00+00:00,12,True,certified_v2_raw_archive,cache,240,data/raw/ecmwf_final_v85/2024/07/ecmwf_ifs_20240721_12.json.gz,
2024-07-22T00:00:00+00:00,0,True,certified_v2_raw_archive,cache,240,data/raw/ecmwf_final_v85/2024/07/ecmwf_ifs_20240722_00.json.gz,
2024-07-22T12:00:00+00:00,12,True,certified_v2_raw_archive,cache,240,data/raw/ecmwf_final_v85/2024/07/ecmwf_ifs_20240722_12.json.gz,
2024-07-23T00:00:00+00:00,0,True,certified_v2_raw_archive,cache,240,data/raw/ecmwf_final_v85/2024/07/ecmwf_ifs_20240723_00.json.gz,
2024-07-23T12:00:00+00:00,12,True,certified_v2_raw_archive,cache,240,data/raw/ecmwf_final_v85/2024/07/ecmwf_ifs_20240723_12.json.gz,
2024-07-24T00:00:00+00:00,0,True,certified_v2_raw_archive,cache,240,data/raw/ecmwf_final_v85/2024/07/ecmwf_ifs_20240724_00.json.gz,
2024-07-24T12:00:00+00:00,12,True,certified_v2_raw_archive,cache,240,data/raw/ecmwf_final_v85/2024/07/ecmwf_ifs_20240724_12.json.gz,
2024-07-25T00:00:00+00:00,0,True,certified_v2_raw_archive,cache,240,data/raw/ecmwf_final_v85/2024/07/ecmwf_ifs_20240725_00.json.gz,
2024-07-25T12:00:00+00:00,12,True,certified_v2_raw_archive,cache,240,data/raw/ecmwf_final_v85/2024/07/ecmwf_ifs_20240725_12.json.gz,
2024-07-26T00:00:00+00:00,0,True,certified_v2_raw_archive,cache,240,data/raw/ecmwf_final_v85/2024/07/ecmwf_ifs_20240726_00.json.gz,
2024-07-26T12:00:00+00:00,12,True,certified_v2_raw_archive,cache,240,data/raw/ecmwf_final_v85/2024/07/ecmwf_ifs_20240726_12.json.gz,
2024-07-27T00:00:00+00:00,0,True,certified_v2_raw_archive,cache,240,data/raw/ecmwf_final_v85/2024/07/ecmwf_ifs_20240727_00.json.gz,
2024-07-27T12:00:00+00:00,12,True,certified_v2_raw_archive,cache,240,data/raw/ecmwf_final_v85/2024/07/ecmwf_ifs_20240727_12.json.gz,
2024-07-28T00:00:00+00:00,0,True,certified_v2_raw_archive,cache,240,data/raw/ecmwf_final_v85/2024/07/ecmwf_ifs_20240728_00.json.gz,
2024-07-28T12:00:00+00:00,12,True,certified_v2_raw_archive,cache,240,data/raw/ecmwf_final_v85/2024/07/ecmwf_ifs_20240728_12.json.gz,
2024-07-29T00:00:00+00:00,0,True,certified_v2_raw_archive,cache,240,data/raw/ecmwf_final_v85/2024/07/ecmwf_ifs_20240729_00.json.gz,
2024-07-29T12:00:00+00:00,12,True,certified_v2_raw_archive,cache,240,data/raw/ecmwf_final_v85/2024/07/ecmwf_ifs_20240729_12.json.gz,
2024-07-30T00:00:00+00:00,0,True,certified_v2_raw_archive,cache,240,data/raw/ecmwf_final_v85/2024/07/ecmwf_ifs_20240730_00.json.gz,
2024-07-30T12:00:00+00:00,12,True,certified_v2_raw_archive,cache,240,data/raw/ecmwf_final_v85/2024/07/ecmwf_ifs_20240730_12.json.gz,
2024-07-31T00:00:00+00:00,0,True,certified_v2_raw_archive,cache,240,data/raw/ecmwf_final_v85/2024/07/ecmwf_ifs_20240731_00.json.gz,
2024-07-31T12:00:00+00:00,12,True,certified_v2_raw_archive,cache,240,data/raw/ecmwf_final_v85/2024/07/ecmwf_ifs_20240731_12.json.gz,
2024-08-01T00:00:00+00:00,0,True,certified_v2_raw_archive,cache,240,data/raw/ecmwf_final_v85/2024/08/ecmwf_ifs_20240801_00.json.gz,
2024-08-01T12:00:00+00:00,12,True,certified_v2_raw_archive,cache,240,data/raw/ecmwf_final_v85/2024/08/ecmwf_ifs_20240801_12.json.gz,
2024-08-02T00:00:00+00:00,0,True,certified_v2_raw_archive,cache,240,data/raw/ecmwf_final_v85/2024/08/ecmwf_ifs_20240802_00.json.gz,
2024-08-02T12:00:00+00:00,12,True,certified_v2_raw_archive,cache,240,data/raw/ecmwf_final_v85/2024/08/ecmwf_ifs_20240802_12.json.gz,
2024-08-03T00:00:00+00:00,0,True,certified_v2_raw_archive,cache,240,data/raw/ecmwf_final_v85/2024/08/ecmwf_ifs_20240803_00.json.gz,
2024-08-03T12:00:00+00:00,12,True,certified_v2_raw_archive,cache,240,data/raw/ecmwf_final_v85/2024/08/ecmwf_ifs_20240803_12.json.gz,
2024-08-04T00:00:00+00:00,0,True,certified_v2_raw_archive,cache,240,data/raw/ecmwf_final_v85/2024/08/ecmwf_ifs_20240804_00.json.gz,
2024-08-04T12:00:00+00:00,12,True,certified_v2_raw_archive,cache,240,data/raw/ecmwf_final_v85/2024/08/ecmwf_ifs_20240804_12.json.gz,
2024-08-05T00:00:00+00:00,0,True,certified_v2_raw_archive,cache,240,data/raw/ecmwf_final_v85/2024/08/ecmwf_ifs_20240805_00.json.gz,
2024-08-05T12:00:00+00:00,12,True,certified_v2_raw_archive,cache,240,data/raw/ecmwf_final_v85/2024/08/ecmwf_ifs_20240805_12.json.gz,
2024-08-06T00:00:00+00:00,0,True,certified_v2_raw_archive,cache,240,data/raw/ecmwf_final_v85/2024/08/ecmwf_ifs_20240806_00.json.gz,
2024-08-06T12:00:00+00:00,12,True,certified_v2_raw_archive,cache,240,data/raw/ecmwf_final_v85/2024/08/ecmwf_ifs_20240806_12.json.gz,
2024-08-07T00:00:00+00:00,0,True,certified_v2_raw_archive,cache,240,data/raw/ecmwf_final_v85/2024/08/ecmwf_ifs_20240807_00.json.gz,
2024-08-07T12:00:00+00:00,12,True,certified_v2_raw_archive,cache,240,data/raw/ecmwf_final_v85/2024/08/ecmwf_ifs_20240807_12.json.gz,
2024-08-08T00:00:00+00:00,0,True,certified_v2_raw_archive,cache,240,data/raw/ecmwf_final_v85/2024/08/ecmwf_ifs_20240808_00.json.gz,
2024-08-08T12:00:00+00:00,12,True,certified_v2_raw_archive,cache,240,data/raw/ecmwf_final_v85/2024/08/ecmwf_ifs_20240808_12.json.gz,
2024-08-09T00:00:00+00:00,0,True,certified_v2_raw_archive,cache,240,data/raw/ecmwf_final_v85/2024/08/ecmwf_ifs_20240809_00.json.gz,
2024-08-09T12:00:00+00:00,12,True,certified_v2_raw_archive,cache,240,data/raw/ecmwf_final_v85/2024/08/ecmwf_ifs_20240809_12.json.gz,
2024-08-10T00:00:00+00:00,0,True,certified_v2_raw_archive,cache,240,data/raw/ecmwf_final_v85/2024/08/ecmwf_ifs_20240810_00.json.gz,
2024-08-10T12:00:00+00:00,12,True,certified_v2_raw_archive,cache,240,data/raw/ecmwf_final_v85/2024/08/ecmwf_ifs_20240810_12.json.gz,
2024-08-11T00:00:00+00:00,0,True,certified_v2_raw_archive,cache,240,data/raw/ecmwf_final_v85/2024/08/ecmwf_ifs_20240811_00.json.gz,
2024-08-11T12:00:00+00:00,12,True,certified_v2_raw_archive,cache,240,data/raw/ecmwf_final_v85/2024/08/ecmwf_ifs_20240811_12.json.gz,
2024-08-12T00:00:00+00:00,0,True,certified_v2_raw_archive,cache,240,data/raw/ecmwf_final_v85/2024/08/ecmwf_ifs_20240812_00.json.gz,
2024-08-12T12:00:00+00:00,12,True,certified_v2_raw_archive,cache,240,data/raw/ecmwf_final_v85/2024/08/ecmwf_ifs_20240812_12.json.gz,
2024-08-13T00:00:00+00:00,0,True,certified_v2_raw_archive,cache,240,data/raw/ecmwf_final_v85/2024/08/ecmwf_ifs_20240813_00.json.gz,
2024-08-13T12:00:00+00:00,12,True,certified_v2_raw_archive,cache,240,data/raw/ecmwf_final_v85/2024/08/ecmwf_ifs_20240813_12.json.gz,
2024-08-14T00:00:00+00:00,0,True,certified_v2_raw_archive,cache,240,data/raw/ecmwf_final_v85/2024/08/ecmwf_ifs_20240814_00.json.gz,
2024-08-14T12:00:00+00:00,12,True,certified_v2_raw_archive,cache,240,data/raw/ecmwf_final_v85/2024/08/ecmwf_ifs_20240814_12.json.gz,
2024-08-15T00:00:00+00:00,0,True,certified_v2_raw_archive,cache,240,data/raw/ecmwf_final_v85/2024/08/ecmwf_ifs_20240815_00.json.gz,
2024-08-15T12:00:00+00:00,12,True,certified_v2_raw_archive,cache,240,data/raw/ecmwf_final_v85/2024/08/ecmwf_ifs_20240815_12.json.gz,
2024-08-16T00:00:00+00:00,0,True,certified_v2_raw_archive,cache,240,data/raw/ecmwf_final_v85/2024/08/ecmwf_ifs_20240816_00.json.gz,
2024-08-16T12:00:00+00:00,12,True,certified_v2_raw_archive,cache,240,data/raw/ecmwf_final_v85/2024/08/ecmwf_ifs_20240816_12.json.gz,
2024-08-17T00:00:00+00:00,0,True,certified_v2_raw_archive,cache,240,data/raw/ecmwf_final_v85/2024/08/ecmwf_ifs_20240817_00.json.gz,
2024-08-17T12:00:00+00:00,12,True,certified_v2_raw_archive,cache,240,data/raw/ecmwf_final_v85/2024/08/ecmwf_ifs_20240817_12.json.gz,
2024-08-18T00:00:00+00:00,0,True,certified_v2_raw_archive,cache,240,data/raw/ecmwf_final_v85/2024/08/ecmwf_ifs_20240818_00.json.gz,
2024-08-18T12:00:00+00:00,12,True,certified_v2_raw_archive,cache,240,data/raw/ecmwf_final_v85/2024/08/ecmwf_ifs_20240818_12.json.gz,
2024-08-19T00:00:00+00:00,0,True,certified_v2_raw_archive,cache,240,data/raw/ecmwf_final_v85/2024/08/ecmwf_ifs_20240819_00.json.gz,
2024-08-19T12:00:00+00:00,12,True,certified_v2_raw_archive,cache,240,data/raw/ecmwf_final_v85/2024/08/ecmwf_ifs_20240819_12.json.gz,
2024-08-20T00:00:00+00:00,0,True,certified_v2_raw_archive,cache,240,data/raw/ecmwf_final_v85/2024/08/ecmwf_ifs_20240820_00.json.gz,
2024-08-20T12:00:00+00:00,12,True,certified_v2_raw_archive,cache,240,data/raw/ecmwf_final_v85/2024/08/ecmwf_ifs_20240820_12.json.gz,
2024-08-21T00:00:00+00:00,0,True,certified_v2_raw_archive,cache,240,data/raw/ecmwf_final_v85/2024/08/ecmwf_ifs_20240821_00.json.gz,
2024-08-21T12:00:00+00:00,12,True,certified_v2_raw_archive,cache,240,data/raw/ecmwf_final_v85/2024/08/ecmwf_ifs_20240821_12.json.gz,
2024-08-22T00:00:00+00:00,0,True,certified_v2_raw_archive,cache,240,data/raw/ecmwf_final_v85/2024/08/ecmwf_ifs_20240822_00.json.gz,
2024-08-22T12:00:00+00:00,12,True,certified_v2_raw_archive,cache,240,data/raw/ecmwf_final_v85/2024/08/ecmwf_ifs_20240822_12.json.gz,
2024-08-23T00:00:00+00:00,0,True,certified_v2_raw_archive,cache,240,data/raw/ecmwf_final_v85/2024/08/ecmwf_ifs_20240823_00.json.gz,
2024-08-23T12:00:00+00:00,12,True,certified_v2_raw_archive,cache,240,data/raw/ecmwf_final_v85/2024/08/ecmwf_ifs_20240823_12.json.gz,
2024-08-24T00:00:00+00:00,0,True,certified_v2_raw_archive,cache,240,data/raw/ecmwf_final_v85/2024/08/ecmwf_ifs_20240824_00.json.gz,
2024-08-24T12:00:00+00:00,12,True,certified_v2_raw_archive,cache,240,data/raw/ecmwf_final_v85/2024/08/ecmwf_ifs_20240824_12.json.gz,
2024-08-25T00:00:00+00:00,0,True,certified_v2_raw_archive,cache,240,data/raw/ecmwf_final_v85/2024/08/ecmwf_ifs_20240825_00.json.gz,
2024-08-25T12:00:00+00:00,12,True,certified_v2_raw_archive,cache,240,data/raw/ecmwf_final_v85/2024/08/ecmwf_ifs_20240825_12.json.gz,
2024-08-26T00:00:00+00:00,0,True,certified_v2_raw_archive,cache,240,data/raw/ecmwf_final_v85/2024/08/ecmwf_ifs_20240826_00.json.gz,
2024-08-26T12:00:00+00:00,12,True,certified_v2_raw_archive,cache,240,data/raw/ecmwf_final_v85/2024/08/ecmwf_ifs_20240826_12.json.gz,
2024-08-27T00:00:00+00:00,0,True,certified_v2_raw_archive,cache,240,data/raw/ecmwf_final_v85/2024/08/ecmwf_ifs_20240827_00.json.gz,
2024-08-27T12:00:00+00:00,12,True,certified_v2_raw_archive,cache,240,data/raw/ecmwf_final_v85/2024/08/ecmwf_ifs_20240827_12.json.gz,
2024-08-28T00:00:00+00:00,0,True,certified_v2_raw_archive,cache,240,data/raw/ecmwf_final_v85/2024/08/ecmwf_ifs_20240828_00.json.gz,
2024-08-28T12:00:00+00:00,12,True,certified_v2_raw_archive,cache,240,data/raw/ecmwf_final_v85/2024/08/ecmwf_ifs_20240828_12.json.gz,
2024-08-29T00:00:00+00:00,0,True,certified_v2_raw_archive,cache,240,data/raw/ecmwf_final_v85/2024/08/ecmwf_ifs_20240829_00.json.gz,
2024-08-29T12:00:00+00:00,12,True,certified_v2_raw_archive,cache,240,data/raw/ecmwf_final_v85/2024/08/ecmwf_ifs_20240829_12.json.gz,
2024-08-30T00:00:00+00:00,0,True,certified_v2_raw_archive,cache,240,data/raw/ecmwf_final_v85/2024/08/ecmwf_ifs_20240830_00.json.gz,
2024-08-30T12:00:00+00:00,12,True,certified_v2_raw_archive,cache,240,data/raw/ecmwf_final_v85/2024/08/ecmwf_ifs_20240830_12.json.gz,
2024-08-31T00:00:00+00:00,0,True,certified_v2_raw_archive,cache,240,data/raw/ecmwf_final_v85/2024/08/ecmwf_ifs_20240831_00.json.gz,
2024-08-31T12:00:00+00:00,12,True,certified_v2_raw_archive,cache,240,data/raw/ecmwf_final_v85/2024/08/ecmwf_ifs_20240831_12.json.gz,
2024-09-01T00:00:00+00:00,0,True,certified_v2_raw_archive,cache,240,data/raw/ecmwf_final_v85/2024/09/ecmwf_ifs_20240901_00.json.gz,
2024-09-01T12:00:00+00:00,12,True,certified_v2_raw_archive,cache,240,data/raw/ecmwf_final_v85/2024/09/ecmwf_ifs_20240901_12.json.gz,
2024-09-02T00:00:00+00:00,0,True,certified_v2_raw_archive,cache,240,data/raw/ecmwf_final_v85/2024/09/ecmwf_ifs_20240902_00.json.gz,
2024-09-02T12:00:00+00:00,12,True,certified_v2_raw_archive,cache,240,data/raw/ecmwf_final_v85/2024/09/ecmwf_ifs_20240902_12.json.gz,
2024-09-03T00:00:00+00:00,0,True,certified_v2_raw_archive,cache,240,data/raw/ecmwf_final_v85/2024/09/ecmwf_ifs_20240903_00.json.gz,
2024-09-03T12:00:00+00:00,12,True,certified_v2_raw_archive,cache,240,data/raw/ecmwf_final_v85/2024/09/ecmwf_ifs_20240903_12.json.gz,
2024-09-04T00:00:00+00:00,0,True,certified_v2_raw_archive,cache,240,data/raw/ecmwf_final_v85/2024/09/ecmwf_ifs_20240904_00.json.gz,
2024-09-04T12:00:00+00:00,12,True,certified_v2_raw_archive,cache,240,data/raw/ecmwf_final_v85/2024/09/ecmwf_ifs_20240904_12.json.gz,
2024-09-05T00:00:00+00:00,0,True,certified_v2_raw_archive,cache,240,data/raw/ecmwf_final_v85/2024/09/ecmwf_ifs_20240905_00.json.gz,
2024-09-05T12:00:00+00:00,12,True,certified_v2_raw_archive,cache,240,data/raw/ecmwf_final_v85/2024/09/ecmwf_ifs_20240905_12.json.gz,
2024-09-06T00:00:00+00:00,0,True,certified_v2_raw_archive,cache,240,data/raw/ecmwf_final_v85/2024/09/ecmwf_ifs_20240906_00.json.gz,
2024-09-06T12:00:00+00:00,12,True,certified_v2_raw_archive,cache,240,data/raw/ecmwf_final_v85/2024/09/ecmwf_ifs_20240906_12.json.gz,
2024-09-07T00:00:00+00:00,0,True,certified_v2_raw_archive,cache,240,data/raw/ecmwf_final_v85/2024/09/ecmwf_ifs_20240907_00.json.gz,
2024-09-07T12:00:00+00:00,12,True,certified_v2_raw_archive,cache,240,data/raw/ecmwf_final_v85/2024/09/ecmwf_ifs_20240907_12.json.gz,
2024-09-08T00:00:00+00:00,0,True,certified_v2_raw_archive,cache,240,data/raw/ecmwf_final_v85/2024/09/ecmwf_ifs_20240908_00.json.gz,
2024-09-08T12:00:00+00:00,12,True,certified_v2_raw_archive,cache,240,data/raw/ecmwf_final_v85/2024/09/ecmwf_ifs_20240908_12.json.gz,
2024-09-09T00:00:00+00:00,0,True,certified_v2_raw_archive,cache,240,data/raw/ecmwf_final_v85/2024/09/ecmwf_ifs_20240909_00.json.gz,
2024-09-09T12:00:00+00:00,12,True,certified_v2_raw_archive,cache,240,data/raw/ecmwf_final_v85/2024/09/ecmwf_ifs_20240909_12.json.gz,
2024-09-10T00:00:00+00:00,0,True,certified_v2_raw_archive,cache,240,data/raw/ecmwf_final_v85/2024/09/ecmwf_ifs_20240910_00.json.gz,
2024-09-10T12:00:00+00:00,12,True,certified_v2_raw_archive,cache,240,data/raw/ecmwf_final_v85/2024/09/ecmwf_ifs_20240910_12.json.gz,
2024-09-11T00:00:00+00:00,0,True,certified_v2_raw_archive,cache,240,data/raw/ecmwf_final_v85/2024/09/ecmwf_ifs_20240911_00.json.gz,
2024-09-11T12:00:00+00:00,12,True,certified_v2_raw_archive,cache,240,data/raw/ecmwf_final_v85/2024/09/ecmwf_ifs_20240911_12.json.gz,
2024-09-12T00:00:00+00:00,0,True,certified_v2_raw_archive,cache,240,data/raw/ecmwf_final_v85/2024/09/ecmwf_ifs_20240912_00.json.gz,
2024-09-12T12:00:00+00:00,12,True,certified_v2_raw_archive,cache,240,data/raw/ecmwf_final_v85/2024/09/ecmwf_ifs_20240912_12.json.gz,
2024-09-13T00:00:00+00:00,0,True,certified_v2_raw_archive,cache,240,data/raw/ecmwf_final_v85/2024/09/ecmwf_ifs_20240913_00.json.gz,
2024-09-13T12:00:00+00:00,12,True,certified_v2_raw_archive,cache,240,data/raw/ecmwf_final_v85/2024/09/ecmwf_ifs_20240913_12.json.gz,
2024-09-14T00:00:00+00:00,0,True,certified_v2_raw_archive,cache,240,data/raw/ecmwf_final_v85/2024/09/ecmwf_ifs_20240914_00.json.gz,
2024-09-14T12:00:00+00:00,12,True,certified_v2_raw_archive,cache,240,data/raw/ecmwf_final_v85/2024/09/ecmwf_ifs_20240914_12.json.gz,
2024-09-15T00:00:00+00:00,0,True,certified_v2_raw_archive,cache,240,data/raw/ecmwf_final_v85/2024/09/ecmwf_ifs_20240915_00.json.gz,
2024-09-15T12:00:00+00:00,12,True,certified_v2_raw_archive,cache,240,data/raw/ecmwf_final_v85/2024/09/ecmwf_ifs_20240915_12.json.gz,
2024-09-16T00:00:00+00:00,0,True,certified_v2_raw_archive,cache,240,data/raw/ecmwf_final_v85/2024/09/ecmwf_ifs_20240916_00.json.gz,
2024-09-16T12:00:00+00:00,12,True,certified_v2_raw_archive,cache,240,data/raw/ecmwf_final_v85/2024/09/ecmwf_ifs_20240916_12.json.gz,
2024-09-17T00:00:00+00:00,0,True,certified_v2_raw_archive,cache,240,data/raw/ecmwf_final_v85/2024/09/ecmwf_ifs_20240917_00.json.gz,
2024-09-17T12:00:00+00:00,12,True,certified_v2_raw_archive,cache,240,data/raw/ecmwf_final_v85/2024/09/ecmwf_ifs_20240917_12.json.gz,
2024-09-18T00:00:00+00:00,0,True,certified_v2_raw_archive,cache,240,data/raw/ecmwf_final_v85/2024/09/ecmwf_ifs_20240918_00.json.gz,
2024-09-18T12:00:00+00:00,12,True,certified_v2_raw_archive,cache,240,data/raw/ecmwf_final_v85/2024/09/ecmwf_ifs_20240918_12.json.gz,
2024-09-19T00:00:00+00:00,0,True,certified_v2_raw_archive,cache,240,data/raw/ecmwf_final_v85/2024/09/ecmwf_ifs_20240919_00.json.gz,
2024-09-19T12:00:00+00:00,12,True,certified_v2_raw_archive,cache,240,data/raw/ecmwf_final_v85/2024/09/ecmwf_ifs_20240919_12.json.gz,
2024-09-20T00:00:00+00:00,0,True,certified_v2_raw_archive,cache,240,data/raw/ecmwf_final_v85/2024/09/ecmwf_ifs_20240920_00.json.gz,
2024-09-20T12:00:00+00:00,12,True,certified_v2_raw_archive,cache,240,data/raw/ecmwf_final_v85/2024/09/ecmwf_ifs_20240920_12.json.gz,
2024-09-21T00:00:00+00:00,0,True,certified_v2_raw_archive,cache,240,data/raw/ecmwf_final_v85/2024/09/ecmwf_ifs_20240921_00.json.gz,
2024-09-21T12:00:00+00:00,12,True,certified_v2_raw_archive,cache,240,data/raw/ecmwf_final_v85/2024/09/ecmwf_ifs_20240921_12.json.gz,
2024-09-22T00:00:00+00:00,0,True,certified_v2_raw_archive,cache,240,data/raw/ecmwf_final_v85/2024/09/ecmwf_ifs_20240922_00.json.gz,
2024-09-22T12:00:00+00:00,12,True,certified_v2_raw_archive,cache,240,data/raw/ecmwf_final_v85/2024/09/ecmwf_ifs_20240922_12.json.gz,
2024-09-23T00:00:00+00:00,0,True,certified_v2_raw_archive,cache,240,data/raw/ecmwf_final_v85/2024/09/ecmwf_ifs_20240923_00.json.gz,
2024-09-23T12:00:00+00:00,12,False,historical_not_in_certified_inventory,not_requested,0,,run_not_in_certified_v2_inventory
2024-09-23T18:00:00+00:00,18,False,historical_not_in_certified_inventory,not_requested,0,,run_not_in_certified_v2_inventory
2024-09-24T00:00:00+00:00,0,True,certified_v2_raw_archive,cache,240,data/raw/ecmwf_final_v85/2024/09/ecmwf_ifs_20240924_00.json.gz,
2024-09-24T12:00:00+00:00,12,True,certified_v2_raw_archive,cache,240,data/raw/ecmwf_final_v85/2024/09/ecmwf_ifs_20240924_12.json.gz,
2024-09-25T00:00:00+00:00,0,True,certified_v2_raw_archive,cache,240,data/raw/ecmwf_final_v85/2024/09/ecmwf_ifs_20240925_00.json.gz,
2024-09-25T12:00:00+00:00,12,False,historical_not_in_certified_inventory,not_requested,0,,run_not_in_certified_v2_inventory
2024-09-25T18:00:00+00:00,18,False,historical_not_in_certified_inventory,not_requested,0,,run_not_in_certified_v2_inventory
2024-09-26T00:00:00+00:00,0,True,certified_v2_raw_archive,cache,240,data/raw/ecmwf_final_v85/2024/09/ecmwf_ifs_20240926_00.json.gz,
2024-09-26T12:00:00+00:00,12,False,historical_not_in_certified_inventory,not_requested,0,,run_not_in_certified_v2_inventory
2024-09-26T18:00:00+00:00,18,False,historical_not_in_certified_inventory,not_requested,0,,run_not_in_certified_v2_inventory
2024-09-27T00:00:00+00:00,0,False,historical_not_in_certified_inventory,not_requested,0,,run_not_in_certified_v2_inventory
2024-09-27T06:00:00+00:00,6,False,historical_not_in_certified_inventory,not_requested,0,,run_not_in_certified_v2_inventory
2024-09-27T12:00:00+00:00,12,False,historical_not_in_certified_inventory,not_requested,0,,run_not_in_certified_v2_inventory
2024-09-27T18:00:00+00:00,18,True,certified_v2_raw_archive,cache,240,data/raw/ecmwf_final_v85/2024/09/ecmwf_ifs_20240927_18.json.gz,
2024-09-28T00:00:00+00:00,0,False,historical_not_in_certified_inventory,not_requested,0,,run_not_in_certified_v2_inventory
2024-09-28T06:00:00+00:00,6,False,historical_not_in_certified_inventory,not_requested,0,,run_not_in_certified_v2_inventory
2024-09-28T12:00:00+00:00,12,False,historical_not_in_certified_inventory,not_requested,0,,run_not_in_certified_v2_inventory
2024-09-28T18:00:00+00:00,18,True,certified_v2_raw_archive,cache,240,data/raw/ecmwf_final_v85/2024/09/ecmwf_ifs_20240928_18.json.gz,
2024-09-29T00:00:00+00:00,0,False,historical_not_in_certified_inventory,not_requested,0,,run_not_in_certified_v2_inventory
2024-09-29T06:00:00+00:00,6,False,historical_not_in_certified_inventory,not_requested,0,,run_not_in_certified_v2_inventory
2024-09-29T12:00:00+00:00,12,False,historical_not_in_certified_inventory,not_requested,0,,run_not_in_certified_v2_inventory
2024-09-29T18:00:00+00:00,18,True,certified_v2_raw_archive,cache,240,data/raw/ecmwf_final_v85/2024/09/ecmwf_ifs_20240929_18.json.gz,
2024-09-30T00:00:00+00:00,0,False,historical_not_in_certified_inventory,not_requested,0,,run_not_in_certified_v2_inventory
2024-09-30T06:00:00+00:00,6,False,historical_not_in_certified_inventory,not_requested,0,,run_not_in_certified_v2_inventory
2024-09-30T12:00:00+00:00,12,True,certified_v2_raw_archive,cache,240,data/raw/ecmwf_final_v85/2024/09/ecmwf_ifs_20240930_12.json.gz,
2024-10-01T00:00:00+00:00,0,True,certified_v2_raw_archive,cache,240,data/raw/ecmwf_final_v85/2024/10/ecmwf_ifs_20241001_00.json.gz,
2024-10-01T12:00:00+00:00,12,True,certified_v2_raw_archive,cache,240,data/raw/ecmwf_final_v85/2024/10/ecmwf_ifs_20241001_12.json.gz,
2024-10-02T00:00:00+00:00,0,True,certified_v2_raw_archive,cache,240,data/raw/ecmwf_final_v85/2024/10/ecmwf_ifs_20241002_00.json.gz,
2024-10-02T12:00:00+00:00,12,True,certified_v2_raw_archive,cache,240,data/raw/ecmwf_final_v85/2024/10/ecmwf_ifs_20241002_12.json.gz,
2024-10-03T00:00:00+00:00,0,True,certified_v2_raw_archive,cache,240,data/raw/ecmwf_final_v85/2024/10/ecmwf_ifs_20241003_00.json.gz,
2024-10-03T12:00:00+00:00,12,True,certified_v2_raw_archive,cache,240,data/raw/ecmwf_final_v85/2024/10/ecmwf_ifs_20241003_12.json.gz,
2024-10-04T00:00:00+00:00,0,True,certified_v2_raw_archive,cache,240,data/raw/ecmwf_final_v85/2024/10/ecmwf_ifs_20241004_00.json.gz,
2024-10-04T12:00:00+00:00,12,True,certified_v2_raw_archive,cache,240,data/raw/ecmwf_final_v85/2024/10/ecmwf_ifs_20241004_12.json.gz,
2024-10-05T00:00:00+00:00,0,True,certified_v2_raw_archive,cache,240,data/raw/ecmwf_final_v85/2024/10/ecmwf_ifs_20241005_00.json.gz,
2024-10-05T12:00:00+00:00,12,True,certified_v2_raw_archive,cache,240,data/raw/ecmwf_final_v85/2024/10/ecmwf_ifs_20241005_12.json.gz,
2024-10-06T00:00:00+00:00,0,True,certified_v2_raw_archive,cache,240,data/raw/ecmwf_final_v85/2024/10/ecmwf_ifs_20241006_00.json.gz,
2024-10-06T12:00:00+00:00,12,True,certified_v2_raw_archive,cache,240,data/raw/ecmwf_final_v85/2024/10/ecmwf_ifs_20241006_12.json.gz,
2024-10-07T00:00:00+00:00,0,True,certified_v2_raw_archive,cache,240,data/raw/ecmwf_final_v85/2024/10/ecmwf_ifs_20241007_00.json.gz,
2024-10-07T12:00:00+00:00,12,True,certified_v2_raw_archive,cache,240,data/raw/ecmwf_final_v85/2024/10/ecmwf_ifs_20241007_12.json.gz,
2024-10-08T00:00:00+00:00,0,True,certified_v2_raw_archive,cache,240,data/raw/ecmwf_final_v85/2024/10/ecmwf_ifs_20241008_00.json.gz,
2024-10-08T12:00:00+00:00,12,True,certified_v2_raw_archive,cache,240,data/raw/ecmwf_final_v85/2024/10/ecmwf_ifs_20241008_12.json.gz,
2024-10-09T00:00:00+00:00,0,True,certified_v2_raw_archive,cache,240,data/raw/ecmwf_final_v85/2024/10/ecmwf_ifs_20241009_00.json.gz,
2024-10-09T12:00:00+00:00,12,True,certified_v2_raw_archive,cache,240,data/raw/ecmwf_final_v85/2024/10/ecmwf_ifs_20241009_12.json.gz,
2024-10-10T00:00:00+00:00,0,True,certified_v2_raw_archive,cache,240,data/raw/ecmwf_final_v85/2024/10/ecmwf_ifs_20241010_00.json.gz,
2024-10-10T12:00:00+00:00,12,True,certified_v2_raw_archive,cache,240,data/raw/ecmwf_final_v85/2024/10/ecmwf_ifs_20241010_12.json.gz,
2024-10-11T00:00:00+00:00,0,True,certified_v2_raw_archive,cache,240,data/raw/ecmwf_final_v85/2024/10/ecmwf_ifs_20241011_00.json.gz,
2024-10-11T12:00:00+00:00,12,True,certified_v2_raw_archive,cache,240,data/raw/ecmwf_final_v85/2024/10/ecmwf_ifs_20241011_12.json.gz,
2024-10-12T00:00:00+00:00,0,True,certified_v2_raw_archive,cache,240,data/raw/ecmwf_final_v85/2024/10/ecmwf_ifs_20241012_00.json.gz,
2024-10-12T12:00:00+00:00,12,True,certified_v2_raw_archive,cache,240,data/raw/ecmwf_final_v85/2024/10/ecmwf_ifs_20241012_12.json.gz,
2024-10-13T00:00:00+00:00,0,True,certified_v2_raw_archive,cache,240,data/raw/ecmwf_final_v85/2024/10/ecmwf_ifs_20241013_00.json.gz,
2024-10-13T12:00:00+00:00,12,True,certified_v2_raw_archive,cache,240,data/raw/ecmwf_final_v85/2024/10/ecmwf_ifs_20241013_12.json.gz,
2024-10-14T00:00:00+00:00,0,True,certified_v2_raw_archive,cache,240,data/raw/ecmwf_final_v85/2024/10/ecmwf_ifs_20241014_00.json.gz,
2024-10-14T12:00:00+00:00,12,True,certified_v2_raw_archive,cache,240,data/raw/ecmwf_final_v85/2024/10/ecmwf_ifs_20241014_12.json.gz,
2024-10-15T00:00:00+00:00,0,True,certified_v2_raw_archive,cache,240,data/raw/ecmwf_final_v85/2024/10/ecmwf_ifs_20241015_00.json.gz,
2024-10-15T12:00:00+00:00,12,True,certified_v2_raw_archive,cache,240,data/raw/ecmwf_final_v85/2024/10/ecmwf_ifs_20241015_12.json.gz,
2024-10-16T00:00:00+00:00,0,True,certified_v2_raw_archive,cache,240,data/raw/ecmwf_final_v85/2024/10/ecmwf_ifs_20241016_00.json.gz,
2024-10-16T12:00:00+00:00,12,True,certified_v2_raw_archive,cache,240,data/raw/ecmwf_final_v85/2024/10/ecmwf_ifs_20241016_12.json.gz,
2024-10-17T00:00:00+00:00,0,True,certified_v2_raw_archive,cache,240,data/raw/ecmwf_final_v85/2024/10/ecmwf_ifs_20241017_00.json.gz,
2024-10-17T12:00:00+00:00,12,True,certified_v2_raw_archive,cache,240,data/raw/ecmwf_final_v85/2024/10/ecmwf_ifs_20241017_12.json.gz,
2024-10-18T00:00:00+00:00,0,True,certified_v2_raw_archive,cache,240,data/raw/ecmwf_final_v85/2024/10/ecmwf_ifs_20241018_00.json.gz,
2024-10-18T12:00:00+00:00,12,True,certified_v2_raw_archive,cache,240,data/raw/ecmwf_final_v85/2024/10/ecmwf_ifs_20241018_12.json.gz,
2024-10-19T00:00:00+00:00,0,True,certified_v2_raw_archive,cache,240,data/raw/ecmwf_final_v85/2024/10/ecmwf_ifs_20241019_00.json.gz,
2024-10-19T12:00:00+00:00,12,True,certified_v2_raw_archive,cache,240,data/raw/ecmwf_final_v85/2024/10/ecmwf_ifs_20241019_12.json.gz,
2024-10-20T00:00:00+00:00,0,True,certified_v2_raw_archive,cache,240,data/raw/ecmwf_final_v85/2024/10/ecmwf_ifs_20241020_00.json.gz,
2024-10-20T12:00:00+00:00,12,True,certified_v2_raw_archive,cache,240,data/raw/ecmwf_final_v85/2024/10/ecmwf_ifs_20241020_12.json.gz,
2024-10-21T00:00:00+00:00,0,True,certified_v2_raw_archive,cache,240,data/raw/ecmwf_final_v85/2024/10/ecmwf_ifs_20241021_00.json.gz,
2024-10-21T12:00:00+00:00,12,True,certified_v2_raw_archive,cache,240,data/raw/ecmwf_final_v85/2024/10/ecmwf_ifs_20241021_12.json.gz,
2024-10-22T00:00:00+00:00,0,True,certified_v2_raw_archive,cache,240,data/raw/ecmwf_final_v85/2024/10/ecmwf_ifs_20241022_00.json.gz,
2024-10-22T12:00:00+00:00,12,True,certified_v2_raw_archive,cache,240,data/raw/ecmwf_final_v85/2024/10/ecmwf_ifs_20241022_12.json.gz,
2024-10-23T00:00:00+00:00,0,True,certified_v2_raw_archive,cache,240,data/raw/ecmwf_final_v85/2024/10/ecmwf_ifs_20241023_00.json.gz,
2024-10-23T12:00:00+00:00,12,True,certified_v2_raw_archive,cache,240,data/raw/ecmwf_final_v85/2024/10/ecmwf_ifs_20241023_12.json.gz,
2024-10-24T00:00:00+00:00,0,True,certified_v2_raw_archive,cache,240,data/raw/ecmwf_final_v85/2024/10/ecmwf_ifs_20241024_00.json.gz,
2024-10-24T12:00:00+00:00,12,True,certified_v2_raw_archive,cache,240,data/raw/ecmwf_final_v85/2024/10/ecmwf_ifs_20241024_12.json.gz,
2024-10-25T00:00:00+00:00,0,True,certified_v2_raw_archive,cache,240,data/raw/ecmwf_final_v85/2024/10/ecmwf_ifs_20241025_00.json.gz,
2024-10-25T12:00:00+00:00,12,True,certified_v2_raw_archive,cache,240,data/raw/ecmwf_final_v85/2024/10/ecmwf_ifs_20241025_12.json.gz,
2024-10-26T00:00:00+00:00,0,True,certified_v2_raw_archive,cache,240,data/raw/ecmwf_final_v85/2024/10/ecmwf_ifs_20241026_00.json.gz,
2024-10-26T12:00:00+00:00,12,True,certified_v2_raw_archive,cache,240,data/raw/ecmwf_final_v85/2024/10/ecmwf_ifs_20241026_12.json.gz,
2024-10-27T00:00:00+00:00,0,True,certified_v2_raw_archive,cache,240,data/raw/ecmwf_final_v85/2024/10/ecmwf_ifs_20241027_00.json.gz,
2024-10-27T12:00:00+00:00,12,True,certified_v2_raw_archive,cache,240,data/raw/ecmwf_final_v85/2024/10/ecmwf_ifs_20241027_12.json.gz,
2024-10-28T00:00:00+00:00,0,True,certified_v2_raw_archive,cache,240,data/raw/ecmwf_final_v85/2024/10/ecmwf_ifs_20241028_00.json.gz,
2024-10-28T12:00:00+00:00,12,True,certified_v2_raw_archive,cache,240,data/raw/ecmwf_final_v85/2024/10/ecmwf_ifs_20241028_12.json.gz,
2024-10-29T00:00:00+00:00,0,True,certified_v2_raw_archive,cache,240,data/raw/ecmwf_final_v85/2024/10/ecmwf_ifs_20241029_00.json.gz,
2024-10-29T12:00:00+00:00,12,True,certified_v2_raw_archive,cache,240,data/raw/ecmwf_final_v85/2024/10/ecmwf_ifs_20241029_12.json.gz,
2024-10-30T00:00:00+00:00,0,True,certified_v2_raw_archive,cache,240,data/raw/ecmwf_final_v85/2024/10/ecmwf_ifs_20241030_00.json.gz,
2024-10-30T12:00:00+00:00,12,True,certified_v2_raw_archive,cache,240,data/raw/ecmwf_final_v85/2024/10/ecmwf_ifs_20241030_12.json.gz,
2024-10-31T00:00:00+00:00,0,True,certified_v2_raw_archive,cache,240,data/raw/ecmwf_final_v85/2024/10/ecmwf_ifs_20241031_00.json.gz,
2024-10-31T12:00:00+00:00,12,True,certified_v2_raw_archive,cache,240,data/raw/ecmwf_final_v85/2024/10/ecmwf_ifs_20241031_12.json.gz,
2024-11-01T00:00:00+00:00,0,True,certified_v2_raw_archive,cache,240,data/raw/ecmwf_final_v85/2024/11/ecmwf_ifs_20241101_00.json.gz,
2024-11-01T12:00:00+00:00,12,True,certified_v2_raw_archive,cache,240,data/raw/ecmwf_final_v85/2024/11/ecmwf_ifs_20241101_12.json.gz,
2024-11-02T00:00:00+00:00,0,True,certified_v2_raw_archive,cache,240,data/raw/ecmwf_final_v85/2024/11/ecmwf_ifs_20241102_00.json.gz,
2024-11-02T12:00:00+00:00,12,True,certified_v2_raw_archive,cache,240,data/raw/ecmwf_final_v85/2024/11/ecmwf_ifs_20241102_12.json.gz,
2024-11-03T00:00:00+00:00,0,True,certified_v2_raw_archive,cache,240,data/raw/ecmwf_final_v85/2024/11/ecmwf_ifs_20241103_00.json.gz,
2024-11-03T12:00:00+00:00,12,True,certified_v2_raw_archive,cache,240,data/raw/ecmwf_final_v85/2024/11/ecmwf_ifs_20241103_12.json.gz,
2024-11-04T00:00:00+00:00,0,True,certified_v2_raw_archive,cache,240,data/raw/ecmwf_final_v85/2024/11/ecmwf_ifs_20241104_00.json.gz,
2024-11-04T12:00:00+00:00,12,True,certified_v2_raw_archive,cache,240,data/raw/ecmwf_final_v85/2024/11/ecmwf_ifs_20241104_12.json.gz,
2024-11-05T00:00:00+00:00,0,True,certified_v2_raw_archive,cache,240,data/raw/ecmwf_final_v85/2024/11/ecmwf_ifs_20241105_00.json.gz,
2024-11-05T12:00:00+00:00,12,True,certified_v2_raw_archive,cache,240,data/raw/ecmwf_final_v85/2024/11/ecmwf_ifs_20241105_12.json.gz,
2024-11-06T00:00:00+00:00,0,True,certified_v2_raw_archive,cache,240,data/raw/ecmwf_final_v85/2024/11/ecmwf_ifs_20241106_00.json.gz,
2024-11-06T12:00:00+00:00,12,True,certified_v2_raw_archive,cache,240,data/raw/ecmwf_final_v85/2024/11/ecmwf_ifs_20241106_12.json.gz,
2024-11-07T00:00:00+00:00,0,True,certified_v2_raw_archive,cache,240,data/raw/ecmwf_final_v85/2024/11/ecmwf_ifs_20241107_00.json.gz,
2024-11-07T12:00:00+00:00,12,True,certified_v2_raw_archive,cache,240,data/raw/ecmwf_final_v85/2024/11/ecmwf_ifs_20241107_12.json.gz,
2024-11-08T00:00:00+00:00,0,True,certified_v2_raw_archive,cache,240,data/raw/ecmwf_final_v85/2024/11/ecmwf_ifs_20241108_00.json.gz,
2024-11-08T12:00:00+00:00,12,True,certified_v2_raw_archive,cache,240,data/raw/ecmwf_final_v85/2024/11/ecmwf_ifs_20241108_12.json.gz,
2024-11-09T00:00:00+00:00,0,True,certified_v2_raw_archive,cache,240,data/raw/ecmwf_final_v85/2024/11/ecmwf_ifs_20241109_00.json.gz,
2024-11-09T12:00:00+00:00,12,True,certified_v2_raw_archive,cache,240,data/raw/ecmwf_final_v85/2024/11/ecmwf_ifs_20241109_12.json.gz,
2024-11-10T00:00:00+00:00,0,True,certified_v2_raw_archive,cache,240,data/raw/ecmwf_final_v85/2024/11/ecmwf_ifs_20241110_00.json.gz,
2024-11-10T12:00:00+00:00,12,True,certified_v2_raw_archive,cache,240,data/raw/ecmwf_final_v85/2024/11/ecmwf_ifs_20241110_12.json.gz,
2024-11-11T00:00:00+00:00,0,True,certified_v2_raw_archive,cache,240,data/raw/ecmwf_final_v85/2024/11/ecmwf_ifs_20241111_00.json.gz,
2024-11-11T12:00:00+00:00,12,True,certified_v2_raw_archive,cache,240,data/raw/ecmwf_final_v85/2024/11/ecmwf_ifs_20241111_12.json.gz,
2024-11-12T00:00:00+00:00,0,True,certified_v2_raw_archive,cache,240,data/raw/ecmwf_final_v85/2024/11/ecmwf_ifs_20241112_00.json.gz,
2024-11-12T12:00:00+00:00,12,True,certified_v2_raw_archive,cache,240,data/raw/ecmwf_final_v85/2024/11/ecmwf_ifs_20241112_12.json.gz,
2024-11-13T00:00:00+00:00,0,True,certified_v2_raw_archive,cache,240,data/raw/ecmwf_final_v85/2024/11/ecmwf_ifs_20241113_00.json.gz,
2024-11-13T12:00:00+00:00,12,True,certified_v2_raw_archive,cache,240,data/raw/ecmwf_final_v85/2024/11/ecmwf_ifs_20241113_12.json.gz,
2024-11-14T00:00:00+00:00,0,True,certified_v2_raw_archive,cache,240,data/raw/ecmwf_final_v85/2024/11/ecmwf_ifs_20241114_00.json.gz,
2024-11-14T12:00:00+00:00,12,True,certified_v2_raw_archive,cache,240,data/raw/ecmwf_final_v85/2024/11/ecmwf_ifs_20241114_12.json.gz,
2024-11-15T00:00:00+00:00,0,True,certified_v2_raw_archive,cache,240,data/raw/ecmwf_final_v85/2024/11/ecmwf_ifs_20241115_00.json.gz,
2024-11-15T12:00:00+00:00,12,True,certified_v2_raw_archive,cache,240,data/raw/ecmwf_final_v85/2024/11/ecmwf_ifs_20241115_12.json.gz,
2024-11-16T00:00:00+00:00,0,True,certified_v2_raw_archive,cache,240,data/raw/ecmwf_final_v85/2024/11/ecmwf_ifs_20241116_00.json.gz,
2024-11-16T12:00:00+00:00,12,True,certified_v2_raw_archive,cache,240,data/raw/ecmwf_final_v85/2024/11/ecmwf_ifs_20241116_12.json.gz,
2024-11-17T00:00:00+00:00,0,True,certified_v2_raw_archive,cache,240,data/raw/ecmwf_final_v85/2024/11/ecmwf_ifs_20241117_00.json.gz,
2024-11-17T12:00:00+00:00,12,True,certified_v2_raw_archive,cache,240,data/raw/ecmwf_final_v85/2024/11/ecmwf_ifs_20241117_12.json.gz,
2024-11-18T00:00:00+00:00,0,True,certified_v2_raw_archive,cache,240,data/raw/ecmwf_final_v85/2024/11/ecmwf_ifs_20241118_00.json.gz,
2024-11-18T12:00:00+00:00,12,True,certified_v2_raw_archive,cache,240,data/raw/ecmwf_final_v85/2024/11/ecmwf_ifs_20241118_12.json.gz,
2024-11-19T00:00:00+00:00,0,True,certified_v2_raw_archive,cache,240,data/raw/ecmwf_final_v85/2024/11/ecmwf_ifs_20241119_00.json.gz,
2024-11-19T12:00:00+00:00,12,True,certified_v2_raw_archive,cache,240,data/raw/ecmwf_final_v85/2024/11/ecmwf_ifs_20241119_12.json.gz,
2024-11-20T00:00:00+00:00,0,True,certified_v2_raw_archive,cache,240,data/raw/ecmwf_final_v85/2024/11/ecmwf_ifs_20241120_00.json.gz,
2024-11-20T12:00:00+00:00,12,True,certified_v2_raw_archive,cache,240,data/raw/ecmwf_final_v85/2024/11/ecmwf_ifs_20241120_12.json.gz,
2024-11-21T00:00:00+00:00,0,True,certified_v2_raw_archive,cache,240,data/raw/ecmwf_final_v85/2024/11/ecmwf_ifs_20241121_00.json.gz,
2024-11-21T12:00:00+00:00,12,True,certified_v2_raw_archive,cache,240,data/raw/ecmwf_final_v85/2024/11/ecmwf_ifs_20241121_12.json.gz,
2024-11-22T00:00:00+00:00,0,True,certified_v2_raw_archive,cache,240,data/raw/ecmwf_final_v85/2024/11/ecmwf_ifs_20241122_00.json.gz,
2024-11-22T12:00:00+00:00,12,True,certified_v2_raw_archive,cache,240,data/raw/ecmwf_final_v85/2024/11/ecmwf_ifs_20241122_12.json.gz,
2024-11-23T00:00:00+00:00,0,True,certified_v2_raw_archive,cache,240,data/raw/ecmwf_final_v85/2024/11/ecmwf_ifs_20241123_00.json.gz,
2024-11-23T12:00:00+00:00,12,True,certified_v2_raw_archive,cache,240,data/raw/ecmwf_final_v85/2024/11/ecmwf_ifs_20241123_12.json.gz,
2024-11-24T00:00:00+00:00,0,True,certified_v2_raw_archive,cache,240,data/raw/ecmwf_final_v85/2024/11/ecmwf_ifs_20241124_00.json.gz,
2024-11-24T12:00:00+00:00,12,True,certified_v2_raw_archive,cache,240,data/raw/ecmwf_final_v85/2024/11/ecmwf_ifs_20241124_12.json.gz,
2024-11-25T00:00:00+00:00,0,True,certified_v2_raw_archive,cache,240,data/raw/ecmwf_final_v85/2024/11/ecmwf_ifs_20241125_00.json.gz,
2024-11-25T12:00:00+00:00,12,True,certified_v2_raw_archive,cache,240,data/raw/ecmwf_final_v85/2024/11/ecmwf_ifs_20241125_12.json.gz,
2024-11-26T00:00:00+00:00,0,True,certified_v2_raw_archive,cache,240,data/raw/ecmwf_final_v85/2024/11/ecmwf_ifs_20241126_00.json.gz,
2024-11-26T12:00:00+00:00,12,True,certified_v2_raw_archive,cache,240,data/raw/ecmwf_final_v85/2024/11/ecmwf_ifs_20241126_12.json.gz,
2024-11-27T00:00:00+00:00,0,True,certified_v2_raw_archive,cache,240,data/raw/ecmwf_final_v85/2024/11/ecmwf_ifs_20241127_00.json.gz,
2024-11-27T12:00:00+00:00,12,True,certified_v2_raw_archive,cache,240,data/raw/ecmwf_final_v85/2024/11/ecmwf_ifs_20241127_12.json.gz,
2024-11-28T00:00:00+00:00,0,True,certified_v2_raw_archive,cache,240,data/raw/ecmwf_final_v85/2024/11/ecmwf_ifs_20241128_00.json.gz,
2024-11-28T12:00:00+00:00,12,True,certified_v2_raw_archive,cache,240,data/raw/ecmwf_final_v85/2024/11/ecmwf_ifs_20241128_12.json.gz,
2024-11-29T00:00:00+00:00,0,True,certified_v2_raw_archive,cache,240,data/raw/ecmwf_final_v85/2024/11/ecmwf_ifs_20241129_00.json.gz,
2024-11-29T12:00:00+00:00,12,True,certified_v2_raw_archive,cache,240,data/raw/ecmwf_final_v85/2024/11/ecmwf_ifs_20241129_12.json.gz,
2024-11-30T00:00:00+00:00,0,True,certified_v2_raw_archive,cache,240,data/raw/ecmwf_final_v85/2024/11/ecmwf_ifs_20241130_00.json.gz,
2024-11-30T12:00:00+00:00,12,True,certified_v2_raw_archive,cache,240,data/raw/ecmwf_final_v85/2024/11/ecmwf_ifs_20241130_12.json.gz,
2024-12-01T00:00:00+00:00,0,True,certified_v2_raw_archive,cache,240,data/raw/ecmwf_final_v85/2024/12/ecmwf_ifs_20241201_00.json.gz,
2024-12-01T12:00:00+00:00,12,True,certified_v2_raw_archive,cache,240,data/raw/ecmwf_final_v85/2024/12/ecmwf_ifs_20241201_12.json.gz,
2024-12-02T00:00:00+00:00,0,True,certified_v2_raw_archive,cache,240,data/raw/ecmwf_final_v85/2024/12/ecmwf_ifs_20241202_00.json.gz,
2024-12-02T12:00:00+00:00,12,True,certified_v2_raw_archive,cache,240,data/raw/ecmwf_final_v85/2024/12/ecmwf_ifs_20241202_12.json.gz,
2024-12-03T00:00:00+00:00,0,True,certified_v2_raw_archive,cache,240,data/raw/ecmwf_final_v85/2024/12/ecmwf_ifs_20241203_00.json.gz,
2024-12-03T12:00:00+00:00,12,True,certified_v2_raw_archive,cache,240,data/raw/ecmwf_final_v85/2024/12/ecmwf_ifs_20241203_12.json.gz,
2024-12-04T00:00:00+00:00,0,True,certified_v2_raw_archive,cache,240,data/raw/ecmwf_final_v85/2024/12/ecmwf_ifs_20241204_00.json.gz,
2024-12-04T12:00:00+00:00,12,True,certified_v2_raw_archive,cache,240,data/raw/ecmwf_final_v85/2024/12/ecmwf_ifs_20241204_12.json.gz,
2024-12-05T00:00:00+00:00,0,True,certified_v2_raw_archive,cache,240,data/raw/ecmwf_final_v85/2024/12/ecmwf_ifs_20241205_00.json.gz,
2024-12-05T12:00:00+00:00,12,True,certified_v2_raw_archive,cache,240,data/raw/ecmwf_final_v85/2024/12/ecmwf_ifs_20241205_12.json.gz,
2024-12-06T00:00:00+00:00,0,True,certified_v2_raw_archive,cache,240,data/raw/ecmwf_final_v85/2024/12/ecmwf_ifs_20241206_00.json.gz,
2024-12-06T12:00:00+00:00,12,True,certified_v2_raw_archive,cache,240,data/raw/ecmwf_final_v85/2024/12/ecmwf_ifs_20241206_12.json.gz,
2024-12-07T00:00:00+00:00,0,True,certified_v2_raw_archive,cache,240,data/raw/ecmwf_final_v85/2024/12/ecmwf_ifs_20241207_00.json.gz,
2024-12-07T12:00:00+00:00,12,False,historical_not_in_certified_inventory,not_requested,0,,run_not_in_certified_v2_inventory
2024-12-07T18:00:00+00:00,18,True,certified_v2_raw_archive,cache,240,data/raw/ecmwf_final_v85/2024/12/ecmwf_ifs_20241207_18.json.gz,
2024-12-08T00:00:00+00:00,0,True,certified_v2_raw_archive,cache,240,data/raw/ecmwf_final_v85/2024/12/ecmwf_ifs_20241208_00.json.gz,
2024-12-08T12:00:00+00:00,12,True,certified_v2_raw_archive,cache,240,data/raw/ecmwf_final_v85/2024/12/ecmwf_ifs_20241208_12.json.gz,
2024-12-09T00:00:00+00:00,0,True,certified_v2_raw_archive,cache,240,data/raw/ecmwf_final_v85/2024/12/ecmwf_ifs_20241209_00.json.gz,
2024-12-09T12:00:00+00:00,12,False,historical_not_in_certified_inventory,not_requested,0,,run_not_in_certified_v2_inventory
2024-12-09T18:00:00+00:00,18,False,historical_not_in_certified_inventory,not_requested,0,,run_not_in_certified_v2_inventory
2024-12-10T00:00:00+00:00,0,True,certified_v2_raw_archive,cache,240,data/raw/ecmwf_final_v85/2024/12/ecmwf_ifs_20241210_00.json.gz,
2024-12-10T12:00:00+00:00,12,True,certified_v2_raw_archive,cache,240,data/raw/ecmwf_final_v85/2024/12/ecmwf_ifs_20241210_12.json.gz,
2024-12-11T00:00:00+00:00,0,False,historical_not_in_certified_inventory,not_requested,0,,run_not_in_certified_v2_inventory
2024-12-10T18:00:00+00:00,18,False,historical_not_in_certified_inventory,not_requested,0,,run_not_in_certified_v2_inventory
2024-12-11T06:00:00+00:00,6,False,historical_not_in_certified_inventory,not_requested,0,,run_not_in_certified_v2_inventory
2024-12-11T12:00:00+00:00,12,False,historical_not_in_certified_inventory,not_requested,0,,run_not_in_certified_v2_inventory
2024-12-11T18:00:00+00:00,18,True,certified_v2_raw_archive,cache,240,data/raw/ecmwf_final_v85/2024/12/ecmwf_ifs_20241211_18.json.gz,
2024-12-12T00:00:00+00:00,0,False,historical_not_in_certified_inventory,not_requested,0,,run_not_in_certified_v2_inventory
2024-12-12T06:00:00+00:00,6,True,certified_v2_raw_archive,cache,240,data/raw/ecmwf_final_v85/2024/12/ecmwf_ifs_20241212_06.json.gz,
2024-12-12T12:00:00+00:00,12,False,historical_not_in_certified_inventory,not_requested,0,,run_not_in_certified_v2_inventory
2024-12-12T18:00:00+00:00,18,True,certified_v2_raw_archive,cache,240,data/raw/ecmwf_final_v85/2024/12/ecmwf_ifs_20241212_18.json.gz,
2024-12-13T00:00:00+00:00,0,True,certified_v2_raw_archive,cache,240,data/raw/ecmwf_final_v85/2024/12/ecmwf_ifs_20241213_00.json.gz,
2024-12-13T12:00:00+00:00,12,True,certified_v2_raw_archive,cache,240,data/raw/ecmwf_final_v85/2024/12/ecmwf_ifs_20241213_12.json.gz,
2024-12-14T00:00:00+00:00,0,False,historical_not_in_certified_inventory,not_requested,0,,run_not_in_certified_v2_inventory
2024-12-13T18:00:00+00:00,18,False,historical_not_in_certified_inventory,not_requested,0,,run_not_in_certified_v2_inventory
2024-12-14T06:00:00+00:00,6,True,certified_v2_raw_archive,cache,240,data/raw/ecmwf_final_v85/2024/12/ecmwf_ifs_20241214_06.json.gz,
2024-12-14T12:00:00+00:00,12,False,historical_not_in_certified_inventory,not_requested,0,,run_not_in_certified_v2_inventory
2024-12-14T18:00:00+00:00,18,False,historical_not_in_certified_inventory,not_requested,0,,run_not_in_certified_v2_inventory
2024-12-15T00:00:00+00:00,0,False,historical_not_in_certified_inventory,not_requested,0,,run_not_in_certified_v2_inventory
2024-12-15T06:00:00+00:00,6,False,historical_not_in_certified_inventory,not_requested,0,,run_not_in_certified_v2_inventory
2024-12-15T12:00:00+00:00,12,False,historical_not_in_certified_inventory,not_requested,0,,run_not_in_certified_v2_inventory
2024-12-15T18:00:00+00:00,18,True,certified_v2_raw_archive,cache,240,data/raw/ecmwf_final_v85/2024/12/ecmwf_ifs_20241215_18.json.gz,
2024-12-16T00:00:00+00:00,0,False,historical_not_in_certified_inventory,not_requested,0,,run_not_in_certified_v2_inventory
2024-12-16T06:00:00+00:00,6,False,historical_not_in_certified_inventory,not_requested,0,,run_not_in_certified_v2_inventory
2024-12-16T12:00:00+00:00,12,False,historical_not_in_certified_inventory,not_requested,0,,run_not_in_certified_v2_inventory
2024-12-16T18:00:00+00:00,18,False,historical_not_in_certified_inventory,not_requested,0,,run_not_in_certified_v2_inventory
2024-12-17T00:00:00+00:00,0,False,historical_not_in_certified_inventory,not_requested,0,,run_not_in_certified_v2_inventory
2024-12-17T06:00:00+00:00,6,False,historical_not_in_certified_inventory,not_requested,0,,run_not_in_certified_v2_inventory
2024-12-17T12:00:00+00:00,12,False,historical_not_in_certified_inventory,not_requested,0,,run_not_in_certified_v2_inventory
2024-12-17T18:00:00+00:00,18,True,certified_v2_raw_archive,cache,240,data/raw/ecmwf_final_v85/2024/12/ecmwf_ifs_20241217_18.json.gz,
2024-12-18T00:00:00+00:00,0,False,historical_not_in_certified_inventory,not_requested,0,,run_not_in_certified_v2_inventory
2024-12-18T06:00:00+00:00,6,False,historical_not_in_certified_inventory,not_requested,0,,run_not_in_certified_v2_inventory
2024-12-18T12:00:00+00:00,12,True,certified_v2_raw_archive,cache,240,data/raw/ecmwf_final_v85/2024/12/ecmwf_ifs_20241218_12.json.gz,
2024-12-19T00:00:00+00:00,0,False,historical_not_in_certified_inventory,not_requested,0,,run_not_in_certified_v2_inventory
2024-12-18T18:00:00+00:00,18,False,historical_not_in_certified_inventory,not_requested,0,,run_not_in_certified_v2_inventory
2024-12-19T06:00:00+00:00,6,True,certified_v2_raw_archive,cache,240,data/raw/ecmwf_final_v85/2024/12/ecmwf_ifs_20241219_06.json.gz,
2024-12-19T12:00:00+00:00,12,True,certified_v2_raw_archive,cache,240,data/raw/ecmwf_final_v85/2024/12/ecmwf_ifs_20241219_12.json.gz,
2024-12-20T00:00:00+00:00,0,False,historical_not_in_certified_inventory,not_requested,0,,run_not_in_certified_v2_inventory
2024-12-19T18:00:00+00:00,18,False,historical_not_in_certified_inventory,not_requested,0,,run_not_in_certified_v2_inventory
2024-12-20T06:00:00+00:00,6,False,historical_not_in_certified_inventory,not_requested,0,,run_not_in_certified_v2_inventory
2024-12-20T12:00:00+00:00,12,False,historical_not_in_certified_inventory,not_requested,0,,run_not_in_certified_v2_inventory
2024-12-20T18:00:00+00:00,18,False,historical_not_in_certified_inventory,not_requested,0,,run_not_in_certified_v2_inventory
2024-12-21T00:00:00+00:00,0,False,historical_not_in_certified_inventory,not_requested,0,,run_not_in_certified_v2_inventory
2024-12-21T06:00:00+00:00,6,False,historical_not_in_certified_inventory,not_requested,0,,run_not_in_certified_v2_inventory
2024-12-21T12:00:00+00:00,12,False,historical_not_in_certified_inventory,not_requested,0,,run_not_in_certified_v2_inventory
2024-12-21T18:00:00+00:00,18,False,historical_not_in_certified_inventory,not_requested,0,,run_not_in_certified_v2_inventory
2024-12-22T00:00:00+00:00,0,True,certified_v2_raw_archive,cache,240,data/raw/ecmwf_final_v85/2024/12/ecmwf_ifs_20241222_00.json.gz,
2024-12-22T12:00:00+00:00,12,False,historical_not_in_certified_inventory,not_requested,0,,run_not_in_certified_v2_inventory
2024-12-22T18:00:00+00:00,18,False,historical_not_in_certified_inventory,not_requested,0,,run_not_in_certified_v2_inventory
2024-12-23T00:00:00+00:00,0,False,historical_not_in_certified_inventory,not_requested,0,,run_not_in_certified_v2_inventory
2024-12-23T06:00:00+00:00,6,False,historical_not_in_certified_inventory,not_requested,0,,run_not_in_certified_v2_inventory
2024-12-23T12:00:00+00:00,12,False,historical_not_in_certified_inventory,not_requested,0,,run_not_in_certified_v2_inventory
2024-12-23T18:00:00+00:00,18,False,historical_not_in_certified_inventory,not_requested,0,,run_not_in_certified_v2_inventory
2024-12-24T00:00:00+00:00,0,False,historical_not_in_certified_inventory,not_requested,0,,run_not_in_certified_v2_inventory
2024-12-24T06:00:00+00:00,6,False,historical_not_in_certified_inventory,not_requested,0,,run_not_in_certified_v2_inventory
2024-12-24T12:00:00+00:00,12,True,certified_v2_raw_archive,cache,240,data/raw/ecmwf_final_v85/2024/12/ecmwf_ifs_20241224_12.json.gz,
2024-12-25T00:00:00+00:00,0,False,historical_not_in_certified_inventory,not_requested,0,,run_not_in_certified_v2_inventory
2024-12-24T18:00:00+00:00,18,True,certified_v2_raw_archive,cache,240,data/raw/ecmwf_final_v85/2024/12/ecmwf_ifs_20241224_18.json.gz,
2024-12-25T06:00:00+00:00,6,False,historical_not_in_certified_inventory,not_requested,0,,run_not_in_certified_v2_inventory
2024-12-25T12:00:00+00:00,12,False,historical_not_in_certified_inventory,not_requested,0,,run_not_in_certified_v2_inventory
2024-12-25T18:00:00+00:00,18,False,historical_not_in_certified_inventory,not_requested,0,,run_not_in_certified_v2_inventory
2024-12-26T00:00:00+00:00,0,False,historical_not_in_certified_inventory,not_requested,0,,run_not_in_certified_v2_inventory
2024-12-26T06:00:00+00:00,6,False,historical_not_in_certified_inventory,not_requested,0,,run_not_in_certified_v2_inventory
2024-12-26T12:00:00+00:00,12,False,historical_not_in_certified_inventory,not_requested,0,,run_not_in_certified_v2_inventory
2024-12-26T18:00:00+00:00,18,True,certified_v2_raw_archive,cache,240,data/raw/ecmwf_final_v85/2024/12/ecmwf_ifs_20241226_18.json.gz,
2024-12-27T00:00:00+00:00,0,False,historical_not_in_certified_inventory,not_requested,0,,run_not_in_certified_v2_inventory
2024-12-27T06:00:00+00:00,6,True,certified_v2_raw_archive,cache,240,data/raw/ecmwf_final_v85/2024/12/ecmwf_ifs_20241227_06.json.gz,
2024-12-27T12:00:00+00:00,12,True,certified_v2_raw_archive,cache,240,data/raw/ecmwf_final_v85/2024/12/ecmwf_ifs_20241227_12.json.gz,
2024-12-28T00:00:00+00:00,0,False,historical_not_in_certified_inventory,not_requested,0,,run_not_in_certified_v2_inventory
2024-12-27T18:00:00+00:00,18,True,certified_v2_raw_archive,cache,240,data/raw/ecmwf_final_v85/2024/12/ecmwf_ifs_20241227_18.json.gz,
2024-12-28T06:00:00+00:00,6,False,historical_not_in_certified_inventory,not_requested,0,,run_not_in_certified_v2_inventory
2024-12-28T12:00:00+00:00,12,False,historical_not_in_certified_inventory,not_requested,0,,run_not_in_certified_v2_inventory
2024-12-28T18:00:00+00:00,18,True,certified_v2_raw_archive,cache,240,data/raw/ecmwf_final_v85/2024/12/ecmwf_ifs_20241228_18.json.gz,
2024-12-29T00:00:00+00:00,0,True,certified_v2_raw_archive,cache,240,data/raw/ecmwf_final_v85/2024/12/ecmwf_ifs_20241229_00.json.gz,
2024-12-29T12:00:00+00:00,12,False,historical_not_in_certified_inventory,not_requested,0,,run_not_in_certified_v2_inventory
2024-12-29T18:00:00+00:00,18,True,certified_v2_raw_archive,cache,240,data/raw/ecmwf_final_v85/2024/12/ecmwf_ifs_20241229_18.json.gz,
2024-12-30T00:00:00+00:00,0,False,historical_not_in_certified_inventory,not_requested,0,,run_not_in_certified_v2_inventory
2024-12-30T06:00:00+00:00,6,False,historical_not_in_certified_inventory,not_requested,0,,run_not_in_certified_v2_inventory
2024-12-30T12:00:00+00:00,12,True,certified_v2_raw_archive,cache,240,data/raw/ecmwf_final_v85/2024/12/ecmwf_ifs_20241230_12.json.gz,
2024-12-31T00:00:00+00:00,0,False,historical_not_in_certified_inventory,not_requested,0,,run_not_in_certified_v2_inventory
2024-12-30T18:00:00+00:00,18,False,historical_not_in_certified_inventory,not_requested,0,,run_not_in_certified_v2_inventory
2024-12-31T06:00:00+00:00,6,True,certified_v2_raw_archive,cache,240,data/raw/ecmwf_final_v85/2024/12/ecmwf_ifs_20241231_06.json.gz,
2024-12-31T12:00:00+00:00,12,True,certified_v2_raw_archive,cache,240,data/raw/ecmwf_final_v85/2024/12/ecmwf_ifs_20241231_12.json.gz,
2025-01-01T00:00:00+00:00,0,True,certified_v2_raw_archive,cache,240,data/raw/ecmwf_final_v85/2025/01/ecmwf_ifs_20250101_00.json.gz,
2025-01-01T12:00:00+00:00,12,True,certified_v2_raw_archive,cache,240,data/raw/ecmwf_final_v85/2025/01/ecmwf_ifs_20250101_12.json.gz,
2025-01-02T00:00:00+00:00,0,True,certified_v2_raw_archive,cache,240,data/raw/ecmwf_final_v85/2025/01/ecmwf_ifs_20250102_00.json.gz,
2025-01-02T12:00:00+00:00,12,True,certified_v2_raw_archive,cache,240,data/raw/ecmwf_final_v85/2025/01/ecmwf_ifs_20250102_12.json.gz,
2025-01-03T00:00:00+00:00,0,True,certified_v2_raw_archive,cache,240,data/raw/ecmwf_final_v85/2025/01/ecmwf_ifs_20250103_00.json.gz,
2025-01-03T12:00:00+00:00,12,True,certified_v2_raw_archive,cache,240,data/raw/ecmwf_final_v85/2025/01/ecmwf_ifs_20250103_12.json.gz,
2025-01-04T00:00:00+00:00,0,True,certified_v2_raw_archive,cache,240,data/raw/ecmwf_final_v85/2025/01/ecmwf_ifs_20250104_00.json.gz,
2025-01-04T12:00:00+00:00,12,True,certified_v2_raw_archive,cache,240,data/raw/ecmwf_final_v85/2025/01/ecmwf_ifs_20250104_12.json.gz,
2025-01-05T00:00:00+00:00,0,True,certified_v2_raw_archive,cache,240,data/raw/ecmwf_final_v85/2025/01/ecmwf_ifs_20250105_00.json.gz,
2025-01-05T12:00:00+00:00,12,True,certified_v2_raw_archive,cache,240,data/raw/ecmwf_final_v85/2025/01/ecmwf_ifs_20250105_12.json.gz,
2025-01-06T00:00:00+00:00,0,True,certified_v2_raw_archive,cache,240,data/raw/ecmwf_final_v85/2025/01/ecmwf_ifs_20250106_00.json.gz,
2025-01-06T12:00:00+00:00,12,True,certified_v2_raw_archive,cache,240,data/raw/ecmwf_final_v85/2025/01/ecmwf_ifs_20250106_12.json.gz,
2025-01-07T00:00:00+00:00,0,True,certified_v2_raw_archive,cache,240,data/raw/ecmwf_final_v85/2025/01/ecmwf_ifs_20250107_00.json.gz,
2025-01-07T12:00:00+00:00,12,True,certified_v2_raw_archive,cache,240,data/raw/ecmwf_final_v85/2025/01/ecmwf_ifs_20250107_12.json.gz,
2025-01-08T00:00:00+00:00,0,True,certified_v2_raw_archive,cache,240,data/raw/ecmwf_final_v85/2025/01/ecmwf_ifs_20250108_00.json.gz,
2025-01-08T12:00:00+00:00,12,True,certified_v2_raw_archive,cache,240,data/raw/ecmwf_final_v85/2025/01/ecmwf_ifs_20250108_12.json.gz,
2025-01-09T00:00:00+00:00,0,True,certified_v2_raw_archive,cache,240,data/raw/ecmwf_final_v85/2025/01/ecmwf_ifs_20250109_00.json.gz,
2025-01-09T12:00:00+00:00,12,True,certified_v2_raw_archive,cache,240,data/raw/ecmwf_final_v85/2025/01/ecmwf_ifs_20250109_12.json.gz,
2025-01-10T00:00:00+00:00,0,True,certified_v2_raw_archive,cache,240,data/raw/ecmwf_final_v85/2025/01/ecmwf_ifs_20250110_00.json.gz,
2025-01-10T12:00:00+00:00,12,True,certified_v2_raw_archive,cache,240,data/raw/ecmwf_final_v85/2025/01/ecmwf_ifs_20250110_12.json.gz,
2025-01-11T00:00:00+00:00,0,True,certified_v2_raw_archive,cache,240,data/raw/ecmwf_final_v85/2025/01/ecmwf_ifs_20250111_00.json.gz,
2025-01-11T12:00:00+00:00,12,True,certified_v2_raw_archive,cache,240,data/raw/ecmwf_final_v85/2025/01/ecmwf_ifs_20250111_12.json.gz,
2025-01-12T00:00:00+00:00,0,True,certified_v2_raw_archive,cache,240,data/raw/ecmwf_final_v85/2025/01/ecmwf_ifs_20250112_00.json.gz,
2025-01-12T12:00:00+00:00,12,True,certified_v2_raw_archive,cache,240,data/raw/ecmwf_final_v85/2025/01/ecmwf_ifs_20250112_12.json.gz,
2025-01-13T00:00:00+00:00,0,True,certified_v2_raw_archive,cache,240,data/raw/ecmwf_final_v85/2025/01/ecmwf_ifs_20250113_00.json.gz,
2025-01-13T12:00:00+00:00,12,True,certified_v2_raw_archive,cache,240,data/raw/ecmwf_final_v85/2025/01/ecmwf_ifs_20250113_12.json.gz,
2025-01-14T00:00:00+00:00,0,True,certified_v2_raw_archive,cache,240,data/raw/ecmwf_final_v85/2025/01/ecmwf_ifs_20250114_00.json.gz,
2025-01-14T12:00:00+00:00,12,True,certified_v2_raw_archive,cache,240,data/raw/ecmwf_final_v85/2025/01/ecmwf_ifs_20250114_12.json.gz,
2025-01-15T00:00:00+00:00,0,True,certified_v2_raw_archive,cache,240,data/raw/ecmwf_final_v85/2025/01/ecmwf_ifs_20250115_00.json.gz,
2025-01-15T12:00:00+00:00,12,True,certified_v2_raw_archive,cache,240,data/raw/ecmwf_final_v85/2025/01/ecmwf_ifs_20250115_12.json.gz,
2025-01-16T00:00:00+00:00,0,True,certified_v2_raw_archive,cache,240,data/raw/ecmwf_final_v85/2025/01/ecmwf_ifs_20250116_00.json.gz,
2025-01-16T12:00:00+00:00,12,True,certified_v2_raw_archive,cache,240,data/raw/ecmwf_final_v85/2025/01/ecmwf_ifs_20250116_12.json.gz,
2025-01-17T00:00:00+00:00,0,True,certified_v2_raw_archive,cache,240,data/raw/ecmwf_final_v85/2025/01/ecmwf_ifs_20250117_00.json.gz,
2025-01-17T12:00:00+00:00,12,True,certified_v2_raw_archive,cache,240,data/raw/ecmwf_final_v85/2025/01/ecmwf_ifs_20250117_12.json.gz,
2025-01-18T00:00:00+00:00,0,True,certified_v2_raw_archive,cache,240,data/raw/ecmwf_final_v85/2025/01/ecmwf_ifs_20250118_00.json.gz,
2025-01-18T12:00:00+00:00,12,True,certified_v2_raw_archive,cache,240,data/raw/ecmwf_final_v85/2025/01/ecmwf_ifs_20250118_12.json.gz,
2025-01-19T00:00:00+00:00,0,True,certified_v2_raw_archive,cache,240,data/raw/ecmwf_final_v85/2025/01/ecmwf_ifs_20250119_00.json.gz,
2025-01-19T12:00:00+00:00,12,True,certified_v2_raw_archive,cache,240,data/raw/ecmwf_final_v85/2025/01/ecmwf_ifs_20250119_12.json.gz,
2025-01-20T00:00:00+00:00,0,True,certified_v2_raw_archive,cache,240,data/raw/ecmwf_final_v85/2025/01/ecmwf_ifs_20250120_00.json.gz,
2025-01-20T12:00:00+00:00,12,True,certified_v2_raw_archive,cache,240,data/raw/ecmwf_final_v85/2025/01/ecmwf_ifs_20250120_12.json.gz,
2025-01-21T00:00:00+00:00,0,True,certified_v2_raw_archive,cache,240,data/raw/ecmwf_final_v85/2025/01/ecmwf_ifs_20250121_00.json.gz,
2025-01-21T12:00:00+00:00,12,True,certified_v2_raw_archive,cache,240,data/raw/ecmwf_final_v85/2025/01/ecmwf_ifs_20250121_12.json.gz,
2025-01-22T00:00:00+00:00,0,True,certified_v2_raw_archive,cache,240,data/raw/ecmwf_final_v85/2025/01/ecmwf_ifs_20250122_00.json.gz,
2025-01-22T12:00:00+00:00,12,True,certified_v2_raw_archive,cache,240,data/raw/ecmwf_final_v85/2025/01/ecmwf_ifs_20250122_12.json.gz,
2025-01-23T00:00:00+00:00,0,True,certified_v2_raw_archive,cache,240,data/raw/ecmwf_final_v85/2025/01/ecmwf_ifs_20250123_00.json.gz,
2025-01-23T12:00:00+00:00,12,True,certified_v2_raw_archive,cache,240,data/raw/ecmwf_final_v85/2025/01/ecmwf_ifs_20250123_12.json.gz,
2025-01-24T00:00:00+00:00,0,True,certified_v2_raw_archive,cache,240,data/raw/ecmwf_final_v85/2025/01/ecmwf_ifs_20250124_00.json.gz,
2025-01-24T12:00:00+00:00,12,True,certified_v2_raw_archive,cache,240,data/raw/ecmwf_final_v85/2025/01/ecmwf_ifs_20250124_12.json.gz,
2025-01-25T00:00:00+00:00,0,True,certified_v2_raw_archive,cache,240,data/raw/ecmwf_final_v85/2025/01/ecmwf_ifs_20250125_00.json.gz,
2025-01-25T12:00:00+00:00,12,True,certified_v2_raw_archive,cache,240,data/raw/ecmwf_final_v85/2025/01/ecmwf_ifs_20250125_12.json.gz,
2025-01-26T00:00:00+00:00,0,True,certified_v2_raw_archive,cache,240,data/raw/ecmwf_final_v85/2025/01/ecmwf_ifs_20250126_00.json.gz,
2025-01-26T12:00:00+00:00,12,True,certified_v2_raw_archive,cache,240,data/raw/ecmwf_final_v85/2025/01/ecmwf_ifs_20250126_12.json.gz,
2025-01-27T00:00:00+00:00,0,True,certified_v2_raw_archive,cache,240,data/raw/ecmwf_final_v85/2025/01/ecmwf_ifs_20250127_00.json.gz,
2025-01-27T12:00:00+00:00,12,True,certified_v2_raw_archive,cache,240,data/raw/ecmwf_final_v85/2025/01/ecmwf_ifs_20250127_12.json.gz,
2025-01-28T00:00:00+00:00,0,True,certified_v2_raw_archive,cache,240,data/raw/ecmwf_final_v85/2025/01/ecmwf_ifs_20250128_00.json.gz,
2025-01-28T12:00:00+00:00,12,True,certified_v2_raw_archive,cache,240,data/raw/ecmwf_final_v85/2025/01/ecmwf_ifs_20250128_12.json.gz,
2025-01-29T00:00:00+00:00,0,True,certified_v2_raw_archive,cache,240,data/raw/ecmwf_final_v85/2025/01/ecmwf_ifs_20250129_00.json.gz,
2025-01-29T12:00:00+00:00,12,True,certified_v2_raw_archive,cache,240,data/raw/ecmwf_final_v85/2025/01/ecmwf_ifs_20250129_12.json.gz,
2025-01-30T00:00:00+00:00,0,True,certified_v2_raw_archive,cache,240,data/raw/ecmwf_final_v85/2025/01/ecmwf_ifs_20250130_00.json.gz,
2025-01-30T12:00:00+00:00,12,True,certified_v2_raw_archive,cache,240,data/raw/ecmwf_final_v85/2025/01/ecmwf_ifs_20250130_12.json.gz,
2025-01-31T00:00:00+00:00,0,True,certified_v2_raw_archive,cache,240,data/raw/ecmwf_final_v85/2025/01/ecmwf_ifs_20250131_00.json.gz,
2025-01-31T12:00:00+00:00,12,True,certified_v2_raw_archive,cache,240,data/raw/ecmwf_final_v85/2025/01/ecmwf_ifs_20250131_12.json.gz,
2025-02-01T00:00:00+00:00,0,True,certified_v2_raw_archive,cache,240,data/raw/ecmwf_final_v85/2025/02/ecmwf_ifs_20250201_00.json.gz,
2025-02-01T12:00:00+00:00,12,True,certified_v2_raw_archive,cache,240,data/raw/ecmwf_final_v85/2025/02/ecmwf_ifs_20250201_12.json.gz,
2025-02-02T00:00:00+00:00,0,True,certified_v2_raw_archive,cache,240,data/raw/ecmwf_final_v85/2025/02/ecmwf_ifs_20250202_00.json.gz,
2025-02-02T12:00:00+00:00,12,True,certified_v2_raw_archive,cache,240,data/raw/ecmwf_final_v85/2025/02/ecmwf_ifs_20250202_12.json.gz,
2025-02-03T00:00:00+00:00,0,True,certified_v2_raw_archive,cache,240,data/raw/ecmwf_final_v85/2025/02/ecmwf_ifs_20250203_00.json.gz,
2025-02-03T12:00:00+00:00,12,True,certified_v2_raw_archive,cache,240,data/raw/ecmwf_final_v85/2025/02/ecmwf_ifs_20250203_12.json.gz,
2025-02-04T00:00:00+00:00,0,True,certified_v2_raw_archive,cache,240,data/raw/ecmwf_final_v85/2025/02/ecmwf_ifs_20250204_00.json.gz,
2025-02-04T12:00:00+00:00,12,True,certified_v2_raw_archive,cache,240,data/raw/ecmwf_final_v85/2025/02/ecmwf_ifs_20250204_12.json.gz,
2025-02-05T00:00:00+00:00,0,True,certified_v2_raw_archive,cache,240,data/raw/ecmwf_final_v85/2025/02/ecmwf_ifs_20250205_00.json.gz,
2025-02-05T12:00:00+00:00,12,True,certified_v2_raw_archive,cache,240,data/raw/ecmwf_final_v85/2025/02/ecmwf_ifs_20250205_12.json.gz,
2025-02-06T00:00:00+00:00,0,True,certified_v2_raw_archive,cache,240,data/raw/ecmwf_final_v85/2025/02/ecmwf_ifs_20250206_00.json.gz,
2025-02-06T12:00:00+00:00,12,True,certified_v2_raw_archive,cache,240,data/raw/ecmwf_final_v85/2025/02/ecmwf_ifs_20250206_12.json.gz,
2025-02-07T00:00:00+00:00,0,True,certified_v2_raw_archive,cache,240,data/raw/ecmwf_final_v85/2025/02/ecmwf_ifs_20250207_00.json.gz,
2025-02-07T12:00:00+00:00,12,True,certified_v2_raw_archive,cache,240,data/raw/ecmwf_final_v85/2025/02/ecmwf_ifs_20250207_12.json.gz,
2025-02-08T00:00:00+00:00,0,True,certified_v2_raw_archive,cache,240,data/raw/ecmwf_final_v85/2025/02/ecmwf_ifs_20250208_00.json.gz,
2025-02-08T12:00:00+00:00,12,True,certified_v2_raw_archive,cache,240,data/raw/ecmwf_final_v85/2025/02/ecmwf_ifs_20250208_12.json.gz,
2025-02-09T00:00:00+00:00,0,True,certified_v2_raw_archive,cache,240,data/raw/ecmwf_final_v85/2025/02/ecmwf_ifs_20250209_00.json.gz,
2025-02-09T12:00:00+00:00,12,True,certified_v2_raw_archive,cache,240,data/raw/ecmwf_final_v85/2025/02/ecmwf_ifs_20250209_12.json.gz,
2025-02-10T00:00:00+00:00,0,True,certified_v2_raw_archive,cache,240,data/raw/ecmwf_final_v85/2025/02/ecmwf_ifs_20250210_00.json.gz,
2025-02-10T12:00:00+00:00,12,True,certified_v2_raw_archive,cache,240,data/raw/ecmwf_final_v85/2025/02/ecmwf_ifs_20250210_12.json.gz,
2025-02-11T00:00:00+00:00,0,True,certified_v2_raw_archive,cache,240,data/raw/ecmwf_final_v85/2025/02/ecmwf_ifs_20250211_00.json.gz,
2025-02-11T12:00:00+00:00,12,True,certified_v2_raw_archive,cache,240,data/raw/ecmwf_final_v85/2025/02/ecmwf_ifs_20250211_12.json.gz,
2025-02-12T00:00:00+00:00,0,True,certified_v2_raw_archive,cache,240,data/raw/ecmwf_final_v85/2025/02/ecmwf_ifs_20250212_00.json.gz,
2025-02-12T12:00:00+00:00,12,True,certified_v2_raw_archive,cache,240,data/raw/ecmwf_final_v85/2025/02/ecmwf_ifs_20250212_12.json.gz,
2025-02-13T00:00:00+00:00,0,True,certified_v2_raw_archive,cache,240,data/raw/ecmwf_final_v85/2025/02/ecmwf_ifs_20250213_00.json.gz,
2025-02-13T12:00:00+00:00,12,True,certified_v2_raw_archive,cache,240,data/raw/ecmwf_final_v85/2025/02/ecmwf_ifs_20250213_12.json.gz,
2025-02-14T00:00:00+00:00,0,True,certified_v2_raw_archive,cache,240,data/raw/ecmwf_final_v85/2025/02/ecmwf_ifs_20250214_00.json.gz,
2025-02-14T12:00:00+00:00,12,True,certified_v2_raw_archive,cache,240,data/raw/ecmwf_final_v85/2025/02/ecmwf_ifs_20250214_12.json.gz,
2025-02-15T00:00:00+00:00,0,True,certified_v2_raw_archive,cache,240,data/raw/ecmwf_final_v85/2025/02/ecmwf_ifs_20250215_00.json.gz,
2025-02-15T12:00:00+00:00,12,True,certified_v2_raw_archive,cache,240,data/raw/ecmwf_final_v85/2025/02/ecmwf_ifs_20250215_12.json.gz,
2025-02-16T00:00:00+00:00,0,True,certified_v2_raw_archive,cache,240,data/raw/ecmwf_final_v85/2025/02/ecmwf_ifs_20250216_00.json.gz,
2025-02-16T12:00:00+00:00,12,True,certified_v2_raw_archive,cache,240,data/raw/ecmwf_final_v85/2025/02/ecmwf_ifs_20250216_12.json.gz,
2025-02-17T00:00:00+00:00,0,True,certified_v2_raw_archive,cache,240,data/raw/ecmwf_final_v85/2025/02/ecmwf_ifs_20250217_00.json.gz,
2025-02-17T12:00:00+00:00,12,True,certified_v2_raw_archive,cache,240,data/raw/ecmwf_final_v85/2025/02/ecmwf_ifs_20250217_12.json.gz,
2025-02-18T00:00:00+00:00,0,True,certified_v2_raw_archive,cache,240,data/raw/ecmwf_final_v85/2025/02/ecmwf_ifs_20250218_00.json.gz,
2025-02-18T12:00:00+00:00,12,True,certified_v2_raw_archive,cache,240,data/raw/ecmwf_final_v85/2025/02/ecmwf_ifs_20250218_12.json.gz,
2025-02-19T00:00:00+00:00,0,True,certified_v2_raw_archive,cache,240,data/raw/ecmwf_final_v85/2025/02/ecmwf_ifs_20250219_00.json.gz,
2025-02-19T12:00:00+00:00,12,True,certified_v2_raw_archive,cache,240,data/raw/ecmwf_final_v85/2025/02/ecmwf_ifs_20250219_12.json.gz,
2025-02-20T00:00:00+00:00,0,True,certified_v2_raw_archive,cache,240,data/raw/ecmwf_final_v85/2025/02/ecmwf_ifs_20250220_00.json.gz,
2025-02-20T12:00:00+00:00,12,True,certified_v2_raw_archive,cache,240,data/raw/ecmwf_final_v85/2025/02/ecmwf_ifs_20250220_12.json.gz,
2025-02-21T00:00:00+00:00,0,True,certified_v2_raw_archive,cache,240,data/raw/ecmwf_final_v85/2025/02/ecmwf_ifs_20250221_00.json.gz,
2025-02-21T12:00:00+00:00,12,True,certified_v2_raw_archive,cache,240,data/raw/ecmwf_final_v85/2025/02/ecmwf_ifs_20250221_12.json.gz,
2025-02-22T00:00:00+00:00,0,True,certified_v2_raw_archive,cache,240,data/raw/ecmwf_final_v85/2025/02/ecmwf_ifs_20250222_00.json.gz,
2025-02-22T12:00:00+00:00,12,True,certified_v2_raw_archive,cache,240,data/raw/ecmwf_final_v85/2025/02/ecmwf_ifs_20250222_12.json.gz,
2025-02-23T00:00:00+00:00,0,True,certified_v2_raw_archive,cache,240,data/raw/ecmwf_final_v85/2025/02/ecmwf_ifs_20250223_00.json.gz,
2025-02-23T12:00:00+00:00,12,True,certified_v2_raw_archive,cache,240,data/raw/ecmwf_final_v85/2025/02/ecmwf_ifs_20250223_12.json.gz,
2025-02-24T00:00:00+00:00,0,True,certified_v2_raw_archive,cache,240,data/raw/ecmwf_final_v85/2025/02/ecmwf_ifs_20250224_00.json.gz,
2025-02-24T12:00:00+00:00,12,True,certified_v2_raw_archive,cache,240,data/raw/ecmwf_final_v85/2025/02/ecmwf_ifs_20250224_12.json.gz,
2025-02-25T00:00:00+00:00,0,True,certified_v2_raw_archive,cache,240,data/raw/ecmwf_final_v85/2025/02/ecmwf_ifs_20250225_00.json.gz,
2025-02-25T12:00:00+00:00,12,True,certified_v2_raw_archive,cache,240,data/raw/ecmwf_final_v85/2025/02/ecmwf_ifs_20250225_12.json.gz,
2025-02-26T00:00:00+00:00,0,True,certified_v2_raw_archive,cache,240,data/raw/ecmwf_final_v85/2025/02/ecmwf_ifs_20250226_00.json.gz,
2025-02-26T12:00:00+00:00,12,True,certified_v2_raw_archive,cache,240,data/raw/ecmwf_final_v85/2025/02/ecmwf_ifs_20250226_12.json.gz,
2025-02-27T00:00:00+00:00,0,True,certified_v2_raw_archive,cache,240,data/raw/ecmwf_final_v85/2025/02/ecmwf_ifs_20250227_00.json.gz,
2025-02-27T12:00:00+00:00,12,True,certified_v2_raw_archive,cache,240,data/raw/ecmwf_final_v85/2025/02/ecmwf_ifs_20250227_12.json.gz,
2025-02-28T00:00:00+00:00,0,True,certified_v2_raw_archive,cache,240,data/raw/ecmwf_final_v85/2025/02/ecmwf_ifs_20250228_00.json.gz,
2025-02-28T12:00:00+00:00,12,True,certified_v2_raw_archive,cache,240,data/raw/ecmwf_final_v85/2025/02/ecmwf_ifs_20250228_12.json.gz,
2025-03-01T00:00:00+00:00,0,True,certified_v2_raw_archive,cache,240,data/raw/ecmwf_final_v85/2025/03/ecmwf_ifs_20250301_00.json.gz,
2025-03-01T12:00:00+00:00,12,True,certified_v2_raw_archive,cache,240,data/raw/ecmwf_final_v85/2025/03/ecmwf_ifs_20250301_12.json.gz,
2025-03-02T00:00:00+00:00,0,True,certified_v2_raw_archive,cache,240,data/raw/ecmwf_final_v85/2025/03/ecmwf_ifs_20250302_00.json.gz,
2025-03-02T12:00:00+00:00,12,True,certified_v2_raw_archive,cache,240,data/raw/ecmwf_final_v85/2025/03/ecmwf_ifs_20250302_12.json.gz,
2025-03-03T00:00:00+00:00,0,True,certified_v2_raw_archive,cache,240,data/raw/ecmwf_final_v85/2025/03/ecmwf_ifs_20250303_00.json.gz,
2025-03-03T12:00:00+00:00,12,True,certified_v2_raw_archive,cache,240,data/raw/ecmwf_final_v85/2025/03/ecmwf_ifs_20250303_12.json.gz,
2025-03-04T00:00:00+00:00,0,True,certified_v2_raw_archive,cache,240,data/raw/ecmwf_final_v85/2025/03/ecmwf_ifs_20250304_00.json.gz,
2025-03-04T12:00:00+00:00,12,True,certified_v2_raw_archive,cache,240,data/raw/ecmwf_final_v85/2025/03/ecmwf_ifs_20250304_12.json.gz,
2025-03-05T00:00:00+00:00,0,True,certified_v2_raw_archive,cache,240,data/raw/ecmwf_final_v85/2025/03/ecmwf_ifs_20250305_00.json.gz,
2025-03-05T12:00:00+00:00,12,True,certified_v2_raw_archive,cache,240,data/raw/ecmwf_final_v85/2025/03/ecmwf_ifs_20250305_12.json.gz,
2025-03-06T00:00:00+00:00,0,True,certified_v2_raw_archive,cache,240,data/raw/ecmwf_final_v85/2025/03/ecmwf_ifs_20250306_00.json.gz,
2025-03-06T12:00:00+00:00,12,True,certified_v2_raw_archive,cache,240,data/raw/ecmwf_final_v85/2025/03/ecmwf_ifs_20250306_12.json.gz,
2025-03-07T00:00:00+00:00,0,True,certified_v2_raw_archive,cache,240,data/raw/ecmwf_final_v85/2025/03/ecmwf_ifs_20250307_00.json.gz,
2025-03-07T12:00:00+00:00,12,True,certified_v2_raw_archive,cache,240,data/raw/ecmwf_final_v85/2025/03/ecmwf_ifs_20250307_12.json.gz,
2025-03-08T00:00:00+00:00,0,True,certified_v2_raw_archive,cache,240,data/raw/ecmwf_final_v85/2025/03/ecmwf_ifs_20250308_00.json.gz,
2025-03-08T12:00:00+00:00,12,True,certified_v2_raw_archive,cache,240,data/raw/ecmwf_final_v85/2025/03/ecmwf_ifs_20250308_12.json.gz,
2025-03-09T00:00:00+00:00,0,True,certified_v2_raw_archive,cache,240,data/raw/ecmwf_final_v85/2025/03/ecmwf_ifs_20250309_00.json.gz,
2025-03-09T12:00:00+00:00,12,True,certified_v2_raw_archive,cache,240,data/raw/ecmwf_final_v85/2025/03/ecmwf_ifs_20250309_12.json.gz,
2025-03-10T00:00:00+00:00,0,True,certified_v2_raw_archive,cache,240,data/raw/ecmwf_final_v85/2025/03/ecmwf_ifs_20250310_00.json.gz,
2025-03-10T12:00:00+00:00,12,True,certified_v2_raw_archive,cache,240,data/raw/ecmwf_final_v85/2025/03/ecmwf_ifs_20250310_12.json.gz,
2025-03-11T00:00:00+00:00,0,True,certified_v2_raw_archive,cache,240,data/raw/ecmwf_final_v85/2025/03/ecmwf_ifs_20250311_00.json.gz,
2025-03-11T12:00:00+00:00,12,True,certified_v2_raw_archive,cache,240,data/raw/ecmwf_final_v85/2025/03/ecmwf_ifs_20250311_12.json.gz,
2025-03-12T00:00:00+00:00,0,True,certified_v2_raw_archive,cache,240,data/raw/ecmwf_final_v85/2025/03/ecmwf_ifs_20250312_00.json.gz,
2025-03-12T12:00:00+00:00,12,True,certified_v2_raw_archive,cache,240,data/raw/ecmwf_final_v85/2025/03/ecmwf_ifs_20250312_12.json.gz,
2025-03-13T00:00:00+00:00,0,True,certified_v2_raw_archive,cache,240,data/raw/ecmwf_final_v85/2025/03/ecmwf_ifs_20250313_00.json.gz,
2025-03-13T12:00:00+00:00,12,True,certified_v2_raw_archive,cache,240,data/raw/ecmwf_final_v85/2025/03/ecmwf_ifs_20250313_12.json.gz,
2025-03-14T00:00:00+00:00,0,False,historical_not_in_certified_inventory,not_requested,0,,run_not_in_certified_v2_inventory
2025-03-13T18:00:00+00:00,18,False,historical_not_in_certified_inventory,not_requested,0,,run_not_in_certified_v2_inventory
2025-03-14T06:00:00+00:00,6,False,historical_not_in_certified_inventory,not_requested,0,,run_not_in_certified_v2_inventory
2025-03-14T12:00:00+00:00,12,True,certified_v2_raw_archive,cache,240,data/raw/ecmwf_final_v85/2025/03/ecmwf_ifs_20250314_12.json.gz,
2025-03-15T00:00:00+00:00,0,True,certified_v2_raw_archive,cache,240,data/raw/ecmwf_final_v85/2025/03/ecmwf_ifs_20250315_00.json.gz,
2025-03-15T12:00:00+00:00,12,True,certified_v2_raw_archive,cache,240,data/raw/ecmwf_final_v85/2025/03/ecmwf_ifs_20250315_12.json.gz,
2025-03-16T00:00:00+00:00,0,True,certified_v2_raw_archive,cache,240,data/raw/ecmwf_final_v85/2025/03/ecmwf_ifs_20250316_00.json.gz,
2025-03-16T12:00:00+00:00,12,False,historical_not_in_certified_inventory,not_requested,0,,run_not_in_certified_v2_inventory
2025-03-16T18:00:00+00:00,18,False,historical_not_in_certified_inventory,not_requested,0,,run_not_in_certified_v2_inventory
2025-03-17T00:00:00+00:00,0,True,certified_v2_raw_archive,cache,240,data/raw/ecmwf_final_v85/2025/03/ecmwf_ifs_20250317_00.json.gz,
2025-03-17T12:00:00+00:00,12,False,historical_not_in_certified_inventory,not_requested,0,,run_not_in_certified_v2_inventory
2025-03-17T18:00:00+00:00,18,False,historical_not_in_certified_inventory,not_requested,0,,run_not_in_certified_v2_inventory
2025-03-18T00:00:00+00:00,0,False,historical_not_in_certified_inventory,not_requested,0,,run_not_in_certified_v2_inventory
2025-03-18T06:00:00+00:00,6,False,historical_not_in_certified_inventory,not_requested,0,,run_not_in_certified_v2_inventory
2025-03-18T12:00:00+00:00,12,False,historical_not_in_certified_inventory,not_requested,0,,run_not_in_certified_v2_inventory
2025-03-18T18:00:00+00:00,18,False,historical_not_in_certified_inventory,not_requested,0,,run_not_in_certified_v2_inventory
2025-03-19T00:00:00+00:00,0,True,certified_v2_raw_archive,cache,240,data/raw/ecmwf_final_v85/2025/03/ecmwf_ifs_20250319_00.json.gz,
2025-03-19T12:00:00+00:00,12,True,certified_v2_raw_archive,cache,240,data/raw/ecmwf_final_v85/2025/03/ecmwf_ifs_20250319_12.json.gz,
2025-03-20T00:00:00+00:00,0,False,historical_not_in_certified_inventory,not_requested,0,,run_not_in_certified_v2_inventory
2025-03-19T18:00:00+00:00,18,False,historical_not_in_certified_inventory,not_requested,0,,run_not_in_certified_v2_inventory
2025-03-20T06:00:00+00:00,6,False,historical_not_in_certified_inventory,not_requested,0,,run_not_in_certified_v2_inventory
2025-03-20T12:00:00+00:00,12,False,historical_not_in_certified_inventory,not_requested,0,,run_not_in_certified_v2_inventory
2025-03-20T18:00:00+00:00,18,False,historical_not_in_certified_inventory,not_requested,0,,run_not_in_certified_v2_inventory
2025-03-21T00:00:00+00:00,0,True,certified_v2_raw_archive,cache,240,data/raw/ecmwf_final_v85/2025/03/ecmwf_ifs_20250321_00.json.gz,
2025-03-21T12:00:00+00:00,12,True,certified_v2_raw_archive,cache,240,data/raw/ecmwf_final_v85/2025/03/ecmwf_ifs_20250321_12.json.gz,
2025-03-22T00:00:00+00:00,0,True,certified_v2_raw_archive,cache,240,data/raw/ecmwf_final_v85/2025/03/ecmwf_ifs_20250322_00.json.gz,
2025-03-22T12:00:00+00:00,12,False,historical_not_in_certified_inventory,not_requested,0,,run_not_in_certified_v2_inventory
2025-03-22T18:00:00+00:00,18,True,certified_v2_raw_archive,cache,240,data/raw/ecmwf_final_v85/2025/03/ecmwf_ifs_20250322_18.json.gz,
2025-03-23T00:00:00+00:00,0,False,historical_not_in_certified_inventory,not_requested,0,,run_not_in_certified_v2_inventory
2025-03-23T06:00:00+00:00,6,False,historical_not_in_certified_inventory,not_requested,0,,run_not_in_certified_v2_inventory
2025-03-23T12:00:00+00:00,12,False,historical_not_in_certified_inventory,not_requested,0,,run_not_in_certified_v2_inventory
2025-03-23T18:00:00+00:00,18,False,historical_not_in_certified_inventory,not_requested,0,,run_not_in_certified_v2_inventory
2025-03-24T00:00:00+00:00,0,False,historical_not_in_certified_inventory,not_requested,0,,run_not_in_certified_v2_inventory
2025-03-24T06:00:00+00:00,6,False,historical_not_in_certified_inventory,not_requested,0,,run_not_in_certified_v2_inventory
2025-03-24T12:00:00+00:00,12,True,certified_v2_raw_archive,cache,240,data/raw/ecmwf_final_v85/2025/03/ecmwf_ifs_20250324_12.json.gz,
2025-03-25T00:00:00+00:00,0,False,historical_not_in_certified_inventory,not_requested,0,,run_not_in_certified_v2_inventory
2025-03-24T18:00:00+00:00,18,True,certified_v2_raw_archive,cache,240,data/raw/ecmwf_final_v85/2025/03/ecmwf_ifs_20250324_18.json.gz,
2025-03-25T06:00:00+00:00,6,True,certified_v2_raw_archive,cache,240,data/raw/ecmwf_final_v85/2025/03/ecmwf_ifs_20250325_06.json.gz,
2025-03-25T12:00:00+00:00,12,False,historical_not_in_certified_inventory,not_requested,0,,run_not_in_certified_v2_inventory
2025-03-25T18:00:00+00:00,18,False,historical_not_in_certified_inventory,not_requested,0,,run_not_in_certified_v2_inventory
2025-03-26T00:00:00+00:00,0,True,certified_v2_raw_archive,cache,240,data/raw/ecmwf_final_v85/2025/03/ecmwf_ifs_20250326_00.json.gz,
2025-03-26T12:00:00+00:00,12,False,historical_not_in_certified_inventory,not_requested,0,,run_not_in_certified_v2_inventory
2025-03-26T18:00:00+00:00,18,False,historical_not_in_certified_inventory,not_requested,0,,run_not_in_certified_v2_inventory
2025-03-27T00:00:00+00:00,0,True,certified_v2_raw_archive,cache,240,data/raw/ecmwf_final_v85/2025/03/ecmwf_ifs_20250327_00.json.gz,
2025-03-27T12:00:00+00:00,12,False,historical_not_in_certified_inventory,not_requested,0,,run_not_in_certified_v2_inventory
2025-03-27T18:00:00+00:00,18,False,historical_not_in_certified_inventory,not_requested,0,,run_not_in_certified_v2_inventory
2025-03-28T00:00:00+00:00,0,False,historical_not_in_certified_inventory,not_requested,0,,run_not_in_certified_v2_inventory
2025-03-28T06:00:00+00:00,6,False,historical_not_in_certified_inventory,not_requested,0,,run_not_in_certified_v2_inventory
2025-03-28T12:00:00+00:00,12,True,certified_v2_raw_archive,cache,240,data/raw/ecmwf_final_v85/2025/03/ecmwf_ifs_20250328_12.json.gz,
2025-03-29T00:00:00+00:00,0,False,historical_not_in_certified_inventory,not_requested,0,,run_not_in_certified_v2_inventory
2025-03-28T18:00:00+00:00,18,True,certified_v2_raw_archive,cache,240,data/raw/ecmwf_final_v85/2025/03/ecmwf_ifs_20250328_18.json.gz,
2025-03-29T06:00:00+00:00,6,True,certified_v2_raw_archive,cache,240,data/raw/ecmwf_final_v85/2025/03/ecmwf_ifs_20250329_06.json.gz,
2025-03-29T12:00:00+00:00,12,False,historical_not_in_certified_inventory,not_requested,0,,run_not_in_certified_v2_inventory
2025-03-29T18:00:00+00:00,18,False,historical_not_in_certified_inventory,not_requested,0,,run_not_in_certified_v2_inventory
2025-03-30T00:00:00+00:00,0,False,historical_not_in_certified_inventory,not_requested,0,,run_not_in_certified_v2_inventory
2025-03-30T06:00:00+00:00,6,True,certified_v2_raw_archive,cache,240,data/raw/ecmwf_final_v85/2025/03/ecmwf_ifs_20250330_06.json.gz,
2025-03-30T12:00:00+00:00,12,False,historical_not_in_certified_inventory,not_requested,0,,run_not_in_certified_v2_inventory
2025-03-30T18:00:00+00:00,18,True,certified_v2_raw_archive,cache,240,data/raw/ecmwf_final_v85/2025/03/ecmwf_ifs_20250330_18.json.gz,
2025-03-31T00:00:00+00:00,0,False,historical_not_in_certified_inventory,not_requested,0,,run_not_in_certified_v2_inventory
2025-03-31T06:00:00+00:00,6,False,historical_not_in_certified_inventory,not_requested,0,,run_not_in_certified_v2_inventory
2025-03-31T12:00:00+00:00,12,False,historical_not_in_certified_inventory,not_requested,0,,run_not_in_certified_v2_inventory
2025-03-31T18:00:00+00:00,18,False,historical_not_in_certified_inventory,not_requested,0,,run_not_in_certified_v2_inventory
2025-04-01T00:00:00+00:00,0,True,certified_v2_raw_archive,cache,240,data/raw/ecmwf_final_v85/2025/04/ecmwf_ifs_20250401_00.json.gz,
2025-04-01T12:00:00+00:00,12,True,certified_v2_raw_archive,cache,240,data/raw/ecmwf_final_v85/2025/04/ecmwf_ifs_20250401_12.json.gz,
2025-04-02T00:00:00+00:00,0,True,certified_v2_raw_archive,cache,240,data/raw/ecmwf_final_v85/2025/04/ecmwf_ifs_20250402_00.json.gz,
2025-04-02T12:00:00+00:00,12,True,certified_v2_raw_archive,cache,240,data/raw/ecmwf_final_v85/2025/04/ecmwf_ifs_20250402_12.json.gz,
2025-04-03T00:00:00+00:00,0,True,certified_v2_raw_archive,cache,240,data/raw/ecmwf_final_v85/2025/04/ecmwf_ifs_20250403_00.json.gz,
2025-04-03T12:00:00+00:00,12,True,certified_v2_raw_archive,cache,240,data/raw/ecmwf_final_v85/2025/04/ecmwf_ifs_20250403_12.json.gz,
2025-04-04T00:00:00+00:00,0,True,certified_v2_raw_archive,cache,240,data/raw/ecmwf_final_v85/2025/04/ecmwf_ifs_20250404_00.json.gz,
2025-04-04T12:00:00+00:00,12,True,certified_v2_raw_archive,cache,240,data/raw/ecmwf_final_v85/2025/04/ecmwf_ifs_20250404_12.json.gz,
2025-04-05T00:00:00+00:00,0,True,certified_v2_raw_archive,cache,240,data/raw/ecmwf_final_v85/2025/04/ecmwf_ifs_20250405_00.json.gz,
2025-04-05T12:00:00+00:00,12,True,certified_v2_raw_archive,cache,240,data/raw/ecmwf_final_v85/2025/04/ecmwf_ifs_20250405_12.json.gz,
2025-04-06T00:00:00+00:00,0,True,certified_v2_raw_archive,cache,240,data/raw/ecmwf_final_v85/2025/04/ecmwf_ifs_20250406_00.json.gz,
2025-04-06T12:00:00+00:00,12,True,certified_v2_raw_archive,cache,240,data/raw/ecmwf_final_v85/2025/04/ecmwf_ifs_20250406_12.json.gz,
2025-04-07T00:00:00+00:00,0,True,certified_v2_raw_archive,cache,240,data/raw/ecmwf_final_v85/2025/04/ecmwf_ifs_20250407_00.json.gz,
2025-04-07T12:00:00+00:00,12,True,certified_v2_raw_archive,cache,240,data/raw/ecmwf_final_v85/2025/04/ecmwf_ifs_20250407_12.json.gz,
2025-04-08T00:00:00+00:00,0,True,certified_v2_raw_archive,cache,240,data/raw/ecmwf_final_v85/2025/04/ecmwf_ifs_20250408_00.json.gz,
2025-04-08T12:00:00+00:00,12,True,certified_v2_raw_archive,cache,240,data/raw/ecmwf_final_v85/2025/04/ecmwf_ifs_20250408_12.json.gz,
2025-04-09T00:00:00+00:00,0,True,certified_v2_raw_archive,cache,240,data/raw/ecmwf_final_v85/2025/04/ecmwf_ifs_20250409_00.json.gz,
2025-04-09T12:00:00+00:00,12,True,certified_v2_raw_archive,cache,240,data/raw/ecmwf_final_v85/2025/04/ecmwf_ifs_20250409_12.json.gz,
2025-04-10T00:00:00+00:00,0,True,certified_v2_raw_archive,cache,240,data/raw/ecmwf_final_v85/2025/04/ecmwf_ifs_20250410_00.json.gz,
2025-04-10T12:00:00+00:00,12,True,certified_v2_raw_archive,cache,240,data/raw/ecmwf_final_v85/2025/04/ecmwf_ifs_20250410_12.json.gz,
2025-04-11T00:00:00+00:00,0,True,certified_v2_raw_archive,cache,240,data/raw/ecmwf_final_v85/2025/04/ecmwf_ifs_20250411_00.json.gz,
2025-04-11T12:00:00+00:00,12,True,certified_v2_raw_archive,cache,240,data/raw/ecmwf_final_v85/2025/04/ecmwf_ifs_20250411_12.json.gz,
2025-04-12T00:00:00+00:00,0,True,certified_v2_raw_archive,cache,240,data/raw/ecmwf_final_v85/2025/04/ecmwf_ifs_20250412_00.json.gz,
2025-04-12T12:00:00+00:00,12,True,certified_v2_raw_archive,cache,240,data/raw/ecmwf_final_v85/2025/04/ecmwf_ifs_20250412_12.json.gz,
2025-04-13T00:00:00+00:00,0,True,certified_v2_raw_archive,cache,240,data/raw/ecmwf_final_v85/2025/04/ecmwf_ifs_20250413_00.json.gz,
2025-04-13T12:00:00+00:00,12,True,certified_v2_raw_archive,cache,240,data/raw/ecmwf_final_v85/2025/04/ecmwf_ifs_20250413_12.json.gz,
2025-04-14T00:00:00+00:00,0,True,certified_v2_raw_archive,cache,240,data/raw/ecmwf_final_v85/2025/04/ecmwf_ifs_20250414_00.json.gz,
2025-04-14T12:00:00+00:00,12,True,certified_v2_raw_archive,cache,240,data/raw/ecmwf_final_v85/2025/04/ecmwf_ifs_20250414_12.json.gz,
2025-04-15T00:00:00+00:00,0,True,certified_v2_raw_archive,cache,240,data/raw/ecmwf_final_v85/2025/04/ecmwf_ifs_20250415_00.json.gz,
2025-04-15T12:00:00+00:00,12,True,certified_v2_raw_archive,cache,240,data/raw/ecmwf_final_v85/2025/04/ecmwf_ifs_20250415_12.json.gz,
2025-04-16T00:00:00+00:00,0,True,certified_v2_raw_archive,cache,240,data/raw/ecmwf_final_v85/2025/04/ecmwf_ifs_20250416_00.json.gz,
2025-04-16T12:00:00+00:00,12,True,certified_v2_raw_archive,cache,240,data/raw/ecmwf_final_v85/2025/04/ecmwf_ifs_20250416_12.json.gz,
2025-04-17T00:00:00+00:00,0,True,certified_v2_raw_archive,cache,240,data/raw/ecmwf_final_v85/2025/04/ecmwf_ifs_20250417_00.json.gz,
2025-04-17T12:00:00+00:00,12,True,certified_v2_raw_archive,cache,240,data/raw/ecmwf_final_v85/2025/04/ecmwf_ifs_20250417_12.json.gz,
2025-04-18T00:00:00+00:00,0,True,certified_v2_raw_archive,cache,240,data/raw/ecmwf_final_v85/2025/04/ecmwf_ifs_20250418_00.json.gz,
2025-04-18T12:00:00+00:00,12,True,certified_v2_raw_archive,cache,240,data/raw/ecmwf_final_v85/2025/04/ecmwf_ifs_20250418_12.json.gz,
2025-04-19T00:00:00+00:00,0,True,certified_v2_raw_archive,cache,240,data/raw/ecmwf_final_v85/2025/04/ecmwf_ifs_20250419_00.json.gz,
2025-04-19T12:00:00+00:00,12,True,certified_v2_raw_archive,cache,240,data/raw/ecmwf_final_v85/2025/04/ecmwf_ifs_20250419_12.json.gz,
2025-04-20T00:00:00+00:00,0,True,certified_v2_raw_archive,cache,240,data/raw/ecmwf_final_v85/2025/04/ecmwf_ifs_20250420_00.json.gz,
2025-04-20T12:00:00+00:00,12,True,certified_v2_raw_archive,cache,240,data/raw/ecmwf_final_v85/2025/04/ecmwf_ifs_20250420_12.json.gz,
2025-04-21T00:00:00+00:00,0,True,certified_v2_raw_archive,cache,240,data/raw/ecmwf_final_v85/2025/04/ecmwf_ifs_20250421_00.json.gz,
2025-04-21T12:00:00+00:00,12,True,certified_v2_raw_archive,cache,240,data/raw/ecmwf_final_v85/2025/04/ecmwf_ifs_20250421_12.json.gz,
2025-04-22T00:00:00+00:00,0,True,certified_v2_raw_archive,cache,240,data/raw/ecmwf_final_v85/2025/04/ecmwf_ifs_20250422_00.json.gz,
2025-04-22T12:00:00+00:00,12,True,certified_v2_raw_archive,cache,240,data/raw/ecmwf_final_v85/2025/04/ecmwf_ifs_20250422_12.json.gz,
2025-04-23T00:00:00+00:00,0,True,certified_v2_raw_archive,cache,240,data/raw/ecmwf_final_v85/2025/04/ecmwf_ifs_20250423_00.json.gz,
2025-04-23T12:00:00+00:00,12,True,certified_v2_raw_archive,cache,240,data/raw/ecmwf_final_v85/2025/04/ecmwf_ifs_20250423_12.json.gz,
2025-04-24T00:00:00+00:00,0,True,certified_v2_raw_archive,cache,240,data/raw/ecmwf_final_v85/2025/04/ecmwf_ifs_20250424_00.json.gz,
2025-04-24T12:00:00+00:00,12,True,certified_v2_raw_archive,cache,240,data/raw/ecmwf_final_v85/2025/04/ecmwf_ifs_20250424_12.json.gz,
2025-04-25T00:00:00+00:00,0,True,certified_v2_raw_archive,cache,240,data/raw/ecmwf_final_v85/2025/04/ecmwf_ifs_20250425_00.json.gz,
2025-04-25T12:00:00+00:00,12,True,certified_v2_raw_archive,cache,240,data/raw/ecmwf_final_v85/2025/04/ecmwf_ifs_20250425_12.json.gz,
2025-04-26T00:00:00+00:00,0,True,certified_v2_raw_archive,cache,240,data/raw/ecmwf_final_v85/2025/04/ecmwf_ifs_20250426_00.json.gz,
2025-04-26T12:00:00+00:00,12,True,certified_v2_raw_archive,cache,240,data/raw/ecmwf_final_v85/2025/04/ecmwf_ifs_20250426_12.json.gz,
2025-04-27T00:00:00+00:00,0,True,certified_v2_raw_archive,cache,240,data/raw/ecmwf_final_v85/2025/04/ecmwf_ifs_20250427_00.json.gz,
2025-04-27T12:00:00+00:00,12,True,certified_v2_raw_archive,cache,240,data/raw/ecmwf_final_v85/2025/04/ecmwf_ifs_20250427_12.json.gz,
2025-04-28T00:00:00+00:00,0,True,certified_v2_raw_archive,cache,240,data/raw/ecmwf_final_v85/2025/04/ecmwf_ifs_20250428_00.json.gz,
2025-04-28T12:00:00+00:00,12,True,certified_v2_raw_archive,cache,240,data/raw/ecmwf_final_v85/2025/04/ecmwf_ifs_20250428_12.json.gz,
2025-04-29T00:00:00+00:00,0,True,certified_v2_raw_archive,cache,240,data/raw/ecmwf_final_v85/2025/04/ecmwf_ifs_20250429_00.json.gz,
2025-04-29T12:00:00+00:00,12,True,certified_v2_raw_archive,cache,240,data/raw/ecmwf_final_v85/2025/04/ecmwf_ifs_20250429_12.json.gz,
2025-04-30T00:00:00+00:00,0,True,certified_v2_raw_archive,cache,240,data/raw/ecmwf_final_v85/2025/04/ecmwf_ifs_20250430_00.json.gz,
2025-04-30T12:00:00+00:00,12,True,certified_v2_raw_archive,cache,240,data/raw/ecmwf_final_v85/2025/04/ecmwf_ifs_20250430_12.json.gz,
2025-05-01T00:00:00+00:00,0,True,certified_v2_raw_archive,cache,240,data/raw/ecmwf_final_v85/2025/05/ecmwf_ifs_20250501_00.json.gz,
2025-05-01T12:00:00+00:00,12,True,certified_v2_raw_archive,cache,240,data/raw/ecmwf_final_v85/2025/05/ecmwf_ifs_20250501_12.json.gz,
2025-05-02T00:00:00+00:00,0,True,certified_v2_raw_archive,cache,240,data/raw/ecmwf_final_v85/2025/05/ecmwf_ifs_20250502_00.json.gz,
2025-05-02T12:00:00+00:00,12,True,certified_v2_raw_archive,cache,240,data/raw/ecmwf_final_v85/2025/05/ecmwf_ifs_20250502_12.json.gz,
2025-05-03T00:00:00+00:00,0,True,certified_v2_raw_archive,cache,240,data/raw/ecmwf_final_v85/2025/05/ecmwf_ifs_20250503_00.json.gz,
2025-05-03T12:00:00+00:00,12,True,certified_v2_raw_archive,cache,240,data/raw/ecmwf_final_v85/2025/05/ecmwf_ifs_20250503_12.json.gz,
2025-05-04T00:00:00+00:00,0,True,certified_v2_raw_archive,cache,240,data/raw/ecmwf_final_v85/2025/05/ecmwf_ifs_20250504_00.json.gz,
2025-05-04T12:00:00+00:00,12,True,certified_v2_raw_archive,cache,240,data/raw/ecmwf_final_v85/2025/05/ecmwf_ifs_20250504_12.json.gz,
2025-05-05T00:00:00+00:00,0,True,certified_v2_raw_archive,cache,240,data/raw/ecmwf_final_v85/2025/05/ecmwf_ifs_20250505_00.json.gz,
2025-05-05T12:00:00+00:00,12,True,certified_v2_raw_archive,cache,240,data/raw/ecmwf_final_v85/2025/05/ecmwf_ifs_20250505_12.json.gz,
2025-05-06T00:00:00+00:00,0,True,certified_v2_raw_archive,cache,240,data/raw/ecmwf_final_v85/2025/05/ecmwf_ifs_20250506_00.json.gz,
2025-05-06T12:00:00+00:00,12,True,certified_v2_raw_archive,cache,240,data/raw/ecmwf_final_v85/2025/05/ecmwf_ifs_20250506_12.json.gz,
2025-05-07T00:00:00+00:00,0,True,certified_v2_raw_archive,cache,240,data/raw/ecmwf_final_v85/2025/05/ecmwf_ifs_20250507_00.json.gz,
2025-05-07T12:00:00+00:00,12,True,certified_v2_raw_archive,cache,240,data/raw/ecmwf_final_v85/2025/05/ecmwf_ifs_20250507_12.json.gz,
2025-05-08T00:00:00+00:00,0,True,certified_v2_raw_archive,cache,240,data/raw/ecmwf_final_v85/2025/05/ecmwf_ifs_20250508_00.json.gz,
2025-05-08T12:00:00+00:00,12,True,certified_v2_raw_archive,cache,240,data/raw/ecmwf_final_v85/2025/05/ecmwf_ifs_20250508_12.json.gz,
2025-05-09T00:00:00+00:00,0,True,certified_v2_raw_archive,cache,240,data/raw/ecmwf_final_v85/2025/05/ecmwf_ifs_20250509_00.json.gz,
2025-05-09T12:00:00+00:00,12,True,certified_v2_raw_archive,cache,240,data/raw/ecmwf_final_v85/2025/05/ecmwf_ifs_20250509_12.json.gz,
2025-05-10T00:00:00+00:00,0,True,certified_v2_raw_archive,cache,240,data/raw/ecmwf_final_v85/2025/05/ecmwf_ifs_20250510_00.json.gz,
2025-05-10T12:00:00+00:00,12,True,certified_v2_raw_archive,cache,240,data/raw/ecmwf_final_v85/2025/05/ecmwf_ifs_20250510_12.json.gz,
2025-05-11T00:00:00+00:00,0,True,certified_v2_raw_archive,cache,240,data/raw/ecmwf_final_v85/2025/05/ecmwf_ifs_20250511_00.json.gz,
2025-05-11T12:00:00+00:00,12,True,certified_v2_raw_archive,cache,240,data/raw/ecmwf_final_v85/2025/05/ecmwf_ifs_20250511_12.json.gz,
2025-05-12T00:00:00+00:00,0,True,certified_v2_raw_archive,cache,240,data/raw/ecmwf_final_v85/2025/05/ecmwf_ifs_20250512_00.json.gz,
2025-05-12T12:00:00+00:00,12,True,certified_v2_raw_archive,cache,240,data/raw/ecmwf_final_v85/2025/05/ecmwf_ifs_20250512_12.json.gz,
2025-05-13T00:00:00+00:00,0,True,certified_v2_raw_archive,cache,240,data/raw/ecmwf_final_v85/2025/05/ecmwf_ifs_20250513_00.json.gz,
2025-05-13T12:00:00+00:00,12,True,certified_v2_raw_archive,cache,240,data/raw/ecmwf_final_v85/2025/05/ecmwf_ifs_20250513_12.json.gz,
2025-05-14T00:00:00+00:00,0,True,certified_v2_raw_archive,cache,240,data/raw/ecmwf_final_v85/2025/05/ecmwf_ifs_20250514_00.json.gz,
2025-05-14T12:00:00+00:00,12,True,certified_v2_raw_archive,cache,240,data/raw/ecmwf_final_v85/2025/05/ecmwf_ifs_20250514_12.json.gz,
2025-05-15T00:00:00+00:00,0,True,certified_v2_raw_archive,cache,240,data/raw/ecmwf_final_v85/2025/05/ecmwf_ifs_20250515_00.json.gz,
2025-05-15T12:00:00+00:00,12,True,certified_v2_raw_archive,cache,240,data/raw/ecmwf_final_v85/2025/05/ecmwf_ifs_20250515_12.json.gz,
2025-05-16T00:00:00+00:00,0,True,certified_v2_raw_archive,cache,240,data/raw/ecmwf_final_v85/2025/05/ecmwf_ifs_20250516_00.json.gz,
2025-05-16T12:00:00+00:00,12,True,certified_v2_raw_archive,cache,240,data/raw/ecmwf_final_v85/2025/05/ecmwf_ifs_20250516_12.json.gz,
2025-05-17T00:00:00+00:00,0,True,certified_v2_raw_archive,cache,240,data/raw/ecmwf_final_v85/2025/05/ecmwf_ifs_20250517_00.json.gz,
2025-05-17T12:00:00+00:00,12,True,certified_v2_raw_archive,cache,240,data/raw/ecmwf_final_v85/2025/05/ecmwf_ifs_20250517_12.json.gz,
2025-05-18T00:00:00+00:00,0,True,certified_v2_raw_archive,cache,240,data/raw/ecmwf_final_v85/2025/05/ecmwf_ifs_20250518_00.json.gz,
2025-05-18T12:00:00+00:00,12,True,certified_v2_raw_archive,cache,240,data/raw/ecmwf_final_v85/2025/05/ecmwf_ifs_20250518_12.json.gz,
2025-05-19T00:00:00+00:00,0,True,certified_v2_raw_archive,cache,240,data/raw/ecmwf_final_v85/2025/05/ecmwf_ifs_20250519_00.json.gz,
2025-05-19T12:00:00+00:00,12,True,certified_v2_raw_archive,cache,240,data/raw/ecmwf_final_v85/2025/05/ecmwf_ifs_20250519_12.json.gz,
2025-05-20T00:00:00+00:00,0,True,certified_v2_raw_archive,cache,240,data/raw/ecmwf_final_v85/2025/05/ecmwf_ifs_20250520_00.json.gz,
2025-05-20T12:00:00+00:00,12,True,certified_v2_raw_archive,cache,240,data/raw/ecmwf_final_v85/2025/05/ecmwf_ifs_20250520_12.json.gz,
2025-05-21T00:00:00+00:00,0,True,certified_v2_raw_archive,cache,240,data/raw/ecmwf_final_v85/2025/05/ecmwf_ifs_20250521_00.json.gz,
2025-05-21T12:00:00+00:00,12,True,certified_v2_raw_archive,cache,240,data/raw/ecmwf_final_v85/2025/05/ecmwf_ifs_20250521_12.json.gz,
2025-05-22T00:00:00+00:00,0,True,certified_v2_raw_archive,cache,240,data/raw/ecmwf_final_v85/2025/05/ecmwf_ifs_20250522_00.json.gz,
2025-05-22T12:00:00+00:00,12,True,certified_v2_raw_archive,cache,240,data/raw/ecmwf_final_v85/2025/05/ecmwf_ifs_20250522_12.json.gz,
2025-05-23T00:00:00+00:00,0,True,certified_v2_raw_archive,cache,240,data/raw/ecmwf_final_v85/2025/05/ecmwf_ifs_20250523_00.json.gz,
2025-05-23T12:00:00+00:00,12,True,certified_v2_raw_archive,cache,240,data/raw/ecmwf_final_v85/2025/05/ecmwf_ifs_20250523_12.json.gz,
2025-05-24T00:00:00+00:00,0,True,certified_v2_raw_archive,cache,240,data/raw/ecmwf_final_v85/2025/05/ecmwf_ifs_20250524_00.json.gz,
2025-05-24T12:00:00+00:00,12,True,certified_v2_raw_archive,cache,240,data/raw/ecmwf_final_v85/2025/05/ecmwf_ifs_20250524_12.json.gz,
2025-05-25T00:00:00+00:00,0,True,certified_v2_raw_archive,cache,240,data/raw/ecmwf_final_v85/2025/05/ecmwf_ifs_20250525_00.json.gz,
2025-05-25T12:00:00+00:00,12,True,certified_v2_raw_archive,cache,240,data/raw/ecmwf_final_v85/2025/05/ecmwf_ifs_20250525_12.json.gz,
2025-05-26T00:00:00+00:00,0,True,certified_v2_raw_archive,cache,240,data/raw/ecmwf_final_v85/2025/05/ecmwf_ifs_20250526_00.json.gz,
2025-05-26T12:00:00+00:00,12,True,certified_v2_raw_archive,cache,240,data/raw/ecmwf_final_v85/2025/05/ecmwf_ifs_20250526_12.json.gz,
2025-05-27T00:00:00+00:00,0,True,certified_v2_raw_archive,cache,240,data/raw/ecmwf_final_v85/2025/05/ecmwf_ifs_20250527_00.json.gz,
2025-05-27T12:00:00+00:00,12,True,certified_v2_raw_archive,cache,240,data/raw/ecmwf_final_v85/2025/05/ecmwf_ifs_20250527_12.json.gz,
2025-05-28T00:00:00+00:00,0,True,certified_v2_raw_archive,cache,240,data/raw/ecmwf_final_v85/2025/05/ecmwf_ifs_20250528_00.json.gz,
2025-05-28T12:00:00+00:00,12,True,certified_v2_raw_archive,cache,240,data/raw/ecmwf_final_v85/2025/05/ecmwf_ifs_20250528_12.json.gz,
2025-05-29T00:00:00+00:00,0,True,certified_v2_raw_archive,cache,240,data/raw/ecmwf_final_v85/2025/05/ecmwf_ifs_20250529_00.json.gz,
2025-05-29T12:00:00+00:00,12,True,certified_v2_raw_archive,cache,240,data/raw/ecmwf_final_v85/2025/05/ecmwf_ifs_20250529_12.json.gz,
2025-05-30T00:00:00+00:00,0,True,certified_v2_raw_archive,cache,240,data/raw/ecmwf_final_v85/2025/05/ecmwf_ifs_20250530_00.json.gz,
2025-05-30T12:00:00+00:00,12,True,certified_v2_raw_archive,cache,240,data/raw/ecmwf_final_v85/2025/05/ecmwf_ifs_20250530_12.json.gz,
2025-05-31T00:00:00+00:00,0,True,certified_v2_raw_archive,cache,240,data/raw/ecmwf_final_v85/2025/05/ecmwf_ifs_20250531_00.json.gz,
2025-05-31T12:00:00+00:00,12,True,certified_v2_raw_archive,cache,240,data/raw/ecmwf_final_v85/2025/05/ecmwf_ifs_20250531_12.json.gz,
2025-06-01T00:00:00+00:00,0,True,certified_v2_raw_archive,cache,240,data/raw/ecmwf_final_v85/2025/06/ecmwf_ifs_20250601_00.json.gz,
2025-06-01T12:00:00+00:00,12,True,certified_v2_raw_archive,cache,240,data/raw/ecmwf_final_v85/2025/06/ecmwf_ifs_20250601_12.json.gz,
2025-06-02T00:00:00+00:00,0,True,certified_v2_raw_archive,cache,240,data/raw/ecmwf_final_v85/2025/06/ecmwf_ifs_20250602_00.json.gz,
2025-06-02T12:00:00+00:00,12,True,certified_v2_raw_archive,cache,240,data/raw/ecmwf_final_v85/2025/06/ecmwf_ifs_20250602_12.json.gz,
2025-06-03T00:00:00+00:00,0,True,certified_v2_raw_archive,cache,240,data/raw/ecmwf_final_v85/2025/06/ecmwf_ifs_20250603_00.json.gz,
2025-06-03T12:00:00+00:00,12,True,certified_v2_raw_archive,cache,240,data/raw/ecmwf_final_v85/2025/06/ecmwf_ifs_20250603_12.json.gz,
2025-06-04T00:00:00+00:00,0,True,certified_v2_raw_archive,cache,240,data/raw/ecmwf_final_v85/2025/06/ecmwf_ifs_20250604_00.json.gz,
2025-06-04T12:00:00+00:00,12,True,certified_v2_raw_archive,cache,240,data/raw/ecmwf_final_v85/2025/06/ecmwf_ifs_20250604_12.json.gz,
2025-06-05T00:00:00+00:00,0,True,certified_v2_raw_archive,cache,240,data/raw/ecmwf_final_v85/2025/06/ecmwf_ifs_20250605_00.json.gz,
2025-06-05T12:00:00+00:00,12,True,certified_v2_raw_archive,cache,240,data/raw/ecmwf_final_v85/2025/06/ecmwf_ifs_20250605_12.json.gz,
2025-06-06T00:00:00+00:00,0,True,certified_v2_raw_archive,cache,240,data/raw/ecmwf_final_v85/2025/06/ecmwf_ifs_20250606_00.json.gz,
2025-06-06T12:00:00+00:00,12,True,certified_v2_raw_archive,cache,240,data/raw/ecmwf_final_v85/2025/06/ecmwf_ifs_20250606_12.json.gz,
2025-06-07T00:00:00+00:00,0,True,certified_v2_raw_archive,cache,240,data/raw/ecmwf_final_v85/2025/06/ecmwf_ifs_20250607_00.json.gz,
2025-06-07T12:00:00+00:00,12,True,certified_v2_raw_archive,cache,240,data/raw/ecmwf_final_v85/2025/06/ecmwf_ifs_20250607_12.json.gz,
2025-06-08T00:00:00+00:00,0,True,certified_v2_raw_archive,cache,240,data/raw/ecmwf_final_v85/2025/06/ecmwf_ifs_20250608_00.json.gz,
2025-06-08T12:00:00+00:00,12,True,certified_v2_raw_archive,cache,240,data/raw/ecmwf_final_v85/2025/06/ecmwf_ifs_20250608_12.json.gz,
2025-06-09T00:00:00+00:00,0,True,certified_v2_raw_archive,cache,240,data/raw/ecmwf_final_v85/2025/06/ecmwf_ifs_20250609_00.json.gz,
2025-06-09T12:00:00+00:00,12,True,certified_v2_raw_archive,cache,240,data/raw/ecmwf_final_v85/2025/06/ecmwf_ifs_20250609_12.json.gz,
2025-06-10T00:00:00+00:00,0,True,certified_v2_raw_archive,cache,240,data/raw/ecmwf_final_v85/2025/06/ecmwf_ifs_20250610_00.json.gz,
2025-06-10T12:00:00+00:00,12,True,certified_v2_raw_archive,cache,240,data/raw/ecmwf_final_v85/2025/06/ecmwf_ifs_20250610_12.json.gz,
2025-06-11T00:00:00+00:00,0,False,historical_not_in_certified_inventory,not_requested,0,,run_not_in_certified_v2_inventory
2025-06-10T18:00:00+00:00,18,False,historical_not_in_certified_inventory,not_requested,0,,run_not_in_certified_v2_inventory
2025-06-11T06:00:00+00:00,6,False,historical_not_in_certified_inventory,not_requested,0,,run_not_in_certified_v2_inventory
2025-06-11T12:00:00+00:00,12,False,historical_not_in_certified_inventory,not_requested,0,,run_not_in_certified_v2_inventory
2025-06-11T18:00:00+00:00,18,False,historical_not_in_certified_inventory,not_requested,0,,run_not_in_certified_v2_inventory
2025-06-12T00:00:00+00:00,0,True,certified_v2_raw_archive,cache,240,data/raw/ecmwf_final_v85/2025/06/ecmwf_ifs_20250612_00.json.gz,
2025-06-12T12:00:00+00:00,12,False,historical_not_in_certified_inventory,not_requested,0,,run_not_in_certified_v2_inventory
2025-06-12T18:00:00+00:00,18,True,certified_v2_raw_archive,cache,240,data/raw/ecmwf_final_v85/2025/06/ecmwf_ifs_20250612_18.json.gz,
2025-06-13T00:00:00+00:00,0,True,certified_v2_raw_archive,cache,240,data/raw/ecmwf_final_v85/2025/06/ecmwf_ifs_20250613_00.json.gz,
2025-06-13T12:00:00+00:00,12,False,historical_not_in_certified_inventory,not_requested,0,,run_not_in_certified_v2_inventory
2025-06-13T18:00:00+00:00,18,False,historical_not_in_certified_inventory,not_requested,0,,run_not_in_certified_v2_inventory
2025-06-14T00:00:00+00:00,0,False,historical_not_in_certified_inventory,not_requested,0,,run_not_in_certified_v2_inventory
2025-06-14T06:00:00+00:00,6,False,historical_not_in_certified_inventory,not_requested,0,,run_not_in_certified_v2_inventory
2025-06-14T12:00:00+00:00,12,True,certified_v2_raw_archive,cache,240,data/raw/ecmwf_final_v85/2025/06/ecmwf_ifs_20250614_12.json.gz,
2025-06-15T00:00:00+00:00,0,False,historical_not_in_certified_inventory,not_requested,0,,run_not_in_certified_v2_inventory
2025-06-14T18:00:00+00:00,18,True,certified_v2_raw_archive,cache,240,data/raw/ecmwf_final_v85/2025/06/ecmwf_ifs_20250614_18.json.gz,
2025-06-15T06:00:00+00:00,6,False,historical_not_in_certified_inventory,not_requested,0,,run_not_in_certified_v2_inventory
2025-06-15T12:00:00+00:00,12,False,historical_not_in_certified_inventory,not_requested,0,,run_not_in_certified_v2_inventory
2025-06-15T18:00:00+00:00,18,False,historical_not_in_certified_inventory,not_requested,0,,run_not_in_certified_v2_inventory
2025-06-16T00:00:00+00:00,0,False,historical_not_in_certified_inventory,not_requested,0,,run_not_in_certified_v2_inventory
2025-06-16T06:00:00+00:00,6,False,historical_not_in_certified_inventory,not_requested,0,,run_not_in_certified_v2_inventory
2025-06-16T12:00:00+00:00,12,True,certified_v2_raw_archive,cache,240,data/raw/ecmwf_final_v85/2025/06/ecmwf_ifs_20250616_12.json.gz,
2025-06-17T00:00:00+00:00,0,True,certified_v2_raw_archive,cache,240,data/raw/ecmwf_final_v85/2025/06/ecmwf_ifs_20250617_00.json.gz,
2025-06-17T12:00:00+00:00,12,True,certified_v2_raw_archive,cache,240,data/raw/ecmwf_final_v85/2025/06/ecmwf_ifs_20250617_12.json.gz,
2025-06-18T00:00:00+00:00,0,False,historical_not_in_certified_inventory,not_requested,0,,run_not_in_certified_v2_inventory
2025-06-17T18:00:00+00:00,18,False,historical_not_in_certified_inventory,not_requested,0,,run_not_in_certified_v2_inventory
2025-06-18T06:00:00+00:00,6,True,certified_v2_raw_archive,cache,240,data/raw/ecmwf_final_v85/2025/06/ecmwf_ifs_20250618_06.json.gz,
2025-06-18T12:00:00+00:00,12,True,certified_v2_raw_archive,cache,240,data/raw/ecmwf_final_v85/2025/06/ecmwf_ifs_20250618_12.json.gz,
2025-06-19T00:00:00+00:00,0,False,historical_not_in_certified_inventory,not_requested,0,,run_not_in_certified_v2_inventory
2025-06-18T18:00:00+00:00,18,False,historical_not_in_certified_inventory,not_requested,0,,run_not_in_certified_v2_inventory
2025-06-19T06:00:00+00:00,6,True,certified_v2_raw_archive,cache,240,data/raw/ecmwf_final_v85/2025/06/ecmwf_ifs_20250619_06.json.gz,
2025-06-19T12:00:00+00:00,12,False,historical_not_in_certified_inventory,not_requested,0,,run_not_in_certified_v2_inventory
2025-06-19T18:00:00+00:00,18,False,historical_not_in_certified_inventory,not_requested,0,,run_not_in_certified_v2_inventory
2025-06-20T00:00:00+00:00,0,False,historical_not_in_certified_inventory,not_requested,0,,run_not_in_certified_v2_inventory
2025-06-20T06:00:00+00:00,6,False,historical_not_in_certified_inventory,not_requested,0,,run_not_in_certified_v2_inventory
2025-06-20T12:00:00+00:00,12,False,historical_not_in_certified_inventory,not_requested,0,,run_not_in_certified_v2_inventory
2025-06-20T18:00:00+00:00,18,False,historical_not_in_certified_inventory,not_requested,0,,run_not_in_certified_v2_inventory
2025-06-21T00:00:00+00:00,0,True,certified_v2_raw_archive,cache,240,data/raw/ecmwf_final_v85/2025/06/ecmwf_ifs_20250621_00.json.gz,
2025-06-21T12:00:00+00:00,12,True,certified_v2_raw_archive,cache,240,data/raw/ecmwf_final_v85/2025/06/ecmwf_ifs_20250621_12.json.gz,
2025-06-22T00:00:00+00:00,0,True,certified_v2_raw_archive,cache,240,data/raw/ecmwf_final_v85/2025/06/ecmwf_ifs_20250622_00.json.gz,
2025-06-22T12:00:00+00:00,12,False,historical_not_in_certified_inventory,not_requested,0,,run_not_in_certified_v2_inventory
2025-06-22T18:00:00+00:00,18,False,historical_not_in_certified_inventory,not_requested,0,,run_not_in_certified_v2_inventory
2025-06-23T00:00:00+00:00,0,False,historical_not_in_certified_inventory,not_requested,0,,run_not_in_certified_v2_inventory
2025-06-23T06:00:00+00:00,6,False,historical_not_in_certified_inventory,not_requested,0,,run_not_in_certified_v2_inventory
2025-06-23T12:00:00+00:00,12,False,historical_not_in_certified_inventory,not_requested,0,,run_not_in_certified_v2_inventory
2025-06-23T18:00:00+00:00,18,False,historical_not_in_certified_inventory,not_requested,0,,run_not_in_certified_v2_inventory
2025-06-24T00:00:00+00:00,0,True,certified_v2_raw_archive,cache,240,data/raw/ecmwf_final_v85/2025/06/ecmwf_ifs_20250624_00.json.gz,
2025-06-24T12:00:00+00:00,12,False,historical_not_in_certified_inventory,not_requested,0,,run_not_in_certified_v2_inventory
2025-06-24T18:00:00+00:00,18,False,historical_not_in_certified_inventory,not_requested,0,,run_not_in_certified_v2_inventory
2025-06-25T00:00:00+00:00,0,False,historical_not_in_certified_inventory,not_requested,0,,run_not_in_certified_v2_inventory
2025-06-25T06:00:00+00:00,6,False,historical_not_in_certified_inventory,not_requested,0,,run_not_in_certified_v2_inventory
2025-06-25T12:00:00+00:00,12,False,historical_not_in_certified_inventory,not_requested,0,,run_not_in_certified_v2_inventory
2025-06-25T18:00:00+00:00,18,True,certified_v2_raw_archive,cache,240,data/raw/ecmwf_final_v85/2025/06/ecmwf_ifs_20250625_18.json.gz,
2025-06-26T00:00:00+00:00,0,True,certified_v2_raw_archive,cache,240,data/raw/ecmwf_final_v85/2025/06/ecmwf_ifs_20250626_00.json.gz,
2025-06-26T12:00:00+00:00,12,False,historical_not_in_certified_inventory,not_requested,0,,run_not_in_certified_v2_inventory
2025-06-26T18:00:00+00:00,18,False,historical_not_in_certified_inventory,not_requested,0,,run_not_in_certified_v2_inventory
2025-06-27T00:00:00+00:00,0,True,certified_v2_raw_archive,cache,240,data/raw/ecmwf_final_v85/2025/06/ecmwf_ifs_20250627_00.json.gz,
2025-06-27T12:00:00+00:00,12,True,certified_v2_raw_archive,cache,240,data/raw/ecmwf_final_v85/2025/06/ecmwf_ifs_20250627_12.json.gz,
2025-06-28T00:00:00+00:00,0,True,certified_v2_raw_archive,cache,240,data/raw/ecmwf_final_v85/2025/06/ecmwf_ifs_20250628_00.json.gz,
2025-06-28T12:00:00+00:00,12,True,certified_v2_raw_archive,cache,240,data/raw/ecmwf_final_v85/2025/06/ecmwf_ifs_20250628_12.json.gz,
2025-06-29T00:00:00+00:00,0,False,historical_not_in_certified_inventory,not_requested,0,,run_not_in_certified_v2_inventory
2025-06-28T18:00:00+00:00,18,False,historical_not_in_certified_inventory,not_requested,0,,run_not_in_certified_v2_inventory
2025-06-29T06:00:00+00:00,6,False,historical_not_in_certified_inventory,not_requested,0,,run_not_in_certified_v2_inventory
2025-06-29T12:00:00+00:00,12,False,historical_not_in_certified_inventory,not_requested,0,,run_not_in_certified_v2_inventory
2025-06-29T18:00:00+00:00,18,True,certified_v2_raw_archive,cache,240,data/raw/ecmwf_final_v85/2025/06/ecmwf_ifs_20250629_18.json.gz,
2025-06-30T00:00:00+00:00,0,False,historical_not_in_certified_inventory,not_requested,0,,run_not_in_certified_v2_inventory
2025-06-30T06:00:00+00:00,6,True,certified_v2_raw_archive,cache,240,data/raw/ecmwf_final_v85/2025/06/ecmwf_ifs_20250630_06.json.gz,
2025-06-30T12:00:00+00:00,12,True,certified_v2_raw_archive,cache,240,data/raw/ecmwf_final_v85/2025/06/ecmwf_ifs_20250630_12.json.gz,
2025-07-01T00:00:00+00:00,0,True,certified_v2_raw_archive,cache,240,data/raw/ecmwf_final_v85/2025/07/ecmwf_ifs_20250701_00.json.gz,
2025-07-01T12:00:00+00:00,12,True,certified_v2_raw_archive,cache,240,data/raw/ecmwf_final_v85/2025/07/ecmwf_ifs_20250701_12.json.gz,
2025-07-02T00:00:00+00:00,0,True,certified_v2_raw_archive,cache,240,data/raw/ecmwf_final_v85/2025/07/ecmwf_ifs_20250702_00.json.gz,
2025-07-02T12:00:00+00:00,12,True,certified_v2_raw_archive,cache,240,data/raw/ecmwf_final_v85/2025/07/ecmwf_ifs_20250702_12.json.gz,
2025-07-03T00:00:00+00:00,0,True,certified_v2_raw_archive,cache,240,data/raw/ecmwf_final_v85/2025/07/ecmwf_ifs_20250703_00.json.gz,
2025-07-03T12:00:00+00:00,12,True,certified_v2_raw_archive,cache,240,data/raw/ecmwf_final_v85/2025/07/ecmwf_ifs_20250703_12.json.gz,
2025-07-04T00:00:00+00:00,0,True,certified_v2_raw_archive,cache,240,data/raw/ecmwf_final_v85/2025/07/ecmwf_ifs_20250704_00.json.gz,
2025-07-04T12:00:00+00:00,12,True,certified_v2_raw_archive,cache,240,data/raw/ecmwf_final_v85/2025/07/ecmwf_ifs_20250704_12.json.gz,
2025-07-05T00:00:00+00:00,0,True,certified_v2_raw_archive,cache,240,data/raw/ecmwf_final_v85/2025/07/ecmwf_ifs_20250705_00.json.gz,
2025-07-05T12:00:00+00:00,12,True,certified_v2_raw_archive,cache,240,data/raw/ecmwf_final_v85/2025/07/ecmwf_ifs_20250705_12.json.gz,
2025-07-06T00:00:00+00:00,0,True,certified_v2_raw_archive,cache,240,data/raw/ecmwf_final_v85/2025/07/ecmwf_ifs_20250706_00.json.gz,
2025-07-06T12:00:00+00:00,12,True,certified_v2_raw_archive,cache,240,data/raw/ecmwf_final_v85/2025/07/ecmwf_ifs_20250706_12.json.gz,
2025-07-07T00:00:00+00:00,0,True,certified_v2_raw_archive,cache,240,data/raw/ecmwf_final_v85/2025/07/ecmwf_ifs_20250707_00.json.gz,
2025-07-07T12:00:00+00:00,12,True,certified_v2_raw_archive,cache,240,data/raw/ecmwf_final_v85/2025/07/ecmwf_ifs_20250707_12.json.gz,
2025-07-08T00:00:00+00:00,0,True,certified_v2_raw_archive,cache,240,data/raw/ecmwf_final_v85/2025/07/ecmwf_ifs_20250708_00.json.gz,
2025-07-08T12:00:00+00:00,12,True,certified_v2_raw_archive,cache,240,data/raw/ecmwf_final_v85/2025/07/ecmwf_ifs_20250708_12.json.gz,
2025-07-09T00:00:00+00:00,0,True,certified_v2_raw_archive,cache,240,data/raw/ecmwf_final_v85/2025/07/ecmwf_ifs_20250709_00.json.gz,
2025-07-09T12:00:00+00:00,12,True,certified_v2_raw_archive,cache,240,data/raw/ecmwf_final_v85/2025/07/ecmwf_ifs_20250709_12.json.gz,
2025-07-10T00:00:00+00:00,0,True,certified_v2_raw_archive,cache,240,data/raw/ecmwf_final_v85/2025/07/ecmwf_ifs_20250710_00.json.gz,
2025-07-10T12:00:00+00:00,12,True,certified_v2_raw_archive,cache,240,data/raw/ecmwf_final_v85/2025/07/ecmwf_ifs_20250710_12.json.gz,
2025-07-11T00:00:00+00:00,0,True,certified_v2_raw_archive,cache,240,data/raw/ecmwf_final_v85/2025/07/ecmwf_ifs_20250711_00.json.gz,
2025-07-11T12:00:00+00:00,12,True,certified_v2_raw_archive,cache,240,data/raw/ecmwf_final_v85/2025/07/ecmwf_ifs_20250711_12.json.gz,
2025-07-12T00:00:00+00:00,0,True,certified_v2_raw_archive,cache,240,data/raw/ecmwf_final_v85/2025/07/ecmwf_ifs_20250712_00.json.gz,
2025-07-12T12:00:00+00:00,12,True,certified_v2_raw_archive,cache,240,data/raw/ecmwf_final_v85/2025/07/ecmwf_ifs_20250712_12.json.gz,
2025-07-13T00:00:00+00:00,0,True,certified_v2_raw_archive,cache,240,data/raw/ecmwf_final_v85/2025/07/ecmwf_ifs_20250713_00.json.gz,
2025-07-13T12:00:00+00:00,12,True,certified_v2_raw_archive,cache,240,data/raw/ecmwf_final_v85/2025/07/ecmwf_ifs_20250713_12.json.gz,
2025-07-14T00:00:00+00:00,0,True,certified_v2_raw_archive,cache,240,data/raw/ecmwf_final_v85/2025/07/ecmwf_ifs_20250714_00.json.gz,
2025-07-14T12:00:00+00:00,12,True,certified_v2_raw_archive,cache,240,data/raw/ecmwf_final_v85/2025/07/ecmwf_ifs_20250714_12.json.gz,
2025-07-15T00:00:00+00:00,0,True,certified_v2_raw_archive,cache,240,data/raw/ecmwf_final_v85/2025/07/ecmwf_ifs_20250715_00.json.gz,
2025-07-15T12:00:00+00:00,12,True,certified_v2_raw_archive,cache,240,data/raw/ecmwf_final_v85/2025/07/ecmwf_ifs_20250715_12.json.gz,
2025-07-16T00:00:00+00:00,0,True,certified_v2_raw_archive,cache,240,data/raw/ecmwf_final_v85/2025/07/ecmwf_ifs_20250716_00.json.gz,
2025-07-16T12:00:00+00:00,12,True,certified_v2_raw_archive,cache,240,data/raw/ecmwf_final_v85/2025/07/ecmwf_ifs_20250716_12.json.gz,
2025-07-17T00:00:00+00:00,0,True,certified_v2_raw_archive,cache,240,data/raw/ecmwf_final_v85/2025/07/ecmwf_ifs_20250717_00.json.gz,
2025-07-17T12:00:00+00:00,12,True,certified_v2_raw_archive,cache,240,data/raw/ecmwf_final_v85/2025/07/ecmwf_ifs_20250717_12.json.gz,
2025-07-18T00:00:00+00:00,0,True,certified_v2_raw_archive,cache,240,data/raw/ecmwf_final_v85/2025/07/ecmwf_ifs_20250718_00.json.gz,
2025-07-18T12:00:00+00:00,12,True,certified_v2_raw_archive,cache,240,data/raw/ecmwf_final_v85/2025/07/ecmwf_ifs_20250718_12.json.gz,
2025-07-19T00:00:00+00:00,0,True,certified_v2_raw_archive,cache,240,data/raw/ecmwf_final_v85/2025/07/ecmwf_ifs_20250719_00.json.gz,
2025-07-19T12:00:00+00:00,12,True,certified_v2_raw_archive,cache,240,data/raw/ecmwf_final_v85/2025/07/ecmwf_ifs_20250719_12.json.gz,
2025-07-20T00:00:00+00:00,0,True,certified_v2_raw_archive,cache,240,data/raw/ecmwf_final_v85/2025/07/ecmwf_ifs_20250720_00.json.gz,
2025-07-20T12:00:00+00:00,12,True,certified_v2_raw_archive,cache,240,data/raw/ecmwf_final_v85/2025/07/ecmwf_ifs_20250720_12.json.gz,
2025-07-21T00:00:00+00:00,0,True,certified_v2_raw_archive,cache,240,data/raw/ecmwf_final_v85/2025/07/ecmwf_ifs_20250721_00.json.gz,
2025-07-21T12:00:00+00:00,12,True,certified_v2_raw_archive,cache,240,data/raw/ecmwf_final_v85/2025/07/ecmwf_ifs_20250721_12.json.gz,
2025-07-22T00:00:00+00:00,0,True,certified_v2_raw_archive,cache,240,data/raw/ecmwf_final_v85/2025/07/ecmwf_ifs_20250722_00.json.gz,
2025-07-22T12:00:00+00:00,12,True,certified_v2_raw_archive,cache,240,data/raw/ecmwf_final_v85/2025/07/ecmwf_ifs_20250722_12.json.gz,
2025-07-23T00:00:00+00:00,0,True,certified_v2_raw_archive,cache,240,data/raw/ecmwf_final_v85/2025/07/ecmwf_ifs_20250723_00.json.gz,
2025-07-23T12:00:00+00:00,12,True,certified_v2_raw_archive,cache,240,data/raw/ecmwf_final_v85/2025/07/ecmwf_ifs_20250723_12.json.gz,
2025-07-24T00:00:00+00:00,0,True,certified_v2_raw_archive,cache,240,data/raw/ecmwf_final_v85/2025/07/ecmwf_ifs_20250724_00.json.gz,
2025-07-24T12:00:00+00:00,12,True,certified_v2_raw_archive,cache,240,data/raw/ecmwf_final_v85/2025/07/ecmwf_ifs_20250724_12.json.gz,
2025-07-25T00:00:00+00:00,0,True,certified_v2_raw_archive,cache,240,data/raw/ecmwf_final_v85/2025/07/ecmwf_ifs_20250725_00.json.gz,
2025-07-25T12:00:00+00:00,12,True,certified_v2_raw_archive,cache,240,data/raw/ecmwf_final_v85/2025/07/ecmwf_ifs_20250725_12.json.gz,
2025-07-26T00:00:00+00:00,0,True,certified_v2_raw_archive,cache,240,data/raw/ecmwf_final_v85/2025/07/ecmwf_ifs_20250726_00.json.gz,
2025-07-26T12:00:00+00:00,12,True,certified_v2_raw_archive,cache,240,data/raw/ecmwf_final_v85/2025/07/ecmwf_ifs_20250726_12.json.gz,
2025-07-27T00:00:00+00:00,0,True,certified_v2_raw_archive,cache,240,data/raw/ecmwf_final_v85/2025/07/ecmwf_ifs_20250727_00.json.gz,
2025-07-27T12:00:00+00:00,12,True,certified_v2_raw_archive,cache,240,data/raw/ecmwf_final_v85/2025/07/ecmwf_ifs_20250727_12.json.gz,
2025-07-28T00:00:00+00:00,0,True,certified_v2_raw_archive,cache,240,data/raw/ecmwf_final_v85/2025/07/ecmwf_ifs_20250728_00.json.gz,
2025-07-28T12:00:00+00:00,12,True,certified_v2_raw_archive,cache,240,data/raw/ecmwf_final_v85/2025/07/ecmwf_ifs_20250728_12.json.gz,
2025-07-29T00:00:00+00:00,0,True,certified_v2_raw_archive,cache,240,data/raw/ecmwf_final_v85/2025/07/ecmwf_ifs_20250729_00.json.gz,
2025-07-29T12:00:00+00:00,12,True,certified_v2_raw_archive,cache,240,data/raw/ecmwf_final_v85/2025/07/ecmwf_ifs_20250729_12.json.gz,
2025-07-30T00:00:00+00:00,0,True,certified_v2_raw_archive,cache,240,data/raw/ecmwf_final_v85/2025/07/ecmwf_ifs_20250730_00.json.gz,
2025-07-30T12:00:00+00:00,12,True,certified_v2_raw_archive,cache,240,data/raw/ecmwf_final_v85/2025/07/ecmwf_ifs_20250730_12.json.gz,
2025-07-31T00:00:00+00:00,0,True,certified_v2_raw_archive,cache,240,data/raw/ecmwf_final_v85/2025/07/ecmwf_ifs_20250731_00.json.gz,
2025-07-31T12:00:00+00:00,12,True,certified_v2_raw_archive,cache,240,data/raw/ecmwf_final_v85/2025/07/ecmwf_ifs_20250731_12.json.gz,
2025-08-01T00:00:00+00:00,0,True,certified_v2_raw_archive,cache,240,data/raw/ecmwf_final_v85/2025/08/ecmwf_ifs_20250801_00.json.gz,
2025-08-01T12:00:00+00:00,12,True,certified_v2_raw_archive,cache,240,data/raw/ecmwf_final_v85/2025/08/ecmwf_ifs_20250801_12.json.gz,
2025-08-02T00:00:00+00:00,0,True,certified_v2_raw_archive,cache,240,data/raw/ecmwf_final_v85/2025/08/ecmwf_ifs_20250802_00.json.gz,
2025-08-02T12:00:00+00:00,12,True,certified_v2_raw_archive,cache,240,data/raw/ecmwf_final_v85/2025/08/ecmwf_ifs_20250802_12.json.gz,
2025-08-03T00:00:00+00:00,0,True,certified_v2_raw_archive,cache,240,data/raw/ecmwf_final_v85/2025/08/ecmwf_ifs_20250803_00.json.gz,
2025-08-03T12:00:00+00:00,12,True,certified_v2_raw_archive,cache,240,data/raw/ecmwf_final_v85/2025/08/ecmwf_ifs_20250803_12.json.gz,
2025-08-04T00:00:00+00:00,0,True,certified_v2_raw_archive,cache,240,data/raw/ecmwf_final_v85/2025/08/ecmwf_ifs_20250804_00.json.gz,
2025-08-04T12:00:00+00:00,12,False,historical_not_in_certified_inventory,not_requested,0,,run_not_in_certified_v2_inventory
2025-08-04T18:00:00+00:00,18,False,historical_not_in_certified_inventory,not_requested,0,,run_not_in_certified_v2_inventory
2025-08-05T00:00:00+00:00,0,False,historical_not_in_certified_inventory,not_requested,0,,run_not_in_certified_v2_inventory
2025-08-05T06:00:00+00:00,6,False,historical_not_in_certified_inventory,not_requested,0,,run_not_in_certified_v2_inventory
2025-08-05T12:00:00+00:00,12,False,historical_not_in_certified_inventory,not_requested,0,,run_not_in_certified_v2_inventory
2025-08-05T18:00:00+00:00,18,True,certified_v2_raw_archive,cache,240,data/raw/ecmwf_final_v85/2025/08/ecmwf_ifs_20250805_18.json.gz,
2025-08-06T00:00:00+00:00,0,False,historical_not_in_certified_inventory,not_requested,0,,run_not_in_certified_v2_inventory
2025-08-06T06:00:00+00:00,6,True,certified_v2_raw_archive,cache,240,data/raw/ecmwf_final_v85/2025/08/ecmwf_ifs_20250806_06.json.gz,
2025-08-06T12:00:00+00:00,12,False,historical_not_in_certified_inventory,not_requested,0,,run_not_in_certified_v2_inventory
2025-08-06T18:00:00+00:00,18,False,historical_not_in_certified_inventory,not_requested,0,,run_not_in_certified_v2_inventory
2025-08-07T00:00:00+00:00,0,False,historical_not_in_certified_inventory,not_requested,0,,run_not_in_certified_v2_inventory
2025-08-07T06:00:00+00:00,6,True,certified_v2_raw_archive,cache,240,data/raw/ecmwf_final_v85/2025/08/ecmwf_ifs_20250807_06.json.gz,
2025-08-07T12:00:00+00:00,12,True,certified_v2_raw_archive,cache,240,data/raw/ecmwf_final_v85/2025/08/ecmwf_ifs_20250807_12.json.gz,
2025-08-08T00:00:00+00:00,0,False,historical_not_in_certified_inventory,not_requested,0,,run_not_in_certified_v2_inventory
2025-08-07T18:00:00+00:00,18,False,historical_not_in_certified_inventory,not_requested,0,,run_not_in_certified_v2_inventory
2025-08-08T06:00:00+00:00,6,True,certified_v2_raw_archive,cache,240,data/raw/ecmwf_final_v85/2025/08/ecmwf_ifs_20250808_06.json.gz,
2025-08-08T12:00:00+00:00,12,False,historical_not_in_certified_inventory,not_requested,0,,run_not_in_certified_v2_inventory
2025-08-08T18:00:00+00:00,18,True,certified_v2_raw_archive,cache,240,data/raw/ecmwf_final_v85/2025/08/ecmwf_ifs_20250808_18.json.gz,
2025-08-09T00:00:00+00:00,0,False,historical_not_in_certified_inventory,not_requested,0,,run_not_in_certified_v2_inventory
2025-08-09T06:00:00+00:00,6,True,certified_v2_raw_archive,cache,240,data/raw/ecmwf_final_v85/2025/08/ecmwf_ifs_20250809_06.json.gz,
2025-08-09T12:00:00+00:00,12,True,certified_v2_raw_archive,cache,240,data/raw/ecmwf_final_v85/2025/08/ecmwf_ifs_20250809_12.json.gz,
2025-08-10T00:00:00+00:00,0,True,certified_v2_raw_archive,cache,240,data/raw/ecmwf_final_v85/2025/08/ecmwf_ifs_20250810_00.json.gz,
2025-08-10T12:00:00+00:00,12,True,certified_v2_raw_archive,cache,240,data/raw/ecmwf_final_v85/2025/08/ecmwf_ifs_20250810_12.json.gz,
2025-08-11T00:00:00+00:00,0,True,certified_v2_raw_archive,cache,240,data/raw/ecmwf_final_v85/2025/08/ecmwf_ifs_20250811_00.json.gz,
2025-08-11T12:00:00+00:00,12,True,certified_v2_raw_archive,cache,240,data/raw/ecmwf_final_v85/2025/08/ecmwf_ifs_20250811_12.json.gz,
2025-08-12T00:00:00+00:00,0,True,certified_v2_raw_archive,cache,240,data/raw/ecmwf_final_v85/2025/08/ecmwf_ifs_20250812_00.json.gz,
2025-08-12T12:00:00+00:00,12,True,certified_v2_raw_archive,cache,240,data/raw/ecmwf_final_v85/2025/08/ecmwf_ifs_20250812_12.json.gz,
2025-08-13T00:00:00+00:00,0,True,certified_v2_raw_archive,cache,240,data/raw/ecmwf_final_v85/2025/08/ecmwf_ifs_20250813_00.json.gz,
2025-08-13T12:00:00+00:00,12,True,certified_v2_raw_archive,cache,240,data/raw/ecmwf_final_v85/2025/08/ecmwf_ifs_20250813_12.json.gz,
2025-08-14T00:00:00+00:00,0,True,certified_v2_raw_archive,cache,240,data/raw/ecmwf_final_v85/2025/08/ecmwf_ifs_20250814_00.json.gz,
2025-08-14T12:00:00+00:00,12,True,certified_v2_raw_archive,cache,240,data/raw/ecmwf_final_v85/2025/08/ecmwf_ifs_20250814_12.json.gz,
2025-08-15T00:00:00+00:00,0,True,certified_v2_raw_archive,cache,240,data/raw/ecmwf_final_v85/2025/08/ecmwf_ifs_20250815_00.json.gz,
2025-08-15T12:00:00+00:00,12,True,certified_v2_raw_archive,cache,240,data/raw/ecmwf_final_v85/2025/08/ecmwf_ifs_20250815_12.json.gz,
2025-08-16T00:00:00+00:00,0,True,certified_v2_raw_archive,cache,240,data/raw/ecmwf_final_v85/2025/08/ecmwf_ifs_20250816_00.json.gz,
2025-08-16T12:00:00+00:00,12,True,certified_v2_raw_archive,cache,240,data/raw/ecmwf_final_v85/2025/08/ecmwf_ifs_20250816_12.json.gz,
2025-08-17T00:00:00+00:00,0,True,certified_v2_raw_archive,cache,240,data/raw/ecmwf_final_v85/2025/08/ecmwf_ifs_20250817_00.json.gz,
2025-08-17T12:00:00+00:00,12,True,certified_v2_raw_archive,cache,240,data/raw/ecmwf_final_v85/2025/08/ecmwf_ifs_20250817_12.json.gz,
2025-08-18T00:00:00+00:00,0,True,certified_v2_raw_archive,cache,240,data/raw/ecmwf_final_v85/2025/08/ecmwf_ifs_20250818_00.json.gz,
2025-08-18T12:00:00+00:00,12,True,certified_v2_raw_archive,cache,240,data/raw/ecmwf_final_v85/2025/08/ecmwf_ifs_20250818_12.json.gz,
2025-08-19T00:00:00+00:00,0,True,certified_v2_raw_archive,cache,240,data/raw/ecmwf_final_v85/2025/08/ecmwf_ifs_20250819_00.json.gz,
2025-08-19T12:00:00+00:00,12,True,certified_v2_raw_archive,cache,240,data/raw/ecmwf_final_v85/2025/08/ecmwf_ifs_20250819_12.json.gz,
2025-08-20T00:00:00+00:00,0,True,certified_v2_raw_archive,cache,240,data/raw/ecmwf_final_v85/2025/08/ecmwf_ifs_20250820_00.json.gz,
2025-08-20T12:00:00+00:00,12,True,certified_v2_raw_archive,cache,240,data/raw/ecmwf_final_v85/2025/08/ecmwf_ifs_20250820_12.json.gz,
2025-08-21T00:00:00+00:00,0,True,certified_v2_raw_archive,cache,240,data/raw/ecmwf_final_v85/2025/08/ecmwf_ifs_20250821_00.json.gz,
2025-08-21T12:00:00+00:00,12,True,certified_v2_raw_archive,cache,240,data/raw/ecmwf_final_v85/2025/08/ecmwf_ifs_20250821_12.json.gz,
2025-08-22T00:00:00+00:00,0,True,certified_v2_raw_archive,cache,240,data/raw/ecmwf_final_v85/2025/08/ecmwf_ifs_20250822_00.json.gz,
2025-08-22T12:00:00+00:00,12,True,certified_v2_raw_archive,cache,240,data/raw/ecmwf_final_v85/2025/08/ecmwf_ifs_20250822_12.json.gz,
2025-08-23T00:00:00+00:00,0,True,certified_v2_raw_archive,cache,240,data/raw/ecmwf_final_v85/2025/08/ecmwf_ifs_20250823_00.json.gz,
2025-08-23T12:00:00+00:00,12,True,certified_v2_raw_archive,cache,240,data/raw/ecmwf_final_v85/2025/08/ecmwf_ifs_20250823_12.json.gz,
2025-08-24T00:00:00+00:00,0,True,certified_v2_raw_archive,cache,240,data/raw/ecmwf_final_v85/2025/08/ecmwf_ifs_20250824_00.json.gz,
2025-08-24T12:00:00+00:00,12,True,certified_v2_raw_archive,cache,240,data/raw/ecmwf_final_v85/2025/08/ecmwf_ifs_20250824_12.json.gz,
2025-08-25T00:00:00+00:00,0,True,certified_v2_raw_archive,cache,240,data/raw/ecmwf_final_v85/2025/08/ecmwf_ifs_20250825_00.json.gz,
2025-08-25T12:00:00+00:00,12,True,certified_v2_raw_archive,cache,240,data/raw/ecmwf_final_v85/2025/08/ecmwf_ifs_20250825_12.json.gz,
2025-08-26T00:00:00+00:00,0,True,certified_v2_raw_archive,cache,240,data/raw/ecmwf_final_v85/2025/08/ecmwf_ifs_20250826_00.json.gz,
2025-08-26T12:00:00+00:00,12,True,certified_v2_raw_archive,cache,240,data/raw/ecmwf_final_v85/2025/08/ecmwf_ifs_20250826_12.json.gz,
2025-08-27T00:00:00+00:00,0,True,certified_v2_raw_archive,cache,240,data/raw/ecmwf_final_v85/2025/08/ecmwf_ifs_20250827_00.json.gz,
2025-08-27T12:00:00+00:00,12,True,certified_v2_raw_archive,cache,240,data/raw/ecmwf_final_v85/2025/08/ecmwf_ifs_20250827_12.json.gz,
2025-08-28T00:00:00+00:00,0,True,certified_v2_raw_archive,cache,240,data/raw/ecmwf_final_v85/2025/08/ecmwf_ifs_20250828_00.json.gz,
2025-08-28T12:00:00+00:00,12,True,certified_v2_raw_archive,cache,240,data/raw/ecmwf_final_v85/2025/08/ecmwf_ifs_20250828_12.json.gz,
2025-08-29T00:00:00+00:00,0,True,certified_v2_raw_archive,cache,240,data/raw/ecmwf_final_v85/2025/08/ecmwf_ifs_20250829_00.json.gz,
2025-08-29T12:00:00+00:00,12,True,certified_v2_raw_archive,cache,240,data/raw/ecmwf_final_v85/2025/08/ecmwf_ifs_20250829_12.json.gz,
2025-08-30T00:00:00+00:00,0,True,certified_v2_raw_archive,cache,240,data/raw/ecmwf_final_v85/2025/08/ecmwf_ifs_20250830_00.json.gz,
2025-08-30T12:00:00+00:00,12,True,certified_v2_raw_archive,cache,240,data/raw/ecmwf_final_v85/2025/08/ecmwf_ifs_20250830_12.json.gz,
2025-08-31T00:00:00+00:00,0,True,certified_v2_raw_archive,cache,240,data/raw/ecmwf_final_v85/2025/08/ecmwf_ifs_20250831_00.json.gz,
2025-08-31T12:00:00+00:00,12,True,certified_v2_raw_archive,cache,240,data/raw/ecmwf_final_v85/2025/08/ecmwf_ifs_20250831_12.json.gz,
2025-09-01T00:00:00+00:00,0,True,certified_v2_raw_archive,cache,240,data/raw/ecmwf_final_v85/2025/09/ecmwf_ifs_20250901_00.json.gz,
2025-09-01T12:00:00+00:00,12,True,certified_v2_raw_archive,cache,240,data/raw/ecmwf_final_v85/2025/09/ecmwf_ifs_20250901_12.json.gz,
2025-09-02T00:00:00+00:00,0,True,certified_v2_raw_archive,cache,240,data/raw/ecmwf_final_v85/2025/09/ecmwf_ifs_20250902_00.json.gz,
2025-09-02T12:00:00+00:00,12,True,certified_v2_raw_archive,cache,240,data/raw/ecmwf_final_v85/2025/09/ecmwf_ifs_20250902_12.json.gz,
2025-09-03T00:00:00+00:00,0,True,certified_v2_raw_archive,cache,240,data/raw/ecmwf_final_v85/2025/09/ecmwf_ifs_20250903_00.json.gz,
2025-09-03T12:00:00+00:00,12,True,certified_v2_raw_archive,cache,240,data/raw/ecmwf_final_v85/2025/09/ecmwf_ifs_20250903_12.json.gz,
2025-09-04T00:00:00+00:00,0,True,certified_v2_raw_archive,cache,240,data/raw/ecmwf_final_v85/2025/09/ecmwf_ifs_20250904_00.json.gz,
2025-09-04T12:00:00+00:00,12,True,certified_v2_raw_archive,cache,240,data/raw/ecmwf_final_v85/2025/09/ecmwf_ifs_20250904_12.json.gz,
2025-09-05T00:00:00+00:00,0,True,certified_v2_raw_archive,cache,240,data/raw/ecmwf_final_v85/2025/09/ecmwf_ifs_20250905_00.json.gz,
2025-09-05T12:00:00+00:00,12,True,certified_v2_raw_archive,cache,240,data/raw/ecmwf_final_v85/2025/09/ecmwf_ifs_20250905_12.json.gz,
2025-09-06T00:00:00+00:00,0,True,certified_v2_raw_archive,cache,240,data/raw/ecmwf_final_v85/2025/09/ecmwf_ifs_20250906_00.json.gz,
2025-09-06T12:00:00+00:00,12,True,certified_v2_raw_archive,cache,240,data/raw/ecmwf_final_v85/2025/09/ecmwf_ifs_20250906_12.json.gz,
2025-09-07T00:00:00+00:00,0,True,certified_v2_raw_archive,cache,240,data/raw/ecmwf_final_v85/2025/09/ecmwf_ifs_20250907_00.json.gz,
2025-09-07T12:00:00+00:00,12,True,certified_v2_raw_archive,cache,240,data/raw/ecmwf_final_v85/2025/09/ecmwf_ifs_20250907_12.json.gz,
2025-09-08T00:00:00+00:00,0,True,certified_v2_raw_archive,cache,240,data/raw/ecmwf_final_v85/2025/09/ecmwf_ifs_20250908_00.json.gz,
2025-09-08T12:00:00+00:00,12,True,certified_v2_raw_archive,cache,240,data/raw/ecmwf_final_v85/2025/09/ecmwf_ifs_20250908_12.json.gz,
2025-09-09T00:00:00+00:00,0,True,certified_v2_raw_archive,cache,240,data/raw/ecmwf_final_v85/2025/09/ecmwf_ifs_20250909_00.json.gz,
2025-09-09T12:00:00+00:00,12,True,certified_v2_raw_archive,cache,240,data/raw/ecmwf_final_v85/2025/09/ecmwf_ifs_20250909_12.json.gz,
2025-09-10T00:00:00+00:00,0,True,certified_v2_raw_archive,cache,240,data/raw/ecmwf_final_v85/2025/09/ecmwf_ifs_20250910_00.json.gz,
2025-09-10T12:00:00+00:00,12,True,certified_v2_raw_archive,cache,240,data/raw/ecmwf_final_v85/2025/09/ecmwf_ifs_20250910_12.json.gz,
2025-09-11T00:00:00+00:00,0,True,certified_v2_raw_archive,cache,240,data/raw/ecmwf_final_v85/2025/09/ecmwf_ifs_20250911_00.json.gz,
2025-09-11T12:00:00+00:00,12,True,certified_v2_raw_archive,cache,240,data/raw/ecmwf_final_v85/2025/09/ecmwf_ifs_20250911_12.json.gz,
2025-09-12T00:00:00+00:00,0,True,certified_v2_raw_archive,cache,240,data/raw/ecmwf_final_v85/2025/09/ecmwf_ifs_20250912_00.json.gz,
2025-09-12T12:00:00+00:00,12,True,certified_v2_raw_archive,cache,240,data/raw/ecmwf_final_v85/2025/09/ecmwf_ifs_20250912_12.json.gz,
2025-09-13T00:00:00+00:00,0,False,historical_not_in_certified_inventory,not_requested,0,,run_not_in_certified_v2_inventory
2025-09-12T18:00:00+00:00,18,False,historical_not_in_certified_inventory,not_requested,0,,run_not_in_certified_v2_inventory
2025-09-13T06:00:00+00:00,6,True,certified_v2_raw_archive,cache,240,data/raw/ecmwf_final_v85/2025/09/ecmwf_ifs_20250913_06.json.gz,
2025-09-13T12:00:00+00:00,12,True,certified_v2_raw_archive,cache,240,data/raw/ecmwf_final_v85/2025/09/ecmwf_ifs_20250913_12.json.gz,
2025-09-14T00:00:00+00:00,0,True,certified_v2_raw_archive,cache,240,data/raw/ecmwf_final_v85/2025/09/ecmwf_ifs_20250914_00.json.gz,
2025-09-14T12:00:00+00:00,12,True,certified_v2_raw_archive,cache,240,data/raw/ecmwf_final_v85/2025/09/ecmwf_ifs_20250914_12.json.gz,
2025-09-15T00:00:00+00:00,0,True,certified_v2_raw_archive,cache,240,data/raw/ecmwf_final_v85/2025/09/ecmwf_ifs_20250915_00.json.gz,
2025-09-15T12:00:00+00:00,12,False,historical_not_in_certified_inventory,not_requested,0,,run_not_in_certified_v2_inventory
2025-09-15T18:00:00+00:00,18,True,certified_v2_raw_archive,cache,240,data/raw/ecmwf_final_v85/2025/09/ecmwf_ifs_20250915_18.json.gz,
2025-09-16T00:00:00+00:00,0,True,certified_v2_raw_archive,cache,240,data/raw/ecmwf_final_v85/2025/09/ecmwf_ifs_20250916_00.json.gz,
2025-09-16T12:00:00+00:00,12,False,historical_not_in_certified_inventory,not_requested,0,,run_not_in_certified_v2_inventory
2025-09-16T18:00:00+00:00,18,True,certified_v2_raw_archive,cache,240,data/raw/ecmwf_final_v85/2025/09/ecmwf_ifs_20250916_18.json.gz,
2025-09-17T00:00:00+00:00,0,False,historical_not_in_certified_inventory,not_requested,0,,run_not_in_certified_v2_inventory
2025-09-17T06:00:00+00:00,6,False,historical_not_in_certified_inventory,not_requested,0,,run_not_in_certified_v2_inventory
2025-09-17T12:00:00+00:00,12,False,historical_not_in_certified_inventory,not_requested,0,,run_not_in_certified_v2_inventory
2025-09-17T18:00:00+00:00,18,True,certified_v2_raw_archive,cache,240,data/raw/ecmwf_final_v85/2025/09/ecmwf_ifs_20250917_18.json.gz,
2025-09-18T00:00:00+00:00,0,False,historical_not_in_certified_inventory,not_requested,0,,run_not_in_certified_v2_inventory
2025-09-18T06:00:00+00:00,6,True,certified_v2_raw_archive,cache,240,data/raw/ecmwf_final_v85/2025/09/ecmwf_ifs_20250918_06.json.gz,
2025-09-18T12:00:00+00:00,12,False,historical_not_in_certified_inventory,not_requested,0,,run_not_in_certified_v2_inventory
2025-09-18T18:00:00+00:00,18,True,certified_v2_raw_archive,cache,240,data/raw/ecmwf_final_v85/2025/09/ecmwf_ifs_20250918_18.json.gz,
2025-09-19T00:00:00+00:00,0,False,historical_not_in_certified_inventory,not_requested,0,,run_not_in_certified_v2_inventory
2025-09-19T06:00:00+00:00,6,True,certified_v2_raw_archive,cache,240,data/raw/ecmwf_final_v85/2025/09/ecmwf_ifs_20250919_06.json.gz,
2025-09-19T12:00:00+00:00,12,True,certified_v2_raw_archive,cache,240,data/raw/ecmwf_final_v85/2025/09/ecmwf_ifs_20250919_12.json.gz,
2025-09-20T00:00:00+00:00,0,False,historical_not_in_certified_inventory,not_requested,0,,run_not_in_certified_v2_inventory
2025-09-19T18:00:00+00:00,18,True,certified_v2_raw_archive,cache,240,data/raw/ecmwf_final_v85/2025/09/ecmwf_ifs_20250919_18.json.gz,
2025-09-20T06:00:00+00:00,6,True,certified_v2_raw_archive,cache,240,data/raw/ecmwf_final_v85/2025/09/ecmwf_ifs_20250920_06.json.gz,
2025-09-20T12:00:00+00:00,12,False,historical_not_in_certified_inventory,not_requested,0,,run_not_in_certified_v2_inventory
2025-09-20T18:00:00+00:00,18,False,historical_not_in_certified_inventory,not_requested,0,,run_not_in_certified_v2_inventory
2025-09-21T00:00:00+00:00,0,False,historical_not_in_certified_inventory,not_requested,0,,run_not_in_certified_v2_inventory
2025-09-21T06:00:00+00:00,6,True,certified_v2_raw_archive,cache,240,data/raw/ecmwf_final_v85/2025/09/ecmwf_ifs_20250921_06.json.gz,
2025-09-21T12:00:00+00:00,12,True,certified_v2_raw_archive,cache,240,data/raw/ecmwf_final_v85/2025/09/ecmwf_ifs_20250921_12.json.gz,
2025-09-22T00:00:00+00:00,0,True,certified_v2_raw_archive,cache,240,data/raw/ecmwf_final_v85/2025/09/ecmwf_ifs_20250922_00.json.gz,
2025-09-22T12:00:00+00:00,12,True,certified_v2_raw_archive,cache,240,data/raw/ecmwf_final_v85/2025/09/ecmwf_ifs_20250922_12.json.gz,
2025-09-23T00:00:00+00:00,0,False,historical_not_in_certified_inventory,not_requested,0,,run_not_in_certified_v2_inventory
2025-09-22T18:00:00+00:00,18,False,historical_not_in_certified_inventory,not_requested,0,,run_not_in_certified_v2_inventory
2025-09-23T06:00:00+00:00,6,True,certified_v2_raw_archive,cache,240,data/raw/ecmwf_final_v85/2025/09/ecmwf_ifs_20250923_06.json.gz,
2025-09-23T12:00:00+00:00,12,False,historical_not_in_certified_inventory,not_requested,0,,run_not_in_certified_v2_inventory
2025-09-23T18:00:00+00:00,18,False,historical_not_in_certified_inventory,not_requested,0,,run_not_in_certified_v2_inventory
2025-09-24T00:00:00+00:00,0,False,historical_not_in_certified_inventory,not_requested,0,,run_not_in_certified_v2_inventory
2025-09-24T06:00:00+00:00,6,False,historical_not_in_certified_inventory,not_requested,0,,run_not_in_certified_v2_inventory
2025-09-24T12:00:00+00:00,12,False,historical_not_in_certified_inventory,not_requested,0,,run_not_in_certified_v2_inventory
2025-09-24T18:00:00+00:00,18,False,historical_not_in_certified_inventory,not_requested,0,,run_not_in_certified_v2_inventory
2025-09-25T00:00:00+00:00,0,True,certified_v2_raw_archive,cache,240,data/raw/ecmwf_final_v85/2025/09/ecmwf_ifs_20250925_00.json.gz,
2025-09-25T12:00:00+00:00,12,False,historical_not_in_certified_inventory,not_requested,0,,run_not_in_certified_v2_inventory
2025-09-25T18:00:00+00:00,18,True,certified_v2_raw_archive,cache,240,data/raw/ecmwf_final_v85/2025/09/ecmwf_ifs_20250925_18.json.gz,
2025-09-26T00:00:00+00:00,0,False,historical_not_in_certified_inventory,not_requested,0,,run_not_in_certified_v2_inventory
2025-09-26T06:00:00+00:00,6,True,certified_v2_raw_archive,cache,240,data/raw/ecmwf_final_v85/2025/09/ecmwf_ifs_20250926_06.json.gz,
2025-09-26T12:00:00+00:00,12,False,historical_not_in_certified_inventory,not_requested,0,,run_not_in_certified_v2_inventory
2025-09-26T18:00:00+00:00,18,False,historical_not_in_certified_inventory,not_requested,0,,run_not_in_certified_v2_inventory
2025-09-27T00:00:00+00:00,0,False,historical_not_in_certified_inventory,not_requested,0,,run_not_in_certified_v2_inventory
2025-09-27T06:00:00+00:00,6,False,historical_not_in_certified_inventory,not_requested,0,,run_not_in_certified_v2_inventory
2025-09-27T12:00:00+00:00,12,False,historical_not_in_certified_inventory,not_requested,0,,run_not_in_certified_v2_inventory
2025-09-27T18:00:00+00:00,18,True,certified_v2_raw_archive,cache,240,data/raw/ecmwf_final_v85/2025/09/ecmwf_ifs_20250927_18.json.gz,
2025-09-28T00:00:00+00:00,0,False,historical_not_in_certified_inventory,not_requested,0,,run_not_in_certified_v2_inventory
2025-09-28T06:00:00+00:00,6,False,historical_not_in_certified_inventory,not_requested,0,,run_not_in_certified_v2_inventory
2025-09-28T12:00:00+00:00,12,False,historical_not_in_certified_inventory,not_requested,0,,run_not_in_certified_v2_inventory
2025-09-28T18:00:00+00:00,18,True,certified_v2_raw_archive,cache,240,data/raw/ecmwf_final_v85/2025/09/ecmwf_ifs_20250928_18.json.gz,
2025-09-29T00:00:00+00:00,0,True,certified_v2_raw_archive,cache,240,data/raw/ecmwf_final_v85/2025/09/ecmwf_ifs_20250929_00.json.gz,
2025-09-29T12:00:00+00:00,12,True,certified_v2_raw_archive,cache,240,data/raw/ecmwf_final_v85/2025/09/ecmwf_ifs_20250929_12.json.gz,
2025-09-30T00:00:00+00:00,0,True,certified_v2_raw_archive,cache,240,data/raw/ecmwf_final_v85/2025/09/ecmwf_ifs_20250930_00.json.gz,
2025-09-30T12:00:00+00:00,12,True,certified_v2_raw_archive,cache,240,data/raw/ecmwf_final_v85/2025/09/ecmwf_ifs_20250930_12.json.gz,
2025-10-01T00:00:00+00:00,0,True,certified_v2_raw_archive,cache,240,data/raw/ecmwf_final_v85/2025/10/ecmwf_ifs_20251001_00.json.gz,
2025-10-01T12:00:00+00:00,12,True,certified_v2_raw_archive,cache,240,data/raw/ecmwf_final_v85/2025/10/ecmwf_ifs_20251001_12.json.gz,
2025-10-02T00:00:00+00:00,0,True,certified_v2_raw_archive,cache,240,data/raw/ecmwf_final_v85/2025/10/ecmwf_ifs_20251002_00.json.gz,
2025-10-02T12:00:00+00:00,12,True,certified_v2_raw_archive,cache,240,data/raw/ecmwf_final_v85/2025/10/ecmwf_ifs_20251002_12.json.gz,
2025-10-03T00:00:00+00:00,0,True,certified_v2_raw_archive,cache,240,data/raw/ecmwf_final_v85/2025/10/ecmwf_ifs_20251003_00.json.gz,
2025-10-03T12:00:00+00:00,12,True,certified_v2_raw_archive,cache,240,data/raw/ecmwf_final_v85/2025/10/ecmwf_ifs_20251003_12.json.gz,
2025-10-04T00:00:00+00:00,0,True,certified_v2_raw_archive,cache,240,data/raw/ecmwf_final_v85/2025/10/ecmwf_ifs_20251004_00.json.gz,
2025-10-04T12:00:00+00:00,12,True,certified_v2_raw_archive,cache,240,data/raw/ecmwf_final_v85/2025/10/ecmwf_ifs_20251004_12.json.gz,
2025-10-05T00:00:00+00:00,0,True,certified_v2_raw_archive,cache,240,data/raw/ecmwf_final_v85/2025/10/ecmwf_ifs_20251005_00.json.gz,
2025-10-05T12:00:00+00:00,12,True,certified_v2_raw_archive,cache,240,data/raw/ecmwf_final_v85/2025/10/ecmwf_ifs_20251005_12.json.gz,
2025-10-06T00:00:00+00:00,0,True,certified_v2_raw_archive,cache,240,data/raw/ecmwf_final_v85/2025/10/ecmwf_ifs_20251006_00.json.gz,
2025-10-06T12:00:00+00:00,12,True,certified_v2_raw_archive,cache,240,data/raw/ecmwf_final_v85/2025/10/ecmwf_ifs_20251006_12.json.gz,
2025-10-07T00:00:00+00:00,0,True,certified_v2_raw_archive,cache,240,data/raw/ecmwf_final_v85/2025/10/ecmwf_ifs_20251007_00.json.gz,
2025-10-07T12:00:00+00:00,12,True,certified_v2_raw_archive,cache,240,data/raw/ecmwf_final_v85/2025/10/ecmwf_ifs_20251007_12.json.gz,
2025-10-08T00:00:00+00:00,0,True,certified_v2_raw_archive,cache,240,data/raw/ecmwf_final_v85/2025/10/ecmwf_ifs_20251008_00.json.gz,
2025-10-08T12:00:00+00:00,12,True,certified_v2_raw_archive,cache,240,data/raw/ecmwf_final_v85/2025/10/ecmwf_ifs_20251008_12.json.gz,
2025-10-09T00:00:00+00:00,0,True,certified_v2_raw_archive,cache,240,data/raw/ecmwf_final_v85/2025/10/ecmwf_ifs_20251009_00.json.gz,
2025-10-09T12:00:00+00:00,12,True,certified_v2_raw_archive,cache,240,data/raw/ecmwf_final_v85/2025/10/ecmwf_ifs_20251009_12.json.gz,
2025-10-10T00:00:00+00:00,0,True,certified_v2_raw_archive,cache,240,data/raw/ecmwf_final_v85/2025/10/ecmwf_ifs_20251010_00.json.gz,
2025-10-10T12:00:00+00:00,12,True,certified_v2_raw_archive,cache,240,data/raw/ecmwf_final_v85/2025/10/ecmwf_ifs_20251010_12.json.gz,
2025-10-11T00:00:00+00:00,0,True,certified_v2_raw_archive,cache,240,data/raw/ecmwf_final_v85/2025/10/ecmwf_ifs_20251011_00.json.gz,
2025-10-11T12:00:00+00:00,12,True,certified_v2_raw_archive,cache,240,data/raw/ecmwf_final_v85/2025/10/ecmwf_ifs_20251011_12.json.gz,
2025-10-12T00:00:00+00:00,0,True,certified_v2_raw_archive,cache,240,data/raw/ecmwf_final_v85/2025/10/ecmwf_ifs_20251012_00.json.gz,
2025-10-12T12:00:00+00:00,12,True,certified_v2_raw_archive,cache,240,data/raw/ecmwf_final_v85/2025/10/ecmwf_ifs_20251012_12.json.gz,
2025-10-13T00:00:00+00:00,0,True,certified_v2_raw_archive,cache,240,data/raw/ecmwf_final_v85/2025/10/ecmwf_ifs_20251013_00.json.gz,
2025-10-13T12:00:00+00:00,12,True,certified_v2_raw_archive,cache,240,data/raw/ecmwf_final_v85/2025/10/ecmwf_ifs_20251013_12.json.gz,
2025-10-14T00:00:00+00:00,0,True,certified_v2_raw_archive,cache,240,data/raw/ecmwf_final_v85/2025/10/ecmwf_ifs_20251014_00.json.gz,
2025-10-14T12:00:00+00:00,12,True,certified_v2_raw_archive,cache,240,data/raw/ecmwf_final_v85/2025/10/ecmwf_ifs_20251014_12.json.gz,
2025-10-15T00:00:00+00:00,0,True,certified_v2_raw_archive,cache,240,data/raw/ecmwf_final_v85/2025/10/ecmwf_ifs_20251015_00.json.gz,
2025-10-15T12:00:00+00:00,12,True,certified_v2_raw_archive,cache,240,data/raw/ecmwf_final_v85/2025/10/ecmwf_ifs_20251015_12.json.gz,
2025-10-16T00:00:00+00:00,0,True,certified_v2_raw_archive,cache,240,data/raw/ecmwf_final_v85/2025/10/ecmwf_ifs_20251016_00.json.gz,
2025-10-16T12:00:00+00:00,12,True,certified_v2_raw_archive,cache,240,data/raw/ecmwf_final_v85/2025/10/ecmwf_ifs_20251016_12.json.gz,
2025-10-17T00:00:00+00:00,0,True,certified_v2_raw_archive,cache,240,data/raw/ecmwf_final_v85/2025/10/ecmwf_ifs_20251017_00.json.gz,
2025-10-17T12:00:00+00:00,12,True,certified_v2_raw_archive,cache,240,data/raw/ecmwf_final_v85/2025/10/ecmwf_ifs_20251017_12.json.gz,
2025-10-18T00:00:00+00:00,0,True,certified_v2_raw_archive,cache,240,data/raw/ecmwf_final_v85/2025/10/ecmwf_ifs_20251018_00.json.gz,
2025-10-18T12:00:00+00:00,12,True,certified_v2_raw_archive,cache,240,data/raw/ecmwf_final_v85/2025/10/ecmwf_ifs_20251018_12.json.gz,
2025-10-19T00:00:00+00:00,0,True,certified_v2_raw_archive,cache,240,data/raw/ecmwf_final_v85/2025/10/ecmwf_ifs_20251019_00.json.gz,
2025-10-19T12:00:00+00:00,12,True,certified_v2_raw_archive,cache,240,data/raw/ecmwf_final_v85/2025/10/ecmwf_ifs_20251019_12.json.gz,
2025-10-20T00:00:00+00:00,0,True,certified_v2_raw_archive,cache,240,data/raw/ecmwf_final_v85/2025/10/ecmwf_ifs_20251020_00.json.gz,
2025-10-20T12:00:00+00:00,12,True,certified_v2_raw_archive,cache,240,data/raw/ecmwf_final_v85/2025/10/ecmwf_ifs_20251020_12.json.gz,
2025-10-21T00:00:00+00:00,0,True,certified_v2_raw_archive,cache,240,data/raw/ecmwf_final_v85/2025/10/ecmwf_ifs_20251021_00.json.gz,
2025-10-21T12:00:00+00:00,12,True,certified_v2_raw_archive,cache,240,data/raw/ecmwf_final_v85/2025/10/ecmwf_ifs_20251021_12.json.gz,
2025-10-22T00:00:00+00:00,0,True,certified_v2_raw_archive,cache,240,data/raw/ecmwf_final_v85/2025/10/ecmwf_ifs_20251022_00.json.gz,
2025-10-22T12:00:00+00:00,12,True,certified_v2_raw_archive,cache,240,data/raw/ecmwf_final_v85/2025/10/ecmwf_ifs_20251022_12.json.gz,
2025-10-23T00:00:00+00:00,0,True,certified_v2_raw_archive,cache,240,data/raw/ecmwf_final_v85/2025/10/ecmwf_ifs_20251023_00.json.gz,
2025-10-23T12:00:00+00:00,12,True,certified_v2_raw_archive,cache,240,data/raw/ecmwf_final_v85/2025/10/ecmwf_ifs_20251023_12.json.gz,
2025-10-24T00:00:00+00:00,0,True,certified_v2_raw_archive,cache,240,data/raw/ecmwf_final_v85/2025/10/ecmwf_ifs_20251024_00.json.gz,
2025-10-24T12:00:00+00:00,12,True,certified_v2_raw_archive,cache,240,data/raw/ecmwf_final_v85/2025/10/ecmwf_ifs_20251024_12.json.gz,
2025-10-25T00:00:00+00:00,0,True,certified_v2_raw_archive,cache,240,data/raw/ecmwf_final_v85/2025/10/ecmwf_ifs_20251025_00.json.gz,
2025-10-25T12:00:00+00:00,12,True,certified_v2_raw_archive,cache,240,data/raw/ecmwf_final_v85/2025/10/ecmwf_ifs_20251025_12.json.gz,
2025-10-26T00:00:00+00:00,0,True,certified_v2_raw_archive,cache,240,data/raw/ecmwf_final_v85/2025/10/ecmwf_ifs_20251026_00.json.gz,
2025-10-26T12:00:00+00:00,12,True,certified_v2_raw_archive,cache,240,data/raw/ecmwf_final_v85/2025/10/ecmwf_ifs_20251026_12.json.gz,
2025-10-27T00:00:00+00:00,0,True,certified_v2_raw_archive,cache,240,data/raw/ecmwf_final_v85/2025/10/ecmwf_ifs_20251027_00.json.gz,
2025-10-27T12:00:00+00:00,12,True,certified_v2_raw_archive,cache,240,data/raw/ecmwf_final_v85/2025/10/ecmwf_ifs_20251027_12.json.gz,
2025-10-28T00:00:00+00:00,0,True,certified_v2_raw_archive,cache,240,data/raw/ecmwf_final_v85/2025/10/ecmwf_ifs_20251028_00.json.gz,
2025-10-28T12:00:00+00:00,12,True,certified_v2_raw_archive,cache,240,data/raw/ecmwf_final_v85/2025/10/ecmwf_ifs_20251028_12.json.gz,
2025-10-29T00:00:00+00:00,0,True,certified_v2_raw_archive,cache,240,data/raw/ecmwf_final_v85/2025/10/ecmwf_ifs_20251029_00.json.gz,
2025-10-29T12:00:00+00:00,12,True,certified_v2_raw_archive,cache,240,data/raw/ecmwf_final_v85/2025/10/ecmwf_ifs_20251029_12.json.gz,
2025-10-30T00:00:00+00:00,0,True,certified_v2_raw_archive,cache,240,data/raw/ecmwf_final_v85/2025/10/ecmwf_ifs_20251030_00.json.gz,
2025-10-30T12:00:00+00:00,12,True,certified_v2_raw_archive,cache,240,data/raw/ecmwf_final_v85/2025/10/ecmwf_ifs_20251030_12.json.gz,
2025-10-31T00:00:00+00:00,0,True,certified_v2_raw_archive,cache,240,data/raw/ecmwf_final_v85/2025/10/ecmwf_ifs_20251031_00.json.gz,
2025-10-31T12:00:00+00:00,12,True,certified_v2_raw_archive,cache,240,data/raw/ecmwf_final_v85/2025/10/ecmwf_ifs_20251031_12.json.gz,
2025-11-01T00:00:00+00:00,0,True,certified_v2_raw_archive,cache,240,data/raw/ecmwf_final_v85/2025/11/ecmwf_ifs_20251101_00.json.gz,
2025-11-01T12:00:00+00:00,12,True,certified_v2_raw_archive,cache,240,data/raw/ecmwf_final_v85/2025/11/ecmwf_ifs_20251101_12.json.gz,
2025-11-02T00:00:00+00:00,0,True,certified_v2_raw_archive,cache,240,data/raw/ecmwf_final_v85/2025/11/ecmwf_ifs_20251102_00.json.gz,
2025-11-02T12:00:00+00:00,12,True,certified_v2_raw_archive,cache,240,data/raw/ecmwf_final_v85/2025/11/ecmwf_ifs_20251102_12.json.gz,
2025-11-03T00:00:00+00:00,0,True,certified_v2_raw_archive,cache,240,data/raw/ecmwf_final_v85/2025/11/ecmwf_ifs_20251103_00.json.gz,
2025-11-03T12:00:00+00:00,12,True,certified_v2_raw_archive,cache,240,data/raw/ecmwf_final_v85/2025/11/ecmwf_ifs_20251103_12.json.gz,
2025-11-04T00:00:00+00:00,0,True,certified_v2_raw_archive,cache,240,data/raw/ecmwf_final_v85/2025/11/ecmwf_ifs_20251104_00.json.gz,
2025-11-04T12:00:00+00:00,12,True,certified_v2_raw_archive,cache,240,data/raw/ecmwf_final_v85/2025/11/ecmwf_ifs_20251104_12.json.gz,
2025-11-05T00:00:00+00:00,0,True,certified_v2_raw_archive,cache,240,data/raw/ecmwf_final_v85/2025/11/ecmwf_ifs_20251105_00.json.gz,
2025-11-05T12:00:00+00:00,12,True,certified_v2_raw_archive,cache,240,data/raw/ecmwf_final_v85/2025/11/ecmwf_ifs_20251105_12.json.gz,
2025-11-06T00:00:00+00:00,0,True,certified_v2_raw_archive,cache,240,data/raw/ecmwf_final_v85/2025/11/ecmwf_ifs_20251106_00.json.gz,
2025-11-06T12:00:00+00:00,12,True,certified_v2_raw_archive,cache,240,data/raw/ecmwf_final_v85/2025/11/ecmwf_ifs_20251106_12.json.gz,
2025-11-07T00:00:00+00:00,0,True,certified_v2_raw_archive,cache,240,data/raw/ecmwf_final_v85/2025/11/ecmwf_ifs_20251107_00.json.gz,
2025-11-07T12:00:00+00:00,12,True,certified_v2_raw_archive,cache,240,data/raw/ecmwf_final_v85/2025/11/ecmwf_ifs_20251107_12.json.gz,
2025-11-08T00:00:00+00:00,0,True,certified_v2_raw_archive,cache,240,data/raw/ecmwf_final_v85/2025/11/ecmwf_ifs_20251108_00.json.gz,
2025-11-08T12:00:00+00:00,12,True,certified_v2_raw_archive,cache,240,data/raw/ecmwf_final_v85/2025/11/ecmwf_ifs_20251108_12.json.gz,
2025-11-09T00:00:00+00:00,0,True,certified_v2_raw_archive,cache,240,data/raw/ecmwf_final_v85/2025/11/ecmwf_ifs_20251109_00.json.gz,
2025-11-09T12:00:00+00:00,12,True,certified_v2_raw_archive,cache,240,data/raw/ecmwf_final_v85/2025/11/ecmwf_ifs_20251109_12.json.gz,
2025-11-10T00:00:00+00:00,0,True,certified_v2_raw_archive,cache,240,data/raw/ecmwf_final_v85/2025/11/ecmwf_ifs_20251110_00.json.gz,
2025-11-10T12:00:00+00:00,12,True,certified_v2_raw_archive,cache,240,data/raw/ecmwf_final_v85/2025/11/ecmwf_ifs_20251110_12.json.gz,
2025-11-11T00:00:00+00:00,0,True,certified_v2_raw_archive,cache,240,data/raw/ecmwf_final_v85/2025/11/ecmwf_ifs_20251111_00.json.gz,
2025-11-11T12:00:00+00:00,12,True,certified_v2_raw_archive,cache,240,data/raw/ecmwf_final_v85/2025/11/ecmwf_ifs_20251111_12.json.gz,
2025-11-12T00:00:00+00:00,0,True,certified_v2_raw_archive,cache,240,data/raw/ecmwf_final_v85/2025/11/ecmwf_ifs_20251112_00.json.gz,
2025-11-12T12:00:00+00:00,12,True,certified_v2_raw_archive,cache,240,data/raw/ecmwf_final_v85/2025/11/ecmwf_ifs_20251112_12.json.gz,
2025-11-13T00:00:00+00:00,0,True,certified_v2_raw_archive,cache,240,data/raw/ecmwf_final_v85/2025/11/ecmwf_ifs_20251113_00.json.gz,
2025-11-13T12:00:00+00:00,12,True,certified_v2_raw_archive,cache,240,data/raw/ecmwf_final_v85/2025/11/ecmwf_ifs_20251113_12.json.gz,
2025-11-14T00:00:00+00:00,0,True,certified_v2_raw_archive,cache,240,data/raw/ecmwf_final_v85/2025/11/ecmwf_ifs_20251114_00.json.gz,
2025-11-14T12:00:00+00:00,12,True,certified_v2_raw_archive,cache,240,data/raw/ecmwf_final_v85/2025/11/ecmwf_ifs_20251114_12.json.gz,
2025-11-15T00:00:00+00:00,0,True,certified_v2_raw_archive,cache,240,data/raw/ecmwf_final_v85/2025/11/ecmwf_ifs_20251115_00.json.gz,
2025-11-15T12:00:00+00:00,12,True,certified_v2_raw_archive,cache,240,data/raw/ecmwf_final_v85/2025/11/ecmwf_ifs_20251115_12.json.gz,
2025-11-16T00:00:00+00:00,0,True,certified_v2_raw_archive,cache,240,data/raw/ecmwf_final_v85/2025/11/ecmwf_ifs_20251116_00.json.gz,
2025-11-16T12:00:00+00:00,12,True,certified_v2_raw_archive,cache,240,data/raw/ecmwf_final_v85/2025/11/ecmwf_ifs_20251116_12.json.gz,
2025-11-17T00:00:00+00:00,0,True,certified_v2_raw_archive,cache,240,data/raw/ecmwf_final_v85/2025/11/ecmwf_ifs_20251117_00.json.gz,
2025-11-17T12:00:00+00:00,12,True,certified_v2_raw_archive,cache,240,data/raw/ecmwf_final_v85/2025/11/ecmwf_ifs_20251117_12.json.gz,
2025-11-18T00:00:00+00:00,0,True,certified_v2_raw_archive,cache,240,data/raw/ecmwf_final_v85/2025/11/ecmwf_ifs_20251118_00.json.gz,
2025-11-18T12:00:00+00:00,12,True,certified_v2_raw_archive,cache,240,data/raw/ecmwf_final_v85/2025/11/ecmwf_ifs_20251118_12.json.gz,
2025-11-19T00:00:00+00:00,0,True,certified_v2_raw_archive,cache,240,data/raw/ecmwf_final_v85/2025/11/ecmwf_ifs_20251119_00.json.gz,
2025-11-19T12:00:00+00:00,12,True,certified_v2_raw_archive,cache,240,data/raw/ecmwf_final_v85/2025/11/ecmwf_ifs_20251119_12.json.gz,
2025-11-20T00:00:00+00:00,0,True,certified_v2_raw_archive,cache,240,data/raw/ecmwf_final_v85/2025/11/ecmwf_ifs_20251120_00.json.gz,
2025-11-20T12:00:00+00:00,12,True,certified_v2_raw_archive,cache,240,data/raw/ecmwf_final_v85/2025/11/ecmwf_ifs_20251120_12.json.gz,
2025-11-21T00:00:00+00:00,0,True,certified_v2_raw_archive,cache,240,data/raw/ecmwf_final_v85/2025/11/ecmwf_ifs_20251121_00.json.gz,
2025-11-21T12:00:00+00:00,12,True,certified_v2_raw_archive,cache,240,data/raw/ecmwf_final_v85/2025/11/ecmwf_ifs_20251121_12.json.gz,
2025-11-22T00:00:00+00:00,0,True,certified_v2_raw_archive,cache,240,data/raw/ecmwf_final_v85/2025/11/ecmwf_ifs_20251122_00.json.gz,
2025-11-22T12:00:00+00:00,12,True,certified_v2_raw_archive,cache,240,data/raw/ecmwf_final_v85/2025/11/ecmwf_ifs_20251122_12.json.gz,
2025-11-23T00:00:00+00:00,0,True,certified_v2_raw_archive,cache,240,data/raw/ecmwf_final_v85/2025/11/ecmwf_ifs_20251123_00.json.gz,
2025-11-23T12:00:00+00:00,12,True,certified_v2_raw_archive,cache,240,data/raw/ecmwf_final_v85/2025/11/ecmwf_ifs_20251123_12.json.gz,
2025-11-24T00:00:00+00:00,0,True,certified_v2_raw_archive,cache,240,data/raw/ecmwf_final_v85/2025/11/ecmwf_ifs_20251124_00.json.gz,
2025-11-24T12:00:00+00:00,12,True,certified_v2_raw_archive,cache,240,data/raw/ecmwf_final_v85/2025/11/ecmwf_ifs_20251124_12.json.gz,
2025-11-25T00:00:00+00:00,0,True,certified_v2_raw_archive,cache,240,data/raw/ecmwf_final_v85/2025/11/ecmwf_ifs_20251125_00.json.gz,
2025-11-25T12:00:00+00:00,12,True,certified_v2_raw_archive,cache,240,data/raw/ecmwf_final_v85/2025/11/ecmwf_ifs_20251125_12.json.gz,
2025-11-26T00:00:00+00:00,0,True,certified_v2_raw_archive,cache,240,data/raw/ecmwf_final_v85/2025/11/ecmwf_ifs_20251126_00.json.gz,
2025-11-26T12:00:00+00:00,12,True,certified_v2_raw_archive,cache,240,data/raw/ecmwf_final_v85/2025/11/ecmwf_ifs_20251126_12.json.gz,
2025-11-27T00:00:00+00:00,0,True,certified_v2_raw_archive,cache,240,data/raw/ecmwf_final_v85/2025/11/ecmwf_ifs_20251127_00.json.gz,
2025-11-27T12:00:00+00:00,12,True,certified_v2_raw_archive,cache,240,data/raw/ecmwf_final_v85/2025/11/ecmwf_ifs_20251127_12.json.gz,
2025-11-28T00:00:00+00:00,0,True,certified_v2_raw_archive,cache,240,data/raw/ecmwf_final_v85/2025/11/ecmwf_ifs_20251128_00.json.gz,
2025-11-28T12:00:00+00:00,12,True,certified_v2_raw_archive,cache,240,data/raw/ecmwf_final_v85/2025/11/ecmwf_ifs_20251128_12.json.gz,
2025-11-29T00:00:00+00:00,0,True,certified_v2_raw_archive,cache,240,data/raw/ecmwf_final_v85/2025/11/ecmwf_ifs_20251129_00.json.gz,
2025-11-29T12:00:00+00:00,12,True,certified_v2_raw_archive,cache,240,data/raw/ecmwf_final_v85/2025/11/ecmwf_ifs_20251129_12.json.gz,
2025-11-30T00:00:00+00:00,0,True,certified_v2_raw_archive,cache,240,data/raw/ecmwf_final_v85/2025/11/ecmwf_ifs_20251130_00.json.gz,
2025-11-30T12:00:00+00:00,12,True,certified_v2_raw_archive,cache,240,data/raw/ecmwf_final_v85/2025/11/ecmwf_ifs_20251130_12.json.gz,
2025-12-01T00:00:00+00:00,0,True,certified_v2_raw_archive,cache,240,data/raw/ecmwf_final_v85/2025/12/ecmwf_ifs_20251201_00.json.gz,
2025-12-01T12:00:00+00:00,12,True,certified_v2_raw_archive,cache,240,data/raw/ecmwf_final_v85/2025/12/ecmwf_ifs_20251201_12.json.gz,
2025-12-02T00:00:00+00:00,0,True,certified_v2_raw_archive,cache,240,data/raw/ecmwf_final_v85/2025/12/ecmwf_ifs_20251202_00.json.gz,
2025-12-02T12:00:00+00:00,12,True,certified_v2_raw_archive,cache,240,data/raw/ecmwf_final_v85/2025/12/ecmwf_ifs_20251202_12.json.gz,
2025-12-03T00:00:00+00:00,0,False,historical_not_in_certified_inventory,not_requested,0,,run_not_in_certified_v2_inventory
2025-12-02T18:00:00+00:00,18,False,historical_not_in_certified_inventory,not_requested,0,,run_not_in_certified_v2_inventory
2025-12-03T06:00:00+00:00,6,False,historical_not_in_certified_inventory,not_requested,0,,run_not_in_certified_v2_inventory
2025-12-03T12:00:00+00:00,12,True,certified_v2_raw_archive,cache,240,data/raw/ecmwf_final_v85/2025/12/ecmwf_ifs_20251203_12.json.gz,
2025-12-04T00:00:00+00:00,0,True,certified_v2_raw_archive,cache,240,data/raw/ecmwf_final_v85/2025/12/ecmwf_ifs_20251204_00.json.gz,
2025-12-04T12:00:00+00:00,12,True,certified_v2_raw_archive,cache,240,data/raw/ecmwf_final_v85/2025/12/ecmwf_ifs_20251204_12.json.gz,
2025-12-05T00:00:00+00:00,0,False,historical_not_in_certified_inventory,not_requested,0,,run_not_in_certified_v2_inventory
2025-12-04T18:00:00+00:00,18,False,historical_not_in_certified_inventory,not_requested,0,,run_not_in_certified_v2_inventory
2025-12-05T06:00:00+00:00,6,True,certified_v2_raw_archive,cache,240,data/raw/ecmwf_final_v85/2025/12/ecmwf_ifs_20251205_06.json.gz,
2025-12-05T12:00:00+00:00,12,True,certified_v2_raw_archive,cache,240,data/raw/ecmwf_final_v85/2025/12/ecmwf_ifs_20251205_12.json.gz,
2025-12-06T00:00:00+00:00,0,True,certified_v2_raw_archive,cache,240,data/raw/ecmwf_final_v85/2025/12/ecmwf_ifs_20251206_00.json.gz,
2025-12-06T12:00:00+00:00,12,False,historical_not_in_certified_inventory,not_requested,0,,run_not_in_certified_v2_inventory
2025-12-06T18:00:00+00:00,18,False,historical_not_in_certified_inventory,not_requested,0,,run_not_in_certified_v2_inventory
2025-12-07T00:00:00+00:00,0,True,certified_v2_raw_archive,cache,240,data/raw/ecmwf_final_v85/2025/12/ecmwf_ifs_20251207_00.json.gz,
2025-12-07T12:00:00+00:00,12,True,certified_v2_raw_archive,cache,240,data/raw/ecmwf_final_v85/2025/12/ecmwf_ifs_20251207_12.json.gz,
2025-12-08T00:00:00+00:00,0,False,historical_not_in_certified_inventory,not_requested,0,,run_not_in_certified_v2_inventory
2025-12-07T18:00:00+00:00,18,False,historical_not_in_certified_inventory,not_requested,0,,run_not_in_certified_v2_inventory
2025-12-08T06:00:00+00:00,6,True,certified_v2_raw_archive,cache,240,data/raw/ecmwf_final_v85/2025/12/ecmwf_ifs_20251208_06.json.gz,
2025-12-08T12:00:00+00:00,12,False,historical_not_in_certified_inventory,not_requested,0,,run_not_in_certified_v2_inventory
2025-12-08T18:00:00+00:00,18,True,certified_v2_raw_archive,cache,240,data/raw/ecmwf_final_v85/2025/12/ecmwf_ifs_20251208_18.json.gz,
2025-12-09T00:00:00+00:00,0,True,certified_v2_raw_archive,cache,240,data/raw/ecmwf_final_v85/2025/12/ecmwf_ifs_20251209_00.json.gz,
2025-12-09T12:00:00+00:00,12,False,historical_not_in_certified_inventory,not_requested,0,,run_not_in_certified_v2_inventory
2025-12-09T18:00:00+00:00,18,True,certified_v2_raw_archive,cache,240,data/raw/ecmwf_final_v85/2025/12/ecmwf_ifs_20251209_18.json.gz,
2025-12-10T00:00:00+00:00,0,False,historical_not_in_certified_inventory,not_requested,0,,run_not_in_certified_v2_inventory
2025-12-10T06:00:00+00:00,6,False,historical_not_in_certified_inventory,not_requested,0,,run_not_in_certified_v2_inventory
2025-12-10T12:00:00+00:00,12,True,certified_v2_raw_archive,cache,240,data/raw/ecmwf_final_v85/2025/12/ecmwf_ifs_20251210_12.json.gz,
2025-12-11T00:00:00+00:00,0,False,historical_not_in_certified_inventory,not_requested,0,,run_not_in_certified_v2_inventory
2025-12-10T18:00:00+00:00,18,True,certified_v2_raw_archive,cache,240,data/raw/ecmwf_final_v85/2025/12/ecmwf_ifs_20251210_18.json.gz,
2025-12-11T06:00:00+00:00,6,True,certified_v2_raw_archive,cache,240,data/raw/ecmwf_final_v85/2025/12/ecmwf_ifs_20251211_06.json.gz,
2025-12-11T12:00:00+00:00,12,False,historical_not_in_certified_inventory,not_requested,0,,run_not_in_certified_v2_inventory
2025-12-11T18:00:00+00:00,18,False,historical_not_in_certified_inventory,not_requested,0,,run_not_in_certified_v2_inventory
2025-12-12T00:00:00+00:00,0,False,historical_not_in_certified_inventory,not_requested,0,,run_not_in_certified_v2_inventory
2025-12-12T06:00:00+00:00,6,True,certified_v2_raw_archive,cache,240,data/raw/ecmwf_final_v85/2025/12/ecmwf_ifs_20251212_06.json.gz,
2025-12-12T12:00:00+00:00,12,False,historical_not_in_certified_inventory,not_requested,0,,run_not_in_certified_v2_inventory
2025-12-12T18:00:00+00:00,18,False,historical_not_in_certified_inventory,not_requested,0,,run_not_in_certified_v2_inventory
2025-12-13T00:00:00+00:00,0,False,historical_not_in_certified_inventory,not_requested,0,,run_not_in_certified_v2_inventory
2025-12-13T06:00:00+00:00,6,False,historical_not_in_certified_inventory,not_requested,0,,run_not_in_certified_v2_inventory
2025-12-13T12:00:00+00:00,12,True,certified_v2_raw_archive,cache,240,data/raw/ecmwf_final_v85/2025/12/ecmwf_ifs_20251213_12.json.gz,
2025-12-14T00:00:00+00:00,0,False,historical_not_in_certified_inventory,not_requested,0,,run_not_in_certified_v2_inventory
2025-12-13T18:00:00+00:00,18,True,certified_v2_raw_archive,cache,240,data/raw/ecmwf_final_v85/2025/12/ecmwf_ifs_20251213_18.json.gz,
2025-12-14T06:00:00+00:00,6,True,certified_v2_raw_archive,cache,240,data/raw/ecmwf_final_v85/2025/12/ecmwf_ifs_20251214_06.json.gz,
2025-12-14T12:00:00+00:00,12,False,historical_not_in_certified_inventory,not_requested,0,,run_not_in_certified_v2_inventory
2025-12-14T18:00:00+00:00,18,False,historical_not_in_certified_inventory,not_requested,0,,run_not_in_certified_v2_inventory
2025-12-15T00:00:00+00:00,0,False,historical_not_in_certified_inventory,not_requested,0,,run_not_in_certified_v2_inventory
2025-12-15T06:00:00+00:00,6,False,historical_not_in_certified_inventory,not_requested,0,,run_not_in_certified_v2_inventory
2025-12-15T12:00:00+00:00,12,False,historical_not_in_certified_inventory,not_requested,0,,run_not_in_certified_v2_inventory
2025-12-15T18:00:00+00:00,18,False,historical_not_in_certified_inventory,not_requested,0,,run_not_in_certified_v2_inventory
2025-12-16T00:00:00+00:00,0,False,historical_not_in_certified_inventory,not_requested,0,,run_not_in_certified_v2_inventory
2025-12-16T06:00:00+00:00,6,True,certified_v2_raw_archive,cache,240,data/raw/ecmwf_final_v85/2025/12/ecmwf_ifs_20251216_06.json.gz,
2025-12-16T12:00:00+00:00,12,True,certified_v2_raw_archive,cache,240,data/raw/ecmwf_final_v85/2025/12/ecmwf_ifs_20251216_12.json.gz,
2025-12-17T00:00:00+00:00,0,False,historical_not_in_certified_inventory,not_requested,0,,run_not_in_certified_v2_inventory
2025-12-16T18:00:00+00:00,18,False,historical_not_in_certified_inventory,not_requested,0,,run_not_in_certified_v2_inventory
2025-12-17T06:00:00+00:00,6,False,historical_not_in_certified_inventory,not_requested,0,,run_not_in_certified_v2_inventory
2025-12-17T12:00:00+00:00,12,False,historical_not_in_certified_inventory,not_requested,0,,run_not_in_certified_v2_inventory
2025-12-17T18:00:00+00:00,18,False,historical_not_in_certified_inventory,not_requested,0,,run_not_in_certified_v2_inventory
2025-12-18T00:00:00+00:00,0,True,certified_v2_raw_archive,cache,240,data/raw/ecmwf_final_v85/2025/12/ecmwf_ifs_20251218_00.json.gz,
2025-12-18T12:00:00+00:00,12,False,historical_not_in_certified_inventory,not_requested,0,,run_not_in_certified_v2_inventory
2025-12-18T18:00:00+00:00,18,False,historical_not_in_certified_inventory,not_requested,0,,run_not_in_certified_v2_inventory
2025-12-19T00:00:00+00:00,0,False,historical_not_in_certified_inventory,not_requested,0,,run_not_in_certified_v2_inventory
2025-12-19T06:00:00+00:00,6,False,historical_not_in_certified_inventory,not_requested,0,,run_not_in_certified_v2_inventory
2025-12-19T12:00:00+00:00,12,False,historical_not_in_certified_inventory,not_requested,0,,run_not_in_certified_v2_inventory
2025-12-19T18:00:00+00:00,18,False,historical_not_in_certified_inventory,not_requested,0,,run_not_in_certified_v2_inventory
2025-12-20T00:00:00+00:00,0,True,certified_v2_raw_archive,cache,240,data/raw/ecmwf_final_v85/2025/12/ecmwf_ifs_20251220_00.json.gz,
2025-12-20T12:00:00+00:00,12,False,historical_not_in_certified_inventory,not_requested,0,,run_not_in_certified_v2_inventory
2025-12-20T18:00:00+00:00,18,False,historical_not_in_certified_inventory,not_requested,0,,run_not_in_certified_v2_inventory
2025-12-21T00:00:00+00:00,0,True,certified_v2_raw_archive,cache,240,data/raw/ecmwf_final_v85/2025/12/ecmwf_ifs_20251221_00.json.gz,
2025-12-21T12:00:00+00:00,12,False,historical_not_in_certified_inventory,not_requested,0,,run_not_in_certified_v2_inventory
2025-12-21T18:00:00+00:00,18,False,historical_not_in_certified_inventory,not_requested,0,,run_not_in_certified_v2_inventory
2025-12-22T00:00:00+00:00,0,True,certified_v2_raw_archive,cache,240,data/raw/ecmwf_final_v85/2025/12/ecmwf_ifs_20251222_00.json.gz,
2025-12-22T12:00:00+00:00,12,False,historical_not_in_certified_inventory,not_requested,0,,run_not_in_certified_v2_inventory
2025-12-22T18:00:00+00:00,18,True,certified_v2_raw_archive,cache,240,data/raw/ecmwf_final_v85/2025/12/ecmwf_ifs_20251222_18.json.gz,
2025-12-23T00:00:00+00:00,0,True,certified_v2_raw_archive,cache,240,data/raw/ecmwf_final_v85/2025/12/ecmwf_ifs_20251223_00.json.gz,
2025-12-23T12:00:00+00:00,12,False,historical_not_in_certified_inventory,not_requested,0,,run_not_in_certified_v2_inventory
2025-12-23T18:00:00+00:00,18,False,historical_not_in_certified_inventory,not_requested,0,,run_not_in_certified_v2_inventory
2025-12-24T00:00:00+00:00,0,True,certified_v2_raw_archive,cache,240,data/raw/ecmwf_final_v85/2025/12/ecmwf_ifs_20251224_00.json.gz,
2025-12-24T12:00:00+00:00,12,False,historical_not_in_certified_inventory,not_requested,0,,run_not_in_certified_v2_inventory
2025-12-24T18:00:00+00:00,18,True,certified_v2_raw_archive,cache,240,data/raw/ecmwf_final_v85/2025/12/ecmwf_ifs_20251224_18.json.gz,
2025-12-25T00:00:00+00:00,0,False,historical_not_in_certified_inventory,not_requested,0,,run_not_in_certified_v2_inventory
2025-12-25T06:00:00+00:00,6,False,historical_not_in_certified_inventory,not_requested,0,,run_not_in_certified_v2_inventory
2025-12-25T12:00:00+00:00,12,True,certified_v2_raw_archive,cache,240,data/raw/ecmwf_final_v85/2025/12/ecmwf_ifs_20251225_12.json.gz,
2025-12-26T00:00:00+00:00,0,False,historical_not_in_certified_inventory,not_requested,0,,run_not_in_certified_v2_inventory
2025-12-25T18:00:00+00:00,18,True,certified_v2_raw_archive,cache,240,data/raw/ecmwf_final_v85/2025/12/ecmwf_ifs_20251225_18.json.gz,
2025-12-26T06:00:00+00:00,6,True,certified_v2_raw_archive,cache,240,data/raw/ecmwf_final_v85/2025/12/ecmwf_ifs_20251226_06.json.gz,
2025-12-26T12:00:00+00:00,12,True,certified_v2_raw_archive,cache,240,data/raw/ecmwf_final_v85/2025/12/ecmwf_ifs_20251226_12.json.gz,
2025-12-27T00:00:00+00:00,0,False,historical_not_in_certified_inventory,not_requested,0,,run_not_in_certified_v2_inventory
2025-12-26T18:00:00+00:00,18,False,historical_not_in_certified_inventory,not_requested,0,,run_not_in_certified_v2_inventory
2025-12-27T06:00:00+00:00,6,False,historical_not_in_certified_inventory,not_requested,0,,run_not_in_certified_v2_inventory
2025-12-27T12:00:00+00:00,12,True,certified_v2_raw_archive,cache,240,data/raw/ecmwf_final_v85/2025/12/ecmwf_ifs_20251227_12.json.gz,
2025-12-28T00:00:00+00:00,0,False,historical_not_in_certified_inventory,not_requested,0,,run_not_in_certified_v2_inventory
2025-12-27T18:00:00+00:00,18,False,historical_not_in_certified_inventory,not_requested,0,,run_not_in_certified_v2_inventory
2025-12-28T06:00:00+00:00,6,False,historical_not_in_certified_inventory,not_requested,0,,run_not_in_certified_v2_inventory
2025-12-28T12:00:00+00:00,12,True,certified_v2_raw_archive,cache,240,data/raw/ecmwf_final_v85/2025/12/ecmwf_ifs_20251228_12.json.gz,
2025-12-29T00:00:00+00:00,0,True,certified_v2_raw_archive,cache,240,data/raw/ecmwf_final_v85/2025/12/ecmwf_ifs_20251229_00.json.gz,
2025-12-29T12:00:00+00:00,12,True,certified_v2_raw_archive,cache,240,data/raw/ecmwf_final_v85/2025/12/ecmwf_ifs_20251229_12.json.gz,
2025-12-30T00:00:00+00:00,0,False,historical_not_in_certified_inventory,not_requested,0,,run_not_in_certified_v2_inventory
2025-12-29T18:00:00+00:00,18,False,historical_not_in_certified_inventory,not_requested,0,,run_not_in_certified_v2_inventory
2025-12-30T06:00:00+00:00,6,True,certified_v2_raw_archive,cache,240,data/raw/ecmwf_final_v85/2025/12/ecmwf_ifs_20251230_06.json.gz,
2025-12-30T12:00:00+00:00,12,False,historical_not_in_certified_inventory,not_requested,0,,run_not_in_certified_v2_inventory
2025-12-30T18:00:00+00:00,18,False,historical_not_in_certified_inventory,not_requested,0,,run_not_in_certified_v2_inventory
2025-12-31T00:00:00+00:00,0,False,historical_not_in_certified_inventory,not_requested,0,,run_not_in_certified_v2_inventory
2025-12-31T06:00:00+00:00,6,True,certified_v2_raw_archive,cache,240,data/raw/ecmwf_final_v85/2025/12/ecmwf_ifs_20251231_06.json.gz,
2025-12-31T12:00:00+00:00,12,False,historical_not_in_certified_inventory,not_requested,0,,run_not_in_certified_v2_inventory
2025-12-31T18:00:00+00:00,18,False,historical_not_in_certified_inventory,not_requested,0,,run_not_in_certified_v2_inventory
2026-01-01T00:00:00+00:00,0,True,certified_v2_raw_archive,cache,240,data/raw/ecmwf_final_v85/2026/01/ecmwf_ifs_20260101_00.json.gz,
2026-01-01T12:00:00+00:00,12,True,certified_v2_raw_archive,cache,240,data/raw/ecmwf_final_v85/2026/01/ecmwf_ifs_20260101_12.json.gz,
2026-01-02T00:00:00+00:00,0,True,certified_v2_raw_archive,cache,240,data/raw/ecmwf_final_v85/2026/01/ecmwf_ifs_20260102_00.json.gz,
2026-01-02T12:00:00+00:00,12,True,certified_v2_raw_archive,cache,240,data/raw/ecmwf_final_v85/2026/01/ecmwf_ifs_20260102_12.json.gz,
2026-01-03T00:00:00+00:00,0,True,certified_v2_raw_archive,cache,240,data/raw/ecmwf_final_v85/2026/01/ecmwf_ifs_20260103_00.json.gz,
2026-01-03T12:00:00+00:00,12,True,certified_v2_raw_archive,cache,240,data/raw/ecmwf_final_v85/2026/01/ecmwf_ifs_20260103_12.json.gz,
2026-01-04T00:00:00+00:00,0,True,certified_v2_raw_archive,cache,240,data/raw/ecmwf_final_v85/2026/01/ecmwf_ifs_20260104_00.json.gz,
2026-01-04T12:00:00+00:00,12,True,certified_v2_raw_archive,cache,240,data/raw/ecmwf_final_v85/2026/01/ecmwf_ifs_20260104_12.json.gz,
2026-01-05T00:00:00+00:00,0,True,certified_v2_raw_archive,cache,240,data/raw/ecmwf_final_v85/2026/01/ecmwf_ifs_20260105_00.json.gz,
2026-01-05T12:00:00+00:00,12,True,certified_v2_raw_archive,cache,240,data/raw/ecmwf_final_v85/2026/01/ecmwf_ifs_20260105_12.json.gz,
2026-01-06T00:00:00+00:00,0,True,certified_v2_raw_archive,cache,240,data/raw/ecmwf_final_v85/2026/01/ecmwf_ifs_20260106_00.json.gz,
2026-01-06T12:00:00+00:00,12,True,certified_v2_raw_archive,cache,240,data/raw/ecmwf_final_v85/2026/01/ecmwf_ifs_20260106_12.json.gz,
2026-01-07T00:00:00+00:00,0,True,certified_v2_raw_archive,cache,240,data/raw/ecmwf_final_v85/2026/01/ecmwf_ifs_20260107_00.json.gz,
2026-01-07T12:00:00+00:00,12,True,certified_v2_raw_archive,cache,240,data/raw/ecmwf_final_v85/2026/01/ecmwf_ifs_20260107_12.json.gz,
2026-01-08T00:00:00+00:00,0,True,certified_v2_raw_archive,cache,240,data/raw/ecmwf_final_v85/2026/01/ecmwf_ifs_20260108_00.json.gz,
2026-01-08T12:00:00+00:00,12,True,certified_v2_raw_archive,cache,240,data/raw/ecmwf_final_v85/2026/01/ecmwf_ifs_20260108_12.json.gz,
2026-01-09T00:00:00+00:00,0,True,certified_v2_raw_archive,cache,240,data/raw/ecmwf_final_v85/2026/01/ecmwf_ifs_20260109_00.json.gz,
2026-01-09T12:00:00+00:00,12,True,certified_v2_raw_archive,cache,240,data/raw/ecmwf_final_v85/2026/01/ecmwf_ifs_20260109_12.json.gz,
2026-01-10T00:00:00+00:00,0,True,certified_v2_raw_archive,cache,240,data/raw/ecmwf_final_v85/2026/01/ecmwf_ifs_20260110_00.json.gz,
2026-01-10T12:00:00+00:00,12,True,certified_v2_raw_archive,cache,240,data/raw/ecmwf_final_v85/2026/01/ecmwf_ifs_20260110_12.json.gz,
2026-01-11T00:00:00+00:00,0,True,certified_v2_raw_archive,cache,240,data/raw/ecmwf_final_v85/2026/01/ecmwf_ifs_20260111_00.json.gz,
2026-01-11T12:00:00+00:00,12,True,certified_v2_raw_archive,cache,240,data/raw/ecmwf_final_v85/2026/01/ecmwf_ifs_20260111_12.json.gz,
2026-01-12T00:00:00+00:00,0,True,certified_v2_raw_archive,cache,240,data/raw/ecmwf_final_v85/2026/01/ecmwf_ifs_20260112_00.json.gz,
2026-01-12T12:00:00+00:00,12,True,certified_v2_raw_archive,cache,240,data/raw/ecmwf_final_v85/2026/01/ecmwf_ifs_20260112_12.json.gz,
2026-01-13T00:00:00+00:00,0,True,certified_v2_raw_archive,cache,240,data/raw/ecmwf_final_v85/2026/01/ecmwf_ifs_20260113_00.json.gz,
2026-01-13T12:00:00+00:00,12,True,certified_v2_raw_archive,cache,240,data/raw/ecmwf_final_v85/2026/01/ecmwf_ifs_20260113_12.json.gz,
2026-01-14T00:00:00+00:00,0,True,certified_v2_raw_archive,cache,240,data/raw/ecmwf_final_v85/2026/01/ecmwf_ifs_20260114_00.json.gz,
2026-01-14T12:00:00+00:00,12,True,certified_v2_raw_archive,cache,240,data/raw/ecmwf_final_v85/2026/01/ecmwf_ifs_20260114_12.json.gz,
2026-01-15T00:00:00+00:00,0,True,certified_v2_raw_archive,cache,240,data/raw/ecmwf_final_v85/2026/01/ecmwf_ifs_20260115_00.json.gz,
2026-01-15T12:00:00+00:00,12,True,certified_v2_raw_archive,cache,240,data/raw/ecmwf_final_v85/2026/01/ecmwf_ifs_20260115_12.json.gz,
2026-01-16T00:00:00+00:00,0,True,certified_v2_raw_archive,cache,240,data/raw/ecmwf_final_v85/2026/01/ecmwf_ifs_20260116_00.json.gz,
2026-01-16T12:00:00+00:00,12,True,certified_v2_raw_archive,cache,240,data/raw/ecmwf_final_v85/2026/01/ecmwf_ifs_20260116_12.json.gz,
2026-01-17T00:00:00+00:00,0,True,certified_v2_raw_archive,cache,240,data/raw/ecmwf_final_v85/2026/01/ecmwf_ifs_20260117_00.json.gz,
2026-01-17T12:00:00+00:00,12,True,certified_v2_raw_archive,cache,240,data/raw/ecmwf_final_v85/2026/01/ecmwf_ifs_20260117_12.json.gz,
2026-01-18T00:00:00+00:00,0,True,certified_v2_raw_archive,cache,240,data/raw/ecmwf_final_v85/2026/01/ecmwf_ifs_20260118_00.json.gz,
2026-01-18T12:00:00+00:00,12,True,certified_v2_raw_archive,cache,240,data/raw/ecmwf_final_v85/2026/01/ecmwf_ifs_20260118_12.json.gz,
2026-01-19T00:00:00+00:00,0,True,certified_v2_raw_archive,cache,240,data/raw/ecmwf_final_v85/2026/01/ecmwf_ifs_20260119_00.json.gz,
2026-01-19T12:00:00+00:00,12,True,certified_v2_raw_archive,cache,240,data/raw/ecmwf_final_v85/2026/01/ecmwf_ifs_20260119_12.json.gz,
2026-01-20T00:00:00+00:00,0,True,certified_v2_raw_archive,cache,240,data/raw/ecmwf_final_v85/2026/01/ecmwf_ifs_20260120_00.json.gz,
2026-01-20T12:00:00+00:00,12,True,certified_v2_raw_archive,cache,240,data/raw/ecmwf_final_v85/2026/01/ecmwf_ifs_20260120_12.json.gz,
2026-01-21T00:00:00+00:00,0,True,certified_v2_raw_archive,cache,240,data/raw/ecmwf_final_v85/2026/01/ecmwf_ifs_20260121_00.json.gz,
2026-01-21T12:00:00+00:00,12,True,certified_v2_raw_archive,cache,240,data/raw/ecmwf_final_v85/2026/01/ecmwf_ifs_20260121_12.json.gz,
2026-01-22T00:00:00+00:00,0,True,certified_v2_raw_archive,cache,240,data/raw/ecmwf_final_v85/2026/01/ecmwf_ifs_20260122_00.json.gz,
2026-01-22T12:00:00+00:00,12,True,certified_v2_raw_archive,cache,240,data/raw/ecmwf_final_v85/2026/01/ecmwf_ifs_20260122_12.json.gz,
2026-01-23T00:00:00+00:00,0,True,certified_v2_raw_archive,cache,240,data/raw/ecmwf_final_v85/2026/01/ecmwf_ifs_20260123_00.json.gz,
2026-01-23T12:00:00+00:00,12,True,certified_v2_raw_archive,cache,240,data/raw/ecmwf_final_v85/2026/01/ecmwf_ifs_20260123_12.json.gz,
2026-01-24T00:00:00+00:00,0,True,certified_v2_raw_archive,cache,240,data/raw/ecmwf_final_v85/2026/01/ecmwf_ifs_20260124_00.json.gz,
2026-01-24T12:00:00+00:00,12,True,certified_v2_raw_archive,cache,240,data/raw/ecmwf_final_v85/2026/01/ecmwf_ifs_20260124_12.json.gz,
2026-01-25T00:00:00+00:00,0,True,certified_v2_raw_archive,cache,240,data/raw/ecmwf_final_v85/2026/01/ecmwf_ifs_20260125_00.json.gz,
2026-01-25T12:00:00+00:00,12,True,certified_v2_raw_archive,cache,240,data/raw/ecmwf_final_v85/2026/01/ecmwf_ifs_20260125_12.json.gz,
2026-01-26T00:00:00+00:00,0,True,certified_v2_raw_archive,cache,240,data/raw/ecmwf_final_v85/2026/01/ecmwf_ifs_20260126_00.json.gz,
2026-01-26T12:00:00+00:00,12,True,certified_v2_raw_archive,cache,240,data/raw/ecmwf_final_v85/2026/01/ecmwf_ifs_20260126_12.json.gz,
2026-01-27T00:00:00+00:00,0,True,certified_v2_raw_archive,cache,240,data/raw/ecmwf_final_v85/2026/01/ecmwf_ifs_20260127_00.json.gz,
2026-01-27T12:00:00+00:00,12,True,certified_v2_raw_archive,cache,240,data/raw/ecmwf_final_v85/2026/01/ecmwf_ifs_20260127_12.json.gz,
2026-01-28T00:00:00+00:00,0,True,certified_v2_raw_archive,cache,240,data/raw/ecmwf_final_v85/2026/01/ecmwf_ifs_20260128_00.json.gz,
2026-01-28T12:00:00+00:00,12,True,certified_v2_raw_archive,cache,240,data/raw/ecmwf_final_v85/2026/01/ecmwf_ifs_20260128_12.json.gz,
2026-01-29T00:00:00+00:00,0,True,certified_v2_raw_archive,cache,240,data/raw/ecmwf_final_v85/2026/01/ecmwf_ifs_20260129_00.json.gz,
2026-01-29T12:00:00+00:00,12,True,certified_v2_raw_archive,cache,240,data/raw/ecmwf_final_v85/2026/01/ecmwf_ifs_20260129_12.json.gz,
2026-01-30T00:00:00+00:00,0,True,certified_v2_raw_archive,cache,240,data/raw/ecmwf_final_v85/2026/01/ecmwf_ifs_20260130_00.json.gz,
2026-01-30T12:00:00+00:00,12,True,certified_v2_raw_archive,cache,240,data/raw/ecmwf_final_v85/2026/01/ecmwf_ifs_20260130_12.json.gz,
2026-01-31T00:00:00+00:00,0,True,certified_v2_raw_archive,cache,240,data/raw/ecmwf_final_v85/2026/01/ecmwf_ifs_20260131_00.json.gz,
2026-01-31T12:00:00+00:00,12,True,certified_v2_raw_archive,cache,240,data/raw/ecmwf_final_v85/2026/01/ecmwf_ifs_20260131_12.json.gz,
2026-02-01T00:00:00+00:00,0,True,certified_v2_raw_archive,cache,240,data/raw/ecmwf_final_v85/2026/02/ecmwf_ifs_20260201_00.json.gz,
2026-02-01T12:00:00+00:00,12,True,certified_v2_raw_archive,cache,240,data/raw/ecmwf_final_v85/2026/02/ecmwf_ifs_20260201_12.json.gz,
2026-02-02T00:00:00+00:00,0,True,certified_v2_raw_archive,cache,240,data/raw/ecmwf_final_v85/2026/02/ecmwf_ifs_20260202_00.json.gz,
2026-02-02T12:00:00+00:00,12,True,certified_v2_raw_archive,cache,240,data/raw/ecmwf_final_v85/2026/02/ecmwf_ifs_20260202_12.json.gz,
2026-02-03T00:00:00+00:00,0,True,certified_v2_raw_archive,cache,240,data/raw/ecmwf_final_v85/2026/02/ecmwf_ifs_20260203_00.json.gz,
2026-02-03T12:00:00+00:00,12,True,certified_v2_raw_archive,cache,240,data/raw/ecmwf_final_v85/2026/02/ecmwf_ifs_20260203_12.json.gz,
2026-02-04T00:00:00+00:00,0,True,certified_v2_raw_archive,cache,240,data/raw/ecmwf_final_v85/2026/02/ecmwf_ifs_20260204_00.json.gz,
2026-02-04T12:00:00+00:00,12,True,certified_v2_raw_archive,cache,240,data/raw/ecmwf_final_v85/2026/02/ecmwf_ifs_20260204_12.json.gz,
2026-02-05T00:00:00+00:00,0,True,certified_v2_raw_archive,cache,240,data/raw/ecmwf_final_v85/2026/02/ecmwf_ifs_20260205_00.json.gz,
2026-02-05T12:00:00+00:00,12,True,certified_v2_raw_archive,cache,240,data/raw/ecmwf_final_v85/2026/02/ecmwf_ifs_20260205_12.json.gz,
2026-02-06T00:00:00+00:00,0,True,certified_v2_raw_archive,cache,240,data/raw/ecmwf_final_v85/2026/02/ecmwf_ifs_20260206_00.json.gz,
2026-02-06T12:00:00+00:00,12,True,certified_v2_raw_archive,cache,240,data/raw/ecmwf_final_v85/2026/02/ecmwf_ifs_20260206_12.json.gz,
2026-02-07T00:00:00+00:00,0,True,certified_v2_raw_archive,cache,240,data/raw/ecmwf_final_v85/2026/02/ecmwf_ifs_20260207_00.json.gz,
2026-02-07T12:00:00+00:00,12,True,certified_v2_raw_archive,cache,240,data/raw/ecmwf_final_v85/2026/02/ecmwf_ifs_20260207_12.json.gz,
2026-02-08T00:00:00+00:00,0,True,certified_v2_raw_archive,cache,240,data/raw/ecmwf_final_v85/2026/02/ecmwf_ifs_20260208_00.json.gz,
2026-02-08T12:00:00+00:00,12,True,certified_v2_raw_archive,cache,240,data/raw/ecmwf_final_v85/2026/02/ecmwf_ifs_20260208_12.json.gz,
2026-02-09T00:00:00+00:00,0,True,certified_v2_raw_archive,cache,240,data/raw/ecmwf_final_v85/2026/02/ecmwf_ifs_20260209_00.json.gz,
2026-02-09T12:00:00+00:00,12,True,certified_v2_raw_archive,cache,240,data/raw/ecmwf_final_v85/2026/02/ecmwf_ifs_20260209_12.json.gz,
2026-02-10T00:00:00+00:00,0,True,certified_v2_raw_archive,cache,240,data/raw/ecmwf_final_v85/2026/02/ecmwf_ifs_20260210_00.json.gz,
2026-02-10T12:00:00+00:00,12,True,certified_v2_raw_archive,cache,240,data/raw/ecmwf_final_v85/2026/02/ecmwf_ifs_20260210_12.json.gz,
2026-02-11T00:00:00+00:00,0,True,certified_v2_raw_archive,cache,240,data/raw/ecmwf_final_v85/2026/02/ecmwf_ifs_20260211_00.json.gz,
2026-02-11T12:00:00+00:00,12,True,certified_v2_raw_archive,cache,240,data/raw/ecmwf_final_v85/2026/02/ecmwf_ifs_20260211_12.json.gz,
2026-02-12T00:00:00+00:00,0,True,certified_v2_raw_archive,cache,240,data/raw/ecmwf_final_v85/2026/02/ecmwf_ifs_20260212_00.json.gz,
2026-02-12T12:00:00+00:00,12,True,certified_v2_raw_archive,cache,240,data/raw/ecmwf_final_v85/2026/02/ecmwf_ifs_20260212_12.json.gz,
2026-02-13T00:00:00+00:00,0,True,certified_v2_raw_archive,cache,240,data/raw/ecmwf_final_v85/2026/02/ecmwf_ifs_20260213_00.json.gz,
2026-02-13T12:00:00+00:00,12,True,certified_v2_raw_archive,cache,240,data/raw/ecmwf_final_v85/2026/02/ecmwf_ifs_20260213_12.json.gz,
2026-02-14T00:00:00+00:00,0,True,certified_v2_raw_archive,cache,240,data/raw/ecmwf_final_v85/2026/02/ecmwf_ifs_20260214_00.json.gz,
2026-02-14T12:00:00+00:00,12,True,certified_v2_raw_archive,cache,240,data/raw/ecmwf_final_v85/2026/02/ecmwf_ifs_20260214_12.json.gz,
2026-02-15T00:00:00+00:00,0,True,certified_v2_raw_archive,cache,240,data/raw/ecmwf_final_v85/2026/02/ecmwf_ifs_20260215_00.json.gz,
2026-02-15T12:00:00+00:00,12,True,certified_v2_raw_archive,cache,240,data/raw/ecmwf_final_v85/2026/02/ecmwf_ifs_20260215_12.json.gz,
2026-02-16T00:00:00+00:00,0,True,certified_v2_raw_archive,cache,240,data/raw/ecmwf_final_v85/2026/02/ecmwf_ifs_20260216_00.json.gz,
2026-02-16T12:00:00+00:00,12,True,certified_v2_raw_archive,cache,240,data/raw/ecmwf_final_v85/2026/02/ecmwf_ifs_20260216_12.json.gz,
2026-02-17T00:00:00+00:00,0,True,certified_v2_raw_archive,cache,240,data/raw/ecmwf_final_v85/2026/02/ecmwf_ifs_20260217_00.json.gz,
2026-02-17T12:00:00+00:00,12,True,certified_v2_raw_archive,cache,240,data/raw/ecmwf_final_v85/2026/02/ecmwf_ifs_20260217_12.json.gz,
2026-02-18T00:00:00+00:00,0,True,certified_v2_raw_archive,cache,240,data/raw/ecmwf_final_v85/2026/02/ecmwf_ifs_20260218_00.json.gz,
2026-02-18T12:00:00+00:00,12,True,certified_v2_raw_archive,cache,240,data/raw/ecmwf_final_v85/2026/02/ecmwf_ifs_20260218_12.json.gz,
2026-02-19T00:00:00+00:00,0,True,certified_v2_raw_archive,cache,240,data/raw/ecmwf_final_v85/2026/02/ecmwf_ifs_20260219_00.json.gz,
2026-02-19T12:00:00+00:00,12,True,certified_v2_raw_archive,cache,240,data/raw/ecmwf_final_v85/2026/02/ecmwf_ifs_20260219_12.json.gz,
2026-02-20T00:00:00+00:00,0,True,certified_v2_raw_archive,cache,240,data/raw/ecmwf_final_v85/2026/02/ecmwf_ifs_20260220_00.json.gz,
2026-02-20T12:00:00+00:00,12,True,certified_v2_raw_archive,cache,240,data/raw/ecmwf_final_v85/2026/02/ecmwf_ifs_20260220_12.json.gz,
2026-02-21T00:00:00+00:00,0,True,certified_v2_raw_archive,cache,240,data/raw/ecmwf_final_v85/2026/02/ecmwf_ifs_20260221_00.json.gz,
2026-02-21T12:00:00+00:00,12,True,certified_v2_raw_archive,cache,240,data/raw/ecmwf_final_v85/2026/02/ecmwf_ifs_20260221_12.json.gz,
2026-02-22T00:00:00+00:00,0,True,certified_v2_raw_archive,cache,240,data/raw/ecmwf_final_v85/2026/02/ecmwf_ifs_20260222_00.json.gz,
2026-02-22T12:00:00+00:00,12,True,certified_v2_raw_archive,cache,240,data/raw/ecmwf_final_v85/2026/02/ecmwf_ifs_20260222_12.json.gz,
2026-02-23T00:00:00+00:00,0,True,certified_v2_raw_archive,cache,240,data/raw/ecmwf_final_v85/2026/02/ecmwf_ifs_20260223_00.json.gz,
2026-02-23T12:00:00+00:00,12,True,certified_v2_raw_archive,cache,240,data/raw/ecmwf_final_v85/2026/02/ecmwf_ifs_20260223_12.json.gz,
2026-02-24T00:00:00+00:00,0,True,certified_v2_raw_archive,cache,240,data/raw/ecmwf_final_v85/2026/02/ecmwf_ifs_20260224_00.json.gz,
2026-02-24T12:00:00+00:00,12,True,certified_v2_raw_archive,cache,240,data/raw/ecmwf_final_v85/2026/02/ecmwf_ifs_20260224_12.json.gz,
2026-02-25T00:00:00+00:00,0,True,certified_v2_raw_archive,cache,240,data/raw/ecmwf_final_v85/2026/02/ecmwf_ifs_20260225_00.json.gz,
2026-02-25T12:00:00+00:00,12,True,certified_v2_raw_archive,cache,240,data/raw/ecmwf_final_v85/2026/02/ecmwf_ifs_20260225_12.json.gz,
2026-02-26T00:00:00+00:00,0,True,certified_v2_raw_archive,cache,240,data/raw/ecmwf_final_v85/2026/02/ecmwf_ifs_20260226_00.json.gz,
2026-02-26T12:00:00+00:00,12,True,certified_v2_raw_archive,cache,240,data/raw/ecmwf_final_v85/2026/02/ecmwf_ifs_20260226_12.json.gz,
2026-02-27T00:00:00+00:00,0,True,certified_v2_raw_archive,cache,240,data/raw/ecmwf_final_v85/2026/02/ecmwf_ifs_20260227_00.json.gz,
2026-02-27T12:00:00+00:00,12,True,certified_v2_raw_archive,cache,240,data/raw/ecmwf_final_v85/2026/02/ecmwf_ifs_20260227_12.json.gz,
2026-02-28T00:00:00+00:00,0,True,certified_v2_raw_archive,cache,240,data/raw/ecmwf_final_v85/2026/02/ecmwf_ifs_20260228_00.json.gz,
2026-02-28T12:00:00+00:00,12,True,certified_v2_raw_archive,cache,240,data/raw/ecmwf_final_v85/2026/02/ecmwf_ifs_20260228_12.json.gz,
2026-03-01T00:00:00+00:00,0,True,certified_v2_raw_archive,cache,240,data/raw/ecmwf_final_v85/2026/03/ecmwf_ifs_20260301_00.json.gz,
2026-03-01T12:00:00+00:00,12,True,certified_v2_raw_archive,cache,240,data/raw/ecmwf_final_v85/2026/03/ecmwf_ifs_20260301_12.json.gz,
2026-03-02T00:00:00+00:00,0,True,certified_v2_raw_archive,cache,240,data/raw/ecmwf_final_v85/2026/03/ecmwf_ifs_20260302_00.json.gz,
2026-03-02T12:00:00+00:00,12,True,certified_v2_raw_archive,cache,240,data/raw/ecmwf_final_v85/2026/03/ecmwf_ifs_20260302_12.json.gz,
2026-03-03T00:00:00+00:00,0,True,certified_v2_raw_archive,cache,240,data/raw/ecmwf_final_v85/2026/03/ecmwf_ifs_20260303_00.json.gz,
2026-03-03T12:00:00+00:00,12,True,certified_v2_raw_archive,cache,240,data/raw/ecmwf_final_v85/2026/03/ecmwf_ifs_20260303_12.json.gz,
2026-03-04T00:00:00+00:00,0,True,certified_v2_raw_archive,cache,240,data/raw/ecmwf_final_v85/2026/03/ecmwf_ifs_20260304_00.json.gz,
2026-03-04T12:00:00+00:00,12,True,certified_v2_raw_archive,cache,240,data/raw/ecmwf_final_v85/2026/03/ecmwf_ifs_20260304_12.json.gz,
2026-03-05T00:00:00+00:00,0,True,certified_v2_raw_archive,cache,240,data/raw/ecmwf_final_v85/2026/03/ecmwf_ifs_20260305_00.json.gz,
2026-03-05T12:00:00+00:00,12,True,certified_v2_raw_archive,cache,240,data/raw/ecmwf_final_v85/2026/03/ecmwf_ifs_20260305_12.json.gz,
2026-03-06T00:00:00+00:00,0,True,certified_v2_raw_archive,cache,240,data/raw/ecmwf_final_v85/2026/03/ecmwf_ifs_20260306_00.json.gz,
2026-03-06T12:00:00+00:00,12,True,certified_v2_raw_archive,cache,240,data/raw/ecmwf_final_v85/2026/03/ecmwf_ifs_20260306_12.json.gz,
2026-03-07T00:00:00+00:00,0,True,certified_v2_raw_archive,cache,240,data/raw/ecmwf_final_v85/2026/03/ecmwf_ifs_20260307_00.json.gz,
2026-03-07T12:00:00+00:00,12,True,certified_v2_raw_archive,cache,240,data/raw/ecmwf_final_v85/2026/03/ecmwf_ifs_20260307_12.json.gz,
2026-03-08T00:00:00+00:00,0,True,certified_v2_raw_archive,cache,240,data/raw/ecmwf_final_v85/2026/03/ecmwf_ifs_20260308_00.json.gz,
2026-03-08T12:00:00+00:00,12,True,certified_v2_raw_archive,cache,240,data/raw/ecmwf_final_v85/2026/03/ecmwf_ifs_20260308_12.json.gz,
2026-03-09T00:00:00+00:00,0,True,certified_v2_raw_archive,cache,240,data/raw/ecmwf_final_v85/2026/03/ecmwf_ifs_20260309_00.json.gz,
2026-03-09T12:00:00+00:00,12,True,certified_v2_raw_archive,cache,240,data/raw/ecmwf_final_v85/2026/03/ecmwf_ifs_20260309_12.json.gz,
2026-03-10T00:00:00+00:00,0,False,historical_not_in_certified_inventory,not_requested,0,,run_not_in_certified_v2_inventory
2026-03-09T18:00:00+00:00,18,False,historical_not_in_certified_inventory,not_requested,0,,run_not_in_certified_v2_inventory
2026-03-10T06:00:00+00:00,6,True,certified_v2_raw_archive,cache,240,data/raw/ecmwf_final_v85/2026/03/ecmwf_ifs_20260310_06.json.gz,
2026-03-10T12:00:00+00:00,12,False,historical_not_in_certified_inventory,not_requested,0,,run_not_in_certified_v2_inventory
2026-03-10T18:00:00+00:00,18,True,certified_v2_raw_archive,cache,240,data/raw/ecmwf_final_v85/2026/03/ecmwf_ifs_20260310_18.json.gz,
2026-03-11T00:00:00+00:00,0,False,historical_not_in_certified_inventory,not_requested,0,,run_not_in_certified_v2_inventory
2026-03-11T06:00:00+00:00,6,False,historical_not_in_certified_inventory,not_requested,0,,run_not_in_certified_v2_inventory
2026-03-11T12:00:00+00:00,12,False,historical_not_in_certified_inventory,not_requested,0,,run_not_in_certified_v2_inventory
2026-03-11T18:00:00+00:00,18,True,certified_v2_raw_archive,cache,240,data/raw/ecmwf_final_v85/2026/03/ecmwf_ifs_20260311_18.json.gz,
2026-03-12T00:00:00+00:00,0,False,historical_not_in_certified_inventory,not_requested,0,,run_not_in_certified_v2_inventory
2026-03-12T06:00:00+00:00,6,False,historical_not_in_certified_inventory,not_requested,0,,run_not_in_certified_v2_inventory
2026-03-12T12:00:00+00:00,12,True,certified_v2_raw_archive,cache,240,data/raw/ecmwf_final_v85/2026/03/ecmwf_ifs_20260312_12.json.gz,
2026-03-13T00:00:00+00:00,0,False,historical_not_in_certified_inventory,not_requested,0,,run_not_in_certified_v2_inventory
2026-03-12T18:00:00+00:00,18,True,certified_v2_raw_archive,cache,240,data/raw/ecmwf_final_v85/2026/03/ecmwf_ifs_20260312_18.json.gz,
2026-03-13T06:00:00+00:00,6,True,certified_v2_raw_archive,cache,240,data/raw/ecmwf_final_v85/2026/03/ecmwf_ifs_20260313_06.json.gz,
2026-03-13T12:00:00+00:00,12,False,historical_not_in_certified_inventory,not_requested,0,,run_not_in_certified_v2_inventory
2026-03-13T18:00:00+00:00,18,True,certified_v2_raw_archive,cache,240,data/raw/ecmwf_final_v85/2026/03/ecmwf_ifs_20260313_18.json.gz,
2026-03-14T00:00:00+00:00,0,False,historical_not_in_certified_inventory,not_requested,0,,run_not_in_certified_v2_inventory
2026-03-14T06:00:00+00:00,6,True,certified_v2_raw_archive,cache,240,data/raw/ecmwf_final_v85/2026/03/ecmwf_ifs_20260314_06.json.gz,
2026-03-14T12:00:00+00:00,12,True,certified_v2_raw_archive,cache,240,data/raw/ecmwf_final_v85/2026/03/ecmwf_ifs_20260314_12.json.gz,
2026-03-15T00:00:00+00:00,0,False,historical_not_in_certified_inventory,not_requested,0,,run_not_in_certified_v2_inventory
2026-03-14T18:00:00+00:00,18,False,historical_not_in_certified_inventory,not_requested,0,,run_not_in_certified_v2_inventory
2026-03-15T06:00:00+00:00,6,False,historical_not_in_certified_inventory,not_requested,0,,run_not_in_certified_v2_inventory
2026-03-15T12:00:00+00:00,12,False,historical_not_in_certified_inventory,not_requested,0,,run_not_in_certified_v2_inventory
2026-03-15T18:00:00+00:00,18,False,historical_not_in_certified_inventory,not_requested,0,,run_not_in_certified_v2_inventory
2026-03-16T00:00:00+00:00,0,True,final_extension_cache,cache,240,data/raw/ecmwf_final_v85/2026/03/ecmwf_ifs_20260316_00.json.gz,
2026-03-16T12:00:00+00:00,12,True,final_extension_cache,cache,240,data/raw/ecmwf_final_v85/2026/03/ecmwf_ifs_20260316_12.json.gz,
2026-03-17T00:00:00+00:00,0,True,final_extension_cache,cache,240,data/raw/ecmwf_final_v85/2026/03/ecmwf_ifs_20260317_00.json.gz,
2026-03-17T12:00:00+00:00,12,True,final_extension_cache,cache,240,data/raw/ecmwf_final_v85/2026/03/ecmwf_ifs_20260317_12.json.gz,
2026-03-18T00:00:00+00:00,0,True,final_extension_cache,cache,240,data/raw/ecmwf_final_v85/2026/03/ecmwf_ifs_20260318_00.json.gz,
2026-03-18T12:00:00+00:00,12,True,final_extension_cache,cache,240,data/raw/ecmwf_final_v85/2026/03/ecmwf_ifs_20260318_12.json.gz,
2026-03-19T00:00:00+00:00,0,True,final_extension_cache,cache,240,data/raw/ecmwf_final_v85/2026/03/ecmwf_ifs_20260319_00.json.gz,
2026-03-19T12:00:00+00:00,12,True,final_extension_cache,cache,240,data/raw/ecmwf_final_v85/2026/03/ecmwf_ifs_20260319_12.json.gz,
2026-03-20T00:00:00+00:00,0,True,final_extension_cache,cache,240,data/raw/ecmwf_final_v85/2026/03/ecmwf_ifs_20260320_00.json.gz,
2026-03-20T12:00:00+00:00,12,True,final_extension_cache,cache,240,data/raw/ecmwf_final_v85/2026/03/ecmwf_ifs_20260320_12.json.gz,
2026-03-21T00:00:00+00:00,0,True,final_extension_cache,cache,240,data/raw/ecmwf_final_v85/2026/03/ecmwf_ifs_20260321_00.json.gz,
2026-03-21T12:00:00+00:00,12,True,final_extension_cache,cache,240,data/raw/ecmwf_final_v85/2026/03/ecmwf_ifs_20260321_12.json.gz,
2026-03-22T00:00:00+00:00,0,True,final_extension_cache,cache,240,data/raw/ecmwf_final_v85/2026/03/ecmwf_ifs_20260322_00.json.gz,
2026-03-22T12:00:00+00:00,12,True,final_extension_cache,cache,240,data/raw/ecmwf_final_v85/2026/03/ecmwf_ifs_20260322_12.json.gz,
2026-03-23T00:00:00+00:00,0,True,final_extension_cache,cache,240,data/raw/ecmwf_final_v85/2026/03/ecmwf_ifs_20260323_00.json.gz,
2026-03-23T12:00:00+00:00,12,True,final_extension_cache,cache,240,data/raw/ecmwf_final_v85/2026/03/ecmwf_ifs_20260323_12.json.gz,
2026-03-24T00:00:00+00:00,0,True,final_extension_cache,cache,240,data/raw/ecmwf_final_v85/2026/03/ecmwf_ifs_20260324_00.json.gz,
2026-03-24T12:00:00+00:00,12,True,final_extension_cache,cache,240,data/raw/ecmwf_final_v85/2026/03/ecmwf_ifs_20260324_12.json.gz,
2026-03-25T00:00:00+00:00,0,True,final_extension_cache,cache,240,data/raw/ecmwf_final_v85/2026/03/ecmwf_ifs_20260325_00.json.gz,
2026-03-25T12:00:00+00:00,12,True,final_extension_cache,cache,240,data/raw/ecmwf_final_v85/2026/03/ecmwf_ifs_20260325_12.json.gz,
2026-03-26T00:00:00+00:00,0,True,final_extension_cache,cache,240,data/raw/ecmwf_final_v85/2026/03/ecmwf_ifs_20260326_00.json.gz,
2026-03-26T12:00:00+00:00,12,True,final_extension_cache,cache,240,data/raw/ecmwf_final_v85/2026/03/ecmwf_ifs_20260326_12.json.gz,
2026-03-27T00:00:00+00:00,0,True,final_extension_cache,cache,240,data/raw/ecmwf_final_v85/2026/03/ecmwf_ifs_20260327_00.json.gz,
2026-03-27T12:00:00+00:00,12,True,final_extension_cache,cache,240,data/raw/ecmwf_final_v85/2026/03/ecmwf_ifs_20260327_12.json.gz,
2026-03-28T00:00:00+00:00,0,True,final_extension_cache,cache,240,data/raw/ecmwf_final_v85/2026/03/ecmwf_ifs_20260328_00.json.gz,
2026-03-28T12:00:00+00:00,12,True,final_extension_cache,cache,240,data/raw/ecmwf_final_v85/2026/03/ecmwf_ifs_20260328_12.json.gz,
2026-03-29T00:00:00+00:00,0,True,final_extension_cache,cache,240,data/raw/ecmwf_final_v85/2026/03/ecmwf_ifs_20260329_00.json.gz,
2026-03-29T12:00:00+00:00,12,True,final_extension_cache,cache,240,data/raw/ecmwf_final_v85/2026/03/ecmwf_ifs_20260329_12.json.gz,
2026-03-30T00:00:00+00:00,0,True,final_extension_cache,cache,240,data/raw/ecmwf_final_v85/2026/03/ecmwf_ifs_20260330_00.json.gz,
2026-03-30T12:00:00+00:00,12,True,final_extension_cache,cache,240,data/raw/ecmwf_final_v85/2026/03/ecmwf_ifs_20260330_12.json.gz,
2026-03-31T00:00:00+00:00,0,True,final_extension_cache,cache,240,data/raw/ecmwf_final_v85/2026/03/ecmwf_ifs_20260331_00.json.gz,
2026-03-31T12:00:00+00:00,12,True,final_extension_cache,cache,240,data/raw/ecmwf_final_v85/2026/03/ecmwf_ifs_20260331_12.json.gz,
2026-04-01T00:00:00+00:00,0,True,final_extension_cache,cache,240,data/raw/ecmwf_final_v85/2026/04/ecmwf_ifs_20260401_00.json.gz,
2026-04-01T12:00:00+00:00,12,True,final_extension_cache,cache,240,data/raw/ecmwf_final_v85/2026/04/ecmwf_ifs_20260401_12.json.gz,
2026-04-02T00:00:00+00:00,0,True,final_extension_cache,cache,240,data/raw/ecmwf_final_v85/2026/04/ecmwf_ifs_20260402_00.json.gz,
2026-04-02T12:00:00+00:00,12,True,final_extension_cache,cache,240,data/raw/ecmwf_final_v85/2026/04/ecmwf_ifs_20260402_12.json.gz,
2026-04-03T00:00:00+00:00,0,True,final_extension_cache,cache,240,data/raw/ecmwf_final_v85/2026/04/ecmwf_ifs_20260403_00.json.gz,
2026-04-03T12:00:00+00:00,12,True,final_extension_cache,cache,240,data/raw/ecmwf_final_v85/2026/04/ecmwf_ifs_20260403_12.json.gz,
2026-04-04T00:00:00+00:00,0,True,final_extension_cache,cache,240,data/raw/ecmwf_final_v85/2026/04/ecmwf_ifs_20260404_00.json.gz,
2026-04-04T12:00:00+00:00,12,True,final_extension_cache,cache,240,data/raw/ecmwf_final_v85/2026/04/ecmwf_ifs_20260404_12.json.gz,
2026-04-05T00:00:00+00:00,0,True,final_extension_cache,cache,240,data/raw/ecmwf_final_v85/2026/04/ecmwf_ifs_20260405_00.json.gz,
2026-04-05T12:00:00+00:00,12,True,final_extension_cache,cache,240,data/raw/ecmwf_final_v85/2026/04/ecmwf_ifs_20260405_12.json.gz,
2026-04-06T00:00:00+00:00,0,True,final_extension_cache,cache,240,data/raw/ecmwf_final_v85/2026/04/ecmwf_ifs_20260406_00.json.gz,
2026-04-06T12:00:00+00:00,12,True,final_extension_cache,cache,240,data/raw/ecmwf_final_v85/2026/04/ecmwf_ifs_20260406_12.json.gz,
2026-04-07T00:00:00+00:00,0,True,final_extension_cache,cache,240,data/raw/ecmwf_final_v85/2026/04/ecmwf_ifs_20260407_00.json.gz,
2026-04-07T12:00:00+00:00,12,True,final_extension_cache,cache,240,data/raw/ecmwf_final_v85/2026/04/ecmwf_ifs_20260407_12.json.gz,
2026-04-08T00:00:00+00:00,0,True,final_extension_cache,cache,240,data/raw/ecmwf_final_v85/2026/04/ecmwf_ifs_20260408_00.json.gz,
2026-04-08T12:00:00+00:00,12,True,final_extension_cache,cache,240,data/raw/ecmwf_final_v85/2026/04/ecmwf_ifs_20260408_12.json.gz,
2026-04-09T00:00:00+00:00,0,True,final_extension_cache,cache,240,data/raw/ecmwf_final_v85/2026/04/ecmwf_ifs_20260409_00.json.gz,
2026-04-09T12:00:00+00:00,12,True,final_extension_cache,cache,240,data/raw/ecmwf_final_v85/2026/04/ecmwf_ifs_20260409_12.json.gz,
2026-04-10T00:00:00+00:00,0,True,final_extension_cache,cache,240,data/raw/ecmwf_final_v85/2026/04/ecmwf_ifs_20260410_00.json.gz,
2026-04-10T12:00:00+00:00,12,True,final_extension_cache,cache,240,data/raw/ecmwf_final_v85/2026/04/ecmwf_ifs_20260410_12.json.gz,
2026-04-11T00:00:00+00:00,0,True,final_extension_cache,cache,240,data/raw/ecmwf_final_v85/2026/04/ecmwf_ifs_20260411_00.json.gz,
2026-04-11T12:00:00+00:00,12,True,final_extension_cache,cache,240,data/raw/ecmwf_final_v85/2026/04/ecmwf_ifs_20260411_12.json.gz,
2026-04-12T00:00:00+00:00,0,True,final_extension_cache,cache,240,data/raw/ecmwf_final_v85/2026/04/ecmwf_ifs_20260412_00.json.gz,
2026-04-12T12:00:00+00:00,12,True,final_extension_cache,cache,240,data/raw/ecmwf_final_v85/2026/04/ecmwf_ifs_20260412_12.json.gz,
2026-04-13T00:00:00+00:00,0,True,final_extension_cache,cache,240,data/raw/ecmwf_final_v85/2026/04/ecmwf_ifs_20260413_00.json.gz,
2026-04-13T12:00:00+00:00,12,True,final_extension_cache,cache,240,data/raw/ecmwf_final_v85/2026/04/ecmwf_ifs_20260413_12.json.gz,
2026-04-14T00:00:00+00:00,0,True,final_extension_cache,cache,240,data/raw/ecmwf_final_v85/2026/04/ecmwf_ifs_20260414_00.json.gz,
2026-04-14T12:00:00+00:00,12,True,final_extension_cache,cache,240,data/raw/ecmwf_final_v85/2026/04/ecmwf_ifs_20260414_12.json.gz,
2026-04-15T00:00:00+00:00,0,True,final_extension_cache,cache,240,data/raw/ecmwf_final_v85/2026/04/ecmwf_ifs_20260415_00.json.gz,
2026-04-15T12:00:00+00:00,12,True,final_extension_cache,cache,240,data/raw/ecmwf_final_v85/2026/04/ecmwf_ifs_20260415_12.json.gz,
2026-04-16T00:00:00+00:00,0,True,final_extension_cache,cache,240,data/raw/ecmwf_final_v85/2026/04/ecmwf_ifs_20260416_00.json.gz,
2026-04-16T12:00:00+00:00,12,True,final_extension_cache,cache,240,data/raw/ecmwf_final_v85/2026/04/ecmwf_ifs_20260416_12.json.gz,
2026-04-17T00:00:00+00:00,0,True,final_extension_cache,cache,240,data/raw/ecmwf_final_v85/2026/04/ecmwf_ifs_20260417_00.json.gz,
2026-04-17T12:00:00+00:00,12,True,final_extension_cache,cache,240,data/raw/ecmwf_final_v85/2026/04/ecmwf_ifs_20260417_12.json.gz,
2026-04-18T00:00:00+00:00,0,True,final_extension_cache,cache,240,data/raw/ecmwf_final_v85/2026/04/ecmwf_ifs_20260418_00.json.gz,
2026-04-18T12:00:00+00:00,12,True,final_extension_cache,cache,240,data/raw/ecmwf_final_v85/2026/04/ecmwf_ifs_20260418_12.json.gz,
2026-04-19T00:00:00+00:00,0,True,final_extension_cache,cache,240,data/raw/ecmwf_final_v85/2026/04/ecmwf_ifs_20260419_00.json.gz,
2026-04-19T12:00:00+00:00,12,True,final_extension_cache,cache,240,data/raw/ecmwf_final_v85/2026/04/ecmwf_ifs_20260419_12.json.gz,
2026-04-20T00:00:00+00:00,0,True,final_extension_cache,cache,240,data/raw/ecmwf_final_v85/2026/04/ecmwf_ifs_20260420_00.json.gz,
2026-04-20T12:00:00+00:00,12,True,final_extension_cache,cache,240,data/raw/ecmwf_final_v85/2026/04/ecmwf_ifs_20260420_12.json.gz,
2026-04-21T00:00:00+00:00,0,True,final_extension_cache,cache,240,data/raw/ecmwf_final_v85/2026/04/ecmwf_ifs_20260421_00.json.gz,
2026-04-21T12:00:00+00:00,12,True,final_extension_cache,cache,240,data/raw/ecmwf_final_v85/2026/04/ecmwf_ifs_20260421_12.json.gz,
2026-04-22T00:00:00+00:00,0,True,final_extension_cache,cache,240,data/raw/ecmwf_final_v85/2026/04/ecmwf_ifs_20260422_00.json.gz,
2026-04-22T12:00:00+00:00,12,True,final_extension_cache,cache,240,data/raw/ecmwf_final_v85/2026/04/ecmwf_ifs_20260422_12.json.gz,
2026-04-23T00:00:00+00:00,0,True,final_extension_cache,cache,240,data/raw/ecmwf_final_v85/2026/04/ecmwf_ifs_20260423_00.json.gz,
2026-04-23T12:00:00+00:00,12,True,final_extension_cache,cache,240,data/raw/ecmwf_final_v85/2026/04/ecmwf_ifs_20260423_12.json.gz,
2026-04-24T00:00:00+00:00,0,True,final_extension_cache,cache,240,data/raw/ecmwf_final_v85/2026/04/ecmwf_ifs_20260424_00.json.gz,
2026-04-24T12:00:00+00:00,12,True,final_extension_cache,cache,240,data/raw/ecmwf_final_v85/2026/04/ecmwf_ifs_20260424_12.json.gz,
2026-04-25T00:00:00+00:00,0,True,final_extension_cache,cache,240,data/raw/ecmwf_final_v85/2026/04/ecmwf_ifs_20260425_00.json.gz,
2026-04-25T12:00:00+00:00,12,True,final_extension_cache,cache,240,data/raw/ecmwf_final_v85/2026/04/ecmwf_ifs_20260425_12.json.gz,
2026-04-26T00:00:00+00:00,0,True,final_extension_cache,cache,240,data/raw/ecmwf_final_v85/2026/04/ecmwf_ifs_20260426_00.json.gz,
2026-04-26T12:00:00+00:00,12,True,final_extension_cache,cache,240,data/raw/ecmwf_final_v85/2026/04/ecmwf_ifs_20260426_12.json.gz,
2026-04-27T00:00:00+00:00,0,True,final_extension_cache,cache,240,data/raw/ecmwf_final_v85/2026/04/ecmwf_ifs_20260427_00.json.gz,
2026-04-27T12:00:00+00:00,12,True,final_extension_cache,cache,240,data/raw/ecmwf_final_v85/2026/04/ecmwf_ifs_20260427_12.json.gz,
2026-04-28T00:00:00+00:00,0,True,final_extension_cache,cache,240,data/raw/ecmwf_final_v85/2026/04/ecmwf_ifs_20260428_00.json.gz,
2026-04-28T12:00:00+00:00,12,True,final_extension_cache,cache,240,data/raw/ecmwf_final_v85/2026/04/ecmwf_ifs_20260428_12.json.gz,
2026-04-29T00:00:00+00:00,0,True,final_extension_cache,cache,240,data/raw/ecmwf_final_v85/2026/04/ecmwf_ifs_20260429_00.json.gz,
2026-04-29T12:00:00+00:00,12,True,final_extension_cache,cache,240,data/raw/ecmwf_final_v85/2026/04/ecmwf_ifs_20260429_12.json.gz,
2026-04-30T00:00:00+00:00,0,True,final_extension_cache,cache,240,data/raw/ecmwf_final_v85/2026/04/ecmwf_ifs_20260430_00.json.gz,
2026-04-30T12:00:00+00:00,12,True,final_extension_cache,cache,240,data/raw/ecmwf_final_v85/2026/04/ecmwf_ifs_20260430_12.json.gz,
2026-05-01T00:00:00+00:00,0,True,final_extension_cache,cache,240,data/raw/ecmwf_final_v85/2026/05/ecmwf_ifs_20260501_00.json.gz,
2026-05-01T12:00:00+00:00,12,True,final_extension_cache,cache,240,data/raw/ecmwf_final_v85/2026/05/ecmwf_ifs_20260501_12.json.gz,
2026-05-02T00:00:00+00:00,0,True,final_extension_cache,cache,240,data/raw/ecmwf_final_v85/2026/05/ecmwf_ifs_20260502_00.json.gz,
2026-05-02T12:00:00+00:00,12,True,final_extension_cache,cache,240,data/raw/ecmwf_final_v85/2026/05/ecmwf_ifs_20260502_12.json.gz,
2026-05-03T00:00:00+00:00,0,True,final_extension_cache,cache,240,data/raw/ecmwf_final_v85/2026/05/ecmwf_ifs_20260503_00.json.gz,
2026-05-03T12:00:00+00:00,12,True,final_extension_cache,cache,240,data/raw/ecmwf_final_v85/2026/05/ecmwf_ifs_20260503_12.json.gz,
2026-05-04T00:00:00+00:00,0,True,final_extension_cache,cache,240,data/raw/ecmwf_final_v85/2026/05/ecmwf_ifs_20260504_00.json.gz,
2026-05-04T12:00:00+00:00,12,True,final_extension_cache,cache,240,data/raw/ecmwf_final_v85/2026/05/ecmwf_ifs_20260504_12.json.gz,
2026-05-05T00:00:00+00:00,0,True,final_extension_cache,cache,240,data/raw/ecmwf_final_v85/2026/05/ecmwf_ifs_20260505_00.json.gz,
2026-05-05T12:00:00+00:00,12,True,final_extension_cache,cache,240,data/raw/ecmwf_final_v85/2026/05/ecmwf_ifs_20260505_12.json.gz,
2026-05-06T00:00:00+00:00,0,True,final_extension_cache,cache,240,data/raw/ecmwf_final_v85/2026/05/ecmwf_ifs_20260506_00.json.gz,
2026-05-06T12:00:00+00:00,12,True,final_extension_cache,cache,240,data/raw/ecmwf_final_v85/2026/05/ecmwf_ifs_20260506_12.json.gz,
2026-05-07T00:00:00+00:00,0,True,final_extension_cache,cache,240,data/raw/ecmwf_final_v85/2026/05/ecmwf_ifs_20260507_00.json.gz,
2026-05-07T12:00:00+00:00,12,True,final_extension_cache,cache,240,data/raw/ecmwf_final_v85/2026/05/ecmwf_ifs_20260507_12.json.gz,
2026-05-08T00:00:00+00:00,0,True,final_extension_cache,cache,240,data/raw/ecmwf_final_v85/2026/05/ecmwf_ifs_20260508_00.json.gz,
2026-05-08T12:00:00+00:00,12,True,final_extension_cache,cache,240,data/raw/ecmwf_final_v85/2026/05/ecmwf_ifs_20260508_12.json.gz,
2026-05-09T00:00:00+00:00,0,True,final_extension_cache,cache,240,data/raw/ecmwf_final_v85/2026/05/ecmwf_ifs_20260509_00.json.gz,
2026-05-09T12:00:00+00:00,12,True,final_extension_cache,cache,240,data/raw/ecmwf_final_v85/2026/05/ecmwf_ifs_20260509_12.json.gz,
2026-05-10T00:00:00+00:00,0,True,final_extension_cache,cache,240,data/raw/ecmwf_final_v85/2026/05/ecmwf_ifs_20260510_00.json.gz,
2026-05-10T12:00:00+00:00,12,True,final_extension_cache,cache,240,data/raw/ecmwf_final_v85/2026/05/ecmwf_ifs_20260510_12.json.gz,
2026-05-11T00:00:00+00:00,0,True,final_extension_cache,cache,240,data/raw/ecmwf_final_v85/2026/05/ecmwf_ifs_20260511_00.json.gz,
2026-05-11T12:00:00+00:00,12,True,final_extension_cache,cache,240,data/raw/ecmwf_final_v85/2026/05/ecmwf_ifs_20260511_12.json.gz,
2026-05-12T00:00:00+00:00,0,True,final_extension_cache,cache,240,data/raw/ecmwf_final_v85/2026/05/ecmwf_ifs_20260512_00.json.gz,
2026-05-12T12:00:00+00:00,12,True,final_extension_cache,cache,240,data/raw/ecmwf_final_v85/2026/05/ecmwf_ifs_20260512_12.json.gz,
2026-05-13T00:00:00+00:00,0,True,final_extension_cache,cache,240,data/raw/ecmwf_final_v85/2026/05/ecmwf_ifs_20260513_00.json.gz,
2026-05-13T12:00:00+00:00,12,True,final_extension_cache,cache,240,data/raw/ecmwf_final_v85/2026/05/ecmwf_ifs_20260513_12.json.gz,
2026-05-14T00:00:00+00:00,0,True,final_extension_cache,cache,240,data/raw/ecmwf_final_v85/2026/05/ecmwf_ifs_20260514_00.json.gz,
2026-05-14T12:00:00+00:00,12,True,final_extension_cache,cache,240,data/raw/ecmwf_final_v85/2026/05/ecmwf_ifs_20260514_12.json.gz,
2026-05-15T00:00:00+00:00,0,True,final_extension_cache,cache,240,data/raw/ecmwf_final_v85/2026/05/ecmwf_ifs_20260515_00.json.gz,
2026-05-15T12:00:00+00:00,12,True,final_extension_cache,cache,240,data/raw/ecmwf_final_v85/2026/05/ecmwf_ifs_20260515_12.json.gz,
2026-05-16T00:00:00+00:00,0,True,final_extension_cache,cache,240,data/raw/ecmwf_final_v85/2026/05/ecmwf_ifs_20260516_00.json.gz,
2026-05-16T12:00:00+00:00,12,True,final_extension_cache,cache,240,data/raw/ecmwf_final_v85/2026/05/ecmwf_ifs_20260516_12.json.gz,
2026-05-17T00:00:00+00:00,0,True,final_extension_cache,cache,240,data/raw/ecmwf_final_v85/2026/05/ecmwf_ifs_20260517_00.json.gz,
2026-05-17T12:00:00+00:00,12,True,final_extension_cache,cache,240,data/raw/ecmwf_final_v85/2026/05/ecmwf_ifs_20260517_12.json.gz,
2026-05-18T00:00:00+00:00,0,True,final_extension_cache,cache,240,data/raw/ecmwf_final_v85/2026/05/ecmwf_ifs_20260518_00.json.gz,
2026-05-18T12:00:00+00:00,12,True,final_extension_cache,cache,240,data/raw/ecmwf_final_v85/2026/05/ecmwf_ifs_20260518_12.json.gz,
2026-05-19T00:00:00+00:00,0,True,final_extension_cache,cache,240,data/raw/ecmwf_final_v85/2026/05/ecmwf_ifs_20260519_00.json.gz,
2026-05-19T12:00:00+00:00,12,True,final_extension_cache,cache,240,data/raw/ecmwf_final_v85/2026/05/ecmwf_ifs_20260519_12.json.gz,
2026-05-20T00:00:00+00:00,0,True,final_extension_cache,cache,240,data/raw/ecmwf_final_v85/2026/05/ecmwf_ifs_20260520_00.json.gz,
2026-05-20T12:00:00+00:00,12,True,final_extension_cache,cache,240,data/raw/ecmwf_final_v85/2026/05/ecmwf_ifs_20260520_12.json.gz,
2026-05-21T00:00:00+00:00,0,True,final_extension_cache,cache,240,data/raw/ecmwf_final_v85/2026/05/ecmwf_ifs_20260521_00.json.gz,
2026-05-21T12:00:00+00:00,12,True,final_extension_cache,cache,240,data/raw/ecmwf_final_v85/2026/05/ecmwf_ifs_20260521_12.json.gz,
2026-05-22T00:00:00+00:00,0,True,final_extension_cache,cache,240,data/raw/ecmwf_final_v85/2026/05/ecmwf_ifs_20260522_00.json.gz,
2026-05-22T12:00:00+00:00,12,True,final_extension_cache,cache,240,data/raw/ecmwf_final_v85/2026/05/ecmwf_ifs_20260522_12.json.gz,
2026-05-23T00:00:00+00:00,0,True,final_extension_cache,cache,240,data/raw/ecmwf_final_v85/2026/05/ecmwf_ifs_20260523_00.json.gz,
2026-05-23T12:00:00+00:00,12,True,final_extension_cache,cache,240,data/raw/ecmwf_final_v85/2026/05/ecmwf_ifs_20260523_12.json.gz,
2026-05-24T00:00:00+00:00,0,True,final_extension_cache,cache,240,data/raw/ecmwf_final_v85/2026/05/ecmwf_ifs_20260524_00.json.gz,
2026-05-24T12:00:00+00:00,12,True,final_extension_cache,cache,240,data/raw/ecmwf_final_v85/2026/05/ecmwf_ifs_20260524_12.json.gz,
2026-05-25T00:00:00+00:00,0,True,final_extension_cache,cache,240,data/raw/ecmwf_final_v85/2026/05/ecmwf_ifs_20260525_00.json.gz,
2026-05-25T12:00:00+00:00,12,True,final_extension_cache,cache,240,data/raw/ecmwf_final_v85/2026/05/ecmwf_ifs_20260525_12.json.gz,
2026-05-26T00:00:00+00:00,0,True,final_extension_cache,cache,240,data/raw/ecmwf_final_v85/2026/05/ecmwf_ifs_20260526_00.json.gz,
2026-05-26T12:00:00+00:00,12,True,final_extension_cache,cache,240,data/raw/ecmwf_final_v85/2026/05/ecmwf_ifs_20260526_12.json.gz,
2026-05-27T00:00:00+00:00,0,True,final_extension_cache,cache,240,data/raw/ecmwf_final_v85/2026/05/ecmwf_ifs_20260527_00.json.gz,
2026-05-27T12:00:00+00:00,12,True,final_extension_cache,cache,240,data/raw/ecmwf_final_v85/2026/05/ecmwf_ifs_20260527_12.json.gz,
2026-05-28T00:00:00+00:00,0,True,final_extension_cache,cache,240,data/raw/ecmwf_final_v85/2026/05/ecmwf_ifs_20260528_00.json.gz,
2026-05-28T12:00:00+00:00,12,True,final_extension_cache,cache,240,data/raw/ecmwf_final_v85/2026/05/ecmwf_ifs_20260528_12.json.gz,
2026-05-29T00:00:00+00:00,0,True,final_extension_cache,cache,240,data/raw/ecmwf_final_v85/2026/05/ecmwf_ifs_20260529_00.json.gz,
2026-05-29T12:00:00+00:00,12,True,final_extension_cache,cache,240,data/raw/ecmwf_final_v85/2026/05/ecmwf_ifs_20260529_12.json.gz,
2026-05-30T00:00:00+00:00,0,True,final_extension_cache,cache,240,data/raw/ecmwf_final_v85/2026/05/ecmwf_ifs_20260530_00.json.gz,
2026-05-30T12:00:00+00:00,12,True,final_extension_cache,cache,240,data/raw/ecmwf_final_v85/2026/05/ecmwf_ifs_20260530_12.json.gz,
2026-05-31T00:00:00+00:00,0,True,final_extension_cache,cache,240,data/raw/ecmwf_final_v85/2026/05/ecmwf_ifs_20260531_00.json.gz,
2026-05-31T12:00:00+00:00,12,True,final_extension_cache,cache,240,data/raw/ecmwf_final_v85/2026/05/ecmwf_ifs_20260531_12.json.gz,
2026-06-01T00:00:00+00:00,0,True,final_extension_cache,cache,240,data/raw/ecmwf_final_v85/2026/06/ecmwf_ifs_20260601_00.json.gz,
2026-06-01T12:00:00+00:00,12,True,final_extension_cache,cache,240,data/raw/ecmwf_final_v85/2026/06/ecmwf_ifs_20260601_12.json.gz,
2026-06-02T00:00:00+00:00,0,True,final_extension_cache,cache,240,data/raw/ecmwf_final_v85/2026/06/ecmwf_ifs_20260602_00.json.gz,
2026-06-02T12:00:00+00:00,12,True,final_extension_cache,cache,240,data/raw/ecmwf_final_v85/2026/06/ecmwf_ifs_20260602_12.json.gz,
2026-06-03T00:00:00+00:00,0,True,final_extension_cache,cache,240,data/raw/ecmwf_final_v85/2026/06/ecmwf_ifs_20260603_00.json.gz,
2026-06-03T12:00:00+00:00,12,True,final_extension_cache,cache,240,data/raw/ecmwf_final_v85/2026/06/ecmwf_ifs_20260603_12.json.gz,
2026-06-04T00:00:00+00:00,0,True,final_extension_cache,cache,240,data/raw/ecmwf_final_v85/2026/06/ecmwf_ifs_20260604_00.json.gz,
2026-06-04T12:00:00+00:00,12,True,final_extension_cache,cache,240,data/raw/ecmwf_final_v85/2026/06/ecmwf_ifs_20260604_12.json.gz,
2026-06-05T00:00:00+00:00,0,True,final_extension_cache,cache,240,data/raw/ecmwf_final_v85/2026/06/ecmwf_ifs_20260605_00.json.gz,
2026-06-05T12:00:00+00:00,12,True,final_extension_cache,cache,240,data/raw/ecmwf_final_v85/2026/06/ecmwf_ifs_20260605_12.json.gz,
2026-06-06T00:00:00+00:00,0,True,final_extension_cache,cache,240,data/raw/ecmwf_final_v85/2026/06/ecmwf_ifs_20260606_00.json.gz,
2026-06-06T12:00:00+00:00,12,True,final_extension_cache,cache,240,data/raw/ecmwf_final_v85/2026/06/ecmwf_ifs_20260606_12.json.gz,
2026-06-07T00:00:00+00:00,0,True,final_extension_cache,cache,240,data/raw/ecmwf_final_v85/2026/06/ecmwf_ifs_20260607_00.json.gz,
2026-06-07T12:00:00+00:00,12,True,final_extension_cache,cache,240,data/raw/ecmwf_final_v85/2026/06/ecmwf_ifs_20260607_12.json.gz,
2026-06-08T00:00:00+00:00,0,True,final_extension_cache,cache,240,data/raw/ecmwf_final_v85/2026/06/ecmwf_ifs_20260608_00.json.gz,
2026-06-08T12:00:00+00:00,12,True,final_extension_cache,cache,240,data/raw/ecmwf_final_v85/2026/06/ecmwf_ifs_20260608_12.json.gz,
2026-06-09T00:00:00+00:00,0,True,final_extension_cache,cache,240,data/raw/ecmwf_final_v85/2026/06/ecmwf_ifs_20260609_00.json.gz,
2026-06-09T12:00:00+00:00,12,True,final_extension_cache,cache,240,data/raw/ecmwf_final_v85/2026/06/ecmwf_ifs_20260609_12.json.gz,
2026-06-10T00:00:00+00:00,0,True,final_extension_cache,cache,240,data/raw/ecmwf_final_v85/2026/06/ecmwf_ifs_20260610_00.json.gz,
2026-06-10T12:00:00+00:00,12,False,open_meteo_extension_api,400,0,,run_unavailable
2026-06-10T18:00:00+00:00,18,True,open_meteo_extension_api,200,240,data/raw/ecmwf_final_v85/2026/06/ecmwf_ifs_20260610_18.json.gz,
2026-06-11T00:00:00+00:00,0,True,final_extension_cache,cache,240,data/raw/ecmwf_final_v85/2026/06/ecmwf_ifs_20260611_00.json.gz,
2026-06-11T12:00:00+00:00,12,True,final_extension_cache,cache,240,data/raw/ecmwf_final_v85/2026/06/ecmwf_ifs_20260611_12.json.gz,
2026-06-12T00:00:00+00:00,0,True,final_extension_cache,cache,240,data/raw/ecmwf_final_v85/2026/06/ecmwf_ifs_20260612_00.json.gz,
2026-06-12T12:00:00+00:00,12,True,final_extension_cache,cache,240,data/raw/ecmwf_final_v85/2026/06/ecmwf_ifs_20260612_12.json.gz,
2026-06-13T00:00:00+00:00,0,True,final_extension_cache,cache,240,data/raw/ecmwf_final_v85/2026/06/ecmwf_ifs_20260613_00.json.gz,
2026-06-13T12:00:00+00:00,12,True,final_extension_cache,cache,240,data/raw/ecmwf_final_v85/2026/06/ecmwf_ifs_20260613_12.json.gz,
2026-06-14T00:00:00+00:00,0,True,final_extension_cache,cache,240,data/raw/ecmwf_final_v85/2026/06/ecmwf_ifs_20260614_00.json.gz,
2026-06-14T12:00:00+00:00,12,True,final_extension_cache,cache,240,data/raw/ecmwf_final_v85/2026/06/ecmwf_ifs_20260614_12.json.gz,
2026-06-15T00:00:00+00:00,0,True,final_extension_cache,cache,240,data/raw/ecmwf_final_v85/2026/06/ecmwf_ifs_20260615_00.json.gz,
2026-06-15T12:00:00+00:00,12,True,final_extension_cache,cache,240,data/raw/ecmwf_final_v85/2026/06/ecmwf_ifs_20260615_12.json.gz,
2026-06-16T00:00:00+00:00,0,True,final_extension_cache,cache,240,data/raw/ecmwf_final_v85/2026/06/ecmwf_ifs_20260616_00.json.gz,
2026-06-16T12:00:00+00:00,12,True,final_extension_cache,cache,240,data/raw/ecmwf_final_v85/2026/06/ecmwf_ifs_20260616_12.json.gz,
2026-06-17T00:00:00+00:00,0,True,final_extension_cache,cache,240,data/raw/ecmwf_final_v85/2026/06/ecmwf_ifs_20260617_00.json.gz,
2026-06-17T12:00:00+00:00,12,True,final_extension_cache,cache,240,data/raw/ecmwf_final_v85/2026/06/ecmwf_ifs_20260617_12.json.gz,
2026-06-18T00:00:00+00:00,0,True,final_extension_cache,cache,240,data/raw/ecmwf_final_v85/2026/06/ecmwf_ifs_20260618_00.json.gz,
2026-06-18T12:00:00+00:00,12,True,final_extension_cache,cache,240,data/raw/ecmwf_final_v85/2026/06/ecmwf_ifs_20260618_12.json.gz,
2026-06-19T00:00:00+00:00,0,True,final_extension_cache,cache,240,data/raw/ecmwf_final_v85/2026/06/ecmwf_ifs_20260619_00.json.gz,
2026-06-19T12:00:00+00:00,12,True,final_extension_cache,cache,240,data/raw/ecmwf_final_v85/2026/06/ecmwf_ifs_20260619_12.json.gz,
2026-06-20T00:00:00+00:00,0,True,final_extension_cache,cache,240,data/raw/ecmwf_final_v85/2026/06/ecmwf_ifs_20260620_00.json.gz,
2026-06-20T12:00:00+00:00,12,True,final_extension_cache,cache,240,data/raw/ecmwf_final_v85/2026/06/ecmwf_ifs_20260620_12.json.gz,
2026-06-21T00:00:00+00:00,0,True,final_extension_cache,cache,240,data/raw/ecmwf_final_v85/2026/06/ecmwf_ifs_20260621_00.json.gz,
2026-06-21T12:00:00+00:00,12,True,final_extension_cache,cache,240,data/raw/ecmwf_final_v85/2026/06/ecmwf_ifs_20260621_12.json.gz,
2026-06-22T00:00:00+00:00,0,True,final_extension_cache,cache,240,data/raw/ecmwf_final_v85/2026/06/ecmwf_ifs_20260622_00.json.gz,
2026-06-22T12:00:00+00:00,12,True,final_extension_cache,cache,240,data/raw/ecmwf_final_v85/2026/06/ecmwf_ifs_20260622_12.json.gz,
2026-06-23T00:00:00+00:00,0,True,final_extension_cache,cache,240,data/raw/ecmwf_final_v85/2026/06/ecmwf_ifs_20260623_00.json.gz,
2026-06-22T18:00:00+00:00,18,True,open_meteo_extension_api,200,240,data/raw/ecmwf_final_v85/2026/06/ecmwf_ifs_20260622_18.json.gz,
2026-06-23T06:00:00+00:00,6,True,open_meteo_extension_api,200,240,data/raw/ecmwf_final_v85/2026/06/ecmwf_ifs_20260623_06.json.gz,
2026-06-23T12:00:00+00:00,12,True,final_extension_cache,cache,240,data/raw/ecmwf_final_v85/2026/06/ecmwf_ifs_20260623_12.json.gz,
2026-06-24T00:00:00+00:00,0,True,final_extension_cache,cache,240,data/raw/ecmwf_final_v85/2026/06/ecmwf_ifs_20260624_00.json.gz,
2026-06-24T12:00:00+00:00,12,True,final_extension_cache,cache,240,data/raw/ecmwf_final_v85/2026/06/ecmwf_ifs_20260624_12.json.gz,
2026-06-25T00:00:00+00:00,0,True,final_extension_cache,cache,240,data/raw/ecmwf_final_v85/2026/06/ecmwf_ifs_20260625_00.json.gz,
2026-06-25T12:00:00+00:00,12,True,final_extension_cache,cache,240,data/raw/ecmwf_final_v85/2026/06/ecmwf_ifs_20260625_12.json.gz,
2026-06-26T00:00:00+00:00,0,True,final_extension_cache,cache,240,data/raw/ecmwf_final_v85/2026/06/ecmwf_ifs_20260626_00.json.gz,
2026-06-26T12:00:00+00:00,12,True,final_extension_cache,cache,240,data/raw/ecmwf_final_v85/2026/06/ecmwf_ifs_20260626_12.json.gz,
2026-06-27T00:00:00+00:00,0,True,final_extension_cache,cache,240,data/raw/ecmwf_final_v85/2026/06/ecmwf_ifs_20260627_00.json.gz,
2026-06-27T12:00:00+00:00,12,True,final_extension_cache,cache,240,data/raw/ecmwf_final_v85/2026/06/ecmwf_ifs_20260627_12.json.gz,
2026-06-28T00:00:00+00:00,0,True,final_extension_cache,cache,240,data/raw/ecmwf_final_v85/2026/06/ecmwf_ifs_20260628_00.json.gz,
2026-06-28T12:00:00+00:00,12,True,final_extension_cache,cache,240,data/raw/ecmwf_final_v85/2026/06/ecmwf_ifs_20260628_12.json.gz,
2026-06-29T00:00:00+00:00,0,True,final_extension_cache,cache,240,data/raw/ecmwf_final_v85/2026/06/ecmwf_ifs_20260629_00.json.gz,
2026-06-29T12:00:00+00:00,12,True,final_extension_cache,cache,240,data/raw/ecmwf_final_v85/2026/06/ecmwf_ifs_20260629_12.json.gz,
2026-06-30T00:00:00+00:00,0,True,final_extension_cache,cache,240,data/raw/ecmwf_final_v85/2026/06/ecmwf_ifs_20260630_00.json.gz,
2026-06-30T12:00:00+00:00,12,True,final_extension_cache,cache,240,data/raw/ecmwf_final_v85/2026/06/ecmwf_ifs_20260630_12.json.gz,
2026-07-01T00:00:00+00:00,0,True,final_extension_cache,cache,240,data/raw/ecmwf_final_v85/2026/07/ecmwf_ifs_20260701_00.json.gz,
2026-07-01T12:00:00+00:00,12,True,final_extension_cache,cache,240,data/raw/ecmwf_final_v85/2026/07/ecmwf_ifs_20260701_12.json.gz,
2026-07-02T00:00:00+00:00,0,True,final_extension_cache,cache,240,data/raw/ecmwf_final_v85/2026/07/ecmwf_ifs_20260702_00.json.gz,
2026-07-02T12:00:00+00:00,12,True,final_extension_cache,cache,240,data/raw/ecmwf_final_v85/2026/07/ecmwf_ifs_20260702_12.json.gz,
2026-07-03T00:00:00+00:00,0,True,final_extension_cache,cache,240,data/raw/ecmwf_final_v85/2026/07/ecmwf_ifs_20260703_00.json.gz,
2026-07-03T12:00:00+00:00,12,True,final_extension_cache,cache,240,data/raw/ecmwf_final_v85/2026/07/ecmwf_ifs_20260703_12.json.gz,
2026-07-04T00:00:00+00:00,0,True,final_extension_cache,cache,240,data/raw/ecmwf_final_v85/2026/07/ecmwf_ifs_20260704_00.json.gz,
2026-07-04T12:00:00+00:00,12,True,final_extension_cache,cache,240,data/raw/ecmwf_final_v85/2026/07/ecmwf_ifs_20260704_12.json.gz,
2026-07-05T00:00:00+00:00,0,True,final_extension_cache,cache,240,data/raw/ecmwf_final_v85/2026/07/ecmwf_ifs_20260705_00.json.gz,
2026-07-05T12:00:00+00:00,12,True,final_extension_cache,cache,240,data/raw/ecmwf_final_v85/2026/07/ecmwf_ifs_20260705_12.json.gz,
2026-07-06T00:00:00+00:00,0,True,final_extension_cache,cache,240,data/raw/ecmwf_final_v85/2026/07/ecmwf_ifs_20260706_00.json.gz,
2026-07-06T12:00:00+00:00,12,True,final_extension_cache,cache,240,data/raw/ecmwf_final_v85/2026/07/ecmwf_ifs_20260706_12.json.gz,
2026-07-07T00:00:00+00:00,0,True,final_extension_cache,cache,240,data/raw/ecmwf_final_v85/2026/07/ecmwf_ifs_20260707_00.json.gz,
2026-07-07T12:00:00+00:00,12,True,final_extension_cache,cache,240,data/raw/ecmwf_final_v85/2026/07/ecmwf_ifs_20260707_12.json.gz,
2026-07-08T00:00:00+00:00,0,True,final_extension_cache,cache,240,data/raw/ecmwf_final_v85/2026/07/ecmwf_ifs_20260708_00.json.gz,
2026-07-08T12:00:00+00:00,12,True,final_extension_cache,cache,240,data/raw/ecmwf_final_v85/2026/07/ecmwf_ifs_20260708_12.json.gz,
2026-07-09T00:00:00+00:00,0,True,final_extension_cache,cache,240,data/raw/ecmwf_final_v85/2026/07/ecmwf_ifs_20260709_00.json.gz,
2026-07-09T12:00:00+00:00,12,True,final_extension_cache,cache,240,data/raw/ecmwf_final_v85/2026/07/ecmwf_ifs_20260709_12.json.gz,
2026-07-10T00:00:00+00:00,0,True,final_extension_cache,cache,240,data/raw/ecmwf_final_v85/2026/07/ecmwf_ifs_20260710_00.json.gz,
2026-07-10T12:00:00+00:00,12,True,final_extension_cache,cache,240,data/raw/ecmwf_final_v85/2026/07/ecmwf_ifs_20260710_12.json.gz,
2026-07-11T00:00:00+00:00,0,True,final_extension_cache,cache,240,data/raw/ecmwf_final_v85/2026/07/ecmwf_ifs_20260711_00.json.gz,
2026-07-11T12:00:00+00:00,12,True,final_extension_cache,cache,240,data/raw/ecmwf_final_v85/2026/07/ecmwf_ifs_20260711_12.json.gz,
2026-07-12T00:00:00+00:00,0,True,final_extension_cache,cache,240,data/raw/ecmwf_final_v85/2026/07/ecmwf_ifs_20260712_00.json.gz,
2026-07-12T12:00:00+00:00,12,True,final_extension_cache,cache,240,data/raw/ecmwf_final_v85/2026/07/ecmwf_ifs_20260712_12.json.gz,
2026-07-13T00:00:00+00:00,0,True,final_extension_cache,cache,240,data/raw/ecmwf_final_v85/2026/07/ecmwf_ifs_20260713_00.json.gz,
2026-07-13T12:00:00+00:00,12,True,final_extension_cache,cache,240,data/raw/ecmwf_final_v85/2026/07/ecmwf_ifs_20260713_12.json.gz,
2026-07-14T00:00:00+00:00,0,True,final_extension_cache,cache,240,data/raw/ecmwf_final_v85/2026/07/ecmwf_ifs_20260714_00.json.gz,
2026-07-14T12:00:00+00:00,12,True,final_extension_cache,cache,240,data/raw/ecmwf_final_v85/2026/07/ecmwf_ifs_20260714_12.json.gz,
2026-07-15T00:00:00+00:00,0,True,final_extension_cache,cache,240,data/raw/ecmwf_final_v85/2026/07/ecmwf_ifs_20260715_00.json.gz,
2026-07-15T12:00:00+00:00,12,True,final_extension_cache,cache,240,data/raw/ecmwf_final_v85/2026/07/ecmwf_ifs_20260715_12.json.gz,
2026-07-16T00:00:00+00:00,0,True,final_extension_cache,cache,240,data/raw/ecmwf_final_v85/2026/07/ecmwf_ifs_20260716_00.json.gz,
2026-07-16T12:00:00+00:00,12,True,final_extension_cache,cache,240,data/raw/ecmwf_final_v85/2026/07/ecmwf_ifs_20260716_12.json.gz,
2026-07-17T00:00:00+00:00,0,True,final_extension_cache,cache,240,data/raw/ecmwf_final_v85/2026/07/ecmwf_ifs_20260717_00.json.gz,
2026-07-17T12:00:00+00:00,12,True,final_extension_cache,cache,240,data/raw/ecmwf_final_v85/2026/07/ecmwf_ifs_20260717_12.json.gz,
2026-07-18T00:00:00+00:00,0,True,final_extension_cache,cache,240,data/raw/ecmwf_final_v85/2026/07/ecmwf_ifs_20260718_00.json.gz,
2026-07-18T12:00:00+00:00,12,True,final_extension_cache,cache,240,data/raw/ecmwf_final_v85/2026/07/ecmwf_ifs_20260718_12.json.gz,
2026-07-19T00:00:00+00:00,0,True,final_extension_cache,cache,240,data/raw/ecmwf_final_v85/2026/07/ecmwf_ifs_20260719_00.json.gz,
2026-07-19T12:00:00+00:00,12,True,final_extension_cache,cache,240,data/raw/ecmwf_final_v85/2026/07/ecmwf_ifs_20260719_12.json.gz,
2026-07-20T00:00:00+00:00,0,True,final_extension_cache,cache,240,data/raw/ecmwf_final_v85/2026/07/ecmwf_ifs_20260720_00.json.gz,
2026-07-20T12:00:00+00:00,12,True,final_extension_cache,cache,240,data/raw/ecmwf_final_v85/2026/07/ecmwf_ifs_20260720_12.json.gz,
2026-07-21T00:00:00+00:00,0,True,final_extension_cache,cache,240,data/raw/ecmwf_final_v85/2026/07/ecmwf_ifs_20260721_00.json.gz,
2026-07-21T12:00:00+00:00,12,True,final_extension_cache,cache,240,data/raw/ecmwf_final_v85/2026/07/ecmwf_ifs_20260721_12.json.gz,
2026-07-22T00:00:00+00:00,0,True,final_extension_cache,cache,240,data/raw/ecmwf_final_v85/2026/07/ecmwf_ifs_20260722_00.json.gz,
2026-07-22T12:00:00+00:00,12,True,final_extension_cache,cache,240,data/raw/ecmwf_final_v85/2026/07/ecmwf_ifs_20260722_12.json.gz,
2026-07-23T00:00:00+00:00,0,True,final_extension_cache,cache,240,data/raw/ecmwf_final_v85/2026/07/ecmwf_ifs_20260723_00.json.gz,
2026-07-23T12:00:00+00:00,12,True,final_extension_cache,cache,240,data/raw/ecmwf_final_v85/2026/07/ecmwf_ifs_20260723_12.json.gz,
2026-07-24T00:00:00+00:00,0,True,final_extension_cache,cache,240,data/raw/ecmwf_final_v85/2026/07/ecmwf_ifs_20260724_00.json.gz,
2026-07-24T12:00:00+00:00,12,True,final_extension_cache,cache,240,data/raw/ecmwf_final_v85/2026/07/ecmwf_ifs_20260724_12.json.gz,
2026-07-25T00:00:00+00:00,0,True,final_extension_cache,cache,240,data/raw/ecmwf_final_v85/2026/07/ecmwf_ifs_20260725_00.json.gz,
2026-07-25T12:00:00+00:00,12,True,final_extension_cache,cache,240,data/raw/ecmwf_final_v85/2026/07/ecmwf_ifs_20260725_12.json.gz,
2026-07-26T00:00:00+00:00,0,True,final_extension_cache,cache,240,data/raw/ecmwf_final_v85/2026/07/ecmwf_ifs_20260726_00.json.gz,
2026-07-26T12:00:00+00:00,12,True,final_extension_cache,cache,240,data/raw/ecmwf_final_v85/2026/07/ecmwf_ifs_20260726_12.json.gz,
2026-07-27T00:00:00+00:00,0,True,final_extension_cache,cache,240,data/raw/ecmwf_final_v85/2026/07/ecmwf_ifs_20260727_00.json.gz,
2026-07-27T12:00:00+00:00,12,True,final_extension_cache,cache,240,data/raw/ecmwf_final_v85/2026/07/ecmwf_ifs_20260727_12.json.gz,
2026-07-28T00:00:00+00:00,0,True,final_extension_cache,cache,240,data/raw/ecmwf_final_v85/2026/07/ecmwf_ifs_20260728_00.json.gz,
2026-07-28T12:00:00+00:00,12,True,final_extension_cache,cache,240,data/raw/ecmwf_final_v85/2026/07/ecmwf_ifs_20260728_12.json.gz,
2026-07-29T00:00:00+00:00,0,True,final_extension_cache,cache,240,data/raw/ecmwf_final_v85/2026/07/ecmwf_ifs_20260729_00.json.gz,
2026-07-29T12:00:00+00:00,12,True,final_extension_cache,cache,240,data/raw/ecmwf_final_v85/2026/07/ecmwf_ifs_20260729_12.json.gz,
2026-07-30T00:00:00+00:00,0,True,final_extension_cache,cache,240,data/raw/ecmwf_final_v85/2026/07/ecmwf_ifs_20260730_00.json.gz,
2026-07-30T12:00:00+00:00,12,True,final_extension_cache,cache,240,data/raw/ecmwf_final_v85/2026/07/ecmwf_ifs_20260730_12.json.gz,
2026-07-31T00:00:00+00:00,0,True,final_extension_cache,cache,240,data/raw/ecmwf_final_v85/2026/07/ecmwf_ifs_20260731_00.json.gz,
2026-07-31T12:00:00+00:00,12,True,final_extension_cache,cache,240,data/raw/ecmwf_final_v85/2026/07/ecmwf_ifs_20260731_12.json.gz,
2026-08-01T00:00:00+00:00,0,True,final_extension_cache,cache,240,data/raw/ecmwf_final_v85/2026/08/ecmwf_ifs_20260801_00.json.gz,
2026-08-01T12:00:00+00:00,12,True,final_extension_cache,cache,240,data/raw/ecmwf_final_v85/2026/08/ecmwf_ifs_20260801_12.json.gz,
2026-08-02T00:00:00+00:00,0,True,final_extension_cache,cache,240,data/raw/ecmwf_final_v85/2026/08/ecmwf_ifs_20260802_00.json.gz,
2026-08-02T12:00:00+00:00,12,True,final_extension_cache,cache,240,data/raw/ecmwf_final_v85/2026/08/ecmwf_ifs_20260802_12.json.gz,
2026-08-03T00:00:00+00:00,0,True,final_extension_cache,cache,240,data/raw/ecmwf_final_v85/2026/08/ecmwf_ifs_20260803_00.json.gz,
2026-08-03T12:00:00+00:00,12,True,final_extension_cache,cache,240,data/raw/ecmwf_final_v85/2026/08/ecmwf_ifs_20260803_12.json.gz,
2026-08-04T00:00:00+00:00,0,True,final_extension_cache,cache,240,data/raw/ecmwf_final_v85/2026/08/ecmwf_ifs_20260804_00.json.gz,
2026-08-04T12:00:00+00:00,12,True,final_extension_cache,cache,240,data/raw/ecmwf_final_v85/2026/08/ecmwf_ifs_20260804_12.json.gz,
2026-08-05T00:00:00+00:00,0,True,final_extension_cache,cache,240,data/raw/ecmwf_final_v85/2026/08/ecmwf_ifs_20260805_00.json.gz,
2026-08-05T12:00:00+00:00,12,True,final_extension_cache,cache,240,data/raw/ecmwf_final_v85/2026/08/ecmwf_ifs_20260805_12.json.gz,
2026-08-06T00:00:00+00:00,0,True,final_extension_cache,cache,240,data/raw/ecmwf_final_v85/2026/08/ecmwf_ifs_20260806_00.json.gz,
2026-08-06T12:00:00+00:00,12,True,final_extension_cache,cache,240,data/raw/ecmwf_final_v85/2026/08/ecmwf_ifs_20260806_12.json.gz,
2026-08-07T00:00:00+00:00,0,True,final_extension_cache,cache,240,data/raw/ecmwf_final_v85/2026/08/ecmwf_ifs_20260807_00.json.gz,
2026-08-07T12:00:00+00:00,12,True,final_extension_cache,cache,240,data/raw/ecmwf_final_v85/2026/08/ecmwf_ifs_20260807_12.json.gz,
2026-08-08T00:00:00+00:00,0,True,final_extension_cache,cache,240,data/raw/ecmwf_final_v85/2026/08/ecmwf_ifs_20260808_00.json.gz,
2026-08-08T12:00:00+00:00,12,True,final_extension_cache,cache,240,data/raw/ecmwf_final_v85/2026/08/ecmwf_ifs_20260808_12.json.gz,
2026-08-09T00:00:00+00:00,0,True,final_extension_cache,cache,240,data/raw/ecmwf_final_v85/2026/08/ecmwf_ifs_20260809_00.json.gz,
2026-08-09T12:00:00+00:00,12,True,final_extension_cache,cache,240,data/raw/ecmwf_final_v85/2026/08/ecmwf_ifs_20260809_12.json.gz,
2026-08-10T00:00:00+00:00,0,True,final_extension_cache,cache,240,data/raw/ecmwf_final_v85/2026/08/ecmwf_ifs_20260810_00.json.gz,
2026-08-10T12:00:00+00:00,12,True,final_extension_cache,cache,240,data/raw/ecmwf_final_v85/2026/08/ecmwf_ifs_20260810_12.json.gz,
2026-08-11T00:00:00+00:00,0,True,final_extension_cache,cache,240,data/raw/ecmwf_final_v85/2026/08/ecmwf_ifs_20260811_00.json.gz,
2026-08-11T12:00:00+00:00,12,True,final_extension_cache,cache,240,data/raw/ecmwf_final_v85/2026/08/ecmwf_ifs_20260811_12.json.gz,
2026-08-12T00:00:00+00:00,0,True,final_extension_cache,cache,240,data/raw/ecmwf_final_v85/2026/08/ecmwf_ifs_20260812_00.json.gz,
2026-08-12T12:00:00+00:00,12,True,final_extension_cache,cache,240,data/raw/ecmwf_final_v85/2026/08/ecmwf_ifs_20260812_12.json.gz,
2026-08-13T00:00:00+00:00,0,True,final_extension_cache,cache,240,data/raw/ecmwf_final_v85/2026/08/ecmwf_ifs_20260813_00.json.gz,
2026-08-13T12:00:00+00:00,12,True,final_extension_cache,cache,240,data/raw/ecmwf_final_v85/2026/08/ecmwf_ifs_20260813_12.json.gz,
2026-08-14T00:00:00+00:00,0,True,final_extension_cache,cache,240,data/raw/ecmwf_final_v85/2026/08/ecmwf_ifs_20260814_00.json.gz,
2026-08-14T12:00:00+00:00,12,True,final_extension_cache,cache,240,data/raw/ecmwf_final_v85/2026/08/ecmwf_ifs_20260814_12.json.gz,
2026-08-15T00:00:00+00:00,0,True,final_extension_cache,cache,240,data/raw/ecmwf_final_v85/2026/08/ecmwf_ifs_20260815_00.json.gz,
2026-08-15T12:00:00+00:00,12,True,final_extension_cache,cache,240,data/raw/ecmwf_final_v85/2026/08/ecmwf_ifs_20260815_12.json.gz,
2026-08-16T00:00:00+00:00,0,True,final_extension_cache,cache,240,data/raw/ecmwf_final_v85/2026/08/ecmwf_ifs_20260816_00.json.gz,
2026-08-16T12:00:00+00:00,12,True,final_extension_cache,cache,240,data/raw/ecmwf_final_v85/2026/08/ecmwf_ifs_20260816_12.json.gz,
2026-08-17T00:00:00+00:00,0,True,final_extension_cache,cache,240,data/raw/ecmwf_final_v85/2026/08/ecmwf_ifs_20260817_00.json.gz,
2026-08-17T12:00:00+00:00,12,True,final_extension_cache,cache,240,data/raw/ecmwf_final_v85/2026/08/ecmwf_ifs_20260817_12.json.gz,
2026-08-18T00:00:00+00:00,0,True,final_extension_cache,cache,240,data/raw/ecmwf_final_v85/2026/08/ecmwf_ifs_20260818_00.json.gz,
2026-08-18T12:00:00+00:00,12,True,final_extension_cache,cache,240,data/raw/ecmwf_final_v85/2026/08/ecmwf_ifs_20260818_12.json.gz,
2026-08-19T00:00:00+00:00,0,True,final_extension_cache,cache,240,data/raw/ecmwf_final_v85/2026/08/ecmwf_ifs_20260819_00.json.gz,
2026-08-19T12:00:00+00:00,12,True,final_extension_cache,cache,240,data/raw/ecmwf_final_v85/2026/08/ecmwf_ifs_20260819_12.json.gz,
2026-08-20T00:00:00+00:00,0,True,final_extension_cache,cache,240,data/raw/ecmwf_final_v85/2026/08/ecmwf_ifs_20260820_00.json.gz,
2026-08-20T12:00:00+00:00,12,True,final_extension_cache,cache,240,data/raw/ecmwf_final_v85/2026/08/ecmwf_ifs_20260820_12.json.gz,
2026-08-21T00:00:00+00:00,0,True,final_extension_cache,cache,240,data/raw/ecmwf_final_v85/2026/08/ecmwf_ifs_20260821_00.json.gz,
2026-08-21T12:00:00+00:00,12,True,final_extension_cache,cache,240,data/raw/ecmwf_final_v85/2026/08/ecmwf_ifs_20260821_12.json.gz,
2026-08-22T00:00:00+00:00,0,True,final_extension_cache,cache,240,data/raw/ecmwf_final_v85/2026/08/ecmwf_ifs_20260822_00.json.gz,
2026-08-22T12:00:00+00:00,12,True,final_extension_cache,cache,240,data/raw/ecmwf_final_v85/2026/08/ecmwf_ifs_20260822_12.json.gz,
2026-08-23T00:00:00+00:00,0,True,final_extension_cache,cache,240,data/raw/ecmwf_final_v85/2026/08/ecmwf_ifs_20260823_00.json.gz,
2026-08-23T12:00:00+00:00,12,True,final_extension_cache,cache,240,data/raw/ecmwf_final_v85/2026/08/ecmwf_ifs_20260823_12.json.gz,
2026-08-24T00:00:00+00:00,0,True,final_extension_cache,cache,240,data/raw/ecmwf_final_v85/2026/08/ecmwf_ifs_20260824_00.json.gz,
2026-08-24T12:00:00+00:00,12,True,final_extension_cache,cache,240,data/raw/ecmwf_final_v85/2026/08/ecmwf_ifs_20260824_12.json.gz,
2026-08-25T00:00:00+00:00,0,True,final_extension_cache,cache,240,data/raw/ecmwf_final_v85/2026/08/ecmwf_ifs_20260825_00.json.gz,
2026-08-25T12:00:00+00:00,12,True,final_extension_cache,cache,240,data/raw/ecmwf_final_v85/2026/08/ecmwf_ifs_20260825_12.json.gz,
2026-08-26T00:00:00+00:00,0,True,final_extension_cache,cache,240,data/raw/ecmwf_final_v85/2026/08/ecmwf_ifs_20260826_00.json.gz,
2026-08-26T12:00:00+00:00,12,True,final_extension_cache,cache,240,data/raw/ecmwf_final_v85/2026/08/ecmwf_ifs_20260826_12.json.gz,
2026-08-27T00:00:00+00:00,0,True,final_extension_cache,cache,240,data/raw/ecmwf_final_v85/2026/08/ecmwf_ifs_20260827_00.json.gz,
2026-08-27T12:00:00+00:00,12,True,final_extension_cache,cache,240,data/raw/ecmwf_final_v85/2026/08/ecmwf_ifs_20260827_12.json.gz,
2026-08-28T00:00:00+00:00,0,True,final_extension_cache,cache,240,data/raw/ecmwf_final_v85/2026/08/ecmwf_ifs_20260828_00.json.gz,
2026-08-28T12:00:00+00:00,12,True,final_extension_cache,cache,240,data/raw/ecmwf_final_v85/2026/08/ecmwf_ifs_20260828_12.json.gz,
2026-08-29T00:00:00+00:00,0,True,final_extension_cache,cache,240,data/raw/ecmwf_final_v85/2026/08/ecmwf_ifs_20260829_00.json.gz,
2026-08-29T12:00:00+00:00,12,True,final_extension_cache,cache,240,data/raw/ecmwf_final_v85/2026/08/ecmwf_ifs_20260829_12.json.gz,
2026-08-30T00:00:00+00:00,0,True,final_extension_cache,cache,240,data/raw/ecmwf_final_v85/2026/08/ecmwf_ifs_20260830_00.json.gz,
