settlement_date,decision_rule,event_key,event_key_strategy,source_path
2026-03-18,12h_prior,Will the highest temperature in Hong Kong be 18°C or below on March 18?,event_label,outputs/v2/diagnostics/phase10_gp_market_comparison/phase10_exact_common_support_event_panel.csv
2026-03-18,12h_prior,Will the highest temperature in Hong Kong be 19°C on March 18?,event_label,outputs/v2/diagnostics/phase10_gp_market_comparison/phase10_exact_common_support_event_panel.csv
2026-03-18,12h_prior,Will the highest temperature in Hong Kong be 20°C on March 18?,event_label,outputs/v2/diagnostics/phase10_gp_market_comparison/phase10_exact_common_support_event_panel.csv
2026-03-18,12h_prior,Will the highest temperature in Hong Kong be 21°C on March 18?,event_label,outputs/v2/diagnostics/phase10_gp_market_comparison/phase10_exact_common_support_event_panel.csv
2026-03-18,12h_prior,Will the highest temperature in Hong Kong be 22°C on March 18?,event_label,outputs/v2/diagnostics/phase10_gp_market_comparison/phase10_exact_common_support_event_panel.csv
2026-03-18,12h_prior,Will the highest temperature in Hong Kong be 23°C on March 18?,event_label,outputs/v2/diagnostics/phase10_gp_market_comparison/phase10_exact_common_support_event_panel.csv
2026-03-18,12h_prior,Will the highest temperature in Hong Kong be 24°C on March 18?,event_label,outputs/v2/diagnostics/phase10_gp_market_comparison/phase10_exact_common_support_event_panel.csv
2026-03-18,12h_prior,Will the highest temperature in Hong Kong be 25°C on March 18?,event_label,outputs/v2/diagnostics/phase10_gp_market_comparison/phase10_exact_common_support_event_panel.csv
2026-03-18,12h_prior,Will the highest temperature in Hong Kong be 26°C on March 18?,event_label,outputs/v2/diagnostics/phase10_gp_market_comparison/phase10_exact_common_support_event_panel.csv
2026-03-18,12h_prior,Will the highest temperature in Hong Kong be 27°C on March 18?,event_label,outputs/v2/diagnostics/phase10_gp_market_comparison/phase10_exact_common_support_event_panel.csv
2026-03-18,12h_prior,Will the highest temperature in Hong Kong be 28°C or higher on March 18?,event_label,outputs/v2/diagnostics/phase10_gp_market_comparison/phase10_exact_common_support_event_panel.csv
2026-03-18,6h_prior,Will the highest temperature in Hong Kong be 18°C or below on March 18?,event_label,outputs/v2/diagnostics/phase10_gp_market_comparison/phase10_exact_common_support_event_panel.csv
2026-03-18,6h_prior,Will the highest temperature in Hong Kong be 19°C on March 18?,event_label,outputs/v2/diagnostics/phase10_gp_market_comparison/phase10_exact_common_support_event_panel.csv
2026-03-18,6h_prior,Will the highest temperature in Hong Kong be 20°C on March 18?,event_label,outputs/v2/diagnostics/phase10_gp_market_comparison/phase10_exact_common_support_event_panel.csv
2026-03-18,6h_prior,Will the highest temperature in Hong Kong be 21°C on March 18?,event_label,outputs/v2/diagnostics/phase10_gp_market_comparison/phase10_exact_common_support_event_panel.csv
2026-03-18,6h_prior,Will the highest temperature in Hong Kong be 22°C on March 18?,event_label,outputs/v2/diagnostics/phase10_gp_market_comparison/phase10_exact_common_support_event_panel.csv
2026-03-18,6h_prior,Will the highest temperature in Hong Kong be 23°C on March 18?,event_label,outputs/v2/diagnostics/phase10_gp_market_comparison/phase10_exact_common_support_event_panel.csv
2026-03-18,6h_prior,Will the highest temperature in Hong Kong be 24°C on March 18?,event_label,outputs/v2/diagnostics/phase10_gp_market_comparison/phase10_exact_common_support_event_panel.csv
2026-03-18,6h_prior,Will the highest temperature in Hong Kong be 25°C on March 18?,event_label,outputs/v2/diagnostics/phase10_gp_market_comparison/phase10_exact_common_support_event_panel.csv
2026-03-18,6h_prior,Will the highest temperature in Hong Kong be 26°C on March 18?,event_label,outputs/v2/diagnostics/phase10_gp_market_comparison/phase10_exact_common_support_event_panel.csv
2026-03-18,6h_prior,Will the highest temperature in Hong Kong be 27°C on March 18?,event_label,outputs/v2/diagnostics/phase10_gp_market_comparison/phase10_exact_common_support_event_panel.csv
2026-03-18,6h_prior,Will the highest temperature in Hong Kong be 28°C or higher on March 18?,event_label,outputs/v2/diagnostics/phase10_gp_market_comparison/phase10_exact_common_support_event_panel.csv
2026-03-21,12h_prior,Will the highest temperature in Hong Kong be 17°C or below on March 21?,event_label,outputs/v2/diagnostics/phase10_gp_market_comparison/phase10_exact_common_support_event_panel.csv
2026-03-21,12h_prior,Will the highest temperature in Hong Kong be 18°C on March 21?,event_label,outputs/v2/diagnostics/phase10_gp_market_comparison/phase10_exact_common_support_event_panel.csv
2026-03-21,12h_prior,Will the highest temperature in Hong Kong be 19°C on March 21?,event_label,outputs/v2/diagnostics/phase10_gp_market_comparison/phase10_exact_common_support_event_panel.csv
2026-03-21,12h_prior,Will the highest temperature in Hong Kong be 20°C on March 21?,event_label,outputs/v2/diagnostics/phase10_gp_market_comparison/phase10_exact_common_support_event_panel.csv
2026-03-21,12h_prior,Will the highest temperature in Hong Kong be 21°C on March 21?,event_label,outputs/v2/diagnostics/phase10_gp_market_comparison/phase10_exact_common_support_event_panel.csv
2026-03-21,12h_prior,Will the highest temperature in Hong Kong be 22°C on March 21?,event_label,outputs/v2/diagnostics/phase10_gp_market_comparison/phase10_exact_common_support_event_panel.csv
2026-03-21,12h_prior,Will the highest temperature in Hong Kong be 23°C on March 21?,event_label,outputs/v2/diagnostics/phase10_gp_market_comparison/phase10_exact_common_support_event_panel.csv
2026-03-21,12h_prior,Will the highest temperature in Hong Kong be 24°C on March 21?,event_label,outputs/v2/diagnostics/phase10_gp_market_comparison/phase10_exact_common_support_event_panel.csv
2026-03-21,12h_prior,Will the highest temperature in Hong Kong be 25°C on March 21?,event_label,outputs/v2/diagnostics/phase10_gp_market_comparison/phase10_exact_common_support_event_panel.csv
2026-03-21,12h_prior,Will the highest temperature in Hong Kong be 26°C on March 21?,event_label,outputs/v2/diagnostics/phase10_gp_market_comparison/phase10_exact_common_support_event_panel.csv
2026-03-21,12h_prior,Will the highest temperature in Hong Kong be 27°C or higher on March 21?,event_label,outputs/v2/diagnostics/phase10_gp_market_comparison/phase10_exact_common_support_event_panel.csv
2026-03-22,12h_prior,Will the highest temperature in Hong Kong be 17°C or below on March 22?,event_label,outputs/v2/diagnostics/phase10_gp_market_comparison/phase10_exact_common_support_event_panel.csv
2026-03-22,12h_prior,Will the highest temperature in Hong Kong be 18°C on March 22?,event_label,outputs/v2/diagnostics/phase10_gp_market_comparison/phase10_exact_common_support_event_panel.csv
2026-03-22,12h_prior,Will the highest temperature in Hong Kong be 19°C on March 22?,event_label,outputs/v2/diagnostics/phase10_gp_market_comparison/phase10_exact_common_support_event_panel.csv
2026-03-22,12h_prior,Will the highest temperature in Hong Kong be 20°C on March 22?,event_label,outputs/v2/diagnostics/phase10_gp_market_comparison/phase10_exact_common_support_event_panel.csv
2026-03-22,12h_prior,Will the highest temperature in Hong Kong be 21°C on March 22?,event_label,outputs/v2/diagnostics/phase10_gp_market_comparison/phase10_exact_common_support_event_panel.csv
2026-03-22,12h_prior,Will the highest temperature in Hong Kong be 22°C on March 22?,event_label,outputs/v2/diagnostics/phase10_gp_market_comparison/phase10_exact_common_support_event_panel.csv
2026-03-22,12h_prior,Will the highest temperature in Hong Kong be 23°C on March 22?,event_label,outputs/v2/diagnostics/phase10_gp_market_comparison/phase10_exact_common_support_event_panel.csv
2026-03-22,12h_prior,Will the highest temperature in Hong Kong be 24°C on March 22?,event_label,outputs/v2/diagnostics/phase10_gp_market_comparison/phase10_exact_common_support_event_panel.csv
2026-03-22,12h_prior,Will the highest temperature in Hong Kong be 25°C on March 22?,event_label,outputs/v2/diagnostics/phase10_gp_market_comparison/phase10_exact_common_support_event_panel.csv
2026-03-22,12h_prior,Will the highest temperature in Hong Kong be 26°C on March 22?,event_label,outputs/v2/diagnostics/phase10_gp_market_comparison/phase10_exact_common_support_event_panel.csv
2026-03-22,12h_prior,Will the highest temperature in Hong Kong be 27°C or higher on March 22?,event_label,outputs/v2/diagnostics/phase10_gp_market_comparison/phase10_exact_common_support_event_panel.csv
2026-03-22,event_day_open,Will the highest temperature in Hong Kong be 17°C or below on March 22?,event_label,outputs/v2/diagnostics/phase10_gp_market_comparison/phase10_exact_common_support_event_panel.csv
2026-03-22,event_day_open,Will the highest temperature in Hong Kong be 18°C on March 22?,event_label,outputs/v2/diagnostics/phase10_gp_market_comparison/phase10_exact_common_support_event_panel.csv
2026-03-22,event_day_open,Will the highest temperature in Hong Kong be 19°C on March 22?,event_label,outputs/v2/diagnostics/phase10_gp_market_comparison/phase10_exact_common_support_event_panel.csv
2026-03-22,event_day_open,Will the highest temperature in Hong Kong be 20°C on March 22?,event_label,outputs/v2/diagnostics/phase10_gp_market_comparison/phase10_exact_common_support_event_panel.csv
2026-03-22,event_day_open,Will the highest temperature in Hong Kong be 21°C on March 22?,event_label,outputs/v2/diagnostics/phase10_gp_market_comparison/phase10_exact_common_support_event_panel.csv
2026-03-22,event_day_open,Will the highest temperature in Hong Kong be 22°C on March 22?,event_label,outputs/v2/diagnostics/phase10_gp_market_comparison/phase10_exact_common_support_event_panel.csv
2026-03-22,event_day_open,Will the highest temperature in Hong Kong be 23°C on March 22?,event_label,outputs/v2/diagnostics/phase10_gp_market_comparison/phase10_exact_common_support_event_panel.csv
2026-03-22,event_day_open,Will the highest temperature in Hong Kong be 24°C on March 22?,event_label,outputs/v2/diagnostics/phase10_gp_market_comparison/phase10_exact_common_support_event_panel.csv
2026-03-22,event_day_open,Will the highest temperature in Hong Kong be 25°C on March 22?,event_label,outputs/v2/diagnostics/phase10_gp_market_comparison/phase10_exact_common_support_event_panel.csv
2026-03-22,event_day_open,Will the highest temperature in Hong Kong be 26°C on March 22?,event_label,outputs/v2/diagnostics/phase10_gp_market_comparison/phase10_exact_common_support_event_panel.csv
2026-03-22,event_day_open,Will the highest temperature in Hong Kong be 27°C or higher on March 22?,event_label,outputs/v2/diagnostics/phase10_gp_market_comparison/phase10_exact_common_support_event_panel.csv
2026-03-23,12h_prior,Will the highest temperature in Hong Kong be 18°C or below on March 23?,event_label,outputs/v2/diagnostics/phase10_gp_market_comparison/phase10_exact_common_support_event_panel.csv
2026-03-23,12h_prior,Will the highest temperature in Hong Kong be 19°C on March 23?,event_label,outputs/v2/diagnostics/phase10_gp_market_comparison/phase10_exact_common_support_event_panel.csv
2026-03-23,12h_prior,Will the highest temperature in Hong Kong be 20°C on March 23?,event_label,outputs/v2/diagnostics/phase10_gp_market_comparison/phase10_exact_common_support_event_panel.csv
2026-03-23,12h_prior,Will the highest temperature in Hong Kong be 21°C on March 23?,event_label,outputs/v2/diagnostics/phase10_gp_market_comparison/phase10_exact_common_support_event_panel.csv
2026-03-23,12h_prior,Will the highest temperature in Hong Kong be 22°C on March 23?,event_label,outputs/v2/diagnostics/phase10_gp_market_comparison/phase10_exact_common_support_event_panel.csv
2026-03-23,12h_prior,Will the highest temperature in Hong Kong be 23°C on March 23?,event_label,outputs/v2/diagnostics/phase10_gp_market_comparison/phase10_exact_common_support_event_panel.csv
2026-03-23,12h_prior,Will the highest temperature in Hong Kong be 24°C on March 23?,event_label,outputs/v2/diagnostics/phase10_gp_market_comparison/phase10_exact_common_support_event_panel.csv
2026-03-23,12h_prior,Will the highest temperature in Hong Kong be 25°C on March 23?,event_label,outputs/v2/diagnostics/phase10_gp_market_comparison/phase10_exact_common_support_event_panel.csv
2026-03-23,12h_prior,Will the highest temperature in Hong Kong be 26°C on March 23?,event_label,outputs/v2/diagnostics/phase10_gp_market_comparison/phase10_exact_common_support_event_panel.csv
2026-03-23,12h_prior,Will the highest temperature in Hong Kong be 27°C on March 23?,event_label,outputs/v2/diagnostics/phase10_gp_market_comparison/phase10_exact_common_support_event_panel.csv
2026-03-23,12h_prior,Will the highest temperature in Hong Kong be 28°C or higher on March 23?,event_label,outputs/v2/diagnostics/phase10_gp_market_comparison/phase10_exact_common_support_event_panel.csv
2026-03-23,24h_prior,Will the highest temperature in Hong Kong be 18°C or below on March 23?,event_label,outputs/v2/diagnostics/phase10_gp_market_comparison/phase10_exact_common_support_event_panel.csv
2026-03-23,24h_prior,Will the highest temperature in Hong Kong be 19°C on March 23?,event_label,outputs/v2/diagnostics/phase10_gp_market_comparison/phase10_exact_common_support_event_panel.csv
2026-03-23,24h_prior,Will the highest temperature in Hong Kong be 20°C on March 23?,event_label,outputs/v2/diagnostics/phase10_gp_market_comparison/phase10_exact_common_support_event_panel.csv
2026-03-23,24h_prior,Will the highest temperature in Hong Kong be 21°C on March 23?,event_label,outputs/v2/diagnostics/phase10_gp_market_comparison/phase10_exact_common_support_event_panel.csv
2026-03-23,24h_prior,Will the highest temperature in Hong Kong be 22°C on March 23?,event_label,outputs/v2/diagnostics/phase10_gp_market_comparison/phase10_exact_common_support_event_panel.csv
2026-03-23,24h_prior,Will the highest temperature in Hong Kong be 23°C on March 23?,event_label,outputs/v2/diagnostics/phase10_gp_market_comparison/phase10_exact_common_support_event_panel.csv
2026-03-23,24h_prior,Will the highest temperature in Hong Kong be 24°C on March 23?,event_label,outputs/v2/diagnostics/phase10_gp_market_comparison/phase10_exact_common_support_event_panel.csv
2026-03-23,24h_prior,Will the highest temperature in Hong Kong be 25°C on March 23?,event_label,outputs/v2/diagnostics/phase10_gp_market_comparison/phase10_exact_common_support_event_panel.csv
2026-03-23,24h_prior,Will the highest temperature in Hong Kong be 26°C on March 23?,event_label,outputs/v2/diagnostics/phase10_gp_market_comparison/phase10_exact_common_support_event_panel.csv
2026-03-23,24h_prior,Will the highest temperature in Hong Kong be 27°C on March 23?,event_label,outputs/v2/diagnostics/phase10_gp_market_comparison/phase10_exact_common_support_event_panel.csv
2026-03-23,24h_prior,Will the highest temperature in Hong Kong be 28°C or higher on March 23?,event_label,outputs/v2/diagnostics/phase10_gp_market_comparison/phase10_exact_common_support_event_panel.csv
2026-03-23,event_day_open,Will the highest temperature in Hong Kong be 18°C or below on March 23?,event_label,outputs/v2/diagnostics/phase10_gp_market_comparison/phase10_exact_common_support_event_panel.csv
2026-03-23,event_day_open,Will the highest temperature in Hong Kong be 19°C on March 23?,event_label,outputs/v2/diagnostics/phase10_gp_market_comparison/phase10_exact_common_support_event_panel.csv
2026-03-23,event_day_open,Will the highest temperature in Hong Kong be 20°C on March 23?,event_label,outputs/v2/diagnostics/phase10_gp_market_comparison/phase10_exact_common_support_event_panel.csv
2026-03-23,event_day_open,Will the highest temperature in Hong Kong be 21°C on March 23?,event_label,outputs/v2/diagnostics/phase10_gp_market_comparison/phase10_exact_common_support_event_panel.csv
2026-03-23,event_day_open,Will the highest temperature in Hong Kong be 22°C on March 23?,event_label,outputs/v2/diagnostics/phase10_gp_market_comparison/phase10_exact_common_support_event_panel.csv
2026-03-23,event_day_open,Will the highest temperature in Hong Kong be 23°C on March 23?,event_label,outputs/v2/diagnostics/phase10_gp_market_comparison/phase10_exact_common_support_event_panel.csv
2026-03-23,event_day_open,Will the highest temperature in Hong Kong be 24°C on March 23?,event_label,outputs/v2/diagnostics/phase10_gp_market_comparison/phase10_exact_common_support_event_panel.csv
2026-03-23,event_day_open,Will the highest temperature in Hong Kong be 25°C on March 23?,event_label,outputs/v2/diagnostics/phase10_gp_market_comparison/phase10_exact_common_support_event_panel.csv
2026-03-23,event_day_open,Will the highest temperature in Hong Kong be 26°C on March 23?,event_label,outputs/v2/diagnostics/phase10_gp_market_comparison/phase10_exact_common_support_event_panel.csv
2026-03-23,event_day_open,Will the highest temperature in Hong Kong be 27°C on March 23?,event_label,outputs/v2/diagnostics/phase10_gp_market_comparison/phase10_exact_common_support_event_panel.csv
2026-03-23,event_day_open,Will the highest temperature in Hong Kong be 28°C or higher on March 23?,event_label,outputs/v2/diagnostics/phase10_gp_market_comparison/phase10_exact_common_support_event_panel.csv
2026-03-24,24h_prior,Will the highest temperature in Hong Kong be 18°C or below on March 24?,event_label,outputs/v2/diagnostics/phase10_gp_market_comparison/phase10_exact_common_support_event_panel.csv
2026-03-24,24h_prior,Will the highest temperature in Hong Kong be 19°C on March 24?,event_label,outputs/v2/diagnostics/phase10_gp_market_comparison/phase10_exact_common_support_event_panel.csv
2026-03-24,24h_prior,Will the highest temperature in Hong Kong be 20°C on March 24?,event_label,outputs/v2/diagnostics/phase10_gp_market_comparison/phase10_exact_common_support_event_panel.csv
2026-03-24,24h_prior,Will the highest temperature in Hong Kong be 21°C on March 24?,event_label,outputs/v2/diagnostics/phase10_gp_market_comparison/phase10_exact_common_support_event_panel.csv
2026-03-24,24h_prior,Will the highest temperature in Hong Kong be 22°C on March 24?,event_label,outputs/v2/diagnostics/phase10_gp_market_comparison/phase10_exact_common_support_event_panel.csv
2026-03-24,24h_prior,Will the highest temperature in Hong Kong be 23°C on March 24?,event_label,outputs/v2/diagnostics/phase10_gp_market_comparison/phase10_exact_common_support_event_panel.csv
2026-03-24,24h_prior,Will the highest temperature in Hong Kong be 24°C on March 24?,event_label,outputs/v2/diagnostics/phase10_gp_market_comparison/phase10_exact_common_support_event_panel.csv
2026-03-24,24h_prior,Will the highest temperature in Hong Kong be 25°C on March 24?,event_label,outputs/v2/diagnostics/phase10_gp_market_comparison/phase10_exact_common_support_event_panel.csv
2026-03-24,24h_prior,Will the highest temperature in Hong Kong be 26°C on March 24?,event_label,outputs/v2/diagnostics/phase10_gp_market_comparison/phase10_exact_common_support_event_panel.csv
2026-03-24,24h_prior,Will the highest temperature in Hong Kong be 27°C on March 24?,event_label,outputs/v2/diagnostics/phase10_gp_market_comparison/phase10_exact_common_support_event_panel.csv
2026-03-24,24h_prior,Will the highest temperature in Hong Kong be 28°C or higher on March 24?,event_label,outputs/v2/diagnostics/phase10_gp_market_comparison/phase10_exact_common_support_event_panel.csv
2026-03-24,event_day_open,Will the highest temperature in Hong Kong be 18°C or below on March 24?,event_label,outputs/v2/diagnostics/phase10_gp_market_comparison/phase10_exact_common_support_event_panel.csv
2026-03-24,event_day_open,Will the highest temperature in Hong Kong be 19°C on March 24?,event_label,outputs/v2/diagnostics/phase10_gp_market_comparison/phase10_exact_common_support_event_panel.csv
2026-03-24,event_day_open,Will the highest temperature in Hong Kong be 20°C on March 24?,event_label,outputs/v2/diagnostics/phase10_gp_market_comparison/phase10_exact_common_support_event_panel.csv
2026-03-24,event_day_open,Will the highest temperature in Hong Kong be 21°C on March 24?,event_label,outputs/v2/diagnostics/phase10_gp_market_comparison/phase10_exact_common_support_event_panel.csv
2026-03-24,event_day_open,Will the highest temperature in Hong Kong be 22°C on March 24?,event_label,outputs/v2/diagnostics/phase10_gp_market_comparison/phase10_exact_common_support_event_panel.csv
2026-03-24,event_day_open,Will the highest temperature in Hong Kong be 23°C on March 24?,event_label,outputs/v2/diagnostics/phase10_gp_market_comparison/phase10_exact_common_support_event_panel.csv
2026-03-24,event_day_open,Will the highest temperature in Hong Kong be 24°C on March 24?,event_label,outputs/v2/diagnostics/phase10_gp_market_comparison/phase10_exact_common_support_event_panel.csv
2026-03-24,event_day_open,Will the highest temperature in Hong Kong be 25°C on March 24?,event_label,outputs/v2/diagnostics/phase10_gp_market_comparison/phase10_exact_common_support_event_panel.csv
2026-03-24,event_day_open,Will the highest temperature in Hong Kong be 26°C on March 24?,event_label,outputs/v2/diagnostics/phase10_gp_market_comparison/phase10_exact_common_support_event_panel.csv
2026-03-24,event_day_open,Will the highest temperature in Hong Kong be 27°C on March 24?,event_label,outputs/v2/diagnostics/phase10_gp_market_comparison/phase10_exact_common_support_event_panel.csv
2026-03-24,event_day_open,Will the highest temperature in Hong Kong be 28°C or higher on March 24?,event_label,outputs/v2/diagnostics/phase10_gp_market_comparison/phase10_exact_common_support_event_panel.csv
2026-03-25,24h_prior,Will the highest temperature in Hong Kong be 18°C or below on March 25?,event_label,outputs/v2/diagnostics/phase10_gp_market_comparison/phase10_exact_common_support_event_panel.csv
2026-03-25,24h_prior,Will the highest temperature in Hong Kong be 19°C on March 25?,event_label,outputs/v2/diagnostics/phase10_gp_market_comparison/phase10_exact_common_support_event_panel.csv
2026-03-25,24h_prior,Will the highest temperature in Hong Kong be 20°C on March 25?,event_label,outputs/v2/diagnostics/phase10_gp_market_comparison/phase10_exact_common_support_event_panel.csv
2026-03-25,24h_prior,Will the highest temperature in Hong Kong be 21°C on March 25?,event_label,outputs/v2/diagnostics/phase10_gp_market_comparison/phase10_exact_common_support_event_panel.csv
2026-03-25,24h_prior,Will the highest temperature in Hong Kong be 22°C on March 25?,event_label,outputs/v2/diagnostics/phase10_gp_market_comparison/phase10_exact_common_support_event_panel.csv
2026-03-25,24h_prior,Will the highest temperature in Hong Kong be 23°C on March 25?,event_label,outputs/v2/diagnostics/phase10_gp_market_comparison/phase10_exact_common_support_event_panel.csv
2026-03-25,24h_prior,Will the highest temperature in Hong Kong be 24°C on March 25?,event_label,outputs/v2/diagnostics/phase10_gp_market_comparison/phase10_exact_common_support_event_panel.csv
2026-03-25,24h_prior,Will the highest temperature in Hong Kong be 25°C on March 25?,event_label,outputs/v2/diagnostics/phase10_gp_market_comparison/phase10_exact_common_support_event_panel.csv
2026-03-25,24h_prior,Will the highest temperature in Hong Kong be 26°C on March 25?,event_label,outputs/v2/diagnostics/phase10_gp_market_comparison/phase10_exact_common_support_event_panel.csv
2026-03-25,24h_prior,Will the highest temperature in Hong Kong be 27°C on March 25?,event_label,outputs/v2/diagnostics/phase10_gp_market_comparison/phase10_exact_common_support_event_panel.csv
2026-03-25,24h_prior,Will the highest temperature in Hong Kong be 28°C or higher on March 25?,event_label,outputs/v2/diagnostics/phase10_gp_market_comparison/phase10_exact_common_support_event_panel.csv
2026-03-26,event_day_open,Will the highest temperature in Hong Kong be 18°C or below on March 26?,event_label,outputs/v2/diagnostics/phase10_gp_market_comparison/phase10_exact_common_support_event_panel.csv
2026-03-26,event_day_open,Will the highest temperature in Hong Kong be 19°C on March 26?,event_label,outputs/v2/diagnostics/phase10_gp_market_comparison/phase10_exact_common_support_event_panel.csv
2026-03-26,event_day_open,Will the highest temperature in Hong Kong be 20°C on March 26?,event_label,outputs/v2/diagnostics/phase10_gp_market_comparison/phase10_exact_common_support_event_panel.csv
2026-03-26,event_day_open,Will the highest temperature in Hong Kong be 21°C on March 26?,event_label,outputs/v2/diagnostics/phase10_gp_market_comparison/phase10_exact_common_support_event_panel.csv
2026-03-26,event_day_open,Will the highest temperature in Hong Kong be 22°C on March 26?,event_label,outputs/v2/diagnostics/phase10_gp_market_comparison/phase10_exact_common_support_event_panel.csv
2026-03-26,event_day_open,Will the highest temperature in Hong Kong be 23°C on March 26?,event_label,outputs/v2/diagnostics/phase10_gp_market_comparison/phase10_exact_common_support_event_panel.csv
2026-03-26,event_day_open,Will the highest temperature in Hong Kong be 24°C on March 26?,event_label,outputs/v2/diagnostics/phase10_gp_market_comparison/phase10_exact_common_support_event_panel.csv
2026-03-26,event_day_open,Will the highest temperature in Hong Kong be 25°C on March 26?,event_label,outputs/v2/diagnostics/phase10_gp_market_comparison/phase10_exact_common_support_event_panel.csv
2026-03-26,event_day_open,Will the highest temperature in Hong Kong be 26°C on March 26?,event_label,outputs/v2/diagnostics/phase10_gp_market_comparison/phase10_exact_common_support_event_panel.csv
2026-03-26,event_day_open,Will the highest temperature in Hong Kong be 27°C on March 26?,event_label,outputs/v2/diagnostics/phase10_gp_market_comparison/phase10_exact_common_support_event_panel.csv
2026-03-26,event_day_open,Will the highest temperature in Hong Kong be 28°C or higher on March 26?,event_label,outputs/v2/diagnostics/phase10_gp_market_comparison/phase10_exact_common_support_event_panel.csv
2026-03-27,24h_prior,Will the highest temperature in Hong Kong be 19°C or below on March 27?,event_label,outputs/v2/diagnostics/phase10_gp_market_comparison/phase10_exact_common_support_event_panel.csv
2026-03-27,24h_prior,Will the highest temperature in Hong Kong be 20°C on March 27?,event_label,outputs/v2/diagnostics/phase10_gp_market_comparison/phase10_exact_common_support_event_panel.csv
2026-03-27,24h_prior,Will the highest temperature in Hong Kong be 21°C on March 27?,event_label,outputs/v2/diagnostics/phase10_gp_market_comparison/phase10_exact_common_support_event_panel.csv
2026-03-27,24h_prior,Will the highest temperature in Hong Kong be 22°C on March 27?,event_label,outputs/v2/diagnostics/phase10_gp_market_comparison/phase10_exact_common_support_event_panel.csv
2026-03-27,24h_prior,Will the highest temperature in Hong Kong be 23°C on March 27?,event_label,outputs/v2/diagnostics/phase10_gp_market_comparison/phase10_exact_common_support_event_panel.csv
2026-03-27,24h_prior,Will the highest temperature in Hong Kong be 24°C on March 27?,event_label,outputs/v2/diagnostics/phase10_gp_market_comparison/phase10_exact_common_support_event_panel.csv
2026-03-27,24h_prior,Will the highest temperature in Hong Kong be 25°C on March 27?,event_label,outputs/v2/diagnostics/phase10_gp_market_comparison/phase10_exact_common_support_event_panel.csv
2026-03-27,24h_prior,Will the highest temperature in Hong Kong be 26°C on March 27?,event_label,outputs/v2/diagnostics/phase10_gp_market_comparison/phase10_exact_common_support_event_panel.csv
2026-03-27,24h_prior,Will the highest temperature in Hong Kong be 27°C on March 27?,event_label,outputs/v2/diagnostics/phase10_gp_market_comparison/phase10_exact_common_support_event_panel.csv
2026-03-27,24h_prior,Will the highest temperature in Hong Kong be 28°C on March 27?,event_label,outputs/v2/diagnostics/phase10_gp_market_comparison/phase10_exact_common_support_event_panel.csv
2026-03-27,24h_prior,Will the highest temperature in Hong Kong be 29°C or higher on March 27?,event_label,outputs/v2/diagnostics/phase10_gp_market_comparison/phase10_exact_common_support_event_panel.csv
2026-03-27,event_day_open,Will the highest temperature in Hong Kong be 19°C or below on March 27?,event_label,outputs/v2/diagnostics/phase10_gp_market_comparison/phase10_exact_common_support_event_panel.csv
2026-03-27,event_day_open,Will the highest temperature in Hong Kong be 20°C on March 27?,event_label,outputs/v2/diagnostics/phase10_gp_market_comparison/phase10_exact_common_support_event_panel.csv
2026-03-27,event_day_open,Will the highest temperature in Hong Kong be 21°C on March 27?,event_label,outputs/v2/diagnostics/phase10_gp_market_comparison/phase10_exact_common_support_event_panel.csv
2026-03-27,event_day_open,Will the highest temperature in Hong Kong be 22°C on March 27?,event_label,outputs/v2/diagnostics/phase10_gp_market_comparison/phase10_exact_common_support_event_panel.csv
2026-03-27,event_day_open,Will the highest temperature in Hong Kong be 23°C on March 27?,event_label,outputs/v2/diagnostics/phase10_gp_market_comparison/phase10_exact_common_support_event_panel.csv
2026-03-27,event_day_open,Will the highest temperature in Hong Kong be 24°C on March 27?,event_label,outputs/v2/diagnostics/phase10_gp_market_comparison/phase10_exact_common_support_event_panel.csv
2026-03-27,event_day_open,Will the highest temperature in Hong Kong be 25°C on March 27?,event_label,outputs/v2/diagnostics/phase10_gp_market_comparison/phase10_exact_common_support_event_panel.csv
2026-03-27,event_day_open,Will the highest temperature in Hong Kong be 26°C on March 27?,event_label,outputs/v2/diagnostics/phase10_gp_market_comparison/phase10_exact_common_support_event_panel.csv
2026-03-27,event_day_open,Will the highest temperature in Hong Kong be 27°C on March 27?,event_label,outputs/v2/diagnostics/phase10_gp_market_comparison/phase10_exact_common_support_event_panel.csv
2026-03-27,event_day_open,Will the highest temperature in Hong Kong be 28°C on March 27?,event_label,outputs/v2/diagnostics/phase10_gp_market_comparison/phase10_exact_common_support_event_panel.csv
2026-03-27,event_day_open,Will the highest temperature in Hong Kong be 29°C or higher on March 27?,event_label,outputs/v2/diagnostics/phase10_gp_market_comparison/phase10_exact_common_support_event_panel.csv
2026-03-28,24h_prior,Will the highest temperature in Hong Kong be 18°C or below on March 28?,event_label,outputs/v2/diagnostics/phase10_gp_market_comparison/phase10_exact_common_support_event_panel.csv
2026-03-28,24h_prior,Will the highest temperature in Hong Kong be 19°C on March 28?,event_label,outputs/v2/diagnostics/phase10_gp_market_comparison/phase10_exact_common_support_event_panel.csv
2026-03-28,24h_prior,Will the highest temperature in Hong Kong be 20°C on March 28?,event_label,outputs/v2/diagnostics/phase10_gp_market_comparison/phase10_exact_common_support_event_panel.csv
2026-03-28,24h_prior,Will the highest temperature in Hong Kong be 21°C on March 28?,event_label,outputs/v2/diagnostics/phase10_gp_market_comparison/phase10_exact_common_support_event_panel.csv
2026-03-28,24h_prior,Will the highest temperature in Hong Kong be 22°C on March 28?,event_label,outputs/v2/diagnostics/phase10_gp_market_comparison/phase10_exact_common_support_event_panel.csv
2026-03-28,24h_prior,Will the highest temperature in Hong Kong be 23°C on March 28?,event_label,outputs/v2/diagnostics/phase10_gp_market_comparison/phase10_exact_common_support_event_panel.csv
2026-03-28,24h_prior,Will the highest temperature in Hong Kong be 24°C on March 28?,event_label,outputs/v2/diagnostics/phase10_gp_market_comparison/phase10_exact_common_support_event_panel.csv
2026-03-28,24h_prior,Will the highest temperature in Hong Kong be 25°C on March 28?,event_label,outputs/v2/diagnostics/phase10_gp_market_comparison/phase10_exact_common_support_event_panel.csv
2026-03-28,24h_prior,Will the highest temperature in Hong Kong be 26°C on March 28?,event_label,outputs/v2/diagnostics/phase10_gp_market_comparison/phase10_exact_common_support_event_panel.csv
2026-03-28,24h_prior,Will the highest temperature in Hong Kong be 27°C on March 28?,event_label,outputs/v2/diagnostics/phase10_gp_market_comparison/phase10_exact_common_support_event_panel.csv
2026-03-28,24h_prior,Will the highest temperature in Hong Kong be 28°C or higher on March 28?,event_label,outputs/v2/diagnostics/phase10_gp_market_comparison/phase10_exact_common_support_event_panel.csv
2026-03-28,6h_prior,Will the highest temperature in Hong Kong be 18°C or below on March 28?,event_label,outputs/v2/diagnostics/phase10_gp_market_comparison/phase10_exact_common_support_event_panel.csv
2026-03-28,6h_prior,Will the highest temperature in Hong Kong be 19°C on March 28?,event_label,outputs/v2/diagnostics/phase10_gp_market_comparison/phase10_exact_common_support_event_panel.csv
2026-03-28,6h_prior,Will the highest temperature in Hong Kong be 20°C on March 28?,event_label,outputs/v2/diagnostics/phase10_gp_market_comparison/phase10_exact_common_support_event_panel.csv
2026-03-28,6h_prior,Will the highest temperature in Hong Kong be 21°C on March 28?,event_label,outputs/v2/diagnostics/phase10_gp_market_comparison/phase10_exact_common_support_event_panel.csv
2026-03-28,6h_prior,Will the highest temperature in Hong Kong be 22°C on March 28?,event_label,outputs/v2/diagnostics/phase10_gp_market_comparison/phase10_exact_common_support_event_panel.csv
2026-03-28,6h_prior,Will the highest temperature in Hong Kong be 23°C on March 28?,event_label,outputs/v2/diagnostics/phase10_gp_market_comparison/phase10_exact_common_support_event_panel.csv
2026-03-28,6h_prior,Will the highest temperature in Hong Kong be 24°C on March 28?,event_label,outputs/v2/diagnostics/phase10_gp_market_comparison/phase10_exact_common_support_event_panel.csv
2026-03-28,6h_prior,Will the highest temperature in Hong Kong be 25°C on March 28?,event_label,outputs/v2/diagnostics/phase10_gp_market_comparison/phase10_exact_common_support_event_panel.csv
2026-03-28,6h_prior,Will the highest temperature in Hong Kong be 26°C on March 28?,event_label,outputs/v2/diagnostics/phase10_gp_market_comparison/phase10_exact_common_support_event_panel.csv
2026-03-28,6h_prior,Will the highest temperature in Hong Kong be 27°C on March 28?,event_label,outputs/v2/diagnostics/phase10_gp_market_comparison/phase10_exact_common_support_event_panel.csv
2026-03-28,6h_prior,Will the highest temperature in Hong Kong be 28°C or higher on March 28?,event_label,outputs/v2/diagnostics/phase10_gp_market_comparison/phase10_exact_common_support_event_panel.csv
2026-03-28,event_day_open,Will the highest temperature in Hong Kong be 18°C or below on March 28?,event_label,outputs/v2/diagnostics/phase10_gp_market_comparison/phase10_exact_common_support_event_panel.csv
2026-03-28,event_day_open,Will the highest temperature in Hong Kong be 19°C on March 28?,event_label,outputs/v2/diagnostics/phase10_gp_market_comparison/phase10_exact_common_support_event_panel.csv
2026-03-28,event_day_open,Will the highest temperature in Hong Kong be 20°C on March 28?,event_label,outputs/v2/diagnostics/phase10_gp_market_comparison/phase10_exact_common_support_event_panel.csv
2026-03-28,event_day_open,Will the highest temperature in Hong Kong be 21°C on March 28?,event_label,outputs/v2/diagnostics/phase10_gp_market_comparison/phase10_exact_common_support_event_panel.csv
2026-03-28,event_day_open,Will the highest temperature in Hong Kong be 22°C on March 28?,event_label,outputs/v2/diagnostics/phase10_gp_market_comparison/phase10_exact_common_support_event_panel.csv
2026-03-28,event_day_open,Will the highest temperature in Hong Kong be 23°C on March 28?,event_label,outputs/v2/diagnostics/phase10_gp_market_comparison/phase10_exact_common_support_event_panel.csv
2026-03-28,event_day_open,Will the highest temperature in Hong Kong be 24°C on March 28?,event_label,outputs/v2/diagnostics/phase10_gp_market_comparison/phase10_exact_common_support_event_panel.csv
2026-03-28,event_day_open,Will the highest temperature in Hong Kong be 25°C on March 28?,event_label,outputs/v2/diagnostics/phase10_gp_market_comparison/phase10_exact_common_support_event_panel.csv
2026-03-28,event_day_open,Will the highest temperature in Hong Kong be 26°C on March 28?,event_label,outputs/v2/diagnostics/phase10_gp_market_comparison/phase10_exact_common_support_event_panel.csv
2026-03-28,event_day_open,Will the highest temperature in Hong Kong be 27°C on March 28?,event_label,outputs/v2/diagnostics/phase10_gp_market_comparison/phase10_exact_common_support_event_panel.csv
2026-03-28,event_day_open,Will the highest temperature in Hong Kong be 28°C or higher on March 28?,event_label,outputs/v2/diagnostics/phase10_gp_market_comparison/phase10_exact_common_support_event_panel.csv
2026-03-29,24h_prior,Will the highest temperature in Hong Kong be 19°C or below on March 29?,event_label,outputs/v2/diagnostics/phase10_gp_market_comparison/phase10_exact_common_support_event_panel.csv
2026-03-29,24h_prior,Will the highest temperature in Hong Kong be 20°C on March 29?,event_label,outputs/v2/diagnostics/phase10_gp_market_comparison/phase10_exact_common_support_event_panel.csv
2026-03-29,24h_prior,Will the highest temperature in Hong Kong be 21°C on March 29?,event_label,outputs/v2/diagnostics/phase10_gp_market_comparison/phase10_exact_common_support_event_panel.csv
2026-03-29,24h_prior,Will the highest temperature in Hong Kong be 22°C on March 29?,event_label,outputs/v2/diagnostics/phase10_gp_market_comparison/phase10_exact_common_support_event_panel.csv
2026-03-29,24h_prior,Will the highest temperature in Hong Kong be 23°C on March 29?,event_label,outputs/v2/diagnostics/phase10_gp_market_comparison/phase10_exact_common_support_event_panel.csv
2026-03-29,24h_prior,Will the highest temperature in Hong Kong be 24°C on March 29?,event_label,outputs/v2/diagnostics/phase10_gp_market_comparison/phase10_exact_common_support_event_panel.csv
2026-03-29,24h_prior,Will the highest temperature in Hong Kong be 25°C on March 29?,event_label,outputs/v2/diagnostics/phase10_gp_market_comparison/phase10_exact_common_support_event_panel.csv
2026-03-29,24h_prior,Will the highest temperature in Hong Kong be 26°C on March 29?,event_label,outputs/v2/diagnostics/phase10_gp_market_comparison/phase10_exact_common_support_event_panel.csv
2026-03-29,24h_prior,Will the highest temperature in Hong Kong be 27°C on March 29?,event_label,outputs/v2/diagnostics/phase10_gp_market_comparison/phase10_exact_common_support_event_panel.csv
2026-03-29,24h_prior,Will the highest temperature in Hong Kong be 28°C on March 29?,event_label,outputs/v2/diagnostics/phase10_gp_market_comparison/phase10_exact_common_support_event_panel.csv
2026-03-29,24h_prior,Will the highest temperature in Hong Kong be 29°C or higher on March 29?,event_label,outputs/v2/diagnostics/phase10_gp_market_comparison/phase10_exact_common_support_event_panel.csv
2026-03-29,event_day_open,Will the highest temperature in Hong Kong be 19°C or below on March 29?,event_label,outputs/v2/diagnostics/phase10_gp_market_comparison/phase10_exact_common_support_event_panel.csv
2026-03-29,event_day_open,Will the highest temperature in Hong Kong be 20°C on March 29?,event_label,outputs/v2/diagnostics/phase10_gp_market_comparison/phase10_exact_common_support_event_panel.csv
2026-03-29,event_day_open,Will the highest temperature in Hong Kong be 21°C on March 29?,event_label,outputs/v2/diagnostics/phase10_gp_market_comparison/phase10_exact_common_support_event_panel.csv
2026-03-29,event_day_open,Will the highest temperature in Hong Kong be 22°C on March 29?,event_label,outputs/v2/diagnostics/phase10_gp_market_comparison/phase10_exact_common_support_event_panel.csv
2026-03-29,event_day_open,Will the highest temperature in Hong Kong be 23°C on March 29?,event_label,outputs/v2/diagnostics/phase10_gp_market_comparison/phase10_exact_common_support_event_panel.csv
2026-03-29,event_day_open,Will the highest temperature in Hong Kong be 24°C on March 29?,event_label,outputs/v2/diagnostics/phase10_gp_market_comparison/phase10_exact_common_support_event_panel.csv
2026-03-29,event_day_open,Will the highest temperature in Hong Kong be 25°C on March 29?,event_label,outputs/v2/diagnostics/phase10_gp_market_comparison/phase10_exact_common_support_event_panel.csv
2026-03-29,event_day_open,Will the highest temperature in Hong Kong be 26°C on March 29?,event_label,outputs/v2/diagnostics/phase10_gp_market_comparison/phase10_exact_common_support_event_panel.csv
2026-03-29,event_day_open,Will the highest temperature in Hong Kong be 27°C on March 29?,event_label,outputs/v2/diagnostics/phase10_gp_market_comparison/phase10_exact_common_support_event_panel.csv
2026-03-29,event_day_open,Will the highest temperature in Hong Kong be 28°C on March 29?,event_label,outputs/v2/diagnostics/phase10_gp_market_comparison/phase10_exact_common_support_event_panel.csv
2026-03-29,event_day_open,Will the highest temperature in Hong Kong be 29°C or higher on March 29?,event_label,outputs/v2/diagnostics/phase10_gp_market_comparison/phase10_exact_common_support_event_panel.csv
2026-04-01,12h_prior,Will the highest temperature in Hong Kong be 20°C or below on April 1?,event_label,outputs/v2/diagnostics/phase10_gp_market_comparison/phase10_exact_common_support_event_panel.csv
2026-04-01,12h_prior,Will the highest temperature in Hong Kong be 21°C on April 1?,event_label,outputs/v2/diagnostics/phase10_gp_market_comparison/phase10_exact_common_support_event_panel.csv
2026-04-01,12h_prior,Will the highest temperature in Hong Kong be 22°C on April 1?,event_label,outputs/v2/diagnostics/phase10_gp_market_comparison/phase10_exact_common_support_event_panel.csv
2026-04-01,12h_prior,Will the highest temperature in Hong Kong be 23°C on April 1?,event_label,outputs/v2/diagnostics/phase10_gp_market_comparison/phase10_exact_common_support_event_panel.csv
2026-04-01,12h_prior,Will the highest temperature in Hong Kong be 24°C on April 1?,event_label,outputs/v2/diagnostics/phase10_gp_market_comparison/phase10_exact_common_support_event_panel.csv
2026-04-01,12h_prior,Will the highest temperature in Hong Kong be 25°C on April 1?,event_label,outputs/v2/diagnostics/phase10_gp_market_comparison/phase10_exact_common_support_event_panel.csv
2026-04-01,12h_prior,Will the highest temperature in Hong Kong be 26°C on April 1?,event_label,outputs/v2/diagnostics/phase10_gp_market_comparison/phase10_exact_common_support_event_panel.csv
2026-04-01,12h_prior,Will the highest temperature in Hong Kong be 27°C on April 1?,event_label,outputs/v2/diagnostics/phase10_gp_market_comparison/phase10_exact_common_support_event_panel.csv
2026-04-01,12h_prior,Will the highest temperature in Hong Kong be 28°C on April 1?,event_label,outputs/v2/diagnostics/phase10_gp_market_comparison/phase10_exact_common_support_event_panel.csv
2026-04-01,12h_prior,Will the highest temperature in Hong Kong be 29°C on April 1?,event_label,outputs/v2/diagnostics/phase10_gp_market_comparison/phase10_exact_common_support_event_panel.csv
2026-04-01,12h_prior,Will the highest temperature in Hong Kong be 30°C or higher on April 1?,event_label,outputs/v2/diagnostics/phase10_gp_market_comparison/phase10_exact_common_support_event_panel.csv
2026-04-01,24h_prior,Will the highest temperature in Hong Kong be 20°C or below on April 1?,event_label,outputs/v2/diagnostics/phase10_gp_market_comparison/phase10_exact_common_support_event_panel.csv
2026-04-01,24h_prior,Will the highest temperature in Hong Kong be 21°C on April 1?,event_label,outputs/v2/diagnostics/phase10_gp_market_comparison/phase10_exact_common_support_event_panel.csv
2026-04-01,24h_prior,Will the highest temperature in Hong Kong be 22°C on April 1?,event_label,outputs/v2/diagnostics/phase10_gp_market_comparison/phase10_exact_common_support_event_panel.csv
2026-04-01,24h_prior,Will the highest temperature in Hong Kong be 23°C on April 1?,event_label,outputs/v2/diagnostics/phase10_gp_market_comparison/phase10_exact_common_support_event_panel.csv
2026-04-01,24h_prior,Will the highest temperature in Hong Kong be 24°C on April 1?,event_label,outputs/v2/diagnostics/phase10_gp_market_comparison/phase10_exact_common_support_event_panel.csv
2026-04-01,24h_prior,Will the highest temperature in Hong Kong be 25°C on April 1?,event_label,outputs/v2/diagnostics/phase10_gp_market_comparison/phase10_exact_common_support_event_panel.csv
2026-04-01,24h_prior,Will the highest temperature in Hong Kong be 26°C on April 1?,event_label,outputs/v2/diagnostics/phase10_gp_market_comparison/phase10_exact_common_support_event_panel.csv
2026-04-01,24h_prior,Will the highest temperature in Hong Kong be 27°C on April 1?,event_label,outputs/v2/diagnostics/phase10_gp_market_comparison/phase10_exact_common_support_event_panel.csv
2026-04-01,24h_prior,Will the highest temperature in Hong Kong be 28°C on April 1?,event_label,outputs/v2/diagnostics/phase10_gp_market_comparison/phase10_exact_common_support_event_panel.csv
2026-04-01,24h_prior,Will the highest temperature in Hong Kong be 29°C on April 1?,event_label,outputs/v2/diagnostics/phase10_gp_market_comparison/phase10_exact_common_support_event_panel.csv
2026-04-01,24h_prior,Will the highest temperature in Hong Kong be 30°C or higher on April 1?,event_label,outputs/v2/diagnostics/phase10_gp_market_comparison/phase10_exact_common_support_event_panel.csv
2026-04-01,6h_prior,Will the highest temperature in Hong Kong be 20°C or below on April 1?,event_label,outputs/v2/diagnostics/phase10_gp_market_comparison/phase10_exact_common_support_event_panel.csv
2026-04-01,6h_prior,Will the highest temperature in Hong Kong be 21°C on April 1?,event_label,outputs/v2/diagnostics/phase10_gp_market_comparison/phase10_exact_common_support_event_panel.csv
2026-04-01,6h_prior,Will the highest temperature in Hong Kong be 22°C on April 1?,event_label,outputs/v2/diagnostics/phase10_gp_market_comparison/phase10_exact_common_support_event_panel.csv
2026-04-01,6h_prior,Will the highest temperature in Hong Kong be 23°C on April 1?,event_label,outputs/v2/diagnostics/phase10_gp_market_comparison/phase10_exact_common_support_event_panel.csv
2026-04-01,6h_prior,Will the highest temperature in Hong Kong be 24°C on April 1?,event_label,outputs/v2/diagnostics/phase10_gp_market_comparison/phase10_exact_common_support_event_panel.csv
2026-04-01,6h_prior,Will the highest temperature in Hong Kong be 25°C on April 1?,event_label,outputs/v2/diagnostics/phase10_gp_market_comparison/phase10_exact_common_support_event_panel.csv
2026-04-01,6h_prior,Will the highest temperature in Hong Kong be 26°C on April 1?,event_label,outputs/v2/diagnostics/phase10_gp_market_comparison/phase10_exact_common_support_event_panel.csv
2026-04-01,6h_prior,Will the highest temperature in Hong Kong be 27°C on April 1?,event_label,outputs/v2/diagnostics/phase10_gp_market_comparison/phase10_exact_common_support_event_panel.csv
2026-04-01,6h_prior,Will the highest temperature in Hong Kong be 28°C on April 1?,event_label,outputs/v2/diagnostics/phase10_gp_market_comparison/phase10_exact_common_support_event_panel.csv
2026-04-01,6h_prior,Will the highest temperature in Hong Kong be 29°C on April 1?,event_label,outputs/v2/diagnostics/phase10_gp_market_comparison/phase10_exact_common_support_event_panel.csv
2026-04-01,6h_prior,Will the highest temperature in Hong Kong be 30°C or higher on April 1?,event_label,outputs/v2/diagnostics/phase10_gp_market_comparison/phase10_exact_common_support_event_panel.csv
2026-04-02,12h_prior,Will the highest temperature in Hong Kong be 18°C or below on April 2?,event_label,outputs/v2/diagnostics/phase10_gp_market_comparison/phase10_exact_common_support_event_panel.csv
2026-04-02,12h_prior,Will the highest temperature in Hong Kong be 19°C on April 2?,event_label,outputs/v2/diagnostics/phase10_gp_market_comparison/phase10_exact_common_support_event_panel.csv
2026-04-02,12h_prior,Will the highest temperature in Hong Kong be 20°C on April 2?,event_label,outputs/v2/diagnostics/phase10_gp_market_comparison/phase10_exact_common_support_event_panel.csv
2026-04-02,12h_prior,Will the highest temperature in Hong Kong be 21°C on April 2?,event_label,outputs/v2/diagnostics/phase10_gp_market_comparison/phase10_exact_common_support_event_panel.csv
2026-04-02,12h_prior,Will the highest temperature in Hong Kong be 22°C on April 2?,event_label,outputs/v2/diagnostics/phase10_gp_market_comparison/phase10_exact_common_support_event_panel.csv
2026-04-02,12h_prior,Will the highest temperature in Hong Kong be 23°C on April 2?,event_label,outputs/v2/diagnostics/phase10_gp_market_comparison/phase10_exact_common_support_event_panel.csv
2026-04-02,12h_prior,Will the highest temperature in Hong Kong be 24°C on April 2?,event_label,outputs/v2/diagnostics/phase10_gp_market_comparison/phase10_exact_common_support_event_panel.csv
2026-04-02,12h_prior,Will the highest temperature in Hong Kong be 25°C on April 2?,event_label,outputs/v2/diagnostics/phase10_gp_market_comparison/phase10_exact_common_support_event_panel.csv
2026-04-02,12h_prior,Will the highest temperature in Hong Kong be 26°C on April 2?,event_label,outputs/v2/diagnostics/phase10_gp_market_comparison/phase10_exact_common_support_event_panel.csv
2026-04-02,12h_prior,Will the highest temperature in Hong Kong be 27°C on April 2?,event_label,outputs/v2/diagnostics/phase10_gp_market_comparison/phase10_exact_common_support_event_panel.csv
2026-04-02,12h_prior,Will the highest temperature in Hong Kong be 28°C or higher on April 2?,event_label,outputs/v2/diagnostics/phase10_gp_market_comparison/phase10_exact_common_support_event_panel.csv
2026-04-02,6h_prior,Will the highest temperature in Hong Kong be 18°C or below on April 2?,event_label,outputs/v2/diagnostics/phase10_gp_market_comparison/phase10_exact_common_support_event_panel.csv
2026-04-02,6h_prior,Will the highest temperature in Hong Kong be 19°C on April 2?,event_label,outputs/v2/diagnostics/phase10_gp_market_comparison/phase10_exact_common_support_event_panel.csv
2026-04-02,6h_prior,Will the highest temperature in Hong Kong be 20°C on April 2?,event_label,outputs/v2/diagnostics/phase10_gp_market_comparison/phase10_exact_common_support_event_panel.csv
2026-04-02,6h_prior,Will the highest temperature in Hong Kong be 21°C on April 2?,event_label,outputs/v2/diagnostics/phase10_gp_market_comparison/phase10_exact_common_support_event_panel.csv
2026-04-02,6h_prior,Will the highest temperature in Hong Kong be 22°C on April 2?,event_label,outputs/v2/diagnostics/phase10_gp_market_comparison/phase10_exact_common_support_event_panel.csv
2026-04-02,6h_prior,Will the highest temperature in Hong Kong be 23°C on April 2?,event_label,outputs/v2/diagnostics/phase10_gp_market_comparison/phase10_exact_common_support_event_panel.csv
2026-04-02,6h_prior,Will the highest temperature in Hong Kong be 24°C on April 2?,event_label,outputs/v2/diagnostics/phase10_gp_market_comparison/phase10_exact_common_support_event_panel.csv
2026-04-02,6h_prior,Will the highest temperature in Hong Kong be 25°C on April 2?,event_label,outputs/v2/diagnostics/phase10_gp_market_comparison/phase10_exact_common_support_event_panel.csv
2026-04-02,6h_prior,Will the highest temperature in Hong Kong be 26°C on April 2?,event_label,outputs/v2/diagnostics/phase10_gp_market_comparison/phase10_exact_common_support_event_panel.csv
2026-04-02,6h_prior,Will the highest temperature in Hong Kong be 27°C on April 2?,event_label,outputs/v2/diagnostics/phase10_gp_market_comparison/phase10_exact_common_support_event_panel.csv
2026-04-02,6h_prior,Will the highest temperature in Hong Kong be 28°C or higher on April 2?,event_label,outputs/v2/diagnostics/phase10_gp_market_comparison/phase10_exact_common_support_event_panel.csv
2026-04-02,event_day_open,Will the highest temperature in Hong Kong be 18°C or below on April 2?,event_label,outputs/v2/diagnostics/phase10_gp_market_comparison/phase10_exact_common_support_event_panel.csv
2026-04-02,event_day_open,Will the highest temperature in Hong Kong be 19°C on April 2?,event_label,outputs/v2/diagnostics/phase10_gp_market_comparison/phase10_exact_common_support_event_panel.csv
2026-04-02,event_day_open,Will the highest temperature in Hong Kong be 20°C on April 2?,event_label,outputs/v2/diagnostics/phase10_gp_market_comparison/phase10_exact_common_support_event_panel.csv
2026-04-02,event_day_open,Will the highest temperature in Hong Kong be 21°C on April 2?,event_label,outputs/v2/diagnostics/phase10_gp_market_comparison/phase10_exact_common_support_event_panel.csv
2026-04-02,event_day_open,Will the highest temperature in Hong Kong be 22°C on April 2?,event_label,outputs/v2/diagnostics/phase10_gp_market_comparison/phase10_exact_common_support_event_panel.csv
2026-04-02,event_day_open,Will the highest temperature in Hong Kong be 23°C on April 2?,event_label,outputs/v2/diagnostics/phase10_gp_market_comparison/phase10_exact_common_support_event_panel.csv
2026-04-02,event_day_open,Will the highest temperature in Hong Kong be 24°C on April 2?,event_label,outputs/v2/diagnostics/phase10_gp_market_comparison/phase10_exact_common_support_event_panel.csv
2026-04-02,event_day_open,Will the highest temperature in Hong Kong be 25°C on April 2?,event_label,outputs/v2/diagnostics/phase10_gp_market_comparison/phase10_exact_common_support_event_panel.csv
2026-04-02,event_day_open,Will the highest temperature in Hong Kong be 26°C on April 2?,event_label,outputs/v2/diagnostics/phase10_gp_market_comparison/phase10_exact_common_support_event_panel.csv
2026-04-02,event_day_open,Will the highest temperature in Hong Kong be 27°C on April 2?,event_label,outputs/v2/diagnostics/phase10_gp_market_comparison/phase10_exact_common_support_event_panel.csv
2026-04-02,event_day_open,Will the highest temperature in Hong Kong be 28°C or higher on April 2?,event_label,outputs/v2/diagnostics/phase10_gp_market_comparison/phase10_exact_common_support_event_panel.csv
2026-04-03,12h_prior,Will the highest temperature in Hong Kong be 19°C or below on April 3?,event_label,outputs/v2/diagnostics/phase10_gp_market_comparison/phase10_exact_common_support_event_panel.csv
2026-04-03,12h_prior,Will the highest temperature in Hong Kong be 20°C on April 3?,event_label,outputs/v2/diagnostics/phase10_gp_market_comparison/phase10_exact_common_support_event_panel.csv
2026-04-03,12h_prior,Will the highest temperature in Hong Kong be 21°C on April 3?,event_label,outputs/v2/diagnostics/phase10_gp_market_comparison/phase10_exact_common_support_event_panel.csv
2026-04-03,12h_prior,Will the highest temperature in Hong Kong be 22°C on April 3?,event_label,outputs/v2/diagnostics/phase10_gp_market_comparison/phase10_exact_common_support_event_panel.csv
2026-04-03,12h_prior,Will the highest temperature in Hong Kong be 23°C on April 3?,event_label,outputs/v2/diagnostics/phase10_gp_market_comparison/phase10_exact_common_support_event_panel.csv
2026-04-03,12h_prior,Will the highest temperature in Hong Kong be 24°C on April 3?,event_label,outputs/v2/diagnostics/phase10_gp_market_comparison/phase10_exact_common_support_event_panel.csv
2026-04-03,12h_prior,Will the highest temperature in Hong Kong be 25°C on April 3?,event_label,outputs/v2/diagnostics/phase10_gp_market_comparison/phase10_exact_common_support_event_panel.csv
2026-04-03,12h_prior,Will the highest temperature in Hong Kong be 26°C on April 3?,event_label,outputs/v2/diagnostics/phase10_gp_market_comparison/phase10_exact_common_support_event_panel.csv
2026-04-03,12h_prior,Will the highest temperature in Hong Kong be 27°C on April 3?,event_label,outputs/v2/diagnostics/phase10_gp_market_comparison/phase10_exact_common_support_event_panel.csv
2026-04-03,12h_prior,Will the highest temperature in Hong Kong be 28°C on April 3?,event_label,outputs/v2/diagnostics/phase10_gp_market_comparison/phase10_exact_common_support_event_panel.csv
2026-04-03,12h_prior,Will the highest temperature in Hong Kong be 29°C or higher on April 3?,event_label,outputs/v2/diagnostics/phase10_gp_market_comparison/phase10_exact_common_support_event_panel.csv
2026-04-03,24h_prior,Will the highest temperature in Hong Kong be 19°C or below on April 3?,event_label,outputs/v2/diagnostics/phase10_gp_market_comparison/phase10_exact_common_support_event_panel.csv
2026-04-03,24h_prior,Will the highest temperature in Hong Kong be 20°C on April 3?,event_label,outputs/v2/diagnostics/phase10_gp_market_comparison/phase10_exact_common_support_event_panel.csv
2026-04-03,24h_prior,Will the highest temperature in Hong Kong be 21°C on April 3?,event_label,outputs/v2/diagnostics/phase10_gp_market_comparison/phase10_exact_common_support_event_panel.csv
2026-04-03,24h_prior,Will the highest temperature in Hong Kong be 22°C on April 3?,event_label,outputs/v2/diagnostics/phase10_gp_market_comparison/phase10_exact_common_support_event_panel.csv
2026-04-03,24h_prior,Will the highest temperature in Hong Kong be 23°C on April 3?,event_label,outputs/v2/diagnostics/phase10_gp_market_comparison/phase10_exact_common_support_event_panel.csv
2026-04-03,24h_prior,Will the highest temperature in Hong Kong be 24°C on April 3?,event_label,outputs/v2/diagnostics/phase10_gp_market_comparison/phase10_exact_common_support_event_panel.csv
2026-04-03,24h_prior,Will the highest temperature in Hong Kong be 25°C on April 3?,event_label,outputs/v2/diagnostics/phase10_gp_market_comparison/phase10_exact_common_support_event_panel.csv
2026-04-03,24h_prior,Will the highest temperature in Hong Kong be 26°C on April 3?,event_label,outputs/v2/diagnostics/phase10_gp_market_comparison/phase10_exact_common_support_event_panel.csv
2026-04-03,24h_prior,Will the highest temperature in Hong Kong be 27°C on April 3?,event_label,outputs/v2/diagnostics/phase10_gp_market_comparison/phase10_exact_common_support_event_panel.csv
2026-04-03,24h_prior,Will the highest temperature in Hong Kong be 28°C on April 3?,event_label,outputs/v2/diagnostics/phase10_gp_market_comparison/phase10_exact_common_support_event_panel.csv
2026-04-03,24h_prior,Will the highest temperature in Hong Kong be 29°C or higher on April 3?,event_label,outputs/v2/diagnostics/phase10_gp_market_comparison/phase10_exact_common_support_event_panel.csv
2026-04-03,6h_prior,Will the highest temperature in Hong Kong be 19°C or below on April 3?,event_label,outputs/v2/diagnostics/phase10_gp_market_comparison/phase10_exact_common_support_event_panel.csv
2026-04-03,6h_prior,Will the highest temperature in Hong Kong be 20°C on April 3?,event_label,outputs/v2/diagnostics/phase10_gp_market_comparison/phase10_exact_common_support_event_panel.csv
2026-04-03,6h_prior,Will the highest temperature in Hong Kong be 21°C on April 3?,event_label,outputs/v2/diagnostics/phase10_gp_market_comparison/phase10_exact_common_support_event_panel.csv
2026-04-03,6h_prior,Will the highest temperature in Hong Kong be 22°C on April 3?,event_label,outputs/v2/diagnostics/phase10_gp_market_comparison/phase10_exact_common_support_event_panel.csv
2026-04-03,6h_prior,Will the highest temperature in Hong Kong be 23°C on April 3?,event_label,outputs/v2/diagnostics/phase10_gp_market_comparison/phase10_exact_common_support_event_panel.csv
2026-04-03,6h_prior,Will the highest temperature in Hong Kong be 24°C on April 3?,event_label,outputs/v2/diagnostics/phase10_gp_market_comparison/phase10_exact_common_support_event_panel.csv
2026-04-03,6h_prior,Will the highest temperature in Hong Kong be 25°C on April 3?,event_label,outputs/v2/diagnostics/phase10_gp_market_comparison/phase10_exact_common_support_event_panel.csv
2026-04-03,6h_prior,Will the highest temperature in Hong Kong be 26°C on April 3?,event_label,outputs/v2/diagnostics/phase10_gp_market_comparison/phase10_exact_common_support_event_panel.csv
2026-04-03,6h_prior,Will the highest temperature in Hong Kong be 27°C on April 3?,event_label,outputs/v2/diagnostics/phase10_gp_market_comparison/phase10_exact_common_support_event_panel.csv
2026-04-03,6h_prior,Will the highest temperature in Hong Kong be 28°C on April 3?,event_label,outputs/v2/diagnostics/phase10_gp_market_comparison/phase10_exact_common_support_event_panel.csv
2026-04-03,6h_prior,Will the highest temperature in Hong Kong be 29°C or higher on April 3?,event_label,outputs/v2/diagnostics/phase10_gp_market_comparison/phase10_exact_common_support_event_panel.csv
2026-04-03,event_day_open,Will the highest temperature in Hong Kong be 19°C or below on April 3?,event_label,outputs/v2/diagnostics/phase10_gp_market_comparison/phase10_exact_common_support_event_panel.csv
2026-04-03,event_day_open,Will the highest temperature in Hong Kong be 20°C on April 3?,event_label,outputs/v2/diagnostics/phase10_gp_market_comparison/phase10_exact_common_support_event_panel.csv
2026-04-03,event_day_open,Will the highest temperature in Hong Kong be 21°C on April 3?,event_label,outputs/v2/diagnostics/phase10_gp_market_comparison/phase10_exact_common_support_event_panel.csv
2026-04-03,event_day_open,Will the highest temperature in Hong Kong be 22°C on April 3?,event_label,outputs/v2/diagnostics/phase10_gp_market_comparison/phase10_exact_common_support_event_panel.csv
2026-04-03,event_day_open,Will the highest temperature in Hong Kong be 23°C on April 3?,event_label,outputs/v2/diagnostics/phase10_gp_market_comparison/phase10_exact_common_support_event_panel.csv
2026-04-03,event_day_open,Will the highest temperature in Hong Kong be 24°C on April 3?,event_label,outputs/v2/diagnostics/phase10_gp_market_comparison/phase10_exact_common_support_event_panel.csv
2026-04-03,event_day_open,Will the highest temperature in Hong Kong be 25°C on April 3?,event_label,outputs/v2/diagnostics/phase10_gp_market_comparison/phase10_exact_common_support_event_panel.csv
2026-04-03,event_day_open,Will the highest temperature in Hong Kong be 26°C on April 3?,event_label,outputs/v2/diagnostics/phase10_gp_market_comparison/phase10_exact_common_support_event_panel.csv
2026-04-03,event_day_open,Will the highest temperature in Hong Kong be 27°C on April 3?,event_label,outputs/v2/diagnostics/phase10_gp_market_comparison/phase10_exact_common_support_event_panel.csv
2026-04-03,event_day_open,Will the highest temperature in Hong Kong be 28°C on April 3?,event_label,outputs/v2/diagnostics/phase10_gp_market_comparison/phase10_exact_common_support_event_panel.csv
2026-04-03,event_day_open,Will the highest temperature in Hong Kong be 29°C or higher on April 3?,event_label,outputs/v2/diagnostics/phase10_gp_market_comparison/phase10_exact_common_support_event_panel.csv
2026-04-04,12h_prior,Will the highest temperature in Hong Kong be 19°C or below on April 4?,event_label,outputs/v2/diagnostics/phase10_gp_market_comparison/phase10_exact_common_support_event_panel.csv
2026-04-04,12h_prior,Will the highest temperature in Hong Kong be 20°C on April 4?,event_label,outputs/v2/diagnostics/phase10_gp_market_comparison/phase10_exact_common_support_event_panel.csv
2026-04-04,12h_prior,Will the highest temperature in Hong Kong be 21°C on April 4?,event_label,outputs/v2/diagnostics/phase10_gp_market_comparison/phase10_exact_common_support_event_panel.csv
2026-04-04,12h_prior,Will the highest temperature in Hong Kong be 22°C on April 4?,event_label,outputs/v2/diagnostics/phase10_gp_market_comparison/phase10_exact_common_support_event_panel.csv
2026-04-04,12h_prior,Will the highest temperature in Hong Kong be 23°C on April 4?,event_label,outputs/v2/diagnostics/phase10_gp_market_comparison/phase10_exact_common_support_event_panel.csv
2026-04-04,12h_prior,Will the highest temperature in Hong Kong be 24°C on April 4?,event_label,outputs/v2/diagnostics/phase10_gp_market_comparison/phase10_exact_common_support_event_panel.csv
2026-04-04,12h_prior,Will the highest temperature in Hong Kong be 25°C on April 4?,event_label,outputs/v2/diagnostics/phase10_gp_market_comparison/phase10_exact_common_support_event_panel.csv
2026-04-04,12h_prior,Will the highest temperature in Hong Kong be 26°C on April 4?,event_label,outputs/v2/diagnostics/phase10_gp_market_comparison/phase10_exact_common_support_event_panel.csv
2026-04-04,12h_prior,Will the highest temperature in Hong Kong be 27°C on April 4?,event_label,outputs/v2/diagnostics/phase10_gp_market_comparison/phase10_exact_common_support_event_panel.csv
2026-04-04,12h_prior,Will the highest temperature in Hong Kong be 28°C on April 4?,event_label,outputs/v2/diagnostics/phase10_gp_market_comparison/phase10_exact_common_support_event_panel.csv
2026-04-04,12h_prior,Will the highest temperature in Hong Kong be 29°C or higher on April 4?,event_label,outputs/v2/diagnostics/phase10_gp_market_comparison/phase10_exact_common_support_event_panel.csv
2026-04-04,24h_prior,Will the highest temperature in Hong Kong be 19°C or below on April 4?,event_label,outputs/v2/diagnostics/phase10_gp_market_comparison/phase10_exact_common_support_event_panel.csv
2026-04-04,24h_prior,Will the highest temperature in Hong Kong be 20°C on April 4?,event_label,outputs/v2/diagnostics/phase10_gp_market_comparison/phase10_exact_common_support_event_panel.csv
2026-04-04,24h_prior,Will the highest temperature in Hong Kong be 21°C on April 4?,event_label,outputs/v2/diagnostics/phase10_gp_market_comparison/phase10_exact_common_support_event_panel.csv
2026-04-04,24h_prior,Will the highest temperature in Hong Kong be 22°C on April 4?,event_label,outputs/v2/diagnostics/phase10_gp_market_comparison/phase10_exact_common_support_event_panel.csv
2026-04-04,24h_prior,Will the highest temperature in Hong Kong be 23°C on April 4?,event_label,outputs/v2/diagnostics/phase10_gp_market_comparison/phase10_exact_common_support_event_panel.csv
2026-04-04,24h_prior,Will the highest temperature in Hong Kong be 24°C on April 4?,event_label,outputs/v2/diagnostics/phase10_gp_market_comparison/phase10_exact_common_support_event_panel.csv
2026-04-04,24h_prior,Will the highest temperature in Hong Kong be 25°C on April 4?,event_label,outputs/v2/diagnostics/phase10_gp_market_comparison/phase10_exact_common_support_event_panel.csv
2026-04-04,24h_prior,Will the highest temperature in Hong Kong be 26°C on April 4?,event_label,outputs/v2/diagnostics/phase10_gp_market_comparison/phase10_exact_common_support_event_panel.csv
2026-04-04,24h_prior,Will the highest temperature in Hong Kong be 27°C on April 4?,event_label,outputs/v2/diagnostics/phase10_gp_market_comparison/phase10_exact_common_support_event_panel.csv
2026-04-04,24h_prior,Will the highest temperature in Hong Kong be 28°C on April 4?,event_label,outputs/v2/diagnostics/phase10_gp_market_comparison/phase10_exact_common_support_event_panel.csv
2026-04-04,24h_prior,Will the highest temperature in Hong Kong be 29°C or higher on April 4?,event_label,outputs/v2/diagnostics/phase10_gp_market_comparison/phase10_exact_common_support_event_panel.csv
2026-04-04,6h_prior,Will the highest temperature in Hong Kong be 19°C or below on April 4?,event_label,outputs/v2/diagnostics/phase10_gp_market_comparison/phase10_exact_common_support_event_panel.csv
2026-04-04,6h_prior,Will the highest temperature in Hong Kong be 20°C on April 4?,event_label,outputs/v2/diagnostics/phase10_gp_market_comparison/phase10_exact_common_support_event_panel.csv
2026-04-04,6h_prior,Will the highest temperature in Hong Kong be 21°C on April 4?,event_label,outputs/v2/diagnostics/phase10_gp_market_comparison/phase10_exact_common_support_event_panel.csv
2026-04-04,6h_prior,Will the highest temperature in Hong Kong be 22°C on April 4?,event_label,outputs/v2/diagnostics/phase10_gp_market_comparison/phase10_exact_common_support_event_panel.csv
2026-04-04,6h_prior,Will the highest temperature in Hong Kong be 23°C on April 4?,event_label,outputs/v2/diagnostics/phase10_gp_market_comparison/phase10_exact_common_support_event_panel.csv
2026-04-04,6h_prior,Will the highest temperature in Hong Kong be 24°C on April 4?,event_label,outputs/v2/diagnostics/phase10_gp_market_comparison/phase10_exact_common_support_event_panel.csv
2026-04-04,6h_prior,Will the highest temperature in Hong Kong be 25°C on April 4?,event_label,outputs/v2/diagnostics/phase10_gp_market_comparison/phase10_exact_common_support_event_panel.csv
2026-04-04,6h_prior,Will the highest temperature in Hong Kong be 26°C on April 4?,event_label,outputs/v2/diagnostics/phase10_gp_market_comparison/phase10_exact_common_support_event_panel.csv
2026-04-04,6h_prior,Will the highest temperature in Hong Kong be 27°C on April 4?,event_label,outputs/v2/diagnostics/phase10_gp_market_comparison/phase10_exact_common_support_event_panel.csv
2026-04-04,6h_prior,Will the highest temperature in Hong Kong be 28°C on April 4?,event_label,outputs/v2/diagnostics/phase10_gp_market_comparison/phase10_exact_common_support_event_panel.csv
2026-04-04,6h_prior,Will the highest temperature in Hong Kong be 29°C or higher on April 4?,event_label,outputs/v2/diagnostics/phase10_gp_market_comparison/phase10_exact_common_support_event_panel.csv
2026-04-04,event_day_open,Will the highest temperature in Hong Kong be 19°C or below on April 4?,event_label,outputs/v2/diagnostics/phase10_gp_market_comparison/phase10_exact_common_support_event_panel.csv
2026-04-04,event_day_open,Will the highest temperature in Hong Kong be 20°C on April 4?,event_label,outputs/v2/diagnostics/phase10_gp_market_comparison/phase10_exact_common_support_event_panel.csv
2026-04-04,event_day_open,Will the highest temperature in Hong Kong be 21°C on April 4?,event_label,outputs/v2/diagnostics/phase10_gp_market_comparison/phase10_exact_common_support_event_panel.csv
2026-04-04,event_day_open,Will the highest temperature in Hong Kong be 22°C on April 4?,event_label,outputs/v2/diagnostics/phase10_gp_market_comparison/phase10_exact_common_support_event_panel.csv
2026-04-04,event_day_open,Will the highest temperature in Hong Kong be 23°C on April 4?,event_label,outputs/v2/diagnostics/phase10_gp_market_comparison/phase10_exact_common_support_event_panel.csv
2026-04-04,event_day_open,Will the highest temperature in Hong Kong be 24°C on April 4?,event_label,outputs/v2/diagnostics/phase10_gp_market_comparison/phase10_exact_common_support_event_panel.csv
2026-04-04,event_day_open,Will the highest temperature in Hong Kong be 25°C on April 4?,event_label,outputs/v2/diagnostics/phase10_gp_market_comparison/phase10_exact_common_support_event_panel.csv
2026-04-04,event_day_open,Will the highest temperature in Hong Kong be 26°C on April 4?,event_label,outputs/v2/diagnostics/phase10_gp_market_comparison/phase10_exact_common_support_event_panel.csv
2026-04-04,event_day_open,Will the highest temperature in Hong Kong be 27°C on April 4?,event_label,outputs/v2/diagnostics/phase10_gp_market_comparison/phase10_exact_common_support_event_panel.csv
2026-04-04,event_day_open,Will the highest temperature in Hong Kong be 28°C on April 4?,event_label,outputs/v2/diagnostics/phase10_gp_market_comparison/phase10_exact_common_support_event_panel.csv
2026-04-04,event_day_open,Will the highest temperature in Hong Kong be 29°C or higher on April 4?,event_label,outputs/v2/diagnostics/phase10_gp_market_comparison/phase10_exact_common_support_event_panel.csv
2026-04-05,12h_prior,Will the highest temperature in Hong Kong be 19°C or below on April 5?,event_label,outputs/v2/diagnostics/phase10_gp_market_comparison/phase10_exact_common_support_event_panel.csv
2026-04-05,12h_prior,Will the highest temperature in Hong Kong be 20°C on April 5?,event_label,outputs/v2/diagnostics/phase10_gp_market_comparison/phase10_exact_common_support_event_panel.csv
2026-04-05,12h_prior,Will the highest temperature in Hong Kong be 21°C on April 5?,event_label,outputs/v2/diagnostics/phase10_gp_market_comparison/phase10_exact_common_support_event_panel.csv
2026-04-05,12h_prior,Will the highest temperature in Hong Kong be 22°C on April 5?,event_label,outputs/v2/diagnostics/phase10_gp_market_comparison/phase10_exact_common_support_event_panel.csv
2026-04-05,12h_prior,Will the highest temperature in Hong Kong be 23°C on April 5?,event_label,outputs/v2/diagnostics/phase10_gp_market_comparison/phase10_exact_common_support_event_panel.csv
2026-04-05,12h_prior,Will the highest temperature in Hong Kong be 24°C on April 5?,event_label,outputs/v2/diagnostics/phase10_gp_market_comparison/phase10_exact_common_support_event_panel.csv
2026-04-05,12h_prior,Will the highest temperature in Hong Kong be 25°C on April 5?,event_label,outputs/v2/diagnostics/phase10_gp_market_comparison/phase10_exact_common_support_event_panel.csv
2026-04-05,12h_prior,Will the highest temperature in Hong Kong be 26°C on April 5?,event_label,outputs/v2/diagnostics/phase10_gp_market_comparison/phase10_exact_common_support_event_panel.csv
2026-04-05,12h_prior,Will the highest temperature in Hong Kong be 27°C on April 5?,event_label,outputs/v2/diagnostics/phase10_gp_market_comparison/phase10_exact_common_support_event_panel.csv
2026-04-05,12h_prior,Will the highest temperature in Hong Kong be 28°C on April 5?,event_label,outputs/v2/diagnostics/phase10_gp_market_comparison/phase10_exact_common_support_event_panel.csv
2026-04-05,12h_prior,Will the highest temperature in Hong Kong be 29°C or higher on April 5?,event_label,outputs/v2/diagnostics/phase10_gp_market_comparison/phase10_exact_common_support_event_panel.csv
2026-04-05,24h_prior,Will the highest temperature in Hong Kong be 19°C or below on April 5?,event_label,outputs/v2/diagnostics/phase10_gp_market_comparison/phase10_exact_common_support_event_panel.csv
2026-04-05,24h_prior,Will the highest temperature in Hong Kong be 20°C on April 5?,event_label,outputs/v2/diagnostics/phase10_gp_market_comparison/phase10_exact_common_support_event_panel.csv
2026-04-05,24h_prior,Will the highest temperature in Hong Kong be 21°C on April 5?,event_label,outputs/v2/diagnostics/phase10_gp_market_comparison/phase10_exact_common_support_event_panel.csv
2026-04-05,24h_prior,Will the highest temperature in Hong Kong be 22°C on April 5?,event_label,outputs/v2/diagnostics/phase10_gp_market_comparison/phase10_exact_common_support_event_panel.csv
2026-04-05,24h_prior,Will the highest temperature in Hong Kong be 23°C on April 5?,event_label,outputs/v2/diagnostics/phase10_gp_market_comparison/phase10_exact_common_support_event_panel.csv
2026-04-05,24h_prior,Will the highest temperature in Hong Kong be 24°C on April 5?,event_label,outputs/v2/diagnostics/phase10_gp_market_comparison/phase10_exact_common_support_event_panel.csv
2026-04-05,24h_prior,Will the highest temperature in Hong Kong be 25°C on April 5?,event_label,outputs/v2/diagnostics/phase10_gp_market_comparison/phase10_exact_common_support_event_panel.csv
2026-04-05,24h_prior,Will the highest temperature in Hong Kong be 26°C on April 5?,event_label,outputs/v2/diagnostics/phase10_gp_market_comparison/phase10_exact_common_support_event_panel.csv
2026-04-05,24h_prior,Will the highest temperature in Hong Kong be 27°C on April 5?,event_label,outputs/v2/diagnostics/phase10_gp_market_comparison/phase10_exact_common_support_event_panel.csv
2026-04-05,24h_prior,Will the highest temperature in Hong Kong be 28°C on April 5?,event_label,outputs/v2/diagnostics/phase10_gp_market_comparison/phase10_exact_common_support_event_panel.csv
2026-04-05,24h_prior,Will the highest temperature in Hong Kong be 29°C or higher on April 5?,event_label,outputs/v2/diagnostics/phase10_gp_market_comparison/phase10_exact_common_support_event_panel.csv
2026-04-05,6h_prior,Will the highest temperature in Hong Kong be 19°C or below on April 5?,event_label,outputs/v2/diagnostics/phase10_gp_market_comparison/phase10_exact_common_support_event_panel.csv
2026-04-05,6h_prior,Will the highest temperature in Hong Kong be 20°C on April 5?,event_label,outputs/v2/diagnostics/phase10_gp_market_comparison/phase10_exact_common_support_event_panel.csv
2026-04-05,6h_prior,Will the highest temperature in Hong Kong be 21°C on April 5?,event_label,outputs/v2/diagnostics/phase10_gp_market_comparison/phase10_exact_common_support_event_panel.csv
2026-04-05,6h_prior,Will the highest temperature in Hong Kong be 22°C on April 5?,event_label,outputs/v2/diagnostics/phase10_gp_market_comparison/phase10_exact_common_support_event_panel.csv
2026-04-05,6h_prior,Will the highest temperature in Hong Kong be 23°C on April 5?,event_label,outputs/v2/diagnostics/phase10_gp_market_comparison/phase10_exact_common_support_event_panel.csv
2026-04-05,6h_prior,Will the highest temperature in Hong Kong be 24°C on April 5?,event_label,outputs/v2/diagnostics/phase10_gp_market_comparison/phase10_exact_common_support_event_panel.csv
2026-04-05,6h_prior,Will the highest temperature in Hong Kong be 25°C on April 5?,event_label,outputs/v2/diagnostics/phase10_gp_market_comparison/phase10_exact_common_support_event_panel.csv
2026-04-05,6h_prior,Will the highest temperature in Hong Kong be 26°C on April 5?,event_label,outputs/v2/diagnostics/phase10_gp_market_comparison/phase10_exact_common_support_event_panel.csv
2026-04-05,6h_prior,Will the highest temperature in Hong Kong be 27°C on April 5?,event_label,outputs/v2/diagnostics/phase10_gp_market_comparison/phase10_exact_common_support_event_panel.csv
2026-04-05,6h_prior,Will the highest temperature in Hong Kong be 28°C on April 5?,event_label,outputs/v2/diagnostics/phase10_gp_market_comparison/phase10_exact_common_support_event_panel.csv
2026-04-05,6h_prior,Will the highest temperature in Hong Kong be 29°C or higher on April 5?,event_label,outputs/v2/diagnostics/phase10_gp_market_comparison/phase10_exact_common_support_event_panel.csv
2026-04-05,event_day_open,Will the highest temperature in Hong Kong be 19°C or below on April 5?,event_label,outputs/v2/diagnostics/phase10_gp_market_comparison/phase10_exact_common_support_event_panel.csv
2026-04-05,event_day_open,Will the highest temperature in Hong Kong be 20°C on April 5?,event_label,outputs/v2/diagnostics/phase10_gp_market_comparison/phase10_exact_common_support_event_panel.csv
2026-04-05,event_day_open,Will the highest temperature in Hong Kong be 21°C on April 5?,event_label,outputs/v2/diagnostics/phase10_gp_market_comparison/phase10_exact_common_support_event_panel.csv
2026-04-05,event_day_open,Will the highest temperature in Hong Kong be 22°C on April 5?,event_label,outputs/v2/diagnostics/phase10_gp_market_comparison/phase10_exact_common_support_event_panel.csv
2026-04-05,event_day_open,Will the highest temperature in Hong Kong be 23°C on April 5?,event_label,outputs/v2/diagnostics/phase10_gp_market_comparison/phase10_exact_common_support_event_panel.csv
2026-04-05,event_day_open,Will the highest temperature in Hong Kong be 24°C on April 5?,event_label,outputs/v2/diagnostics/phase10_gp_market_comparison/phase10_exact_common_support_event_panel.csv
2026-04-05,event_day_open,Will the highest temperature in Hong Kong be 25°C on April 5?,event_label,outputs/v2/diagnostics/phase10_gp_market_comparison/phase10_exact_common_support_event_panel.csv
2026-04-05,event_day_open,Will the highest temperature in Hong Kong be 26°C on April 5?,event_label,outputs/v2/diagnostics/phase10_gp_market_comparison/phase10_exact_common_support_event_panel.csv
2026-04-05,event_day_open,Will the highest temperature in Hong Kong be 27°C on April 5?,event_label,outputs/v2/diagnostics/phase10_gp_market_comparison/phase10_exact_common_support_event_panel.csv
2026-04-05,event_day_open,Will the highest temperature in Hong Kong be 28°C on April 5?,event_label,outputs/v2/diagnostics/phase10_gp_market_comparison/phase10_exact_common_support_event_panel.csv
2026-04-05,event_day_open,Will the highest temperature in Hong Kong be 29°C or higher on April 5?,event_label,outputs/v2/diagnostics/phase10_gp_market_comparison/phase10_exact_common_support_event_panel.csv
2026-04-06,12h_prior,Will the highest temperature in Hong Kong be 20°C or below on April 6?,event_label,outputs/v2/diagnostics/phase10_gp_market_comparison/phase10_exact_common_support_event_panel.csv
2026-04-06,12h_prior,Will the highest temperature in Hong Kong be 21°C on April 6?,event_label,outputs/v2/diagnostics/phase10_gp_market_comparison/phase10_exact_common_support_event_panel.csv
2026-04-06,12h_prior,Will the highest temperature in Hong Kong be 22°C on April 6?,event_label,outputs/v2/diagnostics/phase10_gp_market_comparison/phase10_exact_common_support_event_panel.csv
2026-04-06,12h_prior,Will the highest temperature in Hong Kong be 23°C on April 6?,event_label,outputs/v2/diagnostics/phase10_gp_market_comparison/phase10_exact_common_support_event_panel.csv
2026-04-06,12h_prior,Will the highest temperature in Hong Kong be 24°C on April 6?,event_label,outputs/v2/diagnostics/phase10_gp_market_comparison/phase10_exact_common_support_event_panel.csv
2026-04-06,12h_prior,Will the highest temperature in Hong Kong be 25°C on April 6?,event_label,outputs/v2/diagnostics/phase10_gp_market_comparison/phase10_exact_common_support_event_panel.csv
2026-04-06,12h_prior,Will the highest temperature in Hong Kong be 26°C on April 6?,event_label,outputs/v2/diagnostics/phase10_gp_market_comparison/phase10_exact_common_support_event_panel.csv
2026-04-06,12h_prior,Will the highest temperature in Hong Kong be 27°C on April 6?,event_label,outputs/v2/diagnostics/phase10_gp_market_comparison/phase10_exact_common_support_event_panel.csv
2026-04-06,12h_prior,Will the highest temperature in Hong Kong be 28°C on April 6?,event_label,outputs/v2/diagnostics/phase10_gp_market_comparison/phase10_exact_common_support_event_panel.csv
2026-04-06,12h_prior,Will the highest temperature in Hong Kong be 29°C on April 6?,event_label,outputs/v2/diagnostics/phase10_gp_market_comparison/phase10_exact_common_support_event_panel.csv
2026-04-06,12h_prior,Will the highest temperature in Hong Kong be 30°C or higher on April 6?,event_label,outputs/v2/diagnostics/phase10_gp_market_comparison/phase10_exact_common_support_event_panel.csv
2026-04-06,24h_prior,Will the highest temperature in Hong Kong be 20°C or below on April 6?,event_label,outputs/v2/diagnostics/phase10_gp_market_comparison/phase10_exact_common_support_event_panel.csv
2026-04-06,24h_prior,Will the highest temperature in Hong Kong be 21°C on April 6?,event_label,outputs/v2/diagnostics/phase10_gp_market_comparison/phase10_exact_common_support_event_panel.csv
2026-04-06,24h_prior,Will the highest temperature in Hong Kong be 22°C on April 6?,event_label,outputs/v2/diagnostics/phase10_gp_market_comparison/phase10_exact_common_support_event_panel.csv
2026-04-06,24h_prior,Will the highest temperature in Hong Kong be 23°C on April 6?,event_label,outputs/v2/diagnostics/phase10_gp_market_comparison/phase10_exact_common_support_event_panel.csv
2026-04-06,24h_prior,Will the highest temperature in Hong Kong be 24°C on April 6?,event_label,outputs/v2/diagnostics/phase10_gp_market_comparison/phase10_exact_common_support_event_panel.csv
2026-04-06,24h_prior,Will the highest temperature in Hong Kong be 25°C on April 6?,event_label,outputs/v2/diagnostics/phase10_gp_market_comparison/phase10_exact_common_support_event_panel.csv
2026-04-06,24h_prior,Will the highest temperature in Hong Kong be 26°C on April 6?,event_label,outputs/v2/diagnostics/phase10_gp_market_comparison/phase10_exact_common_support_event_panel.csv
2026-04-06,24h_prior,Will the highest temperature in Hong Kong be 27°C on April 6?,event_label,outputs/v2/diagnostics/phase10_gp_market_comparison/phase10_exact_common_support_event_panel.csv
2026-04-06,24h_prior,Will the highest temperature in Hong Kong be 28°C on April 6?,event_label,outputs/v2/diagnostics/phase10_gp_market_comparison/phase10_exact_common_support_event_panel.csv
2026-04-06,24h_prior,Will the highest temperature in Hong Kong be 29°C on April 6?,event_label,outputs/v2/diagnostics/phase10_gp_market_comparison/phase10_exact_common_support_event_panel.csv
2026-04-06,24h_prior,Will the highest temperature in Hong Kong be 30°C or higher on April 6?,event_label,outputs/v2/diagnostics/phase10_gp_market_comparison/phase10_exact_common_support_event_panel.csv
2026-04-06,6h_prior,Will the highest temperature in Hong Kong be 20°C or below on April 6?,event_label,outputs/v2/diagnostics/phase10_gp_market_comparison/phase10_exact_common_support_event_panel.csv
2026-04-06,6h_prior,Will the highest temperature in Hong Kong be 21°C on April 6?,event_label,outputs/v2/diagnostics/phase10_gp_market_comparison/phase10_exact_common_support_event_panel.csv
2026-04-06,6h_prior,Will the highest temperature in Hong Kong be 22°C on April 6?,event_label,outputs/v2/diagnostics/phase10_gp_market_comparison/phase10_exact_common_support_event_panel.csv
2026-04-06,6h_prior,Will the highest temperature in Hong Kong be 23°C on April 6?,event_label,outputs/v2/diagnostics/phase10_gp_market_comparison/phase10_exact_common_support_event_panel.csv
2026-04-06,6h_prior,Will the highest temperature in Hong Kong be 24°C on April 6?,event_label,outputs/v2/diagnostics/phase10_gp_market_comparison/phase10_exact_common_support_event_panel.csv
2026-04-06,6h_prior,Will the highest temperature in Hong Kong be 25°C on April 6?,event_label,outputs/v2/diagnostics/phase10_gp_market_comparison/phase10_exact_common_support_event_panel.csv
2026-04-06,6h_prior,Will the highest temperature in Hong Kong be 26°C on April 6?,event_label,outputs/v2/diagnostics/phase10_gp_market_comparison/phase10_exact_common_support_event_panel.csv
2026-04-06,6h_prior,Will the highest temperature in Hong Kong be 27°C on April 6?,event_label,outputs/v2/diagnostics/phase10_gp_market_comparison/phase10_exact_common_support_event_panel.csv
2026-04-06,6h_prior,Will the highest temperature in Hong Kong be 28°C on April 6?,event_label,outputs/v2/diagnostics/phase10_gp_market_comparison/phase10_exact_common_support_event_panel.csv
2026-04-06,6h_prior,Will the highest temperature in Hong Kong be 29°C on April 6?,event_label,outputs/v2/diagnostics/phase10_gp_market_comparison/phase10_exact_common_support_event_panel.csv
2026-04-06,6h_prior,Will the highest temperature in Hong Kong be 30°C or higher on April 6?,event_label,outputs/v2/diagnostics/phase10_gp_market_comparison/phase10_exact_common_support_event_panel.csv
2026-04-06,event_day_open,Will the highest temperature in Hong Kong be 20°C or below on April 6?,event_label,outputs/v2/diagnostics/phase10_gp_market_comparison/phase10_exact_common_support_event_panel.csv
2026-04-06,event_day_open,Will the highest temperature in Hong Kong be 21°C on April 6?,event_label,outputs/v2/diagnostics/phase10_gp_market_comparison/phase10_exact_common_support_event_panel.csv
2026-04-06,event_day_open,Will the highest temperature in Hong Kong be 22°C on April 6?,event_label,outputs/v2/diagnostics/phase10_gp_market_comparison/phase10_exact_common_support_event_panel.csv
2026-04-06,event_day_open,Will the highest temperature in Hong Kong be 23°C on April 6?,event_label,outputs/v2/diagnostics/phase10_gp_market_comparison/phase10_exact_common_support_event_panel.csv
2026-04-06,event_day_open,Will the highest temperature in Hong Kong be 24°C on April 6?,event_label,outputs/v2/diagnostics/phase10_gp_market_comparison/phase10_exact_common_support_event_panel.csv
2026-04-06,event_day_open,Will the highest temperature in Hong Kong be 25°C on April 6?,event_label,outputs/v2/diagnostics/phase10_gp_market_comparison/phase10_exact_common_support_event_panel.csv
2026-04-06,event_day_open,Will the highest temperature in Hong Kong be 26°C on April 6?,event_label,outputs/v2/diagnostics/phase10_gp_market_comparison/phase10_exact_common_support_event_panel.csv
2026-04-06,event_day_open,Will the highest temperature in Hong Kong be 27°C on April 6?,event_label,outputs/v2/diagnostics/phase10_gp_market_comparison/phase10_exact_common_support_event_panel.csv
2026-04-06,event_day_open,Will the highest temperature in Hong Kong be 28°C on April 6?,event_label,outputs/v2/diagnostics/phase10_gp_market_comparison/phase10_exact_common_support_event_panel.csv
2026-04-06,event_day_open,Will the highest temperature in Hong Kong be 29°C on April 6?,event_label,outputs/v2/diagnostics/phase10_gp_market_comparison/phase10_exact_common_support_event_panel.csv
2026-04-06,event_day_open,Will the highest temperature in Hong Kong be 30°C or higher on April 6?,event_label,outputs/v2/diagnostics/phase10_gp_market_comparison/phase10_exact_common_support_event_panel.csv
2026-04-07,12h_prior,Will the highest temperature in Hong Kong be 20°C or below on April 7?,event_label,outputs/v2/diagnostics/phase10_gp_market_comparison/phase10_exact_common_support_event_panel.csv
2026-04-07,12h_prior,Will the highest temperature in Hong Kong be 21°C on April 7?,event_label,outputs/v2/diagnostics/phase10_gp_market_comparison/phase10_exact_common_support_event_panel.csv
2026-04-07,12h_prior,Will the highest temperature in Hong Kong be 22°C on April 7?,event_label,outputs/v2/diagnostics/phase10_gp_market_comparison/phase10_exact_common_support_event_panel.csv
2026-04-07,12h_prior,Will the highest temperature in Hong Kong be 23°C on April 7?,event_label,outputs/v2/diagnostics/phase10_gp_market_comparison/phase10_exact_common_support_event_panel.csv
2026-04-07,12h_prior,Will the highest temperature in Hong Kong be 24°C on April 7?,event_label,outputs/v2/diagnostics/phase10_gp_market_comparison/phase10_exact_common_support_event_panel.csv
2026-04-07,12h_prior,Will the highest temperature in Hong Kong be 25°C on April 7?,event_label,outputs/v2/diagnostics/phase10_gp_market_comparison/phase10_exact_common_support_event_panel.csv
2026-04-07,12h_prior,Will the highest temperature in Hong Kong be 26°C on April 7?,event_label,outputs/v2/diagnostics/phase10_gp_market_comparison/phase10_exact_common_support_event_panel.csv
2026-04-07,12h_prior,Will the highest temperature in Hong Kong be 27°C on April 7?,event_label,outputs/v2/diagnostics/phase10_gp_market_comparison/phase10_exact_common_support_event_panel.csv
2026-04-07,12h_prior,Will the highest temperature in Hong Kong be 28°C on April 7?,event_label,outputs/v2/diagnostics/phase10_gp_market_comparison/phase10_exact_common_support_event_panel.csv
2026-04-07,12h_prior,Will the highest temperature in Hong Kong be 29°C on April 7?,event_label,outputs/v2/diagnostics/phase10_gp_market_comparison/phase10_exact_common_support_event_panel.csv
2026-04-07,12h_prior,Will the highest temperature in Hong Kong be 30°C or higher on April 7?,event_label,outputs/v2/diagnostics/phase10_gp_market_comparison/phase10_exact_common_support_event_panel.csv
2026-04-07,24h_prior,Will the highest temperature in Hong Kong be 20°C or below on April 7?,event_label,outputs/v2/diagnostics/phase10_gp_market_comparison/phase10_exact_common_support_event_panel.csv
2026-04-07,24h_prior,Will the highest temperature in Hong Kong be 21°C on April 7?,event_label,outputs/v2/diagnostics/phase10_gp_market_comparison/phase10_exact_common_support_event_panel.csv
2026-04-07,24h_prior,Will the highest temperature in Hong Kong be 22°C on April 7?,event_label,outputs/v2/diagnostics/phase10_gp_market_comparison/phase10_exact_common_support_event_panel.csv
2026-04-07,24h_prior,Will the highest temperature in Hong Kong be 23°C on April 7?,event_label,outputs/v2/diagnostics/phase10_gp_market_comparison/phase10_exact_common_support_event_panel.csv
2026-04-07,24h_prior,Will the highest temperature in Hong Kong be 24°C on April 7?,event_label,outputs/v2/diagnostics/phase10_gp_market_comparison/phase10_exact_common_support_event_panel.csv
2026-04-07,24h_prior,Will the highest temperature in Hong Kong be 25°C on April 7?,event_label,outputs/v2/diagnostics/phase10_gp_market_comparison/phase10_exact_common_support_event_panel.csv
2026-04-07,24h_prior,Will the highest temperature in Hong Kong be 26°C on April 7?,event_label,outputs/v2/diagnostics/phase10_gp_market_comparison/phase10_exact_common_support_event_panel.csv
2026-04-07,24h_prior,Will the highest temperature in Hong Kong be 27°C on April 7?,event_label,outputs/v2/diagnostics/phase10_gp_market_comparison/phase10_exact_common_support_event_panel.csv
2026-04-07,24h_prior,Will the highest temperature in Hong Kong be 28°C on April 7?,event_label,outputs/v2/diagnostics/phase10_gp_market_comparison/phase10_exact_common_support_event_panel.csv
2026-04-07,24h_prior,Will the highest temperature in Hong Kong be 29°C on April 7?,event_label,outputs/v2/diagnostics/phase10_gp_market_comparison/phase10_exact_common_support_event_panel.csv
2026-04-07,24h_prior,Will the highest temperature in Hong Kong be 30°C or higher on April 7?,event_label,outputs/v2/diagnostics/phase10_gp_market_comparison/phase10_exact_common_support_event_panel.csv
2026-04-07,6h_prior,Will the highest temperature in Hong Kong be 20°C or below on April 7?,event_label,outputs/v2/diagnostics/phase10_gp_market_comparison/phase10_exact_common_support_event_panel.csv
2026-04-07,6h_prior,Will the highest temperature in Hong Kong be 21°C on April 7?,event_label,outputs/v2/diagnostics/phase10_gp_market_comparison/phase10_exact_common_support_event_panel.csv
2026-04-07,6h_prior,Will the highest temperature in Hong Kong be 22°C on April 7?,event_label,outputs/v2/diagnostics/phase10_gp_market_comparison/phase10_exact_common_support_event_panel.csv
2026-04-07,6h_prior,Will the highest temperature in Hong Kong be 23°C on April 7?,event_label,outputs/v2/diagnostics/phase10_gp_market_comparison/phase10_exact_common_support_event_panel.csv
2026-04-07,6h_prior,Will the highest temperature in Hong Kong be 24°C on April 7?,event_label,outputs/v2/diagnostics/phase10_gp_market_comparison/phase10_exact_common_support_event_panel.csv
2026-04-07,6h_prior,Will the highest temperature in Hong Kong be 25°C on April 7?,event_label,outputs/v2/diagnostics/phase10_gp_market_comparison/phase10_exact_common_support_event_panel.csv
2026-04-07,6h_prior,Will the highest temperature in Hong Kong be 26°C on April 7?,event_label,outputs/v2/diagnostics/phase10_gp_market_comparison/phase10_exact_common_support_event_panel.csv
2026-04-07,6h_prior,Will the highest temperature in Hong Kong be 27°C on April 7?,event_label,outputs/v2/diagnostics/phase10_gp_market_comparison/phase10_exact_common_support_event_panel.csv
2026-04-07,6h_prior,Will the highest temperature in Hong Kong be 28°C on April 7?,event_label,outputs/v2/diagnostics/phase10_gp_market_comparison/phase10_exact_common_support_event_panel.csv
2026-04-07,6h_prior,Will the highest temperature in Hong Kong be 29°C on April 7?,event_label,outputs/v2/diagnostics/phase10_gp_market_comparison/phase10_exact_common_support_event_panel.csv
2026-04-07,6h_prior,Will the highest temperature in Hong Kong be 30°C or higher on April 7?,event_label,outputs/v2/diagnostics/phase10_gp_market_comparison/phase10_exact_common_support_event_panel.csv
2026-04-07,event_day_open,Will the highest temperature in Hong Kong be 20°C or below on April 7?,event_label,outputs/v2/diagnostics/phase10_gp_market_comparison/phase10_exact_common_support_event_panel.csv
2026-04-07,event_day_open,Will the highest temperature in Hong Kong be 21°C on April 7?,event_label,outputs/v2/diagnostics/phase10_gp_market_comparison/phase10_exact_common_support_event_panel.csv
2026-04-07,event_day_open,Will the highest temperature in Hong Kong be 22°C on April 7?,event_label,outputs/v2/diagnostics/phase10_gp_market_comparison/phase10_exact_common_support_event_panel.csv
2026-04-07,event_day_open,Will the highest temperature in Hong Kong be 23°C on April 7?,event_label,outputs/v2/diagnostics/phase10_gp_market_comparison/phase10_exact_common_support_event_panel.csv
2026-04-07,event_day_open,Will the highest temperature in Hong Kong be 24°C on April 7?,event_label,outputs/v2/diagnostics/phase10_gp_market_comparison/phase10_exact_common_support_event_panel.csv
2026-04-07,event_day_open,Will the highest temperature in Hong Kong be 25°C on April 7?,event_label,outputs/v2/diagnostics/phase10_gp_market_comparison/phase10_exact_common_support_event_panel.csv
2026-04-07,event_day_open,Will the highest temperature in Hong Kong be 26°C on April 7?,event_label,outputs/v2/diagnostics/phase10_gp_market_comparison/phase10_exact_common_support_event_panel.csv
2026-04-07,event_day_open,Will the highest temperature in Hong Kong be 27°C on April 7?,event_label,outputs/v2/diagnostics/phase10_gp_market_comparison/phase10_exact_common_support_event_panel.csv
2026-04-07,event_day_open,Will the highest temperature in Hong Kong be 28°C on April 7?,event_label,outputs/v2/diagnostics/phase10_gp_market_comparison/phase10_exact_common_support_event_panel.csv
2026-04-07,event_day_open,Will the highest temperature in Hong Kong be 29°C on April 7?,event_label,outputs/v2/diagnostics/phase10_gp_market_comparison/phase10_exact_common_support_event_panel.csv
2026-04-07,event_day_open,Will the highest temperature in Hong Kong be 30°C or higher on April 7?,event_label,outputs/v2/diagnostics/phase10_gp_market_comparison/phase10_exact_common_support_event_panel.csv
2026-04-08,12h_prior,Will the highest temperature in Hong Kong be 19°C or below on April 8?,event_label,outputs/v2/diagnostics/phase10_gp_market_comparison/phase10_exact_common_support_event_panel.csv
2026-04-08,12h_prior,Will the highest temperature in Hong Kong be 20°C on April 8?,event_label,outputs/v2/diagnostics/phase10_gp_market_comparison/phase10_exact_common_support_event_panel.csv
2026-04-08,12h_prior,Will the highest temperature in Hong Kong be 21°C on April 8?,event_label,outputs/v2/diagnostics/phase10_gp_market_comparison/phase10_exact_common_support_event_panel.csv
2026-04-08,12h_prior,Will the highest temperature in Hong Kong be 22°C on April 8?,event_label,outputs/v2/diagnostics/phase10_gp_market_comparison/phase10_exact_common_support_event_panel.csv
2026-04-08,12h_prior,Will the highest temperature in Hong Kong be 23°C on April 8?,event_label,outputs/v2/diagnostics/phase10_gp_market_comparison/phase10_exact_common_support_event_panel.csv
2026-04-08,12h_prior,Will the highest temperature in Hong Kong be 24°C on April 8?,event_label,outputs/v2/diagnostics/phase10_gp_market_comparison/phase10_exact_common_support_event_panel.csv
2026-04-08,12h_prior,Will the highest temperature in Hong Kong be 25°C on April 8?,event_label,outputs/v2/diagnostics/phase10_gp_market_comparison/phase10_exact_common_support_event_panel.csv
2026-04-08,12h_prior,Will the highest temperature in Hong Kong be 26°C on April 8?,event_label,outputs/v2/diagnostics/phase10_gp_market_comparison/phase10_exact_common_support_event_panel.csv
2026-04-08,12h_prior,Will the highest temperature in Hong Kong be 27°C on April 8?,event_label,outputs/v2/diagnostics/phase10_gp_market_comparison/phase10_exact_common_support_event_panel.csv
2026-04-08,12h_prior,Will the highest temperature in Hong Kong be 28°C on April 8?,event_label,outputs/v2/diagnostics/phase10_gp_market_comparison/phase10_exact_common_support_event_panel.csv
2026-04-08,12h_prior,Will the highest temperature in Hong Kong be 29°C or higher on April 8?,event_label,outputs/v2/diagnostics/phase10_gp_market_comparison/phase10_exact_common_support_event_panel.csv
2026-04-08,24h_prior,Will the highest temperature in Hong Kong be 19°C or below on April 8?,event_label,outputs/v2/diagnostics/phase10_gp_market_comparison/phase10_exact_common_support_event_panel.csv
2026-04-08,24h_prior,Will the highest temperature in Hong Kong be 20°C on April 8?,event_label,outputs/v2/diagnostics/phase10_gp_market_comparison/phase10_exact_common_support_event_panel.csv
2026-04-08,24h_prior,Will the highest temperature in Hong Kong be 21°C on April 8?,event_label,outputs/v2/diagnostics/phase10_gp_market_comparison/phase10_exact_common_support_event_panel.csv
2026-04-08,24h_prior,Will the highest temperature in Hong Kong be 22°C on April 8?,event_label,outputs/v2/diagnostics/phase10_gp_market_comparison/phase10_exact_common_support_event_panel.csv
2026-04-08,24h_prior,Will the highest temperature in Hong Kong be 23°C on April 8?,event_label,outputs/v2/diagnostics/phase10_gp_market_comparison/phase10_exact_common_support_event_panel.csv
2026-04-08,24h_prior,Will the highest temperature in Hong Kong be 24°C on April 8?,event_label,outputs/v2/diagnostics/phase10_gp_market_comparison/phase10_exact_common_support_event_panel.csv
2026-04-08,24h_prior,Will the highest temperature in Hong Kong be 25°C on April 8?,event_label,outputs/v2/diagnostics/phase10_gp_market_comparison/phase10_exact_common_support_event_panel.csv
2026-04-08,24h_prior,Will the highest temperature in Hong Kong be 26°C on April 8?,event_label,outputs/v2/diagnostics/phase10_gp_market_comparison/phase10_exact_common_support_event_panel.csv
2026-04-08,24h_prior,Will the highest temperature in Hong Kong be 27°C on April 8?,event_label,outputs/v2/diagnostics/phase10_gp_market_comparison/phase10_exact_common_support_event_panel.csv
2026-04-08,24h_prior,Will the highest temperature in Hong Kong be 28°C on April 8?,event_label,outputs/v2/diagnostics/phase10_gp_market_comparison/phase10_exact_common_support_event_panel.csv
2026-04-08,24h_prior,Will the highest temperature in Hong Kong be 29°C or higher on April 8?,event_label,outputs/v2/diagnostics/phase10_gp_market_comparison/phase10_exact_common_support_event_panel.csv
2026-04-08,6h_prior,Will the highest temperature in Hong Kong be 19°C or below on April 8?,event_label,outputs/v2/diagnostics/phase10_gp_market_comparison/phase10_exact_common_support_event_panel.csv
2026-04-08,6h_prior,Will the highest temperature in Hong Kong be 20°C on April 8?,event_label,outputs/v2/diagnostics/phase10_gp_market_comparison/phase10_exact_common_support_event_panel.csv
2026-04-08,6h_prior,Will the highest temperature in Hong Kong be 21°C on April 8?,event_label,outputs/v2/diagnostics/phase10_gp_market_comparison/phase10_exact_common_support_event_panel.csv
2026-04-08,6h_prior,Will the highest temperature in Hong Kong be 22°C on April 8?,event_label,outputs/v2/diagnostics/phase10_gp_market_comparison/phase10_exact_common_support_event_panel.csv
2026-04-08,6h_prior,Will the highest temperature in Hong Kong be 23°C on April 8?,event_label,outputs/v2/diagnostics/phase10_gp_market_comparison/phase10_exact_common_support_event_panel.csv
2026-04-08,6h_prior,Will the highest temperature in Hong Kong be 24°C on April 8?,event_label,outputs/v2/diagnostics/phase10_gp_market_comparison/phase10_exact_common_support_event_panel.csv
2026-04-08,6h_prior,Will the highest temperature in Hong Kong be 25°C on April 8?,event_label,outputs/v2/diagnostics/phase10_gp_market_comparison/phase10_exact_common_support_event_panel.csv
2026-04-08,6h_prior,Will the highest temperature in Hong Kong be 26°C on April 8?,event_label,outputs/v2/diagnostics/phase10_gp_market_comparison/phase10_exact_common_support_event_panel.csv
2026-04-08,6h_prior,Will the highest temperature in Hong Kong be 27°C on April 8?,event_label,outputs/v2/diagnostics/phase10_gp_market_comparison/phase10_exact_common_support_event_panel.csv
2026-04-08,6h_prior,Will the highest temperature in Hong Kong be 28°C on April 8?,event_label,outputs/v2/diagnostics/phase10_gp_market_comparison/phase10_exact_common_support_event_panel.csv
2026-04-08,6h_prior,Will the highest temperature in Hong Kong be 29°C or higher on April 8?,event_label,outputs/v2/diagnostics/phase10_gp_market_comparison/phase10_exact_common_support_event_panel.csv
2026-04-08,event_day_open,Will the highest temperature in Hong Kong be 19°C or below on April 8?,event_label,outputs/v2/diagnostics/phase10_gp_market_comparison/phase10_exact_common_support_event_panel.csv
2026-04-08,event_day_open,Will the highest temperature in Hong Kong be 20°C on April 8?,event_label,outputs/v2/diagnostics/phase10_gp_market_comparison/phase10_exact_common_support_event_panel.csv
2026-04-08,event_day_open,Will the highest temperature in Hong Kong be 21°C on April 8?,event_label,outputs/v2/diagnostics/phase10_gp_market_comparison/phase10_exact_common_support_event_panel.csv
2026-04-08,event_day_open,Will the highest temperature in Hong Kong be 22°C on April 8?,event_label,outputs/v2/diagnostics/phase10_gp_market_comparison/phase10_exact_common_support_event_panel.csv
2026-04-08,event_day_open,Will the highest temperature in Hong Kong be 23°C on April 8?,event_label,outputs/v2/diagnostics/phase10_gp_market_comparison/phase10_exact_common_support_event_panel.csv
2026-04-08,event_day_open,Will the highest temperature in Hong Kong be 24°C on April 8?,event_label,outputs/v2/diagnostics/phase10_gp_market_comparison/phase10_exact_common_support_event_panel.csv
2026-04-08,event_day_open,Will the highest temperature in Hong Kong be 25°C on April 8?,event_label,outputs/v2/diagnostics/phase10_gp_market_comparison/phase10_exact_common_support_event_panel.csv
2026-04-08,event_day_open,Will the highest temperature in Hong Kong be 26°C on April 8?,event_label,outputs/v2/diagnostics/phase10_gp_market_comparison/phase10_exact_common_support_event_panel.csv
2026-04-08,event_day_open,Will the highest temperature in Hong Kong be 27°C on April 8?,event_label,outputs/v2/diagnostics/phase10_gp_market_comparison/phase10_exact_common_support_event_panel.csv
2026-04-08,event_day_open,Will the highest temperature in Hong Kong be 28°C on April 8?,event_label,outputs/v2/diagnostics/phase10_gp_market_comparison/phase10_exact_common_support_event_panel.csv
2026-04-08,event_day_open,Will the highest temperature in Hong Kong be 29°C or higher on April 8?,event_label,outputs/v2/diagnostics/phase10_gp_market_comparison/phase10_exact_common_support_event_panel.csv
2026-04-09,12h_prior,Will the highest temperature in Hong Kong be 19°C or below on April 9?,event_label,outputs/v2/diagnostics/phase10_gp_market_comparison/phase10_exact_common_support_event_panel.csv
2026-04-09,12h_prior,Will the highest temperature in Hong Kong be 20°C on April 9?,event_label,outputs/v2/diagnostics/phase10_gp_market_comparison/phase10_exact_common_support_event_panel.csv
2026-04-09,12h_prior,Will the highest temperature in Hong Kong be 21°C on April 9?,event_label,outputs/v2/diagnostics/phase10_gp_market_comparison/phase10_exact_common_support_event_panel.csv
2026-04-09,12h_prior,Will the highest temperature in Hong Kong be 22°C on April 9?,event_label,outputs/v2/diagnostics/phase10_gp_market_comparison/phase10_exact_common_support_event_panel.csv
2026-04-09,12h_prior,Will the highest temperature in Hong Kong be 23°C on April 9?,event_label,outputs/v2/diagnostics/phase10_gp_market_comparison/phase10_exact_common_support_event_panel.csv
2026-04-09,12h_prior,Will the highest temperature in Hong Kong be 24°C on April 9?,event_label,outputs/v2/diagnostics/phase10_gp_market_comparison/phase10_exact_common_support_event_panel.csv
2026-04-09,12h_prior,Will the highest temperature in Hong Kong be 25°C on April 9?,event_label,outputs/v2/diagnostics/phase10_gp_market_comparison/phase10_exact_common_support_event_panel.csv
2026-04-09,12h_prior,Will the highest temperature in Hong Kong be 26°C on April 9?,event_label,outputs/v2/diagnostics/phase10_gp_market_comparison/phase10_exact_common_support_event_panel.csv
2026-04-09,12h_prior,Will the highest temperature in Hong Kong be 27°C on April 9?,event_label,outputs/v2/diagnostics/phase10_gp_market_comparison/phase10_exact_common_support_event_panel.csv
2026-04-09,12h_prior,Will the highest temperature in Hong Kong be 28°C on April 9?,event_label,outputs/v2/diagnostics/phase10_gp_market_comparison/phase10_exact_common_support_event_panel.csv
2026-04-09,12h_prior,Will the highest temperature in Hong Kong be 29°C or higher on April 9?,event_label,outputs/v2/diagnostics/phase10_gp_market_comparison/phase10_exact_common_support_event_panel.csv
2026-04-09,24h_prior,Will the highest temperature in Hong Kong be 19°C or below on April 9?,event_label,outputs/v2/diagnostics/phase10_gp_market_comparison/phase10_exact_common_support_event_panel.csv
2026-04-09,24h_prior,Will the highest temperature in Hong Kong be 20°C on April 9?,event_label,outputs/v2/diagnostics/phase10_gp_market_comparison/phase10_exact_common_support_event_panel.csv
2026-04-09,24h_prior,Will the highest temperature in Hong Kong be 21°C on April 9?,event_label,outputs/v2/diagnostics/phase10_gp_market_comparison/phase10_exact_common_support_event_panel.csv
2026-04-09,24h_prior,Will the highest temperature in Hong Kong be 22°C on April 9?,event_label,outputs/v2/diagnostics/phase10_gp_market_comparison/phase10_exact_common_support_event_panel.csv
2026-04-09,24h_prior,Will the highest temperature in Hong Kong be 23°C on April 9?,event_label,outputs/v2/diagnostics/phase10_gp_market_comparison/phase10_exact_common_support_event_panel.csv
2026-04-09,24h_prior,Will the highest temperature in Hong Kong be 24°C on April 9?,event_label,outputs/v2/diagnostics/phase10_gp_market_comparison/phase10_exact_common_support_event_panel.csv
2026-04-09,24h_prior,Will the highest temperature in Hong Kong be 25°C on April 9?,event_label,outputs/v2/diagnostics/phase10_gp_market_comparison/phase10_exact_common_support_event_panel.csv
2026-04-09,24h_prior,Will the highest temperature in Hong Kong be 26°C on April 9?,event_label,outputs/v2/diagnostics/phase10_gp_market_comparison/phase10_exact_common_support_event_panel.csv
2026-04-09,24h_prior,Will the highest temperature in Hong Kong be 27°C on April 9?,event_label,outputs/v2/diagnostics/phase10_gp_market_comparison/phase10_exact_common_support_event_panel.csv
2026-04-09,24h_prior,Will the highest temperature in Hong Kong be 28°C on April 9?,event_label,outputs/v2/diagnostics/phase10_gp_market_comparison/phase10_exact_common_support_event_panel.csv
2026-04-09,24h_prior,Will the highest temperature in Hong Kong be 29°C or higher on April 9?,event_label,outputs/v2/diagnostics/phase10_gp_market_comparison/phase10_exact_common_support_event_panel.csv
2026-04-09,6h_prior,Will the highest temperature in Hong Kong be 19°C or below on April 9?,event_label,outputs/v2/diagnostics/phase10_gp_market_comparison/phase10_exact_common_support_event_panel.csv
2026-04-09,6h_prior,Will the highest temperature in Hong Kong be 20°C on April 9?,event_label,outputs/v2/diagnostics/phase10_gp_market_comparison/phase10_exact_common_support_event_panel.csv
2026-04-09,6h_prior,Will the highest temperature in Hong Kong be 21°C on April 9?,event_label,outputs/v2/diagnostics/phase10_gp_market_comparison/phase10_exact_common_support_event_panel.csv
2026-04-09,6h_prior,Will the highest temperature in Hong Kong be 22°C on April 9?,event_label,outputs/v2/diagnostics/phase10_gp_market_comparison/phase10_exact_common_support_event_panel.csv
2026-04-09,6h_prior,Will the highest temperature in Hong Kong be 23°C on April 9?,event_label,outputs/v2/diagnostics/phase10_gp_market_comparison/phase10_exact_common_support_event_panel.csv
2026-04-09,6h_prior,Will the highest temperature in Hong Kong be 24°C on April 9?,event_label,outputs/v2/diagnostics/phase10_gp_market_comparison/phase10_exact_common_support_event_panel.csv
2026-04-09,6h_prior,Will the highest temperature in Hong Kong be 25°C on April 9?,event_label,outputs/v2/diagnostics/phase10_gp_market_comparison/phase10_exact_common_support_event_panel.csv
2026-04-09,6h_prior,Will the highest temperature in Hong Kong be 26°C on April 9?,event_label,outputs/v2/diagnostics/phase10_gp_market_comparison/phase10_exact_common_support_event_panel.csv
2026-04-09,6h_prior,Will the highest temperature in Hong Kong be 27°C on April 9?,event_label,outputs/v2/diagnostics/phase10_gp_market_comparison/phase10_exact_common_support_event_panel.csv
2026-04-09,6h_prior,Will the highest temperature in Hong Kong be 28°C on April 9?,event_label,outputs/v2/diagnostics/phase10_gp_market_comparison/phase10_exact_common_support_event_panel.csv
2026-04-09,6h_prior,Will the highest temperature in Hong Kong be 29°C or higher on April 9?,event_label,outputs/v2/diagnostics/phase10_gp_market_comparison/phase10_exact_common_support_event_panel.csv
2026-04-09,event_day_open,Will the highest temperature in Hong Kong be 19°C or below on April 9?,event_label,outputs/v2/diagnostics/phase10_gp_market_comparison/phase10_exact_common_support_event_panel.csv
2026-04-09,event_day_open,Will the highest temperature in Hong Kong be 20°C on April 9?,event_label,outputs/v2/diagnostics/phase10_gp_market_comparison/phase10_exact_common_support_event_panel.csv
2026-04-09,event_day_open,Will the highest temperature in Hong Kong be 21°C on April 9?,event_label,outputs/v2/diagnostics/phase10_gp_market_comparison/phase10_exact_common_support_event_panel.csv
2026-04-09,event_day_open,Will the highest temperature in Hong Kong be 22°C on April 9?,event_label,outputs/v2/diagnostics/phase10_gp_market_comparison/phase10_exact_common_support_event_panel.csv
2026-04-09,event_day_open,Will the highest temperature in Hong Kong be 23°C on April 9?,event_label,outputs/v2/diagnostics/phase10_gp_market_comparison/phase10_exact_common_support_event_panel.csv
2026-04-09,event_day_open,Will the highest temperature in Hong Kong be 24°C on April 9?,event_label,outputs/v2/diagnostics/phase10_gp_market_comparison/phase10_exact_common_support_event_panel.csv
2026-04-09,event_day_open,Will the highest temperature in Hong Kong be 25°C on April 9?,event_label,outputs/v2/diagnostics/phase10_gp_market_comparison/phase10_exact_common_support_event_panel.csv
2026-04-09,event_day_open,Will the highest temperature in Hong Kong be 26°C on April 9?,event_label,outputs/v2/diagnostics/phase10_gp_market_comparison/phase10_exact_common_support_event_panel.csv
2026-04-09,event_day_open,Will the highest temperature in Hong Kong be 27°C on April 9?,event_label,outputs/v2/diagnostics/phase10_gp_market_comparison/phase10_exact_common_support_event_panel.csv
2026-04-09,event_day_open,Will the highest temperature in Hong Kong be 28°C on April 9?,event_label,outputs/v2/diagnostics/phase10_gp_market_comparison/phase10_exact_common_support_event_panel.csv
2026-04-09,event_day_open,Will the highest temperature in Hong Kong be 29°C or higher on April 9?,event_label,outputs/v2/diagnostics/phase10_gp_market_comparison/phase10_exact_common_support_event_panel.csv
2026-04-10,12h_prior,Will the highest temperature in Hong Kong be 20°C or below on April 10?,event_label,outputs/v2/diagnostics/phase10_gp_market_comparison/phase10_exact_common_support_event_panel.csv
2026-04-10,12h_prior,Will the highest temperature in Hong Kong be 21°C on April 10?,event_label,outputs/v2/diagnostics/phase10_gp_market_comparison/phase10_exact_common_support_event_panel.csv
2026-04-10,12h_prior,Will the highest temperature in Hong Kong be 22°C on April 10?,event_label,outputs/v2/diagnostics/phase10_gp_market_comparison/phase10_exact_common_support_event_panel.csv
2026-04-10,12h_prior,Will the highest temperature in Hong Kong be 23°C on April 10?,event_label,outputs/v2/diagnostics/phase10_gp_market_comparison/phase10_exact_common_support_event_panel.csv
2026-04-10,12h_prior,Will the highest temperature in Hong Kong be 24°C on April 10?,event_label,outputs/v2/diagnostics/phase10_gp_market_comparison/phase10_exact_common_support_event_panel.csv
2026-04-10,12h_prior,Will the highest temperature in Hong Kong be 25°C on April 10?,event_label,outputs/v2/diagnostics/phase10_gp_market_comparison/phase10_exact_common_support_event_panel.csv
2026-04-10,12h_prior,Will the highest temperature in Hong Kong be 26°C on April 10?,event_label,outputs/v2/diagnostics/phase10_gp_market_comparison/phase10_exact_common_support_event_panel.csv
2026-04-10,12h_prior,Will the highest temperature in Hong Kong be 27°C on April 10?,event_label,outputs/v2/diagnostics/phase10_gp_market_comparison/phase10_exact_common_support_event_panel.csv
2026-04-10,12h_prior,Will the highest temperature in Hong Kong be 28°C on April 10?,event_label,outputs/v2/diagnostics/phase10_gp_market_comparison/phase10_exact_common_support_event_panel.csv
2026-04-10,12h_prior,Will the highest temperature in Hong Kong be 29°C on April 10?,event_label,outputs/v2/diagnostics/phase10_gp_market_comparison/phase10_exact_common_support_event_panel.csv
2026-04-10,12h_prior,Will the highest temperature in Hong Kong be 30°C or higher on April 10?,event_label,outputs/v2/diagnostics/phase10_gp_market_comparison/phase10_exact_common_support_event_panel.csv
2026-04-10,24h_prior,Will the highest temperature in Hong Kong be 20°C or below on April 10?,event_label,outputs/v2/diagnostics/phase10_gp_market_comparison/phase10_exact_common_support_event_panel.csv
2026-04-10,24h_prior,Will the highest temperature in Hong Kong be 21°C on April 10?,event_label,outputs/v2/diagnostics/phase10_gp_market_comparison/phase10_exact_common_support_event_panel.csv
2026-04-10,24h_prior,Will the highest temperature in Hong Kong be 22°C on April 10?,event_label,outputs/v2/diagnostics/phase10_gp_market_comparison/phase10_exact_common_support_event_panel.csv
2026-04-10,24h_prior,Will the highest temperature in Hong Kong be 23°C on April 10?,event_label,outputs/v2/diagnostics/phase10_gp_market_comparison/phase10_exact_common_support_event_panel.csv
2026-04-10,24h_prior,Will the highest temperature in Hong Kong be 24°C on April 10?,event_label,outputs/v2/diagnostics/phase10_gp_market_comparison/phase10_exact_common_support_event_panel.csv
2026-04-10,24h_prior,Will the highest temperature in Hong Kong be 25°C on April 10?,event_label,outputs/v2/diagnostics/phase10_gp_market_comparison/phase10_exact_common_support_event_panel.csv
2026-04-10,24h_prior,Will the highest temperature in Hong Kong be 26°C on April 10?,event_label,outputs/v2/diagnostics/phase10_gp_market_comparison/phase10_exact_common_support_event_panel.csv
2026-04-10,24h_prior,Will the highest temperature in Hong Kong be 27°C on April 10?,event_label,outputs/v2/diagnostics/phase10_gp_market_comparison/phase10_exact_common_support_event_panel.csv
2026-04-10,24h_prior,Will the highest temperature in Hong Kong be 28°C on April 10?,event_label,outputs/v2/diagnostics/phase10_gp_market_comparison/phase10_exact_common_support_event_panel.csv
2026-04-10,24h_prior,Will the highest temperature in Hong Kong be 29°C on April 10?,event_label,outputs/v2/diagnostics/phase10_gp_market_comparison/phase10_exact_common_support_event_panel.csv
2026-04-10,24h_prior,Will the highest temperature in Hong Kong be 30°C or higher on April 10?,event_label,outputs/v2/diagnostics/phase10_gp_market_comparison/phase10_exact_common_support_event_panel.csv
2026-04-10,6h_prior,Will the highest temperature in Hong Kong be 20°C or below on April 10?,event_label,outputs/v2/diagnostics/phase10_gp_market_comparison/phase10_exact_common_support_event_panel.csv
2026-04-10,6h_prior,Will the highest temperature in Hong Kong be 21°C on April 10?,event_label,outputs/v2/diagnostics/phase10_gp_market_comparison/phase10_exact_common_support_event_panel.csv
2026-04-10,6h_prior,Will the highest temperature in Hong Kong be 22°C on April 10?,event_label,outputs/v2/diagnostics/phase10_gp_market_comparison/phase10_exact_common_support_event_panel.csv
2026-04-10,6h_prior,Will the highest temperature in Hong Kong be 23°C on April 10?,event_label,outputs/v2/diagnostics/phase10_gp_market_comparison/phase10_exact_common_support_event_panel.csv
2026-04-10,6h_prior,Will the highest temperature in Hong Kong be 24°C on April 10?,event_label,outputs/v2/diagnostics/phase10_gp_market_comparison/phase10_exact_common_support_event_panel.csv
2026-04-10,6h_prior,Will the highest temperature in Hong Kong be 25°C on April 10?,event_label,outputs/v2/diagnostics/phase10_gp_market_comparison/phase10_exact_common_support_event_panel.csv
2026-04-10,6h_prior,Will the highest temperature in Hong Kong be 26°C on April 10?,event_label,outputs/v2/diagnostics/phase10_gp_market_comparison/phase10_exact_common_support_event_panel.csv
2026-04-10,6h_prior,Will the highest temperature in Hong Kong be 27°C on April 10?,event_label,outputs/v2/diagnostics/phase10_gp_market_comparison/phase10_exact_common_support_event_panel.csv
2026-04-10,6h_prior,Will the highest temperature in Hong Kong be 28°C on April 10?,event_label,outputs/v2/diagnostics/phase10_gp_market_comparison/phase10_exact_common_support_event_panel.csv
2026-04-10,6h_prior,Will the highest temperature in Hong Kong be 29°C on April 10?,event_label,outputs/v2/diagnostics/phase10_gp_market_comparison/phase10_exact_common_support_event_panel.csv
2026-04-10,6h_prior,Will the highest temperature in Hong Kong be 30°C or higher on April 10?,event_label,outputs/v2/diagnostics/phase10_gp_market_comparison/phase10_exact_common_support_event_panel.csv
2026-04-10,event_day_open,Will the highest temperature in Hong Kong be 20°C or below on April 10?,event_label,outputs/v2/diagnostics/phase10_gp_market_comparison/phase10_exact_common_support_event_panel.csv
2026-04-10,event_day_open,Will the highest temperature in Hong Kong be 21°C on April 10?,event_label,outputs/v2/diagnostics/phase10_gp_market_comparison/phase10_exact_common_support_event_panel.csv
2026-04-10,event_day_open,Will the highest temperature in Hong Kong be 22°C on April 10?,event_label,outputs/v2/diagnostics/phase10_gp_market_comparison/phase10_exact_common_support_event_panel.csv
2026-04-10,event_day_open,Will the highest temperature in Hong Kong be 23°C on April 10?,event_label,outputs/v2/diagnostics/phase10_gp_market_comparison/phase10_exact_common_support_event_panel.csv
2026-04-10,event_day_open,Will the highest temperature in Hong Kong be 24°C on April 10?,event_label,outputs/v2/diagnostics/phase10_gp_market_comparison/phase10_exact_common_support_event_panel.csv
2026-04-10,event_day_open,Will the highest temperature in Hong Kong be 25°C on April 10?,event_label,outputs/v2/diagnostics/phase10_gp_market_comparison/phase10_exact_common_support_event_panel.csv
2026-04-10,event_day_open,Will the highest temperature in Hong Kong be 26°C on April 10?,event_label,outputs/v2/diagnostics/phase10_gp_market_comparison/phase10_exact_common_support_event_panel.csv
2026-04-10,event_day_open,Will the highest temperature in Hong Kong be 27°C on April 10?,event_label,outputs/v2/diagnostics/phase10_gp_market_comparison/phase10_exact_common_support_event_panel.csv
2026-04-10,event_day_open,Will the highest temperature in Hong Kong be 28°C on April 10?,event_label,outputs/v2/diagnostics/phase10_gp_market_comparison/phase10_exact_common_support_event_panel.csv
2026-04-10,event_day_open,Will the highest temperature in Hong Kong be 29°C on April 10?,event_label,outputs/v2/diagnostics/phase10_gp_market_comparison/phase10_exact_common_support_event_panel.csv
2026-04-10,event_day_open,Will the highest temperature in Hong Kong be 30°C or higher on April 10?,event_label,outputs/v2/diagnostics/phase10_gp_market_comparison/phase10_exact_common_support_event_panel.csv
2026-04-11,12h_prior,Will the highest temperature in Hong Kong be 20°C or below on April 11?,event_label,outputs/v2/diagnostics/phase10_gp_market_comparison/phase10_exact_common_support_event_panel.csv
2026-04-11,12h_prior,Will the highest temperature in Hong Kong be 21°C on April 11?,event_label,outputs/v2/diagnostics/phase10_gp_market_comparison/phase10_exact_common_support_event_panel.csv
2026-04-11,12h_prior,Will the highest temperature in Hong Kong be 22°C on April 11?,event_label,outputs/v2/diagnostics/phase10_gp_market_comparison/phase10_exact_common_support_event_panel.csv
2026-04-11,12h_prior,Will the highest temperature in Hong Kong be 23°C on April 11?,event_label,outputs/v2/diagnostics/phase10_gp_market_comparison/phase10_exact_common_support_event_panel.csv
2026-04-11,12h_prior,Will the highest temperature in Hong Kong be 24°C on April 11?,event_label,outputs/v2/diagnostics/phase10_gp_market_comparison/phase10_exact_common_support_event_panel.csv
2026-04-11,12h_prior,Will the highest temperature in Hong Kong be 25°C on April 11?,event_label,outputs/v2/diagnostics/phase10_gp_market_comparison/phase10_exact_common_support_event_panel.csv
2026-04-11,12h_prior,Will the highest temperature in Hong Kong be 26°C on April 11?,event_label,outputs/v2/diagnostics/phase10_gp_market_comparison/phase10_exact_common_support_event_panel.csv
2026-04-11,12h_prior,Will the highest temperature in Hong Kong be 27°C on April 11?,event_label,outputs/v2/diagnostics/phase10_gp_market_comparison/phase10_exact_common_support_event_panel.csv
2026-04-11,12h_prior,Will the highest temperature in Hong Kong be 28°C on April 11?,event_label,outputs/v2/diagnostics/phase10_gp_market_comparison/phase10_exact_common_support_event_panel.csv
2026-04-11,12h_prior,Will the highest temperature in Hong Kong be 29°C on April 11?,event_label,outputs/v2/diagnostics/phase10_gp_market_comparison/phase10_exact_common_support_event_panel.csv
2026-04-11,12h_prior,Will the highest temperature in Hong Kong be 30°C or higher on April 11?,event_label,outputs/v2/diagnostics/phase10_gp_market_comparison/phase10_exact_common_support_event_panel.csv
2026-04-11,24h_prior,Will the highest temperature in Hong Kong be 20°C or below on April 11?,event_label,outputs/v2/diagnostics/phase10_gp_market_comparison/phase10_exact_common_support_event_panel.csv
2026-04-11,24h_prior,Will the highest temperature in Hong Kong be 21°C on April 11?,event_label,outputs/v2/diagnostics/phase10_gp_market_comparison/phase10_exact_common_support_event_panel.csv
2026-04-11,24h_prior,Will the highest temperature in Hong Kong be 22°C on April 11?,event_label,outputs/v2/diagnostics/phase10_gp_market_comparison/phase10_exact_common_support_event_panel.csv
2026-04-11,24h_prior,Will the highest temperature in Hong Kong be 23°C on April 11?,event_label,outputs/v2/diagnostics/phase10_gp_market_comparison/phase10_exact_common_support_event_panel.csv
2026-04-11,24h_prior,Will the highest temperature in Hong Kong be 24°C on April 11?,event_label,outputs/v2/diagnostics/phase10_gp_market_comparison/phase10_exact_common_support_event_panel.csv
2026-04-11,24h_prior,Will the highest temperature in Hong Kong be 25°C on April 11?,event_label,outputs/v2/diagnostics/phase10_gp_market_comparison/phase10_exact_common_support_event_panel.csv
2026-04-11,24h_prior,Will the highest temperature in Hong Kong be 26°C on April 11?,event_label,outputs/v2/diagnostics/phase10_gp_market_comparison/phase10_exact_common_support_event_panel.csv
2026-04-11,24h_prior,Will the highest temperature in Hong Kong be 27°C on April 11?,event_label,outputs/v2/diagnostics/phase10_gp_market_comparison/phase10_exact_common_support_event_panel.csv
2026-04-11,24h_prior,Will the highest temperature in Hong Kong be 28°C on April 11?,event_label,outputs/v2/diagnostics/phase10_gp_market_comparison/phase10_exact_common_support_event_panel.csv
2026-04-11,24h_prior,Will the highest temperature in Hong Kong be 29°C on April 11?,event_label,outputs/v2/diagnostics/phase10_gp_market_comparison/phase10_exact_common_support_event_panel.csv
2026-04-11,24h_prior,Will the highest temperature in Hong Kong be 30°C or higher on April 11?,event_label,outputs/v2/diagnostics/phase10_gp_market_comparison/phase10_exact_common_support_event_panel.csv
2026-04-11,6h_prior,Will the highest temperature in Hong Kong be 20°C or below on April 11?,event_label,outputs/v2/diagnostics/phase10_gp_market_comparison/phase10_exact_common_support_event_panel.csv
2026-04-11,6h_prior,Will the highest temperature in Hong Kong be 21°C on April 11?,event_label,outputs/v2/diagnostics/phase10_gp_market_comparison/phase10_exact_common_support_event_panel.csv
2026-04-11,6h_prior,Will the highest temperature in Hong Kong be 22°C on April 11?,event_label,outputs/v2/diagnostics/phase10_gp_market_comparison/phase10_exact_common_support_event_panel.csv
2026-04-11,6h_prior,Will the highest temperature in Hong Kong be 23°C on April 11?,event_label,outputs/v2/diagnostics/phase10_gp_market_comparison/phase10_exact_common_support_event_panel.csv
2026-04-11,6h_prior,Will the highest temperature in Hong Kong be 24°C on April 11?,event_label,outputs/v2/diagnostics/phase10_gp_market_comparison/phase10_exact_common_support_event_panel.csv
2026-04-11,6h_prior,Will the highest temperature in Hong Kong be 25°C on April 11?,event_label,outputs/v2/diagnostics/phase10_gp_market_comparison/phase10_exact_common_support_event_panel.csv
2026-04-11,6h_prior,Will the highest temperature in Hong Kong be 26°C on April 11?,event_label,outputs/v2/diagnostics/phase10_gp_market_comparison/phase10_exact_common_support_event_panel.csv
2026-04-11,6h_prior,Will the highest temperature in Hong Kong be 27°C on April 11?,event_label,outputs/v2/diagnostics/phase10_gp_market_comparison/phase10_exact_common_support_event_panel.csv
2026-04-11,6h_prior,Will the highest temperature in Hong Kong be 28°C on April 11?,event_label,outputs/v2/diagnostics/phase10_gp_market_comparison/phase10_exact_common_support_event_panel.csv
2026-04-11,6h_prior,Will the highest temperature in Hong Kong be 29°C on April 11?,event_label,outputs/v2/diagnostics/phase10_gp_market_comparison/phase10_exact_common_support_event_panel.csv
2026-04-11,6h_prior,Will the highest temperature in Hong Kong be 30°C or higher on April 11?,event_label,outputs/v2/diagnostics/phase10_gp_market_comparison/phase10_exact_common_support_event_panel.csv
2026-04-11,event_day_open,Will the highest temperature in Hong Kong be 20°C or below on April 11?,event_label,outputs/v2/diagnostics/phase10_gp_market_comparison/phase10_exact_common_support_event_panel.csv
2026-04-11,event_day_open,Will the highest temperature in Hong Kong be 21°C on April 11?,event_label,outputs/v2/diagnostics/phase10_gp_market_comparison/phase10_exact_common_support_event_panel.csv
2026-04-11,event_day_open,Will the highest temperature in Hong Kong be 22°C on April 11?,event_label,outputs/v2/diagnostics/phase10_gp_market_comparison/phase10_exact_common_support_event_panel.csv
2026-04-11,event_day_open,Will the highest temperature in Hong Kong be 23°C on April 11?,event_label,outputs/v2/diagnostics/phase10_gp_market_comparison/phase10_exact_common_support_event_panel.csv
2026-04-11,event_day_open,Will the highest temperature in Hong Kong be 24°C on April 11?,event_label,outputs/v2/diagnostics/phase10_gp_market_comparison/phase10_exact_common_support_event_panel.csv
2026-04-11,event_day_open,Will the highest temperature in Hong Kong be 25°C on April 11?,event_label,outputs/v2/diagnostics/phase10_gp_market_comparison/phase10_exact_common_support_event_panel.csv
2026-04-11,event_day_open,Will the highest temperature in Hong Kong be 26°C on April 11?,event_label,outputs/v2/diagnostics/phase10_gp_market_comparison/phase10_exact_common_support_event_panel.csv
2026-04-11,event_day_open,Will the highest temperature in Hong Kong be 27°C on April 11?,event_label,outputs/v2/diagnostics/phase10_gp_market_comparison/phase10_exact_common_support_event_panel.csv
2026-04-11,event_day_open,Will the highest temperature in Hong Kong be 28°C on April 11?,event_label,outputs/v2/diagnostics/phase10_gp_market_comparison/phase10_exact_common_support_event_panel.csv
2026-04-11,event_day_open,Will the highest temperature in Hong Kong be 29°C on April 11?,event_label,outputs/v2/diagnostics/phase10_gp_market_comparison/phase10_exact_common_support_event_panel.csv
2026-04-11,event_day_open,Will the highest temperature in Hong Kong be 30°C or higher on April 11?,event_label,outputs/v2/diagnostics/phase10_gp_market_comparison/phase10_exact_common_support_event_panel.csv
2026-04-12,12h_prior,Will the highest temperature in Hong Kong be 20°C or below on April 12?,event_label,outputs/v2/diagnostics/phase10_gp_market_comparison/phase10_exact_common_support_event_panel.csv
2026-04-12,12h_prior,Will the highest temperature in Hong Kong be 21°C on April 12?,event_label,outputs/v2/diagnostics/phase10_gp_market_comparison/phase10_exact_common_support_event_panel.csv
2026-04-12,12h_prior,Will the highest temperature in Hong Kong be 22°C on April 12?,event_label,outputs/v2/diagnostics/phase10_gp_market_comparison/phase10_exact_common_support_event_panel.csv
2026-04-12,12h_prior,Will the highest temperature in Hong Kong be 23°C on April 12?,event_label,outputs/v2/diagnostics/phase10_gp_market_comparison/phase10_exact_common_support_event_panel.csv
2026-04-12,12h_prior,Will the highest temperature in Hong Kong be 24°C on April 12?,event_label,outputs/v2/diagnostics/phase10_gp_market_comparison/phase10_exact_common_support_event_panel.csv
2026-04-12,12h_prior,Will the highest temperature in Hong Kong be 25°C on April 12?,event_label,outputs/v2/diagnostics/phase10_gp_market_comparison/phase10_exact_common_support_event_panel.csv
2026-04-12,12h_prior,Will the highest temperature in Hong Kong be 26°C on April 12?,event_label,outputs/v2/diagnostics/phase10_gp_market_comparison/phase10_exact_common_support_event_panel.csv
2026-04-12,12h_prior,Will the highest temperature in Hong Kong be 27°C on April 12?,event_label,outputs/v2/diagnostics/phase10_gp_market_comparison/phase10_exact_common_support_event_panel.csv
2026-04-12,12h_prior,Will the highest temperature in Hong Kong be 28°C on April 12?,event_label,outputs/v2/diagnostics/phase10_gp_market_comparison/phase10_exact_common_support_event_panel.csv
2026-04-12,12h_prior,Will the highest temperature in Hong Kong be 29°C on April 12?,event_label,outputs/v2/diagnostics/phase10_gp_market_comparison/phase10_exact_common_support_event_panel.csv
2026-04-12,12h_prior,Will the highest temperature in Hong Kong be 30°C or higher on April 12?,event_label,outputs/v2/diagnostics/phase10_gp_market_comparison/phase10_exact_common_support_event_panel.csv
2026-04-12,24h_prior,Will the highest temperature in Hong Kong be 20°C or below on April 12?,event_label,outputs/v2/diagnostics/phase10_gp_market_comparison/phase10_exact_common_support_event_panel.csv
2026-04-12,24h_prior,Will the highest temperature in Hong Kong be 21°C on April 12?,event_label,outputs/v2/diagnostics/phase10_gp_market_comparison/phase10_exact_common_support_event_panel.csv
2026-04-12,24h_prior,Will the highest temperature in Hong Kong be 22°C on April 12?,event_label,outputs/v2/diagnostics/phase10_gp_market_comparison/phase10_exact_common_support_event_panel.csv
2026-04-12,24h_prior,Will the highest temperature in Hong Kong be 23°C on April 12?,event_label,outputs/v2/diagnostics/phase10_gp_market_comparison/phase10_exact_common_support_event_panel.csv
2026-04-12,24h_prior,Will the highest temperature in Hong Kong be 24°C on April 12?,event_label,outputs/v2/diagnostics/phase10_gp_market_comparison/phase10_exact_common_support_event_panel.csv
2026-04-12,24h_prior,Will the highest temperature in Hong Kong be 25°C on April 12?,event_label,outputs/v2/diagnostics/phase10_gp_market_comparison/phase10_exact_common_support_event_panel.csv
2026-04-12,24h_prior,Will the highest temperature in Hong Kong be 26°C on April 12?,event_label,outputs/v2/diagnostics/phase10_gp_market_comparison/phase10_exact_common_support_event_panel.csv
2026-04-12,24h_prior,Will the highest temperature in Hong Kong be 27°C on April 12?,event_label,outputs/v2/diagnostics/phase10_gp_market_comparison/phase10_exact_common_support_event_panel.csv
2026-04-12,24h_prior,Will the highest temperature in Hong Kong be 28°C on April 12?,event_label,outputs/v2/diagnostics/phase10_gp_market_comparison/phase10_exact_common_support_event_panel.csv
2026-04-12,24h_prior,Will the highest temperature in Hong Kong be 29°C on April 12?,event_label,outputs/v2/diagnostics/phase10_gp_market_comparison/phase10_exact_common_support_event_panel.csv
2026-04-12,24h_prior,Will the highest temperature in Hong Kong be 30°C or higher on April 12?,event_label,outputs/v2/diagnostics/phase10_gp_market_comparison/phase10_exact_common_support_event_panel.csv
2026-04-12,6h_prior,Will the highest temperature in Hong Kong be 20°C or below on April 12?,event_label,outputs/v2/diagnostics/phase10_gp_market_comparison/phase10_exact_common_support_event_panel.csv
2026-04-12,6h_prior,Will the highest temperature in Hong Kong be 21°C on April 12?,event_label,outputs/v2/diagnostics/phase10_gp_market_comparison/phase10_exact_common_support_event_panel.csv
2026-04-12,6h_prior,Will the highest temperature in Hong Kong be 22°C on April 12?,event_label,outputs/v2/diagnostics/phase10_gp_market_comparison/phase10_exact_common_support_event_panel.csv
2026-04-12,6h_prior,Will the highest temperature in Hong Kong be 23°C on April 12?,event_label,outputs/v2/diagnostics/phase10_gp_market_comparison/phase10_exact_common_support_event_panel.csv
2026-04-12,6h_prior,Will the highest temperature in Hong Kong be 24°C on April 12?,event_label,outputs/v2/diagnostics/phase10_gp_market_comparison/phase10_exact_common_support_event_panel.csv
2026-04-12,6h_prior,Will the highest temperature in Hong Kong be 25°C on April 12?,event_label,outputs/v2/diagnostics/phase10_gp_market_comparison/phase10_exact_common_support_event_panel.csv
2026-04-12,6h_prior,Will the highest temperature in Hong Kong be 26°C on April 12?,event_label,outputs/v2/diagnostics/phase10_gp_market_comparison/phase10_exact_common_support_event_panel.csv
2026-04-12,6h_prior,Will the highest temperature in Hong Kong be 27°C on April 12?,event_label,outputs/v2/diagnostics/phase10_gp_market_comparison/phase10_exact_common_support_event_panel.csv
2026-04-12,6h_prior,Will the highest temperature in Hong Kong be 28°C on April 12?,event_label,outputs/v2/diagnostics/phase10_gp_market_comparison/phase10_exact_common_support_event_panel.csv
2026-04-12,6h_prior,Will the highest temperature in Hong Kong be 29°C on April 12?,event_label,outputs/v2/diagnostics/phase10_gp_market_comparison/phase10_exact_common_support_event_panel.csv
2026-04-12,6h_prior,Will the highest temperature in Hong Kong be 30°C or higher on April 12?,event_label,outputs/v2/diagnostics/phase10_gp_market_comparison/phase10_exact_common_support_event_panel.csv
2026-04-12,event_day_open,Will the highest temperature in Hong Kong be 20°C or below on April 12?,event_label,outputs/v2/diagnostics/phase10_gp_market_comparison/phase10_exact_common_support_event_panel.csv
2026-04-12,event_day_open,Will the highest temperature in Hong Kong be 21°C on April 12?,event_label,outputs/v2/diagnostics/phase10_gp_market_comparison/phase10_exact_common_support_event_panel.csv
2026-04-12,event_day_open,Will the highest temperature in Hong Kong be 22°C on April 12?,event_label,outputs/v2/diagnostics/phase10_gp_market_comparison/phase10_exact_common_support_event_panel.csv
2026-04-12,event_day_open,Will the highest temperature in Hong Kong be 23°C on April 12?,event_label,outputs/v2/diagnostics/phase10_gp_market_comparison/phase10_exact_common_support_event_panel.csv
2026-04-12,event_day_open,Will the highest temperature in Hong Kong be 24°C on April 12?,event_label,outputs/v2/diagnostics/phase10_gp_market_comparison/phase10_exact_common_support_event_panel.csv
2026-04-12,event_day_open,Will the highest temperature in Hong Kong be 25°C on April 12?,event_label,outputs/v2/diagnostics/phase10_gp_market_comparison/phase10_exact_common_support_event_panel.csv
2026-04-12,event_day_open,Will the highest temperature in Hong Kong be 26°C on April 12?,event_label,outputs/v2/diagnostics/phase10_gp_market_comparison/phase10_exact_common_support_event_panel.csv
2026-04-12,event_day_open,Will the highest temperature in Hong Kong be 27°C on April 12?,event_label,outputs/v2/diagnostics/phase10_gp_market_comparison/phase10_exact_common_support_event_panel.csv
2026-04-12,event_day_open,Will the highest temperature in Hong Kong be 28°C on April 12?,event_label,outputs/v2/diagnostics/phase10_gp_market_comparison/phase10_exact_common_support_event_panel.csv
2026-04-12,event_day_open,Will the highest temperature in Hong Kong be 29°C on April 12?,event_label,outputs/v2/diagnostics/phase10_gp_market_comparison/phase10_exact_common_support_event_panel.csv
2026-04-12,event_day_open,Will the highest temperature in Hong Kong be 30°C or higher on April 12?,event_label,outputs/v2/diagnostics/phase10_gp_market_comparison/phase10_exact_common_support_event_panel.csv
2026-04-13,12h_prior,Will the highest temperature in Hong Kong be 21°C or below on April 13?,event_label,outputs/v2/diagnostics/phase10_gp_market_comparison/phase10_exact_common_support_event_panel.csv
2026-04-13,12h_prior,Will the highest temperature in Hong Kong be 22°C on April 13?,event_label,outputs/v2/diagnostics/phase10_gp_market_comparison/phase10_exact_common_support_event_panel.csv
2026-04-13,12h_prior,Will the highest temperature in Hong Kong be 23°C on April 13?,event_label,outputs/v2/diagnostics/phase10_gp_market_comparison/phase10_exact_common_support_event_panel.csv
2026-04-13,12h_prior,Will the highest temperature in Hong Kong be 24°C on April 13?,event_label,outputs/v2/diagnostics/phase10_gp_market_comparison/phase10_exact_common_support_event_panel.csv
2026-04-13,12h_prior,Will the highest temperature in Hong Kong be 25°C on April 13?,event_label,outputs/v2/diagnostics/phase10_gp_market_comparison/phase10_exact_common_support_event_panel.csv
2026-04-13,12h_prior,Will the highest temperature in Hong Kong be 26°C on April 13?,event_label,outputs/v2/diagnostics/phase10_gp_market_comparison/phase10_exact_common_support_event_panel.csv
2026-04-13,12h_prior,Will the highest temperature in Hong Kong be 27°C on April 13?,event_label,outputs/v2/diagnostics/phase10_gp_market_comparison/phase10_exact_common_support_event_panel.csv
2026-04-13,12h_prior,Will the highest temperature in Hong Kong be 28°C on April 13?,event_label,outputs/v2/diagnostics/phase10_gp_market_comparison/phase10_exact_common_support_event_panel.csv
2026-04-13,12h_prior,Will the highest temperature in Hong Kong be 29°C on April 13?,event_label,outputs/v2/diagnostics/phase10_gp_market_comparison/phase10_exact_common_support_event_panel.csv
2026-04-13,12h_prior,Will the highest temperature in Hong Kong be 30°C on April 13?,event_label,outputs/v2/diagnostics/phase10_gp_market_comparison/phase10_exact_common_support_event_panel.csv
2026-04-13,12h_prior,Will the highest temperature in Hong Kong be 31°C or higher on April 13?,event_label,outputs/v2/diagnostics/phase10_gp_market_comparison/phase10_exact_common_support_event_panel.csv
2026-04-13,24h_prior,Will the highest temperature in Hong Kong be 21°C or below on April 13?,event_label,outputs/v2/diagnostics/phase10_gp_market_comparison/phase10_exact_common_support_event_panel.csv
2026-04-13,24h_prior,Will the highest temperature in Hong Kong be 22°C on April 13?,event_label,outputs/v2/diagnostics/phase10_gp_market_comparison/phase10_exact_common_support_event_panel.csv
2026-04-13,24h_prior,Will the highest temperature in Hong Kong be 23°C on April 13?,event_label,outputs/v2/diagnostics/phase10_gp_market_comparison/phase10_exact_common_support_event_panel.csv
2026-04-13,24h_prior,Will the highest temperature in Hong Kong be 24°C on April 13?,event_label,outputs/v2/diagnostics/phase10_gp_market_comparison/phase10_exact_common_support_event_panel.csv
2026-04-13,24h_prior,Will the highest temperature in Hong Kong be 25°C on April 13?,event_label,outputs/v2/diagnostics/phase10_gp_market_comparison/phase10_exact_common_support_event_panel.csv
2026-04-13,24h_prior,Will the highest temperature in Hong Kong be 26°C on April 13?,event_label,outputs/v2/diagnostics/phase10_gp_market_comparison/phase10_exact_common_support_event_panel.csv
2026-04-13,24h_prior,Will the highest temperature in Hong Kong be 27°C on April 13?,event_label,outputs/v2/diagnostics/phase10_gp_market_comparison/phase10_exact_common_support_event_panel.csv
2026-04-13,24h_prior,Will the highest temperature in Hong Kong be 28°C on April 13?,event_label,outputs/v2/diagnostics/phase10_gp_market_comparison/phase10_exact_common_support_event_panel.csv
2026-04-13,24h_prior,Will the highest temperature in Hong Kong be 29°C on April 13?,event_label,outputs/v2/diagnostics/phase10_gp_market_comparison/phase10_exact_common_support_event_panel.csv
2026-04-13,24h_prior,Will the highest temperature in Hong Kong be 30°C on April 13?,event_label,outputs/v2/diagnostics/phase10_gp_market_comparison/phase10_exact_common_support_event_panel.csv
2026-04-13,24h_prior,Will the highest temperature in Hong Kong be 31°C or higher on April 13?,event_label,outputs/v2/diagnostics/phase10_gp_market_comparison/phase10_exact_common_support_event_panel.csv
2026-04-13,6h_prior,Will the highest temperature in Hong Kong be 21°C or below on April 13?,event_label,outputs/v2/diagnostics/phase10_gp_market_comparison/phase10_exact_common_support_event_panel.csv
2026-04-13,6h_prior,Will the highest temperature in Hong Kong be 22°C on April 13?,event_label,outputs/v2/diagnostics/phase10_gp_market_comparison/phase10_exact_common_support_event_panel.csv
2026-04-13,6h_prior,Will the highest temperature in Hong Kong be 23°C on April 13?,event_label,outputs/v2/diagnostics/phase10_gp_market_comparison/phase10_exact_common_support_event_panel.csv
2026-04-13,6h_prior,Will the highest temperature in Hong Kong be 24°C on April 13?,event_label,outputs/v2/diagnostics/phase10_gp_market_comparison/phase10_exact_common_support_event_panel.csv
2026-04-13,6h_prior,Will the highest temperature in Hong Kong be 25°C on April 13?,event_label,outputs/v2/diagnostics/phase10_gp_market_comparison/phase10_exact_common_support_event_panel.csv
2026-04-13,6h_prior,Will the highest temperature in Hong Kong be 26°C on April 13?,event_label,outputs/v2/diagnostics/phase10_gp_market_comparison/phase10_exact_common_support_event_panel.csv
2026-04-13,6h_prior,Will the highest temperature in Hong Kong be 27°C on April 13?,event_label,outputs/v2/diagnostics/phase10_gp_market_comparison/phase10_exact_common_support_event_panel.csv
2026-04-13,6h_prior,Will the highest temperature in Hong Kong be 28°C on April 13?,event_label,outputs/v2/diagnostics/phase10_gp_market_comparison/phase10_exact_common_support_event_panel.csv
2026-04-13,6h_prior,Will the highest temperature in Hong Kong be 29°C on April 13?,event_label,outputs/v2/diagnostics/phase10_gp_market_comparison/phase10_exact_common_support_event_panel.csv
2026-04-13,6h_prior,Will the highest temperature in Hong Kong be 30°C on April 13?,event_label,outputs/v2/diagnostics/phase10_gp_market_comparison/phase10_exact_common_support_event_panel.csv
2026-04-13,6h_prior,Will the highest temperature in Hong Kong be 31°C or higher on April 13?,event_label,outputs/v2/diagnostics/phase10_gp_market_comparison/phase10_exact_common_support_event_panel.csv
2026-04-13,event_day_open,Will the highest temperature in Hong Kong be 21°C or below on April 13?,event_label,outputs/v2/diagnostics/phase10_gp_market_comparison/phase10_exact_common_support_event_panel.csv
2026-04-13,event_day_open,Will the highest temperature in Hong Kong be 22°C on April 13?,event_label,outputs/v2/diagnostics/phase10_gp_market_comparison/phase10_exact_common_support_event_panel.csv
2026-04-13,event_day_open,Will the highest temperature in Hong Kong be 23°C on April 13?,event_label,outputs/v2/diagnostics/phase10_gp_market_comparison/phase10_exact_common_support_event_panel.csv
2026-04-13,event_day_open,Will the highest temperature in Hong Kong be 24°C on April 13?,event_label,outputs/v2/diagnostics/phase10_gp_market_comparison/phase10_exact_common_support_event_panel.csv
2026-04-13,event_day_open,Will the highest temperature in Hong Kong be 25°C on April 13?,event_label,outputs/v2/diagnostics/phase10_gp_market_comparison/phase10_exact_common_support_event_panel.csv
2026-04-13,event_day_open,Will the highest temperature in Hong Kong be 26°C on April 13?,event_label,outputs/v2/diagnostics/phase10_gp_market_comparison/phase10_exact_common_support_event_panel.csv
2026-04-13,event_day_open,Will the highest temperature in Hong Kong be 27°C on April 13?,event_label,outputs/v2/diagnostics/phase10_gp_market_comparison/phase10_exact_common_support_event_panel.csv
2026-04-13,event_day_open,Will the highest temperature in Hong Kong be 28°C on April 13?,event_label,outputs/v2/diagnostics/phase10_gp_market_comparison/phase10_exact_common_support_event_panel.csv
2026-04-13,event_day_open,Will the highest temperature in Hong Kong be 29°C on April 13?,event_label,outputs/v2/diagnostics/phase10_gp_market_comparison/phase10_exact_common_support_event_panel.csv
2026-04-13,event_day_open,Will the highest temperature in Hong Kong be 30°C on April 13?,event_label,outputs/v2/diagnostics/phase10_gp_market_comparison/phase10_exact_common_support_event_panel.csv
2026-04-13,event_day_open,Will the highest temperature in Hong Kong be 31°C or higher on April 13?,event_label,outputs/v2/diagnostics/phase10_gp_market_comparison/phase10_exact_common_support_event_panel.csv
2026-04-14,12h_prior,Will the highest temperature in Hong Kong be 20°C or below on April 14?,event_label,outputs/v2/diagnostics/phase10_gp_market_comparison/phase10_exact_common_support_event_panel.csv
2026-04-14,12h_prior,Will the highest temperature in Hong Kong be 21°C on April 14?,event_label,outputs/v2/diagnostics/phase10_gp_market_comparison/phase10_exact_common_support_event_panel.csv
2026-04-14,12h_prior,Will the highest temperature in Hong Kong be 22°C on April 14?,event_label,outputs/v2/diagnostics/phase10_gp_market_comparison/phase10_exact_common_support_event_panel.csv
2026-04-14,12h_prior,Will the highest temperature in Hong Kong be 23°C on April 14?,event_label,outputs/v2/diagnostics/phase10_gp_market_comparison/phase10_exact_common_support_event_panel.csv
2026-04-14,12h_prior,Will the highest temperature in Hong Kong be 24°C on April 14?,event_label,outputs/v2/diagnostics/phase10_gp_market_comparison/phase10_exact_common_support_event_panel.csv
2026-04-14,12h_prior,Will the highest temperature in Hong Kong be 25°C on April 14?,event_label,outputs/v2/diagnostics/phase10_gp_market_comparison/phase10_exact_common_support_event_panel.csv
2026-04-14,12h_prior,Will the highest temperature in Hong Kong be 26°C on April 14?,event_label,outputs/v2/diagnostics/phase10_gp_market_comparison/phase10_exact_common_support_event_panel.csv
2026-04-14,12h_prior,Will the highest temperature in Hong Kong be 27°C on April 14?,event_label,outputs/v2/diagnostics/phase10_gp_market_comparison/phase10_exact_common_support_event_panel.csv
2026-04-14,12h_prior,Will the highest temperature in Hong Kong be 28°C on April 14?,event_label,outputs/v2/diagnostics/phase10_gp_market_comparison/phase10_exact_common_support_event_panel.csv
2026-04-14,12h_prior,Will the highest temperature in Hong Kong be 29°C on April 14?,event_label,outputs/v2/diagnostics/phase10_gp_market_comparison/phase10_exact_common_support_event_panel.csv
2026-04-14,12h_prior,Will the highest temperature in Hong Kong be 30°C or higher on April 14?,event_label,outputs/v2/diagnostics/phase10_gp_market_comparison/phase10_exact_common_support_event_panel.csv
2026-04-14,6h_prior,Will the highest temperature in Hong Kong be 20°C or below on April 14?,event_label,outputs/v2/diagnostics/phase10_gp_market_comparison/phase10_exact_common_support_event_panel.csv
2026-04-14,6h_prior,Will the highest temperature in Hong Kong be 21°C on April 14?,event_label,outputs/v2/diagnostics/phase10_gp_market_comparison/phase10_exact_common_support_event_panel.csv
2026-04-14,6h_prior,Will the highest temperature in Hong Kong be 22°C on April 14?,event_label,outputs/v2/diagnostics/phase10_gp_market_comparison/phase10_exact_common_support_event_panel.csv
2026-04-14,6h_prior,Will the highest temperature in Hong Kong be 23°C on April 14?,event_label,outputs/v2/diagnostics/phase10_gp_market_comparison/phase10_exact_common_support_event_panel.csv
2026-04-14,6h_prior,Will the highest temperature in Hong Kong be 24°C on April 14?,event_label,outputs/v2/diagnostics/phase10_gp_market_comparison/phase10_exact_common_support_event_panel.csv
2026-04-14,6h_prior,Will the highest temperature in Hong Kong be 25°C on April 14?,event_label,outputs/v2/diagnostics/phase10_gp_market_comparison/phase10_exact_common_support_event_panel.csv
2026-04-14,6h_prior,Will the highest temperature in Hong Kong be 26°C on April 14?,event_label,outputs/v2/diagnostics/phase10_gp_market_comparison/phase10_exact_common_support_event_panel.csv
2026-04-14,6h_prior,Will the highest temperature in Hong Kong be 27°C on April 14?,event_label,outputs/v2/diagnostics/phase10_gp_market_comparison/phase10_exact_common_support_event_panel.csv
2026-04-14,6h_prior,Will the highest temperature in Hong Kong be 28°C on April 14?,event_label,outputs/v2/diagnostics/phase10_gp_market_comparison/phase10_exact_common_support_event_panel.csv
2026-04-14,6h_prior,Will the highest temperature in Hong Kong be 29°C on April 14?,event_label,outputs/v2/diagnostics/phase10_gp_market_comparison/phase10_exact_common_support_event_panel.csv
2026-04-14,6h_prior,Will the highest temperature in Hong Kong be 30°C or higher on April 14?,event_label,outputs/v2/diagnostics/phase10_gp_market_comparison/phase10_exact_common_support_event_panel.csv
2026-04-14,event_day_open,Will the highest temperature in Hong Kong be 20°C or below on April 14?,event_label,outputs/v2/diagnostics/phase10_gp_market_comparison/phase10_exact_common_support_event_panel.csv
2026-04-14,event_day_open,Will the highest temperature in Hong Kong be 21°C on April 14?,event_label,outputs/v2/diagnostics/phase10_gp_market_comparison/phase10_exact_common_support_event_panel.csv
2026-04-14,event_day_open,Will the highest temperature in Hong Kong be 22°C on April 14?,event_label,outputs/v2/diagnostics/phase10_gp_market_comparison/phase10_exact_common_support_event_panel.csv
2026-04-14,event_day_open,Will the highest temperature in Hong Kong be 23°C on April 14?,event_label,outputs/v2/diagnostics/phase10_gp_market_comparison/phase10_exact_common_support_event_panel.csv
2026-04-14,event_day_open,Will the highest temperature in Hong Kong be 24°C on April 14?,event_label,outputs/v2/diagnostics/phase10_gp_market_comparison/phase10_exact_common_support_event_panel.csv
2026-04-14,event_day_open,Will the highest temperature in Hong Kong be 25°C on April 14?,event_label,outputs/v2/diagnostics/phase10_gp_market_comparison/phase10_exact_common_support_event_panel.csv
2026-04-14,event_day_open,Will the highest temperature in Hong Kong be 26°C on April 14?,event_label,outputs/v2/diagnostics/phase10_gp_market_comparison/phase10_exact_common_support_event_panel.csv
2026-04-14,event_day_open,Will the highest temperature in Hong Kong be 27°C on April 14?,event_label,outputs/v2/diagnostics/phase10_gp_market_comparison/phase10_exact_common_support_event_panel.csv
2026-04-14,event_day_open,Will the highest temperature in Hong Kong be 28°C on April 14?,event_label,outputs/v2/diagnostics/phase10_gp_market_comparison/phase10_exact_common_support_event_panel.csv
2026-04-14,event_day_open,Will the highest temperature in Hong Kong be 29°C on April 14?,event_label,outputs/v2/diagnostics/phase10_gp_market_comparison/phase10_exact_common_support_event_panel.csv
2026-04-14,event_day_open,Will the highest temperature in Hong Kong be 30°C or higher on April 14?,event_label,outputs/v2/diagnostics/phase10_gp_market_comparison/phase10_exact_common_support_event_panel.csv
2026-04-15,12h_prior,Will the highest temperature in Hong Kong be 20°C or below on April 15?,event_label,outputs/v2/diagnostics/phase10_gp_market_comparison/phase10_exact_common_support_event_panel.csv
2026-04-15,12h_prior,Will the highest temperature in Hong Kong be 21°C on April 15?,event_label,outputs/v2/diagnostics/phase10_gp_market_comparison/phase10_exact_common_support_event_panel.csv
2026-04-15,12h_prior,Will the highest temperature in Hong Kong be 22°C on April 15?,event_label,outputs/v2/diagnostics/phase10_gp_market_comparison/phase10_exact_common_support_event_panel.csv
2026-04-15,12h_prior,Will the highest temperature in Hong Kong be 23°C on April 15?,event_label,outputs/v2/diagnostics/phase10_gp_market_comparison/phase10_exact_common_support_event_panel.csv
2026-04-15,12h_prior,Will the highest temperature in Hong Kong be 24°C on April 15?,event_label,outputs/v2/diagnostics/phase10_gp_market_comparison/phase10_exact_common_support_event_panel.csv
2026-04-15,12h_prior,Will the highest temperature in Hong Kong be 25°C on April 15?,event_label,outputs/v2/diagnostics/phase10_gp_market_comparison/phase10_exact_common_support_event_panel.csv
2026-04-15,12h_prior,Will the highest temperature in Hong Kong be 26°C on April 15?,event_label,outputs/v2/diagnostics/phase10_gp_market_comparison/phase10_exact_common_support_event_panel.csv
2026-04-15,12h_prior,Will the highest temperature in Hong Kong be 27°C on April 15?,event_label,outputs/v2/diagnostics/phase10_gp_market_comparison/phase10_exact_common_support_event_panel.csv
2026-04-15,12h_prior,Will the highest temperature in Hong Kong be 28°C on April 15?,event_label,outputs/v2/diagnostics/phase10_gp_market_comparison/phase10_exact_common_support_event_panel.csv
2026-04-15,12h_prior,Will the highest temperature in Hong Kong be 29°C on April 15?,event_label,outputs/v2/diagnostics/phase10_gp_market_comparison/phase10_exact_common_support_event_panel.csv
2026-04-15,12h_prior,Will the highest temperature in Hong Kong be 30°C or higher on April 15?,event_label,outputs/v2/diagnostics/phase10_gp_market_comparison/phase10_exact_common_support_event_panel.csv
2026-04-15,24h_prior,Will the highest temperature in Hong Kong be 20°C or below on April 15?,event_label,outputs/v2/diagnostics/phase10_gp_market_comparison/phase10_exact_common_support_event_panel.csv
2026-04-15,24h_prior,Will the highest temperature in Hong Kong be 21°C on April 15?,event_label,outputs/v2/diagnostics/phase10_gp_market_comparison/phase10_exact_common_support_event_panel.csv
2026-04-15,24h_prior,Will the highest temperature in Hong Kong be 22°C on April 15?,event_label,outputs/v2/diagnostics/phase10_gp_market_comparison/phase10_exact_common_support_event_panel.csv
2026-04-15,24h_prior,Will the highest temperature in Hong Kong be 23°C on April 15?,event_label,outputs/v2/diagnostics/phase10_gp_market_comparison/phase10_exact_common_support_event_panel.csv
2026-04-15,24h_prior,Will the highest temperature in Hong Kong be 24°C on April 15?,event_label,outputs/v2/diagnostics/phase10_gp_market_comparison/phase10_exact_common_support_event_panel.csv
2026-04-15,24h_prior,Will the highest temperature in Hong Kong be 25°C on April 15?,event_label,outputs/v2/diagnostics/phase10_gp_market_comparison/phase10_exact_common_support_event_panel.csv
2026-04-15,24h_prior,Will the highest temperature in Hong Kong be 26°C on April 15?,event_label,outputs/v2/diagnostics/phase10_gp_market_comparison/phase10_exact_common_support_event_panel.csv
2026-04-15,24h_prior,Will the highest temperature in Hong Kong be 27°C on April 15?,event_label,outputs/v2/diagnostics/phase10_gp_market_comparison/phase10_exact_common_support_event_panel.csv
2026-04-15,24h_prior,Will the highest temperature in Hong Kong be 28°C on April 15?,event_label,outputs/v2/diagnostics/phase10_gp_market_comparison/phase10_exact_common_support_event_panel.csv
2026-04-15,24h_prior,Will the highest temperature in Hong Kong be 29°C on April 15?,event_label,outputs/v2/diagnostics/phase10_gp_market_comparison/phase10_exact_common_support_event_panel.csv
2026-04-15,24h_prior,Will the highest temperature in Hong Kong be 30°C or higher on April 15?,event_label,outputs/v2/diagnostics/phase10_gp_market_comparison/phase10_exact_common_support_event_panel.csv
2026-04-15,6h_prior,Will the highest temperature in Hong Kong be 20°C or below on April 15?,event_label,outputs/v2/diagnostics/phase10_gp_market_comparison/phase10_exact_common_support_event_panel.csv
2026-04-15,6h_prior,Will the highest temperature in Hong Kong be 21°C on April 15?,event_label,outputs/v2/diagnostics/phase10_gp_market_comparison/phase10_exact_common_support_event_panel.csv
2026-04-15,6h_prior,Will the highest temperature in Hong Kong be 22°C on April 15?,event_label,outputs/v2/diagnostics/phase10_gp_market_comparison/phase10_exact_common_support_event_panel.csv
2026-04-15,6h_prior,Will the highest temperature in Hong Kong be 23°C on April 15?,event_label,outputs/v2/diagnostics/phase10_gp_market_comparison/phase10_exact_common_support_event_panel.csv
2026-04-15,6h_prior,Will the highest temperature in Hong Kong be 24°C on April 15?,event_label,outputs/v2/diagnostics/phase10_gp_market_comparison/phase10_exact_common_support_event_panel.csv
2026-04-15,6h_prior,Will the highest temperature in Hong Kong be 25°C on April 15?,event_label,outputs/v2/diagnostics/phase10_gp_market_comparison/phase10_exact_common_support_event_panel.csv
2026-04-15,6h_prior,Will the highest temperature in Hong Kong be 26°C on April 15?,event_label,outputs/v2/diagnostics/phase10_gp_market_comparison/phase10_exact_common_support_event_panel.csv
2026-04-15,6h_prior,Will the highest temperature in Hong Kong be 27°C on April 15?,event_label,outputs/v2/diagnostics/phase10_gp_market_comparison/phase10_exact_common_support_event_panel.csv
2026-04-15,6h_prior,Will the highest temperature in Hong Kong be 28°C on April 15?,event_label,outputs/v2/diagnostics/phase10_gp_market_comparison/phase10_exact_common_support_event_panel.csv
2026-04-15,6h_prior,Will the highest temperature in Hong Kong be 29°C on April 15?,event_label,outputs/v2/diagnostics/phase10_gp_market_comparison/phase10_exact_common_support_event_panel.csv
2026-04-15,6h_prior,Will the highest temperature in Hong Kong be 30°C or higher on April 15?,event_label,outputs/v2/diagnostics/phase10_gp_market_comparison/phase10_exact_common_support_event_panel.csv
2026-04-15,event_day_open,Will the highest temperature in Hong Kong be 20°C or below on April 15?,event_label,outputs/v2/diagnostics/phase10_gp_market_comparison/phase10_exact_common_support_event_panel.csv
2026-04-15,event_day_open,Will the highest temperature in Hong Kong be 21°C on April 15?,event_label,outputs/v2/diagnostics/phase10_gp_market_comparison/phase10_exact_common_support_event_panel.csv
2026-04-15,event_day_open,Will the highest temperature in Hong Kong be 22°C on April 15?,event_label,outputs/v2/diagnostics/phase10_gp_market_comparison/phase10_exact_common_support_event_panel.csv
2026-04-15,event_day_open,Will the highest temperature in Hong Kong be 23°C on April 15?,event_label,outputs/v2/diagnostics/phase10_gp_market_comparison/phase10_exact_common_support_event_panel.csv
2026-04-15,event_day_open,Will the highest temperature in Hong Kong be 24°C on April 15?,event_label,outputs/v2/diagnostics/phase10_gp_market_comparison/phase10_exact_common_support_event_panel.csv
2026-04-15,event_day_open,Will the highest temperature in Hong Kong be 25°C on April 15?,event_label,outputs/v2/diagnostics/phase10_gp_market_comparison/phase10_exact_common_support_event_panel.csv
2026-04-15,event_day_open,Will the highest temperature in Hong Kong be 26°C on April 15?,event_label,outputs/v2/diagnostics/phase10_gp_market_comparison/phase10_exact_common_support_event_panel.csv
2026-04-15,event_day_open,Will the highest temperature in Hong Kong be 27°C on April 15?,event_label,outputs/v2/diagnostics/phase10_gp_market_comparison/phase10_exact_common_support_event_panel.csv
2026-04-15,event_day_open,Will the highest temperature in Hong Kong be 28°C on April 15?,event_label,outputs/v2/diagnostics/phase10_gp_market_comparison/phase10_exact_common_support_event_panel.csv
2026-04-15,event_day_open,Will the highest temperature in Hong Kong be 29°C on April 15?,event_label,outputs/v2/diagnostics/phase10_gp_market_comparison/phase10_exact_common_support_event_panel.csv
2026-04-15,event_day_open,Will the highest temperature in Hong Kong be 30°C or higher on April 15?,event_label,outputs/v2/diagnostics/phase10_gp_market_comparison/phase10_exact_common_support_event_panel.csv
2026-04-16,event_day_open,Will the highest temperature in Hong Kong be 20°C or below on April 16?,event_label,outputs/v2/diagnostics/phase10_gp_market_comparison/phase10_exact_common_support_event_panel.csv
2026-04-16,event_day_open,Will the highest temperature in Hong Kong be 21°C on April 16?,event_label,outputs/v2/diagnostics/phase10_gp_market_comparison/phase10_exact_common_support_event_panel.csv
2026-04-16,event_day_open,Will the highest temperature in Hong Kong be 22°C on April 16?,event_label,outputs/v2/diagnostics/phase10_gp_market_comparison/phase10_exact_common_support_event_panel.csv
2026-04-16,event_day_open,Will the highest temperature in Hong Kong be 23°C on April 16?,event_label,outputs/v2/diagnostics/phase10_gp_market_comparison/phase10_exact_common_support_event_panel.csv
2026-04-16,event_day_open,Will the highest temperature in Hong Kong be 24°C on April 16?,event_label,outputs/v2/diagnostics/phase10_gp_market_comparison/phase10_exact_common_support_event_panel.csv
2026-04-16,event_day_open,Will the highest temperature in Hong Kong be 25°C on April 16?,event_label,outputs/v2/diagnostics/phase10_gp_market_comparison/phase10_exact_common_support_event_panel.csv
2026-04-16,event_day_open,Will the highest temperature in Hong Kong be 26°C on April 16?,event_label,outputs/v2/diagnostics/phase10_gp_market_comparison/phase10_exact_common_support_event_panel.csv
2026-04-16,event_day_open,Will the highest temperature in Hong Kong be 27°C on April 16?,event_label,outputs/v2/diagnostics/phase10_gp_market_comparison/phase10_exact_common_support_event_panel.csv
2026-04-16,event_day_open,Will the highest temperature in Hong Kong be 28°C on April 16?,event_label,outputs/v2/diagnostics/phase10_gp_market_comparison/phase10_exact_common_support_event_panel.csv
2026-04-16,event_day_open,Will the highest temperature in Hong Kong be 29°C on April 16?,event_label,outputs/v2/diagnostics/phase10_gp_market_comparison/phase10_exact_common_support_event_panel.csv
2026-04-16,event_day_open,Will the highest temperature in Hong Kong be 30°C or higher on April 16?,event_label,outputs/v2/diagnostics/phase10_gp_market_comparison/phase10_exact_common_support_event_panel.csv
2026-04-17,12h_prior,Will the highest temperature in Hong Kong be 21°C or below on April 17?,event_label,outputs/v2/diagnostics/phase10_gp_market_comparison/phase10_exact_common_support_event_panel.csv
2026-04-17,12h_prior,Will the highest temperature in Hong Kong be 22°C on April 17?,event_label,outputs/v2/diagnostics/phase10_gp_market_comparison/phase10_exact_common_support_event_panel.csv
2026-04-17,12h_prior,Will the highest temperature in Hong Kong be 23°C on April 17?,event_label,outputs/v2/diagnostics/phase10_gp_market_comparison/phase10_exact_common_support_event_panel.csv
2026-04-17,12h_prior,Will the highest temperature in Hong Kong be 24°C on April 17?,event_label,outputs/v2/diagnostics/phase10_gp_market_comparison/phase10_exact_common_support_event_panel.csv
2026-04-17,12h_prior,Will the highest temperature in Hong Kong be 25°C on April 17?,event_label,outputs/v2/diagnostics/phase10_gp_market_comparison/phase10_exact_common_support_event_panel.csv
2026-04-17,12h_prior,Will the highest temperature in Hong Kong be 26°C on April 17?,event_label,outputs/v2/diagnostics/phase10_gp_market_comparison/phase10_exact_common_support_event_panel.csv
2026-04-17,12h_prior,Will the highest temperature in Hong Kong be 27°C on April 17?,event_label,outputs/v2/diagnostics/phase10_gp_market_comparison/phase10_exact_common_support_event_panel.csv
2026-04-17,12h_prior,Will the highest temperature in Hong Kong be 28°C on April 17?,event_label,outputs/v2/diagnostics/phase10_gp_market_comparison/phase10_exact_common_support_event_panel.csv
2026-04-17,12h_prior,Will the highest temperature in Hong Kong be 29°C on April 17?,event_label,outputs/v2/diagnostics/phase10_gp_market_comparison/phase10_exact_common_support_event_panel.csv
2026-04-17,12h_prior,Will the highest temperature in Hong Kong be 30°C on April 17?,event_label,outputs/v2/diagnostics/phase10_gp_market_comparison/phase10_exact_common_support_event_panel.csv
2026-04-17,12h_prior,Will the highest temperature in Hong Kong be 31°C or higher on April 17?,event_label,outputs/v2/diagnostics/phase10_gp_market_comparison/phase10_exact_common_support_event_panel.csv
2026-04-17,6h_prior,Will the highest temperature in Hong Kong be 21°C or below on April 17?,event_label,outputs/v2/diagnostics/phase10_gp_market_comparison/phase10_exact_common_support_event_panel.csv
2026-04-17,6h_prior,Will the highest temperature in Hong Kong be 22°C on April 17?,event_label,outputs/v2/diagnostics/phase10_gp_market_comparison/phase10_exact_common_support_event_panel.csv
2026-04-17,6h_prior,Will the highest temperature in Hong Kong be 23°C on April 17?,event_label,outputs/v2/diagnostics/phase10_gp_market_comparison/phase10_exact_common_support_event_panel.csv
2026-04-17,6h_prior,Will the highest temperature in Hong Kong be 24°C on April 17?,event_label,outputs/v2/diagnostics/phase10_gp_market_comparison/phase10_exact_common_support_event_panel.csv
2026-04-17,6h_prior,Will the highest temperature in Hong Kong be 25°C on April 17?,event_label,outputs/v2/diagnostics/phase10_gp_market_comparison/phase10_exact_common_support_event_panel.csv
2026-04-17,6h_prior,Will the highest temperature in Hong Kong be 26°C on April 17?,event_label,outputs/v2/diagnostics/phase10_gp_market_comparison/phase10_exact_common_support_event_panel.csv
2026-04-17,6h_prior,Will the highest temperature in Hong Kong be 27°C on April 17?,event_label,outputs/v2/diagnostics/phase10_gp_market_comparison/phase10_exact_common_support_event_panel.csv
2026-04-17,6h_prior,Will the highest temperature in Hong Kong be 28°C on April 17?,event_label,outputs/v2/diagnostics/phase10_gp_market_comparison/phase10_exact_common_support_event_panel.csv
2026-04-17,6h_prior,Will the highest temperature in Hong Kong be 29°C on April 17?,event_label,outputs/v2/diagnostics/phase10_gp_market_comparison/phase10_exact_common_support_event_panel.csv
2026-04-17,6h_prior,Will the highest temperature in Hong Kong be 30°C on April 17?,event_label,outputs/v2/diagnostics/phase10_gp_market_comparison/phase10_exact_common_support_event_panel.csv
2026-04-17,6h_prior,Will the highest temperature in Hong Kong be 31°C or higher on April 17?,event_label,outputs/v2/diagnostics/phase10_gp_market_comparison/phase10_exact_common_support_event_panel.csv
2026-04-17,event_day_open,Will the highest temperature in Hong Kong be 21°C or below on April 17?,event_label,outputs/v2/diagnostics/phase10_gp_market_comparison/phase10_exact_common_support_event_panel.csv
2026-04-17,event_day_open,Will the highest temperature in Hong Kong be 22°C on April 17?,event_label,outputs/v2/diagnostics/phase10_gp_market_comparison/phase10_exact_common_support_event_panel.csv
2026-04-17,event_day_open,Will the highest temperature in Hong Kong be 23°C on April 17?,event_label,outputs/v2/diagnostics/phase10_gp_market_comparison/phase10_exact_common_support_event_panel.csv
2026-04-17,event_day_open,Will the highest temperature in Hong Kong be 24°C on April 17?,event_label,outputs/v2/diagnostics/phase10_gp_market_comparison/phase10_exact_common_support_event_panel.csv
2026-04-17,event_day_open,Will the highest temperature in Hong Kong be 25°C on April 17?,event_label,outputs/v2/diagnostics/phase10_gp_market_comparison/phase10_exact_common_support_event_panel.csv
2026-04-17,event_day_open,Will the highest temperature in Hong Kong be 26°C on April 17?,event_label,outputs/v2/diagnostics/phase10_gp_market_comparison/phase10_exact_common_support_event_panel.csv
2026-04-17,event_day_open,Will the highest temperature in Hong Kong be 27°C on April 17?,event_label,outputs/v2/diagnostics/phase10_gp_market_comparison/phase10_exact_common_support_event_panel.csv
2026-04-17,event_day_open,Will the highest temperature in Hong Kong be 28°C on April 17?,event_label,outputs/v2/diagnostics/phase10_gp_market_comparison/phase10_exact_common_support_event_panel.csv
2026-04-17,event_day_open,Will the highest temperature in Hong Kong be 29°C on April 17?,event_label,outputs/v2/diagnostics/phase10_gp_market_comparison/phase10_exact_common_support_event_panel.csv
2026-04-17,event_day_open,Will the highest temperature in Hong Kong be 30°C on April 17?,event_label,outputs/v2/diagnostics/phase10_gp_market_comparison/phase10_exact_common_support_event_panel.csv
2026-04-17,event_day_open,Will the highest temperature in Hong Kong be 31°C or higher on April 17?,event_label,outputs/v2/diagnostics/phase10_gp_market_comparison/phase10_exact_common_support_event_panel.csv
2026-04-18,12h_prior,Will the highest temperature in Hong Kong be 21°C or below on April 18?,event_label,outputs/v2/diagnostics/phase10_gp_market_comparison/phase10_exact_common_support_event_panel.csv
2026-04-18,12h_prior,Will the highest temperature in Hong Kong be 22°C on April 18?,event_label,outputs/v2/diagnostics/phase10_gp_market_comparison/phase10_exact_common_support_event_panel.csv
2026-04-18,12h_prior,Will the highest temperature in Hong Kong be 23°C on April 18?,event_label,outputs/v2/diagnostics/phase10_gp_market_comparison/phase10_exact_common_support_event_panel.csv
2026-04-18,12h_prior,Will the highest temperature in Hong Kong be 24°C on April 18?,event_label,outputs/v2/diagnostics/phase10_gp_market_comparison/phase10_exact_common_support_event_panel.csv
2026-04-18,12h_prior,Will the highest temperature in Hong Kong be 25°C on April 18?,event_label,outputs/v2/diagnostics/phase10_gp_market_comparison/phase10_exact_common_support_event_panel.csv
2026-04-18,12h_prior,Will the highest temperature in Hong Kong be 26°C on April 18?,event_label,outputs/v2/diagnostics/phase10_gp_market_comparison/phase10_exact_common_support_event_panel.csv
2026-04-18,12h_prior,Will the highest temperature in Hong Kong be 27°C on April 18?,event_label,outputs/v2/diagnostics/phase10_gp_market_comparison/phase10_exact_common_support_event_panel.csv
2026-04-18,12h_prior,Will the highest temperature in Hong Kong be 28°C on April 18?,event_label,outputs/v2/diagnostics/phase10_gp_market_comparison/phase10_exact_common_support_event_panel.csv
2026-04-18,12h_prior,Will the highest temperature in Hong Kong be 29°C on April 18?,event_label,outputs/v2/diagnostics/phase10_gp_market_comparison/phase10_exact_common_support_event_panel.csv
2026-04-18,12h_prior,Will the highest temperature in Hong Kong be 30°C on April 18?,event_label,outputs/v2/diagnostics/phase10_gp_market_comparison/phase10_exact_common_support_event_panel.csv
2026-04-18,12h_prior,Will the highest temperature in Hong Kong be 31°C or higher on April 18?,event_label,outputs/v2/diagnostics/phase10_gp_market_comparison/phase10_exact_common_support_event_panel.csv
2026-04-18,6h_prior,Will the highest temperature in Hong Kong be 21°C or below on April 18?,event_label,outputs/v2/diagnostics/phase10_gp_market_comparison/phase10_exact_common_support_event_panel.csv
2026-04-18,6h_prior,Will the highest temperature in Hong Kong be 22°C on April 18?,event_label,outputs/v2/diagnostics/phase10_gp_market_comparison/phase10_exact_common_support_event_panel.csv
2026-04-18,6h_prior,Will the highest temperature in Hong Kong be 23°C on April 18?,event_label,outputs/v2/diagnostics/phase10_gp_market_comparison/phase10_exact_common_support_event_panel.csv
2026-04-18,6h_prior,Will the highest temperature in Hong Kong be 24°C on April 18?,event_label,outputs/v2/diagnostics/phase10_gp_market_comparison/phase10_exact_common_support_event_panel.csv
2026-04-18,6h_prior,Will the highest temperature in Hong Kong be 25°C on April 18?,event_label,outputs/v2/diagnostics/phase10_gp_market_comparison/phase10_exact_common_support_event_panel.csv
2026-04-18,6h_prior,Will the highest temperature in Hong Kong be 26°C on April 18?,event_label,outputs/v2/diagnostics/phase10_gp_market_comparison/phase10_exact_common_support_event_panel.csv
2026-04-18,6h_prior,Will the highest temperature in Hong Kong be 27°C on April 18?,event_label,outputs/v2/diagnostics/phase10_gp_market_comparison/phase10_exact_common_support_event_panel.csv
2026-04-18,6h_prior,Will the highest temperature in Hong Kong be 28°C on April 18?,event_label,outputs/v2/diagnostics/phase10_gp_market_comparison/phase10_exact_common_support_event_panel.csv
2026-04-18,6h_prior,Will the highest temperature in Hong Kong be 29°C on April 18?,event_label,outputs/v2/diagnostics/phase10_gp_market_comparison/phase10_exact_common_support_event_panel.csv
2026-04-18,6h_prior,Will the highest temperature in Hong Kong be 30°C on April 18?,event_label,outputs/v2/diagnostics/phase10_gp_market_comparison/phase10_exact_common_support_event_panel.csv
2026-04-18,6h_prior,Will the highest temperature in Hong Kong be 31°C or higher on April 18?,event_label,outputs/v2/diagnostics/phase10_gp_market_comparison/phase10_exact_common_support_event_panel.csv
2026-04-18,event_day_open,Will the highest temperature in Hong Kong be 21°C or below on April 18?,event_label,outputs/v2/diagnostics/phase10_gp_market_comparison/phase10_exact_common_support_event_panel.csv
2026-04-18,event_day_open,Will the highest temperature in Hong Kong be 22°C on April 18?,event_label,outputs/v2/diagnostics/phase10_gp_market_comparison/phase10_exact_common_support_event_panel.csv
2026-04-18,event_day_open,Will the highest temperature in Hong Kong be 23°C on April 18?,event_label,outputs/v2/diagnostics/phase10_gp_market_comparison/phase10_exact_common_support_event_panel.csv
2026-04-18,event_day_open,Will the highest temperature in Hong Kong be 24°C on April 18?,event_label,outputs/v2/diagnostics/phase10_gp_market_comparison/phase10_exact_common_support_event_panel.csv
2026-04-18,event_day_open,Will the highest temperature in Hong Kong be 25°C on April 18?,event_label,outputs/v2/diagnostics/phase10_gp_market_comparison/phase10_exact_common_support_event_panel.csv
2026-04-18,event_day_open,Will the highest temperature in Hong Kong be 26°C on April 18?,event_label,outputs/v2/diagnostics/phase10_gp_market_comparison/phase10_exact_common_support_event_panel.csv
2026-04-18,event_day_open,Will the highest temperature in Hong Kong be 27°C on April 18?,event_label,outputs/v2/diagnostics/phase10_gp_market_comparison/phase10_exact_common_support_event_panel.csv
2026-04-18,event_day_open,Will the highest temperature in Hong Kong be 28°C on April 18?,event_label,outputs/v2/diagnostics/phase10_gp_market_comparison/phase10_exact_common_support_event_panel.csv
2026-04-18,event_day_open,Will the highest temperature in Hong Kong be 29°C on April 18?,event_label,outputs/v2/diagnostics/phase10_gp_market_comparison/phase10_exact_common_support_event_panel.csv
2026-04-18,event_day_open,Will the highest temperature in Hong Kong be 30°C on April 18?,event_label,outputs/v2/diagnostics/phase10_gp_market_comparison/phase10_exact_common_support_event_panel.csv
2026-04-18,event_day_open,Will the highest temperature in Hong Kong be 31°C or higher on April 18?,event_label,outputs/v2/diagnostics/phase10_gp_market_comparison/phase10_exact_common_support_event_panel.csv
2026-04-19,12h_prior,Will the highest temperature in Hong Kong be 21°C or below on April 19?,event_label,outputs/v2/diagnostics/phase10_gp_market_comparison/phase10_exact_common_support_event_panel.csv
2026-04-19,12h_prior,Will the highest temperature in Hong Kong be 22°C on April 19?,event_label,outputs/v2/diagnostics/phase10_gp_market_comparison/phase10_exact_common_support_event_panel.csv
2026-04-19,12h_prior,Will the highest temperature in Hong Kong be 23°C on April 19?,event_label,outputs/v2/diagnostics/phase10_gp_market_comparison/phase10_exact_common_support_event_panel.csv
2026-04-19,12h_prior,Will the highest temperature in Hong Kong be 24°C on April 19?,event_label,outputs/v2/diagnostics/phase10_gp_market_comparison/phase10_exact_common_support_event_panel.csv
2026-04-19,12h_prior,Will the highest temperature in Hong Kong be 25°C on April 19?,event_label,outputs/v2/diagnostics/phase10_gp_market_comparison/phase10_exact_common_support_event_panel.csv
2026-04-19,12h_prior,Will the highest temperature in Hong Kong be 26°C on April 19?,event_label,outputs/v2/diagnostics/phase10_gp_market_comparison/phase10_exact_common_support_event_panel.csv
2026-04-19,12h_prior,Will the highest temperature in Hong Kong be 27°C on April 19?,event_label,outputs/v2/diagnostics/phase10_gp_market_comparison/phase10_exact_common_support_event_panel.csv
2026-04-19,12h_prior,Will the highest temperature in Hong Kong be 28°C on April 19?,event_label,outputs/v2/diagnostics/phase10_gp_market_comparison/phase10_exact_common_support_event_panel.csv
2026-04-19,12h_prior,Will the highest temperature in Hong Kong be 29°C on April 19?,event_label,outputs/v2/diagnostics/phase10_gp_market_comparison/phase10_exact_common_support_event_panel.csv
2026-04-19,12h_prior,Will the highest temperature in Hong Kong be 30°C on April 19?,event_label,outputs/v2/diagnostics/phase10_gp_market_comparison/phase10_exact_common_support_event_panel.csv
2026-04-19,12h_prior,Will the highest temperature in Hong Kong be 31°C or higher on April 19?,event_label,outputs/v2/diagnostics/phase10_gp_market_comparison/phase10_exact_common_support_event_panel.csv
2026-04-19,24h_prior,Will the highest temperature in Hong Kong be 21°C or below on April 19?,event_label,outputs/v2/diagnostics/phase10_gp_market_comparison/phase10_exact_common_support_event_panel.csv
2026-04-19,24h_prior,Will the highest temperature in Hong Kong be 22°C on April 19?,event_label,outputs/v2/diagnostics/phase10_gp_market_comparison/phase10_exact_common_support_event_panel.csv
2026-04-19,24h_prior,Will the highest temperature in Hong Kong be 23°C on April 19?,event_label,outputs/v2/diagnostics/phase10_gp_market_comparison/phase10_exact_common_support_event_panel.csv
2026-04-19,24h_prior,Will the highest temperature in Hong Kong be 24°C on April 19?,event_label,outputs/v2/diagnostics/phase10_gp_market_comparison/phase10_exact_common_support_event_panel.csv
2026-04-19,24h_prior,Will the highest temperature in Hong Kong be 25°C on April 19?,event_label,outputs/v2/diagnostics/phase10_gp_market_comparison/phase10_exact_common_support_event_panel.csv
2026-04-19,24h_prior,Will the highest temperature in Hong Kong be 26°C on April 19?,event_label,outputs/v2/diagnostics/phase10_gp_market_comparison/phase10_exact_common_support_event_panel.csv
2026-04-19,24h_prior,Will the highest temperature in Hong Kong be 27°C on April 19?,event_label,outputs/v2/diagnostics/phase10_gp_market_comparison/phase10_exact_common_support_event_panel.csv
2026-04-19,24h_prior,Will the highest temperature in Hong Kong be 28°C on April 19?,event_label,outputs/v2/diagnostics/phase10_gp_market_comparison/phase10_exact_common_support_event_panel.csv
2026-04-19,24h_prior,Will the highest temperature in Hong Kong be 29°C on April 19?,event_label,outputs/v2/diagnostics/phase10_gp_market_comparison/phase10_exact_common_support_event_panel.csv
2026-04-19,24h_prior,Will the highest temperature in Hong Kong be 30°C on April 19?,event_label,outputs/v2/diagnostics/phase10_gp_market_comparison/phase10_exact_common_support_event_panel.csv
2026-04-19,24h_prior,Will the highest temperature in Hong Kong be 31°C or higher on April 19?,event_label,outputs/v2/diagnostics/phase10_gp_market_comparison/phase10_exact_common_support_event_panel.csv
2026-04-19,6h_prior,Will the highest temperature in Hong Kong be 21°C or below on April 19?,event_label,outputs/v2/diagnostics/phase10_gp_market_comparison/phase10_exact_common_support_event_panel.csv
2026-04-19,6h_prior,Will the highest temperature in Hong Kong be 22°C on April 19?,event_label,outputs/v2/diagnostics/phase10_gp_market_comparison/phase10_exact_common_support_event_panel.csv
2026-04-19,6h_prior,Will the highest temperature in Hong Kong be 23°C on April 19?,event_label,outputs/v2/diagnostics/phase10_gp_market_comparison/phase10_exact_common_support_event_panel.csv
2026-04-19,6h_prior,Will the highest temperature in Hong Kong be 24°C on April 19?,event_label,outputs/v2/diagnostics/phase10_gp_market_comparison/phase10_exact_common_support_event_panel.csv
2026-04-19,6h_prior,Will the highest temperature in Hong Kong be 25°C on April 19?,event_label,outputs/v2/diagnostics/phase10_gp_market_comparison/phase10_exact_common_support_event_panel.csv
2026-04-19,6h_prior,Will the highest temperature in Hong Kong be 26°C on April 19?,event_label,outputs/v2/diagnostics/phase10_gp_market_comparison/phase10_exact_common_support_event_panel.csv
2026-04-19,6h_prior,Will the highest temperature in Hong Kong be 27°C on April 19?,event_label,outputs/v2/diagnostics/phase10_gp_market_comparison/phase10_exact_common_support_event_panel.csv
2026-04-19,6h_prior,Will the highest temperature in Hong Kong be 28°C on April 19?,event_label,outputs/v2/diagnostics/phase10_gp_market_comparison/phase10_exact_common_support_event_panel.csv
2026-04-19,6h_prior,Will the highest temperature in Hong Kong be 29°C on April 19?,event_label,outputs/v2/diagnostics/phase10_gp_market_comparison/phase10_exact_common_support_event_panel.csv
2026-04-19,6h_prior,Will the highest temperature in Hong Kong be 30°C on April 19?,event_label,outputs/v2/diagnostics/phase10_gp_market_comparison/phase10_exact_common_support_event_panel.csv
2026-04-19,6h_prior,Will the highest temperature in Hong Kong be 31°C or higher on April 19?,event_label,outputs/v2/diagnostics/phase10_gp_market_comparison/phase10_exact_common_support_event_panel.csv
2026-04-19,event_day_open,Will the highest temperature in Hong Kong be 21°C or below on April 19?,event_label,outputs/v2/diagnostics/phase10_gp_market_comparison/phase10_exact_common_support_event_panel.csv
2026-04-19,event_day_open,Will the highest temperature in Hong Kong be 22°C on April 19?,event_label,outputs/v2/diagnostics/phase10_gp_market_comparison/phase10_exact_common_support_event_panel.csv
2026-04-19,event_day_open,Will the highest temperature in Hong Kong be 23°C on April 19?,event_label,outputs/v2/diagnostics/phase10_gp_market_comparison/phase10_exact_common_support_event_panel.csv
2026-04-19,event_day_open,Will the highest temperature in Hong Kong be 24°C on April 19?,event_label,outputs/v2/diagnostics/phase10_gp_market_comparison/phase10_exact_common_support_event_panel.csv
2026-04-19,event_day_open,Will the highest temperature in Hong Kong be 25°C on April 19?,event_label,outputs/v2/diagnostics/phase10_gp_market_comparison/phase10_exact_common_support_event_panel.csv
2026-04-19,event_day_open,Will the highest temperature in Hong Kong be 26°C on April 19?,event_label,outputs/v2/diagnostics/phase10_gp_market_comparison/phase10_exact_common_support_event_panel.csv
2026-04-19,event_day_open,Will the highest temperature in Hong Kong be 27°C on April 19?,event_label,outputs/v2/diagnostics/phase10_gp_market_comparison/phase10_exact_common_support_event_panel.csv
2026-04-19,event_day_open,Will the highest temperature in Hong Kong be 28°C on April 19?,event_label,outputs/v2/diagnostics/phase10_gp_market_comparison/phase10_exact_common_support_event_panel.csv
2026-04-19,event_day_open,Will the highest temperature in Hong Kong be 29°C on April 19?,event_label,outputs/v2/diagnostics/phase10_gp_market_comparison/phase10_exact_common_support_event_panel.csv
2026-04-19,event_day_open,Will the highest temperature in Hong Kong be 30°C on April 19?,event_label,outputs/v2/diagnostics/phase10_gp_market_comparison/phase10_exact_common_support_event_panel.csv
2026-04-19,event_day_open,Will the highest temperature in Hong Kong be 31°C or higher on April 19?,event_label,outputs/v2/diagnostics/phase10_gp_market_comparison/phase10_exact_common_support_event_panel.csv
2026-04-20,12h_prior,Will the highest temperature in Hong Kong be 21°C or below on April 20?,event_label,outputs/v2/diagnostics/phase10_gp_market_comparison/phase10_exact_common_support_event_panel.csv
2026-04-20,12h_prior,Will the highest temperature in Hong Kong be 22°C on April 20?,event_label,outputs/v2/diagnostics/phase10_gp_market_comparison/phase10_exact_common_support_event_panel.csv
2026-04-20,12h_prior,Will the highest temperature in Hong Kong be 23°C on April 20?,event_label,outputs/v2/diagnostics/phase10_gp_market_comparison/phase10_exact_common_support_event_panel.csv
2026-04-20,12h_prior,Will the highest temperature in Hong Kong be 24°C on April 20?,event_label,outputs/v2/diagnostics/phase10_gp_market_comparison/phase10_exact_common_support_event_panel.csv
2026-04-20,12h_prior,Will the highest temperature in Hong Kong be 25°C on April 20?,event_label,outputs/v2/diagnostics/phase10_gp_market_comparison/phase10_exact_common_support_event_panel.csv
2026-04-20,12h_prior,Will the highest temperature in Hong Kong be 26°C on April 20?,event_label,outputs/v2/diagnostics/phase10_gp_market_comparison/phase10_exact_common_support_event_panel.csv
2026-04-20,12h_prior,Will the highest temperature in Hong Kong be 27°C on April 20?,event_label,outputs/v2/diagnostics/phase10_gp_market_comparison/phase10_exact_common_support_event_panel.csv
2026-04-20,12h_prior,Will the highest temperature in Hong Kong be 28°C on April 20?,event_label,outputs/v2/diagnostics/phase10_gp_market_comparison/phase10_exact_common_support_event_panel.csv
2026-04-20,12h_prior,Will the highest temperature in Hong Kong be 29°C on April 20?,event_label,outputs/v2/diagnostics/phase10_gp_market_comparison/phase10_exact_common_support_event_panel.csv
2026-04-20,12h_prior,Will the highest temperature in Hong Kong be 30°C on April 20?,event_label,outputs/v2/diagnostics/phase10_gp_market_comparison/phase10_exact_common_support_event_panel.csv
2026-04-20,12h_prior,Will the highest temperature in Hong Kong be 31°C or higher on April 20?,event_label,outputs/v2/diagnostics/phase10_gp_market_comparison/phase10_exact_common_support_event_panel.csv
2026-04-20,24h_prior,Will the highest temperature in Hong Kong be 21°C or below on April 20?,event_label,outputs/v2/diagnostics/phase10_gp_market_comparison/phase10_exact_common_support_event_panel.csv
2026-04-20,24h_prior,Will the highest temperature in Hong Kong be 22°C on April 20?,event_label,outputs/v2/diagnostics/phase10_gp_market_comparison/phase10_exact_common_support_event_panel.csv
2026-04-20,24h_prior,Will the highest temperature in Hong Kong be 23°C on April 20?,event_label,outputs/v2/diagnostics/phase10_gp_market_comparison/phase10_exact_common_support_event_panel.csv
2026-04-20,24h_prior,Will the highest temperature in Hong Kong be 24°C on April 20?,event_label,outputs/v2/diagnostics/phase10_gp_market_comparison/phase10_exact_common_support_event_panel.csv
2026-04-20,24h_prior,Will the highest temperature in Hong Kong be 25°C on April 20?,event_label,outputs/v2/diagnostics/phase10_gp_market_comparison/phase10_exact_common_support_event_panel.csv
2026-04-20,24h_prior,Will the highest temperature in Hong Kong be 26°C on April 20?,event_label,outputs/v2/diagnostics/phase10_gp_market_comparison/phase10_exact_common_support_event_panel.csv
2026-04-20,24h_prior,Will the highest temperature in Hong Kong be 27°C on April 20?,event_label,outputs/v2/diagnostics/phase10_gp_market_comparison/phase10_exact_common_support_event_panel.csv
2026-04-20,24h_prior,Will the highest temperature in Hong Kong be 28°C on April 20?,event_label,outputs/v2/diagnostics/phase10_gp_market_comparison/phase10_exact_common_support_event_panel.csv
2026-04-20,24h_prior,Will the highest temperature in Hong Kong be 29°C on April 20?,event_label,outputs/v2/diagnostics/phase10_gp_market_comparison/phase10_exact_common_support_event_panel.csv
2026-04-20,24h_prior,Will the highest temperature in Hong Kong be 30°C on April 20?,event_label,outputs/v2/diagnostics/phase10_gp_market_comparison/phase10_exact_common_support_event_panel.csv
2026-04-20,24h_prior,Will the highest temperature in Hong Kong be 31°C or higher on April 20?,event_label,outputs/v2/diagnostics/phase10_gp_market_comparison/phase10_exact_common_support_event_panel.csv
2026-04-20,6h_prior,Will the highest temperature in Hong Kong be 21°C or below on April 20?,event_label,outputs/v2/diagnostics/phase10_gp_market_comparison/phase10_exact_common_support_event_panel.csv
2026-04-20,6h_prior,Will the highest temperature in Hong Kong be 22°C on April 20?,event_label,outputs/v2/diagnostics/phase10_gp_market_comparison/phase10_exact_common_support_event_panel.csv
2026-04-20,6h_prior,Will the highest temperature in Hong Kong be 23°C on April 20?,event_label,outputs/v2/diagnostics/phase10_gp_market_comparison/phase10_exact_common_support_event_panel.csv
2026-04-20,6h_prior,Will the highest temperature in Hong Kong be 24°C on April 20?,event_label,outputs/v2/diagnostics/phase10_gp_market_comparison/phase10_exact_common_support_event_panel.csv
2026-04-20,6h_prior,Will the highest temperature in Hong Kong be 25°C on April 20?,event_label,outputs/v2/diagnostics/phase10_gp_market_comparison/phase10_exact_common_support_event_panel.csv
2026-04-20,6h_prior,Will the highest temperature in Hong Kong be 26°C on April 20?,event_label,outputs/v2/diagnostics/phase10_gp_market_comparison/phase10_exact_common_support_event_panel.csv
2026-04-20,6h_prior,Will the highest temperature in Hong Kong be 27°C on April 20?,event_label,outputs/v2/diagnostics/phase10_gp_market_comparison/phase10_exact_common_support_event_panel.csv
2026-04-20,6h_prior,Will the highest temperature in Hong Kong be 28°C on April 20?,event_label,outputs/v2/diagnostics/phase10_gp_market_comparison/phase10_exact_common_support_event_panel.csv
2026-04-20,6h_prior,Will the highest temperature in Hong Kong be 29°C on April 20?,event_label,outputs/v2/diagnostics/phase10_gp_market_comparison/phase10_exact_common_support_event_panel.csv
2026-04-20,6h_prior,Will the highest temperature in Hong Kong be 30°C on April 20?,event_label,outputs/v2/diagnostics/phase10_gp_market_comparison/phase10_exact_common_support_event_panel.csv
2026-04-20,6h_prior,Will the highest temperature in Hong Kong be 31°C or higher on April 20?,event_label,outputs/v2/diagnostics/phase10_gp_market_comparison/phase10_exact_common_support_event_panel.csv
2026-04-20,event_day_open,Will the highest temperature in Hong Kong be 21°C or below on April 20?,event_label,outputs/v2/diagnostics/phase10_gp_market_comparison/phase10_exact_common_support_event_panel.csv
2026-04-20,event_day_open,Will the highest temperature in Hong Kong be 22°C on April 20?,event_label,outputs/v2/diagnostics/phase10_gp_market_comparison/phase10_exact_common_support_event_panel.csv
2026-04-20,event_day_open,Will the highest temperature in Hong Kong be 23°C on April 20?,event_label,outputs/v2/diagnostics/phase10_gp_market_comparison/phase10_exact_common_support_event_panel.csv
2026-04-20,event_day_open,Will the highest temperature in Hong Kong be 24°C on April 20?,event_label,outputs/v2/diagnostics/phase10_gp_market_comparison/phase10_exact_common_support_event_panel.csv
2026-04-20,event_day_open,Will the highest temperature in Hong Kong be 25°C on April 20?,event_label,outputs/v2/diagnostics/phase10_gp_market_comparison/phase10_exact_common_support_event_panel.csv
2026-04-20,event_day_open,Will the highest temperature in Hong Kong be 26°C on April 20?,event_label,outputs/v2/diagnostics/phase10_gp_market_comparison/phase10_exact_common_support_event_panel.csv
2026-04-20,event_day_open,Will the highest temperature in Hong Kong be 27°C on April 20?,event_label,outputs/v2/diagnostics/phase10_gp_market_comparison/phase10_exact_common_support_event_panel.csv
2026-04-20,event_day_open,Will the highest temperature in Hong Kong be 28°C on April 20?,event_label,outputs/v2/diagnostics/phase10_gp_market_comparison/phase10_exact_common_support_event_panel.csv
2026-04-20,event_day_open,Will the highest temperature in Hong Kong be 29°C on April 20?,event_label,outputs/v2/diagnostics/phase10_gp_market_comparison/phase10_exact_common_support_event_panel.csv
2026-04-20,event_day_open,Will the highest temperature in Hong Kong be 30°C on April 20?,event_label,outputs/v2/diagnostics/phase10_gp_market_comparison/phase10_exact_common_support_event_panel.csv
2026-04-20,event_day_open,Will the highest temperature in Hong Kong be 31°C or higher on April 20?,event_label,outputs/v2/diagnostics/phase10_gp_market_comparison/phase10_exact_common_support_event_panel.csv
2026-04-21,12h_prior,Will the highest temperature in Hong Kong be 21°C or below on April 21?,event_label,outputs/v2/diagnostics/phase10_gp_market_comparison/phase10_exact_common_support_event_panel.csv
2026-04-21,12h_prior,Will the highest temperature in Hong Kong be 22°C on April 21?,event_label,outputs/v2/diagnostics/phase10_gp_market_comparison/phase10_exact_common_support_event_panel.csv
2026-04-21,12h_prior,Will the highest temperature in Hong Kong be 23°C on April 21?,event_label,outputs/v2/diagnostics/phase10_gp_market_comparison/phase10_exact_common_support_event_panel.csv
2026-04-21,12h_prior,Will the highest temperature in Hong Kong be 24°C on April 21?,event_label,outputs/v2/diagnostics/phase10_gp_market_comparison/phase10_exact_common_support_event_panel.csv
2026-04-21,12h_prior,Will the highest temperature in Hong Kong be 25°C on April 21?,event_label,outputs/v2/diagnostics/phase10_gp_market_comparison/phase10_exact_common_support_event_panel.csv
2026-04-21,12h_prior,Will the highest temperature in Hong Kong be 26°C on April 21?,event_label,outputs/v2/diagnostics/phase10_gp_market_comparison/phase10_exact_common_support_event_panel.csv
2026-04-21,12h_prior,Will the highest temperature in Hong Kong be 27°C on April 21?,event_label,outputs/v2/diagnostics/phase10_gp_market_comparison/phase10_exact_common_support_event_panel.csv
2026-04-21,12h_prior,Will the highest temperature in Hong Kong be 28°C on April 21?,event_label,outputs/v2/diagnostics/phase10_gp_market_comparison/phase10_exact_common_support_event_panel.csv
2026-04-21,12h_prior,Will the highest temperature in Hong Kong be 29°C on April 21?,event_label,outputs/v2/diagnostics/phase10_gp_market_comparison/phase10_exact_common_support_event_panel.csv
2026-04-21,12h_prior,Will the highest temperature in Hong Kong be 30°C on April 21?,event_label,outputs/v2/diagnostics/phase10_gp_market_comparison/phase10_exact_common_support_event_panel.csv
2026-04-21,12h_prior,Will the highest temperature in Hong Kong be 31°C or higher on April 21?,event_label,outputs/v2/diagnostics/phase10_gp_market_comparison/phase10_exact_common_support_event_panel.csv
2026-04-21,24h_prior,Will the highest temperature in Hong Kong be 21°C or below on April 21?,event_label,outputs/v2/diagnostics/phase10_gp_market_comparison/phase10_exact_common_support_event_panel.csv
2026-04-21,24h_prior,Will the highest temperature in Hong Kong be 22°C on April 21?,event_label,outputs/v2/diagnostics/phase10_gp_market_comparison/phase10_exact_common_support_event_panel.csv
2026-04-21,24h_prior,Will the highest temperature in Hong Kong be 23°C on April 21?,event_label,outputs/v2/diagnostics/phase10_gp_market_comparison/phase10_exact_common_support_event_panel.csv
2026-04-21,24h_prior,Will the highest temperature in Hong Kong be 24°C on April 21?,event_label,outputs/v2/diagnostics/phase10_gp_market_comparison/phase10_exact_common_support_event_panel.csv
2026-04-21,24h_prior,Will the highest temperature in Hong Kong be 25°C on April 21?,event_label,outputs/v2/diagnostics/phase10_gp_market_comparison/phase10_exact_common_support_event_panel.csv
2026-04-21,24h_prior,Will the highest temperature in Hong Kong be 26°C on April 21?,event_label,outputs/v2/diagnostics/phase10_gp_market_comparison/phase10_exact_common_support_event_panel.csv
2026-04-21,24h_prior,Will the highest temperature in Hong Kong be 27°C on April 21?,event_label,outputs/v2/diagnostics/phase10_gp_market_comparison/phase10_exact_common_support_event_panel.csv
2026-04-21,24h_prior,Will the highest temperature in Hong Kong be 28°C on April 21?,event_label,outputs/v2/diagnostics/phase10_gp_market_comparison/phase10_exact_common_support_event_panel.csv
2026-04-21,24h_prior,Will the highest temperature in Hong Kong be 29°C on April 21?,event_label,outputs/v2/diagnostics/phase10_gp_market_comparison/phase10_exact_common_support_event_panel.csv
2026-04-21,24h_prior,Will the highest temperature in Hong Kong be 30°C on April 21?,event_label,outputs/v2/diagnostics/phase10_gp_market_comparison/phase10_exact_common_support_event_panel.csv
2026-04-21,24h_prior,Will the highest temperature in Hong Kong be 31°C or higher on April 21?,event_label,outputs/v2/diagnostics/phase10_gp_market_comparison/phase10_exact_common_support_event_panel.csv
2026-04-21,6h_prior,Will the highest temperature in Hong Kong be 21°C or below on April 21?,event_label,outputs/v2/diagnostics/phase10_gp_market_comparison/phase10_exact_common_support_event_panel.csv
2026-04-21,6h_prior,Will the highest temperature in Hong Kong be 22°C on April 21?,event_label,outputs/v2/diagnostics/phase10_gp_market_comparison/phase10_exact_common_support_event_panel.csv
2026-04-21,6h_prior,Will the highest temperature in Hong Kong be 23°C on April 21?,event_label,outputs/v2/diagnostics/phase10_gp_market_comparison/phase10_exact_common_support_event_panel.csv
2026-04-21,6h_prior,Will the highest temperature in Hong Kong be 24°C on April 21?,event_label,outputs/v2/diagnostics/phase10_gp_market_comparison/phase10_exact_common_support_event_panel.csv
2026-04-21,6h_prior,Will the highest temperature in Hong Kong be 25°C on April 21?,event_label,outputs/v2/diagnostics/phase10_gp_market_comparison/phase10_exact_common_support_event_panel.csv
2026-04-21,6h_prior,Will the highest temperature in Hong Kong be 26°C on April 21?,event_label,outputs/v2/diagnostics/phase10_gp_market_comparison/phase10_exact_common_support_event_panel.csv
2026-04-21,6h_prior,Will the highest temperature in Hong Kong be 27°C on April 21?,event_label,outputs/v2/diagnostics/phase10_gp_market_comparison/phase10_exact_common_support_event_panel.csv
2026-04-21,6h_prior,Will the highest temperature in Hong Kong be 28°C on April 21?,event_label,outputs/v2/diagnostics/phase10_gp_market_comparison/phase10_exact_common_support_event_panel.csv
2026-04-21,6h_prior,Will the highest temperature in Hong Kong be 29°C on April 21?,event_label,outputs/v2/diagnostics/phase10_gp_market_comparison/phase10_exact_common_support_event_panel.csv
2026-04-21,6h_prior,Will the highest temperature in Hong Kong be 30°C on April 21?,event_label,outputs/v2/diagnostics/phase10_gp_market_comparison/phase10_exact_common_support_event_panel.csv
2026-04-21,6h_prior,Will the highest temperature in Hong Kong be 31°C or higher on April 21?,event_label,outputs/v2/diagnostics/phase10_gp_market_comparison/phase10_exact_common_support_event_panel.csv
2026-04-21,event_day_open,Will the highest temperature in Hong Kong be 21°C or below on April 21?,event_label,outputs/v2/diagnostics/phase10_gp_market_comparison/phase10_exact_common_support_event_panel.csv
2026-04-21,event_day_open,Will the highest temperature in Hong Kong be 22°C on April 21?,event_label,outputs/v2/diagnostics/phase10_gp_market_comparison/phase10_exact_common_support_event_panel.csv
2026-04-21,event_day_open,Will the highest temperature in Hong Kong be 23°C on April 21?,event_label,outputs/v2/diagnostics/phase10_gp_market_comparison/phase10_exact_common_support_event_panel.csv
2026-04-21,event_day_open,Will the highest temperature in Hong Kong be 24°C on April 21?,event_label,outputs/v2/diagnostics/phase10_gp_market_comparison/phase10_exact_common_support_event_panel.csv
2026-04-21,event_day_open,Will the highest temperature in Hong Kong be 25°C on April 21?,event_label,outputs/v2/diagnostics/phase10_gp_market_comparison/phase10_exact_common_support_event_panel.csv
2026-04-21,event_day_open,Will the highest temperature in Hong Kong be 26°C on April 21?,event_label,outputs/v2/diagnostics/phase10_gp_market_comparison/phase10_exact_common_support_event_panel.csv
2026-04-21,event_day_open,Will the highest temperature in Hong Kong be 27°C on April 21?,event_label,outputs/v2/diagnostics/phase10_gp_market_comparison/phase10_exact_common_support_event_panel.csv
2026-04-21,event_day_open,Will the highest temperature in Hong Kong be 28°C on April 21?,event_label,outputs/v2/diagnostics/phase10_gp_market_comparison/phase10_exact_common_support_event_panel.csv
2026-04-21,event_day_open,Will the highest temperature in Hong Kong be 29°C on April 21?,event_label,outputs/v2/diagnostics/phase10_gp_market_comparison/phase10_exact_common_support_event_panel.csv
2026-04-21,event_day_open,Will the highest temperature in Hong Kong be 30°C on April 21?,event_label,outputs/v2/diagnostics/phase10_gp_market_comparison/phase10_exact_common_support_event_panel.csv
2026-04-21,event_day_open,Will the highest temperature in Hong Kong be 31°C or higher on April 21?,event_label,outputs/v2/diagnostics/phase10_gp_market_comparison/phase10_exact_common_support_event_panel.csv
2026-04-22,12h_prior,Will the highest temperature in Hong Kong be 21°C or below on April 22?,event_label,outputs/v2/diagnostics/phase10_gp_market_comparison/phase10_exact_common_support_event_panel.csv
2026-04-22,12h_prior,Will the highest temperature in Hong Kong be 22°C on April 22?,event_label,outputs/v2/diagnostics/phase10_gp_market_comparison/phase10_exact_common_support_event_panel.csv
2026-04-22,12h_prior,Will the highest temperature in Hong Kong be 23°C on April 22?,event_label,outputs/v2/diagnostics/phase10_gp_market_comparison/phase10_exact_common_support_event_panel.csv
2026-04-22,12h_prior,Will the highest temperature in Hong Kong be 24°C on April 22?,event_label,outputs/v2/diagnostics/phase10_gp_market_comparison/phase10_exact_common_support_event_panel.csv
2026-04-22,12h_prior,Will the highest temperature in Hong Kong be 25°C on April 22?,event_label,outputs/v2/diagnostics/phase10_gp_market_comparison/phase10_exact_common_support_event_panel.csv
2026-04-22,12h_prior,Will the highest temperature in Hong Kong be 26°C on April 22?,event_label,outputs/v2/diagnostics/phase10_gp_market_comparison/phase10_exact_common_support_event_panel.csv
2026-04-22,12h_prior,Will the highest temperature in Hong Kong be 27°C on April 22?,event_label,outputs/v2/diagnostics/phase10_gp_market_comparison/phase10_exact_common_support_event_panel.csv
2026-04-22,12h_prior,Will the highest temperature in Hong Kong be 28°C on April 22?,event_label,outputs/v2/diagnostics/phase10_gp_market_comparison/phase10_exact_common_support_event_panel.csv
2026-04-22,12h_prior,Will the highest temperature in Hong Kong be 29°C on April 22?,event_label,outputs/v2/diagnostics/phase10_gp_market_comparison/phase10_exact_common_support_event_panel.csv
2026-04-22,12h_prior,Will the highest temperature in Hong Kong be 30°C on April 22?,event_label,outputs/v2/diagnostics/phase10_gp_market_comparison/phase10_exact_common_support_event_panel.csv
2026-04-22,12h_prior,Will the highest temperature in Hong Kong be 31°C or higher on April 22?,event_label,outputs/v2/diagnostics/phase10_gp_market_comparison/phase10_exact_common_support_event_panel.csv
2026-04-22,24h_prior,Will the highest temperature in Hong Kong be 21°C or below on April 22?,event_label,outputs/v2/diagnostics/phase10_gp_market_comparison/phase10_exact_common_support_event_panel.csv
2026-04-22,24h_prior,Will the highest temperature in Hong Kong be 22°C on April 22?,event_label,outputs/v2/diagnostics/phase10_gp_market_comparison/phase10_exact_common_support_event_panel.csv
2026-04-22,24h_prior,Will the highest temperature in Hong Kong be 23°C on April 22?,event_label,outputs/v2/diagnostics/phase10_gp_market_comparison/phase10_exact_common_support_event_panel.csv
2026-04-22,24h_prior,Will the highest temperature in Hong Kong be 24°C on April 22?,event_label,outputs/v2/diagnostics/phase10_gp_market_comparison/phase10_exact_common_support_event_panel.csv
2026-04-22,24h_prior,Will the highest temperature in Hong Kong be 25°C on April 22?,event_label,outputs/v2/diagnostics/phase10_gp_market_comparison/phase10_exact_common_support_event_panel.csv
2026-04-22,24h_prior,Will the highest temperature in Hong Kong be 26°C on April 22?,event_label,outputs/v2/diagnostics/phase10_gp_market_comparison/phase10_exact_common_support_event_panel.csv
2026-04-22,24h_prior,Will the highest temperature in Hong Kong be 27°C on April 22?,event_label,outputs/v2/diagnostics/phase10_gp_market_comparison/phase10_exact_common_support_event_panel.csv
2026-04-22,24h_prior,Will the highest temperature in Hong Kong be 28°C on April 22?,event_label,outputs/v2/diagnostics/phase10_gp_market_comparison/phase10_exact_common_support_event_panel.csv
2026-04-22,24h_prior,Will the highest temperature in Hong Kong be 29°C on April 22?,event_label,outputs/v2/diagnostics/phase10_gp_market_comparison/phase10_exact_common_support_event_panel.csv
2026-04-22,24h_prior,Will the highest temperature in Hong Kong be 30°C on April 22?,event_label,outputs/v2/diagnostics/phase10_gp_market_comparison/phase10_exact_common_support_event_panel.csv
2026-04-22,24h_prior,Will the highest temperature in Hong Kong be 31°C or higher on April 22?,event_label,outputs/v2/diagnostics/phase10_gp_market_comparison/phase10_exact_common_support_event_panel.csv
2026-04-22,6h_prior,Will the highest temperature in Hong Kong be 21°C or below on April 22?,event_label,outputs/v2/diagnostics/phase10_gp_market_comparison/phase10_exact_common_support_event_panel.csv
2026-04-22,6h_prior,Will the highest temperature in Hong Kong be 22°C on April 22?,event_label,outputs/v2/diagnostics/phase10_gp_market_comparison/phase10_exact_common_support_event_panel.csv
2026-04-22,6h_prior,Will the highest temperature in Hong Kong be 23°C on April 22?,event_label,outputs/v2/diagnostics/phase10_gp_market_comparison/phase10_exact_common_support_event_panel.csv
2026-04-22,6h_prior,Will the highest temperature in Hong Kong be 24°C on April 22?,event_label,outputs/v2/diagnostics/phase10_gp_market_comparison/phase10_exact_common_support_event_panel.csv
2026-04-22,6h_prior,Will the highest temperature in Hong Kong be 25°C on April 22?,event_label,outputs/v2/diagnostics/phase10_gp_market_comparison/phase10_exact_common_support_event_panel.csv
2026-04-22,6h_prior,Will the highest temperature in Hong Kong be 26°C on April 22?,event_label,outputs/v2/diagnostics/phase10_gp_market_comparison/phase10_exact_common_support_event_panel.csv
2026-04-22,6h_prior,Will the highest temperature in Hong Kong be 27°C on April 22?,event_label,outputs/v2/diagnostics/phase10_gp_market_comparison/phase10_exact_common_support_event_panel.csv
2026-04-22,6h_prior,Will the highest temperature in Hong Kong be 28°C on April 22?,event_label,outputs/v2/diagnostics/phase10_gp_market_comparison/phase10_exact_common_support_event_panel.csv
2026-04-22,6h_prior,Will the highest temperature in Hong Kong be 29°C on April 22?,event_label,outputs/v2/diagnostics/phase10_gp_market_comparison/phase10_exact_common_support_event_panel.csv
2026-04-22,6h_prior,Will the highest temperature in Hong Kong be 30°C on April 22?,event_label,outputs/v2/diagnostics/phase10_gp_market_comparison/phase10_exact_common_support_event_panel.csv
2026-04-22,6h_prior,Will the highest temperature in Hong Kong be 31°C or higher on April 22?,event_label,outputs/v2/diagnostics/phase10_gp_market_comparison/phase10_exact_common_support_event_panel.csv
2026-04-22,event_day_open,Will the highest temperature in Hong Kong be 21°C or below on April 22?,event_label,outputs/v2/diagnostics/phase10_gp_market_comparison/phase10_exact_common_support_event_panel.csv
2026-04-22,event_day_open,Will the highest temperature in Hong Kong be 22°C on April 22?,event_label,outputs/v2/diagnostics/phase10_gp_market_comparison/phase10_exact_common_support_event_panel.csv
2026-04-22,event_day_open,Will the highest temperature in Hong Kong be 23°C on April 22?,event_label,outputs/v2/diagnostics/phase10_gp_market_comparison/phase10_exact_common_support_event_panel.csv
2026-04-22,event_day_open,Will the highest temperature in Hong Kong be 24°C on April 22?,event_label,outputs/v2/diagnostics/phase10_gp_market_comparison/phase10_exact_common_support_event_panel.csv
2026-04-22,event_day_open,Will the highest temperature in Hong Kong be 25°C on April 22?,event_label,outputs/v2/diagnostics/phase10_gp_market_comparison/phase10_exact_common_support_event_panel.csv
2026-04-22,event_day_open,Will the highest temperature in Hong Kong be 26°C on April 22?,event_label,outputs/v2/diagnostics/phase10_gp_market_comparison/phase10_exact_common_support_event_panel.csv
2026-04-22,event_day_open,Will the highest temperature in Hong Kong be 27°C on April 22?,event_label,outputs/v2/diagnostics/phase10_gp_market_comparison/phase10_exact_common_support_event_panel.csv
2026-04-22,event_day_open,Will the highest temperature in Hong Kong be 28°C on April 22?,event_label,outputs/v2/diagnostics/phase10_gp_market_comparison/phase10_exact_common_support_event_panel.csv
2026-04-22,event_day_open,Will the highest temperature in Hong Kong be 29°C on April 22?,event_label,outputs/v2/diagnostics/phase10_gp_market_comparison/phase10_exact_common_support_event_panel.csv
2026-04-22,event_day_open,Will the highest temperature in Hong Kong be 30°C on April 22?,event_label,outputs/v2/diagnostics/phase10_gp_market_comparison/phase10_exact_common_support_event_panel.csv
2026-04-22,event_day_open,Will the highest temperature in Hong Kong be 31°C or higher on April 22?,event_label,outputs/v2/diagnostics/phase10_gp_market_comparison/phase10_exact_common_support_event_panel.csv
2026-04-23,12h_prior,Will the highest temperature in Hong Kong be 21°C or below on April 23?,event_label,outputs/v2/diagnostics/phase10_gp_market_comparison/phase10_exact_common_support_event_panel.csv
2026-04-23,12h_prior,Will the highest temperature in Hong Kong be 22°C on April 23?,event_label,outputs/v2/diagnostics/phase10_gp_market_comparison/phase10_exact_common_support_event_panel.csv
2026-04-23,12h_prior,Will the highest temperature in Hong Kong be 23°C on April 23?,event_label,outputs/v2/diagnostics/phase10_gp_market_comparison/phase10_exact_common_support_event_panel.csv
2026-04-23,12h_prior,Will the highest temperature in Hong Kong be 24°C on April 23?,event_label,outputs/v2/diagnostics/phase10_gp_market_comparison/phase10_exact_common_support_event_panel.csv
2026-04-23,12h_prior,Will the highest temperature in Hong Kong be 25°C on April 23?,event_label,outputs/v2/diagnostics/phase10_gp_market_comparison/phase10_exact_common_support_event_panel.csv
2026-04-23,12h_prior,Will the highest temperature in Hong Kong be 26°C on April 23?,event_label,outputs/v2/diagnostics/phase10_gp_market_comparison/phase10_exact_common_support_event_panel.csv
2026-04-23,12h_prior,Will the highest temperature in Hong Kong be 27°C on April 23?,event_label,outputs/v2/diagnostics/phase10_gp_market_comparison/phase10_exact_common_support_event_panel.csv
2026-04-23,12h_prior,Will the highest temperature in Hong Kong be 28°C on April 23?,event_label,outputs/v2/diagnostics/phase10_gp_market_comparison/phase10_exact_common_support_event_panel.csv
2026-04-23,12h_prior,Will the highest temperature in Hong Kong be 29°C on April 23?,event_label,outputs/v2/diagnostics/phase10_gp_market_comparison/phase10_exact_common_support_event_panel.csv
2026-04-23,12h_prior,Will the highest temperature in Hong Kong be 30°C on April 23?,event_label,outputs/v2/diagnostics/phase10_gp_market_comparison/phase10_exact_common_support_event_panel.csv
2026-04-23,12h_prior,Will the highest temperature in Hong Kong be 31°C or higher on April 23?,event_label,outputs/v2/diagnostics/phase10_gp_market_comparison/phase10_exact_common_support_event_panel.csv
2026-04-23,24h_prior,Will the highest temperature in Hong Kong be 21°C or below on April 23?,event_label,outputs/v2/diagnostics/phase10_gp_market_comparison/phase10_exact_common_support_event_panel.csv
2026-04-23,24h_prior,Will the highest temperature in Hong Kong be 22°C on April 23?,event_label,outputs/v2/diagnostics/phase10_gp_market_comparison/phase10_exact_common_support_event_panel.csv
2026-04-23,24h_prior,Will the highest temperature in Hong Kong be 23°C on April 23?,event_label,outputs/v2/diagnostics/phase10_gp_market_comparison/phase10_exact_common_support_event_panel.csv
2026-04-23,24h_prior,Will the highest temperature in Hong Kong be 24°C on April 23?,event_label,outputs/v2/diagnostics/phase10_gp_market_comparison/phase10_exact_common_support_event_panel.csv
2026-04-23,24h_prior,Will the highest temperature in Hong Kong be 25°C on April 23?,event_label,outputs/v2/diagnostics/phase10_gp_market_comparison/phase10_exact_common_support_event_panel.csv
2026-04-23,24h_prior,Will the highest temperature in Hong Kong be 26°C on April 23?,event_label,outputs/v2/diagnostics/phase10_gp_market_comparison/phase10_exact_common_support_event_panel.csv
2026-04-23,24h_prior,Will the highest temperature in Hong Kong be 27°C on April 23?,event_label,outputs/v2/diagnostics/phase10_gp_market_comparison/phase10_exact_common_support_event_panel.csv
2026-04-23,24h_prior,Will the highest temperature in Hong Kong be 28°C on April 23?,event_label,outputs/v2/diagnostics/phase10_gp_market_comparison/phase10_exact_common_support_event_panel.csv
2026-04-23,24h_prior,Will the highest temperature in Hong Kong be 29°C on April 23?,event_label,outputs/v2/diagnostics/phase10_gp_market_comparison/phase10_exact_common_support_event_panel.csv
2026-04-23,24h_prior,Will the highest temperature in Hong Kong be 30°C on April 23?,event_label,outputs/v2/diagnostics/phase10_gp_market_comparison/phase10_exact_common_support_event_panel.csv
2026-04-23,24h_prior,Will the highest temperature in Hong Kong be 31°C or higher on April 23?,event_label,outputs/v2/diagnostics/phase10_gp_market_comparison/phase10_exact_common_support_event_panel.csv
2026-04-23,6h_prior,Will the highest temperature in Hong Kong be 21°C or below on April 23?,event_label,outputs/v2/diagnostics/phase10_gp_market_comparison/phase10_exact_common_support_event_panel.csv
2026-04-23,6h_prior,Will the highest temperature in Hong Kong be 22°C on April 23?,event_label,outputs/v2/diagnostics/phase10_gp_market_comparison/phase10_exact_common_support_event_panel.csv
2026-04-23,6h_prior,Will the highest temperature in Hong Kong be 23°C on April 23?,event_label,outputs/v2/diagnostics/phase10_gp_market_comparison/phase10_exact_common_support_event_panel.csv
2026-04-23,6h_prior,Will the highest temperature in Hong Kong be 24°C on April 23?,event_label,outputs/v2/diagnostics/phase10_gp_market_comparison/phase10_exact_common_support_event_panel.csv
2026-04-23,6h_prior,Will the highest temperature in Hong Kong be 25°C on April 23?,event_label,outputs/v2/diagnostics/phase10_gp_market_comparison/phase10_exact_common_support_event_panel.csv
2026-04-23,6h_prior,Will the highest temperature in Hong Kong be 26°C on April 23?,event_label,outputs/v2/diagnostics/phase10_gp_market_comparison/phase10_exact_common_support_event_panel.csv
2026-04-23,6h_prior,Will the highest temperature in Hong Kong be 27°C on April 23?,event_label,outputs/v2/diagnostics/phase10_gp_market_comparison/phase10_exact_common_support_event_panel.csv
2026-04-23,6h_prior,Will the highest temperature in Hong Kong be 28°C on April 23?,event_label,outputs/v2/diagnostics/phase10_gp_market_comparison/phase10_exact_common_support_event_panel.csv
2026-04-23,6h_prior,Will the highest temperature in Hong Kong be 29°C on April 23?,event_label,outputs/v2/diagnostics/phase10_gp_market_comparison/phase10_exact_common_support_event_panel.csv
2026-04-23,6h_prior,Will the highest temperature in Hong Kong be 30°C on April 23?,event_label,outputs/v2/diagnostics/phase10_gp_market_comparison/phase10_exact_common_support_event_panel.csv
2026-04-23,6h_prior,Will the highest temperature in Hong Kong be 31°C or higher on April 23?,event_label,outputs/v2/diagnostics/phase10_gp_market_comparison/phase10_exact_common_support_event_panel.csv
2026-04-23,event_day_open,Will the highest temperature in Hong Kong be 21°C or below on April 23?,event_label,outputs/v2/diagnostics/phase10_gp_market_comparison/phase10_exact_common_support_event_panel.csv
2026-04-23,event_day_open,Will the highest temperature in Hong Kong be 22°C on April 23?,event_label,outputs/v2/diagnostics/phase10_gp_market_comparison/phase10_exact_common_support_event_panel.csv
2026-04-23,event_day_open,Will the highest temperature in Hong Kong be 23°C on April 23?,event_label,outputs/v2/diagnostics/phase10_gp_market_comparison/phase10_exact_common_support_event_panel.csv
2026-04-23,event_day_open,Will the highest temperature in Hong Kong be 24°C on April 23?,event_label,outputs/v2/diagnostics/phase10_gp_market_comparison/phase10_exact_common_support_event_panel.csv
2026-04-23,event_day_open,Will the highest temperature in Hong Kong be 25°C on April 23?,event_label,outputs/v2/diagnostics/phase10_gp_market_comparison/phase10_exact_common_support_event_panel.csv
2026-04-23,event_day_open,Will the highest temperature in Hong Kong be 26°C on April 23?,event_label,outputs/v2/diagnostics/phase10_gp_market_comparison/phase10_exact_common_support_event_panel.csv
2026-04-23,event_day_open,Will the highest temperature in Hong Kong be 27°C on April 23?,event_label,outputs/v2/diagnostics/phase10_gp_market_comparison/phase10_exact_common_support_event_panel.csv
2026-04-23,event_day_open,Will the highest temperature in Hong Kong be 28°C on April 23?,event_label,outputs/v2/diagnostics/phase10_gp_market_comparison/phase10_exact_common_support_event_panel.csv
2026-04-23,event_day_open,Will the highest temperature in Hong Kong be 29°C on April 23?,event_label,outputs/v2/diagnostics/phase10_gp_market_comparison/phase10_exact_common_support_event_panel.csv
2026-04-23,event_day_open,Will the highest temperature in Hong Kong be 30°C on April 23?,event_label,outputs/v2/diagnostics/phase10_gp_market_comparison/phase10_exact_common_support_event_panel.csv
2026-04-23,event_day_open,Will the highest temperature in Hong Kong be 31°C or higher on April 23?,event_label,outputs/v2/diagnostics/phase10_gp_market_comparison/phase10_exact_common_support_event_panel.csv
2026-04-24,12h_prior,Will the highest temperature in Hong Kong be 18°C or below on April 24?,event_label,outputs/v2/diagnostics/phase10_gp_market_comparison/phase10_exact_common_support_event_panel.csv
2026-04-24,12h_prior,Will the highest temperature in Hong Kong be 19°C on April 24?,event_label,outputs/v2/diagnostics/phase10_gp_market_comparison/phase10_exact_common_support_event_panel.csv
2026-04-24,12h_prior,Will the highest temperature in Hong Kong be 20°C on April 24?,event_label,outputs/v2/diagnostics/phase10_gp_market_comparison/phase10_exact_common_support_event_panel.csv
2026-04-24,12h_prior,Will the highest temperature in Hong Kong be 21°C on April 24?,event_label,outputs/v2/diagnostics/phase10_gp_market_comparison/phase10_exact_common_support_event_panel.csv
2026-04-24,12h_prior,Will the highest temperature in Hong Kong be 22°C on April 24?,event_label,outputs/v2/diagnostics/phase10_gp_market_comparison/phase10_exact_common_support_event_panel.csv
2026-04-24,12h_prior,Will the highest temperature in Hong Kong be 23°C on April 24?,event_label,outputs/v2/diagnostics/phase10_gp_market_comparison/phase10_exact_common_support_event_panel.csv
2026-04-24,12h_prior,Will the highest temperature in Hong Kong be 24°C on April 24?,event_label,outputs/v2/diagnostics/phase10_gp_market_comparison/phase10_exact_common_support_event_panel.csv
2026-04-24,12h_prior,Will the highest temperature in Hong Kong be 25°C on April 24?,event_label,outputs/v2/diagnostics/phase10_gp_market_comparison/phase10_exact_common_support_event_panel.csv
2026-04-24,12h_prior,Will the highest temperature in Hong Kong be 26°C on April 24?,event_label,outputs/v2/diagnostics/phase10_gp_market_comparison/phase10_exact_common_support_event_panel.csv
2026-04-24,12h_prior,Will the highest temperature in Hong Kong be 27°C on April 24?,event_label,outputs/v2/diagnostics/phase10_gp_market_comparison/phase10_exact_common_support_event_panel.csv
2026-04-24,12h_prior,Will the highest temperature in Hong Kong be 28°C or higher on April 24?,event_label,outputs/v2/diagnostics/phase10_gp_market_comparison/phase10_exact_common_support_event_panel.csv
2026-04-24,24h_prior,Will the highest temperature in Hong Kong be 18°C or below on April 24?,event_label,outputs/v2/diagnostics/phase10_gp_market_comparison/phase10_exact_common_support_event_panel.csv
2026-04-24,24h_prior,Will the highest temperature in Hong Kong be 19°C on April 24?,event_label,outputs/v2/diagnostics/phase10_gp_market_comparison/phase10_exact_common_support_event_panel.csv
2026-04-24,24h_prior,Will the highest temperature in Hong Kong be 20°C on April 24?,event_label,outputs/v2/diagnostics/phase10_gp_market_comparison/phase10_exact_common_support_event_panel.csv
2026-04-24,24h_prior,Will the highest temperature in Hong Kong be 21°C on April 24?,event_label,outputs/v2/diagnostics/phase10_gp_market_comparison/phase10_exact_common_support_event_panel.csv
2026-04-24,24h_prior,Will the highest temperature in Hong Kong be 22°C on April 24?,event_label,outputs/v2/diagnostics/phase10_gp_market_comparison/phase10_exact_common_support_event_panel.csv
2026-04-24,24h_prior,Will the highest temperature in Hong Kong be 23°C on April 24?,event_label,outputs/v2/diagnostics/phase10_gp_market_comparison/phase10_exact_common_support_event_panel.csv
2026-04-24,24h_prior,Will the highest temperature in Hong Kong be 24°C on April 24?,event_label,outputs/v2/diagnostics/phase10_gp_market_comparison/phase10_exact_common_support_event_panel.csv
2026-04-24,24h_prior,Will the highest temperature in Hong Kong be 25°C on April 24?,event_label,outputs/v2/diagnostics/phase10_gp_market_comparison/phase10_exact_common_support_event_panel.csv
2026-04-24,24h_prior,Will the highest temperature in Hong Kong be 26°C on April 24?,event_label,outputs/v2/diagnostics/phase10_gp_market_comparison/phase10_exact_common_support_event_panel.csv
2026-04-24,24h_prior,Will the highest temperature in Hong Kong be 27°C on April 24?,event_label,outputs/v2/diagnostics/phase10_gp_market_comparison/phase10_exact_common_support_event_panel.csv
2026-04-24,24h_prior,Will the highest temperature in Hong Kong be 28°C or higher on April 24?,event_label,outputs/v2/diagnostics/phase10_gp_market_comparison/phase10_exact_common_support_event_panel.csv
2026-04-24,6h_prior,Will the highest temperature in Hong Kong be 18°C or below on April 24?,event_label,outputs/v2/diagnostics/phase10_gp_market_comparison/phase10_exact_common_support_event_panel.csv
2026-04-24,6h_prior,Will the highest temperature in Hong Kong be 19°C on April 24?,event_label,outputs/v2/diagnostics/phase10_gp_market_comparison/phase10_exact_common_support_event_panel.csv
2026-04-24,6h_prior,Will the highest temperature in Hong Kong be 20°C on April 24?,event_label,outputs/v2/diagnostics/phase10_gp_market_comparison/phase10_exact_common_support_event_panel.csv
2026-04-24,6h_prior,Will the highest temperature in Hong Kong be 21°C on April 24?,event_label,outputs/v2/diagnostics/phase10_gp_market_comparison/phase10_exact_common_support_event_panel.csv
2026-04-24,6h_prior,Will the highest temperature in Hong Kong be 22°C on April 24?,event_label,outputs/v2/diagnostics/phase10_gp_market_comparison/phase10_exact_common_support_event_panel.csv
2026-04-24,6h_prior,Will the highest temperature in Hong Kong be 23°C on April 24?,event_label,outputs/v2/diagnostics/phase10_gp_market_comparison/phase10_exact_common_support_event_panel.csv
2026-04-24,6h_prior,Will the highest temperature in Hong Kong be 24°C on April 24?,event_label,outputs/v2/diagnostics/phase10_gp_market_comparison/phase10_exact_common_support_event_panel.csv
2026-04-24,6h_prior,Will the highest temperature in Hong Kong be 25°C on April 24?,event_label,outputs/v2/diagnostics/phase10_gp_market_comparison/phase10_exact_common_support_event_panel.csv
2026-04-24,6h_prior,Will the highest temperature in Hong Kong be 26°C on April 24?,event_label,outputs/v2/diagnostics/phase10_gp_market_comparison/phase10_exact_common_support_event_panel.csv
2026-04-24,6h_prior,Will the highest temperature in Hong Kong be 27°C on April 24?,event_label,outputs/v2/diagnostics/phase10_gp_market_comparison/phase10_exact_common_support_event_panel.csv
2026-04-24,6h_prior,Will the highest temperature in Hong Kong be 28°C or higher on April 24?,event_label,outputs/v2/diagnostics/phase10_gp_market_comparison/phase10_exact_common_support_event_panel.csv
2026-04-24,event_day_open,Will the highest temperature in Hong Kong be 18°C or below on April 24?,event_label,outputs/v2/diagnostics/phase10_gp_market_comparison/phase10_exact_common_support_event_panel.csv
2026-04-24,event_day_open,Will the highest temperature in Hong Kong be 19°C on April 24?,event_label,outputs/v2/diagnostics/phase10_gp_market_comparison/phase10_exact_common_support_event_panel.csv
2026-04-24,event_day_open,Will the highest temperature in Hong Kong be 20°C on April 24?,event_label,outputs/v2/diagnostics/phase10_gp_market_comparison/phase10_exact_common_support_event_panel.csv
2026-04-24,event_day_open,Will the highest temperature in Hong Kong be 21°C on April 24?,event_label,outputs/v2/diagnostics/phase10_gp_market_comparison/phase10_exact_common_support_event_panel.csv
2026-04-24,event_day_open,Will the highest temperature in Hong Kong be 22°C on April 24?,event_label,outputs/v2/diagnostics/phase10_gp_market_comparison/phase10_exact_common_support_event_panel.csv
2026-04-24,event_day_open,Will the highest temperature in Hong Kong be 23°C on April 24?,event_label,outputs/v2/diagnostics/phase10_gp_market_comparison/phase10_exact_common_support_event_panel.csv
2026-04-24,event_day_open,Will the highest temperature in Hong Kong be 24°C on April 24?,event_label,outputs/v2/diagnostics/phase10_gp_market_comparison/phase10_exact_common_support_event_panel.csv
2026-04-24,event_day_open,Will the highest temperature in Hong Kong be 25°C on April 24?,event_label,outputs/v2/diagnostics/phase10_gp_market_comparison/phase10_exact_common_support_event_panel.csv
2026-04-24,event_day_open,Will the highest temperature in Hong Kong be 26°C on April 24?,event_label,outputs/v2/diagnostics/phase10_gp_market_comparison/phase10_exact_common_support_event_panel.csv
2026-04-24,event_day_open,Will the highest temperature in Hong Kong be 27°C on April 24?,event_label,outputs/v2/diagnostics/phase10_gp_market_comparison/phase10_exact_common_support_event_panel.csv
2026-04-24,event_day_open,Will the highest temperature in Hong Kong be 28°C or higher on April 24?,event_label,outputs/v2/diagnostics/phase10_gp_market_comparison/phase10_exact_common_support_event_panel.csv
2026-04-25,12h_prior,Will the highest temperature in Hong Kong be 19°C or below on April 25?,event_label,outputs/v2/diagnostics/phase10_gp_market_comparison/phase10_exact_common_support_event_panel.csv
2026-04-25,12h_prior,Will the highest temperature in Hong Kong be 20°C on April 25?,event_label,outputs/v2/diagnostics/phase10_gp_market_comparison/phase10_exact_common_support_event_panel.csv
2026-04-25,12h_prior,Will the highest temperature in Hong Kong be 21°C on April 25?,event_label,outputs/v2/diagnostics/phase10_gp_market_comparison/phase10_exact_common_support_event_panel.csv
2026-04-25,12h_prior,Will the highest temperature in Hong Kong be 22°C on April 25?,event_label,outputs/v2/diagnostics/phase10_gp_market_comparison/phase10_exact_common_support_event_panel.csv
2026-04-25,12h_prior,Will the highest temperature in Hong Kong be 23°C on April 25?,event_label,outputs/v2/diagnostics/phase10_gp_market_comparison/phase10_exact_common_support_event_panel.csv
2026-04-25,12h_prior,Will the highest temperature in Hong Kong be 24°C on April 25?,event_label,outputs/v2/diagnostics/phase10_gp_market_comparison/phase10_exact_common_support_event_panel.csv
2026-04-25,12h_prior,Will the highest temperature in Hong Kong be 25°C on April 25?,event_label,outputs/v2/diagnostics/phase10_gp_market_comparison/phase10_exact_common_support_event_panel.csv
2026-04-25,12h_prior,Will the highest temperature in Hong Kong be 26°C on April 25?,event_label,outputs/v2/diagnostics/phase10_gp_market_comparison/phase10_exact_common_support_event_panel.csv
2026-04-25,12h_prior,Will the highest temperature in Hong Kong be 27°C on April 25?,event_label,outputs/v2/diagnostics/phase10_gp_market_comparison/phase10_exact_common_support_event_panel.csv
2026-04-25,12h_prior,Will the highest temperature in Hong Kong be 28°C on April 25?,event_label,outputs/v2/diagnostics/phase10_gp_market_comparison/phase10_exact_common_support_event_panel.csv
2026-04-25,12h_prior,Will the highest temperature in Hong Kong be 29°C or higher on April 25?,event_label,outputs/v2/diagnostics/phase10_gp_market_comparison/phase10_exact_common_support_event_panel.csv
2026-04-25,24h_prior,Will the highest temperature in Hong Kong be 19°C or below on April 25?,event_label,outputs/v2/diagnostics/phase10_gp_market_comparison/phase10_exact_common_support_event_panel.csv
2026-04-25,24h_prior,Will the highest temperature in Hong Kong be 20°C on April 25?,event_label,outputs/v2/diagnostics/phase10_gp_market_comparison/phase10_exact_common_support_event_panel.csv
2026-04-25,24h_prior,Will the highest temperature in Hong Kong be 21°C on April 25?,event_label,outputs/v2/diagnostics/phase10_gp_market_comparison/phase10_exact_common_support_event_panel.csv
2026-04-25,24h_prior,Will the highest temperature in Hong Kong be 22°C on April 25?,event_label,outputs/v2/diagnostics/phase10_gp_market_comparison/phase10_exact_common_support_event_panel.csv
2026-04-25,24h_prior,Will the highest temperature in Hong Kong be 23°C on April 25?,event_label,outputs/v2/diagnostics/phase10_gp_market_comparison/phase10_exact_common_support_event_panel.csv
2026-04-25,24h_prior,Will the highest temperature in Hong Kong be 24°C on April 25?,event_label,outputs/v2/diagnostics/phase10_gp_market_comparison/phase10_exact_common_support_event_panel.csv
2026-04-25,24h_prior,Will the highest temperature in Hong Kong be 25°C on April 25?,event_label,outputs/v2/diagnostics/phase10_gp_market_comparison/phase10_exact_common_support_event_panel.csv
2026-04-25,24h_prior,Will the highest temperature in Hong Kong be 26°C on April 25?,event_label,outputs/v2/diagnostics/phase10_gp_market_comparison/phase10_exact_common_support_event_panel.csv
2026-04-25,24h_prior,Will the highest temperature in Hong Kong be 27°C on April 25?,event_label,outputs/v2/diagnostics/phase10_gp_market_comparison/phase10_exact_common_support_event_panel.csv
2026-04-25,24h_prior,Will the highest temperature in Hong Kong be 28°C on April 25?,event_label,outputs/v2/diagnostics/phase10_gp_market_comparison/phase10_exact_common_support_event_panel.csv
2026-04-25,24h_prior,Will the highest temperature in Hong Kong be 29°C or higher on April 25?,event_label,outputs/v2/diagnostics/phase10_gp_market_comparison/phase10_exact_common_support_event_panel.csv
2026-04-25,6h_prior,Will the highest temperature in Hong Kong be 19°C or below on April 25?,event_label,outputs/v2/diagnostics/phase10_gp_market_comparison/phase10_exact_common_support_event_panel.csv
2026-04-25,6h_prior,Will the highest temperature in Hong Kong be 20°C on April 25?,event_label,outputs/v2/diagnostics/phase10_gp_market_comparison/phase10_exact_common_support_event_panel.csv
2026-04-25,6h_prior,Will the highest temperature in Hong Kong be 21°C on April 25?,event_label,outputs/v2/diagnostics/phase10_gp_market_comparison/phase10_exact_common_support_event_panel.csv
2026-04-25,6h_prior,Will the highest temperature in Hong Kong be 22°C on April 25?,event_label,outputs/v2/diagnostics/phase10_gp_market_comparison/phase10_exact_common_support_event_panel.csv
2026-04-25,6h_prior,Will the highest temperature in Hong Kong be 23°C on April 25?,event_label,outputs/v2/diagnostics/phase10_gp_market_comparison/phase10_exact_common_support_event_panel.csv
2026-04-25,6h_prior,Will the highest temperature in Hong Kong be 24°C on April 25?,event_label,outputs/v2/diagnostics/phase10_gp_market_comparison/phase10_exact_common_support_event_panel.csv
2026-04-25,6h_prior,Will the highest temperature in Hong Kong be 25°C on April 25?,event_label,outputs/v2/diagnostics/phase10_gp_market_comparison/phase10_exact_common_support_event_panel.csv
2026-04-25,6h_prior,Will the highest temperature in Hong Kong be 26°C on April 25?,event_label,outputs/v2/diagnostics/phase10_gp_market_comparison/phase10_exact_common_support_event_panel.csv
2026-04-25,6h_prior,Will the highest temperature in Hong Kong be 27°C on April 25?,event_label,outputs/v2/diagnostics/phase10_gp_market_comparison/phase10_exact_common_support_event_panel.csv
2026-04-25,6h_prior,Will the highest temperature in Hong Kong be 28°C on April 25?,event_label,outputs/v2/diagnostics/phase10_gp_market_comparison/phase10_exact_common_support_event_panel.csv
2026-04-25,6h_prior,Will the highest temperature in Hong Kong be 29°C or higher on April 25?,event_label,outputs/v2/diagnostics/phase10_gp_market_comparison/phase10_exact_common_support_event_panel.csv
2026-04-25,event_day_open,Will the highest temperature in Hong Kong be 19°C or below on April 25?,event_label,outputs/v2/diagnostics/phase10_gp_market_comparison/phase10_exact_common_support_event_panel.csv
2026-04-25,event_day_open,Will the highest temperature in Hong Kong be 20°C on April 25?,event_label,outputs/v2/diagnostics/phase10_gp_market_comparison/phase10_exact_common_support_event_panel.csv
2026-04-25,event_day_open,Will the highest temperature in Hong Kong be 21°C on April 25?,event_label,outputs/v2/diagnostics/phase10_gp_market_comparison/phase10_exact_common_support_event_panel.csv
2026-04-25,event_day_open,Will the highest temperature in Hong Kong be 22°C on April 25?,event_label,outputs/v2/diagnostics/phase10_gp_market_comparison/phase10_exact_common_support_event_panel.csv
2026-04-25,event_day_open,Will the highest temperature in Hong Kong be 23°C on April 25?,event_label,outputs/v2/diagnostics/phase10_gp_market_comparison/phase10_exact_common_support_event_panel.csv
2026-04-25,event_day_open,Will the highest temperature in Hong Kong be 24°C on April 25?,event_label,outputs/v2/diagnostics/phase10_gp_market_comparison/phase10_exact_common_support_event_panel.csv
2026-04-25,event_day_open,Will the highest temperature in Hong Kong be 25°C on April 25?,event_label,outputs/v2/diagnostics/phase10_gp_market_comparison/phase10_exact_common_support_event_panel.csv
2026-04-25,event_day_open,Will the highest temperature in Hong Kong be 26°C on April 25?,event_label,outputs/v2/diagnostics/phase10_gp_market_comparison/phase10_exact_common_support_event_panel.csv
2026-04-25,event_day_open,Will the highest temperature in Hong Kong be 27°C on April 25?,event_label,outputs/v2/diagnostics/phase10_gp_market_comparison/phase10_exact_common_support_event_panel.csv
2026-04-25,event_day_open,Will the highest temperature in Hong Kong be 28°C on April 25?,event_label,outputs/v2/diagnostics/phase10_gp_market_comparison/phase10_exact_common_support_event_panel.csv
2026-04-25,event_day_open,Will the highest temperature in Hong Kong be 29°C or higher on April 25?,event_label,outputs/v2/diagnostics/phase10_gp_market_comparison/phase10_exact_common_support_event_panel.csv
2026-04-26,12h_prior,Will the highest temperature in Hong Kong be 20°C or below on April 26?,event_label,outputs/v2/diagnostics/phase10_gp_market_comparison/phase10_exact_common_support_event_panel.csv
2026-04-26,12h_prior,Will the highest temperature in Hong Kong be 21°C on April 26?,event_label,outputs/v2/diagnostics/phase10_gp_market_comparison/phase10_exact_common_support_event_panel.csv
2026-04-26,12h_prior,Will the highest temperature in Hong Kong be 22°C on April 26?,event_label,outputs/v2/diagnostics/phase10_gp_market_comparison/phase10_exact_common_support_event_panel.csv
2026-04-26,12h_prior,Will the highest temperature in Hong Kong be 23°C on April 26?,event_label,outputs/v2/diagnostics/phase10_gp_market_comparison/phase10_exact_common_support_event_panel.csv
2026-04-26,12h_prior,Will the highest temperature in Hong Kong be 24°C on April 26?,event_label,outputs/v2/diagnostics/phase10_gp_market_comparison/phase10_exact_common_support_event_panel.csv
2026-04-26,12h_prior,Will the highest temperature in Hong Kong be 25°C on April 26?,event_label,outputs/v2/diagnostics/phase10_gp_market_comparison/phase10_exact_common_support_event_panel.csv
2026-04-26,12h_prior,Will the highest temperature in Hong Kong be 26°C on April 26?,event_label,outputs/v2/diagnostics/phase10_gp_market_comparison/phase10_exact_common_support_event_panel.csv
2026-04-26,12h_prior,Will the highest temperature in Hong Kong be 27°C on April 26?,event_label,outputs/v2/diagnostics/phase10_gp_market_comparison/phase10_exact_common_support_event_panel.csv
2026-04-26,12h_prior,Will the highest temperature in Hong Kong be 28°C on April 26?,event_label,outputs/v2/diagnostics/phase10_gp_market_comparison/phase10_exact_common_support_event_panel.csv
2026-04-26,12h_prior,Will the highest temperature in Hong Kong be 29°C on April 26?,event_label,outputs/v2/diagnostics/phase10_gp_market_comparison/phase10_exact_common_support_event_panel.csv
2026-04-26,12h_prior,Will the highest temperature in Hong Kong be 30°C or higher on April 26?,event_label,outputs/v2/diagnostics/phase10_gp_market_comparison/phase10_exact_common_support_event_panel.csv
2026-04-26,24h_prior,Will the highest temperature in Hong Kong be 20°C or below on April 26?,event_label,outputs/v2/diagnostics/phase10_gp_market_comparison/phase10_exact_common_support_event_panel.csv
2026-04-26,24h_prior,Will the highest temperature in Hong Kong be 21°C on April 26?,event_label,outputs/v2/diagnostics/phase10_gp_market_comparison/phase10_exact_common_support_event_panel.csv
2026-04-26,24h_prior,Will the highest temperature in Hong Kong be 22°C on April 26?,event_label,outputs/v2/diagnostics/phase10_gp_market_comparison/phase10_exact_common_support_event_panel.csv
2026-04-26,24h_prior,Will the highest temperature in Hong Kong be 23°C on April 26?,event_label,outputs/v2/diagnostics/phase10_gp_market_comparison/phase10_exact_common_support_event_panel.csv
2026-04-26,24h_prior,Will the highest temperature in Hong Kong be 24°C on April 26?,event_label,outputs/v2/diagnostics/phase10_gp_market_comparison/phase10_exact_common_support_event_panel.csv
2026-04-26,24h_prior,Will the highest temperature in Hong Kong be 25°C on April 26?,event_label,outputs/v2/diagnostics/phase10_gp_market_comparison/phase10_exact_common_support_event_panel.csv
2026-04-26,24h_prior,Will the highest temperature in Hong Kong be 26°C on April 26?,event_label,outputs/v2/diagnostics/phase10_gp_market_comparison/phase10_exact_common_support_event_panel.csv
2026-04-26,24h_prior,Will the highest temperature in Hong Kong be 27°C on April 26?,event_label,outputs/v2/diagnostics/phase10_gp_market_comparison/phase10_exact_common_support_event_panel.csv
2026-04-26,24h_prior,Will the highest temperature in Hong Kong be 28°C on April 26?,event_label,outputs/v2/diagnostics/phase10_gp_market_comparison/phase10_exact_common_support_event_panel.csv
2026-04-26,24h_prior,Will the highest temperature in Hong Kong be 29°C on April 26?,event_label,outputs/v2/diagnostics/phase10_gp_market_comparison/phase10_exact_common_support_event_panel.csv
2026-04-26,24h_prior,Will the highest temperature in Hong Kong be 30°C or higher on April 26?,event_label,outputs/v2/diagnostics/phase10_gp_market_comparison/phase10_exact_common_support_event_panel.csv
2026-04-26,6h_prior,Will the highest temperature in Hong Kong be 20°C or below on April 26?,event_label,outputs/v2/diagnostics/phase10_gp_market_comparison/phase10_exact_common_support_event_panel.csv
2026-04-26,6h_prior,Will the highest temperature in Hong Kong be 21°C on April 26?,event_label,outputs/v2/diagnostics/phase10_gp_market_comparison/phase10_exact_common_support_event_panel.csv
2026-04-26,6h_prior,Will the highest temperature in Hong Kong be 22°C on April 26?,event_label,outputs/v2/diagnostics/phase10_gp_market_comparison/phase10_exact_common_support_event_panel.csv
2026-04-26,6h_prior,Will the highest temperature in Hong Kong be 23°C on April 26?,event_label,outputs/v2/diagnostics/phase10_gp_market_comparison/phase10_exact_common_support_event_panel.csv
2026-04-26,6h_prior,Will the highest temperature in Hong Kong be 24°C on April 26?,event_label,outputs/v2/diagnostics/phase10_gp_market_comparison/phase10_exact_common_support_event_panel.csv
2026-04-26,6h_prior,Will the highest temperature in Hong Kong be 25°C on April 26?,event_label,outputs/v2/diagnostics/phase10_gp_market_comparison/phase10_exact_common_support_event_panel.csv
2026-04-26,6h_prior,Will the highest temperature in Hong Kong be 26°C on April 26?,event_label,outputs/v2/diagnostics/phase10_gp_market_comparison/phase10_exact_common_support_event_panel.csv
2026-04-26,6h_prior,Will the highest temperature in Hong Kong be 27°C on April 26?,event_label,outputs/v2/diagnostics/phase10_gp_market_comparison/phase10_exact_common_support_event_panel.csv
2026-04-26,6h_prior,Will the highest temperature in Hong Kong be 28°C on April 26?,event_label,outputs/v2/diagnostics/phase10_gp_market_comparison/phase10_exact_common_support_event_panel.csv
2026-04-26,6h_prior,Will the highest temperature in Hong Kong be 29°C on April 26?,event_label,outputs/v2/diagnostics/phase10_gp_market_comparison/phase10_exact_common_support_event_panel.csv
2026-04-26,6h_prior,Will the highest temperature in Hong Kong be 30°C or higher on April 26?,event_label,outputs/v2/diagnostics/phase10_gp_market_comparison/phase10_exact_common_support_event_panel.csv
2026-04-26,event_day_open,Will the highest temperature in Hong Kong be 20°C or below on April 26?,event_label,outputs/v2/diagnostics/phase10_gp_market_comparison/phase10_exact_common_support_event_panel.csv
2026-04-26,event_day_open,Will the highest temperature in Hong Kong be 21°C on April 26?,event_label,outputs/v2/diagnostics/phase10_gp_market_comparison/phase10_exact_common_support_event_panel.csv
2026-04-26,event_day_open,Will the highest temperature in Hong Kong be 22°C on April 26?,event_label,outputs/v2/diagnostics/phase10_gp_market_comparison/phase10_exact_common_support_event_panel.csv
2026-04-26,event_day_open,Will the highest temperature in Hong Kong be 23°C on April 26?,event_label,outputs/v2/diagnostics/phase10_gp_market_comparison/phase10_exact_common_support_event_panel.csv
2026-04-26,event_day_open,Will the highest temperature in Hong Kong be 24°C on April 26?,event_label,outputs/v2/diagnostics/phase10_gp_market_comparison/phase10_exact_common_support_event_panel.csv
2026-04-26,event_day_open,Will the highest temperature in Hong Kong be 25°C on April 26?,event_label,outputs/v2/diagnostics/phase10_gp_market_comparison/phase10_exact_common_support_event_panel.csv
2026-04-26,event_day_open,Will the highest temperature in Hong Kong be 26°C on April 26?,event_label,outputs/v2/diagnostics/phase10_gp_market_comparison/phase10_exact_common_support_event_panel.csv
2026-04-26,event_day_open,Will the highest temperature in Hong Kong be 27°C on April 26?,event_label,outputs/v2/diagnostics/phase10_gp_market_comparison/phase10_exact_common_support_event_panel.csv
2026-04-26,event_day_open,Will the highest temperature in Hong Kong be 28°C on April 26?,event_label,outputs/v2/diagnostics/phase10_gp_market_comparison/phase10_exact_common_support_event_panel.csv
2026-04-26,event_day_open,Will the highest temperature in Hong Kong be 29°C on April 26?,event_label,outputs/v2/diagnostics/phase10_gp_market_comparison/phase10_exact_common_support_event_panel.csv
2026-04-26,event_day_open,Will the highest temperature in Hong Kong be 30°C or higher on April 26?,event_label,outputs/v2/diagnostics/phase10_gp_market_comparison/phase10_exact_common_support_event_panel.csv
2026-04-27,12h_prior,Will the highest temperature in Hong Kong be 20°C or below on April 27?,event_label,outputs/v2/diagnostics/phase10_gp_market_comparison/phase10_exact_common_support_event_panel.csv
2026-04-27,12h_prior,Will the highest temperature in Hong Kong be 21°C on April 27?,event_label,outputs/v2/diagnostics/phase10_gp_market_comparison/phase10_exact_common_support_event_panel.csv
2026-04-27,12h_prior,Will the highest temperature in Hong Kong be 22°C on April 27?,event_label,outputs/v2/diagnostics/phase10_gp_market_comparison/phase10_exact_common_support_event_panel.csv
2026-04-27,12h_prior,Will the highest temperature in Hong Kong be 23°C on April 27?,event_label,outputs/v2/diagnostics/phase10_gp_market_comparison/phase10_exact_common_support_event_panel.csv
2026-04-27,12h_prior,Will the highest temperature in Hong Kong be 24°C on April 27?,event_label,outputs/v2/diagnostics/phase10_gp_market_comparison/phase10_exact_common_support_event_panel.csv
2026-04-27,12h_prior,Will the highest temperature in Hong Kong be 25°C on April 27?,event_label,outputs/v2/diagnostics/phase10_gp_market_comparison/phase10_exact_common_support_event_panel.csv
2026-04-27,12h_prior,Will the highest temperature in Hong Kong be 26°C on April 27?,event_label,outputs/v2/diagnostics/phase10_gp_market_comparison/phase10_exact_common_support_event_panel.csv
2026-04-27,12h_prior,Will the highest temperature in Hong Kong be 27°C on April 27?,event_label,outputs/v2/diagnostics/phase10_gp_market_comparison/phase10_exact_common_support_event_panel.csv
2026-04-27,12h_prior,Will the highest temperature in Hong Kong be 28°C on April 27?,event_label,outputs/v2/diagnostics/phase10_gp_market_comparison/phase10_exact_common_support_event_panel.csv
2026-04-27,12h_prior,Will the highest temperature in Hong Kong be 29°C on April 27?,event_label,outputs/v2/diagnostics/phase10_gp_market_comparison/phase10_exact_common_support_event_panel.csv
2026-04-27,12h_prior,Will the highest temperature in Hong Kong be 30°C or higher on April 27?,event_label,outputs/v2/diagnostics/phase10_gp_market_comparison/phase10_exact_common_support_event_panel.csv
2026-04-27,24h_prior,Will the highest temperature in Hong Kong be 20°C or below on April 27?,event_label,outputs/v2/diagnostics/phase10_gp_market_comparison/phase10_exact_common_support_event_panel.csv
2026-04-27,24h_prior,Will the highest temperature in Hong Kong be 21°C on April 27?,event_label,outputs/v2/diagnostics/phase10_gp_market_comparison/phase10_exact_common_support_event_panel.csv
2026-04-27,24h_prior,Will the highest temperature in Hong Kong be 22°C on April 27?,event_label,outputs/v2/diagnostics/phase10_gp_market_comparison/phase10_exact_common_support_event_panel.csv
2026-04-27,24h_prior,Will the highest temperature in Hong Kong be 23°C on April 27?,event_label,outputs/v2/diagnostics/phase10_gp_market_comparison/phase10_exact_common_support_event_panel.csv
2026-04-27,24h_prior,Will the highest temperature in Hong Kong be 24°C on April 27?,event_label,outputs/v2/diagnostics/phase10_gp_market_comparison/phase10_exact_common_support_event_panel.csv
2026-04-27,24h_prior,Will the highest temperature in Hong Kong be 25°C on April 27?,event_label,outputs/v2/diagnostics/phase10_gp_market_comparison/phase10_exact_common_support_event_panel.csv
2026-04-27,24h_prior,Will the highest temperature in Hong Kong be 26°C on April 27?,event_label,outputs/v2/diagnostics/phase10_gp_market_comparison/phase10_exact_common_support_event_panel.csv
2026-04-27,24h_prior,Will the highest temperature in Hong Kong be 27°C on April 27?,event_label,outputs/v2/diagnostics/phase10_gp_market_comparison/phase10_exact_common_support_event_panel.csv
2026-04-27,24h_prior,Will the highest temperature in Hong Kong be 28°C on April 27?,event_label,outputs/v2/diagnostics/phase10_gp_market_comparison/phase10_exact_common_support_event_panel.csv
2026-04-27,24h_prior,Will the highest temperature in Hong Kong be 29°C on April 27?,event_label,outputs/v2/diagnostics/phase10_gp_market_comparison/phase10_exact_common_support_event_panel.csv
2026-04-27,24h_prior,Will the highest temperature in Hong Kong be 30°C or higher on April 27?,event_label,outputs/v2/diagnostics/phase10_gp_market_comparison/phase10_exact_common_support_event_panel.csv
2026-04-27,6h_prior,Will the highest temperature in Hong Kong be 20°C or below on April 27?,event_label,outputs/v2/diagnostics/phase10_gp_market_comparison/phase10_exact_common_support_event_panel.csv
2026-04-27,6h_prior,Will the highest temperature in Hong Kong be 21°C on April 27?,event_label,outputs/v2/diagnostics/phase10_gp_market_comparison/phase10_exact_common_support_event_panel.csv
2026-04-27,6h_prior,Will the highest temperature in Hong Kong be 22°C on April 27?,event_label,outputs/v2/diagnostics/phase10_gp_market_comparison/phase10_exact_common_support_event_panel.csv
2026-04-27,6h_prior,Will the highest temperature in Hong Kong be 23°C on April 27?,event_label,outputs/v2/diagnostics/phase10_gp_market_comparison/phase10_exact_common_support_event_panel.csv
2026-04-27,6h_prior,Will the highest temperature in Hong Kong be 24°C on April 27?,event_label,outputs/v2/diagnostics/phase10_gp_market_comparison/phase10_exact_common_support_event_panel.csv
2026-04-27,6h_prior,Will the highest temperature in Hong Kong be 25°C on April 27?,event_label,outputs/v2/diagnostics/phase10_gp_market_comparison/phase10_exact_common_support_event_panel.csv
2026-04-27,6h_prior,Will the highest temperature in Hong Kong be 26°C on April 27?,event_label,outputs/v2/diagnostics/phase10_gp_market_comparison/phase10_exact_common_support_event_panel.csv
2026-04-27,6h_prior,Will the highest temperature in Hong Kong be 27°C on April 27?,event_label,outputs/v2/diagnostics/phase10_gp_market_comparison/phase10_exact_common_support_event_panel.csv
2026-04-27,6h_prior,Will the highest temperature in Hong Kong be 28°C on April 27?,event_label,outputs/v2/diagnostics/phase10_gp_market_comparison/phase10_exact_common_support_event_panel.csv
2026-04-27,6h_prior,Will the highest temperature in Hong Kong be 29°C on April 27?,event_label,outputs/v2/diagnostics/phase10_gp_market_comparison/phase10_exact_common_support_event_panel.csv
2026-04-27,6h_prior,Will the highest temperature in Hong Kong be 30°C or higher on April 27?,event_label,outputs/v2/diagnostics/phase10_gp_market_comparison/phase10_exact_common_support_event_panel.csv
2026-04-27,event_day_open,Will the highest temperature in Hong Kong be 20°C or below on April 27?,event_label,outputs/v2/diagnostics/phase10_gp_market_comparison/phase10_exact_common_support_event_panel.csv
2026-04-27,event_day_open,Will the highest temperature in Hong Kong be 21°C on April 27?,event_label,outputs/v2/diagnostics/phase10_gp_market_comparison/phase10_exact_common_support_event_panel.csv
2026-04-27,event_day_open,Will the highest temperature in Hong Kong be 22°C on April 27?,event_label,outputs/v2/diagnostics/phase10_gp_market_comparison/phase10_exact_common_support_event_panel.csv
2026-04-27,event_day_open,Will the highest temperature in Hong Kong be 23°C on April 27?,event_label,outputs/v2/diagnostics/phase10_gp_market_comparison/phase10_exact_common_support_event_panel.csv
2026-04-27,event_day_open,Will the highest temperature in Hong Kong be 24°C on April 27?,event_label,outputs/v2/diagnostics/phase10_gp_market_comparison/phase10_exact_common_support_event_panel.csv
2026-04-27,event_day_open,Will the highest temperature in Hong Kong be 25°C on April 27?,event_label,outputs/v2/diagnostics/phase10_gp_market_comparison/phase10_exact_common_support_event_panel.csv
2026-04-27,event_day_open,Will the highest temperature in Hong Kong be 26°C on April 27?,event_label,outputs/v2/diagnostics/phase10_gp_market_comparison/phase10_exact_common_support_event_panel.csv
2026-04-27,event_day_open,Will the highest temperature in Hong Kong be 27°C on April 27?,event_label,outputs/v2/diagnostics/phase10_gp_market_comparison/phase10_exact_common_support_event_panel.csv
2026-04-27,event_day_open,Will the highest temperature in Hong Kong be 28°C on April 27?,event_label,outputs/v2/diagnostics/phase10_gp_market_comparison/phase10_exact_common_support_event_panel.csv
2026-04-27,event_day_open,Will the highest temperature in Hong Kong be 29°C on April 27?,event_label,outputs/v2/diagnostics/phase10_gp_market_comparison/phase10_exact_common_support_event_panel.csv
2026-04-27,event_day_open,Will the highest temperature in Hong Kong be 30°C or higher on April 27?,event_label,outputs/v2/diagnostics/phase10_gp_market_comparison/phase10_exact_common_support_event_panel.csv
2026-04-28,12h_prior,Will the highest temperature in Hong Kong be 21°C or below on April 28?,event_label,outputs/v2/diagnostics/phase10_gp_market_comparison/phase10_exact_common_support_event_panel.csv
2026-04-28,12h_prior,Will the highest temperature in Hong Kong be 22°C on April 28?,event_label,outputs/v2/diagnostics/phase10_gp_market_comparison/phase10_exact_common_support_event_panel.csv
2026-04-28,12h_prior,Will the highest temperature in Hong Kong be 23°C on April 28?,event_label,outputs/v2/diagnostics/phase10_gp_market_comparison/phase10_exact_common_support_event_panel.csv
2026-04-28,12h_prior,Will the highest temperature in Hong Kong be 24°C on April 28?,event_label,outputs/v2/diagnostics/phase10_gp_market_comparison/phase10_exact_common_support_event_panel.csv
2026-04-28,12h_prior,Will the highest temperature in Hong Kong be 25°C on April 28?,event_label,outputs/v2/diagnostics/phase10_gp_market_comparison/phase10_exact_common_support_event_panel.csv
2026-04-28,12h_prior,Will the highest temperature in Hong Kong be 26°C on April 28?,event_label,outputs/v2/diagnostics/phase10_gp_market_comparison/phase10_exact_common_support_event_panel.csv
2026-04-28,12h_prior,Will the highest temperature in Hong Kong be 27°C on April 28?,event_label,outputs/v2/diagnostics/phase10_gp_market_comparison/phase10_exact_common_support_event_panel.csv
2026-04-28,12h_prior,Will the highest temperature in Hong Kong be 28°C on April 28?,event_label,outputs/v2/diagnostics/phase10_gp_market_comparison/phase10_exact_common_support_event_panel.csv
2026-04-28,12h_prior,Will the highest temperature in Hong Kong be 29°C on April 28?,event_label,outputs/v2/diagnostics/phase10_gp_market_comparison/phase10_exact_common_support_event_panel.csv
2026-04-28,12h_prior,Will the highest temperature in Hong Kong be 30°C on April 28?,event_label,outputs/v2/diagnostics/phase10_gp_market_comparison/phase10_exact_common_support_event_panel.csv
2026-04-28,12h_prior,Will the highest temperature in Hong Kong be 31°C or higher on April 28?,event_label,outputs/v2/diagnostics/phase10_gp_market_comparison/phase10_exact_common_support_event_panel.csv
2026-04-28,24h_prior,Will the highest temperature in Hong Kong be 21°C or below on April 28?,event_label,outputs/v2/diagnostics/phase10_gp_market_comparison/phase10_exact_common_support_event_panel.csv
2026-04-28,24h_prior,Will the highest temperature in Hong Kong be 22°C on April 28?,event_label,outputs/v2/diagnostics/phase10_gp_market_comparison/phase10_exact_common_support_event_panel.csv
2026-04-28,24h_prior,Will the highest temperature in Hong Kong be 23°C on April 28?,event_label,outputs/v2/diagnostics/phase10_gp_market_comparison/phase10_exact_common_support_event_panel.csv
2026-04-28,24h_prior,Will the highest temperature in Hong Kong be 24°C on April 28?,event_label,outputs/v2/diagnostics/phase10_gp_market_comparison/phase10_exact_common_support_event_panel.csv
2026-04-28,24h_prior,Will the highest temperature in Hong Kong be 25°C on April 28?,event_label,outputs/v2/diagnostics/phase10_gp_market_comparison/phase10_exact_common_support_event_panel.csv
2026-04-28,24h_prior,Will the highest temperature in Hong Kong be 26°C on April 28?,event_label,outputs/v2/diagnostics/phase10_gp_market_comparison/phase10_exact_common_support_event_panel.csv
2026-04-28,24h_prior,Will the highest temperature in Hong Kong be 27°C on April 28?,event_label,outputs/v2/diagnostics/phase10_gp_market_comparison/phase10_exact_common_support_event_panel.csv
2026-04-28,24h_prior,Will the highest temperature in Hong Kong be 28°C on April 28?,event_label,outputs/v2/diagnostics/phase10_gp_market_comparison/phase10_exact_common_support_event_panel.csv
2026-04-28,24h_prior,Will the highest temperature in Hong Kong be 29°C on April 28?,event_label,outputs/v2/diagnostics/phase10_gp_market_comparison/phase10_exact_common_support_event_panel.csv
2026-04-28,24h_prior,Will the highest temperature in Hong Kong be 30°C on April 28?,event_label,outputs/v2/diagnostics/phase10_gp_market_comparison/phase10_exact_common_support_event_panel.csv
2026-04-28,24h_prior,Will the highest temperature in Hong Kong be 31°C or higher on April 28?,event_label,outputs/v2/diagnostics/phase10_gp_market_comparison/phase10_exact_common_support_event_panel.csv
2026-04-28,6h_prior,Will the highest temperature in Hong Kong be 21°C or below on April 28?,event_label,outputs/v2/diagnostics/phase10_gp_market_comparison/phase10_exact_common_support_event_panel.csv
2026-04-28,6h_prior,Will the highest temperature in Hong Kong be 22°C on April 28?,event_label,outputs/v2/diagnostics/phase10_gp_market_comparison/phase10_exact_common_support_event_panel.csv
2026-04-28,6h_prior,Will the highest temperature in Hong Kong be 23°C on April 28?,event_label,outputs/v2/diagnostics/phase10_gp_market_comparison/phase10_exact_common_support_event_panel.csv
2026-04-28,6h_prior,Will the highest temperature in Hong Kong be 24°C on April 28?,event_label,outputs/v2/diagnostics/phase10_gp_market_comparison/phase10_exact_common_support_event_panel.csv
2026-04-28,6h_prior,Will the highest temperature in Hong Kong be 25°C on April 28?,event_label,outputs/v2/diagnostics/phase10_gp_market_comparison/phase10_exact_common_support_event_panel.csv
2026-04-28,6h_prior,Will the highest temperature in Hong Kong be 26°C on April 28?,event_label,outputs/v2/diagnostics/phase10_gp_market_comparison/phase10_exact_common_support_event_panel.csv
2026-04-28,6h_prior,Will the highest temperature in Hong Kong be 27°C on April 28?,event_label,outputs/v2/diagnostics/phase10_gp_market_comparison/phase10_exact_common_support_event_panel.csv
2026-04-28,6h_prior,Will the highest temperature in Hong Kong be 28°C on April 28?,event_label,outputs/v2/diagnostics/phase10_gp_market_comparison/phase10_exact_common_support_event_panel.csv
2026-04-28,6h_prior,Will the highest temperature in Hong Kong be 29°C on April 28?,event_label,outputs/v2/diagnostics/phase10_gp_market_comparison/phase10_exact_common_support_event_panel.csv
2026-04-28,6h_prior,Will the highest temperature in Hong Kong be 30°C on April 28?,event_label,outputs/v2/diagnostics/phase10_gp_market_comparison/phase10_exact_common_support_event_panel.csv
2026-04-28,6h_prior,Will the highest temperature in Hong Kong be 31°C or higher on April 28?,event_label,outputs/v2/diagnostics/phase10_gp_market_comparison/phase10_exact_common_support_event_panel.csv
2026-04-28,event_day_open,Will the highest temperature in Hong Kong be 21°C or below on April 28?,event_label,outputs/v2/diagnostics/phase10_gp_market_comparison/phase10_exact_common_support_event_panel.csv
2026-04-28,event_day_open,Will the highest temperature in Hong Kong be 22°C on April 28?,event_label,outputs/v2/diagnostics/phase10_gp_market_comparison/phase10_exact_common_support_event_panel.csv
2026-04-28,event_day_open,Will the highest temperature in Hong Kong be 23°C on April 28?,event_label,outputs/v2/diagnostics/phase10_gp_market_comparison/phase10_exact_common_support_event_panel.csv
2026-04-28,event_day_open,Will the highest temperature in Hong Kong be 24°C on April 28?,event_label,outputs/v2/diagnostics/phase10_gp_market_comparison/phase10_exact_common_support_event_panel.csv
2026-04-28,event_day_open,Will the highest temperature in Hong Kong be 25°C on April 28?,event_label,outputs/v2/diagnostics/phase10_gp_market_comparison/phase10_exact_common_support_event_panel.csv
2026-04-28,event_day_open,Will the highest temperature in Hong Kong be 26°C on April 28?,event_label,outputs/v2/diagnostics/phase10_gp_market_comparison/phase10_exact_common_support_event_panel.csv
2026-04-28,event_day_open,Will the highest temperature in Hong Kong be 27°C on April 28?,event_label,outputs/v2/diagnostics/phase10_gp_market_comparison/phase10_exact_common_support_event_panel.csv
2026-04-28,event_day_open,Will the highest temperature in Hong Kong be 28°C on April 28?,event_label,outputs/v2/diagnostics/phase10_gp_market_comparison/phase10_exact_common_support_event_panel.csv
2026-04-28,event_day_open,Will the highest temperature in Hong Kong be 29°C on April 28?,event_label,outputs/v2/diagnostics/phase10_gp_market_comparison/phase10_exact_common_support_event_panel.csv
2026-04-28,event_day_open,Will the highest temperature in Hong Kong be 30°C on April 28?,event_label,outputs/v2/diagnostics/phase10_gp_market_comparison/phase10_exact_common_support_event_panel.csv
2026-04-28,event_day_open,Will the highest temperature in Hong Kong be 31°C or higher on April 28?,event_label,outputs/v2/diagnostics/phase10_gp_market_comparison/phase10_exact_common_support_event_panel.csv
2026-04-29,12h_prior,Will the highest temperature in Hong Kong be 19°C or below on April 29?,event_label,outputs/v2/diagnostics/phase10_gp_market_comparison/phase10_exact_common_support_event_panel.csv
2026-04-29,12h_prior,Will the highest temperature in Hong Kong be 20°C on April 29?,event_label,outputs/v2/diagnostics/phase10_gp_market_comparison/phase10_exact_common_support_event_panel.csv
2026-04-29,12h_prior,Will the highest temperature in Hong Kong be 21°C on April 29?,event_label,outputs/v2/diagnostics/phase10_gp_market_comparison/phase10_exact_common_support_event_panel.csv
2026-04-29,12h_prior,Will the highest temperature in Hong Kong be 22°C on April 29?,event_label,outputs/v2/diagnostics/phase10_gp_market_comparison/phase10_exact_common_support_event_panel.csv
2026-04-29,12h_prior,Will the highest temperature in Hong Kong be 23°C on April 29?,event_label,outputs/v2/diagnostics/phase10_gp_market_comparison/phase10_exact_common_support_event_panel.csv
2026-04-29,12h_prior,Will the highest temperature in Hong Kong be 24°C on April 29?,event_label,outputs/v2/diagnostics/phase10_gp_market_comparison/phase10_exact_common_support_event_panel.csv
2026-04-29,12h_prior,Will the highest temperature in Hong Kong be 25°C on April 29?,event_label,outputs/v2/diagnostics/phase10_gp_market_comparison/phase10_exact_common_support_event_panel.csv
2026-04-29,12h_prior,Will the highest temperature in Hong Kong be 26°C on April 29?,event_label,outputs/v2/diagnostics/phase10_gp_market_comparison/phase10_exact_common_support_event_panel.csv
2026-04-29,12h_prior,Will the highest temperature in Hong Kong be 27°C on April 29?,event_label,outputs/v2/diagnostics/phase10_gp_market_comparison/phase10_exact_common_support_event_panel.csv
2026-04-29,12h_prior,Will the highest temperature in Hong Kong be 28°C on April 29?,event_label,outputs/v2/diagnostics/phase10_gp_market_comparison/phase10_exact_common_support_event_panel.csv
2026-04-29,12h_prior,Will the highest temperature in Hong Kong be 29°C or higher on April 29?,event_label,outputs/v2/diagnostics/phase10_gp_market_comparison/phase10_exact_common_support_event_panel.csv
2026-04-29,24h_prior,Will the highest temperature in Hong Kong be 19°C or below on April 29?,event_label,outputs/v2/diagnostics/phase10_gp_market_comparison/phase10_exact_common_support_event_panel.csv
2026-04-29,24h_prior,Will the highest temperature in Hong Kong be 20°C on April 29?,event_label,outputs/v2/diagnostics/phase10_gp_market_comparison/phase10_exact_common_support_event_panel.csv
2026-04-29,24h_prior,Will the highest temperature in Hong Kong be 21°C on April 29?,event_label,outputs/v2/diagnostics/phase10_gp_market_comparison/phase10_exact_common_support_event_panel.csv
2026-04-29,24h_prior,Will the highest temperature in Hong Kong be 22°C on April 29?,event_label,outputs/v2/diagnostics/phase10_gp_market_comparison/phase10_exact_common_support_event_panel.csv
2026-04-29,24h_prior,Will the highest temperature in Hong Kong be 23°C on April 29?,event_label,outputs/v2/diagnostics/phase10_gp_market_comparison/phase10_exact_common_support_event_panel.csv
2026-04-29,24h_prior,Will the highest temperature in Hong Kong be 24°C on April 29?,event_label,outputs/v2/diagnostics/phase10_gp_market_comparison/phase10_exact_common_support_event_panel.csv
2026-04-29,24h_prior,Will the highest temperature in Hong Kong be 25°C on April 29?,event_label,outputs/v2/diagnostics/phase10_gp_market_comparison/phase10_exact_common_support_event_panel.csv
2026-04-29,24h_prior,Will the highest temperature in Hong Kong be 26°C on April 29?,event_label,outputs/v2/diagnostics/phase10_gp_market_comparison/phase10_exact_common_support_event_panel.csv
2026-04-29,24h_prior,Will the highest temperature in Hong Kong be 27°C on April 29?,event_label,outputs/v2/diagnostics/phase10_gp_market_comparison/phase10_exact_common_support_event_panel.csv
2026-04-29,24h_prior,Will the highest temperature in Hong Kong be 28°C on April 29?,event_label,outputs/v2/diagnostics/phase10_gp_market_comparison/phase10_exact_common_support_event_panel.csv
2026-04-29,24h_prior,Will the highest temperature in Hong Kong be 29°C or higher on April 29?,event_label,outputs/v2/diagnostics/phase10_gp_market_comparison/phase10_exact_common_support_event_panel.csv
2026-04-29,6h_prior,Will the highest temperature in Hong Kong be 19°C or below on April 29?,event_label,outputs/v2/diagnostics/phase10_gp_market_comparison/phase10_exact_common_support_event_panel.csv
2026-04-29,6h_prior,Will the highest temperature in Hong Kong be 20°C on April 29?,event_label,outputs/v2/diagnostics/phase10_gp_market_comparison/phase10_exact_common_support_event_panel.csv
2026-04-29,6h_prior,Will the highest temperature in Hong Kong be 21°C on April 29?,event_label,outputs/v2/diagnostics/phase10_gp_market_comparison/phase10_exact_common_support_event_panel.csv
2026-04-29,6h_prior,Will the highest temperature in Hong Kong be 22°C on April 29?,event_label,outputs/v2/diagnostics/phase10_gp_market_comparison/phase10_exact_common_support_event_panel.csv
2026-04-29,6h_prior,Will the highest temperature in Hong Kong be 23°C on April 29?,event_label,outputs/v2/diagnostics/phase10_gp_market_comparison/phase10_exact_common_support_event_panel.csv
2026-04-29,6h_prior,Will the highest temperature in Hong Kong be 24°C on April 29?,event_label,outputs/v2/diagnostics/phase10_gp_market_comparison/phase10_exact_common_support_event_panel.csv
2026-04-29,6h_prior,Will the highest temperature in Hong Kong be 25°C on April 29?,event_label,outputs/v2/diagnostics/phase10_gp_market_comparison/phase10_exact_common_support_event_panel.csv
2026-04-29,6h_prior,Will the highest temperature in Hong Kong be 26°C on April 29?,event_label,outputs/v2/diagnostics/phase10_gp_market_comparison/phase10_exact_common_support_event_panel.csv
2026-04-29,6h_prior,Will the highest temperature in Hong Kong be 27°C on April 29?,event_label,outputs/v2/diagnostics/phase10_gp_market_comparison/phase10_exact_common_support_event_panel.csv
2026-04-29,6h_prior,Will the highest temperature in Hong Kong be 28°C on April 29?,event_label,outputs/v2/diagnostics/phase10_gp_market_comparison/phase10_exact_common_support_event_panel.csv
2026-04-29,6h_prior,Will the highest temperature in Hong Kong be 29°C or higher on April 29?,event_label,outputs/v2/diagnostics/phase10_gp_market_comparison/phase10_exact_common_support_event_panel.csv
2026-04-29,event_day_open,Will the highest temperature in Hong Kong be 19°C or below on April 29?,event_label,outputs/v2/diagnostics/phase10_gp_market_comparison/phase10_exact_common_support_event_panel.csv
2026-04-29,event_day_open,Will the highest temperature in Hong Kong be 20°C on April 29?,event_label,outputs/v2/diagnostics/phase10_gp_market_comparison/phase10_exact_common_support_event_panel.csv
2026-04-29,event_day_open,Will the highest temperature in Hong Kong be 21°C on April 29?,event_label,outputs/v2/diagnostics/phase10_gp_market_comparison/phase10_exact_common_support_event_panel.csv
2026-04-29,event_day_open,Will the highest temperature in Hong Kong be 22°C on April 29?,event_label,outputs/v2/diagnostics/phase10_gp_market_comparison/phase10_exact_common_support_event_panel.csv
2026-04-29,event_day_open,Will the highest temperature in Hong Kong be 23°C on April 29?,event_label,outputs/v2/diagnostics/phase10_gp_market_comparison/phase10_exact_common_support_event_panel.csv
2026-04-29,event_day_open,Will the highest temperature in Hong Kong be 24°C on April 29?,event_label,outputs/v2/diagnostics/phase10_gp_market_comparison/phase10_exact_common_support_event_panel.csv
2026-04-29,event_day_open,Will the highest temperature in Hong Kong be 25°C on April 29?,event_label,outputs/v2/diagnostics/phase10_gp_market_comparison/phase10_exact_common_support_event_panel.csv
2026-04-29,event_day_open,Will the highest temperature in Hong Kong be 26°C on April 29?,event_label,outputs/v2/diagnostics/phase10_gp_market_comparison/phase10_exact_common_support_event_panel.csv
2026-04-29,event_day_open,Will the highest temperature in Hong Kong be 27°C on April 29?,event_label,outputs/v2/diagnostics/phase10_gp_market_comparison/phase10_exact_common_support_event_panel.csv
2026-04-29,event_day_open,Will the highest temperature in Hong Kong be 28°C on April 29?,event_label,outputs/v2/diagnostics/phase10_gp_market_comparison/phase10_exact_common_support_event_panel.csv
2026-04-29,event_day_open,Will the highest temperature in Hong Kong be 29°C or higher on April 29?,event_label,outputs/v2/diagnostics/phase10_gp_market_comparison/phase10_exact_common_support_event_panel.csv
2026-04-30,12h_prior,Will the highest temperature in Hong Kong be 15°C or below on April 30?,event_label,outputs/v2/diagnostics/phase10_gp_market_comparison/phase10_exact_common_support_event_panel.csv
2026-04-30,12h_prior,Will the highest temperature in Hong Kong be 16°C on April 30?,event_label,outputs/v2/diagnostics/phase10_gp_market_comparison/phase10_exact_common_support_event_panel.csv
2026-04-30,12h_prior,Will the highest temperature in Hong Kong be 17°C on April 30?,event_label,outputs/v2/diagnostics/phase10_gp_market_comparison/phase10_exact_common_support_event_panel.csv
2026-04-30,12h_prior,Will the highest temperature in Hong Kong be 18°C on April 30?,event_label,outputs/v2/diagnostics/phase10_gp_market_comparison/phase10_exact_common_support_event_panel.csv
2026-04-30,12h_prior,Will the highest temperature in Hong Kong be 19°C on April 30?,event_label,outputs/v2/diagnostics/phase10_gp_market_comparison/phase10_exact_common_support_event_panel.csv
2026-04-30,12h_prior,Will the highest temperature in Hong Kong be 20°C on April 30?,event_label,outputs/v2/diagnostics/phase10_gp_market_comparison/phase10_exact_common_support_event_panel.csv
2026-04-30,12h_prior,Will the highest temperature in Hong Kong be 21°C on April 30?,event_label,outputs/v2/diagnostics/phase10_gp_market_comparison/phase10_exact_common_support_event_panel.csv
2026-04-30,12h_prior,Will the highest temperature in Hong Kong be 22°C on April 30?,event_label,outputs/v2/diagnostics/phase10_gp_market_comparison/phase10_exact_common_support_event_panel.csv
2026-04-30,12h_prior,Will the highest temperature in Hong Kong be 23°C on April 30?,event_label,outputs/v2/diagnostics/phase10_gp_market_comparison/phase10_exact_common_support_event_panel.csv
2026-04-30,12h_prior,Will the highest temperature in Hong Kong be 24°C on April 30?,event_label,outputs/v2/diagnostics/phase10_gp_market_comparison/phase10_exact_common_support_event_panel.csv
2026-04-30,12h_prior,Will the highest temperature in Hong Kong be 25°C or higher on April 30?,event_label,outputs/v2/diagnostics/phase10_gp_market_comparison/phase10_exact_common_support_event_panel.csv
2026-04-30,6h_prior,Will the highest temperature in Hong Kong be 15°C or below on April 30?,event_label,outputs/v2/diagnostics/phase10_gp_market_comparison/phase10_exact_common_support_event_panel.csv
2026-04-30,6h_prior,Will the highest temperature in Hong Kong be 16°C on April 30?,event_label,outputs/v2/diagnostics/phase10_gp_market_comparison/phase10_exact_common_support_event_panel.csv
2026-04-30,6h_prior,Will the highest temperature in Hong Kong be 17°C on April 30?,event_label,outputs/v2/diagnostics/phase10_gp_market_comparison/phase10_exact_common_support_event_panel.csv
2026-04-30,6h_prior,Will the highest temperature in Hong Kong be 18°C on April 30?,event_label,outputs/v2/diagnostics/phase10_gp_market_comparison/phase10_exact_common_support_event_panel.csv
2026-04-30,6h_prior,Will the highest temperature in Hong Kong be 19°C on April 30?,event_label,outputs/v2/diagnostics/phase10_gp_market_comparison/phase10_exact_common_support_event_panel.csv
2026-04-30,6h_prior,Will the highest temperature in Hong Kong be 20°C on April 30?,event_label,outputs/v2/diagnostics/phase10_gp_market_comparison/phase10_exact_common_support_event_panel.csv
2026-04-30,6h_prior,Will the highest temperature in Hong Kong be 21°C on April 30?,event_label,outputs/v2/diagnostics/phase10_gp_market_comparison/phase10_exact_common_support_event_panel.csv
2026-04-30,6h_prior,Will the highest temperature in Hong Kong be 22°C on April 30?,event_label,outputs/v2/diagnostics/phase10_gp_market_comparison/phase10_exact_common_support_event_panel.csv
2026-04-30,6h_prior,Will the highest temperature in Hong Kong be 23°C on April 30?,event_label,outputs/v2/diagnostics/phase10_gp_market_comparison/phase10_exact_common_support_event_panel.csv
2026-04-30,6h_prior,Will the highest temperature in Hong Kong be 24°C on April 30?,event_label,outputs/v2/diagnostics/phase10_gp_market_comparison/phase10_exact_common_support_event_panel.csv
2026-04-30,6h_prior,Will the highest temperature in Hong Kong be 25°C or higher on April 30?,event_label,outputs/v2/diagnostics/phase10_gp_market_comparison/phase10_exact_common_support_event_panel.csv
2026-04-30,event_day_open,Will the highest temperature in Hong Kong be 15°C or below on April 30?,event_label,outputs/v2/diagnostics/phase10_gp_market_comparison/phase10_exact_common_support_event_panel.csv
2026-04-30,event_day_open,Will the highest temperature in Hong Kong be 16°C on April 30?,event_label,outputs/v2/diagnostics/phase10_gp_market_comparison/phase10_exact_common_support_event_panel.csv
2026-04-30,event_day_open,Will the highest temperature in Hong Kong be 17°C on April 30?,event_label,outputs/v2/diagnostics/phase10_gp_market_comparison/phase10_exact_common_support_event_panel.csv
2026-04-30,event_day_open,Will the highest temperature in Hong Kong be 18°C on April 30?,event_label,outputs/v2/diagnostics/phase10_gp_market_comparison/phase10_exact_common_support_event_panel.csv
2026-04-30,event_day_open,Will the highest temperature in Hong Kong be 19°C on April 30?,event_label,outputs/v2/diagnostics/phase10_gp_market_comparison/phase10_exact_common_support_event_panel.csv
2026-04-30,event_day_open,Will the highest temperature in Hong Kong be 20°C on April 30?,event_label,outputs/v2/diagnostics/phase10_gp_market_comparison/phase10_exact_common_support_event_panel.csv
2026-04-30,event_day_open,Will the highest temperature in Hong Kong be 21°C on April 30?,event_label,outputs/v2/diagnostics/phase10_gp_market_comparison/phase10_exact_common_support_event_panel.csv
2026-04-30,event_day_open,Will the highest temperature in Hong Kong be 22°C on April 30?,event_label,outputs/v2/diagnostics/phase10_gp_market_comparison/phase10_exact_common_support_event_panel.csv
2026-04-30,event_day_open,Will the highest temperature in Hong Kong be 23°C on April 30?,event_label,outputs/v2/diagnostics/phase10_gp_market_comparison/phase10_exact_common_support_event_panel.csv
2026-04-30,event_day_open,Will the highest temperature in Hong Kong be 24°C on April 30?,event_label,outputs/v2/diagnostics/phase10_gp_market_comparison/phase10_exact_common_support_event_panel.csv
2026-04-30,event_day_open,Will the highest temperature in Hong Kong be 25°C or higher on April 30?,event_label,outputs/v2/diagnostics/phase10_gp_market_comparison/phase10_exact_common_support_event_panel.csv
2026-05-01,12h_prior,Will the highest temperature in Hong Kong be 19°C or below on May 1?,event_label,outputs/v2/diagnostics/phase10_gp_market_comparison/phase10_exact_common_support_event_panel.csv
2026-05-01,12h_prior,Will the highest temperature in Hong Kong be 20°C on May 1?,event_label,outputs/v2/diagnostics/phase10_gp_market_comparison/phase10_exact_common_support_event_panel.csv
2026-05-01,12h_prior,Will the highest temperature in Hong Kong be 21°C on May 1?,event_label,outputs/v2/diagnostics/phase10_gp_market_comparison/phase10_exact_common_support_event_panel.csv
2026-05-01,12h_prior,Will the highest temperature in Hong Kong be 22°C on May 1?,event_label,outputs/v2/diagnostics/phase10_gp_market_comparison/phase10_exact_common_support_event_panel.csv
2026-05-01,12h_prior,Will the highest temperature in Hong Kong be 23°C on May 1?,event_label,outputs/v2/diagnostics/phase10_gp_market_comparison/phase10_exact_common_support_event_panel.csv
2026-05-01,12h_prior,Will the highest temperature in Hong Kong be 24°C on May 1?,event_label,outputs/v2/diagnostics/phase10_gp_market_comparison/phase10_exact_common_support_event_panel.csv
2026-05-01,12h_prior,Will the highest temperature in Hong Kong be 25°C on May 1?,event_label,outputs/v2/diagnostics/phase10_gp_market_comparison/phase10_exact_common_support_event_panel.csv
2026-05-01,12h_prior,Will the highest temperature in Hong Kong be 26°C on May 1?,event_label,outputs/v2/diagnostics/phase10_gp_market_comparison/phase10_exact_common_support_event_panel.csv
2026-05-01,12h_prior,Will the highest temperature in Hong Kong be 27°C on May 1?,event_label,outputs/v2/diagnostics/phase10_gp_market_comparison/phase10_exact_common_support_event_panel.csv
2026-05-01,12h_prior,Will the highest temperature in Hong Kong be 28°C on May 1?,event_label,outputs/v2/diagnostics/phase10_gp_market_comparison/phase10_exact_common_support_event_panel.csv
2026-05-01,12h_prior,Will the highest temperature in Hong Kong be 29°C or higher on May 1?,event_label,outputs/v2/diagnostics/phase10_gp_market_comparison/phase10_exact_common_support_event_panel.csv
2026-05-01,24h_prior,Will the highest temperature in Hong Kong be 19°C or below on May 1?,event_label,outputs/v2/diagnostics/phase10_gp_market_comparison/phase10_exact_common_support_event_panel.csv
2026-05-01,24h_prior,Will the highest temperature in Hong Kong be 20°C on May 1?,event_label,outputs/v2/diagnostics/phase10_gp_market_comparison/phase10_exact_common_support_event_panel.csv
2026-05-01,24h_prior,Will the highest temperature in Hong Kong be 21°C on May 1?,event_label,outputs/v2/diagnostics/phase10_gp_market_comparison/phase10_exact_common_support_event_panel.csv
2026-05-01,24h_prior,Will the highest temperature in Hong Kong be 22°C on May 1?,event_label,outputs/v2/diagnostics/phase10_gp_market_comparison/phase10_exact_common_support_event_panel.csv
2026-05-01,24h_prior,Will the highest temperature in Hong Kong be 23°C on May 1?,event_label,outputs/v2/diagnostics/phase10_gp_market_comparison/phase10_exact_common_support_event_panel.csv
2026-05-01,24h_prior,Will the highest temperature in Hong Kong be 24°C on May 1?,event_label,outputs/v2/diagnostics/phase10_gp_market_comparison/phase10_exact_common_support_event_panel.csv
2026-05-01,24h_prior,Will the highest temperature in Hong Kong be 25°C on May 1?,event_label,outputs/v2/diagnostics/phase10_gp_market_comparison/phase10_exact_common_support_event_panel.csv
2026-05-01,24h_prior,Will the highest temperature in Hong Kong be 26°C on May 1?,event_label,outputs/v2/diagnostics/phase10_gp_market_comparison/phase10_exact_common_support_event_panel.csv
2026-05-01,24h_prior,Will the highest temperature in Hong Kong be 27°C on May 1?,event_label,outputs/v2/diagnostics/phase10_gp_market_comparison/phase10_exact_common_support_event_panel.csv
2026-05-01,24h_prior,Will the highest temperature in Hong Kong be 28°C on May 1?,event_label,outputs/v2/diagnostics/phase10_gp_market_comparison/phase10_exact_common_support_event_panel.csv
2026-05-01,24h_prior,Will the highest temperature in Hong Kong be 29°C or higher on May 1?,event_label,outputs/v2/diagnostics/phase10_gp_market_comparison/phase10_exact_common_support_event_panel.csv
2026-05-01,6h_prior,Will the highest temperature in Hong Kong be 19°C or below on May 1?,event_label,outputs/v2/diagnostics/phase10_gp_market_comparison/phase10_exact_common_support_event_panel.csv
2026-05-01,6h_prior,Will the highest temperature in Hong Kong be 20°C on May 1?,event_label,outputs/v2/diagnostics/phase10_gp_market_comparison/phase10_exact_common_support_event_panel.csv
2026-05-01,6h_prior,Will the highest temperature in Hong Kong be 21°C on May 1?,event_label,outputs/v2/diagnostics/phase10_gp_market_comparison/phase10_exact_common_support_event_panel.csv
2026-05-01,6h_prior,Will the highest temperature in Hong Kong be 22°C on May 1?,event_label,outputs/v2/diagnostics/phase10_gp_market_comparison/phase10_exact_common_support_event_panel.csv
2026-05-01,6h_prior,Will the highest temperature in Hong Kong be 23°C on May 1?,event_label,outputs/v2/diagnostics/phase10_gp_market_comparison/phase10_exact_common_support_event_panel.csv
2026-05-01,6h_prior,Will the highest temperature in Hong Kong be 24°C on May 1?,event_label,outputs/v2/diagnostics/phase10_gp_market_comparison/phase10_exact_common_support_event_panel.csv
2026-05-01,6h_prior,Will the highest temperature in Hong Kong be 25°C on May 1?,event_label,outputs/v2/diagnostics/phase10_gp_market_comparison/phase10_exact_common_support_event_panel.csv
2026-05-01,6h_prior,Will the highest temperature in Hong Kong be 26°C on May 1?,event_label,outputs/v2/diagnostics/phase10_gp_market_comparison/phase10_exact_common_support_event_panel.csv
2026-05-01,6h_prior,Will the highest temperature in Hong Kong be 27°C on May 1?,event_label,outputs/v2/diagnostics/phase10_gp_market_comparison/phase10_exact_common_support_event_panel.csv
2026-05-01,6h_prior,Will the highest temperature in Hong Kong be 28°C on May 1?,event_label,outputs/v2/diagnostics/phase10_gp_market_comparison/phase10_exact_common_support_event_panel.csv
2026-05-01,6h_prior,Will the highest temperature in Hong Kong be 29°C or higher on May 1?,event_label,outputs/v2/diagnostics/phase10_gp_market_comparison/phase10_exact_common_support_event_panel.csv
2026-05-01,event_day_open,Will the highest temperature in Hong Kong be 19°C or below on May 1?,event_label,outputs/v2/diagnostics/phase10_gp_market_comparison/phase10_exact_common_support_event_panel.csv
2026-05-01,event_day_open,Will the highest temperature in Hong Kong be 20°C on May 1?,event_label,outputs/v2/diagnostics/phase10_gp_market_comparison/phase10_exact_common_support_event_panel.csv
2026-05-01,event_day_open,Will the highest temperature in Hong Kong be 21°C on May 1?,event_label,outputs/v2/diagnostics/phase10_gp_market_comparison/phase10_exact_common_support_event_panel.csv
2026-05-01,event_day_open,Will the highest temperature in Hong Kong be 22°C on May 1?,event_label,outputs/v2/diagnostics/phase10_gp_market_comparison/phase10_exact_common_support_event_panel.csv
2026-05-01,event_day_open,Will the highest temperature in Hong Kong be 23°C on May 1?,event_label,outputs/v2/diagnostics/phase10_gp_market_comparison/phase10_exact_common_support_event_panel.csv
2026-05-01,event_day_open,Will the highest temperature in Hong Kong be 24°C on May 1?,event_label,outputs/v2/diagnostics/phase10_gp_market_comparison/phase10_exact_common_support_event_panel.csv
2026-05-01,event_day_open,Will the highest temperature in Hong Kong be 25°C on May 1?,event_label,outputs/v2/diagnostics/phase10_gp_market_comparison/phase10_exact_common_support_event_panel.csv
2026-05-01,event_day_open,Will the highest temperature in Hong Kong be 26°C on May 1?,event_label,outputs/v2/diagnostics/phase10_gp_market_comparison/phase10_exact_common_support_event_panel.csv
2026-05-01,event_day_open,Will the highest temperature in Hong Kong be 27°C on May 1?,event_label,outputs/v2/diagnostics/phase10_gp_market_comparison/phase10_exact_common_support_event_panel.csv
2026-05-01,event_day_open,Will the highest temperature in Hong Kong be 28°C on May 1?,event_label,outputs/v2/diagnostics/phase10_gp_market_comparison/phase10_exact_common_support_event_panel.csv
2026-05-01,event_day_open,Will the highest temperature in Hong Kong be 29°C or higher on May 1?,event_label,outputs/v2/diagnostics/phase10_gp_market_comparison/phase10_exact_common_support_event_panel.csv
2026-05-02,12h_prior,Will the highest temperature in Hong Kong be 21°C or below on May 2?,event_label,outputs/v2/diagnostics/phase10_gp_market_comparison/phase10_exact_common_support_event_panel.csv
2026-05-02,12h_prior,Will the highest temperature in Hong Kong be 22°C on May 2?,event_label,outputs/v2/diagnostics/phase10_gp_market_comparison/phase10_exact_common_support_event_panel.csv
2026-05-02,12h_prior,Will the highest temperature in Hong Kong be 23°C on May 2?,event_label,outputs/v2/diagnostics/phase10_gp_market_comparison/phase10_exact_common_support_event_panel.csv
2026-05-02,12h_prior,Will the highest temperature in Hong Kong be 24°C on May 2?,event_label,outputs/v2/diagnostics/phase10_gp_market_comparison/phase10_exact_common_support_event_panel.csv
2026-05-02,12h_prior,Will the highest temperature in Hong Kong be 25°C on May 2?,event_label,outputs/v2/diagnostics/phase10_gp_market_comparison/phase10_exact_common_support_event_panel.csv
2026-05-02,12h_prior,Will the highest temperature in Hong Kong be 26°C on May 2?,event_label,outputs/v2/diagnostics/phase10_gp_market_comparison/phase10_exact_common_support_event_panel.csv
2026-05-02,12h_prior,Will the highest temperature in Hong Kong be 27°C on May 2?,event_label,outputs/v2/diagnostics/phase10_gp_market_comparison/phase10_exact_common_support_event_panel.csv
2026-05-02,12h_prior,Will the highest temperature in Hong Kong be 28°C on May 2?,event_label,outputs/v2/diagnostics/phase10_gp_market_comparison/phase10_exact_common_support_event_panel.csv
2026-05-02,12h_prior,Will the highest temperature in Hong Kong be 29°C on May 2?,event_label,outputs/v2/diagnostics/phase10_gp_market_comparison/phase10_exact_common_support_event_panel.csv
2026-05-02,12h_prior,Will the highest temperature in Hong Kong be 30°C on May 2?,event_label,outputs/v2/diagnostics/phase10_gp_market_comparison/phase10_exact_common_support_event_panel.csv
2026-05-02,12h_prior,Will the highest temperature in Hong Kong be 31°C or higher on May 2?,event_label,outputs/v2/diagnostics/phase10_gp_market_comparison/phase10_exact_common_support_event_panel.csv
2026-05-02,24h_prior,Will the highest temperature in Hong Kong be 21°C or below on May 2?,event_label,outputs/v2/diagnostics/phase10_gp_market_comparison/phase10_exact_common_support_event_panel.csv
2026-05-02,24h_prior,Will the highest temperature in Hong Kong be 22°C on May 2?,event_label,outputs/v2/diagnostics/phase10_gp_market_comparison/phase10_exact_common_support_event_panel.csv
2026-05-02,24h_prior,Will the highest temperature in Hong Kong be 23°C on May 2?,event_label,outputs/v2/diagnostics/phase10_gp_market_comparison/phase10_exact_common_support_event_panel.csv
2026-05-02,24h_prior,Will the highest temperature in Hong Kong be 24°C on May 2?,event_label,outputs/v2/diagnostics/phase10_gp_market_comparison/phase10_exact_common_support_event_panel.csv
2026-05-02,24h_prior,Will the highest temperature in Hong Kong be 25°C on May 2?,event_label,outputs/v2/diagnostics/phase10_gp_market_comparison/phase10_exact_common_support_event_panel.csv
2026-05-02,24h_prior,Will the highest temperature in Hong Kong be 26°C on May 2?,event_label,outputs/v2/diagnostics/phase10_gp_market_comparison/phase10_exact_common_support_event_panel.csv
2026-05-02,24h_prior,Will the highest temperature in Hong Kong be 27°C on May 2?,event_label,outputs/v2/diagnostics/phase10_gp_market_comparison/phase10_exact_common_support_event_panel.csv
2026-05-02,24h_prior,Will the highest temperature in Hong Kong be 28°C on May 2?,event_label,outputs/v2/diagnostics/phase10_gp_market_comparison/phase10_exact_common_support_event_panel.csv
2026-05-02,24h_prior,Will the highest temperature in Hong Kong be 29°C on May 2?,event_label,outputs/v2/diagnostics/phase10_gp_market_comparison/phase10_exact_common_support_event_panel.csv
2026-05-02,24h_prior,Will the highest temperature in Hong Kong be 30°C on May 2?,event_label,outputs/v2/diagnostics/phase10_gp_market_comparison/phase10_exact_common_support_event_panel.csv
2026-05-02,24h_prior,Will the highest temperature in Hong Kong be 31°C or higher on May 2?,event_label,outputs/v2/diagnostics/phase10_gp_market_comparison/phase10_exact_common_support_event_panel.csv
2026-05-02,6h_prior,Will the highest temperature in Hong Kong be 21°C or below on May 2?,event_label,outputs/v2/diagnostics/phase10_gp_market_comparison/phase10_exact_common_support_event_panel.csv
2026-05-02,6h_prior,Will the highest temperature in Hong Kong be 22°C on May 2?,event_label,outputs/v2/diagnostics/phase10_gp_market_comparison/phase10_exact_common_support_event_panel.csv
2026-05-02,6h_prior,Will the highest temperature in Hong Kong be 23°C on May 2?,event_label,outputs/v2/diagnostics/phase10_gp_market_comparison/phase10_exact_common_support_event_panel.csv
2026-05-02,6h_prior,Will the highest temperature in Hong Kong be 24°C on May 2?,event_label,outputs/v2/diagnostics/phase10_gp_market_comparison/phase10_exact_common_support_event_panel.csv
2026-05-02,6h_prior,Will the highest temperature in Hong Kong be 25°C on May 2?,event_label,outputs/v2/diagnostics/phase10_gp_market_comparison/phase10_exact_common_support_event_panel.csv
2026-05-02,6h_prior,Will the highest temperature in Hong Kong be 26°C on May 2?,event_label,outputs/v2/diagnostics/phase10_gp_market_comparison/phase10_exact_common_support_event_panel.csv
2026-05-02,6h_prior,Will the highest temperature in Hong Kong be 27°C on May 2?,event_label,outputs/v2/diagnostics/phase10_gp_market_comparison/phase10_exact_common_support_event_panel.csv
2026-05-02,6h_prior,Will the highest temperature in Hong Kong be 28°C on May 2?,event_label,outputs/v2/diagnostics/phase10_gp_market_comparison/phase10_exact_common_support_event_panel.csv
2026-05-02,6h_prior,Will the highest temperature in Hong Kong be 29°C on May 2?,event_label,outputs/v2/diagnostics/phase10_gp_market_comparison/phase10_exact_common_support_event_panel.csv
2026-05-02,6h_prior,Will the highest temperature in Hong Kong be 30°C on May 2?,event_label,outputs/v2/diagnostics/phase10_gp_market_comparison/phase10_exact_common_support_event_panel.csv
2026-05-02,6h_prior,Will the highest temperature in Hong Kong be 31°C or higher on May 2?,event_label,outputs/v2/diagnostics/phase10_gp_market_comparison/phase10_exact_common_support_event_panel.csv
2026-05-02,event_day_open,Will the highest temperature in Hong Kong be 21°C or below on May 2?,event_label,outputs/v2/diagnostics/phase10_gp_market_comparison/phase10_exact_common_support_event_panel.csv
2026-05-02,event_day_open,Will the highest temperature in Hong Kong be 22°C on May 2?,event_label,outputs/v2/diagnostics/phase10_gp_market_comparison/phase10_exact_common_support_event_panel.csv
2026-05-02,event_day_open,Will the highest temperature in Hong Kong be 23°C on May 2?,event_label,outputs/v2/diagnostics/phase10_gp_market_comparison/phase10_exact_common_support_event_panel.csv
2026-05-02,event_day_open,Will the highest temperature in Hong Kong be 24°C on May 2?,event_label,outputs/v2/diagnostics/phase10_gp_market_comparison/phase10_exact_common_support_event_panel.csv
2026-05-02,event_day_open,Will the highest temperature in Hong Kong be 25°C on May 2?,event_label,outputs/v2/diagnostics/phase10_gp_market_comparison/phase10_exact_common_support_event_panel.csv
2026-05-02,event_day_open,Will the highest temperature in Hong Kong be 26°C on May 2?,event_label,outputs/v2/diagnostics/phase10_gp_market_comparison/phase10_exact_common_support_event_panel.csv
2026-05-02,event_day_open,Will the highest temperature in Hong Kong be 27°C on May 2?,event_label,outputs/v2/diagnostics/phase10_gp_market_comparison/phase10_exact_common_support_event_panel.csv
2026-05-02,event_day_open,Will the highest temperature in Hong Kong be 28°C on May 2?,event_label,outputs/v2/diagnostics/phase10_gp_market_comparison/phase10_exact_common_support_event_panel.csv
2026-05-02,event_day_open,Will the highest temperature in Hong Kong be 29°C on May 2?,event_label,outputs/v2/diagnostics/phase10_gp_market_comparison/phase10_exact_common_support_event_panel.csv
2026-05-02,event_day_open,Will the highest temperature in Hong Kong be 30°C on May 2?,event_label,outputs/v2/diagnostics/phase10_gp_market_comparison/phase10_exact_common_support_event_panel.csv
2026-05-02,event_day_open,Will the highest temperature in Hong Kong be 31°C or higher on May 2?,event_label,outputs/v2/diagnostics/phase10_gp_market_comparison/phase10_exact_common_support_event_panel.csv
2026-05-03,12h_prior,Will the highest temperature in Hong Kong be 21°C or below on May 3?,event_label,outputs/v2/diagnostics/phase10_gp_market_comparison/phase10_exact_common_support_event_panel.csv
2026-05-03,12h_prior,Will the highest temperature in Hong Kong be 22°C on May 3?,event_label,outputs/v2/diagnostics/phase10_gp_market_comparison/phase10_exact_common_support_event_panel.csv
2026-05-03,12h_prior,Will the highest temperature in Hong Kong be 23°C on May 3?,event_label,outputs/v2/diagnostics/phase10_gp_market_comparison/phase10_exact_common_support_event_panel.csv
2026-05-03,12h_prior,Will the highest temperature in Hong Kong be 24°C on May 3?,event_label,outputs/v2/diagnostics/phase10_gp_market_comparison/phase10_exact_common_support_event_panel.csv
2026-05-03,12h_prior,Will the highest temperature in Hong Kong be 25°C on May 3?,event_label,outputs/v2/diagnostics/phase10_gp_market_comparison/phase10_exact_common_support_event_panel.csv
2026-05-03,12h_prior,Will the highest temperature in Hong Kong be 26°C on May 3?,event_label,outputs/v2/diagnostics/phase10_gp_market_comparison/phase10_exact_common_support_event_panel.csv
2026-05-03,12h_prior,Will the highest temperature in Hong Kong be 27°C on May 3?,event_label,outputs/v2/diagnostics/phase10_gp_market_comparison/phase10_exact_common_support_event_panel.csv
2026-05-03,12h_prior,Will the highest temperature in Hong Kong be 28°C on May 3?,event_label,outputs/v2/diagnostics/phase10_gp_market_comparison/phase10_exact_common_support_event_panel.csv
2026-05-03,12h_prior,Will the highest temperature in Hong Kong be 29°C on May 3?,event_label,outputs/v2/diagnostics/phase10_gp_market_comparison/phase10_exact_common_support_event_panel.csv
2026-05-03,12h_prior,Will the highest temperature in Hong Kong be 30°C on May 3?,event_label,outputs/v2/diagnostics/phase10_gp_market_comparison/phase10_exact_common_support_event_panel.csv
2026-05-03,12h_prior,Will the highest temperature in Hong Kong be 31°C or higher on May 3?,event_label,outputs/v2/diagnostics/phase10_gp_market_comparison/phase10_exact_common_support_event_panel.csv
2026-05-03,24h_prior,Will the highest temperature in Hong Kong be 21°C or below on May 3?,event_label,outputs/v2/diagnostics/phase10_gp_market_comparison/phase10_exact_common_support_event_panel.csv
2026-05-03,24h_prior,Will the highest temperature in Hong Kong be 22°C on May 3?,event_label,outputs/v2/diagnostics/phase10_gp_market_comparison/phase10_exact_common_support_event_panel.csv
2026-05-03,24h_prior,Will the highest temperature in Hong Kong be 23°C on May 3?,event_label,outputs/v2/diagnostics/phase10_gp_market_comparison/phase10_exact_common_support_event_panel.csv
2026-05-03,24h_prior,Will the highest temperature in Hong Kong be 24°C on May 3?,event_label,outputs/v2/diagnostics/phase10_gp_market_comparison/phase10_exact_common_support_event_panel.csv
2026-05-03,24h_prior,Will the highest temperature in Hong Kong be 25°C on May 3?,event_label,outputs/v2/diagnostics/phase10_gp_market_comparison/phase10_exact_common_support_event_panel.csv
2026-05-03,24h_prior,Will the highest temperature in Hong Kong be 26°C on May 3?,event_label,outputs/v2/diagnostics/phase10_gp_market_comparison/phase10_exact_common_support_event_panel.csv
2026-05-03,24h_prior,Will the highest temperature in Hong Kong be 27°C on May 3?,event_label,outputs/v2/diagnostics/phase10_gp_market_comparison/phase10_exact_common_support_event_panel.csv
2026-05-03,24h_prior,Will the highest temperature in Hong Kong be 28°C on May 3?,event_label,outputs/v2/diagnostics/phase10_gp_market_comparison/phase10_exact_common_support_event_panel.csv
2026-05-03,24h_prior,Will the highest temperature in Hong Kong be 29°C on May 3?,event_label,outputs/v2/diagnostics/phase10_gp_market_comparison/phase10_exact_common_support_event_panel.csv
2026-05-03,24h_prior,Will the highest temperature in Hong Kong be 30°C on May 3?,event_label,outputs/v2/diagnostics/phase10_gp_market_comparison/phase10_exact_common_support_event_panel.csv
2026-05-03,24h_prior,Will the highest temperature in Hong Kong be 31°C or higher on May 3?,event_label,outputs/v2/diagnostics/phase10_gp_market_comparison/phase10_exact_common_support_event_panel.csv
2026-05-03,6h_prior,Will the highest temperature in Hong Kong be 21°C or below on May 3?,event_label,outputs/v2/diagnostics/phase10_gp_market_comparison/phase10_exact_common_support_event_panel.csv
2026-05-03,6h_prior,Will the highest temperature in Hong Kong be 22°C on May 3?,event_label,outputs/v2/diagnostics/phase10_gp_market_comparison/phase10_exact_common_support_event_panel.csv
2026-05-03,6h_prior,Will the highest temperature in Hong Kong be 23°C on May 3?,event_label,outputs/v2/diagnostics/phase10_gp_market_comparison/phase10_exact_common_support_event_panel.csv
2026-05-03,6h_prior,Will the highest temperature in Hong Kong be 24°C on May 3?,event_label,outputs/v2/diagnostics/phase10_gp_market_comparison/phase10_exact_common_support_event_panel.csv
2026-05-03,6h_prior,Will the highest temperature in Hong Kong be 25°C on May 3?,event_label,outputs/v2/diagnostics/phase10_gp_market_comparison/phase10_exact_common_support_event_panel.csv
2026-05-03,6h_prior,Will the highest temperature in Hong Kong be 26°C on May 3?,event_label,outputs/v2/diagnostics/phase10_gp_market_comparison/phase10_exact_common_support_event_panel.csv
2026-05-03,6h_prior,Will the highest temperature in Hong Kong be 27°C on May 3?,event_label,outputs/v2/diagnostics/phase10_gp_market_comparison/phase10_exact_common_support_event_panel.csv
2026-05-03,6h_prior,Will the highest temperature in Hong Kong be 28°C on May 3?,event_label,outputs/v2/diagnostics/phase10_gp_market_comparison/phase10_exact_common_support_event_panel.csv
2026-05-03,6h_prior,Will the highest temperature in Hong Kong be 29°C on May 3?,event_label,outputs/v2/diagnostics/phase10_gp_market_comparison/phase10_exact_common_support_event_panel.csv
2026-05-03,6h_prior,Will the highest temperature in Hong Kong be 30°C on May 3?,event_label,outputs/v2/diagnostics/phase10_gp_market_comparison/phase10_exact_common_support_event_panel.csv
2026-05-03,6h_prior,Will the highest temperature in Hong Kong be 31°C or higher on May 3?,event_label,outputs/v2/diagnostics/phase10_gp_market_comparison/phase10_exact_common_support_event_panel.csv
2026-05-03,event_day_open,Will the highest temperature in Hong Kong be 21°C or below on May 3?,event_label,outputs/v2/diagnostics/phase10_gp_market_comparison/phase10_exact_common_support_event_panel.csv
2026-05-03,event_day_open,Will the highest temperature in Hong Kong be 22°C on May 3?,event_label,outputs/v2/diagnostics/phase10_gp_market_comparison/phase10_exact_common_support_event_panel.csv
2026-05-03,event_day_open,Will the highest temperature in Hong Kong be 23°C on May 3?,event_label,outputs/v2/diagnostics/phase10_gp_market_comparison/phase10_exact_common_support_event_panel.csv
2026-05-03,event_day_open,Will the highest temperature in Hong Kong be 24°C on May 3?,event_label,outputs/v2/diagnostics/phase10_gp_market_comparison/phase10_exact_common_support_event_panel.csv
2026-05-03,event_day_open,Will the highest temperature in Hong Kong be 25°C on May 3?,event_label,outputs/v2/diagnostics/phase10_gp_market_comparison/phase10_exact_common_support_event_panel.csv
2026-05-03,event_day_open,Will the highest temperature in Hong Kong be 26°C on May 3?,event_label,outputs/v2/diagnostics/phase10_gp_market_comparison/phase10_exact_common_support_event_panel.csv
2026-05-03,event_day_open,Will the highest temperature in Hong Kong be 27°C on May 3?,event_label,outputs/v2/diagnostics/phase10_gp_market_comparison/phase10_exact_common_support_event_panel.csv
2026-05-03,event_day_open,Will the highest temperature in Hong Kong be 28°C on May 3?,event_label,outputs/v2/diagnostics/phase10_gp_market_comparison/phase10_exact_common_support_event_panel.csv
2026-05-03,event_day_open,Will the highest temperature in Hong Kong be 29°C on May 3?,event_label,outputs/v2/diagnostics/phase10_gp_market_comparison/phase10_exact_common_support_event_panel.csv
2026-05-03,event_day_open,Will the highest temperature in Hong Kong be 30°C on May 3?,event_label,outputs/v2/diagnostics/phase10_gp_market_comparison/phase10_exact_common_support_event_panel.csv
2026-05-03,event_day_open,Will the highest temperature in Hong Kong be 31°C or higher on May 3?,event_label,outputs/v2/diagnostics/phase10_gp_market_comparison/phase10_exact_common_support_event_panel.csv
2026-05-04,12h_prior,Will the highest temperature in Hong Kong be 16°C or below on May 4?,event_label,outputs/v2/diagnostics/phase10_gp_market_comparison/phase10_exact_common_support_event_panel.csv
2026-05-04,12h_prior,Will the highest temperature in Hong Kong be 17°C on May 4?,event_label,outputs/v2/diagnostics/phase10_gp_market_comparison/phase10_exact_common_support_event_panel.csv
2026-05-04,12h_prior,Will the highest temperature in Hong Kong be 18°C on May 4?,event_label,outputs/v2/diagnostics/phase10_gp_market_comparison/phase10_exact_common_support_event_panel.csv
2026-05-04,12h_prior,Will the highest temperature in Hong Kong be 19°C on May 4?,event_label,outputs/v2/diagnostics/phase10_gp_market_comparison/phase10_exact_common_support_event_panel.csv
2026-05-04,12h_prior,Will the highest temperature in Hong Kong be 20°C on May 4?,event_label,outputs/v2/diagnostics/phase10_gp_market_comparison/phase10_exact_common_support_event_panel.csv
2026-05-04,12h_prior,Will the highest temperature in Hong Kong be 21°C on May 4?,event_label,outputs/v2/diagnostics/phase10_gp_market_comparison/phase10_exact_common_support_event_panel.csv
2026-05-04,12h_prior,Will the highest temperature in Hong Kong be 22°C on May 4?,event_label,outputs/v2/diagnostics/phase10_gp_market_comparison/phase10_exact_common_support_event_panel.csv
2026-05-04,12h_prior,Will the highest temperature in Hong Kong be 23°C on May 4?,event_label,outputs/v2/diagnostics/phase10_gp_market_comparison/phase10_exact_common_support_event_panel.csv
2026-05-04,12h_prior,Will the highest temperature in Hong Kong be 24°C on May 4?,event_label,outputs/v2/diagnostics/phase10_gp_market_comparison/phase10_exact_common_support_event_panel.csv
2026-05-04,12h_prior,Will the highest temperature in Hong Kong be 25°C on May 4?,event_label,outputs/v2/diagnostics/phase10_gp_market_comparison/phase10_exact_common_support_event_panel.csv
2026-05-04,12h_prior,Will the highest temperature in Hong Kong be 26°C or higher on May 4?,event_label,outputs/v2/diagnostics/phase10_gp_market_comparison/phase10_exact_common_support_event_panel.csv
2026-05-04,24h_prior,Will the highest temperature in Hong Kong be 16°C or below on May 4?,event_label,outputs/v2/diagnostics/phase10_gp_market_comparison/phase10_exact_common_support_event_panel.csv
2026-05-04,24h_prior,Will the highest temperature in Hong Kong be 17°C on May 4?,event_label,outputs/v2/diagnostics/phase10_gp_market_comparison/phase10_exact_common_support_event_panel.csv
2026-05-04,24h_prior,Will the highest temperature in Hong Kong be 18°C on May 4?,event_label,outputs/v2/diagnostics/phase10_gp_market_comparison/phase10_exact_common_support_event_panel.csv
2026-05-04,24h_prior,Will the highest temperature in Hong Kong be 19°C on May 4?,event_label,outputs/v2/diagnostics/phase10_gp_market_comparison/phase10_exact_common_support_event_panel.csv
2026-05-04,24h_prior,Will the highest temperature in Hong Kong be 20°C on May 4?,event_label,outputs/v2/diagnostics/phase10_gp_market_comparison/phase10_exact_common_support_event_panel.csv
2026-05-04,24h_prior,Will the highest temperature in Hong Kong be 21°C on May 4?,event_label,outputs/v2/diagnostics/phase10_gp_market_comparison/phase10_exact_common_support_event_panel.csv
2026-05-04,24h_prior,Will the highest temperature in Hong Kong be 22°C on May 4?,event_label,outputs/v2/diagnostics/phase10_gp_market_comparison/phase10_exact_common_support_event_panel.csv
2026-05-04,24h_prior,Will the highest temperature in Hong Kong be 23°C on May 4?,event_label,outputs/v2/diagnostics/phase10_gp_market_comparison/phase10_exact_common_support_event_panel.csv
2026-05-04,24h_prior,Will the highest temperature in Hong Kong be 24°C on May 4?,event_label,outputs/v2/diagnostics/phase10_gp_market_comparison/phase10_exact_common_support_event_panel.csv
2026-05-04,24h_prior,Will the highest temperature in Hong Kong be 25°C on May 4?,event_label,outputs/v2/diagnostics/phase10_gp_market_comparison/phase10_exact_common_support_event_panel.csv
2026-05-04,24h_prior,Will the highest temperature in Hong Kong be 26°C or higher on May 4?,event_label,outputs/v2/diagnostics/phase10_gp_market_comparison/phase10_exact_common_support_event_panel.csv
2026-05-04,6h_prior,Will the highest temperature in Hong Kong be 16°C or below on May 4?,event_label,outputs/v2/diagnostics/phase10_gp_market_comparison/phase10_exact_common_support_event_panel.csv
2026-05-04,6h_prior,Will the highest temperature in Hong Kong be 17°C on May 4?,event_label,outputs/v2/diagnostics/phase10_gp_market_comparison/phase10_exact_common_support_event_panel.csv
2026-05-04,6h_prior,Will the highest temperature in Hong Kong be 18°C on May 4?,event_label,outputs/v2/diagnostics/phase10_gp_market_comparison/phase10_exact_common_support_event_panel.csv
2026-05-04,6h_prior,Will the highest temperature in Hong Kong be 19°C on May 4?,event_label,outputs/v2/diagnostics/phase10_gp_market_comparison/phase10_exact_common_support_event_panel.csv
2026-05-04,6h_prior,Will the highest temperature in Hong Kong be 20°C on May 4?,event_label,outputs/v2/diagnostics/phase10_gp_market_comparison/phase10_exact_common_support_event_panel.csv
2026-05-04,6h_prior,Will the highest temperature in Hong Kong be 21°C on May 4?,event_label,outputs/v2/diagnostics/phase10_gp_market_comparison/phase10_exact_common_support_event_panel.csv
2026-05-04,6h_prior,Will the highest temperature in Hong Kong be 22°C on May 4?,event_label,outputs/v2/diagnostics/phase10_gp_market_comparison/phase10_exact_common_support_event_panel.csv
2026-05-04,6h_prior,Will the highest temperature in Hong Kong be 23°C on May 4?,event_label,outputs/v2/diagnostics/phase10_gp_market_comparison/phase10_exact_common_support_event_panel.csv
2026-05-04,6h_prior,Will the highest temperature in Hong Kong be 24°C on May 4?,event_label,outputs/v2/diagnostics/phase10_gp_market_comparison/phase10_exact_common_support_event_panel.csv
2026-05-04,6h_prior,Will the highest temperature in Hong Kong be 25°C on May 4?,event_label,outputs/v2/diagnostics/phase10_gp_market_comparison/phase10_exact_common_support_event_panel.csv
2026-05-04,6h_prior,Will the highest temperature in Hong Kong be 26°C or higher on May 4?,event_label,outputs/v2/diagnostics/phase10_gp_market_comparison/phase10_exact_common_support_event_panel.csv
2026-05-04,event_day_open,Will the highest temperature in Hong Kong be 16°C or below on May 4?,event_label,outputs/v2/diagnostics/phase10_gp_market_comparison/phase10_exact_common_support_event_panel.csv
2026-05-04,event_day_open,Will the highest temperature in Hong Kong be 17°C on May 4?,event_label,outputs/v2/diagnostics/phase10_gp_market_comparison/phase10_exact_common_support_event_panel.csv
2026-05-04,event_day_open,Will the highest temperature in Hong Kong be 18°C on May 4?,event_label,outputs/v2/diagnostics/phase10_gp_market_comparison/phase10_exact_common_support_event_panel.csv
2026-05-04,event_day_open,Will the highest temperature in Hong Kong be 19°C on May 4?,event_label,outputs/v2/diagnostics/phase10_gp_market_comparison/phase10_exact_common_support_event_panel.csv
2026-05-04,event_day_open,Will the highest temperature in Hong Kong be 20°C on May 4?,event_label,outputs/v2/diagnostics/phase10_gp_market_comparison/phase10_exact_common_support_event_panel.csv
2026-05-04,event_day_open,Will the highest temperature in Hong Kong be 21°C on May 4?,event_label,outputs/v2/diagnostics/phase10_gp_market_comparison/phase10_exact_common_support_event_panel.csv
2026-05-04,event_day_open,Will the highest temperature in Hong Kong be 22°C on May 4?,event_label,outputs/v2/diagnostics/phase10_gp_market_comparison/phase10_exact_common_support_event_panel.csv
2026-05-04,event_day_open,Will the highest temperature in Hong Kong be 23°C on May 4?,event_label,outputs/v2/diagnostics/phase10_gp_market_comparison/phase10_exact_common_support_event_panel.csv
2026-05-04,event_day_open,Will the highest temperature in Hong Kong be 24°C on May 4?,event_label,outputs/v2/diagnostics/phase10_gp_market_comparison/phase10_exact_common_support_event_panel.csv
2026-05-04,event_day_open,Will the highest temperature in Hong Kong be 25°C on May 4?,event_label,outputs/v2/diagnostics/phase10_gp_market_comparison/phase10_exact_common_support_event_panel.csv
2026-05-04,event_day_open,Will the highest temperature in Hong Kong be 26°C or higher on May 4?,event_label,outputs/v2/diagnostics/phase10_gp_market_comparison/phase10_exact_common_support_event_panel.csv
2026-05-05,12h_prior,Will the highest temperature in Hong Kong be 18°C or below on May 5?,event_label,outputs/v2/diagnostics/phase10_gp_market_comparison/phase10_exact_common_support_event_panel.csv
2026-05-05,12h_prior,Will the highest temperature in Hong Kong be 19°C on May 5?,event_label,outputs/v2/diagnostics/phase10_gp_market_comparison/phase10_exact_common_support_event_panel.csv
2026-05-05,12h_prior,Will the highest temperature in Hong Kong be 20°C on May 5?,event_label,outputs/v2/diagnostics/phase10_gp_market_comparison/phase10_exact_common_support_event_panel.csv
2026-05-05,12h_prior,Will the highest temperature in Hong Kong be 21°C on May 5?,event_label,outputs/v2/diagnostics/phase10_gp_market_comparison/phase10_exact_common_support_event_panel.csv
2026-05-05,12h_prior,Will the highest temperature in Hong Kong be 22°C on May 5?,event_label,outputs/v2/diagnostics/phase10_gp_market_comparison/phase10_exact_common_support_event_panel.csv
2026-05-05,12h_prior,Will the highest temperature in Hong Kong be 23°C on May 5?,event_label,outputs/v2/diagnostics/phase10_gp_market_comparison/phase10_exact_common_support_event_panel.csv
2026-05-05,12h_prior,Will the highest temperature in Hong Kong be 24°C on May 5?,event_label,outputs/v2/diagnostics/phase10_gp_market_comparison/phase10_exact_common_support_event_panel.csv
2026-05-05,12h_prior,Will the highest temperature in Hong Kong be 25°C on May 5?,event_label,outputs/v2/diagnostics/phase10_gp_market_comparison/phase10_exact_common_support_event_panel.csv
2026-05-05,12h_prior,Will the highest temperature in Hong Kong be 26°C on May 5?,event_label,outputs/v2/diagnostics/phase10_gp_market_comparison/phase10_exact_common_support_event_panel.csv
2026-05-05,12h_prior,Will the highest temperature in Hong Kong be 27°C on May 5?,event_label,outputs/v2/diagnostics/phase10_gp_market_comparison/phase10_exact_common_support_event_panel.csv
2026-05-05,12h_prior,Will the highest temperature in Hong Kong be 28°C or higher on May 5?,event_label,outputs/v2/diagnostics/phase10_gp_market_comparison/phase10_exact_common_support_event_panel.csv
2026-05-05,24h_prior,Will the highest temperature in Hong Kong be 18°C or below on May 5?,event_label,outputs/v2/diagnostics/phase10_gp_market_comparison/phase10_exact_common_support_event_panel.csv
2026-05-05,24h_prior,Will the highest temperature in Hong Kong be 19°C on May 5?,event_label,outputs/v2/diagnostics/phase10_gp_market_comparison/phase10_exact_common_support_event_panel.csv
2026-05-05,24h_prior,Will the highest temperature in Hong Kong be 20°C on May 5?,event_label,outputs/v2/diagnostics/phase10_gp_market_comparison/phase10_exact_common_support_event_panel.csv
2026-05-05,24h_prior,Will the highest temperature in Hong Kong be 21°C on May 5?,event_label,outputs/v2/diagnostics/phase10_gp_market_comparison/phase10_exact_common_support_event_panel.csv
2026-05-05,24h_prior,Will the highest temperature in Hong Kong be 22°C on May 5?,event_label,outputs/v2/diagnostics/phase10_gp_market_comparison/phase10_exact_common_support_event_panel.csv
2026-05-05,24h_prior,Will the highest temperature in Hong Kong be 23°C on May 5?,event_label,outputs/v2/diagnostics/phase10_gp_market_comparison/phase10_exact_common_support_event_panel.csv
2026-05-05,24h_prior,Will the highest temperature in Hong Kong be 24°C on May 5?,event_label,outputs/v2/diagnostics/phase10_gp_market_comparison/phase10_exact_common_support_event_panel.csv
2026-05-05,24h_prior,Will the highest temperature in Hong Kong be 25°C on May 5?,event_label,outputs/v2/diagnostics/phase10_gp_market_comparison/phase10_exact_common_support_event_panel.csv
2026-05-05,24h_prior,Will the highest temperature in Hong Kong be 26°C on May 5?,event_label,outputs/v2/diagnostics/phase10_gp_market_comparison/phase10_exact_common_support_event_panel.csv
2026-05-05,24h_prior,Will the highest temperature in Hong Kong be 27°C on May 5?,event_label,outputs/v2/diagnostics/phase10_gp_market_comparison/phase10_exact_common_support_event_panel.csv
2026-05-05,24h_prior,Will the highest temperature in Hong Kong be 28°C or higher on May 5?,event_label,outputs/v2/diagnostics/phase10_gp_market_comparison/phase10_exact_common_support_event_panel.csv
2026-05-05,6h_prior,Will the highest temperature in Hong Kong be 18°C or below on May 5?,event_label,outputs/v2/diagnostics/phase10_gp_market_comparison/phase10_exact_common_support_event_panel.csv
2026-05-05,6h_prior,Will the highest temperature in Hong Kong be 19°C on May 5?,event_label,outputs/v2/diagnostics/phase10_gp_market_comparison/phase10_exact_common_support_event_panel.csv
2026-05-05,6h_prior,Will the highest temperature in Hong Kong be 20°C on May 5?,event_label,outputs/v2/diagnostics/phase10_gp_market_comparison/phase10_exact_common_support_event_panel.csv
2026-05-05,6h_prior,Will the highest temperature in Hong Kong be 21°C on May 5?,event_label,outputs/v2/diagnostics/phase10_gp_market_comparison/phase10_exact_common_support_event_panel.csv
2026-05-05,6h_prior,Will the highest temperature in Hong Kong be 22°C on May 5?,event_label,outputs/v2/diagnostics/phase10_gp_market_comparison/phase10_exact_common_support_event_panel.csv
2026-05-05,6h_prior,Will the highest temperature in Hong Kong be 23°C on May 5?,event_label,outputs/v2/diagnostics/phase10_gp_market_comparison/phase10_exact_common_support_event_panel.csv
2026-05-05,6h_prior,Will the highest temperature in Hong Kong be 24°C on May 5?,event_label,outputs/v2/diagnostics/phase10_gp_market_comparison/phase10_exact_common_support_event_panel.csv
2026-05-05,6h_prior,Will the highest temperature in Hong Kong be 25°C on May 5?,event_label,outputs/v2/diagnostics/phase10_gp_market_comparison/phase10_exact_common_support_event_panel.csv
2026-05-05,6h_prior,Will the highest temperature in Hong Kong be 26°C on May 5?,event_label,outputs/v2/diagnostics/phase10_gp_market_comparison/phase10_exact_common_support_event_panel.csv
2026-05-05,6h_prior,Will the highest temperature in Hong Kong be 27°C on May 5?,event_label,outputs/v2/diagnostics/phase10_gp_market_comparison/phase10_exact_common_support_event_panel.csv
2026-05-05,6h_prior,Will the highest temperature in Hong Kong be 28°C or higher on May 5?,event_label,outputs/v2/diagnostics/phase10_gp_market_comparison/phase10_exact_common_support_event_panel.csv
2026-05-05,event_day_open,Will the highest temperature in Hong Kong be 18°C or below on May 5?,event_label,outputs/v2/diagnostics/phase10_gp_market_comparison/phase10_exact_common_support_event_panel.csv
2026-05-05,event_day_open,Will the highest temperature in Hong Kong be 19°C on May 5?,event_label,outputs/v2/diagnostics/phase10_gp_market_comparison/phase10_exact_common_support_event_panel.csv
2026-05-05,event_day_open,Will the highest temperature in Hong Kong be 20°C on May 5?,event_label,outputs/v2/diagnostics/phase10_gp_market_comparison/phase10_exact_common_support_event_panel.csv
2026-05-05,event_day_open,Will the highest temperature in Hong Kong be 21°C on May 5?,event_label,outputs/v2/diagnostics/phase10_gp_market_comparison/phase10_exact_common_support_event_panel.csv
2026-05-05,event_day_open,Will the highest temperature in Hong Kong be 22°C on May 5?,event_label,outputs/v2/diagnostics/phase10_gp_market_comparison/phase10_exact_common_support_event_panel.csv
2026-05-05,event_day_open,Will the highest temperature in Hong Kong be 23°C on May 5?,event_label,outputs/v2/diagnostics/phase10_gp_market_comparison/phase10_exact_common_support_event_panel.csv
2026-05-05,event_day_open,Will the highest temperature in Hong Kong be 24°C on May 5?,event_label,outputs/v2/diagnostics/phase10_gp_market_comparison/phase10_exact_common_support_event_panel.csv
2026-05-05,event_day_open,Will the highest temperature in Hong Kong be 25°C on May 5?,event_label,outputs/v2/diagnostics/phase10_gp_market_comparison/phase10_exact_common_support_event_panel.csv
2026-05-05,event_day_open,Will the highest temperature in Hong Kong be 26°C on May 5?,event_label,outputs/v2/diagnostics/phase10_gp_market_comparison/phase10_exact_common_support_event_panel.csv
2026-05-05,event_day_open,Will the highest temperature in Hong Kong be 27°C on May 5?,event_label,outputs/v2/diagnostics/phase10_gp_market_comparison/phase10_exact_common_support_event_panel.csv
2026-05-05,event_day_open,Will the highest temperature in Hong Kong be 28°C or higher on May 5?,event_label,outputs/v2/diagnostics/phase10_gp_market_comparison/phase10_exact_common_support_event_panel.csv
2026-05-06,12h_prior,Will the highest temperature in Hong Kong be 21°C or below on May 6?,event_label,outputs/v2/diagnostics/phase10_gp_market_comparison/phase10_exact_common_support_event_panel.csv
2026-05-06,12h_prior,Will the highest temperature in Hong Kong be 22°C on May 6?,event_label,outputs/v2/diagnostics/phase10_gp_market_comparison/phase10_exact_common_support_event_panel.csv
2026-05-06,12h_prior,Will the highest temperature in Hong Kong be 23°C on May 6?,event_label,outputs/v2/diagnostics/phase10_gp_market_comparison/phase10_exact_common_support_event_panel.csv
2026-05-06,12h_prior,Will the highest temperature in Hong Kong be 24°C on May 6?,event_label,outputs/v2/diagnostics/phase10_gp_market_comparison/phase10_exact_common_support_event_panel.csv
2026-05-06,12h_prior,Will the highest temperature in Hong Kong be 25°C on May 6?,event_label,outputs/v2/diagnostics/phase10_gp_market_comparison/phase10_exact_common_support_event_panel.csv
2026-05-06,12h_prior,Will the highest temperature in Hong Kong be 26°C on May 6?,event_label,outputs/v2/diagnostics/phase10_gp_market_comparison/phase10_exact_common_support_event_panel.csv
2026-05-06,12h_prior,Will the highest temperature in Hong Kong be 27°C on May 6?,event_label,outputs/v2/diagnostics/phase10_gp_market_comparison/phase10_exact_common_support_event_panel.csv
2026-05-06,12h_prior,Will the highest temperature in Hong Kong be 28°C on May 6?,event_label,outputs/v2/diagnostics/phase10_gp_market_comparison/phase10_exact_common_support_event_panel.csv
2026-05-06,12h_prior,Will the highest temperature in Hong Kong be 29°C on May 6?,event_label,outputs/v2/diagnostics/phase10_gp_market_comparison/phase10_exact_common_support_event_panel.csv
2026-05-06,12h_prior,Will the highest temperature in Hong Kong be 30°C on May 6?,event_label,outputs/v2/diagnostics/phase10_gp_market_comparison/phase10_exact_common_support_event_panel.csv
2026-05-06,12h_prior,Will the highest temperature in Hong Kong be 31°C or higher on May 6?,event_label,outputs/v2/diagnostics/phase10_gp_market_comparison/phase10_exact_common_support_event_panel.csv
2026-05-06,6h_prior,Will the highest temperature in Hong Kong be 21°C or below on May 6?,event_label,outputs/v2/diagnostics/phase10_gp_market_comparison/phase10_exact_common_support_event_panel.csv
2026-05-06,6h_prior,Will the highest temperature in Hong Kong be 22°C on May 6?,event_label,outputs/v2/diagnostics/phase10_gp_market_comparison/phase10_exact_common_support_event_panel.csv
2026-05-06,6h_prior,Will the highest temperature in Hong Kong be 23°C on May 6?,event_label,outputs/v2/diagnostics/phase10_gp_market_comparison/phase10_exact_common_support_event_panel.csv
2026-05-06,6h_prior,Will the highest temperature in Hong Kong be 24°C on May 6?,event_label,outputs/v2/diagnostics/phase10_gp_market_comparison/phase10_exact_common_support_event_panel.csv
2026-05-06,6h_prior,Will the highest temperature in Hong Kong be 25°C on May 6?,event_label,outputs/v2/diagnostics/phase10_gp_market_comparison/phase10_exact_common_support_event_panel.csv
2026-05-06,6h_prior,Will the highest temperature in Hong Kong be 26°C on May 6?,event_label,outputs/v2/diagnostics/phase10_gp_market_comparison/phase10_exact_common_support_event_panel.csv
2026-05-06,6h_prior,Will the highest temperature in Hong Kong be 27°C on May 6?,event_label,outputs/v2/diagnostics/phase10_gp_market_comparison/phase10_exact_common_support_event_panel.csv
2026-05-06,6h_prior,Will the highest temperature in Hong Kong be 28°C on May 6?,event_label,outputs/v2/diagnostics/phase10_gp_market_comparison/phase10_exact_common_support_event_panel.csv
2026-05-06,6h_prior,Will the highest temperature in Hong Kong be 29°C on May 6?,event_label,outputs/v2/diagnostics/phase10_gp_market_comparison/phase10_exact_common_support_event_panel.csv
2026-05-06,6h_prior,Will the highest temperature in Hong Kong be 30°C on May 6?,event_label,outputs/v2/diagnostics/phase10_gp_market_comparison/phase10_exact_common_support_event_panel.csv
2026-05-06,6h_prior,Will the highest temperature in Hong Kong be 31°C or higher on May 6?,event_label,outputs/v2/diagnostics/phase10_gp_market_comparison/phase10_exact_common_support_event_panel.csv
2026-05-06,event_day_open,Will the highest temperature in Hong Kong be 21°C or below on May 6?,event_label,outputs/v2/diagnostics/phase10_gp_market_comparison/phase10_exact_common_support_event_panel.csv
2026-05-06,event_day_open,Will the highest temperature in Hong Kong be 22°C on May 6?,event_label,outputs/v2/diagnostics/phase10_gp_market_comparison/phase10_exact_common_support_event_panel.csv
2026-05-06,event_day_open,Will the highest temperature in Hong Kong be 23°C on May 6?,event_label,outputs/v2/diagnostics/phase10_gp_market_comparison/phase10_exact_common_support_event_panel.csv
2026-05-06,event_day_open,Will the highest temperature in Hong Kong be 24°C on May 6?,event_label,outputs/v2/diagnostics/phase10_gp_market_comparison/phase10_exact_common_support_event_panel.csv
2026-05-06,event_day_open,Will the highest temperature in Hong Kong be 25°C on May 6?,event_label,outputs/v2/diagnostics/phase10_gp_market_comparison/phase10_exact_common_support_event_panel.csv
2026-05-06,event_day_open,Will the highest temperature in Hong Kong be 26°C on May 6?,event_label,outputs/v2/diagnostics/phase10_gp_market_comparison/phase10_exact_common_support_event_panel.csv
2026-05-06,event_day_open,Will the highest temperature in Hong Kong be 27°C on May 6?,event_label,outputs/v2/diagnostics/phase10_gp_market_comparison/phase10_exact_common_support_event_panel.csv
2026-05-06,event_day_open,Will the highest temperature in Hong Kong be 28°C on May 6?,event_label,outputs/v2/diagnostics/phase10_gp_market_comparison/phase10_exact_common_support_event_panel.csv
2026-05-06,event_day_open,Will the highest temperature in Hong Kong be 29°C on May 6?,event_label,outputs/v2/diagnostics/phase10_gp_market_comparison/phase10_exact_common_support_event_panel.csv
2026-05-06,event_day_open,Will the highest temperature in Hong Kong be 30°C on May 6?,event_label,outputs/v2/diagnostics/phase10_gp_market_comparison/phase10_exact_common_support_event_panel.csv
2026-05-06,event_day_open,Will the highest temperature in Hong Kong be 31°C or higher on May 6?,event_label,outputs/v2/diagnostics/phase10_gp_market_comparison/phase10_exact_common_support_event_panel.csv
2026-05-07,12h_prior,Will the highest temperature in Hong Kong be 22°C or below on May 7?,event_label,outputs/v2/diagnostics/phase10_gp_market_comparison/phase10_exact_common_support_event_panel.csv
2026-05-07,12h_prior,Will the highest temperature in Hong Kong be 23°C on May 7?,event_label,outputs/v2/diagnostics/phase10_gp_market_comparison/phase10_exact_common_support_event_panel.csv
2026-05-07,12h_prior,Will the highest temperature in Hong Kong be 24°C on May 7?,event_label,outputs/v2/diagnostics/phase10_gp_market_comparison/phase10_exact_common_support_event_panel.csv
2026-05-07,12h_prior,Will the highest temperature in Hong Kong be 25°C on May 7?,event_label,outputs/v2/diagnostics/phase10_gp_market_comparison/phase10_exact_common_support_event_panel.csv
2026-05-07,12h_prior,Will the highest temperature in Hong Kong be 26°C on May 7?,event_label,outputs/v2/diagnostics/phase10_gp_market_comparison/phase10_exact_common_support_event_panel.csv
2026-05-07,12h_prior,Will the highest temperature in Hong Kong be 27°C on May 7?,event_label,outputs/v2/diagnostics/phase10_gp_market_comparison/phase10_exact_common_support_event_panel.csv
2026-05-07,12h_prior,Will the highest temperature in Hong Kong be 28°C on May 7?,event_label,outputs/v2/diagnostics/phase10_gp_market_comparison/phase10_exact_common_support_event_panel.csv
2026-05-07,12h_prior,Will the highest temperature in Hong Kong be 29°C on May 7?,event_label,outputs/v2/diagnostics/phase10_gp_market_comparison/phase10_exact_common_support_event_panel.csv
2026-05-07,12h_prior,Will the highest temperature in Hong Kong be 30°C on May 7?,event_label,outputs/v2/diagnostics/phase10_gp_market_comparison/phase10_exact_common_support_event_panel.csv
2026-05-07,12h_prior,Will the highest temperature in Hong Kong be 31°C on May 7?,event_label,outputs/v2/diagnostics/phase10_gp_market_comparison/phase10_exact_common_support_event_panel.csv
2026-05-07,12h_prior,Will the highest temperature in Hong Kong be 32°C or higher on May 7?,event_label,outputs/v2/diagnostics/phase10_gp_market_comparison/phase10_exact_common_support_event_panel.csv
2026-05-07,24h_prior,Will the highest temperature in Hong Kong be 22°C or below on May 7?,event_label,outputs/v2/diagnostics/phase10_gp_market_comparison/phase10_exact_common_support_event_panel.csv
2026-05-07,24h_prior,Will the highest temperature in Hong Kong be 23°C on May 7?,event_label,outputs/v2/diagnostics/phase10_gp_market_comparison/phase10_exact_common_support_event_panel.csv
2026-05-07,24h_prior,Will the highest temperature in Hong Kong be 24°C on May 7?,event_label,outputs/v2/diagnostics/phase10_gp_market_comparison/phase10_exact_common_support_event_panel.csv
2026-05-07,24h_prior,Will the highest temperature in Hong Kong be 25°C on May 7?,event_label,outputs/v2/diagnostics/phase10_gp_market_comparison/phase10_exact_common_support_event_panel.csv
2026-05-07,24h_prior,Will the highest temperature in Hong Kong be 26°C on May 7?,event_label,outputs/v2/diagnostics/phase10_gp_market_comparison/phase10_exact_common_support_event_panel.csv
2026-05-07,24h_prior,Will the highest temperature in Hong Kong be 27°C on May 7?,event_label,outputs/v2/diagnostics/phase10_gp_market_comparison/phase10_exact_common_support_event_panel.csv
2026-05-07,24h_prior,Will the highest temperature in Hong Kong be 28°C on May 7?,event_label,outputs/v2/diagnostics/phase10_gp_market_comparison/phase10_exact_common_support_event_panel.csv
2026-05-07,24h_prior,Will the highest temperature in Hong Kong be 29°C on May 7?,event_label,outputs/v2/diagnostics/phase10_gp_market_comparison/phase10_exact_common_support_event_panel.csv
2026-05-07,24h_prior,Will the highest temperature in Hong Kong be 30°C on May 7?,event_label,outputs/v2/diagnostics/phase10_gp_market_comparison/phase10_exact_common_support_event_panel.csv
2026-05-07,24h_prior,Will the highest temperature in Hong Kong be 31°C on May 7?,event_label,outputs/v2/diagnostics/phase10_gp_market_comparison/phase10_exact_common_support_event_panel.csv
2026-05-07,24h_prior,Will the highest temperature in Hong Kong be 32°C or higher on May 7?,event_label,outputs/v2/diagnostics/phase10_gp_market_comparison/phase10_exact_common_support_event_panel.csv
2026-05-07,6h_prior,Will the highest temperature in Hong Kong be 22°C or below on May 7?,event_label,outputs/v2/diagnostics/phase10_gp_market_comparison/phase10_exact_common_support_event_panel.csv
2026-05-07,6h_prior,Will the highest temperature in Hong Kong be 23°C on May 7?,event_label,outputs/v2/diagnostics/phase10_gp_market_comparison/phase10_exact_common_support_event_panel.csv
2026-05-07,6h_prior,Will the highest temperature in Hong Kong be 24°C on May 7?,event_label,outputs/v2/diagnostics/phase10_gp_market_comparison/phase10_exact_common_support_event_panel.csv
2026-05-07,6h_prior,Will the highest temperature in Hong Kong be 25°C on May 7?,event_label,outputs/v2/diagnostics/phase10_gp_market_comparison/phase10_exact_common_support_event_panel.csv
2026-05-07,6h_prior,Will the highest temperature in Hong Kong be 26°C on May 7?,event_label,outputs/v2/diagnostics/phase10_gp_market_comparison/phase10_exact_common_support_event_panel.csv
2026-05-07,6h_prior,Will the highest temperature in Hong Kong be 27°C on May 7?,event_label,outputs/v2/diagnostics/phase10_gp_market_comparison/phase10_exact_common_support_event_panel.csv
2026-05-07,6h_prior,Will the highest temperature in Hong Kong be 28°C on May 7?,event_label,outputs/v2/diagnostics/phase10_gp_market_comparison/phase10_exact_common_support_event_panel.csv
2026-05-07,6h_prior,Will the highest temperature in Hong Kong be 29°C on May 7?,event_label,outputs/v2/diagnostics/phase10_gp_market_comparison/phase10_exact_common_support_event_panel.csv
2026-05-07,6h_prior,Will the highest temperature in Hong Kong be 30°C on May 7?,event_label,outputs/v2/diagnostics/phase10_gp_market_comparison/phase10_exact_common_support_event_panel.csv
2026-05-07,6h_prior,Will the highest temperature in Hong Kong be 31°C on May 7?,event_label,outputs/v2/diagnostics/phase10_gp_market_comparison/phase10_exact_common_support_event_panel.csv
2026-05-07,6h_prior,Will the highest temperature in Hong Kong be 32°C or higher on May 7?,event_label,outputs/v2/diagnostics/phase10_gp_market_comparison/phase10_exact_common_support_event_panel.csv
2026-05-07,event_day_open,Will the highest temperature in Hong Kong be 22°C or below on May 7?,event_label,outputs/v2/diagnostics/phase10_gp_market_comparison/phase10_exact_common_support_event_panel.csv
2026-05-07,event_day_open,Will the highest temperature in Hong Kong be 23°C on May 7?,event_label,outputs/v2/diagnostics/phase10_gp_market_comparison/phase10_exact_common_support_event_panel.csv
2026-05-07,event_day_open,Will the highest temperature in Hong Kong be 24°C on May 7?,event_label,outputs/v2/diagnostics/phase10_gp_market_comparison/phase10_exact_common_support_event_panel.csv
2026-05-07,event_day_open,Will the highest temperature in Hong Kong be 25°C on May 7?,event_label,outputs/v2/diagnostics/phase10_gp_market_comparison/phase10_exact_common_support_event_panel.csv
2026-05-07,event_day_open,Will the highest temperature in Hong Kong be 26°C on May 7?,event_label,outputs/v2/diagnostics/phase10_gp_market_comparison/phase10_exact_common_support_event_panel.csv
2026-05-07,event_day_open,Will the highest temperature in Hong Kong be 27°C on May 7?,event_label,outputs/v2/diagnostics/phase10_gp_market_comparison/phase10_exact_common_support_event_panel.csv
2026-05-07,event_day_open,Will the highest temperature in Hong Kong be 28°C on May 7?,event_label,outputs/v2/diagnostics/phase10_gp_market_comparison/phase10_exact_common_support_event_panel.csv
2026-05-07,event_day_open,Will the highest temperature in Hong Kong be 29°C on May 7?,event_label,outputs/v2/diagnostics/phase10_gp_market_comparison/phase10_exact_common_support_event_panel.csv
2026-05-07,event_day_open,Will the highest temperature in Hong Kong be 30°C on May 7?,event_label,outputs/v2/diagnostics/phase10_gp_market_comparison/phase10_exact_common_support_event_panel.csv
2026-05-07,event_day_open,Will the highest temperature in Hong Kong be 31°C on May 7?,event_label,outputs/v2/diagnostics/phase10_gp_market_comparison/phase10_exact_common_support_event_panel.csv
2026-05-07,event_day_open,Will the highest temperature in Hong Kong be 32°C or higher on May 7?,event_label,outputs/v2/diagnostics/phase10_gp_market_comparison/phase10_exact_common_support_event_panel.csv
2026-05-08,12h_prior,Will the highest temperature in Hong Kong be 21°C or below on May 8?,event_label,outputs/v2/diagnostics/phase10_gp_market_comparison/phase10_exact_common_support_event_panel.csv
2026-05-08,12h_prior,Will the highest temperature in Hong Kong be 22°C on May 8?,event_label,outputs/v2/diagnostics/phase10_gp_market_comparison/phase10_exact_common_support_event_panel.csv
2026-05-08,12h_prior,Will the highest temperature in Hong Kong be 23°C on May 8?,event_label,outputs/v2/diagnostics/phase10_gp_market_comparison/phase10_exact_common_support_event_panel.csv
2026-05-08,12h_prior,Will the highest temperature in Hong Kong be 24°C on May 8?,event_label,outputs/v2/diagnostics/phase10_gp_market_comparison/phase10_exact_common_support_event_panel.csv
2026-05-08,12h_prior,Will the highest temperature in Hong Kong be 25°C on May 8?,event_label,outputs/v2/diagnostics/phase10_gp_market_comparison/phase10_exact_common_support_event_panel.csv
2026-05-08,12h_prior,Will the highest temperature in Hong Kong be 26°C on May 8?,event_label,outputs/v2/diagnostics/phase10_gp_market_comparison/phase10_exact_common_support_event_panel.csv
2026-05-08,12h_prior,Will the highest temperature in Hong Kong be 27°C on May 8?,event_label,outputs/v2/diagnostics/phase10_gp_market_comparison/phase10_exact_common_support_event_panel.csv
2026-05-08,12h_prior,Will the highest temperature in Hong Kong be 28°C on May 8?,event_label,outputs/v2/diagnostics/phase10_gp_market_comparison/phase10_exact_common_support_event_panel.csv
2026-05-08,12h_prior,Will the highest temperature in Hong Kong be 29°C on May 8?,event_label,outputs/v2/diagnostics/phase10_gp_market_comparison/phase10_exact_common_support_event_panel.csv
2026-05-08,12h_prior,Will the highest temperature in Hong Kong be 30°C on May 8?,event_label,outputs/v2/diagnostics/phase10_gp_market_comparison/phase10_exact_common_support_event_panel.csv
2026-05-08,12h_prior,Will the highest temperature in Hong Kong be 31°C or higher on May 8?,event_label,outputs/v2/diagnostics/phase10_gp_market_comparison/phase10_exact_common_support_event_panel.csv
2026-05-08,24h_prior,Will the highest temperature in Hong Kong be 21°C or below on May 8?,event_label,outputs/v2/diagnostics/phase10_gp_market_comparison/phase10_exact_common_support_event_panel.csv
2026-05-08,24h_prior,Will the highest temperature in Hong Kong be 22°C on May 8?,event_label,outputs/v2/diagnostics/phase10_gp_market_comparison/phase10_exact_common_support_event_panel.csv
2026-05-08,24h_prior,Will the highest temperature in Hong Kong be 23°C on May 8?,event_label,outputs/v2/diagnostics/phase10_gp_market_comparison/phase10_exact_common_support_event_panel.csv
2026-05-08,24h_prior,Will the highest temperature in Hong Kong be 24°C on May 8?,event_label,outputs/v2/diagnostics/phase10_gp_market_comparison/phase10_exact_common_support_event_panel.csv
2026-05-08,24h_prior,Will the highest temperature in Hong Kong be 25°C on May 8?,event_label,outputs/v2/diagnostics/phase10_gp_market_comparison/phase10_exact_common_support_event_panel.csv
2026-05-08,24h_prior,Will the highest temperature in Hong Kong be 26°C on May 8?,event_label,outputs/v2/diagnostics/phase10_gp_market_comparison/phase10_exact_common_support_event_panel.csv
2026-05-08,24h_prior,Will the highest temperature in Hong Kong be 27°C on May 8?,event_label,outputs/v2/diagnostics/phase10_gp_market_comparison/phase10_exact_common_support_event_panel.csv
2026-05-08,24h_prior,Will the highest temperature in Hong Kong be 28°C on May 8?,event_label,outputs/v2/diagnostics/phase10_gp_market_comparison/phase10_exact_common_support_event_panel.csv
2026-05-08,24h_prior,Will the highest temperature in Hong Kong be 29°C on May 8?,event_label,outputs/v2/diagnostics/phase10_gp_market_comparison/phase10_exact_common_support_event_panel.csv
2026-05-08,24h_prior,Will the highest temperature in Hong Kong be 30°C on May 8?,event_label,outputs/v2/diagnostics/phase10_gp_market_comparison/phase10_exact_common_support_event_panel.csv
2026-05-08,24h_prior,Will the highest temperature in Hong Kong be 31°C or higher on May 8?,event_label,outputs/v2/diagnostics/phase10_gp_market_comparison/phase10_exact_common_support_event_panel.csv
2026-05-08,6h_prior,Will the highest temperature in Hong Kong be 21°C or below on May 8?,event_label,outputs/v2/diagnostics/phase10_gp_market_comparison/phase10_exact_common_support_event_panel.csv
2026-05-08,6h_prior,Will the highest temperature in Hong Kong be 22°C on May 8?,event_label,outputs/v2/diagnostics/phase10_gp_market_comparison/phase10_exact_common_support_event_panel.csv
2026-05-08,6h_prior,Will the highest temperature in Hong Kong be 23°C on May 8?,event_label,outputs/v2/diagnostics/phase10_gp_market_comparison/phase10_exact_common_support_event_panel.csv
2026-05-08,6h_prior,Will the highest temperature in Hong Kong be 24°C on May 8?,event_label,outputs/v2/diagnostics/phase10_gp_market_comparison/phase10_exact_common_support_event_panel.csv
2026-05-08,6h_prior,Will the highest temperature in Hong Kong be 25°C on May 8?,event_label,outputs/v2/diagnostics/phase10_gp_market_comparison/phase10_exact_common_support_event_panel.csv
2026-05-08,6h_prior,Will the highest temperature in Hong Kong be 26°C on May 8?,event_label,outputs/v2/diagnostics/phase10_gp_market_comparison/phase10_exact_common_support_event_panel.csv
2026-05-08,6h_prior,Will the highest temperature in Hong Kong be 27°C on May 8?,event_label,outputs/v2/diagnostics/phase10_gp_market_comparison/phase10_exact_common_support_event_panel.csv
2026-05-08,6h_prior,Will the highest temperature in Hong Kong be 28°C on May 8?,event_label,outputs/v2/diagnostics/phase10_gp_market_comparison/phase10_exact_common_support_event_panel.csv
2026-05-08,6h_prior,Will the highest temperature in Hong Kong be 29°C on May 8?,event_label,outputs/v2/diagnostics/phase10_gp_market_comparison/phase10_exact_common_support_event_panel.csv
2026-05-08,6h_prior,Will the highest temperature in Hong Kong be 30°C on May 8?,event_label,outputs/v2/diagnostics/phase10_gp_market_comparison/phase10_exact_common_support_event_panel.csv
2026-05-08,6h_prior,Will the highest temperature in Hong Kong be 31°C or higher on May 8?,event_label,outputs/v2/diagnostics/phase10_gp_market_comparison/phase10_exact_common_support_event_panel.csv
2026-05-08,event_day_open,Will the highest temperature in Hong Kong be 21°C or below on May 8?,event_label,outputs/v2/diagnostics/phase10_gp_market_comparison/phase10_exact_common_support_event_panel.csv
2026-05-08,event_day_open,Will the highest temperature in Hong Kong be 22°C on May 8?,event_label,outputs/v2/diagnostics/phase10_gp_market_comparison/phase10_exact_common_support_event_panel.csv
2026-05-08,event_day_open,Will the highest temperature in Hong Kong be 23°C on May 8?,event_label,outputs/v2/diagnostics/phase10_gp_market_comparison/phase10_exact_common_support_event_panel.csv
2026-05-08,event_day_open,Will the highest temperature in Hong Kong be 24°C on May 8?,event_label,outputs/v2/diagnostics/phase10_gp_market_comparison/phase10_exact_common_support_event_panel.csv
2026-05-08,event_day_open,Will the highest temperature in Hong Kong be 25°C on May 8?,event_label,outputs/v2/diagnostics/phase10_gp_market_comparison/phase10_exact_common_support_event_panel.csv
2026-05-08,event_day_open,Will the highest temperature in Hong Kong be 26°C on May 8?,event_label,outputs/v2/diagnostics/phase10_gp_market_comparison/phase10_exact_common_support_event_panel.csv
2026-05-08,event_day_open,Will the highest temperature in Hong Kong be 27°C on May 8?,event_label,outputs/v2/diagnostics/phase10_gp_market_comparison/phase10_exact_common_support_event_panel.csv
2026-05-08,event_day_open,Will the highest temperature in Hong Kong be 28°C on May 8?,event_label,outputs/v2/diagnostics/phase10_gp_market_comparison/phase10_exact_common_support_event_panel.csv
2026-05-08,event_day_open,Will the highest temperature in Hong Kong be 29°C on May 8?,event_label,outputs/v2/diagnostics/phase10_gp_market_comparison/phase10_exact_common_support_event_panel.csv
2026-05-08,event_day_open,Will the highest temperature in Hong Kong be 30°C on May 8?,event_label,outputs/v2/diagnostics/phase10_gp_market_comparison/phase10_exact_common_support_event_panel.csv
2026-05-08,event_day_open,Will the highest temperature in Hong Kong be 31°C or higher on May 8?,event_label,outputs/v2/diagnostics/phase10_gp_market_comparison/phase10_exact_common_support_event_panel.csv
2026-05-09,12h_prior,Will the highest temperature in Hong Kong be 17°C or below on May 9?,event_label,outputs/v2/diagnostics/phase10_gp_market_comparison/phase10_exact_common_support_event_panel.csv
2026-05-09,12h_prior,Will the highest temperature in Hong Kong be 18°C on May 9?,event_label,outputs/v2/diagnostics/phase10_gp_market_comparison/phase10_exact_common_support_event_panel.csv
2026-05-09,12h_prior,Will the highest temperature in Hong Kong be 19°C on May 9?,event_label,outputs/v2/diagnostics/phase10_gp_market_comparison/phase10_exact_common_support_event_panel.csv
2026-05-09,12h_prior,Will the highest temperature in Hong Kong be 20°C on May 9?,event_label,outputs/v2/diagnostics/phase10_gp_market_comparison/phase10_exact_common_support_event_panel.csv
2026-05-09,12h_prior,Will the highest temperature in Hong Kong be 21°C on May 9?,event_label,outputs/v2/diagnostics/phase10_gp_market_comparison/phase10_exact_common_support_event_panel.csv
2026-05-09,12h_prior,Will the highest temperature in Hong Kong be 22°C on May 9?,event_label,outputs/v2/diagnostics/phase10_gp_market_comparison/phase10_exact_common_support_event_panel.csv
2026-05-09,12h_prior,Will the highest temperature in Hong Kong be 23°C on May 9?,event_label,outputs/v2/diagnostics/phase10_gp_market_comparison/phase10_exact_common_support_event_panel.csv
2026-05-09,12h_prior,Will the highest temperature in Hong Kong be 24°C on May 9?,event_label,outputs/v2/diagnostics/phase10_gp_market_comparison/phase10_exact_common_support_event_panel.csv
2026-05-09,12h_prior,Will the highest temperature in Hong Kong be 25°C on May 9?,event_label,outputs/v2/diagnostics/phase10_gp_market_comparison/phase10_exact_common_support_event_panel.csv
2026-05-09,12h_prior,Will the highest temperature in Hong Kong be 26°C on May 9?,event_label,outputs/v2/diagnostics/phase10_gp_market_comparison/phase10_exact_common_support_event_panel.csv
2026-05-09,12h_prior,Will the highest temperature in Hong Kong be 27°C or higher on May 9?,event_label,outputs/v2/diagnostics/phase10_gp_market_comparison/phase10_exact_common_support_event_panel.csv
2026-05-09,24h_prior,Will the highest temperature in Hong Kong be 17°C or below on May 9?,event_label,outputs/v2/diagnostics/phase10_gp_market_comparison/phase10_exact_common_support_event_panel.csv
2026-05-09,24h_prior,Will the highest temperature in Hong Kong be 18°C on May 9?,event_label,outputs/v2/diagnostics/phase10_gp_market_comparison/phase10_exact_common_support_event_panel.csv
2026-05-09,24h_prior,Will the highest temperature in Hong Kong be 19°C on May 9?,event_label,outputs/v2/diagnostics/phase10_gp_market_comparison/phase10_exact_common_support_event_panel.csv
2026-05-09,24h_prior,Will the highest temperature in Hong Kong be 20°C on May 9?,event_label,outputs/v2/diagnostics/phase10_gp_market_comparison/phase10_exact_common_support_event_panel.csv
2026-05-09,24h_prior,Will the highest temperature in Hong Kong be 21°C on May 9?,event_label,outputs/v2/diagnostics/phase10_gp_market_comparison/phase10_exact_common_support_event_panel.csv
2026-05-09,24h_prior,Will the highest temperature in Hong Kong be 22°C on May 9?,event_label,outputs/v2/diagnostics/phase10_gp_market_comparison/phase10_exact_common_support_event_panel.csv
2026-05-09,24h_prior,Will the highest temperature in Hong Kong be 23°C on May 9?,event_label,outputs/v2/diagnostics/phase10_gp_market_comparison/phase10_exact_common_support_event_panel.csv
2026-05-09,24h_prior,Will the highest temperature in Hong Kong be 24°C on May 9?,event_label,outputs/v2/diagnostics/phase10_gp_market_comparison/phase10_exact_common_support_event_panel.csv
2026-05-09,24h_prior,Will the highest temperature in Hong Kong be 25°C on May 9?,event_label,outputs/v2/diagnostics/phase10_gp_market_comparison/phase10_exact_common_support_event_panel.csv
2026-05-09,24h_prior,Will the highest temperature in Hong Kong be 26°C on May 9?,event_label,outputs/v2/diagnostics/phase10_gp_market_comparison/phase10_exact_common_support_event_panel.csv
2026-05-09,24h_prior,Will the highest temperature in Hong Kong be 27°C or higher on May 9?,event_label,outputs/v2/diagnostics/phase10_gp_market_comparison/phase10_exact_common_support_event_panel.csv
2026-05-09,6h_prior,Will the highest temperature in Hong Kong be 17°C or below on May 9?,event_label,outputs/v2/diagnostics/phase10_gp_market_comparison/phase10_exact_common_support_event_panel.csv
2026-05-09,6h_prior,Will the highest temperature in Hong Kong be 18°C on May 9?,event_label,outputs/v2/diagnostics/phase10_gp_market_comparison/phase10_exact_common_support_event_panel.csv
2026-05-09,6h_prior,Will the highest temperature in Hong Kong be 19°C on May 9?,event_label,outputs/v2/diagnostics/phase10_gp_market_comparison/phase10_exact_common_support_event_panel.csv
2026-05-09,6h_prior,Will the highest temperature in Hong Kong be 20°C on May 9?,event_label,outputs/v2/diagnostics/phase10_gp_market_comparison/phase10_exact_common_support_event_panel.csv
2026-05-09,6h_prior,Will the highest temperature in Hong Kong be 21°C on May 9?,event_label,outputs/v2/diagnostics/phase10_gp_market_comparison/phase10_exact_common_support_event_panel.csv
2026-05-09,6h_prior,Will the highest temperature in Hong Kong be 22°C on May 9?,event_label,outputs/v2/diagnostics/phase10_gp_market_comparison/phase10_exact_common_support_event_panel.csv
2026-05-09,6h_prior,Will the highest temperature in Hong Kong be 23°C on May 9?,event_label,outputs/v2/diagnostics/phase10_gp_market_comparison/phase10_exact_common_support_event_panel.csv
2026-05-09,6h_prior,Will the highest temperature in Hong Kong be 24°C on May 9?,event_label,outputs/v2/diagnostics/phase10_gp_market_comparison/phase10_exact_common_support_event_panel.csv
2026-05-09,6h_prior,Will the highest temperature in Hong Kong be 25°C on May 9?,event_label,outputs/v2/diagnostics/phase10_gp_market_comparison/phase10_exact_common_support_event_panel.csv
2026-05-09,6h_prior,Will the highest temperature in Hong Kong be 26°C on May 9?,event_label,outputs/v2/diagnostics/phase10_gp_market_comparison/phase10_exact_common_support_event_panel.csv
2026-05-09,6h_prior,Will the highest temperature in Hong Kong be 27°C or higher on May 9?,event_label,outputs/v2/diagnostics/phase10_gp_market_comparison/phase10_exact_common_support_event_panel.csv
2026-05-09,event_day_open,Will the highest temperature in Hong Kong be 17°C or below on May 9?,event_label,outputs/v2/diagnostics/phase10_gp_market_comparison/phase10_exact_common_support_event_panel.csv
2026-05-09,event_day_open,Will the highest temperature in Hong Kong be 18°C on May 9?,event_label,outputs/v2/diagnostics/phase10_gp_market_comparison/phase10_exact_common_support_event_panel.csv
2026-05-09,event_day_open,Will the highest temperature in Hong Kong be 19°C on May 9?,event_label,outputs/v2/diagnostics/phase10_gp_market_comparison/phase10_exact_common_support_event_panel.csv
2026-05-09,event_day_open,Will the highest temperature in Hong Kong be 20°C on May 9?,event_label,outputs/v2/diagnostics/phase10_gp_market_comparison/phase10_exact_common_support_event_panel.csv
2026-05-09,event_day_open,Will the highest temperature in Hong Kong be 21°C on May 9?,event_label,outputs/v2/diagnostics/phase10_gp_market_comparison/phase10_exact_common_support_event_panel.csv
2026-05-09,event_day_open,Will the highest temperature in Hong Kong be 22°C on May 9?,event_label,outputs/v2/diagnostics/phase10_gp_market_comparison/phase10_exact_common_support_event_panel.csv
2026-05-09,event_day_open,Will the highest temperature in Hong Kong be 23°C on May 9?,event_label,outputs/v2/diagnostics/phase10_gp_market_comparison/phase10_exact_common_support_event_panel.csv
2026-05-09,event_day_open,Will the highest temperature in Hong Kong be 24°C on May 9?,event_label,outputs/v2/diagnostics/phase10_gp_market_comparison/phase10_exact_common_support_event_panel.csv
2026-05-09,event_day_open,Will the highest temperature in Hong Kong be 25°C on May 9?,event_label,outputs/v2/diagnostics/phase10_gp_market_comparison/phase10_exact_common_support_event_panel.csv
2026-05-09,event_day_open,Will the highest temperature in Hong Kong be 26°C on May 9?,event_label,outputs/v2/diagnostics/phase10_gp_market_comparison/phase10_exact_common_support_event_panel.csv
2026-05-09,event_day_open,Will the highest temperature in Hong Kong be 27°C or higher on May 9?,event_label,outputs/v2/diagnostics/phase10_gp_market_comparison/phase10_exact_common_support_event_panel.csv
2026-05-10,12h_prior,Will the highest temperature in Hong Kong be 19°C or below on May 10?,event_label,outputs/v2/diagnostics/phase10_gp_market_comparison/phase10_exact_common_support_event_panel.csv
2026-05-10,12h_prior,Will the highest temperature in Hong Kong be 20°C on May 10?,event_label,outputs/v2/diagnostics/phase10_gp_market_comparison/phase10_exact_common_support_event_panel.csv
2026-05-10,12h_prior,Will the highest temperature in Hong Kong be 21°C on May 10?,event_label,outputs/v2/diagnostics/phase10_gp_market_comparison/phase10_exact_common_support_event_panel.csv
2026-05-10,12h_prior,Will the highest temperature in Hong Kong be 22°C on May 10?,event_label,outputs/v2/diagnostics/phase10_gp_market_comparison/phase10_exact_common_support_event_panel.csv
2026-05-10,12h_prior,Will the highest temperature in Hong Kong be 23°C on May 10?,event_label,outputs/v2/diagnostics/phase10_gp_market_comparison/phase10_exact_common_support_event_panel.csv
2026-05-10,12h_prior,Will the highest temperature in Hong Kong be 24°C on May 10?,event_label,outputs/v2/diagnostics/phase10_gp_market_comparison/phase10_exact_common_support_event_panel.csv
2026-05-10,12h_prior,Will the highest temperature in Hong Kong be 25°C on May 10?,event_label,outputs/v2/diagnostics/phase10_gp_market_comparison/phase10_exact_common_support_event_panel.csv
2026-05-10,12h_prior,Will the highest temperature in Hong Kong be 26°C on May 10?,event_label,outputs/v2/diagnostics/phase10_gp_market_comparison/phase10_exact_common_support_event_panel.csv
2026-05-10,12h_prior,Will the highest temperature in Hong Kong be 27°C on May 10?,event_label,outputs/v2/diagnostics/phase10_gp_market_comparison/phase10_exact_common_support_event_panel.csv
2026-05-10,12h_prior,Will the highest temperature in Hong Kong be 28°C on May 10?,event_label,outputs/v2/diagnostics/phase10_gp_market_comparison/phase10_exact_common_support_event_panel.csv
2026-05-10,12h_prior,Will the highest temperature in Hong Kong be 29°C or higher on May 10?,event_label,outputs/v2/diagnostics/phase10_gp_market_comparison/phase10_exact_common_support_event_panel.csv
2026-05-10,24h_prior,Will the highest temperature in Hong Kong be 19°C or below on May 10?,event_label,outputs/v2/diagnostics/phase10_gp_market_comparison/phase10_exact_common_support_event_panel.csv
2026-05-10,24h_prior,Will the highest temperature in Hong Kong be 20°C on May 10?,event_label,outputs/v2/diagnostics/phase10_gp_market_comparison/phase10_exact_common_support_event_panel.csv
2026-05-10,24h_prior,Will the highest temperature in Hong Kong be 21°C on May 10?,event_label,outputs/v2/diagnostics/phase10_gp_market_comparison/phase10_exact_common_support_event_panel.csv
2026-05-10,24h_prior,Will the highest temperature in Hong Kong be 22°C on May 10?,event_label,outputs/v2/diagnostics/phase10_gp_market_comparison/phase10_exact_common_support_event_panel.csv
2026-05-10,24h_prior,Will the highest temperature in Hong Kong be 23°C on May 10?,event_label,outputs/v2/diagnostics/phase10_gp_market_comparison/phase10_exact_common_support_event_panel.csv
2026-05-10,24h_prior,Will the highest temperature in Hong Kong be 24°C on May 10?,event_label,outputs/v2/diagnostics/phase10_gp_market_comparison/phase10_exact_common_support_event_panel.csv
2026-05-10,24h_prior,Will the highest temperature in Hong Kong be 25°C on May 10?,event_label,outputs/v2/diagnostics/phase10_gp_market_comparison/phase10_exact_common_support_event_panel.csv
2026-05-10,24h_prior,Will the highest temperature in Hong Kong be 26°C on May 10?,event_label,outputs/v2/diagnostics/phase10_gp_market_comparison/phase10_exact_common_support_event_panel.csv
2026-05-10,24h_prior,Will the highest temperature in Hong Kong be 27°C on May 10?,event_label,outputs/v2/diagnostics/phase10_gp_market_comparison/phase10_exact_common_support_event_panel.csv
2026-05-10,24h_prior,Will the highest temperature in Hong Kong be 28°C on May 10?,event_label,outputs/v2/diagnostics/phase10_gp_market_comparison/phase10_exact_common_support_event_panel.csv
2026-05-10,24h_prior,Will the highest temperature in Hong Kong be 29°C or higher on May 10?,event_label,outputs/v2/diagnostics/phase10_gp_market_comparison/phase10_exact_common_support_event_panel.csv
2026-05-10,6h_prior,Will the highest temperature in Hong Kong be 19°C or below on May 10?,event_label,outputs/v2/diagnostics/phase10_gp_market_comparison/phase10_exact_common_support_event_panel.csv
2026-05-10,6h_prior,Will the highest temperature in Hong Kong be 20°C on May 10?,event_label,outputs/v2/diagnostics/phase10_gp_market_comparison/phase10_exact_common_support_event_panel.csv
2026-05-10,6h_prior,Will the highest temperature in Hong Kong be 21°C on May 10?,event_label,outputs/v2/diagnostics/phase10_gp_market_comparison/phase10_exact_common_support_event_panel.csv
2026-05-10,6h_prior,Will the highest temperature in Hong Kong be 22°C on May 10?,event_label,outputs/v2/diagnostics/phase10_gp_market_comparison/phase10_exact_common_support_event_panel.csv
2026-05-10,6h_prior,Will the highest temperature in Hong Kong be 23°C on May 10?,event_label,outputs/v2/diagnostics/phase10_gp_market_comparison/phase10_exact_common_support_event_panel.csv
2026-05-10,6h_prior,Will the highest temperature in Hong Kong be 24°C on May 10?,event_label,outputs/v2/diagnostics/phase10_gp_market_comparison/phase10_exact_common_support_event_panel.csv
2026-05-10,6h_prior,Will the highest temperature in Hong Kong be 25°C on May 10?,event_label,outputs/v2/diagnostics/phase10_gp_market_comparison/phase10_exact_common_support_event_panel.csv
2026-05-10,6h_prior,Will the highest temperature in Hong Kong be 26°C on May 10?,event_label,outputs/v2/diagnostics/phase10_gp_market_comparison/phase10_exact_common_support_event_panel.csv
2026-05-10,6h_prior,Will the highest temperature in Hong Kong be 27°C on May 10?,event_label,outputs/v2/diagnostics/phase10_gp_market_comparison/phase10_exact_common_support_event_panel.csv
2026-05-10,6h_prior,Will the highest temperature in Hong Kong be 28°C on May 10?,event_label,outputs/v2/diagnostics/phase10_gp_market_comparison/phase10_exact_common_support_event_panel.csv
2026-05-10,6h_prior,Will the highest temperature in Hong Kong be 29°C or higher on May 10?,event_label,outputs/v2/diagnostics/phase10_gp_market_comparison/phase10_exact_common_support_event_panel.csv
2026-05-10,event_day_open,Will the highest temperature in Hong Kong be 19°C or below on May 10?,event_label,outputs/v2/diagnostics/phase10_gp_market_comparison/phase10_exact_common_support_event_panel.csv
2026-05-10,event_day_open,Will the highest temperature in Hong Kong be 20°C on May 10?,event_label,outputs/v2/diagnostics/phase10_gp_market_comparison/phase10_exact_common_support_event_panel.csv
2026-05-10,event_day_open,Will the highest temperature in Hong Kong be 21°C on May 10?,event_label,outputs/v2/diagnostics/phase10_gp_market_comparison/phase10_exact_common_support_event_panel.csv
2026-05-10,event_day_open,Will the highest temperature in Hong Kong be 22°C on May 10?,event_label,outputs/v2/diagnostics/phase10_gp_market_comparison/phase10_exact_common_support_event_panel.csv
2026-05-10,event_day_open,Will the highest temperature in Hong Kong be 23°C on May 10?,event_label,outputs/v2/diagnostics/phase10_gp_market_comparison/phase10_exact_common_support_event_panel.csv
2026-05-10,event_day_open,Will the highest temperature in Hong Kong be 24°C on May 10?,event_label,outputs/v2/diagnostics/phase10_gp_market_comparison/phase10_exact_common_support_event_panel.csv
2026-05-10,event_day_open,Will the highest temperature in Hong Kong be 25°C on May 10?,event_label,outputs/v2/diagnostics/phase10_gp_market_comparison/phase10_exact_common_support_event_panel.csv
2026-05-10,event_day_open,Will the highest temperature in Hong Kong be 26°C on May 10?,event_label,outputs/v2/diagnostics/phase10_gp_market_comparison/phase10_exact_common_support_event_panel.csv
2026-05-10,event_day_open,Will the highest temperature in Hong Kong be 27°C on May 10?,event_label,outputs/v2/diagnostics/phase10_gp_market_comparison/phase10_exact_common_support_event_panel.csv
2026-05-10,event_day_open,Will the highest temperature in Hong Kong be 28°C on May 10?,event_label,outputs/v2/diagnostics/phase10_gp_market_comparison/phase10_exact_common_support_event_panel.csv
2026-05-10,event_day_open,Will the highest temperature in Hong Kong be 29°C or higher on May 10?,event_label,outputs/v2/diagnostics/phase10_gp_market_comparison/phase10_exact_common_support_event_panel.csv
2026-05-11,12h_prior,Will the highest temperature in Hong Kong be 20°C or below on May 11?,event_label,outputs/v2/diagnostics/phase10_gp_market_comparison/phase10_exact_common_support_event_panel.csv
2026-05-11,12h_prior,Will the highest temperature in Hong Kong be 21°C on May 11?,event_label,outputs/v2/diagnostics/phase10_gp_market_comparison/phase10_exact_common_support_event_panel.csv
2026-05-11,12h_prior,Will the highest temperature in Hong Kong be 22°C on May 11?,event_label,outputs/v2/diagnostics/phase10_gp_market_comparison/phase10_exact_common_support_event_panel.csv
2026-05-11,12h_prior,Will the highest temperature in Hong Kong be 23°C on May 11?,event_label,outputs/v2/diagnostics/phase10_gp_market_comparison/phase10_exact_common_support_event_panel.csv
2026-05-11,12h_prior,Will the highest temperature in Hong Kong be 24°C on May 11?,event_label,outputs/v2/diagnostics/phase10_gp_market_comparison/phase10_exact_common_support_event_panel.csv
2026-05-11,12h_prior,Will the highest temperature in Hong Kong be 25°C on May 11?,event_label,outputs/v2/diagnostics/phase10_gp_market_comparison/phase10_exact_common_support_event_panel.csv
2026-05-11,12h_prior,Will the highest temperature in Hong Kong be 26°C on May 11?,event_label,outputs/v2/diagnostics/phase10_gp_market_comparison/phase10_exact_common_support_event_panel.csv
2026-05-11,12h_prior,Will the highest temperature in Hong Kong be 27°C on May 11?,event_label,outputs/v2/diagnostics/phase10_gp_market_comparison/phase10_exact_common_support_event_panel.csv
2026-05-11,12h_prior,Will the highest temperature in Hong Kong be 28°C on May 11?,event_label,outputs/v2/diagnostics/phase10_gp_market_comparison/phase10_exact_common_support_event_panel.csv
2026-05-11,12h_prior,Will the highest temperature in Hong Kong be 29°C on May 11?,event_label,outputs/v2/diagnostics/phase10_gp_market_comparison/phase10_exact_common_support_event_panel.csv
2026-05-11,12h_prior,Will the highest temperature in Hong Kong be 30°C or higher on May 11?,event_label,outputs/v2/diagnostics/phase10_gp_market_comparison/phase10_exact_common_support_event_panel.csv
2026-05-11,24h_prior,Will the highest temperature in Hong Kong be 20°C or below on May 11?,event_label,outputs/v2/diagnostics/phase10_gp_market_comparison/phase10_exact_common_support_event_panel.csv
2026-05-11,24h_prior,Will the highest temperature in Hong Kong be 21°C on May 11?,event_label,outputs/v2/diagnostics/phase10_gp_market_comparison/phase10_exact_common_support_event_panel.csv
2026-05-11,24h_prior,Will the highest temperature in Hong Kong be 22°C on May 11?,event_label,outputs/v2/diagnostics/phase10_gp_market_comparison/phase10_exact_common_support_event_panel.csv
2026-05-11,24h_prior,Will the highest temperature in Hong Kong be 23°C on May 11?,event_label,outputs/v2/diagnostics/phase10_gp_market_comparison/phase10_exact_common_support_event_panel.csv
2026-05-11,24h_prior,Will the highest temperature in Hong Kong be 24°C on May 11?,event_label,outputs/v2/diagnostics/phase10_gp_market_comparison/phase10_exact_common_support_event_panel.csv
2026-05-11,24h_prior,Will the highest temperature in Hong Kong be 25°C on May 11?,event_label,outputs/v2/diagnostics/phase10_gp_market_comparison/phase10_exact_common_support_event_panel.csv
2026-05-11,24h_prior,Will the highest temperature in Hong Kong be 26°C on May 11?,event_label,outputs/v2/diagnostics/phase10_gp_market_comparison/phase10_exact_common_support_event_panel.csv
2026-05-11,24h_prior,Will the highest temperature in Hong Kong be 27°C on May 11?,event_label,outputs/v2/diagnostics/phase10_gp_market_comparison/phase10_exact_common_support_event_panel.csv
2026-05-11,24h_prior,Will the highest temperature in Hong Kong be 28°C on May 11?,event_label,outputs/v2/diagnostics/phase10_gp_market_comparison/phase10_exact_common_support_event_panel.csv
2026-05-11,24h_prior,Will the highest temperature in Hong Kong be 29°C on May 11?,event_label,outputs/v2/diagnostics/phase10_gp_market_comparison/phase10_exact_common_support_event_panel.csv
2026-05-11,24h_prior,Will the highest temperature in Hong Kong be 30°C or higher on May 11?,event_label,outputs/v2/diagnostics/phase10_gp_market_comparison/phase10_exact_common_support_event_panel.csv
2026-05-11,6h_prior,Will the highest temperature in Hong Kong be 20°C or below on May 11?,event_label,outputs/v2/diagnostics/phase10_gp_market_comparison/phase10_exact_common_support_event_panel.csv
2026-05-11,6h_prior,Will the highest temperature in Hong Kong be 21°C on May 11?,event_label,outputs/v2/diagnostics/phase10_gp_market_comparison/phase10_exact_common_support_event_panel.csv
2026-05-11,6h_prior,Will the highest temperature in Hong Kong be 22°C on May 11?,event_label,outputs/v2/diagnostics/phase10_gp_market_comparison/phase10_exact_common_support_event_panel.csv
2026-05-11,6h_prior,Will the highest temperature in Hong Kong be 23°C on May 11?,event_label,outputs/v2/diagnostics/phase10_gp_market_comparison/phase10_exact_common_support_event_panel.csv
2026-05-11,6h_prior,Will the highest temperature in Hong Kong be 24°C on May 11?,event_label,outputs/v2/diagnostics/phase10_gp_market_comparison/phase10_exact_common_support_event_panel.csv
2026-05-11,6h_prior,Will the highest temperature in Hong Kong be 25°C on May 11?,event_label,outputs/v2/diagnostics/phase10_gp_market_comparison/phase10_exact_common_support_event_panel.csv
2026-05-11,6h_prior,Will the highest temperature in Hong Kong be 26°C on May 11?,event_label,outputs/v2/diagnostics/phase10_gp_market_comparison/phase10_exact_common_support_event_panel.csv
2026-05-11,6h_prior,Will the highest temperature in Hong Kong be 27°C on May 11?,event_label,outputs/v2/diagnostics/phase10_gp_market_comparison/phase10_exact_common_support_event_panel.csv
2026-05-11,6h_prior,Will the highest temperature in Hong Kong be 28°C on May 11?,event_label,outputs/v2/diagnostics/phase10_gp_market_comparison/phase10_exact_common_support_event_panel.csv
2026-05-11,6h_prior,Will the highest temperature in Hong Kong be 29°C on May 11?,event_label,outputs/v2/diagnostics/phase10_gp_market_comparison/phase10_exact_common_support_event_panel.csv
2026-05-11,6h_prior,Will the highest temperature in Hong Kong be 30°C or higher on May 11?,event_label,outputs/v2/diagnostics/phase10_gp_market_comparison/phase10_exact_common_support_event_panel.csv
2026-05-11,event_day_open,Will the highest temperature in Hong Kong be 20°C or below on May 11?,event_label,outputs/v2/diagnostics/phase10_gp_market_comparison/phase10_exact_common_support_event_panel.csv
2026-05-11,event_day_open,Will the highest temperature in Hong Kong be 21°C on May 11?,event_label,outputs/v2/diagnostics/phase10_gp_market_comparison/phase10_exact_common_support_event_panel.csv
2026-05-11,event_day_open,Will the highest temperature in Hong Kong be 22°C on May 11?,event_label,outputs/v2/diagnostics/phase10_gp_market_comparison/phase10_exact_common_support_event_panel.csv
2026-05-11,event_day_open,Will the highest temperature in Hong Kong be 23°C on May 11?,event_label,outputs/v2/diagnostics/phase10_gp_market_comparison/phase10_exact_common_support_event_panel.csv
2026-05-11,event_day_open,Will the highest temperature in Hong Kong be 24°C on May 11?,event_label,outputs/v2/diagnostics/phase10_gp_market_comparison/phase10_exact_common_support_event_panel.csv
2026-05-11,event_day_open,Will the highest temperature in Hong Kong be 25°C on May 11?,event_label,outputs/v2/diagnostics/phase10_gp_market_comparison/phase10_exact_common_support_event_panel.csv
2026-05-11,event_day_open,Will the highest temperature in Hong Kong be 26°C on May 11?,event_label,outputs/v2/diagnostics/phase10_gp_market_comparison/phase10_exact_common_support_event_panel.csv
2026-05-11,event_day_open,Will the highest temperature in Hong Kong be 27°C on May 11?,event_label,outputs/v2/diagnostics/phase10_gp_market_comparison/phase10_exact_common_support_event_panel.csv
2026-05-11,event_day_open,Will the highest temperature in Hong Kong be 28°C on May 11?,event_label,outputs/v2/diagnostics/phase10_gp_market_comparison/phase10_exact_common_support_event_panel.csv
2026-05-11,event_day_open,Will the highest temperature in Hong Kong be 29°C on May 11?,event_label,outputs/v2/diagnostics/phase10_gp_market_comparison/phase10_exact_common_support_event_panel.csv
2026-05-11,event_day_open,Will the highest temperature in Hong Kong be 30°C or higher on May 11?,event_label,outputs/v2/diagnostics/phase10_gp_market_comparison/phase10_exact_common_support_event_panel.csv
2026-05-12,12h_prior,Will the highest temperature in Hong Kong be 21°C or below on May 12?,event_label,outputs/v2/diagnostics/phase10_gp_market_comparison/phase10_exact_common_support_event_panel.csv
2026-05-12,12h_prior,Will the highest temperature in Hong Kong be 22°C on May 12?,event_label,outputs/v2/diagnostics/phase10_gp_market_comparison/phase10_exact_common_support_event_panel.csv
2026-05-12,12h_prior,Will the highest temperature in Hong Kong be 23°C on May 12?,event_label,outputs/v2/diagnostics/phase10_gp_market_comparison/phase10_exact_common_support_event_panel.csv
2026-05-12,12h_prior,Will the highest temperature in Hong Kong be 24°C on May 12?,event_label,outputs/v2/diagnostics/phase10_gp_market_comparison/phase10_exact_common_support_event_panel.csv
2026-05-12,12h_prior,Will the highest temperature in Hong Kong be 25°C on May 12?,event_label,outputs/v2/diagnostics/phase10_gp_market_comparison/phase10_exact_common_support_event_panel.csv
2026-05-12,12h_prior,Will the highest temperature in Hong Kong be 26°C on May 12?,event_label,outputs/v2/diagnostics/phase10_gp_market_comparison/phase10_exact_common_support_event_panel.csv
2026-05-12,12h_prior,Will the highest temperature in Hong Kong be 27°C on May 12?,event_label,outputs/v2/diagnostics/phase10_gp_market_comparison/phase10_exact_common_support_event_panel.csv
2026-05-12,12h_prior,Will the highest temperature in Hong Kong be 28°C on May 12?,event_label,outputs/v2/diagnostics/phase10_gp_market_comparison/phase10_exact_common_support_event_panel.csv
2026-05-12,12h_prior,Will the highest temperature in Hong Kong be 29°C on May 12?,event_label,outputs/v2/diagnostics/phase10_gp_market_comparison/phase10_exact_common_support_event_panel.csv
2026-05-12,12h_prior,Will the highest temperature in Hong Kong be 30°C on May 12?,event_label,outputs/v2/diagnostics/phase10_gp_market_comparison/phase10_exact_common_support_event_panel.csv
2026-05-12,12h_prior,Will the highest temperature in Hong Kong be 31°C or higher on May 12?,event_label,outputs/v2/diagnostics/phase10_gp_market_comparison/phase10_exact_common_support_event_panel.csv
2026-05-12,24h_prior,Will the highest temperature in Hong Kong be 21°C or below on May 12?,event_label,outputs/v2/diagnostics/phase10_gp_market_comparison/phase10_exact_common_support_event_panel.csv
2026-05-12,24h_prior,Will the highest temperature in Hong Kong be 22°C on May 12?,event_label,outputs/v2/diagnostics/phase10_gp_market_comparison/phase10_exact_common_support_event_panel.csv
2026-05-12,24h_prior,Will the highest temperature in Hong Kong be 23°C on May 12?,event_label,outputs/v2/diagnostics/phase10_gp_market_comparison/phase10_exact_common_support_event_panel.csv
2026-05-12,24h_prior,Will the highest temperature in Hong Kong be 24°C on May 12?,event_label,outputs/v2/diagnostics/phase10_gp_market_comparison/phase10_exact_common_support_event_panel.csv
2026-05-12,24h_prior,Will the highest temperature in Hong Kong be 25°C on May 12?,event_label,outputs/v2/diagnostics/phase10_gp_market_comparison/phase10_exact_common_support_event_panel.csv
2026-05-12,24h_prior,Will the highest temperature in Hong Kong be 26°C on May 12?,event_label,outputs/v2/diagnostics/phase10_gp_market_comparison/phase10_exact_common_support_event_panel.csv
2026-05-12,24h_prior,Will the highest temperature in Hong Kong be 27°C on May 12?,event_label,outputs/v2/diagnostics/phase10_gp_market_comparison/phase10_exact_common_support_event_panel.csv
2026-05-12,24h_prior,Will the highest temperature in Hong Kong be 28°C on May 12?,event_label,outputs/v2/diagnostics/phase10_gp_market_comparison/phase10_exact_common_support_event_panel.csv
2026-05-12,24h_prior,Will the highest temperature in Hong Kong be 29°C on May 12?,event_label,outputs/v2/diagnostics/phase10_gp_market_comparison/phase10_exact_common_support_event_panel.csv
2026-05-12,24h_prior,Will the highest temperature in Hong Kong be 30°C on May 12?,event_label,outputs/v2/diagnostics/phase10_gp_market_comparison/phase10_exact_common_support_event_panel.csv
2026-05-12,24h_prior,Will the highest temperature in Hong Kong be 31°C or higher on May 12?,event_label,outputs/v2/diagnostics/phase10_gp_market_comparison/phase10_exact_common_support_event_panel.csv
2026-05-12,6h_prior,Will the highest temperature in Hong Kong be 21°C or below on May 12?,event_label,outputs/v2/diagnostics/phase10_gp_market_comparison/phase10_exact_common_support_event_panel.csv
2026-05-12,6h_prior,Will the highest temperature in Hong Kong be 22°C on May 12?,event_label,outputs/v2/diagnostics/phase10_gp_market_comparison/phase10_exact_common_support_event_panel.csv
2026-05-12,6h_prior,Will the highest temperature in Hong Kong be 23°C on May 12?,event_label,outputs/v2/diagnostics/phase10_gp_market_comparison/phase10_exact_common_support_event_panel.csv
2026-05-12,6h_prior,Will the highest temperature in Hong Kong be 24°C on May 12?,event_label,outputs/v2/diagnostics/phase10_gp_market_comparison/phase10_exact_common_support_event_panel.csv
2026-05-12,6h_prior,Will the highest temperature in Hong Kong be 25°C on May 12?,event_label,outputs/v2/diagnostics/phase10_gp_market_comparison/phase10_exact_common_support_event_panel.csv
2026-05-12,6h_prior,Will the highest temperature in Hong Kong be 26°C on May 12?,event_label,outputs/v2/diagnostics/phase10_gp_market_comparison/phase10_exact_common_support_event_panel.csv
2026-05-12,6h_prior,Will the highest temperature in Hong Kong be 27°C on May 12?,event_label,outputs/v2/diagnostics/phase10_gp_market_comparison/phase10_exact_common_support_event_panel.csv
2026-05-12,6h_prior,Will the highest temperature in Hong Kong be 28°C on May 12?,event_label,outputs/v2/diagnostics/phase10_gp_market_comparison/phase10_exact_common_support_event_panel.csv
2026-05-12,6h_prior,Will the highest temperature in Hong Kong be 29°C on May 12?,event_label,outputs/v2/diagnostics/phase10_gp_market_comparison/phase10_exact_common_support_event_panel.csv
2026-05-12,6h_prior,Will the highest temperature in Hong Kong be 30°C on May 12?,event_label,outputs/v2/diagnostics/phase10_gp_market_comparison/phase10_exact_common_support_event_panel.csv
2026-05-12,6h_prior,Will the highest temperature in Hong Kong be 31°C or higher on May 12?,event_label,outputs/v2/diagnostics/phase10_gp_market_comparison/phase10_exact_common_support_event_panel.csv
2026-05-12,event_day_open,Will the highest temperature in Hong Kong be 21°C or below on May 12?,event_label,outputs/v2/diagnostics/phase10_gp_market_comparison/phase10_exact_common_support_event_panel.csv
2026-05-12,event_day_open,Will the highest temperature in Hong Kong be 22°C on May 12?,event_label,outputs/v2/diagnostics/phase10_gp_market_comparison/phase10_exact_common_support_event_panel.csv
2026-05-12,event_day_open,Will the highest temperature in Hong Kong be 23°C on May 12?,event_label,outputs/v2/diagnostics/phase10_gp_market_comparison/phase10_exact_common_support_event_panel.csv
2026-05-12,event_day_open,Will the highest temperature in Hong Kong be 24°C on May 12?,event_label,outputs/v2/diagnostics/phase10_gp_market_comparison/phase10_exact_common_support_event_panel.csv
2026-05-12,event_day_open,Will the highest temperature in Hong Kong be 25°C on May 12?,event_label,outputs/v2/diagnostics/phase10_gp_market_comparison/phase10_exact_common_support_event_panel.csv
2026-05-12,event_day_open,Will the highest temperature in Hong Kong be 26°C on May 12?,event_label,outputs/v2/diagnostics/phase10_gp_market_comparison/phase10_exact_common_support_event_panel.csv
2026-05-12,event_day_open,Will the highest temperature in Hong Kong be 27°C on May 12?,event_label,outputs/v2/diagnostics/phase10_gp_market_comparison/phase10_exact_common_support_event_panel.csv
2026-05-12,event_day_open,Will the highest temperature in Hong Kong be 28°C on May 12?,event_label,outputs/v2/diagnostics/phase10_gp_market_comparison/phase10_exact_common_support_event_panel.csv
2026-05-12,event_day_open,Will the highest temperature in Hong Kong be 29°C on May 12?,event_label,outputs/v2/diagnostics/phase10_gp_market_comparison/phase10_exact_common_support_event_panel.csv
2026-05-12,event_day_open,Will the highest temperature in Hong Kong be 30°C on May 12?,event_label,outputs/v2/diagnostics/phase10_gp_market_comparison/phase10_exact_common_support_event_panel.csv
2026-05-12,event_day_open,Will the highest temperature in Hong Kong be 31°C or higher on May 12?,event_label,outputs/v2/diagnostics/phase10_gp_market_comparison/phase10_exact_common_support_event_panel.csv
2026-05-13,12h_prior,Will the highest temperature in Hong Kong be 21°C or below on May 13?,event_label,outputs/v2/diagnostics/phase10_gp_market_comparison/phase10_exact_common_support_event_panel.csv
2026-05-13,12h_prior,Will the highest temperature in Hong Kong be 22°C on May 13?,event_label,outputs/v2/diagnostics/phase10_gp_market_comparison/phase10_exact_common_support_event_panel.csv
2026-05-13,12h_prior,Will the highest temperature in Hong Kong be 23°C on May 13?,event_label,outputs/v2/diagnostics/phase10_gp_market_comparison/phase10_exact_common_support_event_panel.csv
2026-05-13,12h_prior,Will the highest temperature in Hong Kong be 24°C on May 13?,event_label,outputs/v2/diagnostics/phase10_gp_market_comparison/phase10_exact_common_support_event_panel.csv
2026-05-13,12h_prior,Will the highest temperature in Hong Kong be 25°C on May 13?,event_label,outputs/v2/diagnostics/phase10_gp_market_comparison/phase10_exact_common_support_event_panel.csv
2026-05-13,12h_prior,Will the highest temperature in Hong Kong be 26°C on May 13?,event_label,outputs/v2/diagnostics/phase10_gp_market_comparison/phase10_exact_common_support_event_panel.csv
2026-05-13,12h_prior,Will the highest temperature in Hong Kong be 27°C on May 13?,event_label,outputs/v2/diagnostics/phase10_gp_market_comparison/phase10_exact_common_support_event_panel.csv
2026-05-13,12h_prior,Will the highest temperature in Hong Kong be 28°C on May 13?,event_label,outputs/v2/diagnostics/phase10_gp_market_comparison/phase10_exact_common_support_event_panel.csv
2026-05-13,12h_prior,Will the highest temperature in Hong Kong be 29°C on May 13?,event_label,outputs/v2/diagnostics/phase10_gp_market_comparison/phase10_exact_common_support_event_panel.csv
2026-05-13,12h_prior,Will the highest temperature in Hong Kong be 30°C on May 13?,event_label,outputs/v2/diagnostics/phase10_gp_market_comparison/phase10_exact_common_support_event_panel.csv
2026-05-13,12h_prior,Will the highest temperature in Hong Kong be 31°C or higher on May 13?,event_label,outputs/v2/diagnostics/phase10_gp_market_comparison/phase10_exact_common_support_event_panel.csv
2026-05-13,24h_prior,Will the highest temperature in Hong Kong be 21°C or below on May 13?,event_label,outputs/v2/diagnostics/phase10_gp_market_comparison/phase10_exact_common_support_event_panel.csv
2026-05-13,24h_prior,Will the highest temperature in Hong Kong be 22°C on May 13?,event_label,outputs/v2/diagnostics/phase10_gp_market_comparison/phase10_exact_common_support_event_panel.csv
2026-05-13,24h_prior,Will the highest temperature in Hong Kong be 23°C on May 13?,event_label,outputs/v2/diagnostics/phase10_gp_market_comparison/phase10_exact_common_support_event_panel.csv
2026-05-13,24h_prior,Will the highest temperature in Hong Kong be 24°C on May 13?,event_label,outputs/v2/diagnostics/phase10_gp_market_comparison/phase10_exact_common_support_event_panel.csv
2026-05-13,24h_prior,Will the highest temperature in Hong Kong be 25°C on May 13?,event_label,outputs/v2/diagnostics/phase10_gp_market_comparison/phase10_exact_common_support_event_panel.csv
2026-05-13,24h_prior,Will the highest temperature in Hong Kong be 26°C on May 13?,event_label,outputs/v2/diagnostics/phase10_gp_market_comparison/phase10_exact_common_support_event_panel.csv
2026-05-13,24h_prior,Will the highest temperature in Hong Kong be 27°C on May 13?,event_label,outputs/v2/diagnostics/phase10_gp_market_comparison/phase10_exact_common_support_event_panel.csv
2026-05-13,24h_prior,Will the highest temperature in Hong Kong be 28°C on May 13?,event_label,outputs/v2/diagnostics/phase10_gp_market_comparison/phase10_exact_common_support_event_panel.csv
2026-05-13,24h_prior,Will the highest temperature in Hong Kong be 29°C on May 13?,event_label,outputs/v2/diagnostics/phase10_gp_market_comparison/phase10_exact_common_support_event_panel.csv
2026-05-13,24h_prior,Will the highest temperature in Hong Kong be 30°C on May 13?,event_label,outputs/v2/diagnostics/phase10_gp_market_comparison/phase10_exact_common_support_event_panel.csv
2026-05-13,24h_prior,Will the highest temperature in Hong Kong be 31°C or higher on May 13?,event_label,outputs/v2/diagnostics/phase10_gp_market_comparison/phase10_exact_common_support_event_panel.csv
2026-05-13,6h_prior,Will the highest temperature in Hong Kong be 21°C or below on May 13?,event_label,outputs/v2/diagnostics/phase10_gp_market_comparison/phase10_exact_common_support_event_panel.csv
2026-05-13,6h_prior,Will the highest temperature in Hong Kong be 22°C on May 13?,event_label,outputs/v2/diagnostics/phase10_gp_market_comparison/phase10_exact_common_support_event_panel.csv
2026-05-13,6h_prior,Will the highest temperature in Hong Kong be 23°C on May 13?,event_label,outputs/v2/diagnostics/phase10_gp_market_comparison/phase10_exact_common_support_event_panel.csv
2026-05-13,6h_prior,Will the highest temperature in Hong Kong be 24°C on May 13?,event_label,outputs/v2/diagnostics/phase10_gp_market_comparison/phase10_exact_common_support_event_panel.csv
2026-05-13,6h_prior,Will the highest temperature in Hong Kong be 25°C on May 13?,event_label,outputs/v2/diagnostics/phase10_gp_market_comparison/phase10_exact_common_support_event_panel.csv
2026-05-13,6h_prior,Will the highest temperature in Hong Kong be 26°C on May 13?,event_label,outputs/v2/diagnostics/phase10_gp_market_comparison/phase10_exact_common_support_event_panel.csv
2026-05-13,6h_prior,Will the highest temperature in Hong Kong be 27°C on May 13?,event_label,outputs/v2/diagnostics/phase10_gp_market_comparison/phase10_exact_common_support_event_panel.csv
2026-05-13,6h_prior,Will the highest temperature in Hong Kong be 28°C on May 13?,event_label,outputs/v2/diagnostics/phase10_gp_market_comparison/phase10_exact_common_support_event_panel.csv
2026-05-13,6h_prior,Will the highest temperature in Hong Kong be 29°C on May 13?,event_label,outputs/v2/diagnostics/phase10_gp_market_comparison/phase10_exact_common_support_event_panel.csv
2026-05-13,6h_prior,Will the highest temperature in Hong Kong be 30°C on May 13?,event_label,outputs/v2/diagnostics/phase10_gp_market_comparison/phase10_exact_common_support_event_panel.csv
2026-05-13,6h_prior,Will the highest temperature in Hong Kong be 31°C or higher on May 13?,event_label,outputs/v2/diagnostics/phase10_gp_market_comparison/phase10_exact_common_support_event_panel.csv
2026-05-13,event_day_open,Will the highest temperature in Hong Kong be 21°C or below on May 13?,event_label,outputs/v2/diagnostics/phase10_gp_market_comparison/phase10_exact_common_support_event_panel.csv
2026-05-13,event_day_open,Will the highest temperature in Hong Kong be 22°C on May 13?,event_label,outputs/v2/diagnostics/phase10_gp_market_comparison/phase10_exact_common_support_event_panel.csv
2026-05-13,event_day_open,Will the highest temperature in Hong Kong be 23°C on May 13?,event_label,outputs/v2/diagnostics/phase10_gp_market_comparison/phase10_exact_common_support_event_panel.csv
2026-05-13,event_day_open,Will the highest temperature in Hong Kong be 24°C on May 13?,event_label,outputs/v2/diagnostics/phase10_gp_market_comparison/phase10_exact_common_support_event_panel.csv
2026-05-13,event_day_open,Will the highest temperature in Hong Kong be 25°C on May 13?,event_label,outputs/v2/diagnostics/phase10_gp_market_comparison/phase10_exact_common_support_event_panel.csv
2026-05-13,event_day_open,Will the highest temperature in Hong Kong be 26°C on May 13?,event_label,outputs/v2/diagnostics/phase10_gp_market_comparison/phase10_exact_common_support_event_panel.csv
2026-05-13,event_day_open,Will the highest temperature in Hong Kong be 27°C on May 13?,event_label,outputs/v2/diagnostics/phase10_gp_market_comparison/phase10_exact_common_support_event_panel.csv
2026-05-13,event_day_open,Will the highest temperature in Hong Kong be 28°C on May 13?,event_label,outputs/v2/diagnostics/phase10_gp_market_comparison/phase10_exact_common_support_event_panel.csv
2026-05-13,event_day_open,Will the highest temperature in Hong Kong be 29°C on May 13?,event_label,outputs/v2/diagnostics/phase10_gp_market_comparison/phase10_exact_common_support_event_panel.csv
2026-05-13,event_day_open,Will the highest temperature in Hong Kong be 30°C on May 13?,event_label,outputs/v2/diagnostics/phase10_gp_market_comparison/phase10_exact_common_support_event_panel.csv
2026-05-13,event_day_open,Will the highest temperature in Hong Kong be 31°C or higher on May 13?,event_label,outputs/v2/diagnostics/phase10_gp_market_comparison/phase10_exact_common_support_event_panel.csv
2026-05-14,12h_prior,Will the highest temperature in Hong Kong be 21°C or below on May 14?,event_label,outputs/v2/diagnostics/phase10_gp_market_comparison/phase10_exact_common_support_event_panel.csv
2026-05-14,12h_prior,Will the highest temperature in Hong Kong be 22°C on May 14?,event_label,outputs/v2/diagnostics/phase10_gp_market_comparison/phase10_exact_common_support_event_panel.csv
2026-05-14,12h_prior,Will the highest temperature in Hong Kong be 23°C on May 14?,event_label,outputs/v2/diagnostics/phase10_gp_market_comparison/phase10_exact_common_support_event_panel.csv
2026-05-14,12h_prior,Will the highest temperature in Hong Kong be 24°C on May 14?,event_label,outputs/v2/diagnostics/phase10_gp_market_comparison/phase10_exact_common_support_event_panel.csv
2026-05-14,12h_prior,Will the highest temperature in Hong Kong be 25°C on May 14?,event_label,outputs/v2/diagnostics/phase10_gp_market_comparison/phase10_exact_common_support_event_panel.csv
2026-05-14,12h_prior,Will the highest temperature in Hong Kong be 26°C on May 14?,event_label,outputs/v2/diagnostics/phase10_gp_market_comparison/phase10_exact_common_support_event_panel.csv
2026-05-14,12h_prior,Will the highest temperature in Hong Kong be 27°C on May 14?,event_label,outputs/v2/diagnostics/phase10_gp_market_comparison/phase10_exact_common_support_event_panel.csv
2026-05-14,12h_prior,Will the highest temperature in Hong Kong be 28°C on May 14?,event_label,outputs/v2/diagnostics/phase10_gp_market_comparison/phase10_exact_common_support_event_panel.csv
2026-05-14,12h_prior,Will the highest temperature in Hong Kong be 29°C on May 14?,event_label,outputs/v2/diagnostics/phase10_gp_market_comparison/phase10_exact_common_support_event_panel.csv
2026-05-14,12h_prior,Will the highest temperature in Hong Kong be 30°C on May 14?,event_label,outputs/v2/diagnostics/phase10_gp_market_comparison/phase10_exact_common_support_event_panel.csv
2026-05-14,12h_prior,Will the highest temperature in Hong Kong be 31°C or higher on May 14?,event_label,outputs/v2/diagnostics/phase10_gp_market_comparison/phase10_exact_common_support_event_panel.csv
2026-05-14,24h_prior,Will the highest temperature in Hong Kong be 21°C or below on May 14?,event_label,outputs/v2/diagnostics/phase10_gp_market_comparison/phase10_exact_common_support_event_panel.csv
2026-05-14,24h_prior,Will the highest temperature in Hong Kong be 22°C on May 14?,event_label,outputs/v2/diagnostics/phase10_gp_market_comparison/phase10_exact_common_support_event_panel.csv
2026-05-14,24h_prior,Will the highest temperature in Hong Kong be 23°C on May 14?,event_label,outputs/v2/diagnostics/phase10_gp_market_comparison/phase10_exact_common_support_event_panel.csv
2026-05-14,24h_prior,Will the highest temperature in Hong Kong be 24°C on May 14?,event_label,outputs/v2/diagnostics/phase10_gp_market_comparison/phase10_exact_common_support_event_panel.csv
2026-05-14,24h_prior,Will the highest temperature in Hong Kong be 25°C on May 14?,event_label,outputs/v2/diagnostics/phase10_gp_market_comparison/phase10_exact_common_support_event_panel.csv
2026-05-14,24h_prior,Will the highest temperature in Hong Kong be 26°C on May 14?,event_label,outputs/v2/diagnostics/phase10_gp_market_comparison/phase10_exact_common_support_event_panel.csv
2026-05-14,24h_prior,Will the highest temperature in Hong Kong be 27°C on May 14?,event_label,outputs/v2/diagnostics/phase10_gp_market_comparison/phase10_exact_common_support_event_panel.csv
2026-05-14,24h_prior,Will the highest temperature in Hong Kong be 28°C on May 14?,event_label,outputs/v2/diagnostics/phase10_gp_market_comparison/phase10_exact_common_support_event_panel.csv
2026-05-14,24h_prior,Will the highest temperature in Hong Kong be 29°C on May 14?,event_label,outputs/v2/diagnostics/phase10_gp_market_comparison/phase10_exact_common_support_event_panel.csv
2026-05-14,24h_prior,Will the highest temperature in Hong Kong be 30°C on May 14?,event_label,outputs/v2/diagnostics/phase10_gp_market_comparison/phase10_exact_common_support_event_panel.csv
2026-05-14,24h_prior,Will the highest temperature in Hong Kong be 31°C or higher on May 14?,event_label,outputs/v2/diagnostics/phase10_gp_market_comparison/phase10_exact_common_support_event_panel.csv
2026-05-14,6h_prior,Will the highest temperature in Hong Kong be 21°C or below on May 14?,event_label,outputs/v2/diagnostics/phase10_gp_market_comparison/phase10_exact_common_support_event_panel.csv
2026-05-14,6h_prior,Will the highest temperature in Hong Kong be 22°C on May 14?,event_label,outputs/v2/diagnostics/phase10_gp_market_comparison/phase10_exact_common_support_event_panel.csv
2026-05-14,6h_prior,Will the highest temperature in Hong Kong be 23°C on May 14?,event_label,outputs/v2/diagnostics/phase10_gp_market_comparison/phase10_exact_common_support_event_panel.csv
2026-05-14,6h_prior,Will the highest temperature in Hong Kong be 24°C on May 14?,event_label,outputs/v2/diagnostics/phase10_gp_market_comparison/phase10_exact_common_support_event_panel.csv
2026-05-14,6h_prior,Will the highest temperature in Hong Kong be 25°C on May 14?,event_label,outputs/v2/diagnostics/phase10_gp_market_comparison/phase10_exact_common_support_event_panel.csv
2026-05-14,6h_prior,Will the highest temperature in Hong Kong be 26°C on May 14?,event_label,outputs/v2/diagnostics/phase10_gp_market_comparison/phase10_exact_common_support_event_panel.csv
2026-05-14,6h_prior,Will the highest temperature in Hong Kong be 27°C on May 14?,event_label,outputs/v2/diagnostics/phase10_gp_market_comparison/phase10_exact_common_support_event_panel.csv
2026-05-14,6h_prior,Will the highest temperature in Hong Kong be 28°C on May 14?,event_label,outputs/v2/diagnostics/phase10_gp_market_comparison/phase10_exact_common_support_event_panel.csv
2026-05-14,6h_prior,Will the highest temperature in Hong Kong be 29°C on May 14?,event_label,outputs/v2/diagnostics/phase10_gp_market_comparison/phase10_exact_common_support_event_panel.csv
2026-05-14,6h_prior,Will the highest temperature in Hong Kong be 30°C on May 14?,event_label,outputs/v2/diagnostics/phase10_gp_market_comparison/phase10_exact_common_support_event_panel.csv
2026-05-14,6h_prior,Will the highest temperature in Hong Kong be 31°C or higher on May 14?,event_label,outputs/v2/diagnostics/phase10_gp_market_comparison/phase10_exact_common_support_event_panel.csv
2026-05-14,event_day_open,Will the highest temperature in Hong Kong be 21°C or below on May 14?,event_label,outputs/v2/diagnostics/phase10_gp_market_comparison/phase10_exact_common_support_event_panel.csv
2026-05-14,event_day_open,Will the highest temperature in Hong Kong be 22°C on May 14?,event_label,outputs/v2/diagnostics/phase10_gp_market_comparison/phase10_exact_common_support_event_panel.csv
2026-05-14,event_day_open,Will the highest temperature in Hong Kong be 23°C on May 14?,event_label,outputs/v2/diagnostics/phase10_gp_market_comparison/phase10_exact_common_support_event_panel.csv
2026-05-14,event_day_open,Will the highest temperature in Hong Kong be 24°C on May 14?,event_label,outputs/v2/diagnostics/phase10_gp_market_comparison/phase10_exact_common_support_event_panel.csv
2026-05-14,event_day_open,Will the highest temperature in Hong Kong be 25°C on May 14?,event_label,outputs/v2/diagnostics/phase10_gp_market_comparison/phase10_exact_common_support_event_panel.csv
2026-05-14,event_day_open,Will the highest temperature in Hong Kong be 26°C on May 14?,event_label,outputs/v2/diagnostics/phase10_gp_market_comparison/phase10_exact_common_support_event_panel.csv
2026-05-14,event_day_open,Will the highest temperature in Hong Kong be 27°C on May 14?,event_label,outputs/v2/diagnostics/phase10_gp_market_comparison/phase10_exact_common_support_event_panel.csv
2026-05-14,event_day_open,Will the highest temperature in Hong Kong be 28°C on May 14?,event_label,outputs/v2/diagnostics/phase10_gp_market_comparison/phase10_exact_common_support_event_panel.csv
2026-05-14,event_day_open,Will the highest temperature in Hong Kong be 29°C on May 14?,event_label,outputs/v2/diagnostics/phase10_gp_market_comparison/phase10_exact_common_support_event_panel.csv
2026-05-14,event_day_open,Will the highest temperature in Hong Kong be 30°C on May 14?,event_label,outputs/v2/diagnostics/phase10_gp_market_comparison/phase10_exact_common_support_event_panel.csv
2026-05-14,event_day_open,Will the highest temperature in Hong Kong be 31°C or higher on May 14?,event_label,outputs/v2/diagnostics/phase10_gp_market_comparison/phase10_exact_common_support_event_panel.csv
2026-05-15,12h_prior,Will the highest temperature in Hong Kong be 19°C or below on May 15?,event_label,outputs/v2/diagnostics/phase10_gp_market_comparison/phase10_exact_common_support_event_panel.csv
2026-05-15,12h_prior,Will the highest temperature in Hong Kong be 20°C on May 15?,event_label,outputs/v2/diagnostics/phase10_gp_market_comparison/phase10_exact_common_support_event_panel.csv
2026-05-15,12h_prior,Will the highest temperature in Hong Kong be 21°C on May 15?,event_label,outputs/v2/diagnostics/phase10_gp_market_comparison/phase10_exact_common_support_event_panel.csv
2026-05-15,12h_prior,Will the highest temperature in Hong Kong be 22°C on May 15?,event_label,outputs/v2/diagnostics/phase10_gp_market_comparison/phase10_exact_common_support_event_panel.csv
2026-05-15,12h_prior,Will the highest temperature in Hong Kong be 23°C on May 15?,event_label,outputs/v2/diagnostics/phase10_gp_market_comparison/phase10_exact_common_support_event_panel.csv
2026-05-15,12h_prior,Will the highest temperature in Hong Kong be 24°C on May 15?,event_label,outputs/v2/diagnostics/phase10_gp_market_comparison/phase10_exact_common_support_event_panel.csv
2026-05-15,12h_prior,Will the highest temperature in Hong Kong be 25°C on May 15?,event_label,outputs/v2/diagnostics/phase10_gp_market_comparison/phase10_exact_common_support_event_panel.csv
2026-05-15,12h_prior,Will the highest temperature in Hong Kong be 26°C on May 15?,event_label,outputs/v2/diagnostics/phase10_gp_market_comparison/phase10_exact_common_support_event_panel.csv
2026-05-15,12h_prior,Will the highest temperature in Hong Kong be 27°C on May 15?,event_label,outputs/v2/diagnostics/phase10_gp_market_comparison/phase10_exact_common_support_event_panel.csv
2026-05-15,12h_prior,Will the highest temperature in Hong Kong be 28°C on May 15?,event_label,outputs/v2/diagnostics/phase10_gp_market_comparison/phase10_exact_common_support_event_panel.csv
2026-05-15,12h_prior,Will the highest temperature in Hong Kong be 29°C or higher on May 15?,event_label,outputs/v2/diagnostics/phase10_gp_market_comparison/phase10_exact_common_support_event_panel.csv
2026-05-15,24h_prior,Will the highest temperature in Hong Kong be 19°C or below on May 15?,event_label,outputs/v2/diagnostics/phase10_gp_market_comparison/phase10_exact_common_support_event_panel.csv
2026-05-15,24h_prior,Will the highest temperature in Hong Kong be 20°C on May 15?,event_label,outputs/v2/diagnostics/phase10_gp_market_comparison/phase10_exact_common_support_event_panel.csv
2026-05-15,24h_prior,Will the highest temperature in Hong Kong be 21°C on May 15?,event_label,outputs/v2/diagnostics/phase10_gp_market_comparison/phase10_exact_common_support_event_panel.csv
2026-05-15,24h_prior,Will the highest temperature in Hong Kong be 22°C on May 15?,event_label,outputs/v2/diagnostics/phase10_gp_market_comparison/phase10_exact_common_support_event_panel.csv
2026-05-15,24h_prior,Will the highest temperature in Hong Kong be 23°C on May 15?,event_label,outputs/v2/diagnostics/phase10_gp_market_comparison/phase10_exact_common_support_event_panel.csv
2026-05-15,24h_prior,Will the highest temperature in Hong Kong be 24°C on May 15?,event_label,outputs/v2/diagnostics/phase10_gp_market_comparison/phase10_exact_common_support_event_panel.csv
2026-05-15,24h_prior,Will the highest temperature in Hong Kong be 25°C on May 15?,event_label,outputs/v2/diagnostics/phase10_gp_market_comparison/phase10_exact_common_support_event_panel.csv
2026-05-15,24h_prior,Will the highest temperature in Hong Kong be 26°C on May 15?,event_label,outputs/v2/diagnostics/phase10_gp_market_comparison/phase10_exact_common_support_event_panel.csv
2026-05-15,24h_prior,Will the highest temperature in Hong Kong be 27°C on May 15?,event_label,outputs/v2/diagnostics/phase10_gp_market_comparison/phase10_exact_common_support_event_panel.csv
2026-05-15,24h_prior,Will the highest temperature in Hong Kong be 28°C on May 15?,event_label,outputs/v2/diagnostics/phase10_gp_market_comparison/phase10_exact_common_support_event_panel.csv
2026-05-15,24h_prior,Will the highest temperature in Hong Kong be 29°C or higher on May 15?,event_label,outputs/v2/diagnostics/phase10_gp_market_comparison/phase10_exact_common_support_event_panel.csv
2026-05-15,6h_prior,Will the highest temperature in Hong Kong be 19°C or below on May 15?,event_label,outputs/v2/diagnostics/phase10_gp_market_comparison/phase10_exact_common_support_event_panel.csv
2026-05-15,6h_prior,Will the highest temperature in Hong Kong be 20°C on May 15?,event_label,outputs/v2/diagnostics/phase10_gp_market_comparison/phase10_exact_common_support_event_panel.csv
2026-05-15,6h_prior,Will the highest temperature in Hong Kong be 21°C on May 15?,event_label,outputs/v2/diagnostics/phase10_gp_market_comparison/phase10_exact_common_support_event_panel.csv
2026-05-15,6h_prior,Will the highest temperature in Hong Kong be 22°C on May 15?,event_label,outputs/v2/diagnostics/phase10_gp_market_comparison/phase10_exact_common_support_event_panel.csv
2026-05-15,6h_prior,Will the highest temperature in Hong Kong be 23°C on May 15?,event_label,outputs/v2/diagnostics/phase10_gp_market_comparison/phase10_exact_common_support_event_panel.csv
2026-05-15,6h_prior,Will the highest temperature in Hong Kong be 24°C on May 15?,event_label,outputs/v2/diagnostics/phase10_gp_market_comparison/phase10_exact_common_support_event_panel.csv
2026-05-15,6h_prior,Will the highest temperature in Hong Kong be 25°C on May 15?,event_label,outputs/v2/diagnostics/phase10_gp_market_comparison/phase10_exact_common_support_event_panel.csv
2026-05-15,6h_prior,Will the highest temperature in Hong Kong be 26°C on May 15?,event_label,outputs/v2/diagnostics/phase10_gp_market_comparison/phase10_exact_common_support_event_panel.csv
2026-05-15,6h_prior,Will the highest temperature in Hong Kong be 27°C on May 15?,event_label,outputs/v2/diagnostics/phase10_gp_market_comparison/phase10_exact_common_support_event_panel.csv
2026-05-15,6h_prior,Will the highest temperature in Hong Kong be 28°C on May 15?,event_label,outputs/v2/diagnostics/phase10_gp_market_comparison/phase10_exact_common_support_event_panel.csv
2026-05-15,6h_prior,Will the highest temperature in Hong Kong be 29°C or higher on May 15?,event_label,outputs/v2/diagnostics/phase10_gp_market_comparison/phase10_exact_common_support_event_panel.csv
2026-05-15,event_day_open,Will the highest temperature in Hong Kong be 19°C or below on May 15?,event_label,outputs/v2/diagnostics/phase10_gp_market_comparison/phase10_exact_common_support_event_panel.csv
2026-05-15,event_day_open,Will the highest temperature in Hong Kong be 20°C on May 15?,event_label,outputs/v2/diagnostics/phase10_gp_market_comparison/phase10_exact_common_support_event_panel.csv
2026-05-15,event_day_open,Will the highest temperature in Hong Kong be 21°C on May 15?,event_label,outputs/v2/diagnostics/phase10_gp_market_comparison/phase10_exact_common_support_event_panel.csv
2026-05-15,event_day_open,Will the highest temperature in Hong Kong be 22°C on May 15?,event_label,outputs/v2/diagnostics/phase10_gp_market_comparison/phase10_exact_common_support_event_panel.csv
2026-05-15,event_day_open,Will the highest temperature in Hong Kong be 23°C on May 15?,event_label,outputs/v2/diagnostics/phase10_gp_market_comparison/phase10_exact_common_support_event_panel.csv
2026-05-15,event_day_open,Will the highest temperature in Hong Kong be 24°C on May 15?,event_label,outputs/v2/diagnostics/phase10_gp_market_comparison/phase10_exact_common_support_event_panel.csv
2026-05-15,event_day_open,Will the highest temperature in Hong Kong be 25°C on May 15?,event_label,outputs/v2/diagnostics/phase10_gp_market_comparison/phase10_exact_common_support_event_panel.csv
2026-05-15,event_day_open,Will the highest temperature in Hong Kong be 26°C on May 15?,event_label,outputs/v2/diagnostics/phase10_gp_market_comparison/phase10_exact_common_support_event_panel.csv
2026-05-15,event_day_open,Will the highest temperature in Hong Kong be 27°C on May 15?,event_label,outputs/v2/diagnostics/phase10_gp_market_comparison/phase10_exact_common_support_event_panel.csv
2026-05-15,event_day_open,Will the highest temperature in Hong Kong be 28°C on May 15?,event_label,outputs/v2/diagnostics/phase10_gp_market_comparison/phase10_exact_common_support_event_panel.csv
2026-05-15,event_day_open,Will the highest temperature in Hong Kong be 29°C or higher on May 15?,event_label,outputs/v2/diagnostics/phase10_gp_market_comparison/phase10_exact_common_support_event_panel.csv
2026-05-16,12h_prior,Will the highest temperature in Hong Kong be 19°C or below on May 16?,event_label,outputs/v2/diagnostics/phase10_gp_market_comparison/phase10_exact_common_support_event_panel.csv
2026-05-16,12h_prior,Will the highest temperature in Hong Kong be 20°C on May 16?,event_label,outputs/v2/diagnostics/phase10_gp_market_comparison/phase10_exact_common_support_event_panel.csv
2026-05-16,12h_prior,Will the highest temperature in Hong Kong be 21°C on May 16?,event_label,outputs/v2/diagnostics/phase10_gp_market_comparison/phase10_exact_common_support_event_panel.csv
2026-05-16,12h_prior,Will the highest temperature in Hong Kong be 22°C on May 16?,event_label,outputs/v2/diagnostics/phase10_gp_market_comparison/phase10_exact_common_support_event_panel.csv
2026-05-16,12h_prior,Will the highest temperature in Hong Kong be 23°C on May 16?,event_label,outputs/v2/diagnostics/phase10_gp_market_comparison/phase10_exact_common_support_event_panel.csv
2026-05-16,12h_prior,Will the highest temperature in Hong Kong be 24°C on May 16?,event_label,outputs/v2/diagnostics/phase10_gp_market_comparison/phase10_exact_common_support_event_panel.csv
2026-05-16,12h_prior,Will the highest temperature in Hong Kong be 25°C on May 16?,event_label,outputs/v2/diagnostics/phase10_gp_market_comparison/phase10_exact_common_support_event_panel.csv
2026-05-16,12h_prior,Will the highest temperature in Hong Kong be 26°C on May 16?,event_label,outputs/v2/diagnostics/phase10_gp_market_comparison/phase10_exact_common_support_event_panel.csv
2026-05-16,12h_prior,Will the highest temperature in Hong Kong be 27°C on May 16?,event_label,outputs/v2/diagnostics/phase10_gp_market_comparison/phase10_exact_common_support_event_panel.csv
2026-05-16,12h_prior,Will the highest temperature in Hong Kong be 28°C on May 16?,event_label,outputs/v2/diagnostics/phase10_gp_market_comparison/phase10_exact_common_support_event_panel.csv
2026-05-16,12h_prior,Will the highest temperature in Hong Kong be 29°C or higher on May 16?,event_label,outputs/v2/diagnostics/phase10_gp_market_comparison/phase10_exact_common_support_event_panel.csv
2026-05-16,24h_prior,Will the highest temperature in Hong Kong be 19°C or below on May 16?,event_label,outputs/v2/diagnostics/phase10_gp_market_comparison/phase10_exact_common_support_event_panel.csv
2026-05-16,24h_prior,Will the highest temperature in Hong Kong be 20°C on May 16?,event_label,outputs/v2/diagnostics/phase10_gp_market_comparison/phase10_exact_common_support_event_panel.csv
2026-05-16,24h_prior,Will the highest temperature in Hong Kong be 21°C on May 16?,event_label,outputs/v2/diagnostics/phase10_gp_market_comparison/phase10_exact_common_support_event_panel.csv
2026-05-16,24h_prior,Will the highest temperature in Hong Kong be 22°C on May 16?,event_label,outputs/v2/diagnostics/phase10_gp_market_comparison/phase10_exact_common_support_event_panel.csv
2026-05-16,24h_prior,Will the highest temperature in Hong Kong be 23°C on May 16?,event_label,outputs/v2/diagnostics/phase10_gp_market_comparison/phase10_exact_common_support_event_panel.csv
2026-05-16,24h_prior,Will the highest temperature in Hong Kong be 24°C on May 16?,event_label,outputs/v2/diagnostics/phase10_gp_market_comparison/phase10_exact_common_support_event_panel.csv
2026-05-16,24h_prior,Will the highest temperature in Hong Kong be 25°C on May 16?,event_label,outputs/v2/diagnostics/phase10_gp_market_comparison/phase10_exact_common_support_event_panel.csv
2026-05-16,24h_prior,Will the highest temperature in Hong Kong be 26°C on May 16?,event_label,outputs/v2/diagnostics/phase10_gp_market_comparison/phase10_exact_common_support_event_panel.csv
2026-05-16,24h_prior,Will the highest temperature in Hong Kong be 27°C on May 16?,event_label,outputs/v2/diagnostics/phase10_gp_market_comparison/phase10_exact_common_support_event_panel.csv
2026-05-16,24h_prior,Will the highest temperature in Hong Kong be 28°C on May 16?,event_label,outputs/v2/diagnostics/phase10_gp_market_comparison/phase10_exact_common_support_event_panel.csv
2026-05-16,24h_prior,Will the highest temperature in Hong Kong be 29°C or higher on May 16?,event_label,outputs/v2/diagnostics/phase10_gp_market_comparison/phase10_exact_common_support_event_panel.csv
2026-05-16,6h_prior,Will the highest temperature in Hong Kong be 19°C or below on May 16?,event_label,outputs/v2/diagnostics/phase10_gp_market_comparison/phase10_exact_common_support_event_panel.csv
2026-05-16,6h_prior,Will the highest temperature in Hong Kong be 20°C on May 16?,event_label,outputs/v2/diagnostics/phase10_gp_market_comparison/phase10_exact_common_support_event_panel.csv
2026-05-16,6h_prior,Will the highest temperature in Hong Kong be 21°C on May 16?,event_label,outputs/v2/diagnostics/phase10_gp_market_comparison/phase10_exact_common_support_event_panel.csv
2026-05-16,6h_prior,Will the highest temperature in Hong Kong be 22°C on May 16?,event_label,outputs/v2/diagnostics/phase10_gp_market_comparison/phase10_exact_common_support_event_panel.csv
2026-05-16,6h_prior,Will the highest temperature in Hong Kong be 23°C on May 16?,event_label,outputs/v2/diagnostics/phase10_gp_market_comparison/phase10_exact_common_support_event_panel.csv
2026-05-16,6h_prior,Will the highest temperature in Hong Kong be 24°C on May 16?,event_label,outputs/v2/diagnostics/phase10_gp_market_comparison/phase10_exact_common_support_event_panel.csv
2026-05-16,6h_prior,Will the highest temperature in Hong Kong be 25°C on May 16?,event_label,outputs/v2/diagnostics/phase10_gp_market_comparison/phase10_exact_common_support_event_panel.csv
2026-05-16,6h_prior,Will the highest temperature in Hong Kong be 26°C on May 16?,event_label,outputs/v2/diagnostics/phase10_gp_market_comparison/phase10_exact_common_support_event_panel.csv
2026-05-16,6h_prior,Will the highest temperature in Hong Kong be 27°C on May 16?,event_label,outputs/v2/diagnostics/phase10_gp_market_comparison/phase10_exact_common_support_event_panel.csv
2026-05-16,6h_prior,Will the highest temperature in Hong Kong be 28°C on May 16?,event_label,outputs/v2/diagnostics/phase10_gp_market_comparison/phase10_exact_common_support_event_panel.csv
2026-05-16,6h_prior,Will the highest temperature in Hong Kong be 29°C or higher on May 16?,event_label,outputs/v2/diagnostics/phase10_gp_market_comparison/phase10_exact_common_support_event_panel.csv
2026-05-16,event_day_open,Will the highest temperature in Hong Kong be 19°C or below on May 16?,event_label,outputs/v2/diagnostics/phase10_gp_market_comparison/phase10_exact_common_support_event_panel.csv
2026-05-16,event_day_open,Will the highest temperature in Hong Kong be 20°C on May 16?,event_label,outputs/v2/diagnostics/phase10_gp_market_comparison/phase10_exact_common_support_event_panel.csv
2026-05-16,event_day_open,Will the highest temperature in Hong Kong be 21°C on May 16?,event_label,outputs/v2/diagnostics/phase10_gp_market_comparison/phase10_exact_common_support_event_panel.csv
2026-05-16,event_day_open,Will the highest temperature in Hong Kong be 22°C on May 16?,event_label,outputs/v2/diagnostics/phase10_gp_market_comparison/phase10_exact_common_support_event_panel.csv
2026-05-16,event_day_open,Will the highest temperature in Hong Kong be 23°C on May 16?,event_label,outputs/v2/diagnostics/phase10_gp_market_comparison/phase10_exact_common_support_event_panel.csv
2026-05-16,event_day_open,Will the highest temperature in Hong Kong be 24°C on May 16?,event_label,outputs/v2/diagnostics/phase10_gp_market_comparison/phase10_exact_common_support_event_panel.csv
2026-05-16,event_day_open,Will the highest temperature in Hong Kong be 25°C on May 16?,event_label,outputs/v2/diagnostics/phase10_gp_market_comparison/phase10_exact_common_support_event_panel.csv
2026-05-16,event_day_open,Will the highest temperature in Hong Kong be 26°C on May 16?,event_label,outputs/v2/diagnostics/phase10_gp_market_comparison/phase10_exact_common_support_event_panel.csv
2026-05-16,event_day_open,Will the highest temperature in Hong Kong be 27°C on May 16?,event_label,outputs/v2/diagnostics/phase10_gp_market_comparison/phase10_exact_common_support_event_panel.csv
2026-05-16,event_day_open,Will the highest temperature in Hong Kong be 28°C on May 16?,event_label,outputs/v2/diagnostics/phase10_gp_market_comparison/phase10_exact_common_support_event_panel.csv
2026-05-16,event_day_open,Will the highest temperature in Hong Kong be 29°C or higher on May 16?,event_label,outputs/v2/diagnostics/phase10_gp_market_comparison/phase10_exact_common_support_event_panel.csv
2026-05-21,12h_prior,Will the highest temperature in Hong Kong be 22°C or below on May 21?,event_label,outputs/v2/diagnostics/phase10_gp_market_comparison/phase10_exact_common_support_event_panel.csv
2026-05-21,12h_prior,Will the highest temperature in Hong Kong be 23°C on May 21?,event_label,outputs/v2/diagnostics/phase10_gp_market_comparison/phase10_exact_common_support_event_panel.csv
2026-05-21,12h_prior,Will the highest temperature in Hong Kong be 24°C on May 21?,event_label,outputs/v2/diagnostics/phase10_gp_market_comparison/phase10_exact_common_support_event_panel.csv
2026-05-21,12h_prior,Will the highest temperature in Hong Kong be 25°C on May 21?,event_label,outputs/v2/diagnostics/phase10_gp_market_comparison/phase10_exact_common_support_event_panel.csv
2026-05-21,12h_prior,Will the highest temperature in Hong Kong be 26°C on May 21?,event_label,outputs/v2/diagnostics/phase10_gp_market_comparison/phase10_exact_common_support_event_panel.csv
2026-05-21,12h_prior,Will the highest temperature in Hong Kong be 27°C on May 21?,event_label,outputs/v2/diagnostics/phase10_gp_market_comparison/phase10_exact_common_support_event_panel.csv
2026-05-21,12h_prior,Will the highest temperature in Hong Kong be 28°C on May 21?,event_label,outputs/v2/diagnostics/phase10_gp_market_comparison/phase10_exact_common_support_event_panel.csv
2026-05-21,12h_prior,Will the highest temperature in Hong Kong be 29°C on May 21?,event_label,outputs/v2/diagnostics/phase10_gp_market_comparison/phase10_exact_common_support_event_panel.csv
2026-05-21,12h_prior,Will the highest temperature in Hong Kong be 30°C on May 21?,event_label,outputs/v2/diagnostics/phase10_gp_market_comparison/phase10_exact_common_support_event_panel.csv
2026-05-21,12h_prior,Will the highest temperature in Hong Kong be 31°C on May 21?,event_label,outputs/v2/diagnostics/phase10_gp_market_comparison/phase10_exact_common_support_event_panel.csv
2026-05-21,12h_prior,Will the highest temperature in Hong Kong be 32°C or higher on May 21?,event_label,outputs/v2/diagnostics/phase10_gp_market_comparison/phase10_exact_common_support_event_panel.csv
2026-05-21,6h_prior,Will the highest temperature in Hong Kong be 22°C or below on May 21?,event_label,outputs/v2/diagnostics/phase10_gp_market_comparison/phase10_exact_common_support_event_panel.csv
2026-05-21,6h_prior,Will the highest temperature in Hong Kong be 23°C on May 21?,event_label,outputs/v2/diagnostics/phase10_gp_market_comparison/phase10_exact_common_support_event_panel.csv
2026-05-21,6h_prior,Will the highest temperature in Hong Kong be 24°C on May 21?,event_label,outputs/v2/diagnostics/phase10_gp_market_comparison/phase10_exact_common_support_event_panel.csv
2026-05-21,6h_prior,Will the highest temperature in Hong Kong be 25°C on May 21?,event_label,outputs/v2/diagnostics/phase10_gp_market_comparison/phase10_exact_common_support_event_panel.csv
2026-05-21,6h_prior,Will the highest temperature in Hong Kong be 26°C on May 21?,event_label,outputs/v2/diagnostics/phase10_gp_market_comparison/phase10_exact_common_support_event_panel.csv
2026-05-21,6h_prior,Will the highest temperature in Hong Kong be 27°C on May 21?,event_label,outputs/v2/diagnostics/phase10_gp_market_comparison/phase10_exact_common_support_event_panel.csv
2026-05-21,6h_prior,Will the highest temperature in Hong Kong be 28°C on May 21?,event_label,outputs/v2/diagnostics/phase10_gp_market_comparison/phase10_exact_common_support_event_panel.csv
2026-05-21,6h_prior,Will the highest temperature in Hong Kong be 29°C on May 21?,event_label,outputs/v2/diagnostics/phase10_gp_market_comparison/phase10_exact_common_support_event_panel.csv
2026-05-21,6h_prior,Will the highest temperature in Hong Kong be 30°C on May 21?,event_label,outputs/v2/diagnostics/phase10_gp_market_comparison/phase10_exact_common_support_event_panel.csv
2026-05-21,6h_prior,Will the highest temperature in Hong Kong be 31°C on May 21?,event_label,outputs/v2/diagnostics/phase10_gp_market_comparison/phase10_exact_common_support_event_panel.csv
2026-05-21,6h_prior,Will the highest temperature in Hong Kong be 32°C or higher on May 21?,event_label,outputs/v2/diagnostics/phase10_gp_market_comparison/phase10_exact_common_support_event_panel.csv
2026-05-21,event_day_open,Will the highest temperature in Hong Kong be 22°C or below on May 21?,event_label,outputs/v2/diagnostics/phase10_gp_market_comparison/phase10_exact_common_support_event_panel.csv
2026-05-21,event_day_open,Will the highest temperature in Hong Kong be 23°C on May 21?,event_label,outputs/v2/diagnostics/phase10_gp_market_comparison/phase10_exact_common_support_event_panel.csv
2026-05-21,event_day_open,Will the highest temperature in Hong Kong be 24°C on May 21?,event_label,outputs/v2/diagnostics/phase10_gp_market_comparison/phase10_exact_common_support_event_panel.csv
2026-05-21,event_day_open,Will the highest temperature in Hong Kong be 25°C on May 21?,event_label,outputs/v2/diagnostics/phase10_gp_market_comparison/phase10_exact_common_support_event_panel.csv
2026-05-21,event_day_open,Will the highest temperature in Hong Kong be 26°C on May 21?,event_label,outputs/v2/diagnostics/phase10_gp_market_comparison/phase10_exact_common_support_event_panel.csv
2026-05-21,event_day_open,Will the highest temperature in Hong Kong be 27°C on May 21?,event_label,outputs/v2/diagnostics/phase10_gp_market_comparison/phase10_exact_common_support_event_panel.csv
2026-05-21,event_day_open,Will the highest temperature in Hong Kong be 28°C on May 21?,event_label,outputs/v2/diagnostics/phase10_gp_market_comparison/phase10_exact_common_support_event_panel.csv
2026-05-21,event_day_open,Will the highest temperature in Hong Kong be 29°C on May 21?,event_label,outputs/v2/diagnostics/phase10_gp_market_comparison/phase10_exact_common_support_event_panel.csv
2026-05-21,event_day_open,Will the highest temperature in Hong Kong be 30°C on May 21?,event_label,outputs/v2/diagnostics/phase10_gp_market_comparison/phase10_exact_common_support_event_panel.csv
2026-05-21,event_day_open,Will the highest temperature in Hong Kong be 31°C on May 21?,event_label,outputs/v2/diagnostics/phase10_gp_market_comparison/phase10_exact_common_support_event_panel.csv
2026-05-21,event_day_open,Will the highest temperature in Hong Kong be 32°C or higher on May 21?,event_label,outputs/v2/diagnostics/phase10_gp_market_comparison/phase10_exact_common_support_event_panel.csv
2026-05-22,12h_prior,Will the highest temperature in Hong Kong be 21°C or below on May 22?,event_label,outputs/v2/diagnostics/phase10_gp_market_comparison/phase10_exact_common_support_event_panel.csv
2026-05-22,12h_prior,Will the highest temperature in Hong Kong be 22°C on May 22?,event_label,outputs/v2/diagnostics/phase10_gp_market_comparison/phase10_exact_common_support_event_panel.csv
2026-05-22,12h_prior,Will the highest temperature in Hong Kong be 23°C on May 22?,event_label,outputs/v2/diagnostics/phase10_gp_market_comparison/phase10_exact_common_support_event_panel.csv
2026-05-22,12h_prior,Will the highest temperature in Hong Kong be 24°C on May 22?,event_label,outputs/v2/diagnostics/phase10_gp_market_comparison/phase10_exact_common_support_event_panel.csv
2026-05-22,12h_prior,Will the highest temperature in Hong Kong be 25°C on May 22?,event_label,outputs/v2/diagnostics/phase10_gp_market_comparison/phase10_exact_common_support_event_panel.csv
2026-05-22,12h_prior,Will the highest temperature in Hong Kong be 26°C on May 22?,event_label,outputs/v2/diagnostics/phase10_gp_market_comparison/phase10_exact_common_support_event_panel.csv
2026-05-22,12h_prior,Will the highest temperature in Hong Kong be 27°C on May 22?,event_label,outputs/v2/diagnostics/phase10_gp_market_comparison/phase10_exact_common_support_event_panel.csv
2026-05-22,12h_prior,Will the highest temperature in Hong Kong be 28°C on May 22?,event_label,outputs/v2/diagnostics/phase10_gp_market_comparison/phase10_exact_common_support_event_panel.csv
2026-05-22,12h_prior,Will the highest temperature in Hong Kong be 29°C on May 22?,event_label,outputs/v2/diagnostics/phase10_gp_market_comparison/phase10_exact_common_support_event_panel.csv
2026-05-22,12h_prior,Will the highest temperature in Hong Kong be 30°C on May 22?,event_label,outputs/v2/diagnostics/phase10_gp_market_comparison/phase10_exact_common_support_event_panel.csv
2026-05-22,12h_prior,Will the highest temperature in Hong Kong be 31°C or higher on May 22?,event_label,outputs/v2/diagnostics/phase10_gp_market_comparison/phase10_exact_common_support_event_panel.csv
2026-05-22,24h_prior,Will the highest temperature in Hong Kong be 21°C or below on May 22?,event_label,outputs/v2/diagnostics/phase10_gp_market_comparison/phase10_exact_common_support_event_panel.csv
2026-05-22,24h_prior,Will the highest temperature in Hong Kong be 22°C on May 22?,event_label,outputs/v2/diagnostics/phase10_gp_market_comparison/phase10_exact_common_support_event_panel.csv
2026-05-22,24h_prior,Will the highest temperature in Hong Kong be 23°C on May 22?,event_label,outputs/v2/diagnostics/phase10_gp_market_comparison/phase10_exact_common_support_event_panel.csv
2026-05-22,24h_prior,Will the highest temperature in Hong Kong be 24°C on May 22?,event_label,outputs/v2/diagnostics/phase10_gp_market_comparison/phase10_exact_common_support_event_panel.csv
2026-05-22,24h_prior,Will the highest temperature in Hong Kong be 25°C on May 22?,event_label,outputs/v2/diagnostics/phase10_gp_market_comparison/phase10_exact_common_support_event_panel.csv
2026-05-22,24h_prior,Will the highest temperature in Hong Kong be 26°C on May 22?,event_label,outputs/v2/diagnostics/phase10_gp_market_comparison/phase10_exact_common_support_event_panel.csv
2026-05-22,24h_prior,Will the highest temperature in Hong Kong be 27°C on May 22?,event_label,outputs/v2/diagnostics/phase10_gp_market_comparison/phase10_exact_common_support_event_panel.csv
2026-05-22,24h_prior,Will the highest temperature in Hong Kong be 28°C on May 22?,event_label,outputs/v2/diagnostics/phase10_gp_market_comparison/phase10_exact_common_support_event_panel.csv
2026-05-22,24h_prior,Will the highest temperature in Hong Kong be 29°C on May 22?,event_label,outputs/v2/diagnostics/phase10_gp_market_comparison/phase10_exact_common_support_event_panel.csv
2026-05-22,24h_prior,Will the highest temperature in Hong Kong be 30°C on May 22?,event_label,outputs/v2/diagnostics/phase10_gp_market_comparison/phase10_exact_common_support_event_panel.csv
2026-05-22,24h_prior,Will the highest temperature in Hong Kong be 31°C or higher on May 22?,event_label,outputs/v2/diagnostics/phase10_gp_market_comparison/phase10_exact_common_support_event_panel.csv
2026-05-22,6h_prior,Will the highest temperature in Hong Kong be 21°C or below on May 22?,event_label,outputs/v2/diagnostics/phase10_gp_market_comparison/phase10_exact_common_support_event_panel.csv
2026-05-22,6h_prior,Will the highest temperature in Hong Kong be 22°C on May 22?,event_label,outputs/v2/diagnostics/phase10_gp_market_comparison/phase10_exact_common_support_event_panel.csv
2026-05-22,6h_prior,Will the highest temperature in Hong Kong be 23°C on May 22?,event_label,outputs/v2/diagnostics/phase10_gp_market_comparison/phase10_exact_common_support_event_panel.csv
2026-05-22,6h_prior,Will the highest temperature in Hong Kong be 24°C on May 22?,event_label,outputs/v2/diagnostics/phase10_gp_market_comparison/phase10_exact_common_support_event_panel.csv
2026-05-22,6h_prior,Will the highest temperature in Hong Kong be 25°C on May 22?,event_label,outputs/v2/diagnostics/phase10_gp_market_comparison/phase10_exact_common_support_event_panel.csv
2026-05-22,6h_prior,Will the highest temperature in Hong Kong be 26°C on May 22?,event_label,outputs/v2/diagnostics/phase10_gp_market_comparison/phase10_exact_common_support_event_panel.csv
2026-05-22,6h_prior,Will the highest temperature in Hong Kong be 27°C on May 22?,event_label,outputs/v2/diagnostics/phase10_gp_market_comparison/phase10_exact_common_support_event_panel.csv
2026-05-22,6h_prior,Will the highest temperature in Hong Kong be 28°C on May 22?,event_label,outputs/v2/diagnostics/phase10_gp_market_comparison/phase10_exact_common_support_event_panel.csv
2026-05-22,6h_prior,Will the highest temperature in Hong Kong be 29°C on May 22?,event_label,outputs/v2/diagnostics/phase10_gp_market_comparison/phase10_exact_common_support_event_panel.csv
2026-05-22,6h_prior,Will the highest temperature in Hong Kong be 30°C on May 22?,event_label,outputs/v2/diagnostics/phase10_gp_market_comparison/phase10_exact_common_support_event_panel.csv
2026-05-22,6h_prior,Will the highest temperature in Hong Kong be 31°C or higher on May 22?,event_label,outputs/v2/diagnostics/phase10_gp_market_comparison/phase10_exact_common_support_event_panel.csv
2026-05-22,event_day_open,Will the highest temperature in Hong Kong be 21°C or below on May 22?,event_label,outputs/v2/diagnostics/phase10_gp_market_comparison/phase10_exact_common_support_event_panel.csv
2026-05-22,event_day_open,Will the highest temperature in Hong Kong be 22°C on May 22?,event_label,outputs/v2/diagnostics/phase10_gp_market_comparison/phase10_exact_common_support_event_panel.csv
2026-05-22,event_day_open,Will the highest temperature in Hong Kong be 23°C on May 22?,event_label,outputs/v2/diagnostics/phase10_gp_market_comparison/phase10_exact_common_support_event_panel.csv
2026-05-22,event_day_open,Will the highest temperature in Hong Kong be 24°C on May 22?,event_label,outputs/v2/diagnostics/phase10_gp_market_comparison/phase10_exact_common_support_event_panel.csv
2026-05-22,event_day_open,Will the highest temperature in Hong Kong be 25°C on May 22?,event_label,outputs/v2/diagnostics/phase10_gp_market_comparison/phase10_exact_common_support_event_panel.csv
2026-05-22,event_day_open,Will the highest temperature in Hong Kong be 26°C on May 22?,event_label,outputs/v2/diagnostics/phase10_gp_market_comparison/phase10_exact_common_support_event_panel.csv
2026-05-22,event_day_open,Will the highest temperature in Hong Kong be 27°C on May 22?,event_label,outputs/v2/diagnostics/phase10_gp_market_comparison/phase10_exact_common_support_event_panel.csv
2026-05-22,event_day_open,Will the highest temperature in Hong Kong be 28°C on May 22?,event_label,outputs/v2/diagnostics/phase10_gp_market_comparison/phase10_exact_common_support_event_panel.csv
2026-05-22,event_day_open,Will the highest temperature in Hong Kong be 29°C on May 22?,event_label,outputs/v2/diagnostics/phase10_gp_market_comparison/phase10_exact_common_support_event_panel.csv
2026-05-22,event_day_open,Will the highest temperature in Hong Kong be 30°C on May 22?,event_label,outputs/v2/diagnostics/phase10_gp_market_comparison/phase10_exact_common_support_event_panel.csv
2026-05-22,event_day_open,Will the highest temperature in Hong Kong be 31°C or higher on May 22?,event_label,outputs/v2/diagnostics/phase10_gp_market_comparison/phase10_exact_common_support_event_panel.csv
2026-05-23,12h_prior,Will the highest temperature in Hong Kong be 23°C or below on May 23?,event_label,outputs/v2/diagnostics/phase10_gp_market_comparison/phase10_exact_common_support_event_panel.csv
2026-05-23,12h_prior,Will the highest temperature in Hong Kong be 24°C on May 23?,event_label,outputs/v2/diagnostics/phase10_gp_market_comparison/phase10_exact_common_support_event_panel.csv
2026-05-23,12h_prior,Will the highest temperature in Hong Kong be 25°C on May 23?,event_label,outputs/v2/diagnostics/phase10_gp_market_comparison/phase10_exact_common_support_event_panel.csv
2026-05-23,12h_prior,Will the highest temperature in Hong Kong be 26°C on May 23?,event_label,outputs/v2/diagnostics/phase10_gp_market_comparison/phase10_exact_common_support_event_panel.csv
2026-05-23,12h_prior,Will the highest temperature in Hong Kong be 27°C on May 23?,event_label,outputs/v2/diagnostics/phase10_gp_market_comparison/phase10_exact_common_support_event_panel.csv
2026-05-23,12h_prior,Will the highest temperature in Hong Kong be 28°C on May 23?,event_label,outputs/v2/diagnostics/phase10_gp_market_comparison/phase10_exact_common_support_event_panel.csv
2026-05-23,12h_prior,Will the highest temperature in Hong Kong be 29°C on May 23?,event_label,outputs/v2/diagnostics/phase10_gp_market_comparison/phase10_exact_common_support_event_panel.csv
2026-05-23,12h_prior,Will the highest temperature in Hong Kong be 30°C on May 23?,event_label,outputs/v2/diagnostics/phase10_gp_market_comparison/phase10_exact_common_support_event_panel.csv
2026-05-23,12h_prior,Will the highest temperature in Hong Kong be 31°C on May 23?,event_label,outputs/v2/diagnostics/phase10_gp_market_comparison/phase10_exact_common_support_event_panel.csv
2026-05-23,12h_prior,Will the highest temperature in Hong Kong be 32°C on May 23?,event_label,outputs/v2/diagnostics/phase10_gp_market_comparison/phase10_exact_common_support_event_panel.csv
2026-05-23,12h_prior,Will the highest temperature in Hong Kong be 33°C or higher on May 23?,event_label,outputs/v2/diagnostics/phase10_gp_market_comparison/phase10_exact_common_support_event_panel.csv
2026-05-23,24h_prior,Will the highest temperature in Hong Kong be 23°C or below on May 23?,event_label,outputs/v2/diagnostics/phase10_gp_market_comparison/phase10_exact_common_support_event_panel.csv
2026-05-23,24h_prior,Will the highest temperature in Hong Kong be 24°C on May 23?,event_label,outputs/v2/diagnostics/phase10_gp_market_comparison/phase10_exact_common_support_event_panel.csv
2026-05-23,24h_prior,Will the highest temperature in Hong Kong be 25°C on May 23?,event_label,outputs/v2/diagnostics/phase10_gp_market_comparison/phase10_exact_common_support_event_panel.csv
2026-05-23,24h_prior,Will the highest temperature in Hong Kong be 26°C on May 23?,event_label,outputs/v2/diagnostics/phase10_gp_market_comparison/phase10_exact_common_support_event_panel.csv
2026-05-23,24h_prior,Will the highest temperature in Hong Kong be 27°C on May 23?,event_label,outputs/v2/diagnostics/phase10_gp_market_comparison/phase10_exact_common_support_event_panel.csv
2026-05-23,24h_prior,Will the highest temperature in Hong Kong be 28°C on May 23?,event_label,outputs/v2/diagnostics/phase10_gp_market_comparison/phase10_exact_common_support_event_panel.csv
2026-05-23,24h_prior,Will the highest temperature in Hong Kong be 29°C on May 23?,event_label,outputs/v2/diagnostics/phase10_gp_market_comparison/phase10_exact_common_support_event_panel.csv
2026-05-23,24h_prior,Will the highest temperature in Hong Kong be 30°C on May 23?,event_label,outputs/v2/diagnostics/phase10_gp_market_comparison/phase10_exact_common_support_event_panel.csv
2026-05-23,24h_prior,Will the highest temperature in Hong Kong be 31°C on May 23?,event_label,outputs/v2/diagnostics/phase10_gp_market_comparison/phase10_exact_common_support_event_panel.csv
2026-05-23,24h_prior,Will the highest temperature in Hong Kong be 32°C on May 23?,event_label,outputs/v2/diagnostics/phase10_gp_market_comparison/phase10_exact_common_support_event_panel.csv
2026-05-23,24h_prior,Will the highest temperature in Hong Kong be 33°C or higher on May 23?,event_label,outputs/v2/diagnostics/phase10_gp_market_comparison/phase10_exact_common_support_event_panel.csv
2026-05-23,6h_prior,Will the highest temperature in Hong Kong be 23°C or below on May 23?,event_label,outputs/v2/diagnostics/phase10_gp_market_comparison/phase10_exact_common_support_event_panel.csv
2026-05-23,6h_prior,Will the highest temperature in Hong Kong be 24°C on May 23?,event_label,outputs/v2/diagnostics/phase10_gp_market_comparison/phase10_exact_common_support_event_panel.csv
2026-05-23,6h_prior,Will the highest temperature in Hong Kong be 25°C on May 23?,event_label,outputs/v2/diagnostics/phase10_gp_market_comparison/phase10_exact_common_support_event_panel.csv
2026-05-23,6h_prior,Will the highest temperature in Hong Kong be 26°C on May 23?,event_label,outputs/v2/diagnostics/phase10_gp_market_comparison/phase10_exact_common_support_event_panel.csv
2026-05-23,6h_prior,Will the highest temperature in Hong Kong be 27°C on May 23?,event_label,outputs/v2/diagnostics/phase10_gp_market_comparison/phase10_exact_common_support_event_panel.csv
2026-05-23,6h_prior,Will the highest temperature in Hong Kong be 28°C on May 23?,event_label,outputs/v2/diagnostics/phase10_gp_market_comparison/phase10_exact_common_support_event_panel.csv
2026-05-23,6h_prior,Will the highest temperature in Hong Kong be 29°C on May 23?,event_label,outputs/v2/diagnostics/phase10_gp_market_comparison/phase10_exact_common_support_event_panel.csv
2026-05-23,6h_prior,Will the highest temperature in Hong Kong be 30°C on May 23?,event_label,outputs/v2/diagnostics/phase10_gp_market_comparison/phase10_exact_common_support_event_panel.csv
2026-05-23,6h_prior,Will the highest temperature in Hong Kong be 31°C on May 23?,event_label,outputs/v2/diagnostics/phase10_gp_market_comparison/phase10_exact_common_support_event_panel.csv
2026-05-23,6h_prior,Will the highest temperature in Hong Kong be 32°C on May 23?,event_label,outputs/v2/diagnostics/phase10_gp_market_comparison/phase10_exact_common_support_event_panel.csv
2026-05-23,6h_prior,Will the highest temperature in Hong Kong be 33°C or higher on May 23?,event_label,outputs/v2/diagnostics/phase10_gp_market_comparison/phase10_exact_common_support_event_panel.csv
2026-05-23,event_day_open,Will the highest temperature in Hong Kong be 23°C or below on May 23?,event_label,outputs/v2/diagnostics/phase10_gp_market_comparison/phase10_exact_common_support_event_panel.csv
2026-05-23,event_day_open,Will the highest temperature in Hong Kong be 24°C on May 23?,event_label,outputs/v2/diagnostics/phase10_gp_market_comparison/phase10_exact_common_support_event_panel.csv
2026-05-23,event_day_open,Will the highest temperature in Hong Kong be 25°C on May 23?,event_label,outputs/v2/diagnostics/phase10_gp_market_comparison/phase10_exact_common_support_event_panel.csv
2026-05-23,event_day_open,Will the highest temperature in Hong Kong be 26°C on May 23?,event_label,outputs/v2/diagnostics/phase10_gp_market_comparison/phase10_exact_common_support_event_panel.csv
2026-05-23,event_day_open,Will the highest temperature in Hong Kong be 27°C on May 23?,event_label,outputs/v2/diagnostics/phase10_gp_market_comparison/phase10_exact_common_support_event_panel.csv
2026-05-23,event_day_open,Will the highest temperature in Hong Kong be 28°C on May 23?,event_label,outputs/v2/diagnostics/phase10_gp_market_comparison/phase10_exact_common_support_event_panel.csv
2026-05-23,event_day_open,Will the highest temperature in Hong Kong be 29°C on May 23?,event_label,outputs/v2/diagnostics/phase10_gp_market_comparison/phase10_exact_common_support_event_panel.csv
2026-05-23,event_day_open,Will the highest temperature in Hong Kong be 30°C on May 23?,event_label,outputs/v2/diagnostics/phase10_gp_market_comparison/phase10_exact_common_support_event_panel.csv
2026-05-23,event_day_open,Will the highest temperature in Hong Kong be 31°C on May 23?,event_label,outputs/v2/diagnostics/phase10_gp_market_comparison/phase10_exact_common_support_event_panel.csv
2026-05-23,event_day_open,Will the highest temperature in Hong Kong be 32°C on May 23?,event_label,outputs/v2/diagnostics/phase10_gp_market_comparison/phase10_exact_common_support_event_panel.csv
2026-05-23,event_day_open,Will the highest temperature in Hong Kong be 33°C or higher on May 23?,event_label,outputs/v2/diagnostics/phase10_gp_market_comparison/phase10_exact_common_support_event_panel.csv
2026-05-24,12h_prior,Will the highest temperature in Hong Kong be 22°C or below on May 24?,event_label,outputs/v2/diagnostics/phase10_gp_market_comparison/phase10_exact_common_support_event_panel.csv
2026-05-24,12h_prior,Will the highest temperature in Hong Kong be 23°C on May 24?,event_label,outputs/v2/diagnostics/phase10_gp_market_comparison/phase10_exact_common_support_event_panel.csv
2026-05-24,12h_prior,Will the highest temperature in Hong Kong be 24°C on May 24?,event_label,outputs/v2/diagnostics/phase10_gp_market_comparison/phase10_exact_common_support_event_panel.csv
2026-05-24,12h_prior,Will the highest temperature in Hong Kong be 25°C on May 24?,event_label,outputs/v2/diagnostics/phase10_gp_market_comparison/phase10_exact_common_support_event_panel.csv
2026-05-24,12h_prior,Will the highest temperature in Hong Kong be 26°C on May 24?,event_label,outputs/v2/diagnostics/phase10_gp_market_comparison/phase10_exact_common_support_event_panel.csv
2026-05-24,12h_prior,Will the highest temperature in Hong Kong be 27°C on May 24?,event_label,outputs/v2/diagnostics/phase10_gp_market_comparison/phase10_exact_common_support_event_panel.csv
2026-05-24,12h_prior,Will the highest temperature in Hong Kong be 28°C on May 24?,event_label,outputs/v2/diagnostics/phase10_gp_market_comparison/phase10_exact_common_support_event_panel.csv
2026-05-24,12h_prior,Will the highest temperature in Hong Kong be 29°C on May 24?,event_label,outputs/v2/diagnostics/phase10_gp_market_comparison/phase10_exact_common_support_event_panel.csv
2026-05-24,12h_prior,Will the highest temperature in Hong Kong be 30°C on May 24?,event_label,outputs/v2/diagnostics/phase10_gp_market_comparison/phase10_exact_common_support_event_panel.csv
2026-05-24,12h_prior,Will the highest temperature in Hong Kong be 31°C on May 24?,event_label,outputs/v2/diagnostics/phase10_gp_market_comparison/phase10_exact_common_support_event_panel.csv
2026-05-24,12h_prior,Will the highest temperature in Hong Kong be 32°C or higher on May 24?,event_label,outputs/v2/diagnostics/phase10_gp_market_comparison/phase10_exact_common_support_event_panel.csv
2026-05-24,24h_prior,Will the highest temperature in Hong Kong be 22°C or below on May 24?,event_label,outputs/v2/diagnostics/phase10_gp_market_comparison/phase10_exact_common_support_event_panel.csv
2026-05-24,24h_prior,Will the highest temperature in Hong Kong be 23°C on May 24?,event_label,outputs/v2/diagnostics/phase10_gp_market_comparison/phase10_exact_common_support_event_panel.csv
2026-05-24,24h_prior,Will the highest temperature in Hong Kong be 24°C on May 24?,event_label,outputs/v2/diagnostics/phase10_gp_market_comparison/phase10_exact_common_support_event_panel.csv
2026-05-24,24h_prior,Will the highest temperature in Hong Kong be 25°C on May 24?,event_label,outputs/v2/diagnostics/phase10_gp_market_comparison/phase10_exact_common_support_event_panel.csv
2026-05-24,24h_prior,Will the highest temperature in Hong Kong be 26°C on May 24?,event_label,outputs/v2/diagnostics/phase10_gp_market_comparison/phase10_exact_common_support_event_panel.csv
2026-05-24,24h_prior,Will the highest temperature in Hong Kong be 27°C on May 24?,event_label,outputs/v2/diagnostics/phase10_gp_market_comparison/phase10_exact_common_support_event_panel.csv
2026-05-24,24h_prior,Will the highest temperature in Hong Kong be 28°C on May 24?,event_label,outputs/v2/diagnostics/phase10_gp_market_comparison/phase10_exact_common_support_event_panel.csv
2026-05-24,24h_prior,Will the highest temperature in Hong Kong be 29°C on May 24?,event_label,outputs/v2/diagnostics/phase10_gp_market_comparison/phase10_exact_common_support_event_panel.csv
2026-05-24,24h_prior,Will the highest temperature in Hong Kong be 30°C on May 24?,event_label,outputs/v2/diagnostics/phase10_gp_market_comparison/phase10_exact_common_support_event_panel.csv
2026-05-24,24h_prior,Will the highest temperature in Hong Kong be 31°C on May 24?,event_label,outputs/v2/diagnostics/phase10_gp_market_comparison/phase10_exact_common_support_event_panel.csv
2026-05-24,24h_prior,Will the highest temperature in Hong Kong be 32°C or higher on May 24?,event_label,outputs/v2/diagnostics/phase10_gp_market_comparison/phase10_exact_common_support_event_panel.csv
2026-05-24,6h_prior,Will the highest temperature in Hong Kong be 22°C or below on May 24?,event_label,outputs/v2/diagnostics/phase10_gp_market_comparison/phase10_exact_common_support_event_panel.csv
2026-05-24,6h_prior,Will the highest temperature in Hong Kong be 23°C on May 24?,event_label,outputs/v2/diagnostics/phase10_gp_market_comparison/phase10_exact_common_support_event_panel.csv
2026-05-24,6h_prior,Will the highest temperature in Hong Kong be 24°C on May 24?,event_label,outputs/v2/diagnostics/phase10_gp_market_comparison/phase10_exact_common_support_event_panel.csv
2026-05-24,6h_prior,Will the highest temperature in Hong Kong be 25°C on May 24?,event_label,outputs/v2/diagnostics/phase10_gp_market_comparison/phase10_exact_common_support_event_panel.csv
2026-05-24,6h_prior,Will the highest temperature in Hong Kong be 26°C on May 24?,event_label,outputs/v2/diagnostics/phase10_gp_market_comparison/phase10_exact_common_support_event_panel.csv
2026-05-24,6h_prior,Will the highest temperature in Hong Kong be 27°C on May 24?,event_label,outputs/v2/diagnostics/phase10_gp_market_comparison/phase10_exact_common_support_event_panel.csv
2026-05-24,6h_prior,Will the highest temperature in Hong Kong be 28°C on May 24?,event_label,outputs/v2/diagnostics/phase10_gp_market_comparison/phase10_exact_common_support_event_panel.csv
2026-05-24,6h_prior,Will the highest temperature in Hong Kong be 29°C on May 24?,event_label,outputs/v2/diagnostics/phase10_gp_market_comparison/phase10_exact_common_support_event_panel.csv
2026-05-24,6h_prior,Will the highest temperature in Hong Kong be 30°C on May 24?,event_label,outputs/v2/diagnostics/phase10_gp_market_comparison/phase10_exact_common_support_event_panel.csv
2026-05-24,6h_prior,Will the highest temperature in Hong Kong be 31°C on May 24?,event_label,outputs/v2/diagnostics/phase10_gp_market_comparison/phase10_exact_common_support_event_panel.csv
2026-05-24,6h_prior,Will the highest temperature in Hong Kong be 32°C or higher on May 24?,event_label,outputs/v2/diagnostics/phase10_gp_market_comparison/phase10_exact_common_support_event_panel.csv
2026-05-24,event_day_open,Will the highest temperature in Hong Kong be 22°C or below on May 24?,event_label,outputs/v2/diagnostics/phase10_gp_market_comparison/phase10_exact_common_support_event_panel.csv
2026-05-24,event_day_open,Will the highest temperature in Hong Kong be 23°C on May 24?,event_label,outputs/v2/diagnostics/phase10_gp_market_comparison/phase10_exact_common_support_event_panel.csv
2026-05-24,event_day_open,Will the highest temperature in Hong Kong be 24°C on May 24?,event_label,outputs/v2/diagnostics/phase10_gp_market_comparison/phase10_exact_common_support_event_panel.csv
2026-05-24,event_day_open,Will the highest temperature in Hong Kong be 25°C on May 24?,event_label,outputs/v2/diagnostics/phase10_gp_market_comparison/phase10_exact_common_support_event_panel.csv
2026-05-24,event_day_open,Will the highest temperature in Hong Kong be 26°C on May 24?,event_label,outputs/v2/diagnostics/phase10_gp_market_comparison/phase10_exact_common_support_event_panel.csv
2026-05-24,event_day_open,Will the highest temperature in Hong Kong be 27°C on May 24?,event_label,outputs/v2/diagnostics/phase10_gp_market_comparison/phase10_exact_common_support_event_panel.csv
2026-05-24,event_day_open,Will the highest temperature in Hong Kong be 28°C on May 24?,event_label,outputs/v2/diagnostics/phase10_gp_market_comparison/phase10_exact_common_support_event_panel.csv
2026-05-24,event_day_open,Will the highest temperature in Hong Kong be 29°C on May 24?,event_label,outputs/v2/diagnostics/phase10_gp_market_comparison/phase10_exact_common_support_event_panel.csv
2026-05-24,event_day_open,Will the highest temperature in Hong Kong be 30°C on May 24?,event_label,outputs/v2/diagnostics/phase10_gp_market_comparison/phase10_exact_common_support_event_panel.csv
2026-05-24,event_day_open,Will the highest temperature in Hong Kong be 31°C on May 24?,event_label,outputs/v2/diagnostics/phase10_gp_market_comparison/phase10_exact_common_support_event_panel.csv
2026-05-24,event_day_open,Will the highest temperature in Hong Kong be 32°C or higher on May 24?,event_label,outputs/v2/diagnostics/phase10_gp_market_comparison/phase10_exact_common_support_event_panel.csv
2026-05-25,12h_prior,Will the highest temperature in Hong Kong be 23°C or below on May 25?,event_label,outputs/v2/diagnostics/phase10_gp_market_comparison/phase10_exact_common_support_event_panel.csv
2026-05-25,12h_prior,Will the highest temperature in Hong Kong be 24°C on May 25?,event_label,outputs/v2/diagnostics/phase10_gp_market_comparison/phase10_exact_common_support_event_panel.csv
2026-05-25,12h_prior,Will the highest temperature in Hong Kong be 25°C on May 25?,event_label,outputs/v2/diagnostics/phase10_gp_market_comparison/phase10_exact_common_support_event_panel.csv
2026-05-25,12h_prior,Will the highest temperature in Hong Kong be 26°C on May 25?,event_label,outputs/v2/diagnostics/phase10_gp_market_comparison/phase10_exact_common_support_event_panel.csv
2026-05-25,12h_prior,Will the highest temperature in Hong Kong be 27°C on May 25?,event_label,outputs/v2/diagnostics/phase10_gp_market_comparison/phase10_exact_common_support_event_panel.csv
2026-05-25,12h_prior,Will the highest temperature in Hong Kong be 28°C on May 25?,event_label,outputs/v2/diagnostics/phase10_gp_market_comparison/phase10_exact_common_support_event_panel.csv
2026-05-25,12h_prior,Will the highest temperature in Hong Kong be 29°C on May 25?,event_label,outputs/v2/diagnostics/phase10_gp_market_comparison/phase10_exact_common_support_event_panel.csv
2026-05-25,12h_prior,Will the highest temperature in Hong Kong be 30°C on May 25?,event_label,outputs/v2/diagnostics/phase10_gp_market_comparison/phase10_exact_common_support_event_panel.csv
2026-05-25,12h_prior,Will the highest temperature in Hong Kong be 31°C on May 25?,event_label,outputs/v2/diagnostics/phase10_gp_market_comparison/phase10_exact_common_support_event_panel.csv
2026-05-25,12h_prior,Will the highest temperature in Hong Kong be 32°C on May 25?,event_label,outputs/v2/diagnostics/phase10_gp_market_comparison/phase10_exact_common_support_event_panel.csv
2026-05-25,12h_prior,Will the highest temperature in Hong Kong be 33°C or higher on May 25?,event_label,outputs/v2/diagnostics/phase10_gp_market_comparison/phase10_exact_common_support_event_panel.csv
2026-05-25,24h_prior,Will the highest temperature in Hong Kong be 23°C or below on May 25?,event_label,outputs/v2/diagnostics/phase10_gp_market_comparison/phase10_exact_common_support_event_panel.csv
2026-05-25,24h_prior,Will the highest temperature in Hong Kong be 24°C on May 25?,event_label,outputs/v2/diagnostics/phase10_gp_market_comparison/phase10_exact_common_support_event_panel.csv
2026-05-25,24h_prior,Will the highest temperature in Hong Kong be 25°C on May 25?,event_label,outputs/v2/diagnostics/phase10_gp_market_comparison/phase10_exact_common_support_event_panel.csv
2026-05-25,24h_prior,Will the highest temperature in Hong Kong be 26°C on May 25?,event_label,outputs/v2/diagnostics/phase10_gp_market_comparison/phase10_exact_common_support_event_panel.csv
2026-05-25,24h_prior,Will the highest temperature in Hong Kong be 27°C on May 25?,event_label,outputs/v2/diagnostics/phase10_gp_market_comparison/phase10_exact_common_support_event_panel.csv
2026-05-25,24h_prior,Will the highest temperature in Hong Kong be 28°C on May 25?,event_label,outputs/v2/diagnostics/phase10_gp_market_comparison/phase10_exact_common_support_event_panel.csv
2026-05-25,24h_prior,Will the highest temperature in Hong Kong be 29°C on May 25?,event_label,outputs/v2/diagnostics/phase10_gp_market_comparison/phase10_exact_common_support_event_panel.csv
2026-05-25,24h_prior,Will the highest temperature in Hong Kong be 30°C on May 25?,event_label,outputs/v2/diagnostics/phase10_gp_market_comparison/phase10_exact_common_support_event_panel.csv
2026-05-25,24h_prior,Will the highest temperature in Hong Kong be 31°C on May 25?,event_label,outputs/v2/diagnostics/phase10_gp_market_comparison/phase10_exact_common_support_event_panel.csv
2026-05-25,24h_prior,Will the highest temperature in Hong Kong be 32°C on May 25?,event_label,outputs/v2/diagnostics/phase10_gp_market_comparison/phase10_exact_common_support_event_panel.csv
2026-05-25,24h_prior,Will the highest temperature in Hong Kong be 33°C or higher on May 25?,event_label,outputs/v2/diagnostics/phase10_gp_market_comparison/phase10_exact_common_support_event_panel.csv
2026-05-25,6h_prior,Will the highest temperature in Hong Kong be 23°C or below on May 25?,event_label,outputs/v2/diagnostics/phase10_gp_market_comparison/phase10_exact_common_support_event_panel.csv
2026-05-25,6h_prior,Will the highest temperature in Hong Kong be 24°C on May 25?,event_label,outputs/v2/diagnostics/phase10_gp_market_comparison/phase10_exact_common_support_event_panel.csv
2026-05-25,6h_prior,Will the highest temperature in Hong Kong be 25°C on May 25?,event_label,outputs/v2/diagnostics/phase10_gp_market_comparison/phase10_exact_common_support_event_panel.csv
2026-05-25,6h_prior,Will the highest temperature in Hong Kong be 26°C on May 25?,event_label,outputs/v2/diagnostics/phase10_gp_market_comparison/phase10_exact_common_support_event_panel.csv
2026-05-25,6h_prior,Will the highest temperature in Hong Kong be 27°C on May 25?,event_label,outputs/v2/diagnostics/phase10_gp_market_comparison/phase10_exact_common_support_event_panel.csv
2026-05-25,6h_prior,Will the highest temperature in Hong Kong be 28°C on May 25?,event_label,outputs/v2/diagnostics/phase10_gp_market_comparison/phase10_exact_common_support_event_panel.csv
2026-05-25,6h_prior,Will the highest temperature in Hong Kong be 29°C on May 25?,event_label,outputs/v2/diagnostics/phase10_gp_market_comparison/phase10_exact_common_support_event_panel.csv
2026-05-25,6h_prior,Will the highest temperature in Hong Kong be 30°C on May 25?,event_label,outputs/v2/diagnostics/phase10_gp_market_comparison/phase10_exact_common_support_event_panel.csv
2026-05-25,6h_prior,Will the highest temperature in Hong Kong be 31°C on May 25?,event_label,outputs/v2/diagnostics/phase10_gp_market_comparison/phase10_exact_common_support_event_panel.csv
2026-05-25,6h_prior,Will the highest temperature in Hong Kong be 32°C on May 25?,event_label,outputs/v2/diagnostics/phase10_gp_market_comparison/phase10_exact_common_support_event_panel.csv
2026-05-25,6h_prior,Will the highest temperature in Hong Kong be 33°C or higher on May 25?,event_label,outputs/v2/diagnostics/phase10_gp_market_comparison/phase10_exact_common_support_event_panel.csv
2026-05-25,event_day_open,Will the highest temperature in Hong Kong be 23°C or below on May 25?,event_label,outputs/v2/diagnostics/phase10_gp_market_comparison/phase10_exact_common_support_event_panel.csv
2026-05-25,event_day_open,Will the highest temperature in Hong Kong be 24°C on May 25?,event_label,outputs/v2/diagnostics/phase10_gp_market_comparison/phase10_exact_common_support_event_panel.csv
2026-05-25,event_day_open,Will the highest temperature in Hong Kong be 25°C on May 25?,event_label,outputs/v2/diagnostics/phase10_gp_market_comparison/phase10_exact_common_support_event_panel.csv
2026-05-25,event_day_open,Will the highest temperature in Hong Kong be 26°C on May 25?,event_label,outputs/v2/diagnostics/phase10_gp_market_comparison/phase10_exact_common_support_event_panel.csv
2026-05-25,event_day_open,Will the highest temperature in Hong Kong be 27°C on May 25?,event_label,outputs/v2/diagnostics/phase10_gp_market_comparison/phase10_exact_common_support_event_panel.csv
2026-05-25,event_day_open,Will the highest temperature in Hong Kong be 28°C on May 25?,event_label,outputs/v2/diagnostics/phase10_gp_market_comparison/phase10_exact_common_support_event_panel.csv
2026-05-25,event_day_open,Will the highest temperature in Hong Kong be 29°C on May 25?,event_label,outputs/v2/diagnostics/phase10_gp_market_comparison/phase10_exact_common_support_event_panel.csv
2026-05-25,event_day_open,Will the highest temperature in Hong Kong be 30°C on May 25?,event_label,outputs/v2/diagnostics/phase10_gp_market_comparison/phase10_exact_common_support_event_panel.csv
2026-05-25,event_day_open,Will the highest temperature in Hong Kong be 31°C on May 25?,event_label,outputs/v2/diagnostics/phase10_gp_market_comparison/phase10_exact_common_support_event_panel.csv
2026-05-25,event_day_open,Will the highest temperature in Hong Kong be 32°C on May 25?,event_label,outputs/v2/diagnostics/phase10_gp_market_comparison/phase10_exact_common_support_event_panel.csv
2026-05-25,event_day_open,Will the highest temperature in Hong Kong be 33°C or higher on May 25?,event_label,outputs/v2/diagnostics/phase10_gp_market_comparison/phase10_exact_common_support_event_panel.csv
2026-05-26,12h_prior,Will the highest temperature in Hong Kong be 23°C or below on May 26?,event_label,outputs/v2/diagnostics/phase10_gp_market_comparison/phase10_exact_common_support_event_panel.csv
2026-05-26,12h_prior,Will the highest temperature in Hong Kong be 24°C on May 26?,event_label,outputs/v2/diagnostics/phase10_gp_market_comparison/phase10_exact_common_support_event_panel.csv
2026-05-26,12h_prior,Will the highest temperature in Hong Kong be 25°C on May 26?,event_label,outputs/v2/diagnostics/phase10_gp_market_comparison/phase10_exact_common_support_event_panel.csv
2026-05-26,12h_prior,Will the highest temperature in Hong Kong be 26°C on May 26?,event_label,outputs/v2/diagnostics/phase10_gp_market_comparison/phase10_exact_common_support_event_panel.csv
2026-05-26,12h_prior,Will the highest temperature in Hong Kong be 27°C on May 26?,event_label,outputs/v2/diagnostics/phase10_gp_market_comparison/phase10_exact_common_support_event_panel.csv
2026-05-26,12h_prior,Will the highest temperature in Hong Kong be 28°C on May 26?,event_label,outputs/v2/diagnostics/phase10_gp_market_comparison/phase10_exact_common_support_event_panel.csv
2026-05-26,12h_prior,Will the highest temperature in Hong Kong be 29°C on May 26?,event_label,outputs/v2/diagnostics/phase10_gp_market_comparison/phase10_exact_common_support_event_panel.csv
2026-05-26,12h_prior,Will the highest temperature in Hong Kong be 30°C on May 26?,event_label,outputs/v2/diagnostics/phase10_gp_market_comparison/phase10_exact_common_support_event_panel.csv
2026-05-26,12h_prior,Will the highest temperature in Hong Kong be 31°C on May 26?,event_label,outputs/v2/diagnostics/phase10_gp_market_comparison/phase10_exact_common_support_event_panel.csv
2026-05-26,12h_prior,Will the highest temperature in Hong Kong be 32°C on May 26?,event_label,outputs/v2/diagnostics/phase10_gp_market_comparison/phase10_exact_common_support_event_panel.csv
2026-05-26,12h_prior,Will the highest temperature in Hong Kong be 33°C or higher on May 26?,event_label,outputs/v2/diagnostics/phase10_gp_market_comparison/phase10_exact_common_support_event_panel.csv
2026-05-26,24h_prior,Will the highest temperature in Hong Kong be 23°C or below on May 26?,event_label,outputs/v2/diagnostics/phase10_gp_market_comparison/phase10_exact_common_support_event_panel.csv
2026-05-26,24h_prior,Will the highest temperature in Hong Kong be 24°C on May 26?,event_label,outputs/v2/diagnostics/phase10_gp_market_comparison/phase10_exact_common_support_event_panel.csv
2026-05-26,24h_prior,Will the highest temperature in Hong Kong be 25°C on May 26?,event_label,outputs/v2/diagnostics/phase10_gp_market_comparison/phase10_exact_common_support_event_panel.csv
2026-05-26,24h_prior,Will the highest temperature in Hong Kong be 26°C on May 26?,event_label,outputs/v2/diagnostics/phase10_gp_market_comparison/phase10_exact_common_support_event_panel.csv
2026-05-26,24h_prior,Will the highest temperature in Hong Kong be 27°C on May 26?,event_label,outputs/v2/diagnostics/phase10_gp_market_comparison/phase10_exact_common_support_event_panel.csv
2026-05-26,24h_prior,Will the highest temperature in Hong Kong be 28°C on May 26?,event_label,outputs/v2/diagnostics/phase10_gp_market_comparison/phase10_exact_common_support_event_panel.csv
2026-05-26,24h_prior,Will the highest temperature in Hong Kong be 29°C on May 26?,event_label,outputs/v2/diagnostics/phase10_gp_market_comparison/phase10_exact_common_support_event_panel.csv
2026-05-26,24h_prior,Will the highest temperature in Hong Kong be 30°C on May 26?,event_label,outputs/v2/diagnostics/phase10_gp_market_comparison/phase10_exact_common_support_event_panel.csv
2026-05-26,24h_prior,Will the highest temperature in Hong Kong be 31°C on May 26?,event_label,outputs/v2/diagnostics/phase10_gp_market_comparison/phase10_exact_common_support_event_panel.csv
2026-05-26,24h_prior,Will the highest temperature in Hong Kong be 32°C on May 26?,event_label,outputs/v2/diagnostics/phase10_gp_market_comparison/phase10_exact_common_support_event_panel.csv
2026-05-26,24h_prior,Will the highest temperature in Hong Kong be 33°C or higher on May 26?,event_label,outputs/v2/diagnostics/phase10_gp_market_comparison/phase10_exact_common_support_event_panel.csv
2026-05-26,6h_prior,Will the highest temperature in Hong Kong be 23°C or below on May 26?,event_label,outputs/v2/diagnostics/phase10_gp_market_comparison/phase10_exact_common_support_event_panel.csv
2026-05-26,6h_prior,Will the highest temperature in Hong Kong be 24°C on May 26?,event_label,outputs/v2/diagnostics/phase10_gp_market_comparison/phase10_exact_common_support_event_panel.csv
2026-05-26,6h_prior,Will the highest temperature in Hong Kong be 25°C on May 26?,event_label,outputs/v2/diagnostics/phase10_gp_market_comparison/phase10_exact_common_support_event_panel.csv
2026-05-26,6h_prior,Will the highest temperature in Hong Kong be 26°C on May 26?,event_label,outputs/v2/diagnostics/phase10_gp_market_comparison/phase10_exact_common_support_event_panel.csv
2026-05-26,6h_prior,Will the highest temperature in Hong Kong be 27°C on May 26?,event_label,outputs/v2/diagnostics/phase10_gp_market_comparison/phase10_exact_common_support_event_panel.csv
2026-05-26,6h_prior,Will the highest temperature in Hong Kong be 28°C on May 26?,event_label,outputs/v2/diagnostics/phase10_gp_market_comparison/phase10_exact_common_support_event_panel.csv
2026-05-26,6h_prior,Will the highest temperature in Hong Kong be 29°C on May 26?,event_label,outputs/v2/diagnostics/phase10_gp_market_comparison/phase10_exact_common_support_event_panel.csv
2026-05-26,6h_prior,Will the highest temperature in Hong Kong be 30°C on May 26?,event_label,outputs/v2/diagnostics/phase10_gp_market_comparison/phase10_exact_common_support_event_panel.csv
2026-05-26,6h_prior,Will the highest temperature in Hong Kong be 31°C on May 26?,event_label,outputs/v2/diagnostics/phase10_gp_market_comparison/phase10_exact_common_support_event_panel.csv
2026-05-26,6h_prior,Will the highest temperature in Hong Kong be 32°C on May 26?,event_label,outputs/v2/diagnostics/phase10_gp_market_comparison/phase10_exact_common_support_event_panel.csv
2026-05-26,6h_prior,Will the highest temperature in Hong Kong be 33°C or higher on May 26?,event_label,outputs/v2/diagnostics/phase10_gp_market_comparison/phase10_exact_common_support_event_panel.csv
2026-05-26,event_day_open,Will the highest temperature in Hong Kong be 23°C or below on May 26?,event_label,outputs/v2/diagnostics/phase10_gp_market_comparison/phase10_exact_common_support_event_panel.csv
2026-05-26,event_day_open,Will the highest temperature in Hong Kong be 24°C on May 26?,event_label,outputs/v2/diagnostics/phase10_gp_market_comparison/phase10_exact_common_support_event_panel.csv
2026-05-26,event_day_open,Will the highest temperature in Hong Kong be 25°C on May 26?,event_label,outputs/v2/diagnostics/phase10_gp_market_comparison/phase10_exact_common_support_event_panel.csv
2026-05-26,event_day_open,Will the highest temperature in Hong Kong be 26°C on May 26?,event_label,outputs/v2/diagnostics/phase10_gp_market_comparison/phase10_exact_common_support_event_panel.csv
2026-05-26,event_day_open,Will the highest temperature in Hong Kong be 27°C on May 26?,event_label,outputs/v2/diagnostics/phase10_gp_market_comparison/phase10_exact_common_support_event_panel.csv
2026-05-26,event_day_open,Will the highest temperature in Hong Kong be 28°C on May 26?,event_label,outputs/v2/diagnostics/phase10_gp_market_comparison/phase10_exact_common_support_event_panel.csv
2026-05-26,event_day_open,Will the highest temperature in Hong Kong be 29°C on May 26?,event_label,outputs/v2/diagnostics/phase10_gp_market_comparison/phase10_exact_common_support_event_panel.csv
2026-05-26,event_day_open,Will the highest temperature in Hong Kong be 30°C on May 26?,event_label,outputs/v2/diagnostics/phase10_gp_market_comparison/phase10_exact_common_support_event_panel.csv
2026-05-26,event_day_open,Will the highest temperature in Hong Kong be 31°C on May 26?,event_label,outputs/v2/diagnostics/phase10_gp_market_comparison/phase10_exact_common_support_event_panel.csv
2026-05-26,event_day_open,Will the highest temperature in Hong Kong be 32°C on May 26?,event_label,outputs/v2/diagnostics/phase10_gp_market_comparison/phase10_exact_common_support_event_panel.csv
2026-05-26,event_day_open,Will the highest temperature in Hong Kong be 33°C or higher on May 26?,event_label,outputs/v2/diagnostics/phase10_gp_market_comparison/phase10_exact_common_support_event_panel.csv
2026-05-27,12h_prior,Will the highest temperature in Hong Kong be 24°C or below on May 27?,event_label,outputs/v2/diagnostics/phase10_gp_market_comparison/phase10_exact_common_support_event_panel.csv
2026-05-27,12h_prior,Will the highest temperature in Hong Kong be 25°C on May 27?,event_label,outputs/v2/diagnostics/phase10_gp_market_comparison/phase10_exact_common_support_event_panel.csv
2026-05-27,12h_prior,Will the highest temperature in Hong Kong be 26°C on May 27?,event_label,outputs/v2/diagnostics/phase10_gp_market_comparison/phase10_exact_common_support_event_panel.csv
2026-05-27,12h_prior,Will the highest temperature in Hong Kong be 27°C on May 27?,event_label,outputs/v2/diagnostics/phase10_gp_market_comparison/phase10_exact_common_support_event_panel.csv
2026-05-27,12h_prior,Will the highest temperature in Hong Kong be 28°C on May 27?,event_label,outputs/v2/diagnostics/phase10_gp_market_comparison/phase10_exact_common_support_event_panel.csv
2026-05-27,12h_prior,Will the highest temperature in Hong Kong be 29°C on May 27?,event_label,outputs/v2/diagnostics/phase10_gp_market_comparison/phase10_exact_common_support_event_panel.csv
2026-05-27,12h_prior,Will the highest temperature in Hong Kong be 30°C on May 27?,event_label,outputs/v2/diagnostics/phase10_gp_market_comparison/phase10_exact_common_support_event_panel.csv
2026-05-27,12h_prior,Will the highest temperature in Hong Kong be 31°C on May 27?,event_label,outputs/v2/diagnostics/phase10_gp_market_comparison/phase10_exact_common_support_event_panel.csv
2026-05-27,12h_prior,Will the highest temperature in Hong Kong be 32°C on May 27?,event_label,outputs/v2/diagnostics/phase10_gp_market_comparison/phase10_exact_common_support_event_panel.csv
2026-05-27,12h_prior,Will the highest temperature in Hong Kong be 33°C on May 27?,event_label,outputs/v2/diagnostics/phase10_gp_market_comparison/phase10_exact_common_support_event_panel.csv
2026-05-27,12h_prior,Will the highest temperature in Hong Kong be 34°C or higher on May 27?,event_label,outputs/v2/diagnostics/phase10_gp_market_comparison/phase10_exact_common_support_event_panel.csv
2026-05-27,24h_prior,Will the highest temperature in Hong Kong be 24°C or below on May 27?,event_label,outputs/v2/diagnostics/phase10_gp_market_comparison/phase10_exact_common_support_event_panel.csv
2026-05-27,24h_prior,Will the highest temperature in Hong Kong be 25°C on May 27?,event_label,outputs/v2/diagnostics/phase10_gp_market_comparison/phase10_exact_common_support_event_panel.csv
2026-05-27,24h_prior,Will the highest temperature in Hong Kong be 26°C on May 27?,event_label,outputs/v2/diagnostics/phase10_gp_market_comparison/phase10_exact_common_support_event_panel.csv
2026-05-27,24h_prior,Will the highest temperature in Hong Kong be 27°C on May 27?,event_label,outputs/v2/diagnostics/phase10_gp_market_comparison/phase10_exact_common_support_event_panel.csv
2026-05-27,24h_prior,Will the highest temperature in Hong Kong be 28°C on May 27?,event_label,outputs/v2/diagnostics/phase10_gp_market_comparison/phase10_exact_common_support_event_panel.csv
2026-05-27,24h_prior,Will the highest temperature in Hong Kong be 29°C on May 27?,event_label,outputs/v2/diagnostics/phase10_gp_market_comparison/phase10_exact_common_support_event_panel.csv
2026-05-27,24h_prior,Will the highest temperature in Hong Kong be 30°C on May 27?,event_label,outputs/v2/diagnostics/phase10_gp_market_comparison/phase10_exact_common_support_event_panel.csv
2026-05-27,24h_prior,Will the highest temperature in Hong Kong be 31°C on May 27?,event_label,outputs/v2/diagnostics/phase10_gp_market_comparison/phase10_exact_common_support_event_panel.csv
2026-05-27,24h_prior,Will the highest temperature in Hong Kong be 32°C on May 27?,event_label,outputs/v2/diagnostics/phase10_gp_market_comparison/phase10_exact_common_support_event_panel.csv
2026-05-27,24h_prior,Will the highest temperature in Hong Kong be 33°C on May 27?,event_label,outputs/v2/diagnostics/phase10_gp_market_comparison/phase10_exact_common_support_event_panel.csv
2026-05-27,24h_prior,Will the highest temperature in Hong Kong be 34°C or higher on May 27?,event_label,outputs/v2/diagnostics/phase10_gp_market_comparison/phase10_exact_common_support_event_panel.csv
2026-05-27,6h_prior,Will the highest temperature in Hong Kong be 24°C or below on May 27?,event_label,outputs/v2/diagnostics/phase10_gp_market_comparison/phase10_exact_common_support_event_panel.csv
2026-05-27,6h_prior,Will the highest temperature in Hong Kong be 25°C on May 27?,event_label,outputs/v2/diagnostics/phase10_gp_market_comparison/phase10_exact_common_support_event_panel.csv
2026-05-27,6h_prior,Will the highest temperature in Hong Kong be 26°C on May 27?,event_label,outputs/v2/diagnostics/phase10_gp_market_comparison/phase10_exact_common_support_event_panel.csv
2026-05-27,6h_prior,Will the highest temperature in Hong Kong be 27°C on May 27?,event_label,outputs/v2/diagnostics/phase10_gp_market_comparison/phase10_exact_common_support_event_panel.csv
2026-05-27,6h_prior,Will the highest temperature in Hong Kong be 28°C on May 27?,event_label,outputs/v2/diagnostics/phase10_gp_market_comparison/phase10_exact_common_support_event_panel.csv
2026-05-27,6h_prior,Will the highest temperature in Hong Kong be 29°C on May 27?,event_label,outputs/v2/diagnostics/phase10_gp_market_comparison/phase10_exact_common_support_event_panel.csv
2026-05-27,6h_prior,Will the highest temperature in Hong Kong be 30°C on May 27?,event_label,outputs/v2/diagnostics/phase10_gp_market_comparison/phase10_exact_common_support_event_panel.csv
2026-05-27,6h_prior,Will the highest temperature in Hong Kong be 31°C on May 27?,event_label,outputs/v2/diagnostics/phase10_gp_market_comparison/phase10_exact_common_support_event_panel.csv
2026-05-27,6h_prior,Will the highest temperature in Hong Kong be 32°C on May 27?,event_label,outputs/v2/diagnostics/phase10_gp_market_comparison/phase10_exact_common_support_event_panel.csv
2026-05-27,6h_prior,Will the highest temperature in Hong Kong be 33°C on May 27?,event_label,outputs/v2/diagnostics/phase10_gp_market_comparison/phase10_exact_common_support_event_panel.csv
2026-05-27,6h_prior,Will the highest temperature in Hong Kong be 34°C or higher on May 27?,event_label,outputs/v2/diagnostics/phase10_gp_market_comparison/phase10_exact_common_support_event_panel.csv
2026-05-27,event_day_open,Will the highest temperature in Hong Kong be 24°C or below on May 27?,event_label,outputs/v2/diagnostics/phase10_gp_market_comparison/phase10_exact_common_support_event_panel.csv
2026-05-27,event_day_open,Will the highest temperature in Hong Kong be 25°C on May 27?,event_label,outputs/v2/diagnostics/phase10_gp_market_comparison/phase10_exact_common_support_event_panel.csv
2026-05-27,event_day_open,Will the highest temperature in Hong Kong be 26°C on May 27?,event_label,outputs/v2/diagnostics/phase10_gp_market_comparison/phase10_exact_common_support_event_panel.csv
2026-05-27,event_day_open,Will the highest temperature in Hong Kong be 27°C on May 27?,event_label,outputs/v2/diagnostics/phase10_gp_market_comparison/phase10_exact_common_support_event_panel.csv
2026-05-27,event_day_open,Will the highest temperature in Hong Kong be 28°C on May 27?,event_label,outputs/v2/diagnostics/phase10_gp_market_comparison/phase10_exact_common_support_event_panel.csv
2026-05-27,event_day_open,Will the highest temperature in Hong Kong be 29°C on May 27?,event_label,outputs/v2/diagnostics/phase10_gp_market_comparison/phase10_exact_common_support_event_panel.csv
2026-05-27,event_day_open,Will the highest temperature in Hong Kong be 30°C on May 27?,event_label,outputs/v2/diagnostics/phase10_gp_market_comparison/phase10_exact_common_support_event_panel.csv
2026-05-27,event_day_open,Will the highest temperature in Hong Kong be 31°C on May 27?,event_label,outputs/v2/diagnostics/phase10_gp_market_comparison/phase10_exact_common_support_event_panel.csv
2026-05-27,event_day_open,Will the highest temperature in Hong Kong be 32°C on May 27?,event_label,outputs/v2/diagnostics/phase10_gp_market_comparison/phase10_exact_common_support_event_panel.csv
2026-05-27,event_day_open,Will the highest temperature in Hong Kong be 33°C on May 27?,event_label,outputs/v2/diagnostics/phase10_gp_market_comparison/phase10_exact_common_support_event_panel.csv
2026-05-27,event_day_open,Will the highest temperature in Hong Kong be 34°C or higher on May 27?,event_label,outputs/v2/diagnostics/phase10_gp_market_comparison/phase10_exact_common_support_event_panel.csv
2026-05-28,12h_prior,Will the highest temperature in Hong Kong be 23°C or below on May 28?,event_label,outputs/v2/diagnostics/phase10_gp_market_comparison/phase10_exact_common_support_event_panel.csv
2026-05-28,12h_prior,Will the highest temperature in Hong Kong be 24°C on May 28?,event_label,outputs/v2/diagnostics/phase10_gp_market_comparison/phase10_exact_common_support_event_panel.csv
2026-05-28,12h_prior,Will the highest temperature in Hong Kong be 25°C on May 28?,event_label,outputs/v2/diagnostics/phase10_gp_market_comparison/phase10_exact_common_support_event_panel.csv
2026-05-28,12h_prior,Will the highest temperature in Hong Kong be 26°C on May 28?,event_label,outputs/v2/diagnostics/phase10_gp_market_comparison/phase10_exact_common_support_event_panel.csv
2026-05-28,12h_prior,Will the highest temperature in Hong Kong be 27°C on May 28?,event_label,outputs/v2/diagnostics/phase10_gp_market_comparison/phase10_exact_common_support_event_panel.csv
2026-05-28,12h_prior,Will the highest temperature in Hong Kong be 28°C on May 28?,event_label,outputs/v2/diagnostics/phase10_gp_market_comparison/phase10_exact_common_support_event_panel.csv
2026-05-28,12h_prior,Will the highest temperature in Hong Kong be 29°C on May 28?,event_label,outputs/v2/diagnostics/phase10_gp_market_comparison/phase10_exact_common_support_event_panel.csv
2026-05-28,12h_prior,Will the highest temperature in Hong Kong be 30°C on May 28?,event_label,outputs/v2/diagnostics/phase10_gp_market_comparison/phase10_exact_common_support_event_panel.csv
2026-05-28,12h_prior,Will the highest temperature in Hong Kong be 31°C on May 28?,event_label,outputs/v2/diagnostics/phase10_gp_market_comparison/phase10_exact_common_support_event_panel.csv
2026-05-28,12h_prior,Will the highest temperature in Hong Kong be 32°C on May 28?,event_label,outputs/v2/diagnostics/phase10_gp_market_comparison/phase10_exact_common_support_event_panel.csv
2026-05-28,12h_prior,Will the highest temperature in Hong Kong be 33°C or higher on May 28?,event_label,outputs/v2/diagnostics/phase10_gp_market_comparison/phase10_exact_common_support_event_panel.csv
2026-05-28,24h_prior,Will the highest temperature in Hong Kong be 23°C or below on May 28?,event_label,outputs/v2/diagnostics/phase10_gp_market_comparison/phase10_exact_common_support_event_panel.csv
2026-05-28,24h_prior,Will the highest temperature in Hong Kong be 24°C on May 28?,event_label,outputs/v2/diagnostics/phase10_gp_market_comparison/phase10_exact_common_support_event_panel.csv
2026-05-28,24h_prior,Will the highest temperature in Hong Kong be 25°C on May 28?,event_label,outputs/v2/diagnostics/phase10_gp_market_comparison/phase10_exact_common_support_event_panel.csv
2026-05-28,24h_prior,Will the highest temperature in Hong Kong be 26°C on May 28?,event_label,outputs/v2/diagnostics/phase10_gp_market_comparison/phase10_exact_common_support_event_panel.csv
2026-05-28,24h_prior,Will the highest temperature in Hong Kong be 27°C on May 28?,event_label,outputs/v2/diagnostics/phase10_gp_market_comparison/phase10_exact_common_support_event_panel.csv
2026-05-28,24h_prior,Will the highest temperature in Hong Kong be 28°C on May 28?,event_label,outputs/v2/diagnostics/phase10_gp_market_comparison/phase10_exact_common_support_event_panel.csv
2026-05-28,24h_prior,Will the highest temperature in Hong Kong be 29°C on May 28?,event_label,outputs/v2/diagnostics/phase10_gp_market_comparison/phase10_exact_common_support_event_panel.csv
2026-05-28,24h_prior,Will the highest temperature in Hong Kong be 30°C on May 28?,event_label,outputs/v2/diagnostics/phase10_gp_market_comparison/phase10_exact_common_support_event_panel.csv
2026-05-28,24h_prior,Will the highest temperature in Hong Kong be 31°C on May 28?,event_label,outputs/v2/diagnostics/phase10_gp_market_comparison/phase10_exact_common_support_event_panel.csv
2026-05-28,24h_prior,Will the highest temperature in Hong Kong be 32°C on May 28?,event_label,outputs/v2/diagnostics/phase10_gp_market_comparison/phase10_exact_common_support_event_panel.csv
2026-05-28,24h_prior,Will the highest temperature in Hong Kong be 33°C or higher on May 28?,event_label,outputs/v2/diagnostics/phase10_gp_market_comparison/phase10_exact_common_support_event_panel.csv
2026-05-28,6h_prior,Will the highest temperature in Hong Kong be 23°C or below on May 28?,event_label,outputs/v2/diagnostics/phase10_gp_market_comparison/phase10_exact_common_support_event_panel.csv
2026-05-28,6h_prior,Will the highest temperature in Hong Kong be 24°C on May 28?,event_label,outputs/v2/diagnostics/phase10_gp_market_comparison/phase10_exact_common_support_event_panel.csv
2026-05-28,6h_prior,Will the highest temperature in Hong Kong be 25°C on May 28?,event_label,outputs/v2/diagnostics/phase10_gp_market_comparison/phase10_exact_common_support_event_panel.csv
2026-05-28,6h_prior,Will the highest temperature in Hong Kong be 26°C on May 28?,event_label,outputs/v2/diagnostics/phase10_gp_market_comparison/phase10_exact_common_support_event_panel.csv
2026-05-28,6h_prior,Will the highest temperature in Hong Kong be 27°C on May 28?,event_label,outputs/v2/diagnostics/phase10_gp_market_comparison/phase10_exact_common_support_event_panel.csv
2026-05-28,6h_prior,Will the highest temperature in Hong Kong be 28°C on May 28?,event_label,outputs/v2/diagnostics/phase10_gp_market_comparison/phase10_exact_common_support_event_panel.csv
2026-05-28,6h_prior,Will the highest temperature in Hong Kong be 29°C on May 28?,event_label,outputs/v2/diagnostics/phase10_gp_market_comparison/phase10_exact_common_support_event_panel.csv
2026-05-28,6h_prior,Will the highest temperature in Hong Kong be 30°C on May 28?,event_label,outputs/v2/diagnostics/phase10_gp_market_comparison/phase10_exact_common_support_event_panel.csv
2026-05-28,6h_prior,Will the highest temperature in Hong Kong be 31°C on May 28?,event_label,outputs/v2/diagnostics/phase10_gp_market_comparison/phase10_exact_common_support_event_panel.csv
2026-05-28,6h_prior,Will the highest temperature in Hong Kong be 32°C on May 28?,event_label,outputs/v2/diagnostics/phase10_gp_market_comparison/phase10_exact_common_support_event_panel.csv
2026-05-28,6h_prior,Will the highest temperature in Hong Kong be 33°C or higher on May 28?,event_label,outputs/v2/diagnostics/phase10_gp_market_comparison/phase10_exact_common_support_event_panel.csv
2026-05-28,event_day_open,Will the highest temperature in Hong Kong be 23°C or below on May 28?,event_label,outputs/v2/diagnostics/phase10_gp_market_comparison/phase10_exact_common_support_event_panel.csv
2026-05-28,event_day_open,Will the highest temperature in Hong Kong be 24°C on May 28?,event_label,outputs/v2/diagnostics/phase10_gp_market_comparison/phase10_exact_common_support_event_panel.csv
2026-05-28,event_day_open,Will the highest temperature in Hong Kong be 25°C on May 28?,event_label,outputs/v2/diagnostics/phase10_gp_market_comparison/phase10_exact_common_support_event_panel.csv
2026-05-28,event_day_open,Will the highest temperature in Hong Kong be 26°C on May 28?,event_label,outputs/v2/diagnostics/phase10_gp_market_comparison/phase10_exact_common_support_event_panel.csv
2026-05-28,event_day_open,Will the highest temperature in Hong Kong be 27°C on May 28?,event_label,outputs/v2/diagnostics/phase10_gp_market_comparison/phase10_exact_common_support_event_panel.csv
2026-05-28,event_day_open,Will the highest temperature in Hong Kong be 28°C on May 28?,event_label,outputs/v2/diagnostics/phase10_gp_market_comparison/phase10_exact_common_support_event_panel.csv
2026-05-28,event_day_open,Will the highest temperature in Hong Kong be 29°C on May 28?,event_label,outputs/v2/diagnostics/phase10_gp_market_comparison/phase10_exact_common_support_event_panel.csv
2026-05-28,event_day_open,Will the highest temperature in Hong Kong be 30°C on May 28?,event_label,outputs/v2/diagnostics/phase10_gp_market_comparison/phase10_exact_common_support_event_panel.csv
2026-05-28,event_day_open,Will the highest temperature in Hong Kong be 31°C on May 28?,event_label,outputs/v2/diagnostics/phase10_gp_market_comparison/phase10_exact_common_support_event_panel.csv
2026-05-28,event_day_open,Will the highest temperature in Hong Kong be 32°C on May 28?,event_label,outputs/v2/diagnostics/phase10_gp_market_comparison/phase10_exact_common_support_event_panel.csv
2026-05-28,event_day_open,Will the highest temperature in Hong Kong be 33°C or higher on May 28?,event_label,outputs/v2/diagnostics/phase10_gp_market_comparison/phase10_exact_common_support_event_panel.csv
2026-05-29,12h_prior,Will the highest temperature in Hong Kong be 24°C or below on May 29?,event_label,outputs/v2/diagnostics/phase10_gp_market_comparison/phase10_exact_common_support_event_panel.csv
2026-05-29,12h_prior,Will the highest temperature in Hong Kong be 25°C on May 29?,event_label,outputs/v2/diagnostics/phase10_gp_market_comparison/phase10_exact_common_support_event_panel.csv
2026-05-29,12h_prior,Will the highest temperature in Hong Kong be 26°C on May 29?,event_label,outputs/v2/diagnostics/phase10_gp_market_comparison/phase10_exact_common_support_event_panel.csv
2026-05-29,12h_prior,Will the highest temperature in Hong Kong be 27°C on May 29?,event_label,outputs/v2/diagnostics/phase10_gp_market_comparison/phase10_exact_common_support_event_panel.csv
2026-05-29,12h_prior,Will the highest temperature in Hong Kong be 28°C on May 29?,event_label,outputs/v2/diagnostics/phase10_gp_market_comparison/phase10_exact_common_support_event_panel.csv
2026-05-29,12h_prior,Will the highest temperature in Hong Kong be 29°C on May 29?,event_label,outputs/v2/diagnostics/phase10_gp_market_comparison/phase10_exact_common_support_event_panel.csv
2026-05-29,12h_prior,Will the highest temperature in Hong Kong be 30°C on May 29?,event_label,outputs/v2/diagnostics/phase10_gp_market_comparison/phase10_exact_common_support_event_panel.csv
2026-05-29,12h_prior,Will the highest temperature in Hong Kong be 31°C on May 29?,event_label,outputs/v2/diagnostics/phase10_gp_market_comparison/phase10_exact_common_support_event_panel.csv
2026-05-29,12h_prior,Will the highest temperature in Hong Kong be 32°C on May 29?,event_label,outputs/v2/diagnostics/phase10_gp_market_comparison/phase10_exact_common_support_event_panel.csv
2026-05-29,12h_prior,Will the highest temperature in Hong Kong be 33°C on May 29?,event_label,outputs/v2/diagnostics/phase10_gp_market_comparison/phase10_exact_common_support_event_panel.csv
2026-05-29,12h_prior,Will the highest temperature in Hong Kong be 34°C or higher on May 29?,event_label,outputs/v2/diagnostics/phase10_gp_market_comparison/phase10_exact_common_support_event_panel.csv
2026-05-29,24h_prior,Will the highest temperature in Hong Kong be 24°C or below on May 29?,event_label,outputs/v2/diagnostics/phase10_gp_market_comparison/phase10_exact_common_support_event_panel.csv
2026-05-29,24h_prior,Will the highest temperature in Hong Kong be 25°C on May 29?,event_label,outputs/v2/diagnostics/phase10_gp_market_comparison/phase10_exact_common_support_event_panel.csv
2026-05-29,24h_prior,Will the highest temperature in Hong Kong be 26°C on May 29?,event_label,outputs/v2/diagnostics/phase10_gp_market_comparison/phase10_exact_common_support_event_panel.csv
2026-05-29,24h_prior,Will the highest temperature in Hong Kong be 27°C on May 29?,event_label,outputs/v2/diagnostics/phase10_gp_market_comparison/phase10_exact_common_support_event_panel.csv
2026-05-29,24h_prior,Will the highest temperature in Hong Kong be 28°C on May 29?,event_label,outputs/v2/diagnostics/phase10_gp_market_comparison/phase10_exact_common_support_event_panel.csv
2026-05-29,24h_prior,Will the highest temperature in Hong Kong be 29°C on May 29?,event_label,outputs/v2/diagnostics/phase10_gp_market_comparison/phase10_exact_common_support_event_panel.csv
2026-05-29,24h_prior,Will the highest temperature in Hong Kong be 30°C on May 29?,event_label,outputs/v2/diagnostics/phase10_gp_market_comparison/phase10_exact_common_support_event_panel.csv
2026-05-29,24h_prior,Will the highest temperature in Hong Kong be 31°C on May 29?,event_label,outputs/v2/diagnostics/phase10_gp_market_comparison/phase10_exact_common_support_event_panel.csv
2026-05-29,24h_prior,Will the highest temperature in Hong Kong be 32°C on May 29?,event_label,outputs/v2/diagnostics/phase10_gp_market_comparison/phase10_exact_common_support_event_panel.csv
2026-05-29,24h_prior,Will the highest temperature in Hong Kong be 33°C on May 29?,event_label,outputs/v2/diagnostics/phase10_gp_market_comparison/phase10_exact_common_support_event_panel.csv
2026-05-29,24h_prior,Will the highest temperature in Hong Kong be 34°C or higher on May 29?,event_label,outputs/v2/diagnostics/phase10_gp_market_comparison/phase10_exact_common_support_event_panel.csv
2026-05-29,6h_prior,Will the highest temperature in Hong Kong be 24°C or below on May 29?,event_label,outputs/v2/diagnostics/phase10_gp_market_comparison/phase10_exact_common_support_event_panel.csv
2026-05-29,6h_prior,Will the highest temperature in Hong Kong be 25°C on May 29?,event_label,outputs/v2/diagnostics/phase10_gp_market_comparison/phase10_exact_common_support_event_panel.csv
2026-05-29,6h_prior,Will the highest temperature in Hong Kong be 26°C on May 29?,event_label,outputs/v2/diagnostics/phase10_gp_market_comparison/phase10_exact_common_support_event_panel.csv
2026-05-29,6h_prior,Will the highest temperature in Hong Kong be 27°C on May 29?,event_label,outputs/v2/diagnostics/phase10_gp_market_comparison/phase10_exact_common_support_event_panel.csv
2026-05-29,6h_prior,Will the highest temperature in Hong Kong be 28°C on May 29?,event_label,outputs/v2/diagnostics/phase10_gp_market_comparison/phase10_exact_common_support_event_panel.csv
2026-05-29,6h_prior,Will the highest temperature in Hong Kong be 29°C on May 29?,event_label,outputs/v2/diagnostics/phase10_gp_market_comparison/phase10_exact_common_support_event_panel.csv
2026-05-29,6h_prior,Will the highest temperature in Hong Kong be 30°C on May 29?,event_label,outputs/v2/diagnostics/phase10_gp_market_comparison/phase10_exact_common_support_event_panel.csv
2026-05-29,6h_prior,Will the highest temperature in Hong Kong be 31°C on May 29?,event_label,outputs/v2/diagnostics/phase10_gp_market_comparison/phase10_exact_common_support_event_panel.csv
2026-05-29,6h_prior,Will the highest temperature in Hong Kong be 32°C on May 29?,event_label,outputs/v2/diagnostics/phase10_gp_market_comparison/phase10_exact_common_support_event_panel.csv
2026-05-29,6h_prior,Will the highest temperature in Hong Kong be 33°C on May 29?,event_label,outputs/v2/diagnostics/phase10_gp_market_comparison/phase10_exact_common_support_event_panel.csv
2026-05-29,6h_prior,Will the highest temperature in Hong Kong be 34°C or higher on May 29?,event_label,outputs/v2/diagnostics/phase10_gp_market_comparison/phase10_exact_common_support_event_panel.csv
2026-05-29,event_day_open,Will the highest temperature in Hong Kong be 24°C or below on May 29?,event_label,outputs/v2/diagnostics/phase10_gp_market_comparison/phase10_exact_common_support_event_panel.csv
2026-05-29,event_day_open,Will the highest temperature in Hong Kong be 25°C on May 29?,event_label,outputs/v2/diagnostics/phase10_gp_market_comparison/phase10_exact_common_support_event_panel.csv
2026-05-29,event_day_open,Will the highest temperature in Hong Kong be 26°C on May 29?,event_label,outputs/v2/diagnostics/phase10_gp_market_comparison/phase10_exact_common_support_event_panel.csv
2026-05-29,event_day_open,Will the highest temperature in Hong Kong be 27°C on May 29?,event_label,outputs/v2/diagnostics/phase10_gp_market_comparison/phase10_exact_common_support_event_panel.csv
2026-05-29,event_day_open,Will the highest temperature in Hong Kong be 28°C on May 29?,event_label,outputs/v2/diagnostics/phase10_gp_market_comparison/phase10_exact_common_support_event_panel.csv
2026-05-29,event_day_open,Will the highest temperature in Hong Kong be 29°C on May 29?,event_label,outputs/v2/diagnostics/phase10_gp_market_comparison/phase10_exact_common_support_event_panel.csv
2026-05-29,event_day_open,Will the highest temperature in Hong Kong be 30°C on May 29?,event_label,outputs/v2/diagnostics/phase10_gp_market_comparison/phase10_exact_common_support_event_panel.csv
2026-05-29,event_day_open,Will the highest temperature in Hong Kong be 31°C on May 29?,event_label,outputs/v2/diagnostics/phase10_gp_market_comparison/phase10_exact_common_support_event_panel.csv
2026-05-29,event_day_open,Will the highest temperature in Hong Kong be 32°C on May 29?,event_label,outputs/v2/diagnostics/phase10_gp_market_comparison/phase10_exact_common_support_event_panel.csv
2026-05-29,event_day_open,Will the highest temperature in Hong Kong be 33°C on May 29?,event_label,outputs/v2/diagnostics/phase10_gp_market_comparison/phase10_exact_common_support_event_panel.csv
2026-05-29,event_day_open,Will the highest temperature in Hong Kong be 34°C or higher on May 29?,event_label,outputs/v2/diagnostics/phase10_gp_market_comparison/phase10_exact_common_support_event_panel.csv
2026-05-30,12h_prior,Will the highest temperature in Hong Kong be 23°C or below on May 30?,event_label,outputs/v2/diagnostics/phase10_gp_market_comparison/phase10_exact_common_support_event_panel.csv
2026-05-30,12h_prior,Will the highest temperature in Hong Kong be 24°C on May 30?,event_label,outputs/v2/diagnostics/phase10_gp_market_comparison/phase10_exact_common_support_event_panel.csv
2026-05-30,12h_prior,Will the highest temperature in Hong Kong be 25°C on May 30?,event_label,outputs/v2/diagnostics/phase10_gp_market_comparison/phase10_exact_common_support_event_panel.csv
2026-05-30,12h_prior,Will the highest temperature in Hong Kong be 26°C on May 30?,event_label,outputs/v2/diagnostics/phase10_gp_market_comparison/phase10_exact_common_support_event_panel.csv
2026-05-30,12h_prior,Will the highest temperature in Hong Kong be 27°C on May 30?,event_label,outputs/v2/diagnostics/phase10_gp_market_comparison/phase10_exact_common_support_event_panel.csv
2026-05-30,12h_prior,Will the highest temperature in Hong Kong be 28°C on May 30?,event_label,outputs/v2/diagnostics/phase10_gp_market_comparison/phase10_exact_common_support_event_panel.csv
2026-05-30,12h_prior,Will the highest temperature in Hong Kong be 29°C on May 30?,event_label,outputs/v2/diagnostics/phase10_gp_market_comparison/phase10_exact_common_support_event_panel.csv
2026-05-30,12h_prior,Will the highest temperature in Hong Kong be 30°C on May 30?,event_label,outputs/v2/diagnostics/phase10_gp_market_comparison/phase10_exact_common_support_event_panel.csv
2026-05-30,12h_prior,Will the highest temperature in Hong Kong be 31°C on May 30?,event_label,outputs/v2/diagnostics/phase10_gp_market_comparison/phase10_exact_common_support_event_panel.csv
2026-05-30,12h_prior,Will the highest temperature in Hong Kong be 32°C on May 30?,event_label,outputs/v2/diagnostics/phase10_gp_market_comparison/phase10_exact_common_support_event_panel.csv
2026-05-30,12h_prior,Will the highest temperature in Hong Kong be 33°C or higher on May 30?,event_label,outputs/v2/diagnostics/phase10_gp_market_comparison/phase10_exact_common_support_event_panel.csv
2026-05-30,24h_prior,Will the highest temperature in Hong Kong be 23°C or below on May 30?,event_label,outputs/v2/diagnostics/phase10_gp_market_comparison/phase10_exact_common_support_event_panel.csv
2026-05-30,24h_prior,Will the highest temperature in Hong Kong be 24°C on May 30?,event_label,outputs/v2/diagnostics/phase10_gp_market_comparison/phase10_exact_common_support_event_panel.csv
2026-05-30,24h_prior,Will the highest temperature in Hong Kong be 25°C on May 30?,event_label,outputs/v2/diagnostics/phase10_gp_market_comparison/phase10_exact_common_support_event_panel.csv
2026-05-30,24h_prior,Will the highest temperature in Hong Kong be 26°C on May 30?,event_label,outputs/v2/diagnostics/phase10_gp_market_comparison/phase10_exact_common_support_event_panel.csv
2026-05-30,24h_prior,Will the highest temperature in Hong Kong be 27°C on May 30?,event_label,outputs/v2/diagnostics/phase10_gp_market_comparison/phase10_exact_common_support_event_panel.csv
2026-05-30,24h_prior,Will the highest temperature in Hong Kong be 28°C on May 30?,event_label,outputs/v2/diagnostics/phase10_gp_market_comparison/phase10_exact_common_support_event_panel.csv
2026-05-30,24h_prior,Will the highest temperature in Hong Kong be 29°C on May 30?,event_label,outputs/v2/diagnostics/phase10_gp_market_comparison/phase10_exact_common_support_event_panel.csv
2026-05-30,24h_prior,Will the highest temperature in Hong Kong be 30°C on May 30?,event_label,outputs/v2/diagnostics/phase10_gp_market_comparison/phase10_exact_common_support_event_panel.csv
2026-05-30,24h_prior,Will the highest temperature in Hong Kong be 31°C on May 30?,event_label,outputs/v2/diagnostics/phase10_gp_market_comparison/phase10_exact_common_support_event_panel.csv
2026-05-30,24h_prior,Will the highest temperature in Hong Kong be 32°C on May 30?,event_label,outputs/v2/diagnostics/phase10_gp_market_comparison/phase10_exact_common_support_event_panel.csv
2026-05-30,24h_prior,Will the highest temperature in Hong Kong be 33°C or higher on May 30?,event_label,outputs/v2/diagnostics/phase10_gp_market_comparison/phase10_exact_common_support_event_panel.csv
2026-05-30,6h_prior,Will the highest temperature in Hong Kong be 23°C or below on May 30?,event_label,outputs/v2/diagnostics/phase10_gp_market_comparison/phase10_exact_common_support_event_panel.csv
2026-05-30,6h_prior,Will the highest temperature in Hong Kong be 24°C on May 30?,event_label,outputs/v2/diagnostics/phase10_gp_market_comparison/phase10_exact_common_support_event_panel.csv
2026-05-30,6h_prior,Will the highest temperature in Hong Kong be 25°C on May 30?,event_label,outputs/v2/diagnostics/phase10_gp_market_comparison/phase10_exact_common_support_event_panel.csv
2026-05-30,6h_prior,Will the highest temperature in Hong Kong be 26°C on May 30?,event_label,outputs/v2/diagnostics/phase10_gp_market_comparison/phase10_exact_common_support_event_panel.csv
2026-05-30,6h_prior,Will the highest temperature in Hong Kong be 27°C on May 30?,event_label,outputs/v2/diagnostics/phase10_gp_market_comparison/phase10_exact_common_support_event_panel.csv
2026-05-30,6h_prior,Will the highest temperature in Hong Kong be 28°C on May 30?,event_label,outputs/v2/diagnostics/phase10_gp_market_comparison/phase10_exact_common_support_event_panel.csv
2026-05-30,6h_prior,Will the highest temperature in Hong Kong be 29°C on May 30?,event_label,outputs/v2/diagnostics/phase10_gp_market_comparison/phase10_exact_common_support_event_panel.csv
2026-05-30,6h_prior,Will the highest temperature in Hong Kong be 30°C on May 30?,event_label,outputs/v2/diagnostics/phase10_gp_market_comparison/phase10_exact_common_support_event_panel.csv
2026-05-30,6h_prior,Will the highest temperature in Hong Kong be 31°C on May 30?,event_label,outputs/v2/diagnostics/phase10_gp_market_comparison/phase10_exact_common_support_event_panel.csv
2026-05-30,6h_prior,Will the highest temperature in Hong Kong be 32°C on May 30?,event_label,outputs/v2/diagnostics/phase10_gp_market_comparison/phase10_exact_common_support_event_panel.csv
2026-05-30,6h_prior,Will the highest temperature in Hong Kong be 33°C or higher on May 30?,event_label,outputs/v2/diagnostics/phase10_gp_market_comparison/phase10_exact_common_support_event_panel.csv
2026-05-30,event_day_open,Will the highest temperature in Hong Kong be 23°C or below on May 30?,event_label,outputs/v2/diagnostics/phase10_gp_market_comparison/phase10_exact_common_support_event_panel.csv
2026-05-30,event_day_open,Will the highest temperature in Hong Kong be 24°C on May 30?,event_label,outputs/v2/diagnostics/phase10_gp_market_comparison/phase10_exact_common_support_event_panel.csv
2026-05-30,event_day_open,Will the highest temperature in Hong Kong be 25°C on May 30?,event_label,outputs/v2/diagnostics/phase10_gp_market_comparison/phase10_exact_common_support_event_panel.csv
2026-05-30,event_day_open,Will the highest temperature in Hong Kong be 26°C on May 30?,event_label,outputs/v2/diagnostics/phase10_gp_market_comparison/phase10_exact_common_support_event_panel.csv
2026-05-30,event_day_open,Will the highest temperature in Hong Kong be 27°C on May 30?,event_label,outputs/v2/diagnostics/phase10_gp_market_comparison/phase10_exact_common_support_event_panel.csv
2026-05-30,event_day_open,Will the highest temperature in Hong Kong be 28°C on May 30?,event_label,outputs/v2/diagnostics/phase10_gp_market_comparison/phase10_exact_common_support_event_panel.csv
2026-05-30,event_day_open,Will the highest temperature in Hong Kong be 29°C on May 30?,event_label,outputs/v2/diagnostics/phase10_gp_market_comparison/phase10_exact_common_support_event_panel.csv
2026-05-30,event_day_open,Will the highest temperature in Hong Kong be 30°C on May 30?,event_label,outputs/v2/diagnostics/phase10_gp_market_comparison/phase10_exact_common_support_event_panel.csv
2026-05-30,event_day_open,Will the highest temperature in Hong Kong be 31°C on May 30?,event_label,outputs/v2/diagnostics/phase10_gp_market_comparison/phase10_exact_common_support_event_panel.csv
2026-05-30,event_day_open,Will the highest temperature in Hong Kong be 32°C on May 30?,event_label,outputs/v2/diagnostics/phase10_gp_market_comparison/phase10_exact_common_support_event_panel.csv
2026-05-30,event_day_open,Will the highest temperature in Hong Kong be 33°C or higher on May 30?,event_label,outputs/v2/diagnostics/phase10_gp_market_comparison/phase10_exact_common_support_event_panel.csv
2026-05-31,12h_prior,Will the highest temperature in Hong Kong be 22°C or below on May 31?,event_label,outputs/v2/diagnostics/phase10_gp_market_comparison/phase10_exact_common_support_event_panel.csv
2026-05-31,12h_prior,Will the highest temperature in Hong Kong be 23°C on May 31?,event_label,outputs/v2/diagnostics/phase10_gp_market_comparison/phase10_exact_common_support_event_panel.csv
2026-05-31,12h_prior,Will the highest temperature in Hong Kong be 24°C on May 31?,event_label,outputs/v2/diagnostics/phase10_gp_market_comparison/phase10_exact_common_support_event_panel.csv
2026-05-31,12h_prior,Will the highest temperature in Hong Kong be 25°C on May 31?,event_label,outputs/v2/diagnostics/phase10_gp_market_comparison/phase10_exact_common_support_event_panel.csv
2026-05-31,12h_prior,Will the highest temperature in Hong Kong be 26°C on May 31?,event_label,outputs/v2/diagnostics/phase10_gp_market_comparison/phase10_exact_common_support_event_panel.csv
2026-05-31,12h_prior,Will the highest temperature in Hong Kong be 27°C on May 31?,event_label,outputs/v2/diagnostics/phase10_gp_market_comparison/phase10_exact_common_support_event_panel.csv
2026-05-31,12h_prior,Will the highest temperature in Hong Kong be 28°C on May 31?,event_label,outputs/v2/diagnostics/phase10_gp_market_comparison/phase10_exact_common_support_event_panel.csv
2026-05-31,12h_prior,Will the highest temperature in Hong Kong be 29°C on May 31?,event_label,outputs/v2/diagnostics/phase10_gp_market_comparison/phase10_exact_common_support_event_panel.csv
2026-05-31,12h_prior,Will the highest temperature in Hong Kong be 30°C on May 31?,event_label,outputs/v2/diagnostics/phase10_gp_market_comparison/phase10_exact_common_support_event_panel.csv
2026-05-31,12h_prior,Will the highest temperature in Hong Kong be 31°C on May 31?,event_label,outputs/v2/diagnostics/phase10_gp_market_comparison/phase10_exact_common_support_event_panel.csv
2026-05-31,12h_prior,Will the highest temperature in Hong Kong be 32°C or higher on May 31?,event_label,outputs/v2/diagnostics/phase10_gp_market_comparison/phase10_exact_common_support_event_panel.csv
2026-05-31,24h_prior,Will the highest temperature in Hong Kong be 22°C or below on May 31?,event_label,outputs/v2/diagnostics/phase10_gp_market_comparison/phase10_exact_common_support_event_panel.csv
2026-05-31,24h_prior,Will the highest temperature in Hong Kong be 23°C on May 31?,event_label,outputs/v2/diagnostics/phase10_gp_market_comparison/phase10_exact_common_support_event_panel.csv
2026-05-31,24h_prior,Will the highest temperature in Hong Kong be 24°C on May 31?,event_label,outputs/v2/diagnostics/phase10_gp_market_comparison/phase10_exact_common_support_event_panel.csv
2026-05-31,24h_prior,Will the highest temperature in Hong Kong be 25°C on May 31?,event_label,outputs/v2/diagnostics/phase10_gp_market_comparison/phase10_exact_common_support_event_panel.csv
2026-05-31,24h_prior,Will the highest temperature in Hong Kong be 26°C on May 31?,event_label,outputs/v2/diagnostics/phase10_gp_market_comparison/phase10_exact_common_support_event_panel.csv
2026-05-31,24h_prior,Will the highest temperature in Hong Kong be 27°C on May 31?,event_label,outputs/v2/diagnostics/phase10_gp_market_comparison/phase10_exact_common_support_event_panel.csv
2026-05-31,24h_prior,Will the highest temperature in Hong Kong be 28°C on May 31?,event_label,outputs/v2/diagnostics/phase10_gp_market_comparison/phase10_exact_common_support_event_panel.csv
2026-05-31,24h_prior,Will the highest temperature in Hong Kong be 29°C on May 31?,event_label,outputs/v2/diagnostics/phase10_gp_market_comparison/phase10_exact_common_support_event_panel.csv
2026-05-31,24h_prior,Will the highest temperature in Hong Kong be 30°C on May 31?,event_label,outputs/v2/diagnostics/phase10_gp_market_comparison/phase10_exact_common_support_event_panel.csv
2026-05-31,24h_prior,Will the highest temperature in Hong Kong be 31°C on May 31?,event_label,outputs/v2/diagnostics/phase10_gp_market_comparison/phase10_exact_common_support_event_panel.csv
2026-05-31,24h_prior,Will the highest temperature in Hong Kong be 32°C or higher on May 31?,event_label,outputs/v2/diagnostics/phase10_gp_market_comparison/phase10_exact_common_support_event_panel.csv
2026-05-31,6h_prior,Will the highest temperature in Hong Kong be 22°C or below on May 31?,event_label,outputs/v2/diagnostics/phase10_gp_market_comparison/phase10_exact_common_support_event_panel.csv
2026-05-31,6h_prior,Will the highest temperature in Hong Kong be 23°C on May 31?,event_label,outputs/v2/diagnostics/phase10_gp_market_comparison/phase10_exact_common_support_event_panel.csv
2026-05-31,6h_prior,Will the highest temperature in Hong Kong be 24°C on May 31?,event_label,outputs/v2/diagnostics/phase10_gp_market_comparison/phase10_exact_common_support_event_panel.csv
2026-05-31,6h_prior,Will the highest temperature in Hong Kong be 25°C on May 31?,event_label,outputs/v2/diagnostics/phase10_gp_market_comparison/phase10_exact_common_support_event_panel.csv
2026-05-31,6h_prior,Will the highest temperature in Hong Kong be 26°C on May 31?,event_label,outputs/v2/diagnostics/phase10_gp_market_comparison/phase10_exact_common_support_event_panel.csv
2026-05-31,6h_prior,Will the highest temperature in Hong Kong be 27°C on May 31?,event_label,outputs/v2/diagnostics/phase10_gp_market_comparison/phase10_exact_common_support_event_panel.csv
2026-05-31,6h_prior,Will the highest temperature in Hong Kong be 28°C on May 31?,event_label,outputs/v2/diagnostics/phase10_gp_market_comparison/phase10_exact_common_support_event_panel.csv
2026-05-31,6h_prior,Will the highest temperature in Hong Kong be 29°C on May 31?,event_label,outputs/v2/diagnostics/phase10_gp_market_comparison/phase10_exact_common_support_event_panel.csv
2026-05-31,6h_prior,Will the highest temperature in Hong Kong be 30°C on May 31?,event_label,outputs/v2/diagnostics/phase10_gp_market_comparison/phase10_exact_common_support_event_panel.csv
2026-05-31,6h_prior,Will the highest temperature in Hong Kong be 31°C on May 31?,event_label,outputs/v2/diagnostics/phase10_gp_market_comparison/phase10_exact_common_support_event_panel.csv
2026-05-31,6h_prior,Will the highest temperature in Hong Kong be 32°C or higher on May 31?,event_label,outputs/v2/diagnostics/phase10_gp_market_comparison/phase10_exact_common_support_event_panel.csv
2026-05-31,event_day_open,Will the highest temperature in Hong Kong be 22°C or below on May 31?,event_label,outputs/v2/diagnostics/phase10_gp_market_comparison/phase10_exact_common_support_event_panel.csv
2026-05-31,event_day_open,Will the highest temperature in Hong Kong be 23°C on May 31?,event_label,outputs/v2/diagnostics/phase10_gp_market_comparison/phase10_exact_common_support_event_panel.csv
2026-05-31,event_day_open,Will the highest temperature in Hong Kong be 24°C on May 31?,event_label,outputs/v2/diagnostics/phase10_gp_market_comparison/phase10_exact_common_support_event_panel.csv
2026-05-31,event_day_open,Will the highest temperature in Hong Kong be 25°C on May 31?,event_label,outputs/v2/diagnostics/phase10_gp_market_comparison/phase10_exact_common_support_event_panel.csv
2026-05-31,event_day_open,Will the highest temperature in Hong Kong be 26°C on May 31?,event_label,outputs/v2/diagnostics/phase10_gp_market_comparison/phase10_exact_common_support_event_panel.csv
2026-05-31,event_day_open,Will the highest temperature in Hong Kong be 27°C on May 31?,event_label,outputs/v2/diagnostics/phase10_gp_market_comparison/phase10_exact_common_support_event_panel.csv
2026-05-31,event_day_open,Will the highest temperature in Hong Kong be 28°C on May 31?,event_label,outputs/v2/diagnostics/phase10_gp_market_comparison/phase10_exact_common_support_event_panel.csv
2026-05-31,event_day_open,Will the highest temperature in Hong Kong be 29°C on May 31?,event_label,outputs/v2/diagnostics/phase10_gp_market_comparison/phase10_exact_common_support_event_panel.csv
2026-05-31,event_day_open,Will the highest temperature in Hong Kong be 30°C on May 31?,event_label,outputs/v2/diagnostics/phase10_gp_market_comparison/phase10_exact_common_support_event_panel.csv
2026-05-31,event_day_open,Will the highest temperature in Hong Kong be 31°C on May 31?,event_label,outputs/v2/diagnostics/phase10_gp_market_comparison/phase10_exact_common_support_event_panel.csv
2026-05-31,event_day_open,Will the highest temperature in Hong Kong be 32°C or higher on May 31?,event_label,outputs/v2/diagnostics/phase10_gp_market_comparison/phase10_exact_common_support_event_panel.csv
2026-06-01,12h_prior,Will the highest temperature in Hong Kong be 23°C or below on June 1?,event_label,outputs/v2/diagnostics/phase10_gp_market_comparison/phase10_exact_common_support_event_panel.csv
2026-06-01,12h_prior,Will the highest temperature in Hong Kong be 24°C on June 1?,event_label,outputs/v2/diagnostics/phase10_gp_market_comparison/phase10_exact_common_support_event_panel.csv
2026-06-01,12h_prior,Will the highest temperature in Hong Kong be 25°C on June 1?,event_label,outputs/v2/diagnostics/phase10_gp_market_comparison/phase10_exact_common_support_event_panel.csv
2026-06-01,12h_prior,Will the highest temperature in Hong Kong be 26°C on June 1?,event_label,outputs/v2/diagnostics/phase10_gp_market_comparison/phase10_exact_common_support_event_panel.csv
2026-06-01,12h_prior,Will the highest temperature in Hong Kong be 27°C on June 1?,event_label,outputs/v2/diagnostics/phase10_gp_market_comparison/phase10_exact_common_support_event_panel.csv
2026-06-01,12h_prior,Will the highest temperature in Hong Kong be 28°C on June 1?,event_label,outputs/v2/diagnostics/phase10_gp_market_comparison/phase10_exact_common_support_event_panel.csv
2026-06-01,12h_prior,Will the highest temperature in Hong Kong be 29°C on June 1?,event_label,outputs/v2/diagnostics/phase10_gp_market_comparison/phase10_exact_common_support_event_panel.csv
2026-06-01,12h_prior,Will the highest temperature in Hong Kong be 30°C on June 1?,event_label,outputs/v2/diagnostics/phase10_gp_market_comparison/phase10_exact_common_support_event_panel.csv
2026-06-01,12h_prior,Will the highest temperature in Hong Kong be 31°C on June 1?,event_label,outputs/v2/diagnostics/phase10_gp_market_comparison/phase10_exact_common_support_event_panel.csv
2026-06-01,12h_prior,Will the highest temperature in Hong Kong be 32°C on June 1?,event_label,outputs/v2/diagnostics/phase10_gp_market_comparison/phase10_exact_common_support_event_panel.csv
2026-06-01,12h_prior,Will the highest temperature in Hong Kong be 33°C or higher on June 1?,event_label,outputs/v2/diagnostics/phase10_gp_market_comparison/phase10_exact_common_support_event_panel.csv
2026-06-01,24h_prior,Will the highest temperature in Hong Kong be 23°C or below on June 1?,event_label,outputs/v2/diagnostics/phase10_gp_market_comparison/phase10_exact_common_support_event_panel.csv
2026-06-01,24h_prior,Will the highest temperature in Hong Kong be 24°C on June 1?,event_label,outputs/v2/diagnostics/phase10_gp_market_comparison/phase10_exact_common_support_event_panel.csv
2026-06-01,24h_prior,Will the highest temperature in Hong Kong be 25°C on June 1?,event_label,outputs/v2/diagnostics/phase10_gp_market_comparison/phase10_exact_common_support_event_panel.csv
2026-06-01,24h_prior,Will the highest temperature in Hong Kong be 26°C on June 1?,event_label,outputs/v2/diagnostics/phase10_gp_market_comparison/phase10_exact_common_support_event_panel.csv
2026-06-01,24h_prior,Will the highest temperature in Hong Kong be 27°C on June 1?,event_label,outputs/v2/diagnostics/phase10_gp_market_comparison/phase10_exact_common_support_event_panel.csv
2026-06-01,24h_prior,Will the highest temperature in Hong Kong be 28°C on June 1?,event_label,outputs/v2/diagnostics/phase10_gp_market_comparison/phase10_exact_common_support_event_panel.csv
2026-06-01,24h_prior,Will the highest temperature in Hong Kong be 29°C on June 1?,event_label,outputs/v2/diagnostics/phase10_gp_market_comparison/phase10_exact_common_support_event_panel.csv
2026-06-01,24h_prior,Will the highest temperature in Hong Kong be 30°C on June 1?,event_label,outputs/v2/diagnostics/phase10_gp_market_comparison/phase10_exact_common_support_event_panel.csv
2026-06-01,24h_prior,Will the highest temperature in Hong Kong be 31°C on June 1?,event_label,outputs/v2/diagnostics/phase10_gp_market_comparison/phase10_exact_common_support_event_panel.csv
2026-06-01,24h_prior,Will the highest temperature in Hong Kong be 32°C on June 1?,event_label,outputs/v2/diagnostics/phase10_gp_market_comparison/phase10_exact_common_support_event_panel.csv
2026-06-01,24h_prior,Will the highest temperature in Hong Kong be 33°C or higher on June 1?,event_label,outputs/v2/diagnostics/phase10_gp_market_comparison/phase10_exact_common_support_event_panel.csv
2026-06-01,6h_prior,Will the highest temperature in Hong Kong be 23°C or below on June 1?,event_label,outputs/v2/diagnostics/phase10_gp_market_comparison/phase10_exact_common_support_event_panel.csv
2026-06-01,6h_prior,Will the highest temperature in Hong Kong be 24°C on June 1?,event_label,outputs/v2/diagnostics/phase10_gp_market_comparison/phase10_exact_common_support_event_panel.csv
2026-06-01,6h_prior,Will the highest temperature in Hong Kong be 25°C on June 1?,event_label,outputs/v2/diagnostics/phase10_gp_market_comparison/phase10_exact_common_support_event_panel.csv
2026-06-01,6h_prior,Will the highest temperature in Hong Kong be 26°C on June 1?,event_label,outputs/v2/diagnostics/phase10_gp_market_comparison/phase10_exact_common_support_event_panel.csv
2026-06-01,6h_prior,Will the highest temperature in Hong Kong be 27°C on June 1?,event_label,outputs/v2/diagnostics/phase10_gp_market_comparison/phase10_exact_common_support_event_panel.csv
2026-06-01,6h_prior,Will the highest temperature in Hong Kong be 28°C on June 1?,event_label,outputs/v2/diagnostics/phase10_gp_market_comparison/phase10_exact_common_support_event_panel.csv
2026-06-01,6h_prior,Will the highest temperature in Hong Kong be 29°C on June 1?,event_label,outputs/v2/diagnostics/phase10_gp_market_comparison/phase10_exact_common_support_event_panel.csv
2026-06-01,6h_prior,Will the highest temperature in Hong Kong be 30°C on June 1?,event_label,outputs/v2/diagnostics/phase10_gp_market_comparison/phase10_exact_common_support_event_panel.csv
2026-06-01,6h_prior,Will the highest temperature in Hong Kong be 31°C on June 1?,event_label,outputs/v2/diagnostics/phase10_gp_market_comparison/phase10_exact_common_support_event_panel.csv
2026-06-01,6h_prior,Will the highest temperature in Hong Kong be 32°C on June 1?,event_label,outputs/v2/diagnostics/phase10_gp_market_comparison/phase10_exact_common_support_event_panel.csv
2026-06-01,6h_prior,Will the highest temperature in Hong Kong be 33°C or higher on June 1?,event_label,outputs/v2/diagnostics/phase10_gp_market_comparison/phase10_exact_common_support_event_panel.csv
2026-06-01,event_day_open,Will the highest temperature in Hong Kong be 23°C or below on June 1?,event_label,outputs/v2/diagnostics/phase10_gp_market_comparison/phase10_exact_common_support_event_panel.csv
2026-06-01,event_day_open,Will the highest temperature in Hong Kong be 24°C on June 1?,event_label,outputs/v2/diagnostics/phase10_gp_market_comparison/phase10_exact_common_support_event_panel.csv
2026-06-01,event_day_open,Will the highest temperature in Hong Kong be 25°C on June 1?,event_label,outputs/v2/diagnostics/phase10_gp_market_comparison/phase10_exact_common_support_event_panel.csv
2026-06-01,event_day_open,Will the highest temperature in Hong Kong be 26°C on June 1?,event_label,outputs/v2/diagnostics/phase10_gp_market_comparison/phase10_exact_common_support_event_panel.csv
2026-06-01,event_day_open,Will the highest temperature in Hong Kong be 27°C on June 1?,event_label,outputs/v2/diagnostics/phase10_gp_market_comparison/phase10_exact_common_support_event_panel.csv
2026-06-01,event_day_open,Will the highest temperature in Hong Kong be 28°C on June 1?,event_label,outputs/v2/diagnostics/phase10_gp_market_comparison/phase10_exact_common_support_event_panel.csv
2026-06-01,event_day_open,Will the highest temperature in Hong Kong be 29°C on June 1?,event_label,outputs/v2/diagnostics/phase10_gp_market_comparison/phase10_exact_common_support_event_panel.csv
2026-06-01,event_day_open,Will the highest temperature in Hong Kong be 30°C on June 1?,event_label,outputs/v2/diagnostics/phase10_gp_market_comparison/phase10_exact_common_support_event_panel.csv
2026-06-01,event_day_open,Will the highest temperature in Hong Kong be 31°C on June 1?,event_label,outputs/v2/diagnostics/phase10_gp_market_comparison/phase10_exact_common_support_event_panel.csv
2026-06-01,event_day_open,Will the highest temperature in Hong Kong be 32°C on June 1?,event_label,outputs/v2/diagnostics/phase10_gp_market_comparison/phase10_exact_common_support_event_panel.csv
2026-06-01,event_day_open,Will the highest temperature in Hong Kong be 33°C or higher on June 1?,event_label,outputs/v2/diagnostics/phase10_gp_market_comparison/phase10_exact_common_support_event_panel.csv
2026-06-02,12h_prior,Will the highest temperature in Hong Kong be 24°C or below on June 2?,event_label,outputs/v2/diagnostics/phase10_gp_market_comparison/phase10_exact_common_support_event_panel.csv
2026-06-02,12h_prior,Will the highest temperature in Hong Kong be 25°C on June 2?,event_label,outputs/v2/diagnostics/phase10_gp_market_comparison/phase10_exact_common_support_event_panel.csv
2026-06-02,12h_prior,Will the highest temperature in Hong Kong be 26°C on June 2?,event_label,outputs/v2/diagnostics/phase10_gp_market_comparison/phase10_exact_common_support_event_panel.csv
2026-06-02,12h_prior,Will the highest temperature in Hong Kong be 27°C on June 2?,event_label,outputs/v2/diagnostics/phase10_gp_market_comparison/phase10_exact_common_support_event_panel.csv
2026-06-02,12h_prior,Will the highest temperature in Hong Kong be 28°C on June 2?,event_label,outputs/v2/diagnostics/phase10_gp_market_comparison/phase10_exact_common_support_event_panel.csv
2026-06-02,12h_prior,Will the highest temperature in Hong Kong be 29°C on June 2?,event_label,outputs/v2/diagnostics/phase10_gp_market_comparison/phase10_exact_common_support_event_panel.csv
2026-06-02,12h_prior,Will the highest temperature in Hong Kong be 30°C on June 2?,event_label,outputs/v2/diagnostics/phase10_gp_market_comparison/phase10_exact_common_support_event_panel.csv
2026-06-02,12h_prior,Will the highest temperature in Hong Kong be 31°C on June 2?,event_label,outputs/v2/diagnostics/phase10_gp_market_comparison/phase10_exact_common_support_event_panel.csv
2026-06-02,12h_prior,Will the highest temperature in Hong Kong be 32°C on June 2?,event_label,outputs/v2/diagnostics/phase10_gp_market_comparison/phase10_exact_common_support_event_panel.csv
2026-06-02,12h_prior,Will the highest temperature in Hong Kong be 33°C on June 2?,event_label,outputs/v2/diagnostics/phase10_gp_market_comparison/phase10_exact_common_support_event_panel.csv
2026-06-02,12h_prior,Will the highest temperature in Hong Kong be 34°C or higher on June 2?,event_label,outputs/v2/diagnostics/phase10_gp_market_comparison/phase10_exact_common_support_event_panel.csv
2026-06-02,24h_prior,Will the highest temperature in Hong Kong be 24°C or below on June 2?,event_label,outputs/v2/diagnostics/phase10_gp_market_comparison/phase10_exact_common_support_event_panel.csv
2026-06-02,24h_prior,Will the highest temperature in Hong Kong be 25°C on June 2?,event_label,outputs/v2/diagnostics/phase10_gp_market_comparison/phase10_exact_common_support_event_panel.csv
2026-06-02,24h_prior,Will the highest temperature in Hong Kong be 26°C on June 2?,event_label,outputs/v2/diagnostics/phase10_gp_market_comparison/phase10_exact_common_support_event_panel.csv
2026-06-02,24h_prior,Will the highest temperature in Hong Kong be 27°C on June 2?,event_label,outputs/v2/diagnostics/phase10_gp_market_comparison/phase10_exact_common_support_event_panel.csv
2026-06-02,24h_prior,Will the highest temperature in Hong Kong be 28°C on June 2?,event_label,outputs/v2/diagnostics/phase10_gp_market_comparison/phase10_exact_common_support_event_panel.csv
2026-06-02,24h_prior,Will the highest temperature in Hong Kong be 29°C on June 2?,event_label,outputs/v2/diagnostics/phase10_gp_market_comparison/phase10_exact_common_support_event_panel.csv
2026-06-02,24h_prior,Will the highest temperature in Hong Kong be 30°C on June 2?,event_label,outputs/v2/diagnostics/phase10_gp_market_comparison/phase10_exact_common_support_event_panel.csv
2026-06-02,24h_prior,Will the highest temperature in Hong Kong be 31°C on June 2?,event_label,outputs/v2/diagnostics/phase10_gp_market_comparison/phase10_exact_common_support_event_panel.csv
2026-06-02,24h_prior,Will the highest temperature in Hong Kong be 32°C on June 2?,event_label,outputs/v2/diagnostics/phase10_gp_market_comparison/phase10_exact_common_support_event_panel.csv
2026-06-02,24h_prior,Will the highest temperature in Hong Kong be 33°C on June 2?,event_label,outputs/v2/diagnostics/phase10_gp_market_comparison/phase10_exact_common_support_event_panel.csv
2026-06-02,24h_prior,Will the highest temperature in Hong Kong be 34°C or higher on June 2?,event_label,outputs/v2/diagnostics/phase10_gp_market_comparison/phase10_exact_common_support_event_panel.csv
2026-06-02,6h_prior,Will the highest temperature in Hong Kong be 24°C or below on June 2?,event_label,outputs/v2/diagnostics/phase10_gp_market_comparison/phase10_exact_common_support_event_panel.csv
2026-06-02,6h_prior,Will the highest temperature in Hong Kong be 25°C on June 2?,event_label,outputs/v2/diagnostics/phase10_gp_market_comparison/phase10_exact_common_support_event_panel.csv
2026-06-02,6h_prior,Will the highest temperature in Hong Kong be 26°C on June 2?,event_label,outputs/v2/diagnostics/phase10_gp_market_comparison/phase10_exact_common_support_event_panel.csv
2026-06-02,6h_prior,Will the highest temperature in Hong Kong be 27°C on June 2?,event_label,outputs/v2/diagnostics/phase10_gp_market_comparison/phase10_exact_common_support_event_panel.csv
2026-06-02,6h_prior,Will the highest temperature in Hong Kong be 28°C on June 2?,event_label,outputs/v2/diagnostics/phase10_gp_market_comparison/phase10_exact_common_support_event_panel.csv
2026-06-02,6h_prior,Will the highest temperature in Hong Kong be 29°C on June 2?,event_label,outputs/v2/diagnostics/phase10_gp_market_comparison/phase10_exact_common_support_event_panel.csv
2026-06-02,6h_prior,Will the highest temperature in Hong Kong be 30°C on June 2?,event_label,outputs/v2/diagnostics/phase10_gp_market_comparison/phase10_exact_common_support_event_panel.csv
2026-06-02,6h_prior,Will the highest temperature in Hong Kong be 31°C on June 2?,event_label,outputs/v2/diagnostics/phase10_gp_market_comparison/phase10_exact_common_support_event_panel.csv
2026-06-02,6h_prior,Will the highest temperature in Hong Kong be 32°C on June 2?,event_label,outputs/v2/diagnostics/phase10_gp_market_comparison/phase10_exact_common_support_event_panel.csv
2026-06-02,6h_prior,Will the highest temperature in Hong Kong be 33°C on June 2?,event_label,outputs/v2/diagnostics/phase10_gp_market_comparison/phase10_exact_common_support_event_panel.csv
2026-06-02,6h_prior,Will the highest temperature in Hong Kong be 34°C or higher on June 2?,event_label,outputs/v2/diagnostics/phase10_gp_market_comparison/phase10_exact_common_support_event_panel.csv
2026-06-02,event_day_open,Will the highest temperature in Hong Kong be 24°C or below on June 2?,event_label,outputs/v2/diagnostics/phase10_gp_market_comparison/phase10_exact_common_support_event_panel.csv
2026-06-02,event_day_open,Will the highest temperature in Hong Kong be 25°C on June 2?,event_label,outputs/v2/diagnostics/phase10_gp_market_comparison/phase10_exact_common_support_event_panel.csv
2026-06-02,event_day_open,Will the highest temperature in Hong Kong be 26°C on June 2?,event_label,outputs/v2/diagnostics/phase10_gp_market_comparison/phase10_exact_common_support_event_panel.csv
2026-06-02,event_day_open,Will the highest temperature in Hong Kong be 27°C on June 2?,event_label,outputs/v2/diagnostics/phase10_gp_market_comparison/phase10_exact_common_support_event_panel.csv
2026-06-02,event_day_open,Will the highest temperature in Hong Kong be 28°C on June 2?,event_label,outputs/v2/diagnostics/phase10_gp_market_comparison/phase10_exact_common_support_event_panel.csv
2026-06-02,event_day_open,Will the highest temperature in Hong Kong be 29°C on June 2?,event_label,outputs/v2/diagnostics/phase10_gp_market_comparison/phase10_exact_common_support_event_panel.csv
2026-06-02,event_day_open,Will the highest temperature in Hong Kong be 30°C on June 2?,event_label,outputs/v2/diagnostics/phase10_gp_market_comparison/phase10_exact_common_support_event_panel.csv
2026-06-02,event_day_open,Will the highest temperature in Hong Kong be 31°C on June 2?,event_label,outputs/v2/diagnostics/phase10_gp_market_comparison/phase10_exact_common_support_event_panel.csv
2026-06-02,event_day_open,Will the highest temperature in Hong Kong be 32°C on June 2?,event_label,outputs/v2/diagnostics/phase10_gp_market_comparison/phase10_exact_common_support_event_panel.csv
2026-06-02,event_day_open,Will the highest temperature in Hong Kong be 33°C on June 2?,event_label,outputs/v2/diagnostics/phase10_gp_market_comparison/phase10_exact_common_support_event_panel.csv
2026-06-02,event_day_open,Will the highest temperature in Hong Kong be 34°C or higher on June 2?,event_label,outputs/v2/diagnostics/phase10_gp_market_comparison/phase10_exact_common_support_event_panel.csv
2026-06-03,12h_prior,Will the highest temperature in Hong Kong be 24°C or below on June 3?,event_label,outputs/v2/diagnostics/phase10_gp_market_comparison/phase10_exact_common_support_event_panel.csv
2026-06-03,12h_prior,Will the highest temperature in Hong Kong be 25°C on June 3?,event_label,outputs/v2/diagnostics/phase10_gp_market_comparison/phase10_exact_common_support_event_panel.csv
2026-06-03,12h_prior,Will the highest temperature in Hong Kong be 26°C on June 3?,event_label,outputs/v2/diagnostics/phase10_gp_market_comparison/phase10_exact_common_support_event_panel.csv
2026-06-03,12h_prior,Will the highest temperature in Hong Kong be 27°C on June 3?,event_label,outputs/v2/diagnostics/phase10_gp_market_comparison/phase10_exact_common_support_event_panel.csv
2026-06-03,12h_prior,Will the highest temperature in Hong Kong be 28°C on June 3?,event_label,outputs/v2/diagnostics/phase10_gp_market_comparison/phase10_exact_common_support_event_panel.csv
2026-06-03,12h_prior,Will the highest temperature in Hong Kong be 29°C on June 3?,event_label,outputs/v2/diagnostics/phase10_gp_market_comparison/phase10_exact_common_support_event_panel.csv
2026-06-03,12h_prior,Will the highest temperature in Hong Kong be 30°C on June 3?,event_label,outputs/v2/diagnostics/phase10_gp_market_comparison/phase10_exact_common_support_event_panel.csv
2026-06-03,12h_prior,Will the highest temperature in Hong Kong be 31°C on June 3?,event_label,outputs/v2/diagnostics/phase10_gp_market_comparison/phase10_exact_common_support_event_panel.csv
2026-06-03,12h_prior,Will the highest temperature in Hong Kong be 32°C on June 3?,event_label,outputs/v2/diagnostics/phase10_gp_market_comparison/phase10_exact_common_support_event_panel.csv
2026-06-03,12h_prior,Will the highest temperature in Hong Kong be 33°C on June 3?,event_label,outputs/v2/diagnostics/phase10_gp_market_comparison/phase10_exact_common_support_event_panel.csv
2026-06-03,12h_prior,Will the highest temperature in Hong Kong be 34°C or higher on June 3?,event_label,outputs/v2/diagnostics/phase10_gp_market_comparison/phase10_exact_common_support_event_panel.csv
2026-06-03,24h_prior,Will the highest temperature in Hong Kong be 24°C or below on June 3?,event_label,outputs/v2/diagnostics/phase10_gp_market_comparison/phase10_exact_common_support_event_panel.csv
2026-06-03,24h_prior,Will the highest temperature in Hong Kong be 25°C on June 3?,event_label,outputs/v2/diagnostics/phase10_gp_market_comparison/phase10_exact_common_support_event_panel.csv
2026-06-03,24h_prior,Will the highest temperature in Hong Kong be 26°C on June 3?,event_label,outputs/v2/diagnostics/phase10_gp_market_comparison/phase10_exact_common_support_event_panel.csv
2026-06-03,24h_prior,Will the highest temperature in Hong Kong be 27°C on June 3?,event_label,outputs/v2/diagnostics/phase10_gp_market_comparison/phase10_exact_common_support_event_panel.csv
2026-06-03,24h_prior,Will the highest temperature in Hong Kong be 28°C on June 3?,event_label,outputs/v2/diagnostics/phase10_gp_market_comparison/phase10_exact_common_support_event_panel.csv
2026-06-03,24h_prior,Will the highest temperature in Hong Kong be 29°C on June 3?,event_label,outputs/v2/diagnostics/phase10_gp_market_comparison/phase10_exact_common_support_event_panel.csv
2026-06-03,24h_prior,Will the highest temperature in Hong Kong be 30°C on June 3?,event_label,outputs/v2/diagnostics/phase10_gp_market_comparison/phase10_exact_common_support_event_panel.csv
2026-06-03,24h_prior,Will the highest temperature in Hong Kong be 31°C on June 3?,event_label,outputs/v2/diagnostics/phase10_gp_market_comparison/phase10_exact_common_support_event_panel.csv
2026-06-03,24h_prior,Will the highest temperature in Hong Kong be 32°C on June 3?,event_label,outputs/v2/diagnostics/phase10_gp_market_comparison/phase10_exact_common_support_event_panel.csv
2026-06-03,24h_prior,Will the highest temperature in Hong Kong be 33°C on June 3?,event_label,outputs/v2/diagnostics/phase10_gp_market_comparison/phase10_exact_common_support_event_panel.csv
2026-06-03,24h_prior,Will the highest temperature in Hong Kong be 34°C or higher on June 3?,event_label,outputs/v2/diagnostics/phase10_gp_market_comparison/phase10_exact_common_support_event_panel.csv
2026-06-03,6h_prior,Will the highest temperature in Hong Kong be 24°C or below on June 3?,event_label,outputs/v2/diagnostics/phase10_gp_market_comparison/phase10_exact_common_support_event_panel.csv
2026-06-03,6h_prior,Will the highest temperature in Hong Kong be 25°C on June 3?,event_label,outputs/v2/diagnostics/phase10_gp_market_comparison/phase10_exact_common_support_event_panel.csv
2026-06-03,6h_prior,Will the highest temperature in Hong Kong be 26°C on June 3?,event_label,outputs/v2/diagnostics/phase10_gp_market_comparison/phase10_exact_common_support_event_panel.csv
2026-06-03,6h_prior,Will the highest temperature in Hong Kong be 27°C on June 3?,event_label,outputs/v2/diagnostics/phase10_gp_market_comparison/phase10_exact_common_support_event_panel.csv
2026-06-03,6h_prior,Will the highest temperature in Hong Kong be 28°C on June 3?,event_label,outputs/v2/diagnostics/phase10_gp_market_comparison/phase10_exact_common_support_event_panel.csv
2026-06-03,6h_prior,Will the highest temperature in Hong Kong be 29°C on June 3?,event_label,outputs/v2/diagnostics/phase10_gp_market_comparison/phase10_exact_common_support_event_panel.csv
2026-06-03,6h_prior,Will the highest temperature in Hong Kong be 30°C on June 3?,event_label,outputs/v2/diagnostics/phase10_gp_market_comparison/phase10_exact_common_support_event_panel.csv
2026-06-03,6h_prior,Will the highest temperature in Hong Kong be 31°C on June 3?,event_label,outputs/v2/diagnostics/phase10_gp_market_comparison/phase10_exact_common_support_event_panel.csv
2026-06-03,6h_prior,Will the highest temperature in Hong Kong be 32°C on June 3?,event_label,outputs/v2/diagnostics/phase10_gp_market_comparison/phase10_exact_common_support_event_panel.csv
2026-06-03,6h_prior,Will the highest temperature in Hong Kong be 33°C on June 3?,event_label,outputs/v2/diagnostics/phase10_gp_market_comparison/phase10_exact_common_support_event_panel.csv
2026-06-03,6h_prior,Will the highest temperature in Hong Kong be 34°C or higher on June 3?,event_label,outputs/v2/diagnostics/phase10_gp_market_comparison/phase10_exact_common_support_event_panel.csv
2026-06-03,event_day_open,Will the highest temperature in Hong Kong be 24°C or below on June 3?,event_label,outputs/v2/diagnostics/phase10_gp_market_comparison/phase10_exact_common_support_event_panel.csv
2026-06-03,event_day_open,Will the highest temperature in Hong Kong be 25°C on June 3?,event_label,outputs/v2/diagnostics/phase10_gp_market_comparison/phase10_exact_common_support_event_panel.csv
2026-06-03,event_day_open,Will the highest temperature in Hong Kong be 26°C on June 3?,event_label,outputs/v2/diagnostics/phase10_gp_market_comparison/phase10_exact_common_support_event_panel.csv
2026-06-03,event_day_open,Will the highest temperature in Hong Kong be 27°C on June 3?,event_label,outputs/v2/diagnostics/phase10_gp_market_comparison/phase10_exact_common_support_event_panel.csv
2026-06-03,event_day_open,Will the highest temperature in Hong Kong be 28°C on June 3?,event_label,outputs/v2/diagnostics/phase10_gp_market_comparison/phase10_exact_common_support_event_panel.csv
2026-06-03,event_day_open,Will the highest temperature in Hong Kong be 29°C on June 3?,event_label,outputs/v2/diagnostics/phase10_gp_market_comparison/phase10_exact_common_support_event_panel.csv
2026-06-03,event_day_open,Will the highest temperature in Hong Kong be 30°C on June 3?,event_label,outputs/v2/diagnostics/phase10_gp_market_comparison/phase10_exact_common_support_event_panel.csv
2026-06-03,event_day_open,Will the highest temperature in Hong Kong be 31°C on June 3?,event_label,outputs/v2/diagnostics/phase10_gp_market_comparison/phase10_exact_common_support_event_panel.csv
2026-06-03,event_day_open,Will the highest temperature in Hong Kong be 32°C on June 3?,event_label,outputs/v2/diagnostics/phase10_gp_market_comparison/phase10_exact_common_support_event_panel.csv
2026-06-03,event_day_open,Will the highest temperature in Hong Kong be 33°C on June 3?,event_label,outputs/v2/diagnostics/phase10_gp_market_comparison/phase10_exact_common_support_event_panel.csv
2026-06-03,event_day_open,Will the highest temperature in Hong Kong be 34°C or higher on June 3?,event_label,outputs/v2/diagnostics/phase10_gp_market_comparison/phase10_exact_common_support_event_panel.csv
2026-06-04,12h_prior,Will the highest temperature in Hong Kong be 24°C or below on June 4?,event_label,outputs/v2/diagnostics/phase10_gp_market_comparison/phase10_exact_common_support_event_panel.csv
2026-06-04,12h_prior,Will the highest temperature in Hong Kong be 25°C on June 4?,event_label,outputs/v2/diagnostics/phase10_gp_market_comparison/phase10_exact_common_support_event_panel.csv
2026-06-04,12h_prior,Will the highest temperature in Hong Kong be 26°C on June 4?,event_label,outputs/v2/diagnostics/phase10_gp_market_comparison/phase10_exact_common_support_event_panel.csv
2026-06-04,12h_prior,Will the highest temperature in Hong Kong be 27°C on June 4?,event_label,outputs/v2/diagnostics/phase10_gp_market_comparison/phase10_exact_common_support_event_panel.csv
2026-06-04,12h_prior,Will the highest temperature in Hong Kong be 28°C on June 4?,event_label,outputs/v2/diagnostics/phase10_gp_market_comparison/phase10_exact_common_support_event_panel.csv
2026-06-04,12h_prior,Will the highest temperature in Hong Kong be 29°C on June 4?,event_label,outputs/v2/diagnostics/phase10_gp_market_comparison/phase10_exact_common_support_event_panel.csv
2026-06-04,12h_prior,Will the highest temperature in Hong Kong be 30°C on June 4?,event_label,outputs/v2/diagnostics/phase10_gp_market_comparison/phase10_exact_common_support_event_panel.csv
2026-06-04,12h_prior,Will the highest temperature in Hong Kong be 31°C on June 4?,event_label,outputs/v2/diagnostics/phase10_gp_market_comparison/phase10_exact_common_support_event_panel.csv
2026-06-04,12h_prior,Will the highest temperature in Hong Kong be 32°C on June 4?,event_label,outputs/v2/diagnostics/phase10_gp_market_comparison/phase10_exact_common_support_event_panel.csv
2026-06-04,12h_prior,Will the highest temperature in Hong Kong be 33°C on June 4?,event_label,outputs/v2/diagnostics/phase10_gp_market_comparison/phase10_exact_common_support_event_panel.csv
2026-06-04,12h_prior,Will the highest temperature in Hong Kong be 34°C or higher on June 4?,event_label,outputs/v2/diagnostics/phase10_gp_market_comparison/phase10_exact_common_support_event_panel.csv
2026-06-04,24h_prior,Will the highest temperature in Hong Kong be 24°C or below on June 4?,event_label,outputs/v2/diagnostics/phase10_gp_market_comparison/phase10_exact_common_support_event_panel.csv
2026-06-04,24h_prior,Will the highest temperature in Hong Kong be 25°C on June 4?,event_label,outputs/v2/diagnostics/phase10_gp_market_comparison/phase10_exact_common_support_event_panel.csv
2026-06-04,24h_prior,Will the highest temperature in Hong Kong be 26°C on June 4?,event_label,outputs/v2/diagnostics/phase10_gp_market_comparison/phase10_exact_common_support_event_panel.csv
2026-06-04,24h_prior,Will the highest temperature in Hong Kong be 27°C on June 4?,event_label,outputs/v2/diagnostics/phase10_gp_market_comparison/phase10_exact_common_support_event_panel.csv
2026-06-04,24h_prior,Will the highest temperature in Hong Kong be 28°C on June 4?,event_label,outputs/v2/diagnostics/phase10_gp_market_comparison/phase10_exact_common_support_event_panel.csv
2026-06-04,24h_prior,Will the highest temperature in Hong Kong be 29°C on June 4?,event_label,outputs/v2/diagnostics/phase10_gp_market_comparison/phase10_exact_common_support_event_panel.csv
2026-06-04,24h_prior,Will the highest temperature in Hong Kong be 30°C on June 4?,event_label,outputs/v2/diagnostics/phase10_gp_market_comparison/phase10_exact_common_support_event_panel.csv
2026-06-04,24h_prior,Will the highest temperature in Hong Kong be 31°C on June 4?,event_label,outputs/v2/diagnostics/phase10_gp_market_comparison/phase10_exact_common_support_event_panel.csv
2026-06-04,24h_prior,Will the highest temperature in Hong Kong be 32°C on June 4?,event_label,outputs/v2/diagnostics/phase10_gp_market_comparison/phase10_exact_common_support_event_panel.csv
2026-06-04,24h_prior,Will the highest temperature in Hong Kong be 33°C on June 4?,event_label,outputs/v2/diagnostics/phase10_gp_market_comparison/phase10_exact_common_support_event_panel.csv
2026-06-04,24h_prior,Will the highest temperature in Hong Kong be 34°C or higher on June 4?,event_label,outputs/v2/diagnostics/phase10_gp_market_comparison/phase10_exact_common_support_event_panel.csv
2026-06-04,6h_prior,Will the highest temperature in Hong Kong be 24°C or below on June 4?,event_label,outputs/v2/diagnostics/phase10_gp_market_comparison/phase10_exact_common_support_event_panel.csv
2026-06-04,6h_prior,Will the highest temperature in Hong Kong be 25°C on June 4?,event_label,outputs/v2/diagnostics/phase10_gp_market_comparison/phase10_exact_common_support_event_panel.csv
2026-06-04,6h_prior,Will the highest temperature in Hong Kong be 26°C on June 4?,event_label,outputs/v2/diagnostics/phase10_gp_market_comparison/phase10_exact_common_support_event_panel.csv
2026-06-04,6h_prior,Will the highest temperature in Hong Kong be 27°C on June 4?,event_label,outputs/v2/diagnostics/phase10_gp_market_comparison/phase10_exact_common_support_event_panel.csv
2026-06-04,6h_prior,Will the highest temperature in Hong Kong be 28°C on June 4?,event_label,outputs/v2/diagnostics/phase10_gp_market_comparison/phase10_exact_common_support_event_panel.csv
2026-06-04,6h_prior,Will the highest temperature in Hong Kong be 29°C on June 4?,event_label,outputs/v2/diagnostics/phase10_gp_market_comparison/phase10_exact_common_support_event_panel.csv
2026-06-04,6h_prior,Will the highest temperature in Hong Kong be 30°C on June 4?,event_label,outputs/v2/diagnostics/phase10_gp_market_comparison/phase10_exact_common_support_event_panel.csv
2026-06-04,6h_prior,Will the highest temperature in Hong Kong be 31°C on June 4?,event_label,outputs/v2/diagnostics/phase10_gp_market_comparison/phase10_exact_common_support_event_panel.csv
2026-06-04,6h_prior,Will the highest temperature in Hong Kong be 32°C on June 4?,event_label,outputs/v2/diagnostics/phase10_gp_market_comparison/phase10_exact_common_support_event_panel.csv
2026-06-04,6h_prior,Will the highest temperature in Hong Kong be 33°C on June 4?,event_label,outputs/v2/diagnostics/phase10_gp_market_comparison/phase10_exact_common_support_event_panel.csv
2026-06-04,6h_prior,Will the highest temperature in Hong Kong be 34°C or higher on June 4?,event_label,outputs/v2/diagnostics/phase10_gp_market_comparison/phase10_exact_common_support_event_panel.csv
2026-06-04,event_day_open,Will the highest temperature in Hong Kong be 24°C or below on June 4?,event_label,outputs/v2/diagnostics/phase10_gp_market_comparison/phase10_exact_common_support_event_panel.csv
2026-06-04,event_day_open,Will the highest temperature in Hong Kong be 25°C on June 4?,event_label,outputs/v2/diagnostics/phase10_gp_market_comparison/phase10_exact_common_support_event_panel.csv
2026-06-04,event_day_open,Will the highest temperature in Hong Kong be 26°C on June 4?,event_label,outputs/v2/diagnostics/phase10_gp_market_comparison/phase10_exact_common_support_event_panel.csv
2026-06-04,event_day_open,Will the highest temperature in Hong Kong be 27°C on June 4?,event_label,outputs/v2/diagnostics/phase10_gp_market_comparison/phase10_exact_common_support_event_panel.csv
2026-06-04,event_day_open,Will the highest temperature in Hong Kong be 28°C on June 4?,event_label,outputs/v2/diagnostics/phase10_gp_market_comparison/phase10_exact_common_support_event_panel.csv
2026-06-04,event_day_open,Will the highest temperature in Hong Kong be 29°C on June 4?,event_label,outputs/v2/diagnostics/phase10_gp_market_comparison/phase10_exact_common_support_event_panel.csv
2026-06-04,event_day_open,Will the highest temperature in Hong Kong be 30°C on June 4?,event_label,outputs/v2/diagnostics/phase10_gp_market_comparison/phase10_exact_common_support_event_panel.csv
2026-06-04,event_day_open,Will the highest temperature in Hong Kong be 31°C on June 4?,event_label,outputs/v2/diagnostics/phase10_gp_market_comparison/phase10_exact_common_support_event_panel.csv
2026-06-04,event_day_open,Will the highest temperature in Hong Kong be 32°C on June 4?,event_label,outputs/v2/diagnostics/phase10_gp_market_comparison/phase10_exact_common_support_event_panel.csv
2026-06-04,event_day_open,Will the highest temperature in Hong Kong be 33°C on June 4?,event_label,outputs/v2/diagnostics/phase10_gp_market_comparison/phase10_exact_common_support_event_panel.csv
2026-06-04,event_day_open,Will the highest temperature in Hong Kong be 34°C or higher on June 4?,event_label,outputs/v2/diagnostics/phase10_gp_market_comparison/phase10_exact_common_support_event_panel.csv
2026-06-05,12h_prior,Will the highest temperature in Hong Kong be 26°C or below on June 5?,event_label,outputs/v2/diagnostics/phase10_gp_market_comparison/phase10_exact_common_support_event_panel.csv
2026-06-05,12h_prior,Will the highest temperature in Hong Kong be 27°C on June 5?,event_label,outputs/v2/diagnostics/phase10_gp_market_comparison/phase10_exact_common_support_event_panel.csv
2026-06-05,12h_prior,Will the highest temperature in Hong Kong be 28°C on June 5?,event_label,outputs/v2/diagnostics/phase10_gp_market_comparison/phase10_exact_common_support_event_panel.csv
2026-06-05,12h_prior,Will the highest temperature in Hong Kong be 29°C on June 5?,event_label,outputs/v2/diagnostics/phase10_gp_market_comparison/phase10_exact_common_support_event_panel.csv
2026-06-05,12h_prior,Will the highest temperature in Hong Kong be 30°C on June 5?,event_label,outputs/v2/diagnostics/phase10_gp_market_comparison/phase10_exact_common_support_event_panel.csv
2026-06-05,12h_prior,Will the highest temperature in Hong Kong be 31°C on June 5?,event_label,outputs/v2/diagnostics/phase10_gp_market_comparison/phase10_exact_common_support_event_panel.csv
2026-06-05,12h_prior,Will the highest temperature in Hong Kong be 32°C on June 5?,event_label,outputs/v2/diagnostics/phase10_gp_market_comparison/phase10_exact_common_support_event_panel.csv
2026-06-05,12h_prior,Will the highest temperature in Hong Kong be 33°C on June 5?,event_label,outputs/v2/diagnostics/phase10_gp_market_comparison/phase10_exact_common_support_event_panel.csv
2026-06-05,12h_prior,Will the highest temperature in Hong Kong be 34°C on June 5?,event_label,outputs/v2/diagnostics/phase10_gp_market_comparison/phase10_exact_common_support_event_panel.csv
2026-06-05,12h_prior,Will the highest temperature in Hong Kong be 35°C on June 5?,event_label,outputs/v2/diagnostics/phase10_gp_market_comparison/phase10_exact_common_support_event_panel.csv
2026-06-05,12h_prior,Will the highest temperature in Hong Kong be 36°C or higher on June 5?,event_label,outputs/v2/diagnostics/phase10_gp_market_comparison/phase10_exact_common_support_event_panel.csv
2026-06-05,24h_prior,Will the highest temperature in Hong Kong be 26°C or below on June 5?,event_label,outputs/v2/diagnostics/phase10_gp_market_comparison/phase10_exact_common_support_event_panel.csv
2026-06-05,24h_prior,Will the highest temperature in Hong Kong be 27°C on June 5?,event_label,outputs/v2/diagnostics/phase10_gp_market_comparison/phase10_exact_common_support_event_panel.csv
2026-06-05,24h_prior,Will the highest temperature in Hong Kong be 28°C on June 5?,event_label,outputs/v2/diagnostics/phase10_gp_market_comparison/phase10_exact_common_support_event_panel.csv
2026-06-05,24h_prior,Will the highest temperature in Hong Kong be 29°C on June 5?,event_label,outputs/v2/diagnostics/phase10_gp_market_comparison/phase10_exact_common_support_event_panel.csv
2026-06-05,24h_prior,Will the highest temperature in Hong Kong be 30°C on June 5?,event_label,outputs/v2/diagnostics/phase10_gp_market_comparison/phase10_exact_common_support_event_panel.csv
2026-06-05,24h_prior,Will the highest temperature in Hong Kong be 31°C on June 5?,event_label,outputs/v2/diagnostics/phase10_gp_market_comparison/phase10_exact_common_support_event_panel.csv
2026-06-05,24h_prior,Will the highest temperature in Hong Kong be 32°C on June 5?,event_label,outputs/v2/diagnostics/phase10_gp_market_comparison/phase10_exact_common_support_event_panel.csv
2026-06-05,24h_prior,Will the highest temperature in Hong Kong be 33°C on June 5?,event_label,outputs/v2/diagnostics/phase10_gp_market_comparison/phase10_exact_common_support_event_panel.csv
2026-06-05,24h_prior,Will the highest temperature in Hong Kong be 34°C on June 5?,event_label,outputs/v2/diagnostics/phase10_gp_market_comparison/phase10_exact_common_support_event_panel.csv
2026-06-05,24h_prior,Will the highest temperature in Hong Kong be 35°C on June 5?,event_label,outputs/v2/diagnostics/phase10_gp_market_comparison/phase10_exact_common_support_event_panel.csv
2026-06-05,24h_prior,Will the highest temperature in Hong Kong be 36°C or higher on June 5?,event_label,outputs/v2/diagnostics/phase10_gp_market_comparison/phase10_exact_common_support_event_panel.csv
2026-06-05,6h_prior,Will the highest temperature in Hong Kong be 26°C or below on June 5?,event_label,outputs/v2/diagnostics/phase10_gp_market_comparison/phase10_exact_common_support_event_panel.csv
2026-06-05,6h_prior,Will the highest temperature in Hong Kong be 27°C on June 5?,event_label,outputs/v2/diagnostics/phase10_gp_market_comparison/phase10_exact_common_support_event_panel.csv
2026-06-05,6h_prior,Will the highest temperature in Hong Kong be 28°C on June 5?,event_label,outputs/v2/diagnostics/phase10_gp_market_comparison/phase10_exact_common_support_event_panel.csv
2026-06-05,6h_prior,Will the highest temperature in Hong Kong be 29°C on June 5?,event_label,outputs/v2/diagnostics/phase10_gp_market_comparison/phase10_exact_common_support_event_panel.csv
2026-06-05,6h_prior,Will the highest temperature in Hong Kong be 30°C on June 5?,event_label,outputs/v2/diagnostics/phase10_gp_market_comparison/phase10_exact_common_support_event_panel.csv
2026-06-05,6h_prior,Will the highest temperature in Hong Kong be 31°C on June 5?,event_label,outputs/v2/diagnostics/phase10_gp_market_comparison/phase10_exact_common_support_event_panel.csv
2026-06-05,6h_prior,Will the highest temperature in Hong Kong be 32°C on June 5?,event_label,outputs/v2/diagnostics/phase10_gp_market_comparison/phase10_exact_common_support_event_panel.csv
2026-06-05,6h_prior,Will the highest temperature in Hong Kong be 33°C on June 5?,event_label,outputs/v2/diagnostics/phase10_gp_market_comparison/phase10_exact_common_support_event_panel.csv
2026-06-05,6h_prior,Will the highest temperature in Hong Kong be 34°C on June 5?,event_label,outputs/v2/diagnostics/phase10_gp_market_comparison/phase10_exact_common_support_event_panel.csv
2026-06-05,6h_prior,Will the highest temperature in Hong Kong be 35°C on June 5?,event_label,outputs/v2/diagnostics/phase10_gp_market_comparison/phase10_exact_common_support_event_panel.csv
2026-06-05,6h_prior,Will the highest temperature in Hong Kong be 36°C or higher on June 5?,event_label,outputs/v2/diagnostics/phase10_gp_market_comparison/phase10_exact_common_support_event_panel.csv
2026-06-05,event_day_open,Will the highest temperature in Hong Kong be 26°C or below on June 5?,event_label,outputs/v2/diagnostics/phase10_gp_market_comparison/phase10_exact_common_support_event_panel.csv
2026-06-05,event_day_open,Will the highest temperature in Hong Kong be 27°C on June 5?,event_label,outputs/v2/diagnostics/phase10_gp_market_comparison/phase10_exact_common_support_event_panel.csv
2026-06-05,event_day_open,Will the highest temperature in Hong Kong be 28°C on June 5?,event_label,outputs/v2/diagnostics/phase10_gp_market_comparison/phase10_exact_common_support_event_panel.csv
2026-06-05,event_day_open,Will the highest temperature in Hong Kong be 29°C on June 5?,event_label,outputs/v2/diagnostics/phase10_gp_market_comparison/phase10_exact_common_support_event_panel.csv
2026-06-05,event_day_open,Will the highest temperature in Hong Kong be 30°C on June 5?,event_label,outputs/v2/diagnostics/phase10_gp_market_comparison/phase10_exact_common_support_event_panel.csv
2026-06-05,event_day_open,Will the highest temperature in Hong Kong be 31°C on June 5?,event_label,outputs/v2/diagnostics/phase10_gp_market_comparison/phase10_exact_common_support_event_panel.csv
2026-06-05,event_day_open,Will the highest temperature in Hong Kong be 32°C on June 5?,event_label,outputs/v2/diagnostics/phase10_gp_market_comparison/phase10_exact_common_support_event_panel.csv
2026-06-05,event_day_open,Will the highest temperature in Hong Kong be 33°C on June 5?,event_label,outputs/v2/diagnostics/phase10_gp_market_comparison/phase10_exact_common_support_event_panel.csv
2026-06-05,event_day_open,Will the highest temperature in Hong Kong be 34°C on June 5?,event_label,outputs/v2/diagnostics/phase10_gp_market_comparison/phase10_exact_common_support_event_panel.csv
2026-06-05,event_day_open,Will the highest temperature in Hong Kong be 35°C on June 5?,event_label,outputs/v2/diagnostics/phase10_gp_market_comparison/phase10_exact_common_support_event_panel.csv
2026-06-05,event_day_open,Will the highest temperature in Hong Kong be 36°C or higher on June 5?,event_label,outputs/v2/diagnostics/phase10_gp_market_comparison/phase10_exact_common_support_event_panel.csv
2026-06-06,6h_prior,Will the highest temperature in Hong Kong be 28°C or below on June 6?,event_label,outputs/v2/diagnostics/phase10_gp_market_comparison/phase10_exact_common_support_event_panel.csv
2026-06-06,6h_prior,Will the highest temperature in Hong Kong be 29°C on June 6?,event_label,outputs/v2/diagnostics/phase10_gp_market_comparison/phase10_exact_common_support_event_panel.csv
2026-06-06,6h_prior,Will the highest temperature in Hong Kong be 30°C on June 6?,event_label,outputs/v2/diagnostics/phase10_gp_market_comparison/phase10_exact_common_support_event_panel.csv
2026-06-06,6h_prior,Will the highest temperature in Hong Kong be 31°C on June 6?,event_label,outputs/v2/diagnostics/phase10_gp_market_comparison/phase10_exact_common_support_event_panel.csv
2026-06-06,6h_prior,Will the highest temperature in Hong Kong be 32°C on June 6?,event_label,outputs/v2/diagnostics/phase10_gp_market_comparison/phase10_exact_common_support_event_panel.csv
2026-06-06,6h_prior,Will the highest temperature in Hong Kong be 33°C on June 6?,event_label,outputs/v2/diagnostics/phase10_gp_market_comparison/phase10_exact_common_support_event_panel.csv
2026-06-06,6h_prior,Will the highest temperature in Hong Kong be 34°C on June 6?,event_label,outputs/v2/diagnostics/phase10_gp_market_comparison/phase10_exact_common_support_event_panel.csv
2026-06-06,6h_prior,Will the highest temperature in Hong Kong be 35°C on June 6?,event_label,outputs/v2/diagnostics/phase10_gp_market_comparison/phase10_exact_common_support_event_panel.csv
2026-06-06,6h_prior,Will the highest temperature in Hong Kong be 36°C on June 6?,event_label,outputs/v2/diagnostics/phase10_gp_market_comparison/phase10_exact_common_support_event_panel.csv
2026-06-06,6h_prior,Will the highest temperature in Hong Kong be 37°C on June 6?,event_label,outputs/v2/diagnostics/phase10_gp_market_comparison/phase10_exact_common_support_event_panel.csv
2026-06-06,6h_prior,Will the highest temperature in Hong Kong be 38°C or higher on June 6?,event_label,outputs/v2/diagnostics/phase10_gp_market_comparison/phase10_exact_common_support_event_panel.csv
2026-06-06,event_day_open,Will the highest temperature in Hong Kong be 28°C or below on June 6?,event_label,outputs/v2/diagnostics/phase10_gp_market_comparison/phase10_exact_common_support_event_panel.csv
2026-06-06,event_day_open,Will the highest temperature in Hong Kong be 29°C on June 6?,event_label,outputs/v2/diagnostics/phase10_gp_market_comparison/phase10_exact_common_support_event_panel.csv
2026-06-06,event_day_open,Will the highest temperature in Hong Kong be 30°C on June 6?,event_label,outputs/v2/diagnostics/phase10_gp_market_comparison/phase10_exact_common_support_event_panel.csv
2026-06-06,event_day_open,Will the highest temperature in Hong Kong be 31°C on June 6?,event_label,outputs/v2/diagnostics/phase10_gp_market_comparison/phase10_exact_common_support_event_panel.csv
2026-06-06,event_day_open,Will the highest temperature in Hong Kong be 32°C on June 6?,event_label,outputs/v2/diagnostics/phase10_gp_market_comparison/phase10_exact_common_support_event_panel.csv
2026-06-06,event_day_open,Will the highest temperature in Hong Kong be 33°C on June 6?,event_label,outputs/v2/diagnostics/phase10_gp_market_comparison/phase10_exact_common_support_event_panel.csv
2026-06-06,event_day_open,Will the highest temperature in Hong Kong be 34°C on June 6?,event_label,outputs/v2/diagnostics/phase10_gp_market_comparison/phase10_exact_common_support_event_panel.csv
2026-06-06,event_day_open,Will the highest temperature in Hong Kong be 35°C on June 6?,event_label,outputs/v2/diagnostics/phase10_gp_market_comparison/phase10_exact_common_support_event_panel.csv
2026-06-06,event_day_open,Will the highest temperature in Hong Kong be 36°C on June 6?,event_label,outputs/v2/diagnostics/phase10_gp_market_comparison/phase10_exact_common_support_event_panel.csv
2026-06-06,event_day_open,Will the highest temperature in Hong Kong be 37°C on June 6?,event_label,outputs/v2/diagnostics/phase10_gp_market_comparison/phase10_exact_common_support_event_panel.csv
2026-06-06,event_day_open,Will the highest temperature in Hong Kong be 38°C or higher on June 6?,event_label,outputs/v2/diagnostics/phase10_gp_market_comparison/phase10_exact_common_support_event_panel.csv
2026-06-07,6h_prior,Will the highest temperature in Hong Kong be 24°C or below on June 7?,event_label,outputs/v2/diagnostics/phase10_gp_market_comparison/phase10_exact_common_support_event_panel.csv
2026-06-07,6h_prior,Will the highest temperature in Hong Kong be 25°C on June 7?,event_label,outputs/v2/diagnostics/phase10_gp_market_comparison/phase10_exact_common_support_event_panel.csv
2026-06-07,6h_prior,Will the highest temperature in Hong Kong be 26°C on June 7?,event_label,outputs/v2/diagnostics/phase10_gp_market_comparison/phase10_exact_common_support_event_panel.csv
2026-06-07,6h_prior,Will the highest temperature in Hong Kong be 27°C on June 7?,event_label,outputs/v2/diagnostics/phase10_gp_market_comparison/phase10_exact_common_support_event_panel.csv
2026-06-07,6h_prior,Will the highest temperature in Hong Kong be 28°C on June 7?,event_label,outputs/v2/diagnostics/phase10_gp_market_comparison/phase10_exact_common_support_event_panel.csv
2026-06-07,6h_prior,Will the highest temperature in Hong Kong be 29°C on June 7?,event_label,outputs/v2/diagnostics/phase10_gp_market_comparison/phase10_exact_common_support_event_panel.csv
2026-06-07,6h_prior,Will the highest temperature in Hong Kong be 30°C on June 7?,event_label,outputs/v2/diagnostics/phase10_gp_market_comparison/phase10_exact_common_support_event_panel.csv
2026-06-07,6h_prior,Will the highest temperature in Hong Kong be 31°C on June 7?,event_label,outputs/v2/diagnostics/phase10_gp_market_comparison/phase10_exact_common_support_event_panel.csv
2026-06-07,6h_prior,Will the highest temperature in Hong Kong be 32°C on June 7?,event_label,outputs/v2/diagnostics/phase10_gp_market_comparison/phase10_exact_common_support_event_panel.csv
2026-06-07,6h_prior,Will the highest temperature in Hong Kong be 33°C on June 7?,event_label,outputs/v2/diagnostics/phase10_gp_market_comparison/phase10_exact_common_support_event_panel.csv
2026-06-07,6h_prior,Will the highest temperature in Hong Kong be 34°C or higher on June 7?,event_label,outputs/v2/diagnostics/phase10_gp_market_comparison/phase10_exact_common_support_event_panel.csv
2026-06-07,event_day_open,Will the highest temperature in Hong Kong be 24°C or below on June 7?,event_label,outputs/v2/diagnostics/phase10_gp_market_comparison/phase10_exact_common_support_event_panel.csv
2026-06-07,event_day_open,Will the highest temperature in Hong Kong be 25°C on June 7?,event_label,outputs/v2/diagnostics/phase10_gp_market_comparison/phase10_exact_common_support_event_panel.csv
2026-06-07,event_day_open,Will the highest temperature in Hong Kong be 26°C on June 7?,event_label,outputs/v2/diagnostics/phase10_gp_market_comparison/phase10_exact_common_support_event_panel.csv
2026-06-07,event_day_open,Will the highest temperature in Hong Kong be 27°C on June 7?,event_label,outputs/v2/diagnostics/phase10_gp_market_comparison/phase10_exact_common_support_event_panel.csv
2026-06-07,event_day_open,Will the highest temperature in Hong Kong be 28°C on June 7?,event_label,outputs/v2/diagnostics/phase10_gp_market_comparison/phase10_exact_common_support_event_panel.csv
2026-06-07,event_day_open,Will the highest temperature in Hong Kong be 29°C on June 7?,event_label,outputs/v2/diagnostics/phase10_gp_market_comparison/phase10_exact_common_support_event_panel.csv
2026-06-07,event_day_open,Will the highest temperature in Hong Kong be 30°C on June 7?,event_label,outputs/v2/diagnostics/phase10_gp_market_comparison/phase10_exact_common_support_event_panel.csv
2026-06-07,event_day_open,Will the highest temperature in Hong Kong be 31°C on June 7?,event_label,outputs/v2/diagnostics/phase10_gp_market_comparison/phase10_exact_common_support_event_panel.csv
2026-06-07,event_day_open,Will the highest temperature in Hong Kong be 32°C on June 7?,event_label,outputs/v2/diagnostics/phase10_gp_market_comparison/phase10_exact_common_support_event_panel.csv
2026-06-07,event_day_open,Will the highest temperature in Hong Kong be 33°C on June 7?,event_label,outputs/v2/diagnostics/phase10_gp_market_comparison/phase10_exact_common_support_event_panel.csv
2026-06-07,event_day_open,Will the highest temperature in Hong Kong be 34°C or higher on June 7?,event_label,outputs/v2/diagnostics/phase10_gp_market_comparison/phase10_exact_common_support_event_panel.csv
2026-06-08,12h_prior,Will the highest temperature in Hong Kong be 24°C or below on June 8?,event_label,outputs/v2/diagnostics/phase10_gp_market_comparison/phase10_exact_common_support_event_panel.csv
2026-06-08,12h_prior,Will the highest temperature in Hong Kong be 25°C on June 8?,event_label,outputs/v2/diagnostics/phase10_gp_market_comparison/phase10_exact_common_support_event_panel.csv
2026-06-08,12h_prior,Will the highest temperature in Hong Kong be 26°C on June 8?,event_label,outputs/v2/diagnostics/phase10_gp_market_comparison/phase10_exact_common_support_event_panel.csv
2026-06-08,12h_prior,Will the highest temperature in Hong Kong be 27°C on June 8?,event_label,outputs/v2/diagnostics/phase10_gp_market_comparison/phase10_exact_common_support_event_panel.csv
2026-06-08,12h_prior,Will the highest temperature in Hong Kong be 28°C on June 8?,event_label,outputs/v2/diagnostics/phase10_gp_market_comparison/phase10_exact_common_support_event_panel.csv
2026-06-08,12h_prior,Will the highest temperature in Hong Kong be 29°C on June 8?,event_label,outputs/v2/diagnostics/phase10_gp_market_comparison/phase10_exact_common_support_event_panel.csv
2026-06-08,12h_prior,Will the highest temperature in Hong Kong be 30°C on June 8?,event_label,outputs/v2/diagnostics/phase10_gp_market_comparison/phase10_exact_common_support_event_panel.csv
2026-06-08,12h_prior,Will the highest temperature in Hong Kong be 31°C on June 8?,event_label,outputs/v2/diagnostics/phase10_gp_market_comparison/phase10_exact_common_support_event_panel.csv
2026-06-08,12h_prior,Will the highest temperature in Hong Kong be 32°C on June 8?,event_label,outputs/v2/diagnostics/phase10_gp_market_comparison/phase10_exact_common_support_event_panel.csv
2026-06-08,12h_prior,Will the highest temperature in Hong Kong be 33°C on June 8?,event_label,outputs/v2/diagnostics/phase10_gp_market_comparison/phase10_exact_common_support_event_panel.csv
2026-06-08,12h_prior,Will the highest temperature in Hong Kong be 34°C or higher on June 8?,event_label,outputs/v2/diagnostics/phase10_gp_market_comparison/phase10_exact_common_support_event_panel.csv
2026-06-08,6h_prior,Will the highest temperature in Hong Kong be 24°C or below on June 8?,event_label,outputs/v2/diagnostics/phase10_gp_market_comparison/phase10_exact_common_support_event_panel.csv
2026-06-08,6h_prior,Will the highest temperature in Hong Kong be 25°C on June 8?,event_label,outputs/v2/diagnostics/phase10_gp_market_comparison/phase10_exact_common_support_event_panel.csv
2026-06-08,6h_prior,Will the highest temperature in Hong Kong be 26°C on June 8?,event_label,outputs/v2/diagnostics/phase10_gp_market_comparison/phase10_exact_common_support_event_panel.csv
2026-06-08,6h_prior,Will the highest temperature in Hong Kong be 27°C on June 8?,event_label,outputs/v2/diagnostics/phase10_gp_market_comparison/phase10_exact_common_support_event_panel.csv
2026-06-08,6h_prior,Will the highest temperature in Hong Kong be 28°C on June 8?,event_label,outputs/v2/diagnostics/phase10_gp_market_comparison/phase10_exact_common_support_event_panel.csv
2026-06-08,6h_prior,Will the highest temperature in Hong Kong be 29°C on June 8?,event_label,outputs/v2/diagnostics/phase10_gp_market_comparison/phase10_exact_common_support_event_panel.csv
2026-06-08,6h_prior,Will the highest temperature in Hong Kong be 30°C on June 8?,event_label,outputs/v2/diagnostics/phase10_gp_market_comparison/phase10_exact_common_support_event_panel.csv
2026-06-08,6h_prior,Will the highest temperature in Hong Kong be 31°C on June 8?,event_label,outputs/v2/diagnostics/phase10_gp_market_comparison/phase10_exact_common_support_event_panel.csv
2026-06-08,6h_prior,Will the highest temperature in Hong Kong be 32°C on June 8?,event_label,outputs/v2/diagnostics/phase10_gp_market_comparison/phase10_exact_common_support_event_panel.csv
2026-06-08,6h_prior,Will the highest temperature in Hong Kong be 33°C on June 8?,event_label,outputs/v2/diagnostics/phase10_gp_market_comparison/phase10_exact_common_support_event_panel.csv
2026-06-08,6h_prior,Will the highest temperature in Hong Kong be 34°C or higher on June 8?,event_label,outputs/v2/diagnostics/phase10_gp_market_comparison/phase10_exact_common_support_event_panel.csv
2026-06-08,event_day_open,Will the highest temperature in Hong Kong be 24°C or below on June 8?,event_label,outputs/v2/diagnostics/phase10_gp_market_comparison/phase10_exact_common_support_event_panel.csv
2026-06-08,event_day_open,Will the highest temperature in Hong Kong be 25°C on June 8?,event_label,outputs/v2/diagnostics/phase10_gp_market_comparison/phase10_exact_common_support_event_panel.csv
2026-06-08,event_day_open,Will the highest temperature in Hong Kong be 26°C on June 8?,event_label,outputs/v2/diagnostics/phase10_gp_market_comparison/phase10_exact_common_support_event_panel.csv
2026-06-08,event_day_open,Will the highest temperature in Hong Kong be 27°C on June 8?,event_label,outputs/v2/diagnostics/phase10_gp_market_comparison/phase10_exact_common_support_event_panel.csv
2026-06-08,event_day_open,Will the highest temperature in Hong Kong be 28°C on June 8?,event_label,outputs/v2/diagnostics/phase10_gp_market_comparison/phase10_exact_common_support_event_panel.csv
2026-06-08,event_day_open,Will the highest temperature in Hong Kong be 29°C on June 8?,event_label,outputs/v2/diagnostics/phase10_gp_market_comparison/phase10_exact_common_support_event_panel.csv
2026-06-08,event_day_open,Will the highest temperature in Hong Kong be 30°C on June 8?,event_label,outputs/v2/diagnostics/phase10_gp_market_comparison/phase10_exact_common_support_event_panel.csv
2026-06-08,event_day_open,Will the highest temperature in Hong Kong be 31°C on June 8?,event_label,outputs/v2/diagnostics/phase10_gp_market_comparison/phase10_exact_common_support_event_panel.csv
2026-06-08,event_day_open,Will the highest temperature in Hong Kong be 32°C on June 8?,event_label,outputs/v2/diagnostics/phase10_gp_market_comparison/phase10_exact_common_support_event_panel.csv
2026-06-08,event_day_open,Will the highest temperature in Hong Kong be 33°C on June 8?,event_label,outputs/v2/diagnostics/phase10_gp_market_comparison/phase10_exact_common_support_event_panel.csv
2026-06-08,event_day_open,Will the highest temperature in Hong Kong be 34°C or higher on June 8?,event_label,outputs/v2/diagnostics/phase10_gp_market_comparison/phase10_exact_common_support_event_panel.csv
2026-06-09,12h_prior,Will the highest temperature in Hong Kong be 23°C or below on June 9?,event_label,outputs/v2/diagnostics/phase10_gp_market_comparison/phase10_exact_common_support_event_panel.csv
2026-06-09,12h_prior,Will the highest temperature in Hong Kong be 24°C on June 9?,event_label,outputs/v2/diagnostics/phase10_gp_market_comparison/phase10_exact_common_support_event_panel.csv
2026-06-09,12h_prior,Will the highest temperature in Hong Kong be 25°C on June 9?,event_label,outputs/v2/diagnostics/phase10_gp_market_comparison/phase10_exact_common_support_event_panel.csv
2026-06-09,12h_prior,Will the highest temperature in Hong Kong be 26°C on June 9?,event_label,outputs/v2/diagnostics/phase10_gp_market_comparison/phase10_exact_common_support_event_panel.csv
2026-06-09,12h_prior,Will the highest temperature in Hong Kong be 27°C on June 9?,event_label,outputs/v2/diagnostics/phase10_gp_market_comparison/phase10_exact_common_support_event_panel.csv
2026-06-09,12h_prior,Will the highest temperature in Hong Kong be 28°C on June 9?,event_label,outputs/v2/diagnostics/phase10_gp_market_comparison/phase10_exact_common_support_event_panel.csv
2026-06-09,12h_prior,Will the highest temperature in Hong Kong be 29°C on June 9?,event_label,outputs/v2/diagnostics/phase10_gp_market_comparison/phase10_exact_common_support_event_panel.csv
2026-06-09,12h_prior,Will the highest temperature in Hong Kong be 30°C on June 9?,event_label,outputs/v2/diagnostics/phase10_gp_market_comparison/phase10_exact_common_support_event_panel.csv
2026-06-09,12h_prior,Will the highest temperature in Hong Kong be 31°C on June 9?,event_label,outputs/v2/diagnostics/phase10_gp_market_comparison/phase10_exact_common_support_event_panel.csv
2026-06-09,12h_prior,Will the highest temperature in Hong Kong be 32°C on June 9?,event_label,outputs/v2/diagnostics/phase10_gp_market_comparison/phase10_exact_common_support_event_panel.csv
2026-06-09,12h_prior,Will the highest temperature in Hong Kong be 33°C or higher on June 9?,event_label,outputs/v2/diagnostics/phase10_gp_market_comparison/phase10_exact_common_support_event_panel.csv
2026-06-09,24h_prior,Will the highest temperature in Hong Kong be 23°C or below on June 9?,event_label,outputs/v2/diagnostics/phase10_gp_market_comparison/phase10_exact_common_support_event_panel.csv
2026-06-09,24h_prior,Will the highest temperature in Hong Kong be 24°C on June 9?,event_label,outputs/v2/diagnostics/phase10_gp_market_comparison/phase10_exact_common_support_event_panel.csv
2026-06-09,24h_prior,Will the highest temperature in Hong Kong be 25°C on June 9?,event_label,outputs/v2/diagnostics/phase10_gp_market_comparison/phase10_exact_common_support_event_panel.csv
2026-06-09,24h_prior,Will the highest temperature in Hong Kong be 26°C on June 9?,event_label,outputs/v2/diagnostics/phase10_gp_market_comparison/phase10_exact_common_support_event_panel.csv
2026-06-09,24h_prior,Will the highest temperature in Hong Kong be 27°C on June 9?,event_label,outputs/v2/diagnostics/phase10_gp_market_comparison/phase10_exact_common_support_event_panel.csv
2026-06-09,24h_prior,Will the highest temperature in Hong Kong be 28°C on June 9?,event_label,outputs/v2/diagnostics/phase10_gp_market_comparison/phase10_exact_common_support_event_panel.csv
2026-06-09,24h_prior,Will the highest temperature in Hong Kong be 29°C on June 9?,event_label,outputs/v2/diagnostics/phase10_gp_market_comparison/phase10_exact_common_support_event_panel.csv
2026-06-09,24h_prior,Will the highest temperature in Hong Kong be 30°C on June 9?,event_label,outputs/v2/diagnostics/phase10_gp_market_comparison/phase10_exact_common_support_event_panel.csv
2026-06-09,24h_prior,Will the highest temperature in Hong Kong be 31°C on June 9?,event_label,outputs/v2/diagnostics/phase10_gp_market_comparison/phase10_exact_common_support_event_panel.csv
2026-06-09,24h_prior,Will the highest temperature in Hong Kong be 32°C on June 9?,event_label,outputs/v2/diagnostics/phase10_gp_market_comparison/phase10_exact_common_support_event_panel.csv
2026-06-09,24h_prior,Will the highest temperature in Hong Kong be 33°C or higher on June 9?,event_label,outputs/v2/diagnostics/phase10_gp_market_comparison/phase10_exact_common_support_event_panel.csv
2026-06-09,6h_prior,Will the highest temperature in Hong Kong be 23°C or below on June 9?,event_label,outputs/v2/diagnostics/phase10_gp_market_comparison/phase10_exact_common_support_event_panel.csv
2026-06-09,6h_prior,Will the highest temperature in Hong Kong be 24°C on June 9?,event_label,outputs/v2/diagnostics/phase10_gp_market_comparison/phase10_exact_common_support_event_panel.csv
2026-06-09,6h_prior,Will the highest temperature in Hong Kong be 25°C on June 9?,event_label,outputs/v2/diagnostics/phase10_gp_market_comparison/phase10_exact_common_support_event_panel.csv
2026-06-09,6h_prior,Will the highest temperature in Hong Kong be 26°C on June 9?,event_label,outputs/v2/diagnostics/phase10_gp_market_comparison/phase10_exact_common_support_event_panel.csv
2026-06-09,6h_prior,Will the highest temperature in Hong Kong be 27°C on June 9?,event_label,outputs/v2/diagnostics/phase10_gp_market_comparison/phase10_exact_common_support_event_panel.csv
2026-06-09,6h_prior,Will the highest temperature in Hong Kong be 28°C on June 9?,event_label,outputs/v2/diagnostics/phase10_gp_market_comparison/phase10_exact_common_support_event_panel.csv
2026-06-09,6h_prior,Will the highest temperature in Hong Kong be 29°C on June 9?,event_label,outputs/v2/diagnostics/phase10_gp_market_comparison/phase10_exact_common_support_event_panel.csv
2026-06-09,6h_prior,Will the highest temperature in Hong Kong be 30°C on June 9?,event_label,outputs/v2/diagnostics/phase10_gp_market_comparison/phase10_exact_common_support_event_panel.csv
2026-06-09,6h_prior,Will the highest temperature in Hong Kong be 31°C on June 9?,event_label,outputs/v2/diagnostics/phase10_gp_market_comparison/phase10_exact_common_support_event_panel.csv
2026-06-09,6h_prior,Will the highest temperature in Hong Kong be 32°C on June 9?,event_label,outputs/v2/diagnostics/phase10_gp_market_comparison/phase10_exact_common_support_event_panel.csv
2026-06-09,6h_prior,Will the highest temperature in Hong Kong be 33°C or higher on June 9?,event_label,outputs/v2/diagnostics/phase10_gp_market_comparison/phase10_exact_common_support_event_panel.csv
2026-06-09,event_day_open,Will the highest temperature in Hong Kong be 23°C or below on June 9?,event_label,outputs/v2/diagnostics/phase10_gp_market_comparison/phase10_exact_common_support_event_panel.csv
2026-06-09,event_day_open,Will the highest temperature in Hong Kong be 24°C on June 9?,event_label,outputs/v2/diagnostics/phase10_gp_market_comparison/phase10_exact_common_support_event_panel.csv
2026-06-09,event_day_open,Will the highest temperature in Hong Kong be 25°C on June 9?,event_label,outputs/v2/diagnostics/phase10_gp_market_comparison/phase10_exact_common_support_event_panel.csv
2026-06-09,event_day_open,Will the highest temperature in Hong Kong be 26°C on June 9?,event_label,outputs/v2/diagnostics/phase10_gp_market_comparison/phase10_exact_common_support_event_panel.csv
2026-06-09,event_day_open,Will the highest temperature in Hong Kong be 27°C on June 9?,event_label,outputs/v2/diagnostics/phase10_gp_market_comparison/phase10_exact_common_support_event_panel.csv
2026-06-09,event_day_open,Will the highest temperature in Hong Kong be 28°C on June 9?,event_label,outputs/v2/diagnostics/phase10_gp_market_comparison/phase10_exact_common_support_event_panel.csv
2026-06-09,event_day_open,Will the highest temperature in Hong Kong be 29°C on June 9?,event_label,outputs/v2/diagnostics/phase10_gp_market_comparison/phase10_exact_common_support_event_panel.csv
2026-06-09,event_day_open,Will the highest temperature in Hong Kong be 30°C on June 9?,event_label,outputs/v2/diagnostics/phase10_gp_market_comparison/phase10_exact_common_support_event_panel.csv
2026-06-09,event_day_open,Will the highest temperature in Hong Kong be 31°C on June 9?,event_label,outputs/v2/diagnostics/phase10_gp_market_comparison/phase10_exact_common_support_event_panel.csv
2026-06-09,event_day_open,Will the highest temperature in Hong Kong be 32°C on June 9?,event_label,outputs/v2/diagnostics/phase10_gp_market_comparison/phase10_exact_common_support_event_panel.csv
2026-06-09,event_day_open,Will the highest temperature in Hong Kong be 33°C or higher on June 9?,event_label,outputs/v2/diagnostics/phase10_gp_market_comparison/phase10_exact_common_support_event_panel.csv
2026-06-10,12h_prior,Will the highest temperature in Hong Kong be 24°C or below on June 10?,event_label,outputs/v2/diagnostics/phase10_gp_market_comparison/phase10_exact_common_support_event_panel.csv
2026-06-10,12h_prior,Will the highest temperature in Hong Kong be 25°C on June 10?,event_label,outputs/v2/diagnostics/phase10_gp_market_comparison/phase10_exact_common_support_event_panel.csv
2026-06-10,12h_prior,Will the highest temperature in Hong Kong be 26°C on June 10?,event_label,outputs/v2/diagnostics/phase10_gp_market_comparison/phase10_exact_common_support_event_panel.csv
2026-06-10,12h_prior,Will the highest temperature in Hong Kong be 27°C on June 10?,event_label,outputs/v2/diagnostics/phase10_gp_market_comparison/phase10_exact_common_support_event_panel.csv
2026-06-10,12h_prior,Will the highest temperature in Hong Kong be 28°C on June 10?,event_label,outputs/v2/diagnostics/phase10_gp_market_comparison/phase10_exact_common_support_event_panel.csv
2026-06-10,12h_prior,Will the highest temperature in Hong Kong be 29°C on June 10?,event_label,outputs/v2/diagnostics/phase10_gp_market_comparison/phase10_exact_common_support_event_panel.csv
2026-06-10,12h_prior,Will the highest temperature in Hong Kong be 30°C on June 10?,event_label,outputs/v2/diagnostics/phase10_gp_market_comparison/phase10_exact_common_support_event_panel.csv
2026-06-10,12h_prior,Will the highest temperature in Hong Kong be 31°C on June 10?,event_label,outputs/v2/diagnostics/phase10_gp_market_comparison/phase10_exact_common_support_event_panel.csv
2026-06-10,12h_prior,Will the highest temperature in Hong Kong be 32°C on June 10?,event_label,outputs/v2/diagnostics/phase10_gp_market_comparison/phase10_exact_common_support_event_panel.csv
2026-06-10,12h_prior,Will the highest temperature in Hong Kong be 33°C on June 10?,event_label,outputs/v2/diagnostics/phase10_gp_market_comparison/phase10_exact_common_support_event_panel.csv
2026-06-10,12h_prior,Will the highest temperature in Hong Kong be 34°C or higher on June 10?,event_label,outputs/v2/diagnostics/phase10_gp_market_comparison/phase10_exact_common_support_event_panel.csv
2026-06-10,24h_prior,Will the highest temperature in Hong Kong be 24°C or below on June 10?,event_label,outputs/v2/diagnostics/phase10_gp_market_comparison/phase10_exact_common_support_event_panel.csv
2026-06-10,24h_prior,Will the highest temperature in Hong Kong be 25°C on June 10?,event_label,outputs/v2/diagnostics/phase10_gp_market_comparison/phase10_exact_common_support_event_panel.csv
2026-06-10,24h_prior,Will the highest temperature in Hong Kong be 26°C on June 10?,event_label,outputs/v2/diagnostics/phase10_gp_market_comparison/phase10_exact_common_support_event_panel.csv
2026-06-10,24h_prior,Will the highest temperature in Hong Kong be 27°C on June 10?,event_label,outputs/v2/diagnostics/phase10_gp_market_comparison/phase10_exact_common_support_event_panel.csv
2026-06-10,24h_prior,Will the highest temperature in Hong Kong be 28°C on June 10?,event_label,outputs/v2/diagnostics/phase10_gp_market_comparison/phase10_exact_common_support_event_panel.csv
2026-06-10,24h_prior,Will the highest temperature in Hong Kong be 29°C on June 10?,event_label,outputs/v2/diagnostics/phase10_gp_market_comparison/phase10_exact_common_support_event_panel.csv
2026-06-10,24h_prior,Will the highest temperature in Hong Kong be 30°C on June 10?,event_label,outputs/v2/diagnostics/phase10_gp_market_comparison/phase10_exact_common_support_event_panel.csv
2026-06-10,24h_prior,Will the highest temperature in Hong Kong be 31°C on June 10?,event_label,outputs/v2/diagnostics/phase10_gp_market_comparison/phase10_exact_common_support_event_panel.csv
2026-06-10,24h_prior,Will the highest temperature in Hong Kong be 32°C on June 10?,event_label,outputs/v2/diagnostics/phase10_gp_market_comparison/phase10_exact_common_support_event_panel.csv
2026-06-10,24h_prior,Will the highest temperature in Hong Kong be 33°C on June 10?,event_label,outputs/v2/diagnostics/phase10_gp_market_comparison/phase10_exact_common_support_event_panel.csv
2026-06-10,24h_prior,Will the highest temperature in Hong Kong be 34°C or higher on June 10?,event_label,outputs/v2/diagnostics/phase10_gp_market_comparison/phase10_exact_common_support_event_panel.csv
2026-06-10,6h_prior,Will the highest temperature in Hong Kong be 24°C or below on June 10?,event_label,outputs/v2/diagnostics/phase10_gp_market_comparison/phase10_exact_common_support_event_panel.csv
2026-06-10,6h_prior,Will the highest temperature in Hong Kong be 25°C on June 10?,event_label,outputs/v2/diagnostics/phase10_gp_market_comparison/phase10_exact_common_support_event_panel.csv
2026-06-10,6h_prior,Will the highest temperature in Hong Kong be 26°C on June 10?,event_label,outputs/v2/diagnostics/phase10_gp_market_comparison/phase10_exact_common_support_event_panel.csv
2026-06-10,6h_prior,Will the highest temperature in Hong Kong be 27°C on June 10?,event_label,outputs/v2/diagnostics/phase10_gp_market_comparison/phase10_exact_common_support_event_panel.csv
2026-06-10,6h_prior,Will the highest temperature in Hong Kong be 28°C on June 10?,event_label,outputs/v2/diagnostics/phase10_gp_market_comparison/phase10_exact_common_support_event_panel.csv
2026-06-10,6h_prior,Will the highest temperature in Hong Kong be 29°C on June 10?,event_label,outputs/v2/diagnostics/phase10_gp_market_comparison/phase10_exact_common_support_event_panel.csv
2026-06-10,6h_prior,Will the highest temperature in Hong Kong be 30°C on June 10?,event_label,outputs/v2/diagnostics/phase10_gp_market_comparison/phase10_exact_common_support_event_panel.csv
2026-06-10,6h_prior,Will the highest temperature in Hong Kong be 31°C on June 10?,event_label,outputs/v2/diagnostics/phase10_gp_market_comparison/phase10_exact_common_support_event_panel.csv
2026-06-10,6h_prior,Will the highest temperature in Hong Kong be 32°C on June 10?,event_label,outputs/v2/diagnostics/phase10_gp_market_comparison/phase10_exact_common_support_event_panel.csv
2026-06-10,6h_prior,Will the highest temperature in Hong Kong be 33°C on June 10?,event_label,outputs/v2/diagnostics/phase10_gp_market_comparison/phase10_exact_common_support_event_panel.csv
2026-06-10,6h_prior,Will the highest temperature in Hong Kong be 34°C or higher on June 10?,event_label,outputs/v2/diagnostics/phase10_gp_market_comparison/phase10_exact_common_support_event_panel.csv
2026-06-10,event_day_open,Will the highest temperature in Hong Kong be 24°C or below on June 10?,event_label,outputs/v2/diagnostics/phase10_gp_market_comparison/phase10_exact_common_support_event_panel.csv
2026-06-10,event_day_open,Will the highest temperature in Hong Kong be 25°C on June 10?,event_label,outputs/v2/diagnostics/phase10_gp_market_comparison/phase10_exact_common_support_event_panel.csv
2026-06-10,event_day_open,Will the highest temperature in Hong Kong be 26°C on June 10?,event_label,outputs/v2/diagnostics/phase10_gp_market_comparison/phase10_exact_common_support_event_panel.csv
2026-06-10,event_day_open,Will the highest temperature in Hong Kong be 27°C on June 10?,event_label,outputs/v2/diagnostics/phase10_gp_market_comparison/phase10_exact_common_support_event_panel.csv
2026-06-10,event_day_open,Will the highest temperature in Hong Kong be 28°C on June 10?,event_label,outputs/v2/diagnostics/phase10_gp_market_comparison/phase10_exact_common_support_event_panel.csv
2026-06-10,event_day_open,Will the highest temperature in Hong Kong be 29°C on June 10?,event_label,outputs/v2/diagnostics/phase10_gp_market_comparison/phase10_exact_common_support_event_panel.csv
2026-06-10,event_day_open,Will the highest temperature in Hong Kong be 30°C on June 10?,event_label,outputs/v2/diagnostics/phase10_gp_market_comparison/phase10_exact_common_support_event_panel.csv
2026-06-10,event_day_open,Will the highest temperature in Hong Kong be 31°C on June 10?,event_label,outputs/v2/diagnostics/phase10_gp_market_comparison/phase10_exact_common_support_event_panel.csv
2026-06-10,event_day_open,Will the highest temperature in Hong Kong be 32°C on June 10?,event_label,outputs/v2/diagnostics/phase10_gp_market_comparison/phase10_exact_common_support_event_panel.csv
2026-06-10,event_day_open,Will the highest temperature in Hong Kong be 33°C on June 10?,event_label,outputs/v2/diagnostics/phase10_gp_market_comparison/phase10_exact_common_support_event_panel.csv
2026-06-10,event_day_open,Will the highest temperature in Hong Kong be 34°C or higher on June 10?,event_label,outputs/v2/diagnostics/phase10_gp_market_comparison/phase10_exact_common_support_event_panel.csv
2026-06-11,12h_prior,Will the highest temperature in Hong Kong be 23°C or below on June 11?,event_label,outputs/v2/diagnostics/phase10_gp_market_comparison/phase10_exact_common_support_event_panel.csv
2026-06-11,12h_prior,Will the highest temperature in Hong Kong be 24°C on June 11?,event_label,outputs/v2/diagnostics/phase10_gp_market_comparison/phase10_exact_common_support_event_panel.csv
2026-06-11,12h_prior,Will the highest temperature in Hong Kong be 25°C on June 11?,event_label,outputs/v2/diagnostics/phase10_gp_market_comparison/phase10_exact_common_support_event_panel.csv
2026-06-11,12h_prior,Will the highest temperature in Hong Kong be 26°C on June 11?,event_label,outputs/v2/diagnostics/phase10_gp_market_comparison/phase10_exact_common_support_event_panel.csv
2026-06-11,12h_prior,Will the highest temperature in Hong Kong be 27°C on June 11?,event_label,outputs/v2/diagnostics/phase10_gp_market_comparison/phase10_exact_common_support_event_panel.csv
2026-06-11,12h_prior,Will the highest temperature in Hong Kong be 28°C on June 11?,event_label,outputs/v2/diagnostics/phase10_gp_market_comparison/phase10_exact_common_support_event_panel.csv
2026-06-11,12h_prior,Will the highest temperature in Hong Kong be 29°C on June 11?,event_label,outputs/v2/diagnostics/phase10_gp_market_comparison/phase10_exact_common_support_event_panel.csv
2026-06-11,12h_prior,Will the highest temperature in Hong Kong be 30°C on June 11?,event_label,outputs/v2/diagnostics/phase10_gp_market_comparison/phase10_exact_common_support_event_panel.csv
2026-06-11,12h_prior,Will the highest temperature in Hong Kong be 31°C on June 11?,event_label,outputs/v2/diagnostics/phase10_gp_market_comparison/phase10_exact_common_support_event_panel.csv
2026-06-11,12h_prior,Will the highest temperature in Hong Kong be 32°C on June 11?,event_label,outputs/v2/diagnostics/phase10_gp_market_comparison/phase10_exact_common_support_event_panel.csv
2026-06-11,12h_prior,Will the highest temperature in Hong Kong be 33°C or higher on June 11?,event_label,outputs/v2/diagnostics/phase10_gp_market_comparison/phase10_exact_common_support_event_panel.csv
2026-06-11,24h_prior,Will the highest temperature in Hong Kong be 23°C or below on June 11?,event_label,outputs/v2/diagnostics/phase10_gp_market_comparison/phase10_exact_common_support_event_panel.csv
2026-06-11,24h_prior,Will the highest temperature in Hong Kong be 24°C on June 11?,event_label,outputs/v2/diagnostics/phase10_gp_market_comparison/phase10_exact_common_support_event_panel.csv
2026-06-11,24h_prior,Will the highest temperature in Hong Kong be 25°C on June 11?,event_label,outputs/v2/diagnostics/phase10_gp_market_comparison/phase10_exact_common_support_event_panel.csv
2026-06-11,24h_prior,Will the highest temperature in Hong Kong be 26°C on June 11?,event_label,outputs/v2/diagnostics/phase10_gp_market_comparison/phase10_exact_common_support_event_panel.csv
2026-06-11,24h_prior,Will the highest temperature in Hong Kong be 27°C on June 11?,event_label,outputs/v2/diagnostics/phase10_gp_market_comparison/phase10_exact_common_support_event_panel.csv
2026-06-11,24h_prior,Will the highest temperature in Hong Kong be 28°C on June 11?,event_label,outputs/v2/diagnostics/phase10_gp_market_comparison/phase10_exact_common_support_event_panel.csv
2026-06-11,24h_prior,Will the highest temperature in Hong Kong be 29°C on June 11?,event_label,outputs/v2/diagnostics/phase10_gp_market_comparison/phase10_exact_common_support_event_panel.csv
2026-06-11,24h_prior,Will the highest temperature in Hong Kong be 30°C on June 11?,event_label,outputs/v2/diagnostics/phase10_gp_market_comparison/phase10_exact_common_support_event_panel.csv
2026-06-11,24h_prior,Will the highest temperature in Hong Kong be 31°C on June 11?,event_label,outputs/v2/diagnostics/phase10_gp_market_comparison/phase10_exact_common_support_event_panel.csv
2026-06-11,24h_prior,Will the highest temperature in Hong Kong be 32°C on June 11?,event_label,outputs/v2/diagnostics/phase10_gp_market_comparison/phase10_exact_common_support_event_panel.csv
2026-06-11,24h_prior,Will the highest temperature in Hong Kong be 33°C or higher on June 11?,event_label,outputs/v2/diagnostics/phase10_gp_market_comparison/phase10_exact_common_support_event_panel.csv
2026-06-11,6h_prior,Will the highest temperature in Hong Kong be 23°C or below on June 11?,event_label,outputs/v2/diagnostics/phase10_gp_market_comparison/phase10_exact_common_support_event_panel.csv
2026-06-11,6h_prior,Will the highest temperature in Hong Kong be 24°C on June 11?,event_label,outputs/v2/diagnostics/phase10_gp_market_comparison/phase10_exact_common_support_event_panel.csv
2026-06-11,6h_prior,Will the highest temperature in Hong Kong be 25°C on June 11?,event_label,outputs/v2/diagnostics/phase10_gp_market_comparison/phase10_exact_common_support_event_panel.csv
2026-06-11,6h_prior,Will the highest temperature in Hong Kong be 26°C on June 11?,event_label,outputs/v2/diagnostics/phase10_gp_market_comparison/phase10_exact_common_support_event_panel.csv
2026-06-11,6h_prior,Will the highest temperature in Hong Kong be 27°C on June 11?,event_label,outputs/v2/diagnostics/phase10_gp_market_comparison/phase10_exact_common_support_event_panel.csv
2026-06-11,6h_prior,Will the highest temperature in Hong Kong be 28°C on June 11?,event_label,outputs/v2/diagnostics/phase10_gp_market_comparison/phase10_exact_common_support_event_panel.csv
2026-06-11,6h_prior,Will the highest temperature in Hong Kong be 29°C on June 11?,event_label,outputs/v2/diagnostics/phase10_gp_market_comparison/phase10_exact_common_support_event_panel.csv
2026-06-11,6h_prior,Will the highest temperature in Hong Kong be 30°C on June 11?,event_label,outputs/v2/diagnostics/phase10_gp_market_comparison/phase10_exact_common_support_event_panel.csv
2026-06-11,6h_prior,Will the highest temperature in Hong Kong be 31°C on June 11?,event_label,outputs/v2/diagnostics/phase10_gp_market_comparison/phase10_exact_common_support_event_panel.csv
2026-06-11,6h_prior,Will the highest temperature in Hong Kong be 32°C on June 11?,event_label,outputs/v2/diagnostics/phase10_gp_market_comparison/phase10_exact_common_support_event_panel.csv
2026-06-11,6h_prior,Will the highest temperature in Hong Kong be 33°C or higher on June 11?,event_label,outputs/v2/diagnostics/phase10_gp_market_comparison/phase10_exact_common_support_event_panel.csv
2026-06-11,event_day_open,Will the highest temperature in Hong Kong be 23°C or below on June 11?,event_label,outputs/v2/diagnostics/phase10_gp_market_comparison/phase10_exact_common_support_event_panel.csv
2026-06-11,event_day_open,Will the highest temperature in Hong Kong be 24°C on June 11?,event_label,outputs/v2/diagnostics/phase10_gp_market_comparison/phase10_exact_common_support_event_panel.csv
2026-06-11,event_day_open,Will the highest temperature in Hong Kong be 25°C on June 11?,event_label,outputs/v2/diagnostics/phase10_gp_market_comparison/phase10_exact_common_support_event_panel.csv
2026-06-11,event_day_open,Will the highest temperature in Hong Kong be 26°C on June 11?,event_label,outputs/v2/diagnostics/phase10_gp_market_comparison/phase10_exact_common_support_event_panel.csv
2026-06-11,event_day_open,Will the highest temperature in Hong Kong be 27°C on June 11?,event_label,outputs/v2/diagnostics/phase10_gp_market_comparison/phase10_exact_common_support_event_panel.csv
2026-06-11,event_day_open,Will the highest temperature in Hong Kong be 28°C on June 11?,event_label,outputs/v2/diagnostics/phase10_gp_market_comparison/phase10_exact_common_support_event_panel.csv
2026-06-11,event_day_open,Will the highest temperature in Hong Kong be 29°C on June 11?,event_label,outputs/v2/diagnostics/phase10_gp_market_comparison/phase10_exact_common_support_event_panel.csv
2026-06-11,event_day_open,Will the highest temperature in Hong Kong be 30°C on June 11?,event_label,outputs/v2/diagnostics/phase10_gp_market_comparison/phase10_exact_common_support_event_panel.csv
2026-06-11,event_day_open,Will the highest temperature in Hong Kong be 31°C on June 11?,event_label,outputs/v2/diagnostics/phase10_gp_market_comparison/phase10_exact_common_support_event_panel.csv
2026-06-11,event_day_open,Will the highest temperature in Hong Kong be 32°C on June 11?,event_label,outputs/v2/diagnostics/phase10_gp_market_comparison/phase10_exact_common_support_event_panel.csv
2026-06-11,event_day_open,Will the highest temperature in Hong Kong be 33°C or higher on June 11?,event_label,outputs/v2/diagnostics/phase10_gp_market_comparison/phase10_exact_common_support_event_panel.csv
2026-06-12,12h_prior,Will the highest temperature in Hong Kong be 23°C or below on June 12?,event_label,outputs/v2/diagnostics/phase10_gp_market_comparison/phase10_exact_common_support_event_panel.csv
2026-06-12,12h_prior,Will the highest temperature in Hong Kong be 24°C on June 12?,event_label,outputs/v2/diagnostics/phase10_gp_market_comparison/phase10_exact_common_support_event_panel.csv
2026-06-12,12h_prior,Will the highest temperature in Hong Kong be 25°C on June 12?,event_label,outputs/v2/diagnostics/phase10_gp_market_comparison/phase10_exact_common_support_event_panel.csv
2026-06-12,12h_prior,Will the highest temperature in Hong Kong be 26°C on June 12?,event_label,outputs/v2/diagnostics/phase10_gp_market_comparison/phase10_exact_common_support_event_panel.csv
2026-06-12,12h_prior,Will the highest temperature in Hong Kong be 27°C on June 12?,event_label,outputs/v2/diagnostics/phase10_gp_market_comparison/phase10_exact_common_support_event_panel.csv
2026-06-12,12h_prior,Will the highest temperature in Hong Kong be 28°C on June 12?,event_label,outputs/v2/diagnostics/phase10_gp_market_comparison/phase10_exact_common_support_event_panel.csv
2026-06-12,12h_prior,Will the highest temperature in Hong Kong be 29°C on June 12?,event_label,outputs/v2/diagnostics/phase10_gp_market_comparison/phase10_exact_common_support_event_panel.csv
2026-06-12,12h_prior,Will the highest temperature in Hong Kong be 30°C on June 12?,event_label,outputs/v2/diagnostics/phase10_gp_market_comparison/phase10_exact_common_support_event_panel.csv
2026-06-12,12h_prior,Will the highest temperature in Hong Kong be 31°C on June 12?,event_label,outputs/v2/diagnostics/phase10_gp_market_comparison/phase10_exact_common_support_event_panel.csv
2026-06-12,12h_prior,Will the highest temperature in Hong Kong be 32°C on June 12?,event_label,outputs/v2/diagnostics/phase10_gp_market_comparison/phase10_exact_common_support_event_panel.csv
2026-06-12,12h_prior,Will the highest temperature in Hong Kong be 33°C or higher on June 12?,event_label,outputs/v2/diagnostics/phase10_gp_market_comparison/phase10_exact_common_support_event_panel.csv
2026-06-12,24h_prior,Will the highest temperature in Hong Kong be 23°C or below on June 12?,event_label,outputs/v2/diagnostics/phase10_gp_market_comparison/phase10_exact_common_support_event_panel.csv
2026-06-12,24h_prior,Will the highest temperature in Hong Kong be 24°C on June 12?,event_label,outputs/v2/diagnostics/phase10_gp_market_comparison/phase10_exact_common_support_event_panel.csv
2026-06-12,24h_prior,Will the highest temperature in Hong Kong be 25°C on June 12?,event_label,outputs/v2/diagnostics/phase10_gp_market_comparison/phase10_exact_common_support_event_panel.csv
2026-06-12,24h_prior,Will the highest temperature in Hong Kong be 26°C on June 12?,event_label,outputs/v2/diagnostics/phase10_gp_market_comparison/phase10_exact_common_support_event_panel.csv
2026-06-12,24h_prior,Will the highest temperature in Hong Kong be 27°C on June 12?,event_label,outputs/v2/diagnostics/phase10_gp_market_comparison/phase10_exact_common_support_event_panel.csv
2026-06-12,24h_prior,Will the highest temperature in Hong Kong be 28°C on June 12?,event_label,outputs/v2/diagnostics/phase10_gp_market_comparison/phase10_exact_common_support_event_panel.csv
2026-06-12,24h_prior,Will the highest temperature in Hong Kong be 29°C on June 12?,event_label,outputs/v2/diagnostics/phase10_gp_market_comparison/phase10_exact_common_support_event_panel.csv
2026-06-12,24h_prior,Will the highest temperature in Hong Kong be 30°C on June 12?,event_label,outputs/v2/diagnostics/phase10_gp_market_comparison/phase10_exact_common_support_event_panel.csv
2026-06-12,24h_prior,Will the highest temperature in Hong Kong be 31°C on June 12?,event_label,outputs/v2/diagnostics/phase10_gp_market_comparison/phase10_exact_common_support_event_panel.csv
2026-06-12,24h_prior,Will the highest temperature in Hong Kong be 32°C on June 12?,event_label,outputs/v2/diagnostics/phase10_gp_market_comparison/phase10_exact_common_support_event_panel.csv
2026-06-12,24h_prior,Will the highest temperature in Hong Kong be 33°C or higher on June 12?,event_label,outputs/v2/diagnostics/phase10_gp_market_comparison/phase10_exact_common_support_event_panel.csv
2026-06-12,6h_prior,Will the highest temperature in Hong Kong be 23°C or below on June 12?,event_label,outputs/v2/diagnostics/phase10_gp_market_comparison/phase10_exact_common_support_event_panel.csv
2026-06-12,6h_prior,Will the highest temperature in Hong Kong be 24°C on June 12?,event_label,outputs/v2/diagnostics/phase10_gp_market_comparison/phase10_exact_common_support_event_panel.csv
2026-06-12,6h_prior,Will the highest temperature in Hong Kong be 25°C on June 12?,event_label,outputs/v2/diagnostics/phase10_gp_market_comparison/phase10_exact_common_support_event_panel.csv
2026-06-12,6h_prior,Will the highest temperature in Hong Kong be 26°C on June 12?,event_label,outputs/v2/diagnostics/phase10_gp_market_comparison/phase10_exact_common_support_event_panel.csv
2026-06-12,6h_prior,Will the highest temperature in Hong Kong be 27°C on June 12?,event_label,outputs/v2/diagnostics/phase10_gp_market_comparison/phase10_exact_common_support_event_panel.csv
2026-06-12,6h_prior,Will the highest temperature in Hong Kong be 28°C on June 12?,event_label,outputs/v2/diagnostics/phase10_gp_market_comparison/phase10_exact_common_support_event_panel.csv
2026-06-12,6h_prior,Will the highest temperature in Hong Kong be 29°C on June 12?,event_label,outputs/v2/diagnostics/phase10_gp_market_comparison/phase10_exact_common_support_event_panel.csv
2026-06-12,6h_prior,Will the highest temperature in Hong Kong be 30°C on June 12?,event_label,outputs/v2/diagnostics/phase10_gp_market_comparison/phase10_exact_common_support_event_panel.csv
2026-06-12,6h_prior,Will the highest temperature in Hong Kong be 31°C on June 12?,event_label,outputs/v2/diagnostics/phase10_gp_market_comparison/phase10_exact_common_support_event_panel.csv
2026-06-12,6h_prior,Will the highest temperature in Hong Kong be 32°C on June 12?,event_label,outputs/v2/diagnostics/phase10_gp_market_comparison/phase10_exact_common_support_event_panel.csv
2026-06-12,6h_prior,Will the highest temperature in Hong Kong be 33°C or higher on June 12?,event_label,outputs/v2/diagnostics/phase10_gp_market_comparison/phase10_exact_common_support_event_panel.csv
2026-06-12,event_day_open,Will the highest temperature in Hong Kong be 23°C or below on June 12?,event_label,outputs/v2/diagnostics/phase10_gp_market_comparison/phase10_exact_common_support_event_panel.csv
2026-06-12,event_day_open,Will the highest temperature in Hong Kong be 24°C on June 12?,event_label,outputs/v2/diagnostics/phase10_gp_market_comparison/phase10_exact_common_support_event_panel.csv
2026-06-12,event_day_open,Will the highest temperature in Hong Kong be 25°C on June 12?,event_label,outputs/v2/diagnostics/phase10_gp_market_comparison/phase10_exact_common_support_event_panel.csv
2026-06-12,event_day_open,Will the highest temperature in Hong Kong be 26°C on June 12?,event_label,outputs/v2/diagnostics/phase10_gp_market_comparison/phase10_exact_common_support_event_panel.csv
2026-06-12,event_day_open,Will the highest temperature in Hong Kong be 27°C on June 12?,event_label,outputs/v2/diagnostics/phase10_gp_market_comparison/phase10_exact_common_support_event_panel.csv
2026-06-12,event_day_open,Will the highest temperature in Hong Kong be 28°C on June 12?,event_label,outputs/v2/diagnostics/phase10_gp_market_comparison/phase10_exact_common_support_event_panel.csv
2026-06-12,event_day_open,Will the highest temperature in Hong Kong be 29°C on June 12?,event_label,outputs/v2/diagnostics/phase10_gp_market_comparison/phase10_exact_common_support_event_panel.csv
2026-06-12,event_day_open,Will the highest temperature in Hong Kong be 30°C on June 12?,event_label,outputs/v2/diagnostics/phase10_gp_market_comparison/phase10_exact_common_support_event_panel.csv
2026-06-12,event_day_open,Will the highest temperature in Hong Kong be 31°C on June 12?,event_label,outputs/v2/diagnostics/phase10_gp_market_comparison/phase10_exact_common_support_event_panel.csv
2026-06-12,event_day_open,Will the highest temperature in Hong Kong be 32°C on June 12?,event_label,outputs/v2/diagnostics/phase10_gp_market_comparison/phase10_exact_common_support_event_panel.csv
2026-06-12,event_day_open,Will the highest temperature in Hong Kong be 33°C or higher on June 12?,event_label,outputs/v2/diagnostics/phase10_gp_market_comparison/phase10_exact_common_support_event_panel.csv
2026-06-13,12h_prior,Will the highest temperature in Hong Kong be 25°C or below on June 13?,event_label,outputs/v2/diagnostics/phase10_gp_market_comparison/phase10_exact_common_support_event_panel.csv
2026-06-13,12h_prior,Will the highest temperature in Hong Kong be 26°C on June 13?,event_label,outputs/v2/diagnostics/phase10_gp_market_comparison/phase10_exact_common_support_event_panel.csv
2026-06-13,12h_prior,Will the highest temperature in Hong Kong be 27°C on June 13?,event_label,outputs/v2/diagnostics/phase10_gp_market_comparison/phase10_exact_common_support_event_panel.csv
2026-06-13,12h_prior,Will the highest temperature in Hong Kong be 28°C on June 13?,event_label,outputs/v2/diagnostics/phase10_gp_market_comparison/phase10_exact_common_support_event_panel.csv
2026-06-13,12h_prior,Will the highest temperature in Hong Kong be 29°C on June 13?,event_label,outputs/v2/diagnostics/phase10_gp_market_comparison/phase10_exact_common_support_event_panel.csv
2026-06-13,12h_prior,Will the highest temperature in Hong Kong be 30°C on June 13?,event_label,outputs/v2/diagnostics/phase10_gp_market_comparison/phase10_exact_common_support_event_panel.csv
2026-06-13,12h_prior,Will the highest temperature in Hong Kong be 31°C on June 13?,event_label,outputs/v2/diagnostics/phase10_gp_market_comparison/phase10_exact_common_support_event_panel.csv
2026-06-13,12h_prior,Will the highest temperature in Hong Kong be 32°C on June 13?,event_label,outputs/v2/diagnostics/phase10_gp_market_comparison/phase10_exact_common_support_event_panel.csv
2026-06-13,12h_prior,Will the highest temperature in Hong Kong be 33°C on June 13?,event_label,outputs/v2/diagnostics/phase10_gp_market_comparison/phase10_exact_common_support_event_panel.csv
2026-06-13,12h_prior,Will the highest temperature in Hong Kong be 34°C on June 13?,event_label,outputs/v2/diagnostics/phase10_gp_market_comparison/phase10_exact_common_support_event_panel.csv
2026-06-13,12h_prior,Will the highest temperature in Hong Kong be 35°C or higher on June 13?,event_label,outputs/v2/diagnostics/phase10_gp_market_comparison/phase10_exact_common_support_event_panel.csv
2026-06-13,24h_prior,Will the highest temperature in Hong Kong be 25°C or below on June 13?,event_label,outputs/v2/diagnostics/phase10_gp_market_comparison/phase10_exact_common_support_event_panel.csv
2026-06-13,24h_prior,Will the highest temperature in Hong Kong be 26°C on June 13?,event_label,outputs/v2/diagnostics/phase10_gp_market_comparison/phase10_exact_common_support_event_panel.csv
2026-06-13,24h_prior,Will the highest temperature in Hong Kong be 27°C on June 13?,event_label,outputs/v2/diagnostics/phase10_gp_market_comparison/phase10_exact_common_support_event_panel.csv
2026-06-13,24h_prior,Will the highest temperature in Hong Kong be 28°C on June 13?,event_label,outputs/v2/diagnostics/phase10_gp_market_comparison/phase10_exact_common_support_event_panel.csv
2026-06-13,24h_prior,Will the highest temperature in Hong Kong be 29°C on June 13?,event_label,outputs/v2/diagnostics/phase10_gp_market_comparison/phase10_exact_common_support_event_panel.csv
2026-06-13,24h_prior,Will the highest temperature in Hong Kong be 30°C on June 13?,event_label,outputs/v2/diagnostics/phase10_gp_market_comparison/phase10_exact_common_support_event_panel.csv
2026-06-13,24h_prior,Will the highest temperature in Hong Kong be 31°C on June 13?,event_label,outputs/v2/diagnostics/phase10_gp_market_comparison/phase10_exact_common_support_event_panel.csv
2026-06-13,24h_prior,Will the highest temperature in Hong Kong be 32°C on June 13?,event_label,outputs/v2/diagnostics/phase10_gp_market_comparison/phase10_exact_common_support_event_panel.csv
2026-06-13,24h_prior,Will the highest temperature in Hong Kong be 33°C on June 13?,event_label,outputs/v2/diagnostics/phase10_gp_market_comparison/phase10_exact_common_support_event_panel.csv
2026-06-13,24h_prior,Will the highest temperature in Hong Kong be 34°C on June 13?,event_label,outputs/v2/diagnostics/phase10_gp_market_comparison/phase10_exact_common_support_event_panel.csv
2026-06-13,24h_prior,Will the highest temperature in Hong Kong be 35°C or higher on June 13?,event_label,outputs/v2/diagnostics/phase10_gp_market_comparison/phase10_exact_common_support_event_panel.csv
2026-06-13,6h_prior,Will the highest temperature in Hong Kong be 25°C or below on June 13?,event_label,outputs/v2/diagnostics/phase10_gp_market_comparison/phase10_exact_common_support_event_panel.csv
2026-06-13,6h_prior,Will the highest temperature in Hong Kong be 26°C on June 13?,event_label,outputs/v2/diagnostics/phase10_gp_market_comparison/phase10_exact_common_support_event_panel.csv
2026-06-13,6h_prior,Will the highest temperature in Hong Kong be 27°C on June 13?,event_label,outputs/v2/diagnostics/phase10_gp_market_comparison/phase10_exact_common_support_event_panel.csv
2026-06-13,6h_prior,Will the highest temperature in Hong Kong be 28°C on June 13?,event_label,outputs/v2/diagnostics/phase10_gp_market_comparison/phase10_exact_common_support_event_panel.csv
2026-06-13,6h_prior,Will the highest temperature in Hong Kong be 29°C on June 13?,event_label,outputs/v2/diagnostics/phase10_gp_market_comparison/phase10_exact_common_support_event_panel.csv
2026-06-13,6h_prior,Will the highest temperature in Hong Kong be 30°C on June 13?,event_label,outputs/v2/diagnostics/phase10_gp_market_comparison/phase10_exact_common_support_event_panel.csv
2026-06-13,6h_prior,Will the highest temperature in Hong Kong be 31°C on June 13?,event_label,outputs/v2/diagnostics/phase10_gp_market_comparison/phase10_exact_common_support_event_panel.csv
2026-06-13,6h_prior,Will the highest temperature in Hong Kong be 32°C on June 13?,event_label,outputs/v2/diagnostics/phase10_gp_market_comparison/phase10_exact_common_support_event_panel.csv
2026-06-13,6h_prior,Will the highest temperature in Hong Kong be 33°C on June 13?,event_label,outputs/v2/diagnostics/phase10_gp_market_comparison/phase10_exact_common_support_event_panel.csv
2026-06-13,6h_prior,Will the highest temperature in Hong Kong be 34°C on June 13?,event_label,outputs/v2/diagnostics/phase10_gp_market_comparison/phase10_exact_common_support_event_panel.csv
2026-06-13,6h_prior,Will the highest temperature in Hong Kong be 35°C or higher on June 13?,event_label,outputs/v2/diagnostics/phase10_gp_market_comparison/phase10_exact_common_support_event_panel.csv
2026-06-13,event_day_open,Will the highest temperature in Hong Kong be 25°C or below on June 13?,event_label,outputs/v2/diagnostics/phase10_gp_market_comparison/phase10_exact_common_support_event_panel.csv
2026-06-13,event_day_open,Will the highest temperature in Hong Kong be 26°C on June 13?,event_label,outputs/v2/diagnostics/phase10_gp_market_comparison/phase10_exact_common_support_event_panel.csv
2026-06-13,event_day_open,Will the highest temperature in Hong Kong be 27°C on June 13?,event_label,outputs/v2/diagnostics/phase10_gp_market_comparison/phase10_exact_common_support_event_panel.csv
2026-06-13,event_day_open,Will the highest temperature in Hong Kong be 28°C on June 13?,event_label,outputs/v2/diagnostics/phase10_gp_market_comparison/phase10_exact_common_support_event_panel.csv
2026-06-13,event_day_open,Will the highest temperature in Hong Kong be 29°C on June 13?,event_label,outputs/v2/diagnostics/phase10_gp_market_comparison/phase10_exact_common_support_event_panel.csv
2026-06-13,event_day_open,Will the highest temperature in Hong Kong be 30°C on June 13?,event_label,outputs/v2/diagnostics/phase10_gp_market_comparison/phase10_exact_common_support_event_panel.csv
2026-06-13,event_day_open,Will the highest temperature in Hong Kong be 31°C on June 13?,event_label,outputs/v2/diagnostics/phase10_gp_market_comparison/phase10_exact_common_support_event_panel.csv
2026-06-13,event_day_open,Will the highest temperature in Hong Kong be 32°C on June 13?,event_label,outputs/v2/diagnostics/phase10_gp_market_comparison/phase10_exact_common_support_event_panel.csv
2026-06-13,event_day_open,Will the highest temperature in Hong Kong be 33°C on June 13?,event_label,outputs/v2/diagnostics/phase10_gp_market_comparison/phase10_exact_common_support_event_panel.csv
2026-06-13,event_day_open,Will the highest temperature in Hong Kong be 34°C on June 13?,event_label,outputs/v2/diagnostics/phase10_gp_market_comparison/phase10_exact_common_support_event_panel.csv
2026-06-13,event_day_open,Will the highest temperature in Hong Kong be 35°C or higher on June 13?,event_label,outputs/v2/diagnostics/phase10_gp_market_comparison/phase10_exact_common_support_event_panel.csv
2026-06-14,12h_prior,Will the highest temperature in Hong Kong be 23°C or below on June 14?,event_label,outputs/v2/diagnostics/phase10_gp_market_comparison/phase10_exact_common_support_event_panel.csv
2026-06-14,12h_prior,Will the highest temperature in Hong Kong be 24°C on June 14?,event_label,outputs/v2/diagnostics/phase10_gp_market_comparison/phase10_exact_common_support_event_panel.csv
2026-06-14,12h_prior,Will the highest temperature in Hong Kong be 25°C on June 14?,event_label,outputs/v2/diagnostics/phase10_gp_market_comparison/phase10_exact_common_support_event_panel.csv
2026-06-14,12h_prior,Will the highest temperature in Hong Kong be 26°C on June 14?,event_label,outputs/v2/diagnostics/phase10_gp_market_comparison/phase10_exact_common_support_event_panel.csv
2026-06-14,12h_prior,Will the highest temperature in Hong Kong be 27°C on June 14?,event_label,outputs/v2/diagnostics/phase10_gp_market_comparison/phase10_exact_common_support_event_panel.csv
2026-06-14,12h_prior,Will the highest temperature in Hong Kong be 28°C on June 14?,event_label,outputs/v2/diagnostics/phase10_gp_market_comparison/phase10_exact_common_support_event_panel.csv
2026-06-14,12h_prior,Will the highest temperature in Hong Kong be 29°C on June 14?,event_label,outputs/v2/diagnostics/phase10_gp_market_comparison/phase10_exact_common_support_event_panel.csv
2026-06-14,12h_prior,Will the highest temperature in Hong Kong be 30°C on June 14?,event_label,outputs/v2/diagnostics/phase10_gp_market_comparison/phase10_exact_common_support_event_panel.csv
2026-06-14,12h_prior,Will the highest temperature in Hong Kong be 31°C on June 14?,event_label,outputs/v2/diagnostics/phase10_gp_market_comparison/phase10_exact_common_support_event_panel.csv
2026-06-14,12h_prior,Will the highest temperature in Hong Kong be 32°C on June 14?,event_label,outputs/v2/diagnostics/phase10_gp_market_comparison/phase10_exact_common_support_event_panel.csv
2026-06-14,12h_prior,Will the highest temperature in Hong Kong be 33°C or higher on June 14?,event_label,outputs/v2/diagnostics/phase10_gp_market_comparison/phase10_exact_common_support_event_panel.csv
2026-06-14,24h_prior,Will the highest temperature in Hong Kong be 23°C or below on June 14?,event_label,outputs/v2/diagnostics/phase10_gp_market_comparison/phase10_exact_common_support_event_panel.csv
2026-06-14,24h_prior,Will the highest temperature in Hong Kong be 24°C on June 14?,event_label,outputs/v2/diagnostics/phase10_gp_market_comparison/phase10_exact_common_support_event_panel.csv
2026-06-14,24h_prior,Will the highest temperature in Hong Kong be 25°C on June 14?,event_label,outputs/v2/diagnostics/phase10_gp_market_comparison/phase10_exact_common_support_event_panel.csv
2026-06-14,24h_prior,Will the highest temperature in Hong Kong be 26°C on June 14?,event_label,outputs/v2/diagnostics/phase10_gp_market_comparison/phase10_exact_common_support_event_panel.csv
2026-06-14,24h_prior,Will the highest temperature in Hong Kong be 27°C on June 14?,event_label,outputs/v2/diagnostics/phase10_gp_market_comparison/phase10_exact_common_support_event_panel.csv
2026-06-14,24h_prior,Will the highest temperature in Hong Kong be 28°C on June 14?,event_label,outputs/v2/diagnostics/phase10_gp_market_comparison/phase10_exact_common_support_event_panel.csv
2026-06-14,24h_prior,Will the highest temperature in Hong Kong be 29°C on June 14?,event_label,outputs/v2/diagnostics/phase10_gp_market_comparison/phase10_exact_common_support_event_panel.csv
2026-06-14,24h_prior,Will the highest temperature in Hong Kong be 30°C on June 14?,event_label,outputs/v2/diagnostics/phase10_gp_market_comparison/phase10_exact_common_support_event_panel.csv
2026-06-14,24h_prior,Will the highest temperature in Hong Kong be 31°C on June 14?,event_label,outputs/v2/diagnostics/phase10_gp_market_comparison/phase10_exact_common_support_event_panel.csv
2026-06-14,24h_prior,Will the highest temperature in Hong Kong be 32°C on June 14?,event_label,outputs/v2/diagnostics/phase10_gp_market_comparison/phase10_exact_common_support_event_panel.csv
2026-06-14,24h_prior,Will the highest temperature in Hong Kong be 33°C or higher on June 14?,event_label,outputs/v2/diagnostics/phase10_gp_market_comparison/phase10_exact_common_support_event_panel.csv
2026-06-14,6h_prior,Will the highest temperature in Hong Kong be 23°C or below on June 14?,event_label,outputs/v2/diagnostics/phase10_gp_market_comparison/phase10_exact_common_support_event_panel.csv
2026-06-14,6h_prior,Will the highest temperature in Hong Kong be 24°C on June 14?,event_label,outputs/v2/diagnostics/phase10_gp_market_comparison/phase10_exact_common_support_event_panel.csv
2026-06-14,6h_prior,Will the highest temperature in Hong Kong be 25°C on June 14?,event_label,outputs/v2/diagnostics/phase10_gp_market_comparison/phase10_exact_common_support_event_panel.csv
2026-06-14,6h_prior,Will the highest temperature in Hong Kong be 26°C on June 14?,event_label,outputs/v2/diagnostics/phase10_gp_market_comparison/phase10_exact_common_support_event_panel.csv
2026-06-14,6h_prior,Will the highest temperature in Hong Kong be 27°C on June 14?,event_label,outputs/v2/diagnostics/phase10_gp_market_comparison/phase10_exact_common_support_event_panel.csv
2026-06-14,6h_prior,Will the highest temperature in Hong Kong be 28°C on June 14?,event_label,outputs/v2/diagnostics/phase10_gp_market_comparison/phase10_exact_common_support_event_panel.csv
2026-06-14,6h_prior,Will the highest temperature in Hong Kong be 29°C on June 14?,event_label,outputs/v2/diagnostics/phase10_gp_market_comparison/phase10_exact_common_support_event_panel.csv
2026-06-14,6h_prior,Will the highest temperature in Hong Kong be 30°C on June 14?,event_label,outputs/v2/diagnostics/phase10_gp_market_comparison/phase10_exact_common_support_event_panel.csv
2026-06-14,6h_prior,Will the highest temperature in Hong Kong be 31°C on June 14?,event_label,outputs/v2/diagnostics/phase10_gp_market_comparison/phase10_exact_common_support_event_panel.csv
2026-06-14,6h_prior,Will the highest temperature in Hong Kong be 32°C on June 14?,event_label,outputs/v2/diagnostics/phase10_gp_market_comparison/phase10_exact_common_support_event_panel.csv
2026-06-14,6h_prior,Will the highest temperature in Hong Kong be 33°C or higher on June 14?,event_label,outputs/v2/diagnostics/phase10_gp_market_comparison/phase10_exact_common_support_event_panel.csv
2026-06-14,event_day_open,Will the highest temperature in Hong Kong be 23°C or below on June 14?,event_label,outputs/v2/diagnostics/phase10_gp_market_comparison/phase10_exact_common_support_event_panel.csv
2026-06-14,event_day_open,Will the highest temperature in Hong Kong be 24°C on June 14?,event_label,outputs/v2/diagnostics/phase10_gp_market_comparison/phase10_exact_common_support_event_panel.csv
2026-06-14,event_day_open,Will the highest temperature in Hong Kong be 25°C on June 14?,event_label,outputs/v2/diagnostics/phase10_gp_market_comparison/phase10_exact_common_support_event_panel.csv
2026-06-14,event_day_open,Will the highest temperature in Hong Kong be 26°C on June 14?,event_label,outputs/v2/diagnostics/phase10_gp_market_comparison/phase10_exact_common_support_event_panel.csv
2026-06-14,event_day_open,Will the highest temperature in Hong Kong be 27°C on June 14?,event_label,outputs/v2/diagnostics/phase10_gp_market_comparison/phase10_exact_common_support_event_panel.csv
2026-06-14,event_day_open,Will the highest temperature in Hong Kong be 28°C on June 14?,event_label,outputs/v2/diagnostics/phase10_gp_market_comparison/phase10_exact_common_support_event_panel.csv
2026-06-14,event_day_open,Will the highest temperature in Hong Kong be 29°C on June 14?,event_label,outputs/v2/diagnostics/phase10_gp_market_comparison/phase10_exact_common_support_event_panel.csv
2026-06-14,event_day_open,Will the highest temperature in Hong Kong be 30°C on June 14?,event_label,outputs/v2/diagnostics/phase10_gp_market_comparison/phase10_exact_common_support_event_panel.csv
2026-06-14,event_day_open,Will the highest temperature in Hong Kong be 31°C on June 14?,event_label,outputs/v2/diagnostics/phase10_gp_market_comparison/phase10_exact_common_support_event_panel.csv
2026-06-14,event_day_open,Will the highest temperature in Hong Kong be 32°C on June 14?,event_label,outputs/v2/diagnostics/phase10_gp_market_comparison/phase10_exact_common_support_event_panel.csv
2026-06-14,event_day_open,Will the highest temperature in Hong Kong be 33°C or higher on June 14?,event_label,outputs/v2/diagnostics/phase10_gp_market_comparison/phase10_exact_common_support_event_panel.csv
2026-06-15,12h_prior,Will the highest temperature in Hong Kong be 23°C or below on June 15?,event_label,outputs/v2/diagnostics/phase10_gp_market_comparison/phase10_exact_common_support_event_panel.csv
2026-06-15,12h_prior,Will the highest temperature in Hong Kong be 24°C on June 15?,event_label,outputs/v2/diagnostics/phase10_gp_market_comparison/phase10_exact_common_support_event_panel.csv
2026-06-15,12h_prior,Will the highest temperature in Hong Kong be 25°C on June 15?,event_label,outputs/v2/diagnostics/phase10_gp_market_comparison/phase10_exact_common_support_event_panel.csv
2026-06-15,12h_prior,Will the highest temperature in Hong Kong be 26°C on June 15?,event_label,outputs/v2/diagnostics/phase10_gp_market_comparison/phase10_exact_common_support_event_panel.csv
2026-06-15,12h_prior,Will the highest temperature in Hong Kong be 27°C on June 15?,event_label,outputs/v2/diagnostics/phase10_gp_market_comparison/phase10_exact_common_support_event_panel.csv
2026-06-15,12h_prior,Will the highest temperature in Hong Kong be 28°C on June 15?,event_label,outputs/v2/diagnostics/phase10_gp_market_comparison/phase10_exact_common_support_event_panel.csv
2026-06-15,12h_prior,Will the highest temperature in Hong Kong be 29°C on June 15?,event_label,outputs/v2/diagnostics/phase10_gp_market_comparison/phase10_exact_common_support_event_panel.csv
2026-06-15,12h_prior,Will the highest temperature in Hong Kong be 30°C on June 15?,event_label,outputs/v2/diagnostics/phase10_gp_market_comparison/phase10_exact_common_support_event_panel.csv
2026-06-15,12h_prior,Will the highest temperature in Hong Kong be 31°C on June 15?,event_label,outputs/v2/diagnostics/phase10_gp_market_comparison/phase10_exact_common_support_event_panel.csv
2026-06-15,12h_prior,Will the highest temperature in Hong Kong be 32°C on June 15?,event_label,outputs/v2/diagnostics/phase10_gp_market_comparison/phase10_exact_common_support_event_panel.csv
2026-06-15,12h_prior,Will the highest temperature in Hong Kong be 33°C or higher on June 15?,event_label,outputs/v2/diagnostics/phase10_gp_market_comparison/phase10_exact_common_support_event_panel.csv
2026-06-15,24h_prior,Will the highest temperature in Hong Kong be 23°C or below on June 15?,event_label,outputs/v2/diagnostics/phase10_gp_market_comparison/phase10_exact_common_support_event_panel.csv
2026-06-15,24h_prior,Will the highest temperature in Hong Kong be 24°C on June 15?,event_label,outputs/v2/diagnostics/phase10_gp_market_comparison/phase10_exact_common_support_event_panel.csv
2026-06-15,24h_prior,Will the highest temperature in Hong Kong be 25°C on June 15?,event_label,outputs/v2/diagnostics/phase10_gp_market_comparison/phase10_exact_common_support_event_panel.csv
2026-06-15,24h_prior,Will the highest temperature in Hong Kong be 26°C on June 15?,event_label,outputs/v2/diagnostics/phase10_gp_market_comparison/phase10_exact_common_support_event_panel.csv
2026-06-15,24h_prior,Will the highest temperature in Hong Kong be 27°C on June 15?,event_label,outputs/v2/diagnostics/phase10_gp_market_comparison/phase10_exact_common_support_event_panel.csv
2026-06-15,24h_prior,Will the highest temperature in Hong Kong be 28°C on June 15?,event_label,outputs/v2/diagnostics/phase10_gp_market_comparison/phase10_exact_common_support_event_panel.csv
2026-06-15,24h_prior,Will the highest temperature in Hong Kong be 29°C on June 15?,event_label,outputs/v2/diagnostics/phase10_gp_market_comparison/phase10_exact_common_support_event_panel.csv
2026-06-15,24h_prior,Will the highest temperature in Hong Kong be 30°C on June 15?,event_label,outputs/v2/diagnostics/phase10_gp_market_comparison/phase10_exact_common_support_event_panel.csv
2026-06-15,24h_prior,Will the highest temperature in Hong Kong be 31°C on June 15?,event_label,outputs/v2/diagnostics/phase10_gp_market_comparison/phase10_exact_common_support_event_panel.csv
2026-06-15,24h_prior,Will the highest temperature in Hong Kong be 32°C on June 15?,event_label,outputs/v2/diagnostics/phase10_gp_market_comparison/phase10_exact_common_support_event_panel.csv
2026-06-15,24h_prior,Will the highest temperature in Hong Kong be 33°C or higher on June 15?,event_label,outputs/v2/diagnostics/phase10_gp_market_comparison/phase10_exact_common_support_event_panel.csv
2026-06-15,6h_prior,Will the highest temperature in Hong Kong be 23°C or below on June 15?,event_label,outputs/v2/diagnostics/phase10_gp_market_comparison/phase10_exact_common_support_event_panel.csv
2026-06-15,6h_prior,Will the highest temperature in Hong Kong be 24°C on June 15?,event_label,outputs/v2/diagnostics/phase10_gp_market_comparison/phase10_exact_common_support_event_panel.csv
2026-06-15,6h_prior,Will the highest temperature in Hong Kong be 25°C on June 15?,event_label,outputs/v2/diagnostics/phase10_gp_market_comparison/phase10_exact_common_support_event_panel.csv
2026-06-15,6h_prior,Will the highest temperature in Hong Kong be 26°C on June 15?,event_label,outputs/v2/diagnostics/phase10_gp_market_comparison/phase10_exact_common_support_event_panel.csv
2026-06-15,6h_prior,Will the highest temperature in Hong Kong be 27°C on June 15?,event_label,outputs/v2/diagnostics/phase10_gp_market_comparison/phase10_exact_common_support_event_panel.csv
2026-06-15,6h_prior,Will the highest temperature in Hong Kong be 28°C on June 15?,event_label,outputs/v2/diagnostics/phase10_gp_market_comparison/phase10_exact_common_support_event_panel.csv
2026-06-15,6h_prior,Will the highest temperature in Hong Kong be 29°C on June 15?,event_label,outputs/v2/diagnostics/phase10_gp_market_comparison/phase10_exact_common_support_event_panel.csv
2026-06-15,6h_prior,Will the highest temperature in Hong Kong be 30°C on June 15?,event_label,outputs/v2/diagnostics/phase10_gp_market_comparison/phase10_exact_common_support_event_panel.csv
2026-06-15,6h_prior,Will the highest temperature in Hong Kong be 31°C on June 15?,event_label,outputs/v2/diagnostics/phase10_gp_market_comparison/phase10_exact_common_support_event_panel.csv
2026-06-15,6h_prior,Will the highest temperature in Hong Kong be 32°C on June 15?,event_label,outputs/v2/diagnostics/phase10_gp_market_comparison/phase10_exact_common_support_event_panel.csv
2026-06-15,6h_prior,Will the highest temperature in Hong Kong be 33°C or higher on June 15?,event_label,outputs/v2/diagnostics/phase10_gp_market_comparison/phase10_exact_common_support_event_panel.csv
2026-06-15,event_day_open,Will the highest temperature in Hong Kong be 23°C or below on June 15?,event_label,outputs/v2/diagnostics/phase10_gp_market_comparison/phase10_exact_common_support_event_panel.csv
2026-06-15,event_day_open,Will the highest temperature in Hong Kong be 24°C on June 15?,event_label,outputs/v2/diagnostics/phase10_gp_market_comparison/phase10_exact_common_support_event_panel.csv
2026-06-15,event_day_open,Will the highest temperature in Hong Kong be 25°C on June 15?,event_label,outputs/v2/diagnostics/phase10_gp_market_comparison/phase10_exact_common_support_event_panel.csv
2026-06-15,event_day_open,Will the highest temperature in Hong Kong be 26°C on June 15?,event_label,outputs/v2/diagnostics/phase10_gp_market_comparison/phase10_exact_common_support_event_panel.csv
2026-06-15,event_day_open,Will the highest temperature in Hong Kong be 27°C on June 15?,event_label,outputs/v2/diagnostics/phase10_gp_market_comparison/phase10_exact_common_support_event_panel.csv
2026-06-15,event_day_open,Will the highest temperature in Hong Kong be 28°C on June 15?,event_label,outputs/v2/diagnostics/phase10_gp_market_comparison/phase10_exact_common_support_event_panel.csv
2026-06-15,event_day_open,Will the highest temperature in Hong Kong be 29°C on June 15?,event_label,outputs/v2/diagnostics/phase10_gp_market_comparison/phase10_exact_common_support_event_panel.csv
2026-06-15,event_day_open,Will the highest temperature in Hong Kong be 30°C on June 15?,event_label,outputs/v2/diagnostics/phase10_gp_market_comparison/phase10_exact_common_support_event_panel.csv
2026-06-15,event_day_open,Will the highest temperature in Hong Kong be 31°C on June 15?,event_label,outputs/v2/diagnostics/phase10_gp_market_comparison/phase10_exact_common_support_event_panel.csv
2026-06-15,event_day_open,Will the highest temperature in Hong Kong be 32°C on June 15?,event_label,outputs/v2/diagnostics/phase10_gp_market_comparison/phase10_exact_common_support_event_panel.csv
2026-06-15,event_day_open,Will the highest temperature in Hong Kong be 33°C or higher on June 15?,event_label,outputs/v2/diagnostics/phase10_gp_market_comparison/phase10_exact_common_support_event_panel.csv
2026-06-16,12h_prior,Will the highest temperature in Hong Kong be 23°C or below on June 16?,event_label,outputs/v2/diagnostics/phase10_gp_market_comparison/phase10_exact_common_support_event_panel.csv
2026-06-16,12h_prior,Will the highest temperature in Hong Kong be 24°C on June 16?,event_label,outputs/v2/diagnostics/phase10_gp_market_comparison/phase10_exact_common_support_event_panel.csv
2026-06-16,12h_prior,Will the highest temperature in Hong Kong be 25°C on June 16?,event_label,outputs/v2/diagnostics/phase10_gp_market_comparison/phase10_exact_common_support_event_panel.csv
2026-06-16,12h_prior,Will the highest temperature in Hong Kong be 26°C on June 16?,event_label,outputs/v2/diagnostics/phase10_gp_market_comparison/phase10_exact_common_support_event_panel.csv
2026-06-16,12h_prior,Will the highest temperature in Hong Kong be 27°C on June 16?,event_label,outputs/v2/diagnostics/phase10_gp_market_comparison/phase10_exact_common_support_event_panel.csv
2026-06-16,12h_prior,Will the highest temperature in Hong Kong be 28°C on June 16?,event_label,outputs/v2/diagnostics/phase10_gp_market_comparison/phase10_exact_common_support_event_panel.csv
2026-06-16,12h_prior,Will the highest temperature in Hong Kong be 29°C on June 16?,event_label,outputs/v2/diagnostics/phase10_gp_market_comparison/phase10_exact_common_support_event_panel.csv
2026-06-16,12h_prior,Will the highest temperature in Hong Kong be 30°C on June 16?,event_label,outputs/v2/diagnostics/phase10_gp_market_comparison/phase10_exact_common_support_event_panel.csv
2026-06-16,12h_prior,Will the highest temperature in Hong Kong be 31°C on June 16?,event_label,outputs/v2/diagnostics/phase10_gp_market_comparison/phase10_exact_common_support_event_panel.csv
2026-06-16,12h_prior,Will the highest temperature in Hong Kong be 32°C on June 16?,event_label,outputs/v2/diagnostics/phase10_gp_market_comparison/phase10_exact_common_support_event_panel.csv
2026-06-16,12h_prior,Will the highest temperature in Hong Kong be 33°C or higher on June 16?,event_label,outputs/v2/diagnostics/phase10_gp_market_comparison/phase10_exact_common_support_event_panel.csv
2026-06-16,24h_prior,Will the highest temperature in Hong Kong be 23°C or below on June 16?,event_label,outputs/v2/diagnostics/phase10_gp_market_comparison/phase10_exact_common_support_event_panel.csv
2026-06-16,24h_prior,Will the highest temperature in Hong Kong be 24°C on June 16?,event_label,outputs/v2/diagnostics/phase10_gp_market_comparison/phase10_exact_common_support_event_panel.csv
2026-06-16,24h_prior,Will the highest temperature in Hong Kong be 25°C on June 16?,event_label,outputs/v2/diagnostics/phase10_gp_market_comparison/phase10_exact_common_support_event_panel.csv
2026-06-16,24h_prior,Will the highest temperature in Hong Kong be 26°C on June 16?,event_label,outputs/v2/diagnostics/phase10_gp_market_comparison/phase10_exact_common_support_event_panel.csv
2026-06-16,24h_prior,Will the highest temperature in Hong Kong be 27°C on June 16?,event_label,outputs/v2/diagnostics/phase10_gp_market_comparison/phase10_exact_common_support_event_panel.csv
2026-06-16,24h_prior,Will the highest temperature in Hong Kong be 28°C on June 16?,event_label,outputs/v2/diagnostics/phase10_gp_market_comparison/phase10_exact_common_support_event_panel.csv
2026-06-16,24h_prior,Will the highest temperature in Hong Kong be 29°C on June 16?,event_label,outputs/v2/diagnostics/phase10_gp_market_comparison/phase10_exact_common_support_event_panel.csv
2026-06-16,24h_prior,Will the highest temperature in Hong Kong be 30°C on June 16?,event_label,outputs/v2/diagnostics/phase10_gp_market_comparison/phase10_exact_common_support_event_panel.csv
2026-06-16,24h_prior,Will the highest temperature in Hong Kong be 31°C on June 16?,event_label,outputs/v2/diagnostics/phase10_gp_market_comparison/phase10_exact_common_support_event_panel.csv
2026-06-16,24h_prior,Will the highest temperature in Hong Kong be 32°C on June 16?,event_label,outputs/v2/diagnostics/phase10_gp_market_comparison/phase10_exact_common_support_event_panel.csv
2026-06-16,24h_prior,Will the highest temperature in Hong Kong be 33°C or higher on June 16?,event_label,outputs/v2/diagnostics/phase10_gp_market_comparison/phase10_exact_common_support_event_panel.csv
2026-06-16,6h_prior,Will the highest temperature in Hong Kong be 23°C or below on June 16?,event_label,outputs/v2/diagnostics/phase10_gp_market_comparison/phase10_exact_common_support_event_panel.csv
2026-06-16,6h_prior,Will the highest temperature in Hong Kong be 24°C on June 16?,event_label,outputs/v2/diagnostics/phase10_gp_market_comparison/phase10_exact_common_support_event_panel.csv
2026-06-16,6h_prior,Will the highest temperature in Hong Kong be 25°C on June 16?,event_label,outputs/v2/diagnostics/phase10_gp_market_comparison/phase10_exact_common_support_event_panel.csv
2026-06-16,6h_prior,Will the highest temperature in Hong Kong be 26°C on June 16?,event_label,outputs/v2/diagnostics/phase10_gp_market_comparison/phase10_exact_common_support_event_panel.csv
2026-06-16,6h_prior,Will the highest temperature in Hong Kong be 27°C on June 16?,event_label,outputs/v2/diagnostics/phase10_gp_market_comparison/phase10_exact_common_support_event_panel.csv
2026-06-16,6h_prior,Will the highest temperature in Hong Kong be 28°C on June 16?,event_label,outputs/v2/diagnostics/phase10_gp_market_comparison/phase10_exact_common_support_event_panel.csv
2026-06-16,6h_prior,Will the highest temperature in Hong Kong be 29°C on June 16?,event_label,outputs/v2/diagnostics/phase10_gp_market_comparison/phase10_exact_common_support_event_panel.csv
2026-06-16,6h_prior,Will the highest temperature in Hong Kong be 30°C on June 16?,event_label,outputs/v2/diagnostics/phase10_gp_market_comparison/phase10_exact_common_support_event_panel.csv
2026-06-16,6h_prior,Will the highest temperature in Hong Kong be 31°C on June 16?,event_label,outputs/v2/diagnostics/phase10_gp_market_comparison/phase10_exact_common_support_event_panel.csv
2026-06-16,6h_prior,Will the highest temperature in Hong Kong be 32°C on June 16?,event_label,outputs/v2/diagnostics/phase10_gp_market_comparison/phase10_exact_common_support_event_panel.csv
2026-06-16,6h_prior,Will the highest temperature in Hong Kong be 33°C or higher on June 16?,event_label,outputs/v2/diagnostics/phase10_gp_market_comparison/phase10_exact_common_support_event_panel.csv
2026-06-16,event_day_open,Will the highest temperature in Hong Kong be 23°C or below on June 16?,event_label,outputs/v2/diagnostics/phase10_gp_market_comparison/phase10_exact_common_support_event_panel.csv
2026-06-16,event_day_open,Will the highest temperature in Hong Kong be 24°C on June 16?,event_label,outputs/v2/diagnostics/phase10_gp_market_comparison/phase10_exact_common_support_event_panel.csv
2026-06-16,event_day_open,Will the highest temperature in Hong Kong be 25°C on June 16?,event_label,outputs/v2/diagnostics/phase10_gp_market_comparison/phase10_exact_common_support_event_panel.csv
2026-06-16,event_day_open,Will the highest temperature in Hong Kong be 26°C on June 16?,event_label,outputs/v2/diagnostics/phase10_gp_market_comparison/phase10_exact_common_support_event_panel.csv
2026-06-16,event_day_open,Will the highest temperature in Hong Kong be 27°C on June 16?,event_label,outputs/v2/diagnostics/phase10_gp_market_comparison/phase10_exact_common_support_event_panel.csv
2026-06-16,event_day_open,Will the highest temperature in Hong Kong be 28°C on June 16?,event_label,outputs/v2/diagnostics/phase10_gp_market_comparison/phase10_exact_common_support_event_panel.csv
2026-06-16,event_day_open,Will the highest temperature in Hong Kong be 29°C on June 16?,event_label,outputs/v2/diagnostics/phase10_gp_market_comparison/phase10_exact_common_support_event_panel.csv
2026-06-16,event_day_open,Will the highest temperature in Hong Kong be 30°C on June 16?,event_label,outputs/v2/diagnostics/phase10_gp_market_comparison/phase10_exact_common_support_event_panel.csv
2026-06-16,event_day_open,Will the highest temperature in Hong Kong be 31°C on June 16?,event_label,outputs/v2/diagnostics/phase10_gp_market_comparison/phase10_exact_common_support_event_panel.csv
2026-06-16,event_day_open,Will the highest temperature in Hong Kong be 32°C on June 16?,event_label,outputs/v2/diagnostics/phase10_gp_market_comparison/phase10_exact_common_support_event_panel.csv
2026-06-16,event_day_open,Will the highest temperature in Hong Kong be 33°C or higher on June 16?,event_label,outputs/v2/diagnostics/phase10_gp_market_comparison/phase10_exact_common_support_event_panel.csv
2026-06-17,12h_prior,Will the highest temperature in Hong Kong be 23°C or below on June 17?,event_label,outputs/v2/diagnostics/phase10_gp_market_comparison/phase10_exact_common_support_event_panel.csv
2026-06-17,12h_prior,Will the highest temperature in Hong Kong be 24°C on June 17?,event_label,outputs/v2/diagnostics/phase10_gp_market_comparison/phase10_exact_common_support_event_panel.csv
2026-06-17,12h_prior,Will the highest temperature in Hong Kong be 25°C on June 17?,event_label,outputs/v2/diagnostics/phase10_gp_market_comparison/phase10_exact_common_support_event_panel.csv
2026-06-17,12h_prior,Will the highest temperature in Hong Kong be 26°C on June 17?,event_label,outputs/v2/diagnostics/phase10_gp_market_comparison/phase10_exact_common_support_event_panel.csv
2026-06-17,12h_prior,Will the highest temperature in Hong Kong be 27°C on June 17?,event_label,outputs/v2/diagnostics/phase10_gp_market_comparison/phase10_exact_common_support_event_panel.csv
2026-06-17,12h_prior,Will the highest temperature in Hong Kong be 28°C on June 17?,event_label,outputs/v2/diagnostics/phase10_gp_market_comparison/phase10_exact_common_support_event_panel.csv
2026-06-17,12h_prior,Will the highest temperature in Hong Kong be 29°C on June 17?,event_label,outputs/v2/diagnostics/phase10_gp_market_comparison/phase10_exact_common_support_event_panel.csv
2026-06-17,12h_prior,Will the highest temperature in Hong Kong be 30°C on June 17?,event_label,outputs/v2/diagnostics/phase10_gp_market_comparison/phase10_exact_common_support_event_panel.csv
2026-06-17,12h_prior,Will the highest temperature in Hong Kong be 31°C on June 17?,event_label,outputs/v2/diagnostics/phase10_gp_market_comparison/phase10_exact_common_support_event_panel.csv
2026-06-17,12h_prior,Will the highest temperature in Hong Kong be 32°C on June 17?,event_label,outputs/v2/diagnostics/phase10_gp_market_comparison/phase10_exact_common_support_event_panel.csv
2026-06-17,12h_prior,Will the highest temperature in Hong Kong be 33°C or higher on June 17?,event_label,outputs/v2/diagnostics/phase10_gp_market_comparison/phase10_exact_common_support_event_panel.csv
2026-06-17,24h_prior,Will the highest temperature in Hong Kong be 23°C or below on June 17?,event_label,outputs/v2/diagnostics/phase10_gp_market_comparison/phase10_exact_common_support_event_panel.csv
2026-06-17,24h_prior,Will the highest temperature in Hong Kong be 24°C on June 17?,event_label,outputs/v2/diagnostics/phase10_gp_market_comparison/phase10_exact_common_support_event_panel.csv
2026-06-17,24h_prior,Will the highest temperature in Hong Kong be 25°C on June 17?,event_label,outputs/v2/diagnostics/phase10_gp_market_comparison/phase10_exact_common_support_event_panel.csv
2026-06-17,24h_prior,Will the highest temperature in Hong Kong be 26°C on June 17?,event_label,outputs/v2/diagnostics/phase10_gp_market_comparison/phase10_exact_common_support_event_panel.csv
2026-06-17,24h_prior,Will the highest temperature in Hong Kong be 27°C on June 17?,event_label,outputs/v2/diagnostics/phase10_gp_market_comparison/phase10_exact_common_support_event_panel.csv
2026-06-17,24h_prior,Will the highest temperature in Hong Kong be 28°C on June 17?,event_label,outputs/v2/diagnostics/phase10_gp_market_comparison/phase10_exact_common_support_event_panel.csv
2026-06-17,24h_prior,Will the highest temperature in Hong Kong be 29°C on June 17?,event_label,outputs/v2/diagnostics/phase10_gp_market_comparison/phase10_exact_common_support_event_panel.csv
2026-06-17,24h_prior,Will the highest temperature in Hong Kong be 30°C on June 17?,event_label,outputs/v2/diagnostics/phase10_gp_market_comparison/phase10_exact_common_support_event_panel.csv
2026-06-17,24h_prior,Will the highest temperature in Hong Kong be 31°C on June 17?,event_label,outputs/v2/diagnostics/phase10_gp_market_comparison/phase10_exact_common_support_event_panel.csv
2026-06-17,24h_prior,Will the highest temperature in Hong Kong be 32°C on June 17?,event_label,outputs/v2/diagnostics/phase10_gp_market_comparison/phase10_exact_common_support_event_panel.csv
2026-06-17,24h_prior,Will the highest temperature in Hong Kong be 33°C or higher on June 17?,event_label,outputs/v2/diagnostics/phase10_gp_market_comparison/phase10_exact_common_support_event_panel.csv
2026-06-17,6h_prior,Will the highest temperature in Hong Kong be 23°C or below on June 17?,event_label,outputs/v2/diagnostics/phase10_gp_market_comparison/phase10_exact_common_support_event_panel.csv
2026-06-17,6h_prior,Will the highest temperature in Hong Kong be 24°C on June 17?,event_label,outputs/v2/diagnostics/phase10_gp_market_comparison/phase10_exact_common_support_event_panel.csv
2026-06-17,6h_prior,Will the highest temperature in Hong Kong be 25°C on June 17?,event_label,outputs/v2/diagnostics/phase10_gp_market_comparison/phase10_exact_common_support_event_panel.csv
2026-06-17,6h_prior,Will the highest temperature in Hong Kong be 26°C on June 17?,event_label,outputs/v2/diagnostics/phase10_gp_market_comparison/phase10_exact_common_support_event_panel.csv
2026-06-17,6h_prior,Will the highest temperature in Hong Kong be 27°C on June 17?,event_label,outputs/v2/diagnostics/phase10_gp_market_comparison/phase10_exact_common_support_event_panel.csv
2026-06-17,6h_prior,Will the highest temperature in Hong Kong be 28°C on June 17?,event_label,outputs/v2/diagnostics/phase10_gp_market_comparison/phase10_exact_common_support_event_panel.csv
2026-06-17,6h_prior,Will the highest temperature in Hong Kong be 29°C on June 17?,event_label,outputs/v2/diagnostics/phase10_gp_market_comparison/phase10_exact_common_support_event_panel.csv
2026-06-17,6h_prior,Will the highest temperature in Hong Kong be 30°C on June 17?,event_label,outputs/v2/diagnostics/phase10_gp_market_comparison/phase10_exact_common_support_event_panel.csv
2026-06-17,6h_prior,Will the highest temperature in Hong Kong be 31°C on June 17?,event_label,outputs/v2/diagnostics/phase10_gp_market_comparison/phase10_exact_common_support_event_panel.csv
2026-06-17,6h_prior,Will the highest temperature in Hong Kong be 32°C on June 17?,event_label,outputs/v2/diagnostics/phase10_gp_market_comparison/phase10_exact_common_support_event_panel.csv
2026-06-17,6h_prior,Will the highest temperature in Hong Kong be 33°C or higher on June 17?,event_label,outputs/v2/diagnostics/phase10_gp_market_comparison/phase10_exact_common_support_event_panel.csv
2026-06-17,event_day_open,Will the highest temperature in Hong Kong be 23°C or below on June 17?,event_label,outputs/v2/diagnostics/phase10_gp_market_comparison/phase10_exact_common_support_event_panel.csv
2026-06-17,event_day_open,Will the highest temperature in Hong Kong be 24°C on June 17?,event_label,outputs/v2/diagnostics/phase10_gp_market_comparison/phase10_exact_common_support_event_panel.csv
2026-06-17,event_day_open,Will the highest temperature in Hong Kong be 25°C on June 17?,event_label,outputs/v2/diagnostics/phase10_gp_market_comparison/phase10_exact_common_support_event_panel.csv
2026-06-17,event_day_open,Will the highest temperature in Hong Kong be 26°C on June 17?,event_label,outputs/v2/diagnostics/phase10_gp_market_comparison/phase10_exact_common_support_event_panel.csv
2026-06-17,event_day_open,Will the highest temperature in Hong Kong be 27°C on June 17?,event_label,outputs/v2/diagnostics/phase10_gp_market_comparison/phase10_exact_common_support_event_panel.csv
2026-06-17,event_day_open,Will the highest temperature in Hong Kong be 28°C on June 17?,event_label,outputs/v2/diagnostics/phase10_gp_market_comparison/phase10_exact_common_support_event_panel.csv
2026-06-17,event_day_open,Will the highest temperature in Hong Kong be 29°C on June 17?,event_label,outputs/v2/diagnostics/phase10_gp_market_comparison/phase10_exact_common_support_event_panel.csv
2026-06-17,event_day_open,Will the highest temperature in Hong Kong be 30°C on June 17?,event_label,outputs/v2/diagnostics/phase10_gp_market_comparison/phase10_exact_common_support_event_panel.csv
2026-06-17,event_day_open,Will the highest temperature in Hong Kong be 31°C on June 17?,event_label,outputs/v2/diagnostics/phase10_gp_market_comparison/phase10_exact_common_support_event_panel.csv
2026-06-17,event_day_open,Will the highest temperature in Hong Kong be 32°C on June 17?,event_label,outputs/v2/diagnostics/phase10_gp_market_comparison/phase10_exact_common_support_event_panel.csv
2026-06-17,event_day_open,Will the highest temperature in Hong Kong be 33°C or higher on June 17?,event_label,outputs/v2/diagnostics/phase10_gp_market_comparison/phase10_exact_common_support_event_panel.csv
2026-06-18,12h_prior,Will the highest temperature in Hong Kong be 24°C or below on June 18?,event_label,outputs/v2/diagnostics/phase10_gp_market_comparison/phase10_exact_common_support_event_panel.csv
2026-06-18,12h_prior,Will the highest temperature in Hong Kong be 25°C on June 18?,event_label,outputs/v2/diagnostics/phase10_gp_market_comparison/phase10_exact_common_support_event_panel.csv
2026-06-18,12h_prior,Will the highest temperature in Hong Kong be 26°C on June 18?,event_label,outputs/v2/diagnostics/phase10_gp_market_comparison/phase10_exact_common_support_event_panel.csv
2026-06-18,12h_prior,Will the highest temperature in Hong Kong be 27°C on June 18?,event_label,outputs/v2/diagnostics/phase10_gp_market_comparison/phase10_exact_common_support_event_panel.csv
2026-06-18,12h_prior,Will the highest temperature in Hong Kong be 28°C on June 18?,event_label,outputs/v2/diagnostics/phase10_gp_market_comparison/phase10_exact_common_support_event_panel.csv
2026-06-18,12h_prior,Will the highest temperature in Hong Kong be 29°C on June 18?,event_label,outputs/v2/diagnostics/phase10_gp_market_comparison/phase10_exact_common_support_event_panel.csv
2026-06-18,12h_prior,Will the highest temperature in Hong Kong be 30°C on June 18?,event_label,outputs/v2/diagnostics/phase10_gp_market_comparison/phase10_exact_common_support_event_panel.csv
2026-06-18,12h_prior,Will the highest temperature in Hong Kong be 31°C on June 18?,event_label,outputs/v2/diagnostics/phase10_gp_market_comparison/phase10_exact_common_support_event_panel.csv
2026-06-18,12h_prior,Will the highest temperature in Hong Kong be 32°C on June 18?,event_label,outputs/v2/diagnostics/phase10_gp_market_comparison/phase10_exact_common_support_event_panel.csv
2026-06-18,12h_prior,Will the highest temperature in Hong Kong be 33°C on June 18?,event_label,outputs/v2/diagnostics/phase10_gp_market_comparison/phase10_exact_common_support_event_panel.csv
2026-06-18,12h_prior,Will the highest temperature in Hong Kong be 34°C or higher on June 18?,event_label,outputs/v2/diagnostics/phase10_gp_market_comparison/phase10_exact_common_support_event_panel.csv
2026-06-18,24h_prior,Will the highest temperature in Hong Kong be 24°C or below on June 18?,event_label,outputs/v2/diagnostics/phase10_gp_market_comparison/phase10_exact_common_support_event_panel.csv
2026-06-18,24h_prior,Will the highest temperature in Hong Kong be 25°C on June 18?,event_label,outputs/v2/diagnostics/phase10_gp_market_comparison/phase10_exact_common_support_event_panel.csv
2026-06-18,24h_prior,Will the highest temperature in Hong Kong be 26°C on June 18?,event_label,outputs/v2/diagnostics/phase10_gp_market_comparison/phase10_exact_common_support_event_panel.csv
2026-06-18,24h_prior,Will the highest temperature in Hong Kong be 27°C on June 18?,event_label,outputs/v2/diagnostics/phase10_gp_market_comparison/phase10_exact_common_support_event_panel.csv
2026-06-18,24h_prior,Will the highest temperature in Hong Kong be 28°C on June 18?,event_label,outputs/v2/diagnostics/phase10_gp_market_comparison/phase10_exact_common_support_event_panel.csv
2026-06-18,24h_prior,Will the highest temperature in Hong Kong be 29°C on June 18?,event_label,outputs/v2/diagnostics/phase10_gp_market_comparison/phase10_exact_common_support_event_panel.csv
2026-06-18,24h_prior,Will the highest temperature in Hong Kong be 30°C on June 18?,event_label,outputs/v2/diagnostics/phase10_gp_market_comparison/phase10_exact_common_support_event_panel.csv
2026-06-18,24h_prior,Will the highest temperature in Hong Kong be 31°C on June 18?,event_label,outputs/v2/diagnostics/phase10_gp_market_comparison/phase10_exact_common_support_event_panel.csv
2026-06-18,24h_prior,Will the highest temperature in Hong Kong be 32°C on June 18?,event_label,outputs/v2/diagnostics/phase10_gp_market_comparison/phase10_exact_common_support_event_panel.csv
2026-06-18,24h_prior,Will the highest temperature in Hong Kong be 33°C on June 18?,event_label,outputs/v2/diagnostics/phase10_gp_market_comparison/phase10_exact_common_support_event_panel.csv
2026-06-18,24h_prior,Will the highest temperature in Hong Kong be 34°C or higher on June 18?,event_label,outputs/v2/diagnostics/phase10_gp_market_comparison/phase10_exact_common_support_event_panel.csv
2026-06-18,6h_prior,Will the highest temperature in Hong Kong be 24°C or below on June 18?,event_label,outputs/v2/diagnostics/phase10_gp_market_comparison/phase10_exact_common_support_event_panel.csv
2026-06-18,6h_prior,Will the highest temperature in Hong Kong be 25°C on June 18?,event_label,outputs/v2/diagnostics/phase10_gp_market_comparison/phase10_exact_common_support_event_panel.csv
2026-06-18,6h_prior,Will the highest temperature in Hong Kong be 26°C on June 18?,event_label,outputs/v2/diagnostics/phase10_gp_market_comparison/phase10_exact_common_support_event_panel.csv
2026-06-18,6h_prior,Will the highest temperature in Hong Kong be 27°C on June 18?,event_label,outputs/v2/diagnostics/phase10_gp_market_comparison/phase10_exact_common_support_event_panel.csv
2026-06-18,6h_prior,Will the highest temperature in Hong Kong be 28°C on June 18?,event_label,outputs/v2/diagnostics/phase10_gp_market_comparison/phase10_exact_common_support_event_panel.csv
2026-06-18,6h_prior,Will the highest temperature in Hong Kong be 29°C on June 18?,event_label,outputs/v2/diagnostics/phase10_gp_market_comparison/phase10_exact_common_support_event_panel.csv
2026-06-18,6h_prior,Will the highest temperature in Hong Kong be 30°C on June 18?,event_label,outputs/v2/diagnostics/phase10_gp_market_comparison/phase10_exact_common_support_event_panel.csv
2026-06-18,6h_prior,Will the highest temperature in Hong Kong be 31°C on June 18?,event_label,outputs/v2/diagnostics/phase10_gp_market_comparison/phase10_exact_common_support_event_panel.csv
2026-06-18,6h_prior,Will the highest temperature in Hong Kong be 32°C on June 18?,event_label,outputs/v2/diagnostics/phase10_gp_market_comparison/phase10_exact_common_support_event_panel.csv
2026-06-18,6h_prior,Will the highest temperature in Hong Kong be 33°C on June 18?,event_label,outputs/v2/diagnostics/phase10_gp_market_comparison/phase10_exact_common_support_event_panel.csv
2026-06-18,6h_prior,Will the highest temperature in Hong Kong be 34°C or higher on June 18?,event_label,outputs/v2/diagnostics/phase10_gp_market_comparison/phase10_exact_common_support_event_panel.csv
2026-06-18,event_day_open,Will the highest temperature in Hong Kong be 24°C or below on June 18?,event_label,outputs/v2/diagnostics/phase10_gp_market_comparison/phase10_exact_common_support_event_panel.csv
2026-06-18,event_day_open,Will the highest temperature in Hong Kong be 25°C on June 18?,event_label,outputs/v2/diagnostics/phase10_gp_market_comparison/phase10_exact_common_support_event_panel.csv
2026-06-18,event_day_open,Will the highest temperature in Hong Kong be 26°C on June 18?,event_label,outputs/v2/diagnostics/phase10_gp_market_comparison/phase10_exact_common_support_event_panel.csv
2026-06-18,event_day_open,Will the highest temperature in Hong Kong be 27°C on June 18?,event_label,outputs/v2/diagnostics/phase10_gp_market_comparison/phase10_exact_common_support_event_panel.csv
2026-06-18,event_day_open,Will the highest temperature in Hong Kong be 28°C on June 18?,event_label,outputs/v2/diagnostics/phase10_gp_market_comparison/phase10_exact_common_support_event_panel.csv
2026-06-18,event_day_open,Will the highest temperature in Hong Kong be 29°C on June 18?,event_label,outputs/v2/diagnostics/phase10_gp_market_comparison/phase10_exact_common_support_event_panel.csv
2026-06-18,event_day_open,Will the highest temperature in Hong Kong be 30°C on June 18?,event_label,outputs/v2/diagnostics/phase10_gp_market_comparison/phase10_exact_common_support_event_panel.csv
2026-06-18,event_day_open,Will the highest temperature in Hong Kong be 31°C on June 18?,event_label,outputs/v2/diagnostics/phase10_gp_market_comparison/phase10_exact_common_support_event_panel.csv
2026-06-18,event_day_open,Will the highest temperature in Hong Kong be 32°C on June 18?,event_label,outputs/v2/diagnostics/phase10_gp_market_comparison/phase10_exact_common_support_event_panel.csv
2026-06-18,event_day_open,Will the highest temperature in Hong Kong be 33°C on June 18?,event_label,outputs/v2/diagnostics/phase10_gp_market_comparison/phase10_exact_common_support_event_panel.csv
2026-06-18,event_day_open,Will the highest temperature in Hong Kong be 34°C or higher on June 18?,event_label,outputs/v2/diagnostics/phase10_gp_market_comparison/phase10_exact_common_support_event_panel.csv
2026-06-19,12h_prior,Will the highest temperature in Hong Kong be 25°C or below on June 19?,event_label,outputs/v2/diagnostics/phase10_gp_market_comparison/phase10_exact_common_support_event_panel.csv
2026-06-19,12h_prior,Will the highest temperature in Hong Kong be 26°C on June 19?,event_label,outputs/v2/diagnostics/phase10_gp_market_comparison/phase10_exact_common_support_event_panel.csv
2026-06-19,12h_prior,Will the highest temperature in Hong Kong be 27°C on June 19?,event_label,outputs/v2/diagnostics/phase10_gp_market_comparison/phase10_exact_common_support_event_panel.csv
2026-06-19,12h_prior,Will the highest temperature in Hong Kong be 28°C on June 19?,event_label,outputs/v2/diagnostics/phase10_gp_market_comparison/phase10_exact_common_support_event_panel.csv
2026-06-19,12h_prior,Will the highest temperature in Hong Kong be 29°C on June 19?,event_label,outputs/v2/diagnostics/phase10_gp_market_comparison/phase10_exact_common_support_event_panel.csv
2026-06-19,12h_prior,Will the highest temperature in Hong Kong be 30°C on June 19?,event_label,outputs/v2/diagnostics/phase10_gp_market_comparison/phase10_exact_common_support_event_panel.csv
2026-06-19,12h_prior,Will the highest temperature in Hong Kong be 31°C on June 19?,event_label,outputs/v2/diagnostics/phase10_gp_market_comparison/phase10_exact_common_support_event_panel.csv
2026-06-19,12h_prior,Will the highest temperature in Hong Kong be 32°C on June 19?,event_label,outputs/v2/diagnostics/phase10_gp_market_comparison/phase10_exact_common_support_event_panel.csv
2026-06-19,12h_prior,Will the highest temperature in Hong Kong be 33°C on June 19?,event_label,outputs/v2/diagnostics/phase10_gp_market_comparison/phase10_exact_common_support_event_panel.csv
2026-06-19,12h_prior,Will the highest temperature in Hong Kong be 34°C on June 19?,event_label,outputs/v2/diagnostics/phase10_gp_market_comparison/phase10_exact_common_support_event_panel.csv
2026-06-19,12h_prior,Will the highest temperature in Hong Kong be 35°C or higher on June 19?,event_label,outputs/v2/diagnostics/phase10_gp_market_comparison/phase10_exact_common_support_event_panel.csv
2026-06-19,24h_prior,Will the highest temperature in Hong Kong be 25°C or below on June 19?,event_label,outputs/v2/diagnostics/phase10_gp_market_comparison/phase10_exact_common_support_event_panel.csv
2026-06-19,24h_prior,Will the highest temperature in Hong Kong be 26°C on June 19?,event_label,outputs/v2/diagnostics/phase10_gp_market_comparison/phase10_exact_common_support_event_panel.csv
2026-06-19,24h_prior,Will the highest temperature in Hong Kong be 27°C on June 19?,event_label,outputs/v2/diagnostics/phase10_gp_market_comparison/phase10_exact_common_support_event_panel.csv
2026-06-19,24h_prior,Will the highest temperature in Hong Kong be 28°C on June 19?,event_label,outputs/v2/diagnostics/phase10_gp_market_comparison/phase10_exact_common_support_event_panel.csv
2026-06-19,24h_prior,Will the highest temperature in Hong Kong be 29°C on June 19?,event_label,outputs/v2/diagnostics/phase10_gp_market_comparison/phase10_exact_common_support_event_panel.csv
2026-06-19,24h_prior,Will the highest temperature in Hong Kong be 30°C on June 19?,event_label,outputs/v2/diagnostics/phase10_gp_market_comparison/phase10_exact_common_support_event_panel.csv
2026-06-19,24h_prior,Will the highest temperature in Hong Kong be 31°C on June 19?,event_label,outputs/v2/diagnostics/phase10_gp_market_comparison/phase10_exact_common_support_event_panel.csv
2026-06-19,24h_prior,Will the highest temperature in Hong Kong be 32°C on June 19?,event_label,outputs/v2/diagnostics/phase10_gp_market_comparison/phase10_exact_common_support_event_panel.csv
2026-06-19,24h_prior,Will the highest temperature in Hong Kong be 33°C on June 19?,event_label,outputs/v2/diagnostics/phase10_gp_market_comparison/phase10_exact_common_support_event_panel.csv
2026-06-19,24h_prior,Will the highest temperature in Hong Kong be 34°C on June 19?,event_label,outputs/v2/diagnostics/phase10_gp_market_comparison/phase10_exact_common_support_event_panel.csv
2026-06-19,24h_prior,Will the highest temperature in Hong Kong be 35°C or higher on June 19?,event_label,outputs/v2/diagnostics/phase10_gp_market_comparison/phase10_exact_common_support_event_panel.csv
2026-06-19,6h_prior,Will the highest temperature in Hong Kong be 25°C or below on June 19?,event_label,outputs/v2/diagnostics/phase10_gp_market_comparison/phase10_exact_common_support_event_panel.csv
2026-06-19,6h_prior,Will the highest temperature in Hong Kong be 26°C on June 19?,event_label,outputs/v2/diagnostics/phase10_gp_market_comparison/phase10_exact_common_support_event_panel.csv
2026-06-19,6h_prior,Will the highest temperature in Hong Kong be 27°C on June 19?,event_label,outputs/v2/diagnostics/phase10_gp_market_comparison/phase10_exact_common_support_event_panel.csv
2026-06-19,6h_prior,Will the highest temperature in Hong Kong be 28°C on June 19?,event_label,outputs/v2/diagnostics/phase10_gp_market_comparison/phase10_exact_common_support_event_panel.csv
2026-06-19,6h_prior,Will the highest temperature in Hong Kong be 29°C on June 19?,event_label,outputs/v2/diagnostics/phase10_gp_market_comparison/phase10_exact_common_support_event_panel.csv
2026-06-19,6h_prior,Will the highest temperature in Hong Kong be 30°C on June 19?,event_label,outputs/v2/diagnostics/phase10_gp_market_comparison/phase10_exact_common_support_event_panel.csv
2026-06-19,6h_prior,Will the highest temperature in Hong Kong be 31°C on June 19?,event_label,outputs/v2/diagnostics/phase10_gp_market_comparison/phase10_exact_common_support_event_panel.csv
2026-06-19,6h_prior,Will the highest temperature in Hong Kong be 32°C on June 19?,event_label,outputs/v2/diagnostics/phase10_gp_market_comparison/phase10_exact_common_support_event_panel.csv
2026-06-19,6h_prior,Will the highest temperature in Hong Kong be 33°C on June 19?,event_label,outputs/v2/diagnostics/phase10_gp_market_comparison/phase10_exact_common_support_event_panel.csv
2026-06-19,6h_prior,Will the highest temperature in Hong Kong be 34°C on June 19?,event_label,outputs/v2/diagnostics/phase10_gp_market_comparison/phase10_exact_common_support_event_panel.csv
2026-06-19,6h_prior,Will the highest temperature in Hong Kong be 35°C or higher on June 19?,event_label,outputs/v2/diagnostics/phase10_gp_market_comparison/phase10_exact_common_support_event_panel.csv
2026-06-19,event_day_open,Will the highest temperature in Hong Kong be 25°C or below on June 19?,event_label,outputs/v2/diagnostics/phase10_gp_market_comparison/phase10_exact_common_support_event_panel.csv
2026-06-19,event_day_open,Will the highest temperature in Hong Kong be 26°C on June 19?,event_label,outputs/v2/diagnostics/phase10_gp_market_comparison/phase10_exact_common_support_event_panel.csv
2026-06-19,event_day_open,Will the highest temperature in Hong Kong be 27°C on June 19?,event_label,outputs/v2/diagnostics/phase10_gp_market_comparison/phase10_exact_common_support_event_panel.csv
2026-06-19,event_day_open,Will the highest temperature in Hong Kong be 28°C on June 19?,event_label,outputs/v2/diagnostics/phase10_gp_market_comparison/phase10_exact_common_support_event_panel.csv
2026-06-19,event_day_open,Will the highest temperature in Hong Kong be 29°C on June 19?,event_label,outputs/v2/diagnostics/phase10_gp_market_comparison/phase10_exact_common_support_event_panel.csv
2026-06-19,event_day_open,Will the highest temperature in Hong Kong be 30°C on June 19?,event_label,outputs/v2/diagnostics/phase10_gp_market_comparison/phase10_exact_common_support_event_panel.csv
2026-06-19,event_day_open,Will the highest temperature in Hong Kong be 31°C on June 19?,event_label,outputs/v2/diagnostics/phase10_gp_market_comparison/phase10_exact_common_support_event_panel.csv
2026-06-19,event_day_open,Will the highest temperature in Hong Kong be 32°C on June 19?,event_label,outputs/v2/diagnostics/phase10_gp_market_comparison/phase10_exact_common_support_event_panel.csv
2026-06-19,event_day_open,Will the highest temperature in Hong Kong be 33°C on June 19?,event_label,outputs/v2/diagnostics/phase10_gp_market_comparison/phase10_exact_common_support_event_panel.csv
2026-06-19,event_day_open,Will the highest temperature in Hong Kong be 34°C on June 19?,event_label,outputs/v2/diagnostics/phase10_gp_market_comparison/phase10_exact_common_support_event_panel.csv
2026-06-19,event_day_open,Will the highest temperature in Hong Kong be 35°C or higher on June 19?,event_label,outputs/v2/diagnostics/phase10_gp_market_comparison/phase10_exact_common_support_event_panel.csv
2026-06-20,12h_prior,Will the highest temperature in Hong Kong be 25°C or below on June 20?,event_label,outputs/v2/diagnostics/phase10_gp_market_comparison/phase10_exact_common_support_event_panel.csv
2026-06-20,12h_prior,Will the highest temperature in Hong Kong be 26°C on June 20?,event_label,outputs/v2/diagnostics/phase10_gp_market_comparison/phase10_exact_common_support_event_panel.csv
2026-06-20,12h_prior,Will the highest temperature in Hong Kong be 27°C on June 20?,event_label,outputs/v2/diagnostics/phase10_gp_market_comparison/phase10_exact_common_support_event_panel.csv
2026-06-20,12h_prior,Will the highest temperature in Hong Kong be 28°C on June 20?,event_label,outputs/v2/diagnostics/phase10_gp_market_comparison/phase10_exact_common_support_event_panel.csv
2026-06-20,12h_prior,Will the highest temperature in Hong Kong be 29°C on June 20?,event_label,outputs/v2/diagnostics/phase10_gp_market_comparison/phase10_exact_common_support_event_panel.csv
2026-06-20,12h_prior,Will the highest temperature in Hong Kong be 30°C on June 20?,event_label,outputs/v2/diagnostics/phase10_gp_market_comparison/phase10_exact_common_support_event_panel.csv
2026-06-20,12h_prior,Will the highest temperature in Hong Kong be 31°C on June 20?,event_label,outputs/v2/diagnostics/phase10_gp_market_comparison/phase10_exact_common_support_event_panel.csv
2026-06-20,12h_prior,Will the highest temperature in Hong Kong be 32°C on June 20?,event_label,outputs/v2/diagnostics/phase10_gp_market_comparison/phase10_exact_common_support_event_panel.csv
2026-06-20,12h_prior,Will the highest temperature in Hong Kong be 33°C on June 20?,event_label,outputs/v2/diagnostics/phase10_gp_market_comparison/phase10_exact_common_support_event_panel.csv
2026-06-20,12h_prior,Will the highest temperature in Hong Kong be 34°C on June 20?,event_label,outputs/v2/diagnostics/phase10_gp_market_comparison/phase10_exact_common_support_event_panel.csv
2026-06-20,12h_prior,Will the highest temperature in Hong Kong be 35°C or higher on June 20?,event_label,outputs/v2/diagnostics/phase10_gp_market_comparison/phase10_exact_common_support_event_panel.csv
2026-06-20,24h_prior,Will the highest temperature in Hong Kong be 25°C or below on June 20?,event_label,outputs/v2/diagnostics/phase10_gp_market_comparison/phase10_exact_common_support_event_panel.csv
2026-06-20,24h_prior,Will the highest temperature in Hong Kong be 26°C on June 20?,event_label,outputs/v2/diagnostics/phase10_gp_market_comparison/phase10_exact_common_support_event_panel.csv
2026-06-20,24h_prior,Will the highest temperature in Hong Kong be 27°C on June 20?,event_label,outputs/v2/diagnostics/phase10_gp_market_comparison/phase10_exact_common_support_event_panel.csv
2026-06-20,24h_prior,Will the highest temperature in Hong Kong be 28°C on June 20?,event_label,outputs/v2/diagnostics/phase10_gp_market_comparison/phase10_exact_common_support_event_panel.csv
2026-06-20,24h_prior,Will the highest temperature in Hong Kong be 29°C on June 20?,event_label,outputs/v2/diagnostics/phase10_gp_market_comparison/phase10_exact_common_support_event_panel.csv
2026-06-20,24h_prior,Will the highest temperature in Hong Kong be 30°C on June 20?,event_label,outputs/v2/diagnostics/phase10_gp_market_comparison/phase10_exact_common_support_event_panel.csv
2026-06-20,24h_prior,Will the highest temperature in Hong Kong be 31°C on June 20?,event_label,outputs/v2/diagnostics/phase10_gp_market_comparison/phase10_exact_common_support_event_panel.csv
2026-06-20,24h_prior,Will the highest temperature in Hong Kong be 32°C on June 20?,event_label,outputs/v2/diagnostics/phase10_gp_market_comparison/phase10_exact_common_support_event_panel.csv
2026-06-20,24h_prior,Will the highest temperature in Hong Kong be 33°C on June 20?,event_label,outputs/v2/diagnostics/phase10_gp_market_comparison/phase10_exact_common_support_event_panel.csv
2026-06-20,24h_prior,Will the highest temperature in Hong Kong be 34°C on June 20?,event_label,outputs/v2/diagnostics/phase10_gp_market_comparison/phase10_exact_common_support_event_panel.csv
2026-06-20,24h_prior,Will the highest temperature in Hong Kong be 35°C or higher on June 20?,event_label,outputs/v2/diagnostics/phase10_gp_market_comparison/phase10_exact_common_support_event_panel.csv
2026-06-20,6h_prior,Will the highest temperature in Hong Kong be 25°C or below on June 20?,event_label,outputs/v2/diagnostics/phase10_gp_market_comparison/phase10_exact_common_support_event_panel.csv
2026-06-20,6h_prior,Will the highest temperature in Hong Kong be 26°C on June 20?,event_label,outputs/v2/diagnostics/phase10_gp_market_comparison/phase10_exact_common_support_event_panel.csv
2026-06-20,6h_prior,Will the highest temperature in Hong Kong be 27°C on June 20?,event_label,outputs/v2/diagnostics/phase10_gp_market_comparison/phase10_exact_common_support_event_panel.csv
2026-06-20,6h_prior,Will the highest temperature in Hong Kong be 28°C on June 20?,event_label,outputs/v2/diagnostics/phase10_gp_market_comparison/phase10_exact_common_support_event_panel.csv
2026-06-20,6h_prior,Will the highest temperature in Hong Kong be 29°C on June 20?,event_label,outputs/v2/diagnostics/phase10_gp_market_comparison/phase10_exact_common_support_event_panel.csv
2026-06-20,6h_prior,Will the highest temperature in Hong Kong be 30°C on June 20?,event_label,outputs/v2/diagnostics/phase10_gp_market_comparison/phase10_exact_common_support_event_panel.csv
2026-06-20,6h_prior,Will the highest temperature in Hong Kong be 31°C on June 20?,event_label,outputs/v2/diagnostics/phase10_gp_market_comparison/phase10_exact_common_support_event_panel.csv
2026-06-20,6h_prior,Will the highest temperature in Hong Kong be 32°C on June 20?,event_label,outputs/v2/diagnostics/phase10_gp_market_comparison/phase10_exact_common_support_event_panel.csv
2026-06-20,6h_prior,Will the highest temperature in Hong Kong be 33°C on June 20?,event_label,outputs/v2/diagnostics/phase10_gp_market_comparison/phase10_exact_common_support_event_panel.csv
2026-06-20,6h_prior,Will the highest temperature in Hong Kong be 34°C on June 20?,event_label,outputs/v2/diagnostics/phase10_gp_market_comparison/phase10_exact_common_support_event_panel.csv
2026-06-20,6h_prior,Will the highest temperature in Hong Kong be 35°C or higher on June 20?,event_label,outputs/v2/diagnostics/phase10_gp_market_comparison/phase10_exact_common_support_event_panel.csv
2026-06-20,event_day_open,Will the highest temperature in Hong Kong be 25°C or below on June 20?,event_label,outputs/v2/diagnostics/phase10_gp_market_comparison/phase10_exact_common_support_event_panel.csv
2026-06-20,event_day_open,Will the highest temperature in Hong Kong be 26°C on June 20?,event_label,outputs/v2/diagnostics/phase10_gp_market_comparison/phase10_exact_common_support_event_panel.csv
2026-06-20,event_day_open,Will the highest temperature in Hong Kong be 27°C on June 20?,event_label,outputs/v2/diagnostics/phase10_gp_market_comparison/phase10_exact_common_support_event_panel.csv
2026-06-20,event_day_open,Will the highest temperature in Hong Kong be 28°C on June 20?,event_label,outputs/v2/diagnostics/phase10_gp_market_comparison/phase10_exact_common_support_event_panel.csv
2026-06-20,event_day_open,Will the highest temperature in Hong Kong be 29°C on June 20?,event_label,outputs/v2/diagnostics/phase10_gp_market_comparison/phase10_exact_common_support_event_panel.csv
2026-06-20,event_day_open,Will the highest temperature in Hong Kong be 30°C on June 20?,event_label,outputs/v2/diagnostics/phase10_gp_market_comparison/phase10_exact_common_support_event_panel.csv
2026-06-20,event_day_open,Will the highest temperature in Hong Kong be 31°C on June 20?,event_label,outputs/v2/diagnostics/phase10_gp_market_comparison/phase10_exact_common_support_event_panel.csv
2026-06-20,event_day_open,Will the highest temperature in Hong Kong be 32°C on June 20?,event_label,outputs/v2/diagnostics/phase10_gp_market_comparison/phase10_exact_common_support_event_panel.csv
2026-06-20,event_day_open,Will the highest temperature in Hong Kong be 33°C on June 20?,event_label,outputs/v2/diagnostics/phase10_gp_market_comparison/phase10_exact_common_support_event_panel.csv
2026-06-20,event_day_open,Will the highest temperature in Hong Kong be 34°C on June 20?,event_label,outputs/v2/diagnostics/phase10_gp_market_comparison/phase10_exact_common_support_event_panel.csv
2026-06-20,event_day_open,Will the highest temperature in Hong Kong be 35°C or higher on June 20?,event_label,outputs/v2/diagnostics/phase10_gp_market_comparison/phase10_exact_common_support_event_panel.csv
2026-06-21,12h_prior,Will the highest temperature in Hong Kong be 26°C or below on June 21?,event_label,outputs/v2/diagnostics/phase10_gp_market_comparison/phase10_exact_common_support_event_panel.csv
2026-06-21,12h_prior,Will the highest temperature in Hong Kong be 27°C on June 21?,event_label,outputs/v2/diagnostics/phase10_gp_market_comparison/phase10_exact_common_support_event_panel.csv
2026-06-21,12h_prior,Will the highest temperature in Hong Kong be 28°C on June 21?,event_label,outputs/v2/diagnostics/phase10_gp_market_comparison/phase10_exact_common_support_event_panel.csv
2026-06-21,12h_prior,Will the highest temperature in Hong Kong be 29°C on June 21?,event_label,outputs/v2/diagnostics/phase10_gp_market_comparison/phase10_exact_common_support_event_panel.csv
2026-06-21,12h_prior,Will the highest temperature in Hong Kong be 30°C on June 21?,event_label,outputs/v2/diagnostics/phase10_gp_market_comparison/phase10_exact_common_support_event_panel.csv
2026-06-21,12h_prior,Will the highest temperature in Hong Kong be 31°C on June 21?,event_label,outputs/v2/diagnostics/phase10_gp_market_comparison/phase10_exact_common_support_event_panel.csv
2026-06-21,12h_prior,Will the highest temperature in Hong Kong be 32°C on June 21?,event_label,outputs/v2/diagnostics/phase10_gp_market_comparison/phase10_exact_common_support_event_panel.csv
2026-06-21,12h_prior,Will the highest temperature in Hong Kong be 33°C on June 21?,event_label,outputs/v2/diagnostics/phase10_gp_market_comparison/phase10_exact_common_support_event_panel.csv
2026-06-21,12h_prior,Will the highest temperature in Hong Kong be 34°C on June 21?,event_label,outputs/v2/diagnostics/phase10_gp_market_comparison/phase10_exact_common_support_event_panel.csv
2026-06-21,12h_prior,Will the highest temperature in Hong Kong be 35°C on June 21?,event_label,outputs/v2/diagnostics/phase10_gp_market_comparison/phase10_exact_common_support_event_panel.csv
2026-06-21,12h_prior,Will the highest temperature in Hong Kong be 36°C or higher on June 21?,event_label,outputs/v2/diagnostics/phase10_gp_market_comparison/phase10_exact_common_support_event_panel.csv
2026-06-21,24h_prior,Will the highest temperature in Hong Kong be 26°C or below on June 21?,event_label,outputs/v2/diagnostics/phase10_gp_market_comparison/phase10_exact_common_support_event_panel.csv
2026-06-21,24h_prior,Will the highest temperature in Hong Kong be 27°C on June 21?,event_label,outputs/v2/diagnostics/phase10_gp_market_comparison/phase10_exact_common_support_event_panel.csv
2026-06-21,24h_prior,Will the highest temperature in Hong Kong be 28°C on June 21?,event_label,outputs/v2/diagnostics/phase10_gp_market_comparison/phase10_exact_common_support_event_panel.csv
2026-06-21,24h_prior,Will the highest temperature in Hong Kong be 29°C on June 21?,event_label,outputs/v2/diagnostics/phase10_gp_market_comparison/phase10_exact_common_support_event_panel.csv
2026-06-21,24h_prior,Will the highest temperature in Hong Kong be 30°C on June 21?,event_label,outputs/v2/diagnostics/phase10_gp_market_comparison/phase10_exact_common_support_event_panel.csv
2026-06-21,24h_prior,Will the highest temperature in Hong Kong be 31°C on June 21?,event_label,outputs/v2/diagnostics/phase10_gp_market_comparison/phase10_exact_common_support_event_panel.csv
2026-06-21,24h_prior,Will the highest temperature in Hong Kong be 32°C on June 21?,event_label,outputs/v2/diagnostics/phase10_gp_market_comparison/phase10_exact_common_support_event_panel.csv
2026-06-21,24h_prior,Will the highest temperature in Hong Kong be 33°C on June 21?,event_label,outputs/v2/diagnostics/phase10_gp_market_comparison/phase10_exact_common_support_event_panel.csv
2026-06-21,24h_prior,Will the highest temperature in Hong Kong be 34°C on June 21?,event_label,outputs/v2/diagnostics/phase10_gp_market_comparison/phase10_exact_common_support_event_panel.csv
2026-06-21,24h_prior,Will the highest temperature in Hong Kong be 35°C on June 21?,event_label,outputs/v2/diagnostics/phase10_gp_market_comparison/phase10_exact_common_support_event_panel.csv
2026-06-21,24h_prior,Will the highest temperature in Hong Kong be 36°C or higher on June 21?,event_label,outputs/v2/diagnostics/phase10_gp_market_comparison/phase10_exact_common_support_event_panel.csv
2026-06-21,6h_prior,Will the highest temperature in Hong Kong be 26°C or below on June 21?,event_label,outputs/v2/diagnostics/phase10_gp_market_comparison/phase10_exact_common_support_event_panel.csv
2026-06-21,6h_prior,Will the highest temperature in Hong Kong be 27°C on June 21?,event_label,outputs/v2/diagnostics/phase10_gp_market_comparison/phase10_exact_common_support_event_panel.csv
2026-06-21,6h_prior,Will the highest temperature in Hong Kong be 28°C on June 21?,event_label,outputs/v2/diagnostics/phase10_gp_market_comparison/phase10_exact_common_support_event_panel.csv
2026-06-21,6h_prior,Will the highest temperature in Hong Kong be 29°C on June 21?,event_label,outputs/v2/diagnostics/phase10_gp_market_comparison/phase10_exact_common_support_event_panel.csv
2026-06-21,6h_prior,Will the highest temperature in Hong Kong be 30°C on June 21?,event_label,outputs/v2/diagnostics/phase10_gp_market_comparison/phase10_exact_common_support_event_panel.csv
2026-06-21,6h_prior,Will the highest temperature in Hong Kong be 31°C on June 21?,event_label,outputs/v2/diagnostics/phase10_gp_market_comparison/phase10_exact_common_support_event_panel.csv
2026-06-21,6h_prior,Will the highest temperature in Hong Kong be 32°C on June 21?,event_label,outputs/v2/diagnostics/phase10_gp_market_comparison/phase10_exact_common_support_event_panel.csv
2026-06-21,6h_prior,Will the highest temperature in Hong Kong be 33°C on June 21?,event_label,outputs/v2/diagnostics/phase10_gp_market_comparison/phase10_exact_common_support_event_panel.csv
2026-06-21,6h_prior,Will the highest temperature in Hong Kong be 34°C on June 21?,event_label,outputs/v2/diagnostics/phase10_gp_market_comparison/phase10_exact_common_support_event_panel.csv
2026-06-21,6h_prior,Will the highest temperature in Hong Kong be 35°C on June 21?,event_label,outputs/v2/diagnostics/phase10_gp_market_comparison/phase10_exact_common_support_event_panel.csv
2026-06-21,6h_prior,Will the highest temperature in Hong Kong be 36°C or higher on June 21?,event_label,outputs/v2/diagnostics/phase10_gp_market_comparison/phase10_exact_common_support_event_panel.csv
2026-06-21,event_day_open,Will the highest temperature in Hong Kong be 26°C or below on June 21?,event_label,outputs/v2/diagnostics/phase10_gp_market_comparison/phase10_exact_common_support_event_panel.csv
2026-06-21,event_day_open,Will the highest temperature in Hong Kong be 27°C on June 21?,event_label,outputs/v2/diagnostics/phase10_gp_market_comparison/phase10_exact_common_support_event_panel.csv
2026-06-21,event_day_open,Will the highest temperature in Hong Kong be 28°C on June 21?,event_label,outputs/v2/diagnostics/phase10_gp_market_comparison/phase10_exact_common_support_event_panel.csv
2026-06-21,event_day_open,Will the highest temperature in Hong Kong be 29°C on June 21?,event_label,outputs/v2/diagnostics/phase10_gp_market_comparison/phase10_exact_common_support_event_panel.csv
2026-06-21,event_day_open,Will the highest temperature in Hong Kong be 30°C on June 21?,event_label,outputs/v2/diagnostics/phase10_gp_market_comparison/phase10_exact_common_support_event_panel.csv
2026-06-21,event_day_open,Will the highest temperature in Hong Kong be 31°C on June 21?,event_label,outputs/v2/diagnostics/phase10_gp_market_comparison/phase10_exact_common_support_event_panel.csv
2026-06-21,event_day_open,Will the highest temperature in Hong Kong be 32°C on June 21?,event_label,outputs/v2/diagnostics/phase10_gp_market_comparison/phase10_exact_common_support_event_panel.csv
2026-06-21,event_day_open,Will the highest temperature in Hong Kong be 33°C on June 21?,event_label,outputs/v2/diagnostics/phase10_gp_market_comparison/phase10_exact_common_support_event_panel.csv
2026-06-21,event_day_open,Will the highest temperature in Hong Kong be 34°C on June 21?,event_label,outputs/v2/diagnostics/phase10_gp_market_comparison/phase10_exact_common_support_event_panel.csv
2026-06-21,event_day_open,Will the highest temperature in Hong Kong be 35°C on June 21?,event_label,outputs/v2/diagnostics/phase10_gp_market_comparison/phase10_exact_common_support_event_panel.csv
2026-06-21,event_day_open,Will the highest temperature in Hong Kong be 36°C or higher on June 21?,event_label,outputs/v2/diagnostics/phase10_gp_market_comparison/phase10_exact_common_support_event_panel.csv
2026-06-22,12h_prior,Will the highest temperature in Hong Kong be 26°C or below on June 22?,event_label,outputs/v2/diagnostics/phase10_gp_market_comparison/phase10_exact_common_support_event_panel.csv
2026-06-22,12h_prior,Will the highest temperature in Hong Kong be 27°C on June 22?,event_label,outputs/v2/diagnostics/phase10_gp_market_comparison/phase10_exact_common_support_event_panel.csv
2026-06-22,12h_prior,Will the highest temperature in Hong Kong be 28°C on June 22?,event_label,outputs/v2/diagnostics/phase10_gp_market_comparison/phase10_exact_common_support_event_panel.csv
2026-06-22,12h_prior,Will the highest temperature in Hong Kong be 29°C on June 22?,event_label,outputs/v2/diagnostics/phase10_gp_market_comparison/phase10_exact_common_support_event_panel.csv
2026-06-22,12h_prior,Will the highest temperature in Hong Kong be 30°C on June 22?,event_label,outputs/v2/diagnostics/phase10_gp_market_comparison/phase10_exact_common_support_event_panel.csv
2026-06-22,12h_prior,Will the highest temperature in Hong Kong be 31°C on June 22?,event_label,outputs/v2/diagnostics/phase10_gp_market_comparison/phase10_exact_common_support_event_panel.csv
2026-06-22,12h_prior,Will the highest temperature in Hong Kong be 32°C on June 22?,event_label,outputs/v2/diagnostics/phase10_gp_market_comparison/phase10_exact_common_support_event_panel.csv
2026-06-22,12h_prior,Will the highest temperature in Hong Kong be 33°C on June 22?,event_label,outputs/v2/diagnostics/phase10_gp_market_comparison/phase10_exact_common_support_event_panel.csv
2026-06-22,12h_prior,Will the highest temperature in Hong Kong be 34°C on June 22?,event_label,outputs/v2/diagnostics/phase10_gp_market_comparison/phase10_exact_common_support_event_panel.csv
2026-06-22,12h_prior,Will the highest temperature in Hong Kong be 35°C on June 22?,event_label,outputs/v2/diagnostics/phase10_gp_market_comparison/phase10_exact_common_support_event_panel.csv
2026-06-22,12h_prior,Will the highest temperature in Hong Kong be 36°C or higher on June 22?,event_label,outputs/v2/diagnostics/phase10_gp_market_comparison/phase10_exact_common_support_event_panel.csv
2026-06-22,24h_prior,Will the highest temperature in Hong Kong be 26°C or below on June 22?,event_label,outputs/v2/diagnostics/phase10_gp_market_comparison/phase10_exact_common_support_event_panel.csv
2026-06-22,24h_prior,Will the highest temperature in Hong Kong be 27°C on June 22?,event_label,outputs/v2/diagnostics/phase10_gp_market_comparison/phase10_exact_common_support_event_panel.csv
2026-06-22,24h_prior,Will the highest temperature in Hong Kong be 28°C on June 22?,event_label,outputs/v2/diagnostics/phase10_gp_market_comparison/phase10_exact_common_support_event_panel.csv
2026-06-22,24h_prior,Will the highest temperature in Hong Kong be 29°C on June 22?,event_label,outputs/v2/diagnostics/phase10_gp_market_comparison/phase10_exact_common_support_event_panel.csv
2026-06-22,24h_prior,Will the highest temperature in Hong Kong be 30°C on June 22?,event_label,outputs/v2/diagnostics/phase10_gp_market_comparison/phase10_exact_common_support_event_panel.csv
2026-06-22,24h_prior,Will the highest temperature in Hong Kong be 31°C on June 22?,event_label,outputs/v2/diagnostics/phase10_gp_market_comparison/phase10_exact_common_support_event_panel.csv
2026-06-22,24h_prior,Will the highest temperature in Hong Kong be 32°C on June 22?,event_label,outputs/v2/diagnostics/phase10_gp_market_comparison/phase10_exact_common_support_event_panel.csv
2026-06-22,24h_prior,Will the highest temperature in Hong Kong be 33°C on June 22?,event_label,outputs/v2/diagnostics/phase10_gp_market_comparison/phase10_exact_common_support_event_panel.csv
2026-06-22,24h_prior,Will the highest temperature in Hong Kong be 34°C on June 22?,event_label,outputs/v2/diagnostics/phase10_gp_market_comparison/phase10_exact_common_support_event_panel.csv
2026-06-22,24h_prior,Will the highest temperature in Hong Kong be 35°C on June 22?,event_label,outputs/v2/diagnostics/phase10_gp_market_comparison/phase10_exact_common_support_event_panel.csv
2026-06-22,24h_prior,Will the highest temperature in Hong Kong be 36°C or higher on June 22?,event_label,outputs/v2/diagnostics/phase10_gp_market_comparison/phase10_exact_common_support_event_panel.csv
2026-06-22,6h_prior,Will the highest temperature in Hong Kong be 26°C or below on June 22?,event_label,outputs/v2/diagnostics/phase10_gp_market_comparison/phase10_exact_common_support_event_panel.csv
2026-06-22,6h_prior,Will the highest temperature in Hong Kong be 27°C on June 22?,event_label,outputs/v2/diagnostics/phase10_gp_market_comparison/phase10_exact_common_support_event_panel.csv
2026-06-22,6h_prior,Will the highest temperature in Hong Kong be 28°C on June 22?,event_label,outputs/v2/diagnostics/phase10_gp_market_comparison/phase10_exact_common_support_event_panel.csv
2026-06-22,6h_prior,Will the highest temperature in Hong Kong be 29°C on June 22?,event_label,outputs/v2/diagnostics/phase10_gp_market_comparison/phase10_exact_common_support_event_panel.csv
2026-06-22,6h_prior,Will the highest temperature in Hong Kong be 30°C on June 22?,event_label,outputs/v2/diagnostics/phase10_gp_market_comparison/phase10_exact_common_support_event_panel.csv
2026-06-22,6h_prior,Will the highest temperature in Hong Kong be 31°C on June 22?,event_label,outputs/v2/diagnostics/phase10_gp_market_comparison/phase10_exact_common_support_event_panel.csv
2026-06-22,6h_prior,Will the highest temperature in Hong Kong be 32°C on June 22?,event_label,outputs/v2/diagnostics/phase10_gp_market_comparison/phase10_exact_common_support_event_panel.csv
2026-06-22,6h_prior,Will the highest temperature in Hong Kong be 33°C on June 22?,event_label,outputs/v2/diagnostics/phase10_gp_market_comparison/phase10_exact_common_support_event_panel.csv
2026-06-22,6h_prior,Will the highest temperature in Hong Kong be 34°C on June 22?,event_label,outputs/v2/diagnostics/phase10_gp_market_comparison/phase10_exact_common_support_event_panel.csv
2026-06-22,6h_prior,Will the highest temperature in Hong Kong be 35°C on June 22?,event_label,outputs/v2/diagnostics/phase10_gp_market_comparison/phase10_exact_common_support_event_panel.csv
2026-06-22,6h_prior,Will the highest temperature in Hong Kong be 36°C or higher on June 22?,event_label,outputs/v2/diagnostics/phase10_gp_market_comparison/phase10_exact_common_support_event_panel.csv
2026-06-22,event_day_open,Will the highest temperature in Hong Kong be 26°C or below on June 22?,event_label,outputs/v2/diagnostics/phase10_gp_market_comparison/phase10_exact_common_support_event_panel.csv
2026-06-22,event_day_open,Will the highest temperature in Hong Kong be 27°C on June 22?,event_label,outputs/v2/diagnostics/phase10_gp_market_comparison/phase10_exact_common_support_event_panel.csv
2026-06-22,event_day_open,Will the highest temperature in Hong Kong be 28°C on June 22?,event_label,outputs/v2/diagnostics/phase10_gp_market_comparison/phase10_exact_common_support_event_panel.csv
2026-06-22,event_day_open,Will the highest temperature in Hong Kong be 29°C on June 22?,event_label,outputs/v2/diagnostics/phase10_gp_market_comparison/phase10_exact_common_support_event_panel.csv
2026-06-22,event_day_open,Will the highest temperature in Hong Kong be 30°C on June 22?,event_label,outputs/v2/diagnostics/phase10_gp_market_comparison/phase10_exact_common_support_event_panel.csv
2026-06-22,event_day_open,Will the highest temperature in Hong Kong be 31°C on June 22?,event_label,outputs/v2/diagnostics/phase10_gp_market_comparison/phase10_exact_common_support_event_panel.csv
2026-06-22,event_day_open,Will the highest temperature in Hong Kong be 32°C on June 22?,event_label,outputs/v2/diagnostics/phase10_gp_market_comparison/phase10_exact_common_support_event_panel.csv
2026-06-22,event_day_open,Will the highest temperature in Hong Kong be 33°C on June 22?,event_label,outputs/v2/diagnostics/phase10_gp_market_comparison/phase10_exact_common_support_event_panel.csv
2026-06-22,event_day_open,Will the highest temperature in Hong Kong be 34°C on June 22?,event_label,outputs/v2/diagnostics/phase10_gp_market_comparison/phase10_exact_common_support_event_panel.csv
2026-06-22,event_day_open,Will the highest temperature in Hong Kong be 35°C on June 22?,event_label,outputs/v2/diagnostics/phase10_gp_market_comparison/phase10_exact_common_support_event_panel.csv
2026-06-22,event_day_open,Will the highest temperature in Hong Kong be 36°C or higher on June 22?,event_label,outputs/v2/diagnostics/phase10_gp_market_comparison/phase10_exact_common_support_event_panel.csv
2026-06-23,12h_prior,Will the highest temperature in Hong Kong be 26°C or below on June 23?,event_label,outputs/v2/diagnostics/phase10_gp_market_comparison/phase10_exact_common_support_event_panel.csv
2026-06-23,12h_prior,Will the highest temperature in Hong Kong be 27°C on June 23?,event_label,outputs/v2/diagnostics/phase10_gp_market_comparison/phase10_exact_common_support_event_panel.csv
2026-06-23,12h_prior,Will the highest temperature in Hong Kong be 28°C on June 23?,event_label,outputs/v2/diagnostics/phase10_gp_market_comparison/phase10_exact_common_support_event_panel.csv
2026-06-23,12h_prior,Will the highest temperature in Hong Kong be 29°C on June 23?,event_label,outputs/v2/diagnostics/phase10_gp_market_comparison/phase10_exact_common_support_event_panel.csv
2026-06-23,12h_prior,Will the highest temperature in Hong Kong be 30°C on June 23?,event_label,outputs/v2/diagnostics/phase10_gp_market_comparison/phase10_exact_common_support_event_panel.csv
2026-06-23,12h_prior,Will the highest temperature in Hong Kong be 31°C on June 23?,event_label,outputs/v2/diagnostics/phase10_gp_market_comparison/phase10_exact_common_support_event_panel.csv
2026-06-23,12h_prior,Will the highest temperature in Hong Kong be 32°C on June 23?,event_label,outputs/v2/diagnostics/phase10_gp_market_comparison/phase10_exact_common_support_event_panel.csv
2026-06-23,12h_prior,Will the highest temperature in Hong Kong be 33°C on June 23?,event_label,outputs/v2/diagnostics/phase10_gp_market_comparison/phase10_exact_common_support_event_panel.csv
2026-06-23,12h_prior,Will the highest temperature in Hong Kong be 34°C on June 23?,event_label,outputs/v2/diagnostics/phase10_gp_market_comparison/phase10_exact_common_support_event_panel.csv
2026-06-23,12h_prior,Will the highest temperature in Hong Kong be 35°C on June 23?,event_label,outputs/v2/diagnostics/phase10_gp_market_comparison/phase10_exact_common_support_event_panel.csv
2026-06-23,12h_prior,Will the highest temperature in Hong Kong be 36°C or higher on June 23?,event_label,outputs/v2/diagnostics/phase10_gp_market_comparison/phase10_exact_common_support_event_panel.csv
2026-06-23,24h_prior,Will the highest temperature in Hong Kong be 26°C or below on June 23?,event_label,outputs/v2/diagnostics/phase10_gp_market_comparison/phase10_exact_common_support_event_panel.csv
2026-06-23,24h_prior,Will the highest temperature in Hong Kong be 27°C on June 23?,event_label,outputs/v2/diagnostics/phase10_gp_market_comparison/phase10_exact_common_support_event_panel.csv
2026-06-23,24h_prior,Will the highest temperature in Hong Kong be 28°C on June 23?,event_label,outputs/v2/diagnostics/phase10_gp_market_comparison/phase10_exact_common_support_event_panel.csv
2026-06-23,24h_prior,Will the highest temperature in Hong Kong be 29°C on June 23?,event_label,outputs/v2/diagnostics/phase10_gp_market_comparison/phase10_exact_common_support_event_panel.csv
2026-06-23,24h_prior,Will the highest temperature in Hong Kong be 30°C on June 23?,event_label,outputs/v2/diagnostics/phase10_gp_market_comparison/phase10_exact_common_support_event_panel.csv
2026-06-23,24h_prior,Will the highest temperature in Hong Kong be 31°C on June 23?,event_label,outputs/v2/diagnostics/phase10_gp_market_comparison/phase10_exact_common_support_event_panel.csv
2026-06-23,24h_prior,Will the highest temperature in Hong Kong be 32°C on June 23?,event_label,outputs/v2/diagnostics/phase10_gp_market_comparison/phase10_exact_common_support_event_panel.csv
2026-06-23,24h_prior,Will the highest temperature in Hong Kong be 33°C on June 23?,event_label,outputs/v2/diagnostics/phase10_gp_market_comparison/phase10_exact_common_support_event_panel.csv
2026-06-23,24h_prior,Will the highest temperature in Hong Kong be 34°C on June 23?,event_label,outputs/v2/diagnostics/phase10_gp_market_comparison/phase10_exact_common_support_event_panel.csv
2026-06-23,24h_prior,Will the highest temperature in Hong Kong be 35°C on June 23?,event_label,outputs/v2/diagnostics/phase10_gp_market_comparison/phase10_exact_common_support_event_panel.csv
2026-06-23,24h_prior,Will the highest temperature in Hong Kong be 36°C or higher on June 23?,event_label,outputs/v2/diagnostics/phase10_gp_market_comparison/phase10_exact_common_support_event_panel.csv
2026-06-23,6h_prior,Will the highest temperature in Hong Kong be 26°C or below on June 23?,event_label,outputs/v2/diagnostics/phase10_gp_market_comparison/phase10_exact_common_support_event_panel.csv
2026-06-23,6h_prior,Will the highest temperature in Hong Kong be 27°C on June 23?,event_label,outputs/v2/diagnostics/phase10_gp_market_comparison/phase10_exact_common_support_event_panel.csv
2026-06-23,6h_prior,Will the highest temperature in Hong Kong be 28°C on June 23?,event_label,outputs/v2/diagnostics/phase10_gp_market_comparison/phase10_exact_common_support_event_panel.csv
2026-06-23,6h_prior,Will the highest temperature in Hong Kong be 29°C on June 23?,event_label,outputs/v2/diagnostics/phase10_gp_market_comparison/phase10_exact_common_support_event_panel.csv
2026-06-23,6h_prior,Will the highest temperature in Hong Kong be 30°C on June 23?,event_label,outputs/v2/diagnostics/phase10_gp_market_comparison/phase10_exact_common_support_event_panel.csv
2026-06-23,6h_prior,Will the highest temperature in Hong Kong be 31°C on June 23?,event_label,outputs/v2/diagnostics/phase10_gp_market_comparison/phase10_exact_common_support_event_panel.csv
2026-06-23,6h_prior,Will the highest temperature in Hong Kong be 32°C on June 23?,event_label,outputs/v2/diagnostics/phase10_gp_market_comparison/phase10_exact_common_support_event_panel.csv
2026-06-23,6h_prior,Will the highest temperature in Hong Kong be 33°C on June 23?,event_label,outputs/v2/diagnostics/phase10_gp_market_comparison/phase10_exact_common_support_event_panel.csv
2026-06-23,6h_prior,Will the highest temperature in Hong Kong be 34°C on June 23?,event_label,outputs/v2/diagnostics/phase10_gp_market_comparison/phase10_exact_common_support_event_panel.csv
2026-06-23,6h_prior,Will the highest temperature in Hong Kong be 35°C on June 23?,event_label,outputs/v2/diagnostics/phase10_gp_market_comparison/phase10_exact_common_support_event_panel.csv
2026-06-23,6h_prior,Will the highest temperature in Hong Kong be 36°C or higher on June 23?,event_label,outputs/v2/diagnostics/phase10_gp_market_comparison/phase10_exact_common_support_event_panel.csv
2026-06-23,event_day_open,Will the highest temperature in Hong Kong be 26°C or below on June 23?,event_label,outputs/v2/diagnostics/phase10_gp_market_comparison/phase10_exact_common_support_event_panel.csv
2026-06-23,event_day_open,Will the highest temperature in Hong Kong be 27°C on June 23?,event_label,outputs/v2/diagnostics/phase10_gp_market_comparison/phase10_exact_common_support_event_panel.csv
2026-06-23,event_day_open,Will the highest temperature in Hong Kong be 28°C on June 23?,event_label,outputs/v2/diagnostics/phase10_gp_market_comparison/phase10_exact_common_support_event_panel.csv
2026-06-23,event_day_open,Will the highest temperature in Hong Kong be 29°C on June 23?,event_label,outputs/v2/diagnostics/phase10_gp_market_comparison/phase10_exact_common_support_event_panel.csv
2026-06-23,event_day_open,Will the highest temperature in Hong Kong be 30°C on June 23?,event_label,outputs/v2/diagnostics/phase10_gp_market_comparison/phase10_exact_common_support_event_panel.csv
2026-06-23,event_day_open,Will the highest temperature in Hong Kong be 31°C on June 23?,event_label,outputs/v2/diagnostics/phase10_gp_market_comparison/phase10_exact_common_support_event_panel.csv
2026-06-23,event_day_open,Will the highest temperature in Hong Kong be 32°C on June 23?,event_label,outputs/v2/diagnostics/phase10_gp_market_comparison/phase10_exact_common_support_event_panel.csv
2026-06-23,event_day_open,Will the highest temperature in Hong Kong be 33°C on June 23?,event_label,outputs/v2/diagnostics/phase10_gp_market_comparison/phase10_exact_common_support_event_panel.csv
2026-06-23,event_day_open,Will the highest temperature in Hong Kong be 34°C on June 23?,event_label,outputs/v2/diagnostics/phase10_gp_market_comparison/phase10_exact_common_support_event_panel.csv
2026-06-23,event_day_open,Will the highest temperature in Hong Kong be 35°C on June 23?,event_label,outputs/v2/diagnostics/phase10_gp_market_comparison/phase10_exact_common_support_event_panel.csv
2026-06-23,event_day_open,Will the highest temperature in Hong Kong be 36°C or higher on June 23?,event_label,outputs/v2/diagnostics/phase10_gp_market_comparison/phase10_exact_common_support_event_panel.csv
2026-06-24,12h_prior,Will the highest temperature in Hong Kong be 26°C or below on June 24?,event_label,outputs/v2/diagnostics/phase10_gp_market_comparison/phase10_exact_common_support_event_panel.csv
2026-06-24,12h_prior,Will the highest temperature in Hong Kong be 27°C on June 24?,event_label,outputs/v2/diagnostics/phase10_gp_market_comparison/phase10_exact_common_support_event_panel.csv
2026-06-24,12h_prior,Will the highest temperature in Hong Kong be 28°C on June 24?,event_label,outputs/v2/diagnostics/phase10_gp_market_comparison/phase10_exact_common_support_event_panel.csv
2026-06-24,12h_prior,Will the highest temperature in Hong Kong be 29°C on June 24?,event_label,outputs/v2/diagnostics/phase10_gp_market_comparison/phase10_exact_common_support_event_panel.csv
2026-06-24,12h_prior,Will the highest temperature in Hong Kong be 30°C on June 24?,event_label,outputs/v2/diagnostics/phase10_gp_market_comparison/phase10_exact_common_support_event_panel.csv
2026-06-24,12h_prior,Will the highest temperature in Hong Kong be 31°C on June 24?,event_label,outputs/v2/diagnostics/phase10_gp_market_comparison/phase10_exact_common_support_event_panel.csv
2026-06-24,12h_prior,Will the highest temperature in Hong Kong be 32°C on June 24?,event_label,outputs/v2/diagnostics/phase10_gp_market_comparison/phase10_exact_common_support_event_panel.csv
2026-06-24,12h_prior,Will the highest temperature in Hong Kong be 33°C on June 24?,event_label,outputs/v2/diagnostics/phase10_gp_market_comparison/phase10_exact_common_support_event_panel.csv
2026-06-24,12h_prior,Will the highest temperature in Hong Kong be 34°C on June 24?,event_label,outputs/v2/diagnostics/phase10_gp_market_comparison/phase10_exact_common_support_event_panel.csv
2026-06-24,12h_prior,Will the highest temperature in Hong Kong be 35°C on June 24?,event_label,outputs/v2/diagnostics/phase10_gp_market_comparison/phase10_exact_common_support_event_panel.csv
2026-06-24,12h_prior,Will the highest temperature in Hong Kong be 36°C or higher on June 24?,event_label,outputs/v2/diagnostics/phase10_gp_market_comparison/phase10_exact_common_support_event_panel.csv
2026-06-24,24h_prior,Will the highest temperature in Hong Kong be 26°C or below on June 24?,event_label,outputs/v2/diagnostics/phase10_gp_market_comparison/phase10_exact_common_support_event_panel.csv
2026-06-24,24h_prior,Will the highest temperature in Hong Kong be 27°C on June 24?,event_label,outputs/v2/diagnostics/phase10_gp_market_comparison/phase10_exact_common_support_event_panel.csv
2026-06-24,24h_prior,Will the highest temperature in Hong Kong be 28°C on June 24?,event_label,outputs/v2/diagnostics/phase10_gp_market_comparison/phase10_exact_common_support_event_panel.csv
2026-06-24,24h_prior,Will the highest temperature in Hong Kong be 29°C on June 24?,event_label,outputs/v2/diagnostics/phase10_gp_market_comparison/phase10_exact_common_support_event_panel.csv
2026-06-24,24h_prior,Will the highest temperature in Hong Kong be 30°C on June 24?,event_label,outputs/v2/diagnostics/phase10_gp_market_comparison/phase10_exact_common_support_event_panel.csv
2026-06-24,24h_prior,Will the highest temperature in Hong Kong be 31°C on June 24?,event_label,outputs/v2/diagnostics/phase10_gp_market_comparison/phase10_exact_common_support_event_panel.csv
2026-06-24,24h_prior,Will the highest temperature in Hong Kong be 32°C on June 24?,event_label,outputs/v2/diagnostics/phase10_gp_market_comparison/phase10_exact_common_support_event_panel.csv
2026-06-24,24h_prior,Will the highest temperature in Hong Kong be 33°C on June 24?,event_label,outputs/v2/diagnostics/phase10_gp_market_comparison/phase10_exact_common_support_event_panel.csv
2026-06-24,24h_prior,Will the highest temperature in Hong Kong be 34°C on June 24?,event_label,outputs/v2/diagnostics/phase10_gp_market_comparison/phase10_exact_common_support_event_panel.csv
2026-06-24,24h_prior,Will the highest temperature in Hong Kong be 35°C on June 24?,event_label,outputs/v2/diagnostics/phase10_gp_market_comparison/phase10_exact_common_support_event_panel.csv
2026-06-24,24h_prior,Will the highest temperature in Hong Kong be 36°C or higher on June 24?,event_label,outputs/v2/diagnostics/phase10_gp_market_comparison/phase10_exact_common_support_event_panel.csv
2026-06-24,event_day_open,Will the highest temperature in Hong Kong be 26°C or below on June 24?,event_label,outputs/v2/diagnostics/phase10_gp_market_comparison/phase10_exact_common_support_event_panel.csv
2026-06-24,event_day_open,Will the highest temperature in Hong Kong be 27°C on June 24?,event_label,outputs/v2/diagnostics/phase10_gp_market_comparison/phase10_exact_common_support_event_panel.csv
2026-06-24,event_day_open,Will the highest temperature in Hong Kong be 28°C on June 24?,event_label,outputs/v2/diagnostics/phase10_gp_market_comparison/phase10_exact_common_support_event_panel.csv
2026-06-24,event_day_open,Will the highest temperature in Hong Kong be 29°C on June 24?,event_label,outputs/v2/diagnostics/phase10_gp_market_comparison/phase10_exact_common_support_event_panel.csv
2026-06-24,event_day_open,Will the highest temperature in Hong Kong be 30°C on June 24?,event_label,outputs/v2/diagnostics/phase10_gp_market_comparison/phase10_exact_common_support_event_panel.csv
2026-06-24,event_day_open,Will the highest temperature in Hong Kong be 31°C on June 24?,event_label,outputs/v2/diagnostics/phase10_gp_market_comparison/phase10_exact_common_support_event_panel.csv
2026-06-24,event_day_open,Will the highest temperature in Hong Kong be 32°C on June 24?,event_label,outputs/v2/diagnostics/phase10_gp_market_comparison/phase10_exact_common_support_event_panel.csv
2026-06-24,event_day_open,Will the highest temperature in Hong Kong be 33°C on June 24?,event_label,outputs/v2/diagnostics/phase10_gp_market_comparison/phase10_exact_common_support_event_panel.csv
2026-06-24,event_day_open,Will the highest temperature in Hong Kong be 34°C on June 24?,event_label,outputs/v2/diagnostics/phase10_gp_market_comparison/phase10_exact_common_support_event_panel.csv
2026-06-24,event_day_open,Will the highest temperature in Hong Kong be 35°C on June 24?,event_label,outputs/v2/diagnostics/phase10_gp_market_comparison/phase10_exact_common_support_event_panel.csv
2026-06-24,event_day_open,Will the highest temperature in Hong Kong be 36°C or higher on June 24?,event_label,outputs/v2/diagnostics/phase10_gp_market_comparison/phase10_exact_common_support_event_panel.csv
2026-06-25,12h_prior,Will the highest temperature in Hong Kong be 27°C or below on June 25?,event_label,outputs/v2/diagnostics/phase10_gp_market_comparison/phase10_exact_common_support_event_panel.csv
2026-06-25,12h_prior,Will the highest temperature in Hong Kong be 28°C on June 25?,event_label,outputs/v2/diagnostics/phase10_gp_market_comparison/phase10_exact_common_support_event_panel.csv
2026-06-25,12h_prior,Will the highest temperature in Hong Kong be 29°C on June 25?,event_label,outputs/v2/diagnostics/phase10_gp_market_comparison/phase10_exact_common_support_event_panel.csv
2026-06-25,12h_prior,Will the highest temperature in Hong Kong be 30°C on June 25?,event_label,outputs/v2/diagnostics/phase10_gp_market_comparison/phase10_exact_common_support_event_panel.csv
2026-06-25,12h_prior,Will the highest temperature in Hong Kong be 31°C on June 25?,event_label,outputs/v2/diagnostics/phase10_gp_market_comparison/phase10_exact_common_support_event_panel.csv
2026-06-25,12h_prior,Will the highest temperature in Hong Kong be 32°C on June 25?,event_label,outputs/v2/diagnostics/phase10_gp_market_comparison/phase10_exact_common_support_event_panel.csv
2026-06-25,12h_prior,Will the highest temperature in Hong Kong be 33°C on June 25?,event_label,outputs/v2/diagnostics/phase10_gp_market_comparison/phase10_exact_common_support_event_panel.csv
2026-06-25,12h_prior,Will the highest temperature in Hong Kong be 34°C on June 25?,event_label,outputs/v2/diagnostics/phase10_gp_market_comparison/phase10_exact_common_support_event_panel.csv
2026-06-25,12h_prior,Will the highest temperature in Hong Kong be 35°C on June 25?,event_label,outputs/v2/diagnostics/phase10_gp_market_comparison/phase10_exact_common_support_event_panel.csv
2026-06-25,12h_prior,Will the highest temperature in Hong Kong be 36°C on June 25?,event_label,outputs/v2/diagnostics/phase10_gp_market_comparison/phase10_exact_common_support_event_panel.csv
2026-06-25,12h_prior,Will the highest temperature in Hong Kong be 37°C or higher on June 25?,event_label,outputs/v2/diagnostics/phase10_gp_market_comparison/phase10_exact_common_support_event_panel.csv
2026-06-25,24h_prior,Will the highest temperature in Hong Kong be 27°C or below on June 25?,event_label,outputs/v2/diagnostics/phase10_gp_market_comparison/phase10_exact_common_support_event_panel.csv
2026-06-25,24h_prior,Will the highest temperature in Hong Kong be 28°C on June 25?,event_label,outputs/v2/diagnostics/phase10_gp_market_comparison/phase10_exact_common_support_event_panel.csv
2026-06-25,24h_prior,Will the highest temperature in Hong Kong be 29°C on June 25?,event_label,outputs/v2/diagnostics/phase10_gp_market_comparison/phase10_exact_common_support_event_panel.csv
2026-06-25,24h_prior,Will the highest temperature in Hong Kong be 30°C on June 25?,event_label,outputs/v2/diagnostics/phase10_gp_market_comparison/phase10_exact_common_support_event_panel.csv
2026-06-25,24h_prior,Will the highest temperature in Hong Kong be 31°C on June 25?,event_label,outputs/v2/diagnostics/phase10_gp_market_comparison/phase10_exact_common_support_event_panel.csv
2026-06-25,24h_prior,Will the highest temperature in Hong Kong be 32°C on June 25?,event_label,outputs/v2/diagnostics/phase10_gp_market_comparison/phase10_exact_common_support_event_panel.csv
2026-06-25,24h_prior,Will the highest temperature in Hong Kong be 33°C on June 25?,event_label,outputs/v2/diagnostics/phase10_gp_market_comparison/phase10_exact_common_support_event_panel.csv
2026-06-25,24h_prior,Will the highest temperature in Hong Kong be 34°C on June 25?,event_label,outputs/v2/diagnostics/phase10_gp_market_comparison/phase10_exact_common_support_event_panel.csv
2026-06-25,24h_prior,Will the highest temperature in Hong Kong be 35°C on June 25?,event_label,outputs/v2/diagnostics/phase10_gp_market_comparison/phase10_exact_common_support_event_panel.csv
2026-06-25,24h_prior,Will the highest temperature in Hong Kong be 36°C on June 25?,event_label,outputs/v2/diagnostics/phase10_gp_market_comparison/phase10_exact_common_support_event_panel.csv
2026-06-25,24h_prior,Will the highest temperature in Hong Kong be 37°C or higher on June 25?,event_label,outputs/v2/diagnostics/phase10_gp_market_comparison/phase10_exact_common_support_event_panel.csv
2026-06-25,6h_prior,Will the highest temperature in Hong Kong be 27°C or below on June 25?,event_label,outputs/v2/diagnostics/phase10_gp_market_comparison/phase10_exact_common_support_event_panel.csv
2026-06-25,6h_prior,Will the highest temperature in Hong Kong be 28°C on June 25?,event_label,outputs/v2/diagnostics/phase10_gp_market_comparison/phase10_exact_common_support_event_panel.csv
2026-06-25,6h_prior,Will the highest temperature in Hong Kong be 29°C on June 25?,event_label,outputs/v2/diagnostics/phase10_gp_market_comparison/phase10_exact_common_support_event_panel.csv
2026-06-25,6h_prior,Will the highest temperature in Hong Kong be 30°C on June 25?,event_label,outputs/v2/diagnostics/phase10_gp_market_comparison/phase10_exact_common_support_event_panel.csv
2026-06-25,6h_prior,Will the highest temperature in Hong Kong be 31°C on June 25?,event_label,outputs/v2/diagnostics/phase10_gp_market_comparison/phase10_exact_common_support_event_panel.csv
2026-06-25,6h_prior,Will the highest temperature in Hong Kong be 32°C on June 25?,event_label,outputs/v2/diagnostics/phase10_gp_market_comparison/phase10_exact_common_support_event_panel.csv
2026-06-25,6h_prior,Will the highest temperature in Hong Kong be 33°C on June 25?,event_label,outputs/v2/diagnostics/phase10_gp_market_comparison/phase10_exact_common_support_event_panel.csv
2026-06-25,6h_prior,Will the highest temperature in Hong Kong be 34°C on June 25?,event_label,outputs/v2/diagnostics/phase10_gp_market_comparison/phase10_exact_common_support_event_panel.csv
2026-06-25,6h_prior,Will the highest temperature in Hong Kong be 35°C on June 25?,event_label,outputs/v2/diagnostics/phase10_gp_market_comparison/phase10_exact_common_support_event_panel.csv
2026-06-25,6h_prior,Will the highest temperature in Hong Kong be 36°C on June 25?,event_label,outputs/v2/diagnostics/phase10_gp_market_comparison/phase10_exact_common_support_event_panel.csv
2026-06-25,6h_prior,Will the highest temperature in Hong Kong be 37°C or higher on June 25?,event_label,outputs/v2/diagnostics/phase10_gp_market_comparison/phase10_exact_common_support_event_panel.csv
2026-06-25,event_day_open,Will the highest temperature in Hong Kong be 27°C or below on June 25?,event_label,outputs/v2/diagnostics/phase10_gp_market_comparison/phase10_exact_common_support_event_panel.csv
2026-06-25,event_day_open,Will the highest temperature in Hong Kong be 28°C on June 25?,event_label,outputs/v2/diagnostics/phase10_gp_market_comparison/phase10_exact_common_support_event_panel.csv
2026-06-25,event_day_open,Will the highest temperature in Hong Kong be 29°C on June 25?,event_label,outputs/v2/diagnostics/phase10_gp_market_comparison/phase10_exact_common_support_event_panel.csv
2026-06-25,event_day_open,Will the highest temperature in Hong Kong be 30°C on June 25?,event_label,outputs/v2/diagnostics/phase10_gp_market_comparison/phase10_exact_common_support_event_panel.csv
2026-06-25,event_day_open,Will the highest temperature in Hong Kong be 31°C on June 25?,event_label,outputs/v2/diagnostics/phase10_gp_market_comparison/phase10_exact_common_support_event_panel.csv
2026-06-25,event_day_open,Will the highest temperature in Hong Kong be 32°C on June 25?,event_label,outputs/v2/diagnostics/phase10_gp_market_comparison/phase10_exact_common_support_event_panel.csv
2026-06-25,event_day_open,Will the highest temperature in Hong Kong be 33°C on June 25?,event_label,outputs/v2/diagnostics/phase10_gp_market_comparison/phase10_exact_common_support_event_panel.csv
2026-06-25,event_day_open,Will the highest temperature in Hong Kong be 34°C on June 25?,event_label,outputs/v2/diagnostics/phase10_gp_market_comparison/phase10_exact_common_support_event_panel.csv
2026-06-25,event_day_open,Will the highest temperature in Hong Kong be 35°C on June 25?,event_label,outputs/v2/diagnostics/phase10_gp_market_comparison/phase10_exact_common_support_event_panel.csv
2026-06-25,event_day_open,Will the highest temperature in Hong Kong be 36°C on June 25?,event_label,outputs/v2/diagnostics/phase10_gp_market_comparison/phase10_exact_common_support_event_panel.csv
2026-06-25,event_day_open,Will the highest temperature in Hong Kong be 37°C or higher on June 25?,event_label,outputs/v2/diagnostics/phase10_gp_market_comparison/phase10_exact_common_support_event_panel.csv
2026-06-26,12h_prior,Will the highest temperature in Hong Kong be 27°C or below on June 26?,event_label,outputs/v2/diagnostics/phase10_gp_market_comparison/phase10_exact_common_support_event_panel.csv
2026-06-26,12h_prior,Will the highest temperature in Hong Kong be 28°C on June 26?,event_label,outputs/v2/diagnostics/phase10_gp_market_comparison/phase10_exact_common_support_event_panel.csv
2026-06-26,12h_prior,Will the highest temperature in Hong Kong be 29°C on June 26?,event_label,outputs/v2/diagnostics/phase10_gp_market_comparison/phase10_exact_common_support_event_panel.csv
2026-06-26,12h_prior,Will the highest temperature in Hong Kong be 30°C on June 26?,event_label,outputs/v2/diagnostics/phase10_gp_market_comparison/phase10_exact_common_support_event_panel.csv
2026-06-26,12h_prior,Will the highest temperature in Hong Kong be 31°C on June 26?,event_label,outputs/v2/diagnostics/phase10_gp_market_comparison/phase10_exact_common_support_event_panel.csv
2026-06-26,12h_prior,Will the highest temperature in Hong Kong be 32°C on June 26?,event_label,outputs/v2/diagnostics/phase10_gp_market_comparison/phase10_exact_common_support_event_panel.csv
2026-06-26,12h_prior,Will the highest temperature in Hong Kong be 33°C on June 26?,event_label,outputs/v2/diagnostics/phase10_gp_market_comparison/phase10_exact_common_support_event_panel.csv
2026-06-26,12h_prior,Will the highest temperature in Hong Kong be 34°C on June 26?,event_label,outputs/v2/diagnostics/phase10_gp_market_comparison/phase10_exact_common_support_event_panel.csv
2026-06-26,12h_prior,Will the highest temperature in Hong Kong be 35°C on June 26?,event_label,outputs/v2/diagnostics/phase10_gp_market_comparison/phase10_exact_common_support_event_panel.csv
2026-06-26,12h_prior,Will the highest temperature in Hong Kong be 36°C on June 26?,event_label,outputs/v2/diagnostics/phase10_gp_market_comparison/phase10_exact_common_support_event_panel.csv
2026-06-26,12h_prior,Will the highest temperature in Hong Kong be 37°C or higher on June 26?,event_label,outputs/v2/diagnostics/phase10_gp_market_comparison/phase10_exact_common_support_event_panel.csv
2026-06-26,24h_prior,Will the highest temperature in Hong Kong be 27°C or below on June 26?,event_label,outputs/v2/diagnostics/phase10_gp_market_comparison/phase10_exact_common_support_event_panel.csv
2026-06-26,24h_prior,Will the highest temperature in Hong Kong be 28°C on June 26?,event_label,outputs/v2/diagnostics/phase10_gp_market_comparison/phase10_exact_common_support_event_panel.csv
2026-06-26,24h_prior,Will the highest temperature in Hong Kong be 29°C on June 26?,event_label,outputs/v2/diagnostics/phase10_gp_market_comparison/phase10_exact_common_support_event_panel.csv
2026-06-26,24h_prior,Will the highest temperature in Hong Kong be 30°C on June 26?,event_label,outputs/v2/diagnostics/phase10_gp_market_comparison/phase10_exact_common_support_event_panel.csv
2026-06-26,24h_prior,Will the highest temperature in Hong Kong be 31°C on June 26?,event_label,outputs/v2/diagnostics/phase10_gp_market_comparison/phase10_exact_common_support_event_panel.csv
2026-06-26,24h_prior,Will the highest temperature in Hong Kong be 32°C on June 26?,event_label,outputs/v2/diagnostics/phase10_gp_market_comparison/phase10_exact_common_support_event_panel.csv
2026-06-26,24h_prior,Will the highest temperature in Hong Kong be 33°C on June 26?,event_label,outputs/v2/diagnostics/phase10_gp_market_comparison/phase10_exact_common_support_event_panel.csv
2026-06-26,24h_prior,Will the highest temperature in Hong Kong be 34°C on June 26?,event_label,outputs/v2/diagnostics/phase10_gp_market_comparison/phase10_exact_common_support_event_panel.csv
2026-06-26,24h_prior,Will the highest temperature in Hong Kong be 35°C on June 26?,event_label,outputs/v2/diagnostics/phase10_gp_market_comparison/phase10_exact_common_support_event_panel.csv
2026-06-26,24h_prior,Will the highest temperature in Hong Kong be 36°C on June 26?,event_label,outputs/v2/diagnostics/phase10_gp_market_comparison/phase10_exact_common_support_event_panel.csv
2026-06-26,24h_prior,Will the highest temperature in Hong Kong be 37°C or higher on June 26?,event_label,outputs/v2/diagnostics/phase10_gp_market_comparison/phase10_exact_common_support_event_panel.csv
2026-06-26,6h_prior,Will the highest temperature in Hong Kong be 27°C or below on June 26?,event_label,outputs/v2/diagnostics/phase10_gp_market_comparison/phase10_exact_common_support_event_panel.csv
2026-06-26,6h_prior,Will the highest temperature in Hong Kong be 28°C on June 26?,event_label,outputs/v2/diagnostics/phase10_gp_market_comparison/phase10_exact_common_support_event_panel.csv
2026-06-26,6h_prior,Will the highest temperature in Hong Kong be 29°C on June 26?,event_label,outputs/v2/diagnostics/phase10_gp_market_comparison/phase10_exact_common_support_event_panel.csv
2026-06-26,6h_prior,Will the highest temperature in Hong Kong be 30°C on June 26?,event_label,outputs/v2/diagnostics/phase10_gp_market_comparison/phase10_exact_common_support_event_panel.csv
2026-06-26,6h_prior,Will the highest temperature in Hong Kong be 31°C on June 26?,event_label,outputs/v2/diagnostics/phase10_gp_market_comparison/phase10_exact_common_support_event_panel.csv
2026-06-26,6h_prior,Will the highest temperature in Hong Kong be 32°C on June 26?,event_label,outputs/v2/diagnostics/phase10_gp_market_comparison/phase10_exact_common_support_event_panel.csv
2026-06-26,6h_prior,Will the highest temperature in Hong Kong be 33°C on June 26?,event_label,outputs/v2/diagnostics/phase10_gp_market_comparison/phase10_exact_common_support_event_panel.csv
2026-06-26,6h_prior,Will the highest temperature in Hong Kong be 34°C on June 26?,event_label,outputs/v2/diagnostics/phase10_gp_market_comparison/phase10_exact_common_support_event_panel.csv
2026-06-26,6h_prior,Will the highest temperature in Hong Kong be 35°C on June 26?,event_label,outputs/v2/diagnostics/phase10_gp_market_comparison/phase10_exact_common_support_event_panel.csv
2026-06-26,6h_prior,Will the highest temperature in Hong Kong be 36°C on June 26?,event_label,outputs/v2/diagnostics/phase10_gp_market_comparison/phase10_exact_common_support_event_panel.csv
2026-06-26,6h_prior,Will the highest temperature in Hong Kong be 37°C or higher on June 26?,event_label,outputs/v2/diagnostics/phase10_gp_market_comparison/phase10_exact_common_support_event_panel.csv
2026-06-26,event_day_open,Will the highest temperature in Hong Kong be 27°C or below on June 26?,event_label,outputs/v2/diagnostics/phase10_gp_market_comparison/phase10_exact_common_support_event_panel.csv
2026-06-26,event_day_open,Will the highest temperature in Hong Kong be 28°C on June 26?,event_label,outputs/v2/diagnostics/phase10_gp_market_comparison/phase10_exact_common_support_event_panel.csv
2026-06-26,event_day_open,Will the highest temperature in Hong Kong be 29°C on June 26?,event_label,outputs/v2/diagnostics/phase10_gp_market_comparison/phase10_exact_common_support_event_panel.csv
2026-06-26,event_day_open,Will the highest temperature in Hong Kong be 30°C on June 26?,event_label,outputs/v2/diagnostics/phase10_gp_market_comparison/phase10_exact_common_support_event_panel.csv
2026-06-26,event_day_open,Will the highest temperature in Hong Kong be 31°C on June 26?,event_label,outputs/v2/diagnostics/phase10_gp_market_comparison/phase10_exact_common_support_event_panel.csv
2026-06-26,event_day_open,Will the highest temperature in Hong Kong be 32°C on June 26?,event_label,outputs/v2/diagnostics/phase10_gp_market_comparison/phase10_exact_common_support_event_panel.csv
2026-06-26,event_day_open,Will the highest temperature in Hong Kong be 33°C on June 26?,event_label,outputs/v2/diagnostics/phase10_gp_market_comparison/phase10_exact_common_support_event_panel.csv
2026-06-26,event_day_open,Will the highest temperature in Hong Kong be 34°C on June 26?,event_label,outputs/v2/diagnostics/phase10_gp_market_comparison/phase10_exact_common_support_event_panel.csv
2026-06-26,event_day_open,Will the highest temperature in Hong Kong be 35°C on June 26?,event_label,outputs/v2/diagnostics/phase10_gp_market_comparison/phase10_exact_common_support_event_panel.csv
2026-06-26,event_day_open,Will the highest temperature in Hong Kong be 36°C on June 26?,event_label,outputs/v2/diagnostics/phase10_gp_market_comparison/phase10_exact_common_support_event_panel.csv
2026-06-26,event_day_open,Will the highest temperature in Hong Kong be 37°C or higher on June 26?,event_label,outputs/v2/diagnostics/phase10_gp_market_comparison/phase10_exact_common_support_event_panel.csv
2026-06-27,12h_prior,Will the highest temperature in Hong Kong be 25°C or below on June 27?,event_label,outputs/v2/diagnostics/phase10_gp_market_comparison/phase10_exact_common_support_event_panel.csv
2026-06-27,12h_prior,Will the highest temperature in Hong Kong be 26°C on June 27?,event_label,outputs/v2/diagnostics/phase10_gp_market_comparison/phase10_exact_common_support_event_panel.csv
2026-06-27,12h_prior,Will the highest temperature in Hong Kong be 27°C on June 27?,event_label,outputs/v2/diagnostics/phase10_gp_market_comparison/phase10_exact_common_support_event_panel.csv
2026-06-27,12h_prior,Will the highest temperature in Hong Kong be 28°C on June 27?,event_label,outputs/v2/diagnostics/phase10_gp_market_comparison/phase10_exact_common_support_event_panel.csv
2026-06-27,12h_prior,Will the highest temperature in Hong Kong be 29°C on June 27?,event_label,outputs/v2/diagnostics/phase10_gp_market_comparison/phase10_exact_common_support_event_panel.csv
2026-06-27,12h_prior,Will the highest temperature in Hong Kong be 30°C on June 27?,event_label,outputs/v2/diagnostics/phase10_gp_market_comparison/phase10_exact_common_support_event_panel.csv
2026-06-27,12h_prior,Will the highest temperature in Hong Kong be 31°C on June 27?,event_label,outputs/v2/diagnostics/phase10_gp_market_comparison/phase10_exact_common_support_event_panel.csv
2026-06-27,12h_prior,Will the highest temperature in Hong Kong be 32°C on June 27?,event_label,outputs/v2/diagnostics/phase10_gp_market_comparison/phase10_exact_common_support_event_panel.csv
2026-06-27,12h_prior,Will the highest temperature in Hong Kong be 33°C on June 27?,event_label,outputs/v2/diagnostics/phase10_gp_market_comparison/phase10_exact_common_support_event_panel.csv
2026-06-27,12h_prior,Will the highest temperature in Hong Kong be 34°C on June 27?,event_label,outputs/v2/diagnostics/phase10_gp_market_comparison/phase10_exact_common_support_event_panel.csv
2026-06-27,12h_prior,Will the highest temperature in Hong Kong be 35°C or higher on June 27?,event_label,outputs/v2/diagnostics/phase10_gp_market_comparison/phase10_exact_common_support_event_panel.csv
2026-06-27,24h_prior,Will the highest temperature in Hong Kong be 25°C or below on June 27?,event_label,outputs/v2/diagnostics/phase10_gp_market_comparison/phase10_exact_common_support_event_panel.csv
2026-06-27,24h_prior,Will the highest temperature in Hong Kong be 26°C on June 27?,event_label,outputs/v2/diagnostics/phase10_gp_market_comparison/phase10_exact_common_support_event_panel.csv
2026-06-27,24h_prior,Will the highest temperature in Hong Kong be 27°C on June 27?,event_label,outputs/v2/diagnostics/phase10_gp_market_comparison/phase10_exact_common_support_event_panel.csv
2026-06-27,24h_prior,Will the highest temperature in Hong Kong be 28°C on June 27?,event_label,outputs/v2/diagnostics/phase10_gp_market_comparison/phase10_exact_common_support_event_panel.csv
2026-06-27,24h_prior,Will the highest temperature in Hong Kong be 29°C on June 27?,event_label,outputs/v2/diagnostics/phase10_gp_market_comparison/phase10_exact_common_support_event_panel.csv
2026-06-27,24h_prior,Will the highest temperature in Hong Kong be 30°C on June 27?,event_label,outputs/v2/diagnostics/phase10_gp_market_comparison/phase10_exact_common_support_event_panel.csv
2026-06-27,24h_prior,Will the highest temperature in Hong Kong be 31°C on June 27?,event_label,outputs/v2/diagnostics/phase10_gp_market_comparison/phase10_exact_common_support_event_panel.csv
2026-06-27,24h_prior,Will the highest temperature in Hong Kong be 32°C on June 27?,event_label,outputs/v2/diagnostics/phase10_gp_market_comparison/phase10_exact_common_support_event_panel.csv
2026-06-27,24h_prior,Will the highest temperature in Hong Kong be 33°C on June 27?,event_label,outputs/v2/diagnostics/phase10_gp_market_comparison/phase10_exact_common_support_event_panel.csv
2026-06-27,24h_prior,Will the highest temperature in Hong Kong be 34°C on June 27?,event_label,outputs/v2/diagnostics/phase10_gp_market_comparison/phase10_exact_common_support_event_panel.csv
2026-06-27,24h_prior,Will the highest temperature in Hong Kong be 35°C or higher on June 27?,event_label,outputs/v2/diagnostics/phase10_gp_market_comparison/phase10_exact_common_support_event_panel.csv
2026-06-27,6h_prior,Will the highest temperature in Hong Kong be 25°C or below on June 27?,event_label,outputs/v2/diagnostics/phase10_gp_market_comparison/phase10_exact_common_support_event_panel.csv
2026-06-27,6h_prior,Will the highest temperature in Hong Kong be 26°C on June 27?,event_label,outputs/v2/diagnostics/phase10_gp_market_comparison/phase10_exact_common_support_event_panel.csv
2026-06-27,6h_prior,Will the highest temperature in Hong Kong be 27°C on June 27?,event_label,outputs/v2/diagnostics/phase10_gp_market_comparison/phase10_exact_common_support_event_panel.csv
2026-06-27,6h_prior,Will the highest temperature in Hong Kong be 28°C on June 27?,event_label,outputs/v2/diagnostics/phase10_gp_market_comparison/phase10_exact_common_support_event_panel.csv
2026-06-27,6h_prior,Will the highest temperature in Hong Kong be 29°C on June 27?,event_label,outputs/v2/diagnostics/phase10_gp_market_comparison/phase10_exact_common_support_event_panel.csv
2026-06-27,6h_prior,Will the highest temperature in Hong Kong be 30°C on June 27?,event_label,outputs/v2/diagnostics/phase10_gp_market_comparison/phase10_exact_common_support_event_panel.csv
2026-06-27,6h_prior,Will the highest temperature in Hong Kong be 31°C on June 27?,event_label,outputs/v2/diagnostics/phase10_gp_market_comparison/phase10_exact_common_support_event_panel.csv
2026-06-27,6h_prior,Will the highest temperature in Hong Kong be 32°C on June 27?,event_label,outputs/v2/diagnostics/phase10_gp_market_comparison/phase10_exact_common_support_event_panel.csv
2026-06-27,6h_prior,Will the highest temperature in Hong Kong be 33°C on June 27?,event_label,outputs/v2/diagnostics/phase10_gp_market_comparison/phase10_exact_common_support_event_panel.csv
2026-06-27,6h_prior,Will the highest temperature in Hong Kong be 34°C on June 27?,event_label,outputs/v2/diagnostics/phase10_gp_market_comparison/phase10_exact_common_support_event_panel.csv
2026-06-27,6h_prior,Will the highest temperature in Hong Kong be 35°C or higher on June 27?,event_label,outputs/v2/diagnostics/phase10_gp_market_comparison/phase10_exact_common_support_event_panel.csv
2026-06-27,event_day_open,Will the highest temperature in Hong Kong be 25°C or below on June 27?,event_label,outputs/v2/diagnostics/phase10_gp_market_comparison/phase10_exact_common_support_event_panel.csv
2026-06-27,event_day_open,Will the highest temperature in Hong Kong be 26°C on June 27?,event_label,outputs/v2/diagnostics/phase10_gp_market_comparison/phase10_exact_common_support_event_panel.csv
2026-06-27,event_day_open,Will the highest temperature in Hong Kong be 27°C on June 27?,event_label,outputs/v2/diagnostics/phase10_gp_market_comparison/phase10_exact_common_support_event_panel.csv
2026-06-27,event_day_open,Will the highest temperature in Hong Kong be 28°C on June 27?,event_label,outputs/v2/diagnostics/phase10_gp_market_comparison/phase10_exact_common_support_event_panel.csv
2026-06-27,event_day_open,Will the highest temperature in Hong Kong be 29°C on June 27?,event_label,outputs/v2/diagnostics/phase10_gp_market_comparison/phase10_exact_common_support_event_panel.csv
2026-06-27,event_day_open,Will the highest temperature in Hong Kong be 30°C on June 27?,event_label,outputs/v2/diagnostics/phase10_gp_market_comparison/phase10_exact_common_support_event_panel.csv
2026-06-27,event_day_open,Will the highest temperature in Hong Kong be 31°C on June 27?,event_label,outputs/v2/diagnostics/phase10_gp_market_comparison/phase10_exact_common_support_event_panel.csv
2026-06-27,event_day_open,Will the highest temperature in Hong Kong be 32°C on June 27?,event_label,outputs/v2/diagnostics/phase10_gp_market_comparison/phase10_exact_common_support_event_panel.csv
2026-06-27,event_day_open,Will the highest temperature in Hong Kong be 33°C on June 27?,event_label,outputs/v2/diagnostics/phase10_gp_market_comparison/phase10_exact_common_support_event_panel.csv
2026-06-27,event_day_open,Will the highest temperature in Hong Kong be 34°C on June 27?,event_label,outputs/v2/diagnostics/phase10_gp_market_comparison/phase10_exact_common_support_event_panel.csv
2026-06-27,event_day_open,Will the highest temperature in Hong Kong be 35°C or higher on June 27?,event_label,outputs/v2/diagnostics/phase10_gp_market_comparison/phase10_exact_common_support_event_panel.csv
2026-06-28,12h_prior,Will the highest temperature in Hong Kong be 25°C or below on June 28?,event_label,outputs/v2/diagnostics/phase10_gp_market_comparison/phase10_exact_common_support_event_panel.csv
2026-06-28,12h_prior,Will the highest temperature in Hong Kong be 26°C on June 28?,event_label,outputs/v2/diagnostics/phase10_gp_market_comparison/phase10_exact_common_support_event_panel.csv
2026-06-28,12h_prior,Will the highest temperature in Hong Kong be 27°C on June 28?,event_label,outputs/v2/diagnostics/phase10_gp_market_comparison/phase10_exact_common_support_event_panel.csv
2026-06-28,12h_prior,Will the highest temperature in Hong Kong be 28°C on June 28?,event_label,outputs/v2/diagnostics/phase10_gp_market_comparison/phase10_exact_common_support_event_panel.csv
2026-06-28,12h_prior,Will the highest temperature in Hong Kong be 29°C on June 28?,event_label,outputs/v2/diagnostics/phase10_gp_market_comparison/phase10_exact_common_support_event_panel.csv
2026-06-28,12h_prior,Will the highest temperature in Hong Kong be 30°C on June 28?,event_label,outputs/v2/diagnostics/phase10_gp_market_comparison/phase10_exact_common_support_event_panel.csv
2026-06-28,12h_prior,Will the highest temperature in Hong Kong be 31°C on June 28?,event_label,outputs/v2/diagnostics/phase10_gp_market_comparison/phase10_exact_common_support_event_panel.csv
2026-06-28,12h_prior,Will the highest temperature in Hong Kong be 32°C on June 28?,event_label,outputs/v2/diagnostics/phase10_gp_market_comparison/phase10_exact_common_support_event_panel.csv
2026-06-28,12h_prior,Will the highest temperature in Hong Kong be 33°C on June 28?,event_label,outputs/v2/diagnostics/phase10_gp_market_comparison/phase10_exact_common_support_event_panel.csv
2026-06-28,12h_prior,Will the highest temperature in Hong Kong be 34°C on June 28?,event_label,outputs/v2/diagnostics/phase10_gp_market_comparison/phase10_exact_common_support_event_panel.csv
2026-06-28,12h_prior,Will the highest temperature in Hong Kong be 35°C or higher on June 28?,event_label,outputs/v2/diagnostics/phase10_gp_market_comparison/phase10_exact_common_support_event_panel.csv
2026-06-28,24h_prior,Will the highest temperature in Hong Kong be 25°C or below on June 28?,event_label,outputs/v2/diagnostics/phase10_gp_market_comparison/phase10_exact_common_support_event_panel.csv
2026-06-28,24h_prior,Will the highest temperature in Hong Kong be 26°C on June 28?,event_label,outputs/v2/diagnostics/phase10_gp_market_comparison/phase10_exact_common_support_event_panel.csv
2026-06-28,24h_prior,Will the highest temperature in Hong Kong be 27°C on June 28?,event_label,outputs/v2/diagnostics/phase10_gp_market_comparison/phase10_exact_common_support_event_panel.csv
2026-06-28,24h_prior,Will the highest temperature in Hong Kong be 28°C on June 28?,event_label,outputs/v2/diagnostics/phase10_gp_market_comparison/phase10_exact_common_support_event_panel.csv
2026-06-28,24h_prior,Will the highest temperature in Hong Kong be 29°C on June 28?,event_label,outputs/v2/diagnostics/phase10_gp_market_comparison/phase10_exact_common_support_event_panel.csv
2026-06-28,24h_prior,Will the highest temperature in Hong Kong be 30°C on June 28?,event_label,outputs/v2/diagnostics/phase10_gp_market_comparison/phase10_exact_common_support_event_panel.csv
2026-06-28,24h_prior,Will the highest temperature in Hong Kong be 31°C on June 28?,event_label,outputs/v2/diagnostics/phase10_gp_market_comparison/phase10_exact_common_support_event_panel.csv
2026-06-28,24h_prior,Will the highest temperature in Hong Kong be 32°C on June 28?,event_label,outputs/v2/diagnostics/phase10_gp_market_comparison/phase10_exact_common_support_event_panel.csv
2026-06-28,24h_prior,Will the highest temperature in Hong Kong be 33°C on June 28?,event_label,outputs/v2/diagnostics/phase10_gp_market_comparison/phase10_exact_common_support_event_panel.csv
2026-06-28,24h_prior,Will the highest temperature in Hong Kong be 34°C on June 28?,event_label,outputs/v2/diagnostics/phase10_gp_market_comparison/phase10_exact_common_support_event_panel.csv
2026-06-28,24h_prior,Will the highest temperature in Hong Kong be 35°C or higher on June 28?,event_label,outputs/v2/diagnostics/phase10_gp_market_comparison/phase10_exact_common_support_event_panel.csv
2026-06-28,6h_prior,Will the highest temperature in Hong Kong be 25°C or below on June 28?,event_label,outputs/v2/diagnostics/phase10_gp_market_comparison/phase10_exact_common_support_event_panel.csv
2026-06-28,6h_prior,Will the highest temperature in Hong Kong be 26°C on June 28?,event_label,outputs/v2/diagnostics/phase10_gp_market_comparison/phase10_exact_common_support_event_panel.csv
2026-06-28,6h_prior,Will the highest temperature in Hong Kong be 27°C on June 28?,event_label,outputs/v2/diagnostics/phase10_gp_market_comparison/phase10_exact_common_support_event_panel.csv
2026-06-28,6h_prior,Will the highest temperature in Hong Kong be 28°C on June 28?,event_label,outputs/v2/diagnostics/phase10_gp_market_comparison/phase10_exact_common_support_event_panel.csv
2026-06-28,6h_prior,Will the highest temperature in Hong Kong be 29°C on June 28?,event_label,outputs/v2/diagnostics/phase10_gp_market_comparison/phase10_exact_common_support_event_panel.csv
2026-06-28,6h_prior,Will the highest temperature in Hong Kong be 30°C on June 28?,event_label,outputs/v2/diagnostics/phase10_gp_market_comparison/phase10_exact_common_support_event_panel.csv
2026-06-28,6h_prior,Will the highest temperature in Hong Kong be 31°C on June 28?,event_label,outputs/v2/diagnostics/phase10_gp_market_comparison/phase10_exact_common_support_event_panel.csv
2026-06-28,6h_prior,Will the highest temperature in Hong Kong be 32°C on June 28?,event_label,outputs/v2/diagnostics/phase10_gp_market_comparison/phase10_exact_common_support_event_panel.csv
2026-06-28,6h_prior,Will the highest temperature in Hong Kong be 33°C on June 28?,event_label,outputs/v2/diagnostics/phase10_gp_market_comparison/phase10_exact_common_support_event_panel.csv
2026-06-28,6h_prior,Will the highest temperature in Hong Kong be 34°C on June 28?,event_label,outputs/v2/diagnostics/phase10_gp_market_comparison/phase10_exact_common_support_event_panel.csv
2026-06-28,6h_prior,Will the highest temperature in Hong Kong be 35°C or higher on June 28?,event_label,outputs/v2/diagnostics/phase10_gp_market_comparison/phase10_exact_common_support_event_panel.csv
2026-06-28,event_day_open,Will the highest temperature in Hong Kong be 25°C or below on June 28?,event_label,outputs/v2/diagnostics/phase10_gp_market_comparison/phase10_exact_common_support_event_panel.csv
2026-06-28,event_day_open,Will the highest temperature in Hong Kong be 26°C on June 28?,event_label,outputs/v2/diagnostics/phase10_gp_market_comparison/phase10_exact_common_support_event_panel.csv
2026-06-28,event_day_open,Will the highest temperature in Hong Kong be 27°C on June 28?,event_label,outputs/v2/diagnostics/phase10_gp_market_comparison/phase10_exact_common_support_event_panel.csv
2026-06-28,event_day_open,Will the highest temperature in Hong Kong be 28°C on June 28?,event_label,outputs/v2/diagnostics/phase10_gp_market_comparison/phase10_exact_common_support_event_panel.csv
2026-06-28,event_day_open,Will the highest temperature in Hong Kong be 29°C on June 28?,event_label,outputs/v2/diagnostics/phase10_gp_market_comparison/phase10_exact_common_support_event_panel.csv
2026-06-28,event_day_open,Will the highest temperature in Hong Kong be 30°C on June 28?,event_label,outputs/v2/diagnostics/phase10_gp_market_comparison/phase10_exact_common_support_event_panel.csv
2026-06-28,event_day_open,Will the highest temperature in Hong Kong be 31°C on June 28?,event_label,outputs/v2/diagnostics/phase10_gp_market_comparison/phase10_exact_common_support_event_panel.csv
2026-06-28,event_day_open,Will the highest temperature in Hong Kong be 32°C on June 28?,event_label,outputs/v2/diagnostics/phase10_gp_market_comparison/phase10_exact_common_support_event_panel.csv
2026-06-28,event_day_open,Will the highest temperature in Hong Kong be 33°C on June 28?,event_label,outputs/v2/diagnostics/phase10_gp_market_comparison/phase10_exact_common_support_event_panel.csv
2026-06-28,event_day_open,Will the highest temperature in Hong Kong be 34°C on June 28?,event_label,outputs/v2/diagnostics/phase10_gp_market_comparison/phase10_exact_common_support_event_panel.csv
2026-06-28,event_day_open,Will the highest temperature in Hong Kong be 35°C or higher on June 28?,event_label,outputs/v2/diagnostics/phase10_gp_market_comparison/phase10_exact_common_support_event_panel.csv
2026-06-29,12h_prior,Will the highest temperature in Hong Kong be 26°C or below on June 29?,event_label,outputs/v2/diagnostics/phase10_gp_market_comparison/phase10_exact_common_support_event_panel.csv
2026-06-29,12h_prior,Will the highest temperature in Hong Kong be 27°C on June 29?,event_label,outputs/v2/diagnostics/phase10_gp_market_comparison/phase10_exact_common_support_event_panel.csv
2026-06-29,12h_prior,Will the highest temperature in Hong Kong be 28°C on June 29?,event_label,outputs/v2/diagnostics/phase10_gp_market_comparison/phase10_exact_common_support_event_panel.csv
2026-06-29,12h_prior,Will the highest temperature in Hong Kong be 29°C on June 29?,event_label,outputs/v2/diagnostics/phase10_gp_market_comparison/phase10_exact_common_support_event_panel.csv
2026-06-29,12h_prior,Will the highest temperature in Hong Kong be 30°C on June 29?,event_label,outputs/v2/diagnostics/phase10_gp_market_comparison/phase10_exact_common_support_event_panel.csv
2026-06-29,12h_prior,Will the highest temperature in Hong Kong be 31°C on June 29?,event_label,outputs/v2/diagnostics/phase10_gp_market_comparison/phase10_exact_common_support_event_panel.csv
2026-06-29,12h_prior,Will the highest temperature in Hong Kong be 32°C on June 29?,event_label,outputs/v2/diagnostics/phase10_gp_market_comparison/phase10_exact_common_support_event_panel.csv
2026-06-29,12h_prior,Will the highest temperature in Hong Kong be 33°C on June 29?,event_label,outputs/v2/diagnostics/phase10_gp_market_comparison/phase10_exact_common_support_event_panel.csv
2026-06-29,12h_prior,Will the highest temperature in Hong Kong be 34°C on June 29?,event_label,outputs/v2/diagnostics/phase10_gp_market_comparison/phase10_exact_common_support_event_panel.csv
2026-06-29,12h_prior,Will the highest temperature in Hong Kong be 35°C on June 29?,event_label,outputs/v2/diagnostics/phase10_gp_market_comparison/phase10_exact_common_support_event_panel.csv
2026-06-29,12h_prior,Will the highest temperature in Hong Kong be 36°C or higher on June 29?,event_label,outputs/v2/diagnostics/phase10_gp_market_comparison/phase10_exact_common_support_event_panel.csv
2026-06-29,24h_prior,Will the highest temperature in Hong Kong be 26°C or below on June 29?,event_label,outputs/v2/diagnostics/phase10_gp_market_comparison/phase10_exact_common_support_event_panel.csv
2026-06-29,24h_prior,Will the highest temperature in Hong Kong be 27°C on June 29?,event_label,outputs/v2/diagnostics/phase10_gp_market_comparison/phase10_exact_common_support_event_panel.csv
2026-06-29,24h_prior,Will the highest temperature in Hong Kong be 28°C on June 29?,event_label,outputs/v2/diagnostics/phase10_gp_market_comparison/phase10_exact_common_support_event_panel.csv
2026-06-29,24h_prior,Will the highest temperature in Hong Kong be 29°C on June 29?,event_label,outputs/v2/diagnostics/phase10_gp_market_comparison/phase10_exact_common_support_event_panel.csv
2026-06-29,24h_prior,Will the highest temperature in Hong Kong be 30°C on June 29?,event_label,outputs/v2/diagnostics/phase10_gp_market_comparison/phase10_exact_common_support_event_panel.csv
2026-06-29,24h_prior,Will the highest temperature in Hong Kong be 31°C on June 29?,event_label,outputs/v2/diagnostics/phase10_gp_market_comparison/phase10_exact_common_support_event_panel.csv
2026-06-29,24h_prior,Will the highest temperature in Hong Kong be 32°C on June 29?,event_label,outputs/v2/diagnostics/phase10_gp_market_comparison/phase10_exact_common_support_event_panel.csv
2026-06-29,24h_prior,Will the highest temperature in Hong Kong be 33°C on June 29?,event_label,outputs/v2/diagnostics/phase10_gp_market_comparison/phase10_exact_common_support_event_panel.csv
2026-06-29,24h_prior,Will the highest temperature in Hong Kong be 34°C on June 29?,event_label,outputs/v2/diagnostics/phase10_gp_market_comparison/phase10_exact_common_support_event_panel.csv
2026-06-29,24h_prior,Will the highest temperature in Hong Kong be 35°C on June 29?,event_label,outputs/v2/diagnostics/phase10_gp_market_comparison/phase10_exact_common_support_event_panel.csv
2026-06-29,24h_prior,Will the highest temperature in Hong Kong be 36°C or higher on June 29?,event_label,outputs/v2/diagnostics/phase10_gp_market_comparison/phase10_exact_common_support_event_panel.csv
2026-06-29,6h_prior,Will the highest temperature in Hong Kong be 26°C or below on June 29?,event_label,outputs/v2/diagnostics/phase10_gp_market_comparison/phase10_exact_common_support_event_panel.csv
2026-06-29,6h_prior,Will the highest temperature in Hong Kong be 27°C on June 29?,event_label,outputs/v2/diagnostics/phase10_gp_market_comparison/phase10_exact_common_support_event_panel.csv
2026-06-29,6h_prior,Will the highest temperature in Hong Kong be 28°C on June 29?,event_label,outputs/v2/diagnostics/phase10_gp_market_comparison/phase10_exact_common_support_event_panel.csv
2026-06-29,6h_prior,Will the highest temperature in Hong Kong be 29°C on June 29?,event_label,outputs/v2/diagnostics/phase10_gp_market_comparison/phase10_exact_common_support_event_panel.csv
2026-06-29,6h_prior,Will the highest temperature in Hong Kong be 30°C on June 29?,event_label,outputs/v2/diagnostics/phase10_gp_market_comparison/phase10_exact_common_support_event_panel.csv
2026-06-29,6h_prior,Will the highest temperature in Hong Kong be 31°C on June 29?,event_label,outputs/v2/diagnostics/phase10_gp_market_comparison/phase10_exact_common_support_event_panel.csv
2026-06-29,6h_prior,Will the highest temperature in Hong Kong be 32°C on June 29?,event_label,outputs/v2/diagnostics/phase10_gp_market_comparison/phase10_exact_common_support_event_panel.csv
2026-06-29,6h_prior,Will the highest temperature in Hong Kong be 33°C on June 29?,event_label,outputs/v2/diagnostics/phase10_gp_market_comparison/phase10_exact_common_support_event_panel.csv
2026-06-29,6h_prior,Will the highest temperature in Hong Kong be 34°C on June 29?,event_label,outputs/v2/diagnostics/phase10_gp_market_comparison/phase10_exact_common_support_event_panel.csv
2026-06-29,6h_prior,Will the highest temperature in Hong Kong be 35°C on June 29?,event_label,outputs/v2/diagnostics/phase10_gp_market_comparison/phase10_exact_common_support_event_panel.csv
2026-06-29,6h_prior,Will the highest temperature in Hong Kong be 36°C or higher on June 29?,event_label,outputs/v2/diagnostics/phase10_gp_market_comparison/phase10_exact_common_support_event_panel.csv
2026-06-29,event_day_open,Will the highest temperature in Hong Kong be 26°C or below on June 29?,event_label,outputs/v2/diagnostics/phase10_gp_market_comparison/phase10_exact_common_support_event_panel.csv
2026-06-29,event_day_open,Will the highest temperature in Hong Kong be 27°C on June 29?,event_label,outputs/v2/diagnostics/phase10_gp_market_comparison/phase10_exact_common_support_event_panel.csv
2026-06-29,event_day_open,Will the highest temperature in Hong Kong be 28°C on June 29?,event_label,outputs/v2/diagnostics/phase10_gp_market_comparison/phase10_exact_common_support_event_panel.csv
2026-06-29,event_day_open,Will the highest temperature in Hong Kong be 29°C on June 29?,event_label,outputs/v2/diagnostics/phase10_gp_market_comparison/phase10_exact_common_support_event_panel.csv
2026-06-29,event_day_open,Will the highest temperature in Hong Kong be 30°C on June 29?,event_label,outputs/v2/diagnostics/phase10_gp_market_comparison/phase10_exact_common_support_event_panel.csv
2026-06-29,event_day_open,Will the highest temperature in Hong Kong be 31°C on June 29?,event_label,outputs/v2/diagnostics/phase10_gp_market_comparison/phase10_exact_common_support_event_panel.csv
2026-06-29,event_day_open,Will the highest temperature in Hong Kong be 32°C on June 29?,event_label,outputs/v2/diagnostics/phase10_gp_market_comparison/phase10_exact_common_support_event_panel.csv
2026-06-29,event_day_open,Will the highest temperature in Hong Kong be 33°C on June 29?,event_label,outputs/v2/diagnostics/phase10_gp_market_comparison/phase10_exact_common_support_event_panel.csv
2026-06-29,event_day_open,Will the highest temperature in Hong Kong be 34°C on June 29?,event_label,outputs/v2/diagnostics/phase10_gp_market_comparison/phase10_exact_common_support_event_panel.csv
2026-06-29,event_day_open,Will the highest temperature in Hong Kong be 35°C on June 29?,event_label,outputs/v2/diagnostics/phase10_gp_market_comparison/phase10_exact_common_support_event_panel.csv
2026-06-29,event_day_open,Will the highest temperature in Hong Kong be 36°C or higher on June 29?,event_label,outputs/v2/diagnostics/phase10_gp_market_comparison/phase10_exact_common_support_event_panel.csv
2026-06-30,12h_prior,Will the highest temperature in Hong Kong be 26°C or below on June 30?,event_label,outputs/v2/diagnostics/phase10_gp_market_comparison/phase10_exact_common_support_event_panel.csv
2026-06-30,12h_prior,Will the highest temperature in Hong Kong be 27°C on June 30?,event_label,outputs/v2/diagnostics/phase10_gp_market_comparison/phase10_exact_common_support_event_panel.csv
2026-06-30,12h_prior,Will the highest temperature in Hong Kong be 28°C on June 30?,event_label,outputs/v2/diagnostics/phase10_gp_market_comparison/phase10_exact_common_support_event_panel.csv
2026-06-30,12h_prior,Will the highest temperature in Hong Kong be 29°C on June 30?,event_label,outputs/v2/diagnostics/phase10_gp_market_comparison/phase10_exact_common_support_event_panel.csv
2026-06-30,12h_prior,Will the highest temperature in Hong Kong be 30°C on June 30?,event_label,outputs/v2/diagnostics/phase10_gp_market_comparison/phase10_exact_common_support_event_panel.csv
2026-06-30,12h_prior,Will the highest temperature in Hong Kong be 31°C on June 30?,event_label,outputs/v2/diagnostics/phase10_gp_market_comparison/phase10_exact_common_support_event_panel.csv
2026-06-30,12h_prior,Will the highest temperature in Hong Kong be 32°C on June 30?,event_label,outputs/v2/diagnostics/phase10_gp_market_comparison/phase10_exact_common_support_event_panel.csv
2026-06-30,12h_prior,Will the highest temperature in Hong Kong be 33°C on June 30?,event_label,outputs/v2/diagnostics/phase10_gp_market_comparison/phase10_exact_common_support_event_panel.csv
2026-06-30,12h_prior,Will the highest temperature in Hong Kong be 34°C on June 30?,event_label,outputs/v2/diagnostics/phase10_gp_market_comparison/phase10_exact_common_support_event_panel.csv
2026-06-30,12h_prior,Will the highest temperature in Hong Kong be 35°C on June 30?,event_label,outputs/v2/diagnostics/phase10_gp_market_comparison/phase10_exact_common_support_event_panel.csv
2026-06-30,12h_prior,Will the highest temperature in Hong Kong be 36°C or higher on June 30?,event_label,outputs/v2/diagnostics/phase10_gp_market_comparison/phase10_exact_common_support_event_panel.csv
2026-06-30,24h_prior,Will the highest temperature in Hong Kong be 26°C or below on June 30?,event_label,outputs/v2/diagnostics/phase10_gp_market_comparison/phase10_exact_common_support_event_panel.csv
2026-06-30,24h_prior,Will the highest temperature in Hong Kong be 27°C on June 30?,event_label,outputs/v2/diagnostics/phase10_gp_market_comparison/phase10_exact_common_support_event_panel.csv
2026-06-30,24h_prior,Will the highest temperature in Hong Kong be 28°C on June 30?,event_label,outputs/v2/diagnostics/phase10_gp_market_comparison/phase10_exact_common_support_event_panel.csv
2026-06-30,24h_prior,Will the highest temperature in Hong Kong be 29°C on June 30?,event_label,outputs/v2/diagnostics/phase10_gp_market_comparison/phase10_exact_common_support_event_panel.csv
2026-06-30,24h_prior,Will the highest temperature in Hong Kong be 30°C on June 30?,event_label,outputs/v2/diagnostics/phase10_gp_market_comparison/phase10_exact_common_support_event_panel.csv
2026-06-30,24h_prior,Will the highest temperature in Hong Kong be 31°C on June 30?,event_label,outputs/v2/diagnostics/phase10_gp_market_comparison/phase10_exact_common_support_event_panel.csv
2026-06-30,24h_prior,Will the highest temperature in Hong Kong be 32°C on June 30?,event_label,outputs/v2/diagnostics/phase10_gp_market_comparison/phase10_exact_common_support_event_panel.csv
2026-06-30,24h_prior,Will the highest temperature in Hong Kong be 33°C on June 30?,event_label,outputs/v2/diagnostics/phase10_gp_market_comparison/phase10_exact_common_support_event_panel.csv
2026-06-30,24h_prior,Will the highest temperature in Hong Kong be 34°C on June 30?,event_label,outputs/v2/diagnostics/phase10_gp_market_comparison/phase10_exact_common_support_event_panel.csv
2026-06-30,24h_prior,Will the highest temperature in Hong Kong be 35°C on June 30?,event_label,outputs/v2/diagnostics/phase10_gp_market_comparison/phase10_exact_common_support_event_panel.csv
2026-06-30,24h_prior,Will the highest temperature in Hong Kong be 36°C or higher on June 30?,event_label,outputs/v2/diagnostics/phase10_gp_market_comparison/phase10_exact_common_support_event_panel.csv
2026-06-30,6h_prior,Will the highest temperature in Hong Kong be 26°C or below on June 30?,event_label,outputs/v2/diagnostics/phase10_gp_market_comparison/phase10_exact_common_support_event_panel.csv
2026-06-30,6h_prior,Will the highest temperature in Hong Kong be 27°C on June 30?,event_label,outputs/v2/diagnostics/phase10_gp_market_comparison/phase10_exact_common_support_event_panel.csv
2026-06-30,6h_prior,Will the highest temperature in Hong Kong be 28°C on June 30?,event_label,outputs/v2/diagnostics/phase10_gp_market_comparison/phase10_exact_common_support_event_panel.csv
2026-06-30,6h_prior,Will the highest temperature in Hong Kong be 29°C on June 30?,event_label,outputs/v2/diagnostics/phase10_gp_market_comparison/phase10_exact_common_support_event_panel.csv
2026-06-30,6h_prior,Will the highest temperature in Hong Kong be 30°C on June 30?,event_label,outputs/v2/diagnostics/phase10_gp_market_comparison/phase10_exact_common_support_event_panel.csv
2026-06-30,6h_prior,Will the highest temperature in Hong Kong be 31°C on June 30?,event_label,outputs/v2/diagnostics/phase10_gp_market_comparison/phase10_exact_common_support_event_panel.csv
2026-06-30,6h_prior,Will the highest temperature in Hong Kong be 32°C on June 30?,event_label,outputs/v2/diagnostics/phase10_gp_market_comparison/phase10_exact_common_support_event_panel.csv
2026-06-30,6h_prior,Will the highest temperature in Hong Kong be 33°C on June 30?,event_label,outputs/v2/diagnostics/phase10_gp_market_comparison/phase10_exact_common_support_event_panel.csv
2026-06-30,6h_prior,Will the highest temperature in Hong Kong be 34°C on June 30?,event_label,outputs/v2/diagnostics/phase10_gp_market_comparison/phase10_exact_common_support_event_panel.csv
2026-06-30,6h_prior,Will the highest temperature in Hong Kong be 35°C on June 30?,event_label,outputs/v2/diagnostics/phase10_gp_market_comparison/phase10_exact_common_support_event_panel.csv
2026-06-30,6h_prior,Will the highest temperature in Hong Kong be 36°C or higher on June 30?,event_label,outputs/v2/diagnostics/phase10_gp_market_comparison/phase10_exact_common_support_event_panel.csv
2026-06-30,event_day_open,Will the highest temperature in Hong Kong be 26°C or below on June 30?,event_label,outputs/v2/diagnostics/phase10_gp_market_comparison/phase10_exact_common_support_event_panel.csv
2026-06-30,event_day_open,Will the highest temperature in Hong Kong be 27°C on June 30?,event_label,outputs/v2/diagnostics/phase10_gp_market_comparison/phase10_exact_common_support_event_panel.csv
2026-06-30,event_day_open,Will the highest temperature in Hong Kong be 28°C on June 30?,event_label,outputs/v2/diagnostics/phase10_gp_market_comparison/phase10_exact_common_support_event_panel.csv
2026-06-30,event_day_open,Will the highest temperature in Hong Kong be 29°C on June 30?,event_label,outputs/v2/diagnostics/phase10_gp_market_comparison/phase10_exact_common_support_event_panel.csv
2026-06-30,event_day_open,Will the highest temperature in Hong Kong be 30°C on June 30?,event_label,outputs/v2/diagnostics/phase10_gp_market_comparison/phase10_exact_common_support_event_panel.csv
2026-06-30,event_day_open,Will the highest temperature in Hong Kong be 31°C on June 30?,event_label,outputs/v2/diagnostics/phase10_gp_market_comparison/phase10_exact_common_support_event_panel.csv
2026-06-30,event_day_open,Will the highest temperature in Hong Kong be 32°C on June 30?,event_label,outputs/v2/diagnostics/phase10_gp_market_comparison/phase10_exact_common_support_event_panel.csv
2026-06-30,event_day_open,Will the highest temperature in Hong Kong be 33°C on June 30?,event_label,outputs/v2/diagnostics/phase10_gp_market_comparison/phase10_exact_common_support_event_panel.csv
2026-06-30,event_day_open,Will the highest temperature in Hong Kong be 34°C on June 30?,event_label,outputs/v2/diagnostics/phase10_gp_market_comparison/phase10_exact_common_support_event_panel.csv
2026-06-30,event_day_open,Will the highest temperature in Hong Kong be 35°C on June 30?,event_label,outputs/v2/diagnostics/phase10_gp_market_comparison/phase10_exact_common_support_event_panel.csv
2026-06-30,event_day_open,Will the highest temperature in Hong Kong be 36°C or higher on June 30?,event_label,outputs/v2/diagnostics/phase10_gp_market_comparison/phase10_exact_common_support_event_panel.csv
