target_date,source_contract_id,event_label,source_event_type,lower_bound_c,upper_bound_c,event_type,observed_temperature_c,provided_outcome,contract_key,derived_outcome,realised_yes,decision_rule,forecast_daily_max_c,gp_temperature_mean_c,gp_temperature_std_c,gp_event_probability,sample_period,binary_brier,binary_log
2026-03-16,nan,Will the highest temperature in Hong Kong be 14°C or below on March 16?,lower_tail,-inf,15.0,lower_tail,24.0,,2026-03-16|-inf|15.0,0.0,0.0,24h_prior,21.6,23.378525091339007,1.391885258831647,8.745046597750813e-10,weather_plus_market_training,7.647583999683308e-19,8.745046912666161e-10
2026-03-16,nan,Will the highest temperature in Hong Kong be 15°C on March 16?,interior,15.0,16.0,interior,24.0,,2026-03-16|15.0|16.0,0.0,0.0,24h_prior,21.6,23.378525091339007,1.391885258831647,5.667851626128791e-08,weather_plus_market_training,3.212454205581078e-15,5.6678517819942275e-08
2026-03-16,nan,Will the highest temperature in Hong Kong be 16°C on March 16?,interior,16.0,17.0,interior,24.0,,2026-03-16|16.0|17.0,0.0,0.0,24h_prior,21.6,23.378525091339007,1.391885258831647,2.2380310521930142e-06,weather_plus_market_training,5.008782990580171e-12,2.238033556543824e-06
2026-03-16,nan,Will the highest temperature in Hong Kong be 17°C on March 16?,interior,17.0,18.0,interior,24.0,,2026-03-16|17.0|18.0,0.0,0.0,24h_prior,21.6,23.378525091339007,1.391885258831647,5.3431013602183945e-05,weather_plus_market_training,2.8548732145567656e-09,5.3432441089678704e-05
2026-03-16,nan,Will the highest temperature in Hong Kong be 18°C on March 16?,interior,18.0,19.0,interior,24.0,,2026-03-16|18.0|19.0,0.0,0.0,24h_prior,21.6,23.378525091339007,1.391885258831647,0.0007725769783136728,weather_plus_market_training,5.968751874202852e-07,0.0007728755697071836
2026-03-16,nan,Will the highest temperature in Hong Kong be 19°C on March 16?,interior,19.0,20.0,interior,24.0,,2026-03-16|19.0|20.0,0.0,0.0,24h_prior,21.6,23.378525091339007,1.391885258831647,0.0067775019567123465,weather_plus_market_training,4.593453277323969e-05,0.006800573527265864
2026-03-16,nan,Will the highest temperature in Hong Kong be 20°C on March 16?,interior,20.0,21.0,interior,24.0,,2026-03-16|20.0|21.0,0.0,0.0,24h_prior,21.6,23.378525091339007,1.391885258831647,0.03613343268178973,weather_plus_market_training,0.00130562495736943,0.03680240959693095
2026-03-16,nan,Will the highest temperature in Hong Kong be 21°C on March 16?,interior,21.0,22.0,interior,24.0,,2026-03-16|21.0|22.0,0.0,0.0,24h_prior,21.6,23.378525091339007,1.391885258831647,0.11724974559828766,weather_plus_market_training,0.013747502842863177,0.12471295598142872
2026-03-16,nan,Will the highest temperature in Hong Kong be 22°C on March 16?,interior,22.0,23.0,interior,24.0,,2026-03-16|22.0|23.0,0.0,0.0,24h_prior,21.6,23.378525091339007,1.391885258831647,0.23184072521962595,weather_plus_market_training,0.05375012187036211,0.26375817829965303
2026-03-16,nan,Will the highest temperature in Hong Kong be 23°C on March 16?,interior,23.0,24.0,interior,24.0,,2026-03-16|23.0|24.0,0.0,0.0,24h_prior,21.6,23.378525091339007,1.391885258831647,0.2795517522848656,weather_plus_market_training,0.07814918220553888,0.3278816944150013
2026-03-16,nan,Will the highest temperature in Hong Kong be 24°C or higher on March 16?,upper_tail,24.0,inf,upper_tail,24.0,,2026-03-16|24.0|inf,1.0,1.0,24h_prior,21.6,23.378525091339007,1.391885258831647,0.3276185386827297,weather_plus_market_training,0.45209682952314784,1.1159053392187197
2026-03-17,nan,Will the highest temperature in Hong Kong be 17°C or below on March 17?,lower_tail,-inf,18.0,lower_tail,24.0,,2026-03-17|-inf|18.0,0.0,0.0,6h_prior,22.9,24.03109539074848,1.3015866565383885,1.7963818997682508e-06,weather_plus_market_training,3.22698792981499e-12,1.7963835132838216e-06
2026-03-17,nan,Will the highest temperature in Hong Kong be 18°C on March 17?,interior,18.0,19.0,interior,24.0,,2026-03-17|18.0|19.0,0.0,0.0,6h_prior,22.9,24.03109539074848,1.3015866565383885,5.366732869958751e-05,weather_plus_market_training,2.880182169749569e-09,5.36687688422134e-05
2026-03-17,nan,Will the highest temperature in Hong Kong be 19°C on March 17?,interior,19.0,20.0,interior,24.0,,2026-03-17|19.0|20.0,0.0,0.0,6h_prior,22.9,24.03109539074848,1.3015866565383885,0.0009217791745315417,weather_plus_market_training,8.496768466000505e-07,0.0009222042742069068
2026-03-17,nan,Will the highest temperature in Hong Kong be 20°C on March 17?,interior,20.0,21.0,interior,24.0,,2026-03-17|20.0|21.0,0.0,0.0,6h_prior,22.9,24.03109539074848,1.3015866565383885,0.008958395418054464,weather_plus_market_training,8.02528484662192e-05,0.008998763109626948
2026-03-17,nan,Will the highest temperature in Hong Kong be 21°C on March 17?,interior,21.0,22.0,interior,24.0,,2026-03-17|21.0|22.0,0.0,0.0,6h_prior,22.9,24.03109539074848,1.3015866565383885,0.04938802121723476,weather_plus_market_training,0.002439176639754031,0.05064931359531461
2026-03-17,nan,Will the highest temperature in Hong Kong be 22°C on March 17?,interior,22.0,23.0,interior,24.0,,2026-03-17|22.0|23.0,0.0,0.0,6h_prior,22.9,24.03109539074848,1.3015866565383885,0.1548032029408914,weather_plus_market_training,0.023964031640758807,0.16818578281307064
2026-03-17,nan,Will the highest temperature in Hong Kong be 23°C on March 17?,interior,23.0,24.0,interior,24.0,,2026-03-17|23.0|24.0,0.0,0.0,6h_prior,22.9,24.03109539074848,1.3015866565383885,0.27634316419184835,weather_plus_market_training,0.07636554439556285,0.3234379826525961
2026-03-17,nan,Will the highest temperature in Hong Kong be 24°C on March 17?,interior,24.0,25.0,interior,24.0,,2026-03-17|24.0|25.0,1.0,1.0,6h_prior,22.9,24.03109539074848,1.3015866565383885,0.2812135275068868,weather_plus_market_training,0.516653993039093,1.2686410138481958
2026-03-17,nan,Will the highest temperature in Hong Kong be 25°C on March 17?,interior,25.0,26.0,interior,24.0,,2026-03-17|25.0|26.0,0.0,0.0,6h_prior,22.9,24.03109539074848,1.3015866565383885,0.16313796657381718,weather_plus_market_training,0.026613996137839893,0.17809605669564918
2026-03-17,nan,Will the highest temperature in Hong Kong be 26°C on March 17?,interior,26.0,27.0,interior,24.0,,2026-03-17|26.0|27.0,0.0,0.0,6h_prior,22.9,24.03109539074848,1.3015866565383885,0.05390392498117713,weather_plus_market_training,0.002905633128376372,0.0554111558705322
2026-03-17,nan,Will the highest temperature in Hong Kong be 27°C or higher on March 17?,upper_tail,27.0,inf,upper_tail,24.0,,2026-03-17|27.0|inf,0.0,0.0,6h_prior,22.9,24.03109539074848,1.3015866565383885,0.011274554284959049,weather_plus_market_training,0.00012711557432448843,0.01133859387230935
2026-03-18,nan,Will the highest temperature in Hong Kong be 18°C or below on March 18?,lower_tail,-inf,19.0,lower_tail,27.8,,2026-03-18|-inf|19.0,0.0,0.0,12h_prior,25.0,25.48101610980937,1.3430627846488667,6.980884878977396e-07,weather_plus_market_training,4.873275369353525e-13,6.980887315687507e-07
2026-03-18,nan,Will the highest temperature in Hong Kong be 19°C on March 18?,interior,19.0,20.0,interior,27.8,,2026-03-18|19.0|20.0,0.0,0.0,12h_prior,25.0,25.48101610980937,1.3430627846488667,2.1724749477447833e-05,weather_plus_market_training,4.719647398578699e-10,2.172498546326858e-05
2026-03-18,nan,Will the highest temperature in Hong Kong be 20°C on March 18?,interior,20.0,21.0,interior,27.8,,2026-03-18|20.0|21.0,0.0,0.0,12h_prior,25.0,25.48101610980937,1.3430627846488667,0.00040190757516042104,weather_plus_market_training,1.6152969897132948e-07,0.0004019883616564679
2026-03-18,nan,Will the highest temperature in Hong Kong be 21°C on March 18?,interior,21.0,22.0,interior,27.8,,2026-03-18|21.0|22.0,0.0,0.0,12h_prior,25.0,25.48101610980937,1.3430627846488667,0.004348750843520108,weather_plus_market_training,1.891163389901685e-05,0.004358234164188959
2026-03-18,nan,Will the highest temperature in Hong Kong be 22°C on March 18?,interior,22.0,23.0,interior,27.8,,2026-03-18|22.0|23.0,0.0,0.0,12h_prior,25.0,25.48101610980937,1.3430627846488667,0.027580037179127728,weather_plus_market_training,0.0007606584508020678,0.027967507317665268
2026-03-18,nan,Will the highest temperature in Hong Kong be 23°C on March 18?,interior,23.0,24.0,interior,27.8,,2026-03-18|23.0|24.0,0.0,0.0,12h_prior,25.0,25.48101610980937,1.3430627846488667,0.10272225482287206,weather_plus_market_training,0.010551861635895063,0.1083898269726292
2026-03-18,nan,Will the highest temperature in Hong Kong be 24°C on March 18?,interior,24.0,25.0,interior,27.8,,2026-03-18|24.0|25.0,0.0,0.0,12h_prior,25.0,25.48101610980937,1.3430627846488667,0.22504066698906616,weather_plus_market_training,0.05064330179888377,0.25494472453985295
2026-03-18,nan,Will the highest temperature in Hong Kong be 25°C on March 18?,interior,25.0,26.0,interior,27.8,,2026-03-18|25.0|26.0,0.0,0.0,12h_prior,25.0,25.48101610980937,1.3430627846488667,0.29029046938827974,weather_plus_market_training,0.08426855661766777,0.3428995044703245
2026-03-18,nan,Will the highest temperature in Hong Kong be 26°C on March 18?,interior,26.0,27.0,interior,27.8,,2026-03-18|26.0|27.0,0.0,0.0,12h_prior,25.0,25.48101610980937,1.3430627846488667,0.2205627920916552,weather_plus_market_training,0.048647945255266715,0.24918314804797242
2026-03-18,nan,Will the highest temperature in Hong Kong be 27°C on March 18?,interior,27.0,28.0,interior,27.8,,2026-03-18|27.0|28.0,1.0,1.0,12h_prior,25.0,25.48101610980937,1.3430627846488667,0.09867227656799815,weather_plus_market_training,0.8123916650271152,2.315951257834401
2026-03-18,nan,Will the highest temperature in Hong Kong be 28°C or higher on March 18?,upper_tail,28.0,inf,upper_tail,27.8,,2026-03-18|28.0|inf,0.0,0.0,12h_prior,25.0,25.48101610980937,1.3430627846488667,0.0303584217043551,weather_plus_market_training,0.0009216337683794587,0.030828782680915313
2026-03-18,nan,Will the highest temperature in Hong Kong be 18°C or below on March 18?,lower_tail,-inf,19.0,lower_tail,27.8,,2026-03-18|-inf|19.0,0.0,0.0,6h_prior,25.6,26.010744707278807,1.3609014574523783,1.2917480582255465e-07,weather_plus_market_training,1.6686130459294697e-14,1.2917481419490533e-07
2026-03-18,nan,Will the highest temperature in Hong Kong be 19°C on March 18?,interior,19.0,20.0,interior,27.8,,2026-03-18|19.0|20.0,0.0,0.0,6h_prior,25.6,26.010744707278807,1.3609014574523783,4.880911359077443e-06,weather_plus_market_training,2.382329569517121e-11,4.880923270770802e-06
2026-03-18,nan,Will the highest temperature in Hong Kong be 20°C on March 18?,interior,20.0,21.0,interior,27.8,,2026-03-18|20.0|21.0,0.0,0.0,6h_prior,25.6,26.010744707278807,1.3609014574523783,0.0001107271322731077,weather_plus_market_training,1.2260497821426287e-08,0.00011073326297458559
2026-03-18,nan,Will the highest temperature in Hong Kong be 21°C on March 18?,interior,21.0,22.0,interior,27.8,,2026-03-18|21.0|22.0,0.0,0.0,6h_prior,25.6,26.010744707278807,1.3609014574523783,0.0014879880007639848,weather_plus_market_training,2.2141082904176003e-06,0.0014890961543250901
2026-03-18,nan,Will the highest temperature in Hong Kong be 22°C on March 18?,interior,22.0,23.0,interior,27.8,,2026-03-18|22.0|23.0,0.0,0.0,6h_prior,25.6,26.010744707278807,1.3609014574523783,0.01186867774982145,weather_plus_market_training,0.00014086551152910678,0.011939672809719493
2026-03-18,nan,Will the highest temperature in Hong Kong be 23°C on March 18?,interior,23.0,24.0,interior,27.8,,2026-03-18|23.0|24.0,0.0,0.0,6h_prior,25.6,26.010744707278807,1.3609014574523783,0.056297166123422046,weather_plus_market_training,0.003169370913528179,0.05794395701713331
2026-03-18,nan,Will the highest temperature in Hong Kong be 24°C on March 18?,interior,24.0,25.0,interior,27.8,,2026-03-18|24.0|25.0,0.0,0.0,6h_prior,25.6,26.010744707278807,1.3609014574523783,0.1590613849805067,weather_plus_market_training,0.025300524191916963,0.17323661213745872
2026-03-18,nan,Will the highest temperature in Hong Kong be 25°C on March 18?,interior,25.0,26.0,interior,27.8,,2026-03-18|25.0|26.0,0.0,0.0,6h_prior,25.6,26.010744707278807,1.3609014574523783,0.2680193149400972,weather_plus_market_training,0.071834353180959,0.3120011518991434
2026-03-18,nan,Will the highest temperature in Hong Kong be 26°C on March 18?,interior,26.0,27.0,interior,27.8,,2026-03-18|26.0|27.0,0.0,0.0,6h_prior,25.6,26.010744707278807,1.3609014574523783,0.2695097289790009,weather_plus_market_training,0.07263549401433451,0.31403936612647937
2026-03-18,nan,Will the highest temperature in Hong Kong be 27°C on March 18?,interior,27.0,28.0,interior,27.8,,2026-03-18|27.0|28.0,1.0,1.0,6h_prior,25.6,26.010744707278807,1.3609014574523783,0.16173086514200607,weather_plus_market_training,0.7026951424555696,1.8218216515665069
2026-03-18,nan,Will the highest temperature in Hong Kong be 28°C or higher on March 18?,upper_tail,28.0,inf,upper_tail,27.8,,2026-03-18|28.0|inf,0.0,0.0,6h_prior,25.6,26.010744707278807,1.3609014574523783,0.07190913686594369,weather_plus_market_training,0.005170923964805022,0.07462563812911321
2026-03-21,nan,Will the highest temperature in Hong Kong be 17°C or below on March 21?,lower_tail,-inf,18.0,lower_tail,22.3,,2026-03-21|-inf|18.0,0.0,0.0,12h_prior,22.8,24.07340625300518,1.3229990203212385,2.2094924636423915e-06,weather_plus_market_training,4.881856946892525e-12,2.209494904588273e-06
2026-03-21,nan,Will the highest temperature in Hong Kong be 18°C on March 21?,interior,18.0,19.0,interior,22.3,,2026-03-21|18.0|19.0,0.0,0.0,12h_prior,22.8,24.07340625300518,1.3229990203212385,6.062963314084003e-05,weather_plus_market_training,3.6759524147928475e-09,6.06314711912976e-05
2026-03-21,nan,Will the highest temperature in Hong Kong be 19°C on March 21?,interior,19.0,20.0,interior,22.3,,2026-03-21|19.0|20.0,0.0,0.0,12h_prior,22.8,24.07340625300518,1.3229990203212385,0.0009759281637323955,weather_plus_market_training,9.524357807660854e-07,0.0009764046916860204
2026-03-21,nan,Will the highest temperature in Hong Kong be 20°C on March 21?,interior,20.0,21.0,interior,22.3,,2026-03-21|20.0|21.0,0.0,0.0,12h_prior,22.8,24.07340625300518,1.3229990203212385,0.009049194397871153,weather_plus_market_training,8.188791925046265e-05,0.009090387052699225
2026-03-21,nan,Will the highest temperature in Hong Kong be 21°C on March 21?,interior,21.0,22.0,interior,22.3,,2026-03-21|21.0|22.0,0.0,0.0,12h_prior,22.8,24.07340625300518,1.3229990203212385,0.04844582029354132,weather_plus_market_training,0.0023469975039140997,0.049658652504488705
2026-03-21,nan,Will the highest temperature in Hong Kong be 22°C on March 21?,interior,22.0,23.0,interior,22.3,,2026-03-21|22.0|23.0,1.0,1.0,12h_prior,22.8,24.07340625300518,1.3229990203212385,0.15005052325262866,weather_plus_market_training,0.7224141130231303,1.8967832199133796
2026-03-21,nan,Will the highest temperature in Hong Kong be 23°C on March 21?,interior,23.0,24.0,interior,22.3,,2026-03-21|23.0|24.0,0.0,0.0,12h_prior,22.8,24.07340625300518,1.3229990203212385,0.26929183933666273,weather_plus_market_training,0.07251809473332298,0.3137411319657679
2026-03-21,nan,Will the highest temperature in Hong Kong be 24°C on March 21?,interior,24.0,25.0,interior,22.3,,2026-03-21|24.0|25.0,0.0,0.0,12h_prior,22.8,24.07340625300518,1.3229990203212385,0.2802768838533572,weather_plus_market_training,0.07855513162254828,0.328888701841985
2026-03-21,nan,Will the highest temperature in Hong Kong be 25°C on March 21?,interior,25.0,26.0,interior,22.3,,2026-03-21|25.0|26.0,0.0,0.0,12h_prior,22.8,24.07340625300518,1.3229990203212385,0.1691827482825765,weather_plus_market_training,0.028622802316445647,0.18534542200869641
2026-03-21,nan,Will the highest temperature in Hong Kong be 26°C on March 21?,interior,26.0,27.0,interior,22.3,,2026-03-21|26.0|27.0,0.0,0.0,12h_prior,22.8,24.07340625300518,1.3229990203212385,0.05918402186086169,weather_plus_market_training,0.0035027484436269546,0.06100771841573275
2026-03-21,nan,Will the highest temperature in Hong Kong be 27°C or higher on March 21?,upper_tail,27.0,inf,upper_tail,22.3,,2026-03-21|27.0|inf,0.0,0.0,12h_prior,22.8,24.07340625300518,1.3229990203212385,0.013480201433163863,weather_plus_market_training,0.00018171583067867308,0.0135718842157011
2026-03-22,nan,Will the highest temperature in Hong Kong be 17°C or below on March 22?,lower_tail,-inf,18.0,lower_tail,25.4,,2026-03-22|-inf|18.0,0.0,0.0,12h_prior,24.3,25.07936325394095,1.353057985773568,8.378794516081766e-08,weather_plus_market_training,7.020419754272187e-15,8.378794864784672e-08
2026-03-22,nan,Will the highest temperature in Hong Kong be 18°C on March 22?,interior,18.0,19.0,interior,25.4,,2026-03-22|18.0|19.0,0.0,0.0,12h_prior,24.3,25.07936325394095,1.353057985773568,3.4266526472862552e-06,weather_plus_market_training,1.17419483651539e-11,3.4266585182857286e-06
2026-03-22,nan,Will the highest temperature in Hong Kong be 19°C on March 22?,interior,19.0,20.0,interior,25.4,,2026-03-22|19.0|20.0,0.0,0.0,12h_prior,24.3,25.07936325394095,1.353057985773568,8.351120724450451e-05,weather_plus_market_training,6.974121735434583e-09,8.35146944994989e-05
2026-03-22,nan,Will the highest temperature in Hong Kong be 20°C on March 22?,interior,20.0,21.0,interior,25.4,,2026-03-22|20.0|21.0,0.0,0.0,12h_prior,24.3,25.07936325394095,1.353057985773568,0.001198208345634116,weather_plus_market_training,1.4357032395472452e-06,0.0011989267711935577
2026-03-22,nan,Will the highest temperature in Hong Kong be 21°C on March 22?,interior,21.0,22.0,interior,25.4,,2026-03-22|21.0|22.0,0.0,0.0,12h_prior,24.3,25.07936325394095,1.353057985773568,0.010142126492291499,weather_plus_market_training,0.00010286272978564106,0.0101939082729538
2026-03-22,nan,Will the highest temperature in Hong Kong be 22°C on March 22?,interior,22.0,23.0,interior,25.4,,2026-03-22|22.0|23.0,0.0,0.0,12h_prior,24.3,25.07936325394095,1.353057985773568,0.050745261981036745,weather_plus_market_training,0.002575081613524053,0.052078088553776845
2026-03-22,nan,Will the highest temperature in Hong Kong be 23°C on March 22?,interior,23.0,24.0,interior,25.4,,2026-03-22|23.0|24.0,0.0,0.0,12h_prior,24.3,25.07936325394095,1.353057985773568,0.1503434848886863,weather_plus_market_training,0.022603163448474642,0.16292311103717244
2026-03-22,nan,Will the highest temperature in Hong Kong be 24°C on March 22?,interior,24.0,25.0,interior,25.4,,2026-03-22|24.0|25.0,0.0,0.0,12h_prior,24.3,25.07936325394095,1.353057985773568,0.26409745445164495,weather_plus_market_training,0.06974746544783868,0.3066575799600983
2026-03-22,nan,Will the highest temperature in Hong Kong be 25°C on March 22?,interior,25.0,26.0,interior,25.4,,2026-03-22|25.0|26.0,1.0,1.0,12h_prior,24.3,25.07936325394095,1.353057985773568,0.27526459602287834,weather_plus_market_training,0.5252414057778817,1.2900224765459551
2026-03-22,nan,Will the highest temperature in Hong Kong be 26°C on March 22?,interior,26.0,27.0,interior,25.4,,2026-03-22|26.0|27.0,0.0,0.0,12h_prior,24.3,25.07936325394095,1.353057985773568,0.17024206863790092,weather_plus_market_training,0.02898236193411177,0.18662126969064913
2026-03-22,nan,Will the highest temperature in Hong Kong be 27°C or higher on March 22?,upper_tail,27.0,inf,upper_tail,25.4,,2026-03-22|27.0|inf,0.0,0.0,12h_prior,24.3,25.07936325394095,1.353057985773568,0.07787977753209019,weather_plus_market_training,0.00606525974844786,0.08107967079376555
2026-03-22,nan,Will the highest temperature in Hong Kong be 17°C or below on March 22?,lower_tail,-inf,18.0,lower_tail,25.4,,2026-03-22|-inf|18.0,0.0,0.0,event_day_open,24.4,25.42076487011419,1.2695204203720698,2.527836165014732e-09,weather_plus_market_training,6.389955677156388e-18,2.527836165808517e-09
2026-03-22,nan,Will the highest temperature in Hong Kong be 18°C on March 22?,interior,18.0,19.0,interior,25.4,,2026-03-22|18.0|19.0,0.0,0.0,event_day_open,24.4,25.42076487011419,1.2695204203720698,2.097214152947932e-07,weather_plus_market_training,4.3983072033251113e-14,2.097214373366823e-07
2026-03-22,nan,Will the highest temperature in Hong Kong be 19°C on March 22?,interior,19.0,20.0,interior,25.4,,2026-03-22|19.0|20.0,0.0,0.0,event_day_open,24.4,25.42076487011419,1.2695204203720698,9.564413849886617e-06,weather_plus_market_training,9.147801229190293e-11,9.564459589214035e-06
2026-03-22,nan,Will the highest temperature in Hong Kong be 20°C on March 22?,interior,20.0,21.0,interior,25.4,,2026-03-22|20.0|21.0,0.0,0.0,event_day_open,24.4,25.42076487011419,1.2695204203720698,0.00023884950329954583,weather_plus_market_training,5.7049085226439754e-08,0.0002388780323850297
2026-03-22,nan,Will the highest temperature in Hong Kong be 21°C on March 22?,interior,21.0,22.0,interior,25.4,,2026-03-22|21.0|22.0,0.0,0.0,event_day_open,24.4,25.42076487011419,1.2695204203720698,0.0032757394571416533,weather_plus_market_training,1.0730468991074694e-05,0.003281116437238801
2026-03-22,nan,Will the highest temperature in Hong Kong be 22°C on March 22?,interior,22.0,23.0,interior,25.4,,2026-03-22|22.0|23.0,0.0,0.0,event_day_open,24.4,25.42076487011419,1.2695204203720698,0.024746669263903873,weather_plus_market_training,0.0006123976396570447,0.0250580153373261
2026-03-22,nan,Will the highest temperature in Hong Kong be 23°C on March 22?,interior,23.0,24.0,interior,25.4,,2026-03-22|23.0|24.0,0.0,0.0,event_day_open,24.4,25.42076487011419,1.2695204203720698,0.10327021766127792,weather_plus_market_training,0.010664737855807719,0.10900070830622656
2026-03-22,nan,Will the highest temperature in Hong Kong be 24°C on March 22?,interior,24.0,25.0,interior,25.4,,2026-03-22|24.0|25.0,0.0,0.0,event_day_open,24.4,25.42076487011419,1.2695204203720698,0.23861630568497294,weather_plus_market_training,0.05693774133874445,0.272617850662282
2026-03-22,nan,Will the highest temperature in Hong Kong be 25°C on March 22?,interior,25.0,26.0,interior,25.4,,2026-03-22|25.0|26.0,1.0,1.0,event_day_open,24.4,25.42076487011419,1.2695204203720698,0.30574198961375526,weather_plus_market_training,0.4819941849854672,1.1850137038954087
2026-03-22,nan,Will the highest temperature in Hong Kong be 26°C on March 22?,interior,26.0,27.0,interior,25.4,,2026-03-22|26.0|27.0,0.0,0.0,event_day_open,24.4,25.42076487011419,1.2695204203720698,0.21734367319822212,weather_plus_market_training,0.04723827227929558,0.2450615978605089
2026-03-22,nan,Will the highest temperature in Hong Kong be 27°C or higher on March 22?,upper_tail,27.0,inf,upper_tail,25.4,,2026-03-22|27.0|inf,0.0,0.0,event_day_open,24.4,25.42076487011419,1.2695204203720698,0.10675677895432534,weather_plus_market_training,0.01139700985270268,0.1128963711970601
2026-03-23,nan,Will the highest temperature in Hong Kong be 18°C or below on March 23?,lower_tail,-inf,19.0,lower_tail,27.4,,2026-03-23|-inf|19.0,0.0,0.0,12h_prior,25.5,26.06349642771493,1.3914893141019298,1.9251562218998587e-07,weather_plus_market_training,3.706226478719738e-14,1.9251564075269105e-07
2026-03-23,nan,Will the highest temperature in Hong Kong be 19°C on March 23?,interior,19.0,20.0,interior,27.4,,2026-03-23|19.0|20.0,0.0,0.0,12h_prior,25.5,26.06349642771493,1.3914893141019298,6.383544624197565e-06,weather_plus_market_training,4.0749641969121634e-11,6.3835649991409894e-06
2026-03-23,nan,Will the highest temperature in Hong Kong be 20°C on March 23?,interior,20.0,21.0,interior,27.4,,2026-03-23|20.0|21.0,0.0,0.0,12h_prior,25.5,26.06349642771493,1.3914893141019298,0.00013032420600609903,weather_plus_market_training,1.698439867112014e-08,0.00013033269894334982
2026-03-23,nan,Will the highest temperature in Hong Kong be 21°C on March 23?,interior,21.0,22.0,interior,27.4,,2026-03-23|21.0|22.0,0.0,0.0,12h_prior,25.5,26.06349642771493,1.3914893141019298,0.0016118541540188725,weather_plus_market_training,2.5980738138278954e-06,0.0016131545885208231
2026-03-23,nan,Will the highest temperature in Hong Kong be 22°C on March 23?,interior,22.0,23.0,interior,27.4,,2026-03-23|22.0|23.0,0.0,0.0,12h_prior,25.5,26.06349642771493,1.3914893141019298,0.012098197310898706,weather_plus_market_training,0.00014636637817343667,0.012171976164569796
2026-03-23,nan,Will the highest temperature in Hong Kong be 23°C on March 23?,interior,23.0,24.0,interior,27.4,,2026-03-23|23.0|24.0,0.0,0.0,12h_prior,25.5,26.06349642771493,1.3914893141019298,0.055198103914852414,weather_plus_market_training,0.0030468306757948454,0.05678000723695545
2026-03-23,nan,Will the highest temperature in Hong Kong be 24°C on March 23?,interior,24.0,25.0,interior,27.4,,2026-03-23|24.0|25.0,0.0,0.0,12h_prior,25.5,26.06349642771493,1.3914893141019298,0.15330322362071896,weather_plus_market_training,0.023501878372504167,0.16641264561730654
2026-03-23,nan,Will the highest temperature in Hong Kong be 25°C on March 23?,interior,25.0,26.0,interior,27.4,,2026-03-23|25.0|26.0,0.0,0.0,12h_prior,25.5,26.06349642771493,1.3914893141019298,0.2594535060699253,weather_plus_market_training,0.06731612181197676,0.30036686003387336
2026-03-23,nan,Will the highest temperature in Hong Kong be 26°C on March 23?,interior,26.0,27.0,interior,27.4,,2026-03-23|26.0|27.0,0.0,0.0,12h_prior,25.5,26.06349642771493,1.3914893141019298,0.2677317161022771,weather_plus_market_training,0.07168027180707029,0.31160832411149864
2026-03-23,nan,Will the highest temperature in Hong Kong be 27°C on March 23?,interior,27.0,28.0,interior,27.4,,2026-03-23|27.0|28.0,1.0,1.0,12h_prior,25.5,26.06349642771493,1.3914893141019298,0.1684563723908995,weather_plus_market_training,0.6914648046173024,1.7810784802760866
2026-03-23,nan,Will the highest temperature in Hong Kong be 28°C or higher on March 23?,upper_tail,28.0,inf,upper_tail,27.4,,2026-03-23|28.0|inf,0.0,0.0,12h_prior,25.5,26.06349642771493,1.3914893141019298,0.08201012617015668,weather_plus_market_training,0.006725660794445018,0.08556891910893025
2026-03-23,nan,Will the highest temperature in Hong Kong be 18°C or below on March 23?,lower_tail,-inf,19.0,lower_tail,27.4,,2026-03-23|-inf|19.0,0.0,0.0,24h_prior,25.5,26.32157690824949,1.5214925799323165,7.467568751731696e-07,weather_plus_market_training,5.576458306183968e-13,7.467571540481283e-07
2026-03-23,nan,Will the highest temperature in Hong Kong be 19°C on March 23?,interior,19.0,20.0,interior,27.4,,2026-03-23|19.0|20.0,0.0,0.0,24h_prior,25.5,26.32157690824949,1.5214925799323165,1.552813162033047e-05,weather_plus_market_training,2.41122871618307e-10,1.5528252182996522e-05
2026-03-23,nan,Will the highest temperature in Hong Kong be 20°C on March 23?,interior,20.0,21.0,interior,27.4,,2026-03-23|20.0|21.0,0.0,0.0,24h_prior,25.5,26.32157690824949,1.5214925799323165,0.0002184548682355969,weather_plus_market_training,4.7722529455832e-08,0.00021847873297594391
2026-03-23,nan,Will the highest temperature in Hong Kong be 21°C on March 23?,interior,21.0,22.0,interior,27.4,,2026-03-23|21.0|22.0,0.0,0.0,24h_prior,25.5,26.32157690824949,1.5214925799323165,0.0020184479332599915,weather_plus_market_training,4.074132059281531e-06,0.0020204877445871394
2026-03-23,nan,Will the highest temperature in Hong Kong be 22°C on March 23?,interior,22.0,23.0,interior,27.4,,2026-03-23|22.0|23.0,0.0,0.0,24h_prior,25.5,26.32157690824949,1.5214925799323165,0.012260889375631098,weather_plus_market_training,0.00015032940828146353,0.012336674176241668
2026-03-23,nan,Will the highest temperature in Hong Kong be 23°C on March 23?,interior,23.0,24.0,interior,27.4,,2026-03-23|23.0|24.0,0.0,0.0,24h_prior,25.5,26.32157690824949,1.5214925799323165,0.049008935270887025,weather_plus_market_training,0.002401875736385994,0.05025061213902188
2026-03-23,nan,Will the highest temperature in Hong Kong be 24°C on March 23?,interior,24.0,25.0,interior,27.4,,2026-03-23|24.0|25.0,0.0,0.0,24h_prior,25.5,26.32157690824949,1.5214925799323165,0.12900845493364782,weather_plus_market_training,0.01664318144436704,0.1381230093336352
2026-03-23,nan,Will the highest temperature in Hong Kong be 25°C on March 23?,interior,25.0,26.0,interior,27.4,,2026-03-23|25.0|26.0,0.0,0.0,24h_prior,25.5,26.32157690824949,1.5214925799323165,0.22377320405966689,weather_plus_market_training,0.050074446855129316,0.2533105386896661
2026-03-23,nan,Will the highest temperature in Hong Kong be 26°C on March 23?,interior,26.0,27.0,interior,27.4,,2026-03-23|26.0|27.0,0.0,0.0,24h_prior,25.5,26.32157690824949,1.5214925799323165,0.2558581168791614,weather_plus_market_training,0.0654633759729506,0.29552355921116685
2026-03-23,nan,Will the highest temperature in Hong Kong be 27°C on March 23?,interior,27.0,28.0,interior,27.4,,2026-03-23|27.0|28.0,1.0,1.0,24h_prior,25.5,26.32157690824949,1.5214925799323165,0.19285457307952736,weather_plus_market_training,0.6514837401986321,1.645818881466572
2026-03-23,nan,Will the highest temperature in Hong Kong be 28°C or higher on March 23?,upper_tail,28.0,inf,upper_tail,27.4,,2026-03-23|28.0|inf,0.0,0.0,24h_prior,25.5,26.32157690824949,1.5214925799323165,0.13498264871148735,weather_plus_market_training,0.0182203154531688,0.14500571295836445
2026-03-23,nan,Will the highest temperature in Hong Kong be 18°C or below on March 23?,lower_tail,-inf,19.0,lower_tail,27.4,,2026-03-23|-inf|19.0,0.0,0.0,event_day_open,26.2,27.195827697452557,1.3291571893798115,3.4978853997888787e-10,weather_plus_market_training,1.2235202270056203e-19,3.4978853153411476e-10
2026-03-23,nan,Will the highest temperature in Hong Kong be 19°C on March 23?,interior,19.0,20.0,interior,27.4,,2026-03-23|19.0|20.0,0.0,0.0,event_day_open,26.2,27.195827697452557,1.3291571893798115,3.049601794585646e-08,weather_plus_market_training,9.300071105539993e-16,3.04960183981495e-08
2026-03-23,nan,Will the highest temperature in Hong Kong be 20°C on March 23?,interior,20.0,21.0,interior,27.4,,2026-03-23|20.0|21.0,0.0,0.0,event_day_open,26.2,27.195827697452557,1.3291571893798115,1.5389407249556183e-06,weather_plus_market_training,2.368338554926924e-12,1.538941909136013e-06
2026-03-23,nan,Will the highest temperature in Hong Kong be 21°C on March 23?,interior,21.0,22.0,interior,27.4,,2026-03-23|21.0|22.0,0.0,0.0,event_day_open,26.2,27.195827697452557,1.3291571893798115,4.474773172555267e-05,weather_plus_market_training,2.002359494582033e-09,4.474873293519597e-05
2026-03-23,nan,Will the highest temperature in Hong Kong be 22°C on March 23?,interior,22.0,23.0,interior,27.4,,2026-03-23|22.0|23.0,0.0,0.0,event_day_open,26.2,27.195827697452557,1.3291571893798115,0.0007513506937573143,weather_plus_market_training,5.645278650095975e-07,0.0007516330991556733
2026-03-23,nan,Will the highest temperature in Hong Kong be 23°C on March 23?,interior,23.0,24.0,interior,27.4,,2026-03-23|23.0|24.0,0.0,0.0,event_day_open,26.2,27.195827697452557,1.3291571893798115,0.007301814672416338,weather_plus_market_training,5.331649751031452e-05,0.007328603405071676
2026-03-23,nan,Will the highest temperature in Hong Kong be 24°C on March 23?,interior,24.0,25.0,interior,27.4,,2026-03-23|24.0|25.0,0.0,0.0,event_day_open,26.2,27.195827697452557,1.3291571893798115,0.0411631899691499,weather_plus_market_training,0.0016944082084363232,0.04203438538700265
2026-03-23,nan,Will the highest temperature in Hong Kong be 25°C on March 23?,interior,25.0,26.0,interior,27.4,,2026-03-23|25.0|26.0,0.0,0.0,event_day_open,26.2,27.195827697452557,1.3291571893798115,0.13488029770760018,weather_plus_market_training,0.018192694709690854,0.14488739747139806
2026-03-23,nan,Will the highest temperature in Hong Kong be 26°C on March 23?,interior,26.0,27.0,interior,27.4,,2026-03-23|26.0|27.0,0.0,0.0,event_day_open,26.2,27.195827697452557,1.3291571893798115,0.25729192513411353,weather_plus_market_training,0.06619913473921828,0.29745221205430705
2026-03-23,nan,Will the highest temperature in Hong Kong be 27°C on March 23?,interior,27.0,28.0,interior,27.4,,2026-03-23|27.0|28.0,1.0,1.0,event_day_open,26.2,27.195827697452557,1.3291571893798115,0.28598365501565803,weather_plus_market_training,0.5098193409047989,1.2518206200903268
2026-03-23,nan,Will the highest temperature in Hong Kong be 28°C or higher on March 23?,upper_tail,28.0,inf,upper_tail,27.4,,2026-03-23|28.0|inf,0.0,0.0,event_day_open,26.2,27.195827697452557,1.3291571893798115,0.2725814492890477,weather_plus_market_training,0.07430064649651769,0.31825324398986277
2026-03-24,nan,Will the highest temperature in Hong Kong be 18°C or below on March 24?,lower_tail,-inf,19.0,lower_tail,26.9,,2026-03-24|-inf|19.0,0.0,0.0,24h_prior,25.6,26.46762247647007,1.5286267957068944,5.166627247487477e-07,weather_plus_market_training,2.669403711448003e-13,5.166628581846322e-07
2026-03-24,nan,Will the highest temperature in Hong Kong be 19°C on March 24?,interior,19.0,20.0,interior,26.9,,2026-03-24|19.0|20.0,0.0,0.0,24h_prior,25.6,26.46762247647007,1.5286267957068944,1.1115986156802751e-05,weather_plus_market_training,1.235651482382304e-10,1.111604793980531e-05
2026-03-24,nan,Will the highest temperature in Hong Kong be 20°C on March 24?,interior,20.0,21.0,interior,26.9,,2026-03-24|20.0|21.0,0.0,0.0,24h_prior,25.6,26.46762247647007,1.5286267957068944,0.00016226727743919159,weather_plus_market_training,2.6330669327527573e-08,0.0001622804441982156
2026-03-24,nan,Will the highest temperature in Hong Kong be 21°C on March 24?,interior,21.0,22.0,interior,26.9,,2026-03-24|21.0|22.0,0.0,0.0,24h_prior,25.6,26.46762247647007,1.5286267957068944,0.0015615000051510484,weather_plus_market_training,2.438282266086724e-06,0.0015627204168982265
2026-03-24,nan,Will the highest temperature in Hong Kong be 22°C on March 24?,interior,22.0,23.0,interior,26.9,,2026-03-24|22.0|23.0,0.0,0.0,24h_prior,25.6,26.46762247647007,1.5286267957068944,0.00991531700513263,weather_plus_market_training,9.831351131227231e-05,0.009964801133046
2026-03-24,nan,Will the highest temperature in Hong Kong be 23°C on March 24?,interior,23.0,24.0,interior,26.9,,2026-03-24|23.0|24.0,0.0,0.0,24h_prior,25.6,26.46762247647007,1.5286267957068944,0.04158328770241282,weather_plus_market_training,0.0017291698161416371,0.042472614066823594
2026-03-24,nan,Will the highest temperature in Hong Kong be 24°C on March 24?,interior,24.0,25.0,interior,26.9,,2026-03-24|24.0|25.0,0.0,0.0,24h_prior,25.6,26.46762247647007,1.5286267957068944,0.11527043299475404,weather_plus_market_training,0.01328727272279808,0.12247325467682893
2026-03-24,nan,Will the highest temperature in Hong Kong be 25°C on March 24?,interior,25.0,26.0,interior,26.9,,2026-03-24|25.0|26.0,0.0,0.0,24h_prior,25.6,26.46762247647007,1.5286267957068944,0.21133208517580915,weather_plus_market_training,0.04466125022475545,0.23740994049584976
2026-03-24,nan,Will the highest temperature in Hong Kong be 26°C on March 24?,interior,26.0,27.0,interior,26.9,,2026-03-24|26.0|27.0,1.0,1.0,24h_prior,25.6,26.46762247647007,1.5286267957068944,0.25634542198040194,weather_plus_market_training,0.5530221314095064,1.3612294393850655
2026-03-24,nan,Will the highest temperature in Hong Kong be 27°C on March 24?,interior,27.0,28.0,interior,26.9,,2026-03-24|27.0|28.0,0.0,0.0,24h_prior,25.6,26.46762247647007,1.5286267957068944,0.20575578637057235,weather_plus_market_training,0.0423354436249726,0.2303642911855493
2026-03-24,nan,Will the highest temperature in Hong Kong be 28°C or higher on March 24?,upper_tail,28.0,inf,upper_tail,26.9,,2026-03-24|28.0|inf,0.0,0.0,24h_prior,25.6,26.46762247647007,1.5286267957068944,0.1580622688394453,weather_plus_market_training,0.02498368083067308,0.17204922096553224
2026-03-24,nan,Will the highest temperature in Hong Kong be 18°C or below on March 24?,lower_tail,-inf,19.0,lower_tail,26.9,,2026-03-24|-inf|19.0,0.0,0.0,event_day_open,25.4,26.412052128821184,1.3098525877189964,7.626558311802055e-09,weather_plus_market_training,5.816439168331701e-17,7.626558302881074e-09
2026-03-24,nan,Will the highest temperature in Hong Kong be 19°C on March 24?,interior,19.0,20.0,interior,26.9,,2026-03-24|19.0|20.0,0.0,0.0,event_day_open,25.4,26.412052128821184,1.3098525877189964,4.832847600131501e-07,weather_plus_market_training,2.3356415926096807e-13,4.832848767710507e-07
2026-03-24,nan,Will the highest temperature in Hong Kong be 20°C on March 24?,interior,20.0,21.0,interior,26.9,,2026-03-24|20.0|21.0,0.0,0.0,event_day_open,25.4,26.412052128821184,1.3098525877189964,1.7505573709484544e-05,weather_plus_market_training,3.064451108981965e-10,1.7505726933841205e-05
2026-03-24,nan,Will the highest temperature in Hong Kong be 21°C on March 24?,interior,21.0,22.0,interior,26.9,,2026-03-24|21.0|22.0,0.0,0.0,event_day_open,25.4,26.412052128821184,1.3098525877189964,0.0003600905340183829,weather_plus_market_training,1.2966519268964417e-07,0.00036015538218270565
2026-03-24,nan,Will the highest temperature in Hong Kong be 22°C on March 24?,interior,22.0,23.0,interior,26.9,,2026-03-24|22.0|23.0,0.0,0.0,event_day_open,25.4,26.412052128821184,1.3098525877189964,0.004216791579017978,weather_plus_market_training,1.778133122087693e-05,0.004225707317329213
2026-03-24,nan,Will the highest temperature in Hong Kong be 23°C on March 24?,interior,23.0,24.0,interior,26.9,,2026-03-24|23.0|24.0,0.0,0.0,event_day_open,25.4,26.412052128821184,1.3098525877189964,0.028181596147006417,weather_plus_market_training,0.0007942023613929669,0.028586319287829207
2026-03-24,nan,Will the highest temperature in Hong Kong be 24°C on March 24?,interior,24.0,25.0,interior,26.9,,2026-03-24|24.0|25.0,0.0,0.0,event_day_open,25.4,26.412052128821184,1.3098525877189964,0.10773511582500742,weather_plus_market_training,0.011606855181827764,0.11399223513151101
2026-03-24,nan,Will the highest temperature in Hong Kong be 25°C on March 24?,interior,25.0,26.0,interior,26.9,,2026-03-24|25.0|26.0,0.0,0.0,event_day_open,25.4,26.412052128821184,1.3098525877189964,0.2360290689579414,weather_plus_market_training,0.05570972139315266,0.2692255389137432
2026-03-24,nan,Will the highest temperature in Hong Kong be 26°C on March 24?,interior,26.0,27.0,interior,26.9,,2026-03-24|26.0|27.0,1.0,1.0,event_day_open,25.4,26.412052128821184,1.3098525877189964,0.29669506257613987,weather_plus_market_training,0.4946378350047798,1.2150503929558116
2026-03-24,nan,Will the highest temperature in Hong Kong be 27°C on March 24?,interior,27.0,28.0,interior,26.9,,2026-03-24|27.0|28.0,0.0,0.0,event_day_open,25.4,26.412052128821184,1.3098525877189964,0.21406747939603676,weather_plus_market_training,0.04582488573497263,0.240884341887296
2026-03-24,nan,Will the highest temperature in Hong Kong be 28°C or higher on March 24?,upper_tail,28.0,inf,upper_tail,26.9,,2026-03-24|28.0|inf,0.0,0.0,event_day_open,25.4,26.412052128821184,1.3098525877189964,0.11269679849980396,weather_plus_market_training,0.012700568392105416,0.11956852701008837
2026-03-25,nan,Will the highest temperature in Hong Kong be 18°C or below on March 25?,lower_tail,-inf,19.0,lower_tail,30.0,,2026-03-25|-inf|19.0,0.0,0.0,24h_prior,27.6,28.73922639741345,1.5637019280375846,2.3574090189056547e-10,weather_plus_market_training,5.557377282417722e-20,2.357408712961064e-10
2026-03-25,nan,Will the highest temperature in Hong Kong be 19°C on March 25?,interior,19.0,20.0,interior,30.0,,2026-03-25|19.0|20.0,0.0,0.0,24h_prior,27.6,28.73922639741345,1.5637019280375846,1.1196082764958692e-08,weather_plus_market_training,1.2535226927980506e-16,1.1196082790269783e-08
2026-03-25,nan,Will the highest temperature in Hong Kong be 20°C on March 25?,interior,20.0,21.0,interior,30.0,,2026-03-25|20.0|21.0,0.0,0.0,24h_prior,27.6,28.73922639741345,1.5637019280375846,3.6097686938348005e-07,weather_plus_market_training,1.3030430022989802e-13,3.609769345479007e-07
2026-03-25,nan,Will the highest temperature in Hong Kong be 21°C on March 25?,interior,21.0,22.0,interior,30.0,,2026-03-25|21.0|22.0,0.0,0.0,24h_prior,27.6,28.73922639741345,1.5637019280375846,7.798086165619648e-06,weather_plus_market_training,6.081014784642855e-11,7.79811657080997e-06
2026-03-25,nan,Will the highest temperature in Hong Kong be 22°C on March 25?,interior,22.0,23.0,interior,30.0,,2026-03-25|22.0|23.0,0.0,0.0,24h_prior,27.6,28.73922639741345,1.5637019280375846,0.00011297121302853864,weather_plus_market_training,1.276249497313946e-08,0.00011297759475668199
2026-03-25,nan,Will the highest temperature in Hong Kong be 23°C on March 25?,interior,23.0,24.0,interior,30.0,,2026-03-25|23.0|24.0,0.0,0.0,24h_prior,27.6,28.73922639741345,1.5637019280375846,0.0010984989918632953,weather_plus_market_training,1.206700035124676e-06,0.001099102784098155
2026-03-25,nan,Will the highest temperature in Hong Kong be 24°C on March 25?,interior,24.0,25.0,interior,30.0,,2026-03-25|24.0|25.0,0.0,0.0,24h_prior,27.6,28.73922639741345,1.5637019280375846,0.007175563441589121,weather_plus_market_training,5.1488710704270316e-05,0.007201431617043957
2026-03-25,nan,Will the highest temperature in Hong Kong be 25°C on March 25?,interior,25.0,26.0,interior,30.0,,2026-03-25|25.0|26.0,0.0,0.0,24h_prior,27.6,28.73922639741345,1.5637019280375846,0.031512563410331935,weather_plus_market_training,0.000993041652690191,0.032019768248477395
2026-03-25,nan,Will the highest temperature in Hong Kong be 26°C on March 25?,interior,26.0,27.0,interior,30.0,,2026-03-25|26.0|27.0,0.0,0.0,24h_prior,27.6,28.73922639741345,1.5637019280375846,0.09310771744733629,weather_plus_market_training,0.00866904704825301,0.09773159826527066
2026-03-25,nan,Will the highest temperature in Hong Kong be 27°C on March 25?,interior,27.0,28.0,interior,30.0,,2026-03-25|27.0|28.0,0.0,0.0,24h_prior,27.6,28.73922639741345,1.5637019280375846,0.18518341316078613,weather_plus_market_training,0.034292896509878414,0.20479223789116097
2026-03-25,nan,Will the highest temperature in Hong Kong be 28°C or higher on March 25?,upper_tail,28.0,inf,upper_tail,30.0,,2026-03-25|28.0|inf,1.0,1.0,24h_prior,27.6,28.73922639741345,1.5637019280375846,0.681801101840206,weather_plus_market_training,0.10125053879010693,0.38301730320424265
2026-03-26,nan,Will the highest temperature in Hong Kong be 18°C or below on March 26?,lower_tail,-inf,19.0,lower_tail,28.4,,2026-03-26|-inf|19.0,0.0,0.0,event_day_open,25.6,26.654167730614684,1.326005163362323,3.9086443310274194e-09,weather_plus_market_training,1.5277500506472782e-17,3.908644304751323e-09
2026-03-26,nan,Will the highest temperature in Hong Kong be 19°C on March 26?,interior,19.0,20.0,interior,28.4,,2026-03-26|19.0|20.0,0.0,0.0,event_day_open,25.6,26.654167730614684,1.326005163362323,2.568718472983991e-07,weather_plus_market_training,6.598314593449206e-14,2.5687188033992866e-07
2026-03-26,nan,Will the highest temperature in Hong Kong be 20°C on March 26?,interior,20.0,21.0,interior,28.4,,2026-03-26|20.0|21.0,0.0,0.0,event_day_open,25.6,26.654167730614684,1.326005163362323,9.776421541276355e-06,weather_plus_market_training,9.557841815273233e-11,9.776469330839298e-06
2026-03-26,nan,Will the highest temperature in Hong Kong be 21°C on March 26?,interior,21.0,22.0,interior,28.4,,2026-03-26|21.0|22.0,0.0,0.0,event_day_open,25.6,26.654167730614684,1.326005163362323,0.0002140863055558932,weather_plus_market_training,4.583294622657126e-08,0.00021410922530023453
2026-03-26,nan,Will the highest temperature in Hong Kong be 22°C on March 26?,interior,22.0,23.0,interior,28.4,,2026-03-26|22.0|23.0,0.0,0.0,event_day_open,25.6,26.654167730614684,1.326005163362323,0.0027035674990892114,weather_plus_market_training,7.309277222131493e-06,0.0027072287381270255
2026-03-26,nan,Will the highest temperature in Hong Kong be 23°C on March 26?,interior,23.0,24.0,interior,28.4,,2026-03-26|23.0|24.0,0.0,0.0,event_day_open,25.6,26.654167730614684,1.326005163362323,0.019734740708039496,weather_plus_market_training,0.0003894599908135512,0.0199320711958801
2026-03-26,nan,Will the highest temperature in Hong Kong be 24°C on March 26?,interior,24.0,25.0,interior,28.4,,2026-03-26|24.0|25.0,0.0,0.0,event_day_open,25.6,26.654167730614684,1.326005163362323,0.08344795465498066,weather_plus_market_training,0.006963561136099708,0.0871364262497597
2026-03-26,nan,Will the highest temperature in Hong Kong be 25°C on March 26?,interior,25.0,26.0,interior,28.4,,2026-03-26|25.0|26.0,0.0,0.0,event_day_open,25.6,26.654167730614684,1.326005163362323,0.20477677250556348,weather_plus_market_training,0.041933526557795295,0.22913241444056512
2026-03-26,nan,Will the highest temperature in Hong Kong be 26°C on March 26?,interior,26.0,27.0,interior,28.4,,2026-03-26|26.0|27.0,0.0,0.0,event_day_open,25.6,26.654167730614684,1.326005163362323,0.29199241260950703,weather_plus_market_training,0.0852595690215206,0.34530046869260156
2026-03-26,nan,Will the highest temperature in Hong Kong be 27°C on March 26?,interior,27.0,28.0,interior,28.4,,2026-03-26|27.0|28.0,0.0,0.0,event_day_open,25.6,26.654167730614684,1.326005163362323,0.24205619575550374,weather_plus_market_training,0.05859120190362675,0.27714603296865153
2026-03-26,nan,Will the highest temperature in Hong Kong be 28°C or higher on March 26?,upper_tail,28.0,inf,upper_tail,28.4,,2026-03-26|28.0|inf,1.0,1.0,event_day_open,25.6,26.654167730614684,1.326005163362323,0.15506423275972758,weather_plus_market_training,0.7139164507619078,1.8639158430034186
2026-03-27,nan,Will the highest temperature in Hong Kong be 19°C or below on March 27?,lower_tail,-inf,20.0,lower_tail,26.2,,2026-03-27|-inf|20.0,0.0,0.0,24h_prior,25.5,26.47046474199375,1.5383229229978082,1.298610912079973e-05,weather_plus_market_training,1.6863903009731792e-10,1.2986193441061147e-05
2026-03-27,nan,Will the highest temperature in Hong Kong be 20°C on March 27?,interior,20.0,21.0,interior,26.2,,2026-03-27|20.0|21.0,0.0,0.0,24h_prior,25.5,26.47046474199375,1.5383229229978082,0.00017519821732073842,weather_plus_market_training,3.069441535236469e-08,0.00017521356632115188
2026-03-27,nan,Will the highest temperature in Hong Kong be 21°C on March 27?,interior,21.0,22.0,interior,26.2,,2026-03-27|21.0|22.0,0.0,0.0,24h_prior,25.5,26.47046474199375,1.5383229229978082,0.0016418490445178834,weather_plus_market_training,2.6956682849842866e-06,0.0016431983557729224
2026-03-27,nan,Will the highest temperature in Hong Kong be 22°C on March 27?,interior,22.0,23.0,interior,26.2,,2026-03-27|22.0|23.0,0.0,0.0,24h_prior,25.5,26.47046474199375,1.5383229229978082,0.010205114716047268,weather_plus_market_training,0.0001041443663676845,0.010257543901472233
2026-03-27,nan,Will the highest temperature in Hong Kong be 23°C on March 27?,interior,23.0,24.0,interior,26.2,,2026-03-27|23.0|24.0,0.0,0.0,24h_prior,25.5,26.47046474199375,1.5383229229978082,0.04210765404244206,weather_plus_market_training,0.001773054528957987,0.04301988106517937
2026-03-27,nan,Will the highest temperature in Hong Kong be 24°C on March 27?,interior,24.0,25.0,interior,26.2,,2026-03-27|24.0|25.0,0.0,0.0,24h_prior,25.5,26.47046474199375,1.5383229229978082,0.11542155648787625,weather_plus_market_training,0.013322135702084008,0.12264408247231888
2026-03-27,nan,Will the highest temperature in Hong Kong be 25°C on March 27?,interior,25.0,26.0,interior,26.2,,2026-03-27|25.0|26.0,0.0,0.0,24h_prior,25.5,26.47046474199375,1.5383229229978082,0.21030282210395856,weather_plus_market_training,0.04422727698488924,0.23610572612555777
2026-03-27,nan,Will the highest temperature in Hong Kong be 26°C on March 27?,interior,26.0,27.0,interior,26.2,,2026-03-27|26.0|27.0,1.0,1.0,24h_prior,25.5,26.47046474199375,1.5383229229978082,0.2547957566866299,weather_plus_market_training,0.5553293642522525,1.367293008928962
2026-03-27,nan,Will the highest temperature in Hong Kong be 27°C on March 27?,interior,27.0,28.0,interior,26.2,,2026-03-27|27.0|28.0,0.0,0.0,24h_prior,25.5,26.47046474199375,1.5383229229978082,0.20529560358904297,weather_plus_market_training,0.04214628485298948,0.22978506188702102
2026-03-27,nan,Will the highest temperature in Hong Kong be 28°C on March 27?,interior,28.0,29.0,interior,26.2,,2026-03-27|28.0|29.0,0.0,0.0,24h_prior,25.5,26.47046474199375,1.5383229229978082,0.10998909028461823,weather_plus_market_training,0.0120975999816379,0.11652155822391098
2026-03-27,nan,Will the highest temperature in Hong Kong be 29°C or higher on March 27?,upper_tail,29.0,inf,upper_tail,26.2,,2026-03-27|29.0|inf,0.0,0.0,24h_prior,25.5,26.47046474199375,1.5383229229978082,0.05005236871842533,weather_plus_market_training,0.002505239614325203,0.05134842087375086
2026-03-27,nan,Will the highest temperature in Hong Kong be 19°C or below on March 27?,lower_tail,-inf,20.0,lower_tail,26.2,,2026-03-27|-inf|20.0,0.0,0.0,event_day_open,26.3,27.374172469862685,1.3495928262035002,2.3276442308082117e-08,weather_plus_market_training,5.417927665214751e-16,2.327644260003067e-08
2026-03-27,nan,Will the highest temperature in Hong Kong be 20°C on March 27?,interior,20.0,21.0,interior,26.2,,2026-03-27|20.0|21.0,0.0,0.0,event_day_open,26.3,27.374172469862685,1.3495928262035002,1.138484905335103e-06,weather_plus_market_training,1.2961478796758782e-12,1.1384855534241666e-06
2026-03-27,nan,Will the highest temperature in Hong Kong be 21°C on March 27?,interior,21.0,22.0,interior,26.2,,2026-03-27|21.0|22.0,0.0,0.0,event_day_open,26.3,27.374172469862685,1.3495928262035002,3.299713180529494e-05,weather_plus_market_training,1.0888107073760069e-09,3.299767622259784e-05
2026-03-27,nan,Will the highest temperature in Hong Kong be 22°C on March 27?,interior,22.0,23.0,interior,26.2,,2026-03-27|22.0|23.0,0.0,0.0,event_day_open,26.3,27.374172469862685,1.3495928262035002,0.0005611770597950252,weather_plus_market_training,3.149196924401893e-07,0.0005613345785745644
2026-03-27,nan,Will the highest temperature in Hong Kong be 23°C on March 27?,interior,23.0,24.0,interior,26.2,,2026-03-27|23.0|24.0,0.0,0.0,event_day_open,26.3,27.374172469862685,1.3495928262035002,0.0056118568669354715,weather_plus_market_training,3.1492937494970803e-05,0.005627662496038454
2026-03-27,nan,Will the highest temperature in Hong Kong be 24°C on March 27?,interior,24.0,25.0,interior,26.2,,2026-03-27|24.0|25.0,0.0,0.0,event_day_open,26.3,27.374172469862685,1.3495928262035002,0.0330665438724806,weather_plus_market_training,0.0010933963236706842,0.033625600656232574
2026-03-27,nan,Will the highest temperature in Hong Kong be 25°C on March 27?,interior,25.0,26.0,interior,26.2,,2026-03-27|25.0|26.0,0.0,0.0,event_day_open,26.3,27.374172469862685,1.3495928262035002,0.1150147210232633,weather_plus_market_training,0.013228386052059084,0.12218426803714405
2026-03-27,nan,Will the highest temperature in Hong Kong be 26°C on March 27?,interior,26.0,27.0,interior,26.2,,2026-03-27|26.0|27.0,1.0,1.0,event_day_open,26.3,27.374172469862685,1.3495928262035002,0.23650622602785698,weather_plus_market_training,0.5829227428942259,1.4417807456974807
2026-03-27,nan,Will the highest temperature in Hong Kong be 27°C on March 27?,interior,27.0,28.0,interior,26.2,,2026-03-27|27.0|28.0,0.0,0.0,event_day_open,26.3,27.374172469862685,1.3495928262035002,0.2877796318912647,weather_plus_market_training,0.08281711653147182,0.339367909686496
2026-03-27,nan,Will the highest temperature in Hong Kong be 28°C on March 27?,interior,28.0,29.0,interior,26.2,,2026-03-27|28.0|29.0,0.0,0.0,event_day_open,26.3,27.374172469862685,1.3495928262035002,0.20726226079694476,weather_plus_market_training,0.042957644750660745,0.2322628318415226
2026-03-27,nan,Will the highest temperature in Hong Kong be 29°C or higher on March 27?,upper_tail,29.0,inf,upper_tail,26.2,,2026-03-27|29.0|inf,0.0,0.0,event_day_open,26.3,27.374172469862685,1.3495928262035002,0.11416342356830622,weather_plus_market_training,0.013033287280836496,0.12122279637025982
2026-03-28,nan,Will the highest temperature in Hong Kong be 18°C or below on March 28?,lower_tail,-inf,19.0,lower_tail,27.4,,2026-03-28|-inf|19.0,0.0,0.0,24h_prior,26.0,27.027318290045116,1.5495613869636975,1.1071660659151418e-07,weather_plus_market_training,1.2258166975140121e-14,1.1071661267857194e-07
2026-03-28,nan,Will the highest temperature in Hong Kong be 19°C on March 28?,interior,19.0,20.0,interior,27.4,,2026-03-28|19.0|20.0,0.0,0.0,24h_prior,26.0,27.027318290045116,1.5495613869636975,2.7689522138149917e-06,weather_plus_market_training,7.667096362390943e-12,2.7689560474049093e-06
2026-03-28,nan,Will the highest temperature in Hong Kong be 20°C on March 28?,interior,20.0,21.0,interior,27.4,,2026-03-28|20.0|21.0,0.0,0.0,24h_prior,26.0,27.027318290045116,1.5495613869636975,4.730586156482844e-05,weather_plus_market_training,2.237844538390713e-09,4.7306980522430655e-05
2026-03-28,nan,Will the highest temperature in Hong Kong be 21°C on March 28?,interior,21.0,22.0,interior,27.4,,2026-03-28|21.0|22.0,0.0,0.0,24h_prior,26.0,27.027318290045116,1.5495613869636975,0.0005384110686212368,weather_plus_market_training,2.898864788138621e-07,0.0005385560639077459
2026-03-28,nan,Will the highest temperature in Hong Kong be 22°C on March 28?,interior,22.0,23.0,interior,27.4,,2026-03-28|22.0|23.0,0.0,0.0,24h_prior,26.0,27.027318290045116,1.5495613869636975,0.004086119601280107,weather_plus_market_training,1.6696373395965505e-05,0.004094490599025136
2026-03-28,nan,Will the highest temperature in Hong Kong be 23°C on March 28?,interior,23.0,24.0,interior,27.4,,2026-03-28|23.0|24.0,0.0,0.0,24h_prior,26.0,27.027318290045116,1.5495613869636975,0.020695920026401346,weather_plus_market_training,0.0004283211057392003,0.020913082049833578
2026-03-28,nan,Will the highest temperature in Hong Kong be 24°C on March 28?,interior,24.0,25.0,interior,27.4,,2026-03-28|24.0|25.0,0.0,0.0,24h_prior,26.0,27.027318290045116,1.5495613869636975,0.07001218360696457,weather_plus_market_training,0.004901705853415318,0.07258379357329983
2026-03-28,nan,Will the highest temperature in Hong Kong be 25°C on March 28?,interior,25.0,26.0,interior,27.4,,2026-03-28|25.0|26.0,0.0,0.0,24h_prior,26.0,27.027318290045116,1.5495613869636975,0.15829091151523478,weather_plus_market_training,0.025056012668323885,0.17232082505081564
2026-03-28,nan,Will the highest temperature in Hong Kong be 26°C on March 28?,interior,26.0,27.0,interior,27.4,,2026-03-28|26.0|27.0,0.0,0.0,24h_prior,26.0,27.027318290045116,1.5495613869636975,0.2392934034183506,weather_plus_market_training,0.057261332919537486,0.2735075452908998
2026-03-28,nan,Will the highest temperature in Hong Kong be 27°C on March 28?,interior,27.0,28.0,interior,27.4,,2026-03-28|27.0|28.0,1.0,1.0,24h_prior,26.0,27.027318290045116,1.5495613869636975,0.24193727953024935,weather_plus_market_training,0.5746590881659993,1.4190767619120608
2026-03-28,nan,Will the highest temperature in Hong Kong be 28°C or higher on March 28?,upper_tail,28.0,inf,upper_tail,27.4,,2026-03-28|28.0|inf,0.0,0.0,24h_prior,26.0,27.027318290045116,1.5495613869636975,0.2650955857025128,weather_plus_market_training,0.07027566955895831,0.30801483680119685
2026-03-28,nan,Will the highest temperature in Hong Kong be 18°C or below on March 28?,lower_tail,-inf,19.0,lower_tail,27.4,,2026-03-28|-inf|19.0,0.0,0.0,6h_prior,26.4,27.05415870128104,1.4411549403167407,1.1439882271072987e-08,weather_plus_market_training,1.3087090637601003e-16,1.1439882329143966e-08
2026-03-28,nan,Will the highest temperature in Hong Kong be 19°C on March 28?,interior,19.0,20.0,interior,27.4,,2026-03-28|19.0|20.0,0.0,0.0,6h_prior,26.4,27.05415870128104,1.4411549403167407,4.806001745647371e-07,weather_plus_market_training,2.3097652779165576e-13,4.806002900343984e-07
2026-03-28,nan,Will the highest temperature in Hong Kong be 20°C on March 28?,interior,20.0,21.0,interior,27.4,,2026-03-28|20.0|21.0,0.0,0.0,6h_prior,26.4,27.05415870128104,1.4411549403167407,1.280031571218582e-05,weather_plus_market_training,1.6384808233163118e-10,1.2800397636898392e-05
2026-03-28,nan,Will the highest temperature in Hong Kong be 21°C on March 28?,interior,21.0,22.0,interior,27.4,,2026-03-28|21.0|22.0,0.0,0.0,6h_prior,26.4,27.05415870128104,1.4411549403167407,0.00021328548223879888,weather_plus_market_training,4.549069693383699e-08,0.0002133082308219092
2026-03-28,nan,Will the highest temperature in Hong Kong be 22°C on March 28?,interior,22.0,23.0,interior,27.4,,2026-03-28|22.0|23.0,0.0,0.0,6h_prior,26.4,27.05415870128104,1.4411549403167407,0.002226499503375315,weather_plus_market_training,4.957300038530523e-06,0.002228981838691238
2026-03-28,nan,Will the highest temperature in Hong Kong be 23°C on March 28?,interior,23.0,24.0,interior,27.4,,2026-03-28|23.0|24.0,0.0,0.0,6h_prior,26.4,27.05415870128104,1.4411549403167407,0.014581856030888341,weather_plus_market_training,0.0002126305253055547,0.01468921624585553
2026-03-28,nan,Will the highest temperature in Hong Kong be 24°C on March 28?,interior,24.0,25.0,interior,27.4,,2026-03-28|24.0|25.0,0.0,0.0,6h_prior,26.4,27.05415870128104,1.4411549403167407,0.05999224068384611,weather_plus_market_training,0.00359906894226852,0.061867149160503364
2026-03-28,nan,Will the highest temperature in Hong Kong be 25°C on March 28?,interior,25.0,26.0,interior,27.4,,2026-03-28|25.0|26.0,0.0,0.0,6h_prior,26.4,27.05415870128104,1.4411549403167407,0.15521950204810336,weather_plus_market_training,0.024093093816061166,0.1686784511073267
2026-03-28,nan,Will the highest temperature in Hong Kong be 26°C on March 28?,interior,26.0,27.0,interior,27.4,,2026-03-28|26.0|27.0,0.0,0.0,6h_prior,26.4,27.05415870128104,1.4411549403167407,0.2527645737859986,weather_plus_market_training,0.06388992976121753,0.29137498123477545
2026-03-28,nan,Will the highest temperature in Hong Kong be 27°C on March 28?,interior,27.0,28.0,interior,27.4,,2026-03-28|27.0|28.0,1.0,1.0,6h_prior,26.4,27.05415870128104,1.4411549403167407,0.25917571587228877,weather_plus_market_training,0.5488206199533359,1.3502490076574019
2026-03-28,nan,Will the highest temperature in Hong Kong be 28°C or higher on March 28?,upper_tail,28.0,inf,upper_tail,27.4,,2026-03-28|28.0|inf,0.0,0.0,6h_prior,26.4,27.05415870128104,1.4411549403167407,0.2558130342374917,weather_plus_market_training,0.06544030848579209,0.29546297765122825
2026-03-28,nan,Will the highest temperature in Hong Kong be 18°C or below on March 28?,lower_tail,-inf,19.0,lower_tail,27.4,,2026-03-28|-inf|19.0,0.0,0.0,event_day_open,25.8,26.89307517601518,1.3409113442850735,1.9740737752577432e-09,weather_plus_market_training,3.896967270160359e-18,1.974073795268969e-09
2026-03-28,nan,Will the highest temperature in Hong Kong be 19°C on March 28?,interior,19.0,20.0,interior,27.4,,2026-03-28|19.0|20.0,0.0,0.0,event_day_open,25.8,26.89307517601518,1.3409113442850735,1.3496462235420408e-07,weather_plus_market_training,1.8215449287212924e-14,1.3496463147467642e-07
2026-03-28,nan,Will the highest temperature in Hong Kong be 20°C on March 28?,interior,20.0,21.0,interior,27.4,,2026-03-28|20.0|21.0,0.0,0.0,event_day_open,25.8,26.89307517601518,1.3409113442850735,5.406077476528628e-06,weather_plus_market_training,2.922567368223014e-11,5.406092089455802e-06
2026-03-28,nan,Will the highest temperature in Hong Kong be 21°C on March 28?,interior,21.0,22.0,interior,27.4,,2026-03-28|21.0|22.0,0.0,0.0,event_day_open,25.8,26.89307517601518,1.3409113442850735,0.000126054275114944,weather_plus_market_training,1.588968027475399e-08,0.00012606222062277195
2026-03-28,nan,Will the highest temperature in Hong Kong be 22°C on March 28?,interior,22.0,23.0,interior,27.4,,2026-03-28|22.0|23.0,0.0,0.0,event_day_open,25.8,26.89307517601518,1.3409113442850735,0.001714634416221443,weather_plus_market_training,2.9399711812910488e-06,0.001716106084301167
2026-03-28,nan,Will the highest temperature in Hong Kong be 23°C on March 28?,interior,23.0,24.0,interior,27.4,,2026-03-28|23.0|24.0,0.0,0.0,event_day_open,25.8,26.89307517601518,1.3409113442850735,0.0136354210540645,weather_plus_market_training,0.00018592470732162541,0.01372923719896771
2026-03-28,nan,Will the highest temperature in Hong Kong be 24°C on March 28?,interior,24.0,25.0,interior,27.4,,2026-03-28|24.0|25.0,0.0,0.0,event_day_open,25.8,26.89307517601518,1.3409113442850735,0.0635253529607549,weather_plus_market_training,0.004035470468788491,0.06563282949942387
2026-03-28,nan,Will the highest temperature in Hong Kong be 25°C on March 28?,interior,25.0,26.0,interior,27.4,,2026-03-28|25.0|26.0,0.0,0.0,event_day_open,25.8,26.89307517601518,1.3409113442850735,0.1736918184592255,weather_plus_market_training,0.030168847799672546,0.1907874739071292
2026-03-28,nan,Will the highest temperature in Hong Kong be 26°C on March 28?,interior,26.0,27.0,interior,27.4,,2026-03-28|26.0|27.0,0.0,0.0,event_day_open,25.8,26.89307517601518,1.3409113442850735,0.27907931727496554,weather_plus_market_training,0.07788526533066088,0.32722615783884645
2026-03-28,nan,Will the highest temperature in Hong Kong be 27°C on March 28?,interior,27.0,28.0,interior,27.4,,2026-03-28|27.0|28.0,1.0,1.0,event_day_open,25.8,26.89307517601518,1.3409113442850735,0.26367849818366307,weather_plus_market_training,0.5421693540370659,1.3330247278792562
2026-03-28,nan,Will the highest temperature in Hong Kong be 28°C or higher on March 28?,upper_tail,28.0,inf,upper_tail,27.4,,2026-03-28|28.0|inf,0.0,0.0,event_day_open,25.8,26.89307517601518,1.3409113442850735,0.20454336035981746,weather_plus_market_training,0.041837986267286145,0.2288389397417978
2026-03-29,nan,Will the highest temperature in Hong Kong be 19°C or below on March 29?,lower_tail,-inf,20.0,lower_tail,25.8,,2026-03-29|-inf|20.0,0.0,0.0,24h_prior,25.0,26.039292025287292,1.537294488710681,4.273513562920032e-05,weather_plus_market_training,1.8262918172461465e-09,4.273604880117109e-05
2026-03-29,nan,Will the highest temperature in Hong Kong be 20°C on March 29?,interior,20.0,21.0,interior,25.8,,2026-03-29|20.0|21.0,0.0,0.0,24h_prior,25.0,26.039292025287292,1.537294488710681,0.0004799428277517175,weather_plus_market_training,2.3034511791031477e-07,0.00048005803717482106
2026-03-29,nan,Will the highest temperature in Hong Kong be 21°C on March 29?,interior,21.0,22.0,interior,25.8,,2026-03-29|21.0|22.0,0.0,0.0,24h_prior,25.0,26.039292025287292,1.537294488710681,0.0037776467871513033,weather_plus_market_training,1.4270615248474563e-05,0.0037848001156237953
2026-03-29,nan,Will the highest temperature in Hong Kong be 22°C on March 29?,interior,22.0,23.0,interior,25.8,,2026-03-29|22.0|23.0,0.0,0.0,24h_prior,25.0,26.039292025287292,1.537294488710681,0.019718254387135647,weather_plus_market_training,0.0003888095560757942,0.019915253113107354
2026-03-29,nan,Will the highest temperature in Hong Kong be 23°C on March 29?,interior,23.0,24.0,interior,25.8,,2026-03-29|23.0|24.0,0.0,0.0,24h_prior,25.0,26.039292025287292,1.537294488710681,0.06831085697333572,weather_plus_market_training,0.00466637318043153,0.07075605745759597
2026-03-29,nan,Will the highest temperature in Hong Kong be 24°C on March 29?,interior,24.0,25.0,interior,25.8,,2026-03-29|24.0|25.0,0.0,0.0,24h_prior,25.0,26.039292025287292,1.537294488710681,0.157174170278644,weather_plus_market_training,0.024703719802780178,0.17099495001181386
2026-03-29,nan,Will the highest temperature in Hong Kong be 25°C on March 29?,interior,25.0,26.0,interior,25.8,,2026-03-29|25.0|26.0,1.0,1.0,24h_prior,25.0,26.039292025287292,1.537294488710681,0.24030085609352736,weather_plus_market_training,0.5771427892522274,1.4258635736429497
2026-03-29,nan,Will the highest temperature in Hong Kong be 26°C on March 29?,interior,26.0,27.0,interior,25.8,,2026-03-29|26.0|27.0,0.0,0.0,24h_prior,25.0,26.039292025287292,1.537294488710681,0.24418843066858847,weather_plus_market_training,0.05962798967238804,0.27996318078590127
2026-03-29,nan,Will the highest temperature in Hong Kong be 27°C on March 29?,interior,27.0,28.0,interior,25.8,,2026-03-29|27.0|28.0,0.0,0.0,24h_prior,25.0,26.039292025287292,1.537294488710681,0.16492815718979537,weather_plus_market_training,0.027201297034021847,0.18023751853879105
2026-03-29,nan,Will the highest temperature in Hong Kong be 28°C on March 29?,interior,28.0,29.0,interior,25.8,,2026-03-29|28.0|29.0,0.0,0.0,24h_prior,25.0,26.039292025287292,1.537294488710681,0.0740218398031951,weather_plus_market_training,0.005479232767849878,0.07690462971473318
2026-03-29,nan,Will the highest temperature in Hong Kong be 29°C or higher on March 29?,upper_tail,29.0,inf,upper_tail,25.8,,2026-03-29|29.0|inf,0.0,0.0,24h_prior,25.0,26.039292025287292,1.537294488710681,0.02705710985524612,weather_plus_market_training,0.0007320871937188567,0.02742989312843624
2026-03-29,nan,Will the highest temperature in Hong Kong be 19°C or below on March 29?,lower_tail,-inf,20.0,lower_tail,25.8,,2026-03-29|-inf|20.0,0.0,0.0,event_day_open,25.3,26.42983267383697,1.3332265085771633,7.079232728369388e-07,weather_plus_market_training,5.011553602241629e-13,7.079235234690627e-07
2026-03-29,nan,Will the highest temperature in Hong Kong be 20°C on March 29?,interior,20.0,21.0,interior,25.8,,2026-03-29|20.0|21.0,0.0,0.0,event_day_open,25.3,26.42983267383697,1.3332265085771633,2.2527629194857138e-05,weather_plus_market_training,5.074940771409796e-10,2.2527882945706806e-05
2026-03-29,nan,Will the highest temperature in Hong Kong be 21°C on March 29?,interior,21.0,22.0,interior,25.8,,2026-03-29|21.0|22.0,0.0,0.0,event_day_open,25.3,26.42983267383697,1.3332265085771633,0.0004226128752263706,weather_plus_market_training,1.786016423070999e-07,0.0004227022012152957
2026-03-29,nan,Will the highest temperature in Hong Kong be 22°C on March 29?,interior,22.0,23.0,interior,25.8,,2026-03-29|22.0|23.0,0.0,0.0,event_day_open,25.3,26.42983267383697,1.3332265085771633,0.004601323758970656,weather_plus_market_training,2.117218033486785e-05,0.004611942434969691
2026-03-29,nan,Will the highest temperature in Hong Kong be 23°C on March 29?,interior,23.0,24.0,interior,25.8,,2026-03-29|23.0|24.0,0.0,0.0,event_day_open,25.3,26.42983267383697,1.3332265085771633,0.029140849112644508,weather_plus_market_training,0.0008491890870059142,0.029573876941190923
2026-03-29,nan,Will the highest temperature in Hong Kong be 24°C on March 29?,interior,24.0,25.0,interior,25.8,,2026-03-29|24.0|25.0,0.0,0.0,event_day_open,25.3,26.42983267383697,1.3332265085771633,0.10756861780984409,weather_plus_market_training,0.011571007537520306,0.11380565098407458
2026-03-29,nan,Will the highest temperature in Hong Kong be 25°C on March 29?,interior,25.0,26.0,interior,25.8,,2026-03-29|25.0|26.0,1.0,1.0,event_day_open,25.3,26.42983267383697,1.3332265085771633,0.23181807588643905,weather_plus_market_training,0.5901034685348128,1.4618023705885992
2026-03-29,nan,Will the highest temperature in Hong Kong be 26°C on March 29?,interior,26.0,27.0,interior,25.8,,2026-03-29|26.0|27.0,0.0,0.0,event_day_open,25.3,26.42983267383697,1.3332265085771633,0.29197585896716016,weather_plus_market_training,0.085249902219611,0.3452770883657129
2026-03-29,nan,Will the highest temperature in Hong Kong be 27°C on March 29?,interior,27.0,28.0,interior,25.8,,2026-03-29|27.0|28.0,0.0,0.0,event_day_open,25.3,26.42983267383697,1.3332265085771633,0.21499527105078742,weather_plus_market_training,0.04622296657420155,0.24206553707874937
2026-03-29,nan,Will the highest temperature in Hong Kong be 28°C on March 29?,interior,28.0,29.0,interior,25.8,,2026-03-29|28.0|29.0,0.0,0.0,event_day_open,25.3,26.42983267383697,1.3332265085771633,0.09251290339355767,weather_plus_market_training,0.008558637294305733,0.09707593155970722
2026-03-29,nan,Will the highest temperature in Hong Kong be 29°C or higher on March 29?,upper_tail,29.0,inf,upper_tail,25.8,,2026-03-29|29.0|inf,0.0,0.0,event_day_open,25.3,26.42983267383697,1.3332265085771633,0.026941251592902393,weather_plus_market_training,0.0007258310373920657,0.027310819988737516
2026-03-30,nan,Will the highest temperature in Hong Kong be 19°C or below on March 30?,lower_tail,-inf,20.0,lower_tail,28.3,,2026-03-30|-inf|20.0,0.0,0.0,24h_prior,26.0,27.081032724760696,1.5541311558864113,2.6035670890140035e-06,weather_plus_market_training,6.7785615869968515e-12,2.603570478318987e-06
2026-03-30,nan,Will the highest temperature in Hong Kong be 20°C on March 30?,interior,20.0,21.0,interior,28.3,,2026-03-30|20.0|21.0,0.0,0.0,24h_prior,26.0,27.081032724760696,1.5541311558864113,4.300903326944787e-05,weather_plus_market_training,1.8497769427724735e-09,4.3009958184472305e-05
2026-03-30,nan,Will the highest temperature in Hong Kong be 21°C on March 30?,interior,21.0,22.0,interior,28.3,,2026-03-30|21.0|22.0,0.0,0.0,24h_prior,26.0,27.081032724760696,1.5541311558864113,0.0004933200569882438,weather_plus_market_training,2.4336467862688406e-07,0.0004934417793612295
2026-03-30,nan,Will the highest temperature in Hong Kong be 22°C on March 30?,interior,22.0,23.0,interior,28.3,,2026-03-30|22.0|23.0,0.0,0.0,24h_prior,26.0,27.081032724760696,1.5541311558864113,0.0037817530176783775,weather_plus_market_training,1.4301655886719515e-05,0.0037889219253546846
2026-03-30,nan,Will the highest temperature in Hong Kong be 23°C on March 30?,interior,23.0,24.0,interior,28.3,,2026-03-30|23.0|24.0,0.0,0.0,24h_prior,26.0,27.081032724760696,1.5541311558864113,0.019392129648883493,weather_plus_market_training,0.00037605469231910625,0.01958262374059795
2026-03-30,nan,Will the highest temperature in Hong Kong be 24°C on March 30?,interior,24.0,25.0,interior,28.3,,2026-03-30|24.0|25.0,0.0,0.0,24h_prior,26.0,27.081032724760696,1.5541311558864113,0.06656716851894211,weather_plus_market_training,0.004431187924629237,0.06888627201060117
2026-03-30,nan,Will the highest temperature in Hong Kong be 25°C on March 30?,interior,25.0,26.0,interior,28.3,,2026-03-30|25.0|26.0,0.0,0.0,24h_prior,26.0,27.081032724760696,1.5541311558864113,0.1530639128483523,weather_plus_market_training,0.023428561416447988,0.16613004508550006
2026-03-30,nan,Will the highest temperature in Hong Kong be 26°C on March 30?,interior,26.0,27.0,interior,28.3,,2026-03-30|26.0|27.0,0.0,0.0,24h_prior,26.0,27.081032724760696,1.5541311558864113,0.23586459011632865,weather_plus_market_training,0.05563210487074372,0.2690102674527946
2026-03-30,nan,Will the highest temperature in Hong Kong be 27°C on March 30?,interior,27.0,28.0,interior,28.3,,2026-03-30|27.0|28.0,0.0,0.0,24h_prior,26.0,27.081032724760696,1.5541311558864113,0.24363385079872607,weather_plus_market_training,0.059357453255015916,0.2792296957094724
2026-03-30,nan,Will the highest temperature in Hong Kong be 28°C on March 30?,interior,28.0,29.0,interior,28.3,,2026-03-30|28.0|29.0,1.0,1.0,24h_prior,26.0,27.081032724760696,1.5541311558864113,0.16869634064989192,weather_plus_market_training,0.6910657740488806,1.7796549811302558
2026-03-30,nan,Will the highest temperature in Hong Kong be 29°C or higher on March 30?,upper_tail,29.0,inf,upper_tail,28.3,,2026-03-30|29.0|inf,0.0,0.0,24h_prior,26.0,27.081032724760696,1.5541311558864113,0.10846132174385037,weather_plus_market_training,0.01176385831442303,0.11480645702708064
2026-04-01,nan,Will the highest temperature in Hong Kong be 20°C or below on April 1?,lower_tail,-inf,21.0,lower_tail,27.3,,2026-04-01|-inf|21.0,0.0,0.0,12h_prior,27.3,28.0318254849536,1.4837856602537538,1.073287561845942e-06,weather_plus_market_training,1.1519461904132067e-12,1.0732881377992938e-06
2026-04-01,nan,Will the highest temperature in Hong Kong be 21°C on April 1?,interior,21.0,22.0,interior,27.3,,2026-04-01|21.0|22.0,0.0,0.0,12h_prior,27.3,28.0318254849536,1.4837856602537538,2.2926516898364145e-05,weather_plus_market_training,5.256251770909767e-10,2.2926779714997182e-05
2026-04-01,nan,Will the highest temperature in Hong Kong be 22°C on April 1?,interior,22.0,23.0,interior,27.3,,2026-04-01|22.0|23.0,0.0,0.0,12h_prior,27.3,28.0318254849536,1.4837856602537538,0.0003239268100808054,weather_plus_market_training,1.0492857828912615e-07,0.000323979285702379
2026-04-01,nan,Will the highest temperature in Hong Kong be 23°C on April 1?,interior,23.0,24.0,interior,27.3,,2026-04-01|23.0|24.0,0.0,0.0,12h_prior,27.3,28.0318254849536,1.4837856602537538,0.0029433569680918166,weather_plus_market_training,8.663350241614651e-06,0.0029476971617977223
2026-04-01,nan,Will the highest temperature in Hong Kong be 24°C on April 1?,interior,24.0,25.0,interior,27.3,,2026-04-01|24.0|25.0,0.0,0.0,12h_prior,27.3,28.0318254849536,1.4837856602537538,0.017219883017238414,weather_plus_market_training,0.00029652437112737595,0.017369869530033333
2026-04-01,nan,Will the highest temperature in Hong Kong be 25°C on April 1?,interior,25.0,26.0,interior,27.3,,2026-04-01|25.0|26.0,0.0,0.0,12h_prior,27.3,28.0318254849536,1.4837856602537538,0.06493340311913413,weather_plus_market_training,0.004216346840631978,0.06713752561939286
2026-04-01,nan,Will the highest temperature in Hong Kong be 26°C on April 1?,interior,26.0,27.0,interior,27.3,,2026-04-01|26.0|27.0,0.0,0.0,12h_prior,27.3,28.0318254849536,1.4837856602537538,0.15795756277600476,weather_plus_market_training,0.024950591638135483,0.1719248655063158
2026-04-01,nan,Will the highest temperature in Hong Kong be 27°C on April 1?,interior,27.0,28.0,interior,27.3,,2026-04-01|27.0|28.0,1.0,1.0,12h_prior,27.3,28.0318254849536,1.4837856602537538,0.24804167341513778,weather_plus_market_training,0.5654413249203062,1.3941585089696868
2026-04-01,nan,Will the highest temperature in Hong Kong be 28°C on April 1?,interior,28.0,29.0,interior,27.3,,2026-04-01|28.0|29.0,0.0,0.0,12h_prior,27.3,28.0318254849536,1.4837856602537538,0.2515178076967892,weather_plus_market_training,0.06326120758859904,0.2897078665835437
2026-04-01,nan,Will the highest temperature in Hong Kong be 29°C on April 1?,interior,29.0,30.0,interior,27.3,,2026-04-01|29.0|30.0,0.0,0.0,12h_prior,27.3,28.0318254849536,1.4837856602537538,0.1646938269403514,weather_plus_market_training,0.027124056632258416,0.17995694701695006
2026-04-01,nan,Will the highest temperature in Hong Kong be 30°C or higher on April 1?,upper_tail,30.0,inf,upper_tail,27.3,,2026-04-01|30.0|inf,0.0,0.0,12h_prior,27.3,28.0318254849536,1.4837856602537538,0.09234455945271147,weather_plus_market_training,0.008527517660515363,0.09689044316099134
2026-04-01,nan,Will the highest temperature in Hong Kong be 20°C or below on April 1?,lower_tail,-inf,21.0,lower_tail,27.3,,2026-04-01|-inf|21.0,0.0,0.0,24h_prior,28.0,29.26730410465522,1.570422558039061,7.033088893563638e-08,weather_plus_market_training,4.9464339384768195e-15,7.033089136374116e-08
2026-04-01,nan,Will the highest temperature in Hong Kong be 21°C on April 1?,interior,21.0,22.0,interior,27.3,,2026-04-01|21.0|22.0,0.0,0.0,24h_prior,28.0,29.26730410465522,1.570422558039061,1.7792124304457179e-06,weather_plus_market_training,3.1655968726525583e-12,1.7792140132974817e-06
2026-04-01,nan,Will the highest temperature in Hong Kong be 22°C on April 1?,interior,22.0,23.0,interior,27.3,,2026-04-01|22.0|23.0,0.0,0.0,24h_prior,28.0,29.26730410465522,1.570422558039061,3.1070394215235595e-05,weather_plus_market_training,9.653693966901455e-10,3.107087690993465e-05
2026-04-01,nan,Will the highest temperature in Hong Kong be 23°C on April 1?,interior,23.0,24.0,interior,27.3,,2026-04-01|23.0|24.0,0.0,0.0,24h_prior,28.0,29.26730410465522,1.570422558039061,0.0003652439634928561,weather_plus_market_training,1.334031528679708e-07,0.00036531068131525046
2026-04-01,nan,Will the highest temperature in Hong Kong be 24°C on April 1?,interior,24.0,25.0,interior,27.3,,2026-04-01|24.0|25.0,0.0,0.0,24h_prior,28.0,29.26730410465522,1.570422558039061,0.0028927144752656404,weather_plus_market_training,8.36779703541137e-06,0.0028969064598781463
2026-04-01,nan,Will the highest temperature in Hong Kong be 25°C on April 1?,interior,25.0,26.0,interior,27.3,,2026-04-01|25.0|26.0,0.0,0.0,24h_prior,28.0,29.26730410465522,1.570422558039061,0.015447803363504235,weather_plus_market_training,0.00023863462875749276,0.01556836388634637
2026-04-01,nan,Will the highest temperature in Hong Kong be 26°C on April 1?,interior,26.0,27.0,interior,27.3,,2026-04-01|26.0|27.0,0.0,0.0,24h_prior,28.0,29.26730410465522,1.570422558039061,0.05566538825621468,weather_plus_market_training,0.003098635449715123,0.05727471405031265
2026-04-01,nan,Will the highest temperature in Hong Kong be 27°C on April 1?,interior,27.0,28.0,interior,27.3,,2026-04-01|27.0|28.0,1.0,1.0,24h_prior,28.0,29.26730410465522,1.570422558039061,0.13543410589349353,weather_plus_market_training,0.7474741852521829,1.9992700603152658
2026-04-01,nan,Will the highest temperature in Hong Kong be 28°C on April 1?,interior,28.0,29.0,interior,27.3,,2026-04-01|28.0|29.0,0.0,0.0,24h_prior,28.0,29.26730410465522,1.570422558039061,0.22258369670733302,weather_plus_market_training,0.049543502039902015,0.2517792892214408
2026-04-01,nan,Will the highest temperature in Hong Kong be 29°C on April 1?,interior,29.0,30.0,interior,27.3,,2026-04-01|29.0|30.0,0.0,0.0,24h_prior,28.0,29.26730410465522,1.570422558039061,0.24717066869982057,weather_plus_market_training,0.06109333946551646,0.2839167285314009
2026-04-01,nan,Will the highest temperature in Hong Kong be 30°C or higher on April 1?,upper_tail,30.0,inf,upper_tail,27.3,,2026-04-01|30.0|inf,0.0,0.0,24h_prior,28.0,29.26730410465522,1.570422558039061,0.32040745870334086,weather_plus_market_training,0.10266093959273308,0.3862618643819341
2026-04-01,nan,Will the highest temperature in Hong Kong be 20°C or below on April 1?,lower_tail,-inf,21.0,lower_tail,27.3,,2026-04-01|-inf|21.0,0.0,0.0,6h_prior,27.4,28.1406855230164,1.4812600349079497,7.153366291865009e-07,weather_plus_market_training,5.117064930559055e-13,7.153368850068309e-07
2026-04-01,nan,Will the highest temperature in Hong Kong be 21°C on April 1?,interior,21.0,22.0,interior,27.3,,2026-04-01|21.0|22.0,0.0,0.0,6h_prior,27.4,28.1406855230164,1.4812600349079497,1.623221769822466e-05,weather_plus_market_training,2.634848914025579e-10,1.623234944206908e-05
2026-04-01,nan,Will the highest temperature in Hong Kong be 22°C on April 1?,interior,22.0,23.0,interior,27.3,,2026-04-01|22.0|23.0,0.0,0.0,6h_prior,27.4,28.1406855230164,1.4812600349079497,0.0002428155268526278,weather_plus_market_training,5.8959380080719216e-08,0.00024284501131567384
2026-04-01,nan,Will the highest temperature in Hong Kong be 23°C on April 1?,interior,23.0,24.0,interior,27.3,,2026-04-01|23.0|24.0,0.0,0.0,6h_prior,27.4,28.1406855230164,1.4812600349079497,0.002332169475177063,weather_plus_market_training,5.4390144609476565e-06,0.0023348932180516343
2026-04-01,nan,Will the highest temperature in Hong Kong be 24°C on April 1?,interior,24.0,25.0,interior,27.3,,2026-04-01|24.0|25.0,0.0,0.0,6h_prior,27.4,28.1406855230164,1.4812600349079497,0.014399301417764007,weather_plus_market_training,0.00020733988131962054,0.01450397741433829
2026-04-01,nan,Will the highest temperature in Hong Kong be 25°C on April 1?,interior,25.0,26.0,interior,27.3,,2026-04-01|25.0|26.0,0.0,0.0,6h_prior,27.4,28.1406855230164,1.4812600349079497,0.057212608088554426,weather_plus_market_training,0.0032732825242945233,0.058914481035200604
2026-04-01,nan,Will the highest temperature in Hong Kong be 26°C on April 1?,interior,26.0,27.0,interior,27.3,,2026-04-01|26.0|27.0,0.0,0.0,6h_prior,27.4,28.1406855230164,1.4812600349079497,0.14642301906602928,weather_plus_market_training,0.021439700512410773,0.15831954639901344
2026-04-01,nan,Will the highest temperature in Hong Kong be 27°C on April 1?,interior,27.0,28.0,interior,27.3,,2026-04-01|27.0|28.0,1.0,1.0,6h_prior,27.4,28.1406855230164,1.4812600349079497,0.24153971654884282,weather_plus_market_training,0.5752620015728096,1.420721361652021
2026-04-01,nan,Will the highest temperature in Hong Kong be 28°C on April 1?,interior,28.0,29.0,interior,27.3,,2026-04-01|28.0|29.0,0.0,0.0,6h_prior,27.4,28.1406855230164,1.4812600349079497,0.25691791779320594,weather_plus_market_training,0.06600681648319652,0.2969487663328143
2026-04-01,nan,Will the highest temperature in Hong Kong be 29°C on April 1?,interior,29.0,30.0,interior,27.3,,2026-04-01|29.0|30.0,0.0,0.0,6h_prior,27.4,28.1406855230164,1.4812600349079497,0.176216939848715,weather_plus_market_training,0.03105240988964564,0.19384806025144213
2026-04-01,nan,Will the highest temperature in Hong Kong be 30°C or higher on April 1?,upper_tail,30.0,inf,upper_tail,27.3,,2026-04-01|30.0|inf,0.0,0.0,6h_prior,27.4,28.1406855230164,1.4812600349079497,0.1046985646805314,weather_plus_market_training,0.010961789446163418,0.11059481817178429
2026-04-02,nan,Will the highest temperature in Hong Kong be 18°C or below on April 2?,lower_tail,-inf,19.0,lower_tail,24.0,,2026-04-02|-inf|19.0,0.0,0.0,12h_prior,23.4,24.757493270544423,1.4133098097606918,2.3129493330847197e-05,weather_plus_market_training,5.34973461741705e-10,2.312976082168675e-05
2026-04-02,nan,Will the highest temperature in Hong Kong be 19°C on April 2?,interior,19.0,20.0,interior,24.0,,2026-04-02|19.0|20.0,0.0,0.0,12h_prior,23.4,24.757493270544423,1.4133098097606918,0.000357918088246634,weather_plus_market_training,1.2810535789412527e-07,0.00035798215621338187
2026-04-02,nan,Will the highest temperature in Hong Kong be 20°C on April 2?,interior,20.0,21.0,interior,24.0,,2026-04-02|20.0|21.0,0.0,0.0,12h_prior,23.4,24.757493270544423,1.4133098097606918,0.0035416968414542383,weather_plus_market_training,1.2543616516766929e-05,0.0035479834977222994
2026-04-02,nan,Will the highest temperature in Hong Kong be 21°C on April 2?,interior,21.0,22.0,interior,24.0,,2026-04-02|21.0|22.0,0.0,0.0,12h_prior,23.4,24.757493270544423,1.4133098097606918,0.02160048335247367,weather_plus_market_training,0.0004665808810604921,0.021837188632675125
2026-04-02,nan,Will the highest temperature in Hong Kong be 22°C on April 2?,interior,22.0,23.0,interior,24.0,,2026-04-02|22.0|23.0,0.0,0.0,12h_prior,23.4,24.757493270544423,1.4133098097606918,0.0813130527466647,weather_plus_market_training,0.0066118125469818755,0.08480985965006432
2026-04-02,nan,Will the highest temperature in Hong Kong be 23°C on April 2?,interior,23.0,24.0,interior,24.0,,2026-04-02|23.0|24.0,0.0,0.0,12h_prior,23.4,24.757493270544423,1.4133098097606918,0.1891529675103999,weather_plus_market_training,0.0357788451179904,0.20967585857605572
2026-04-02,nan,Will the highest temperature in Hong Kong be 24°C on April 2?,interior,24.0,25.0,interior,24.0,,2026-04-02|24.0|25.0,1.0,1.0,12h_prior,23.4,24.757493270544423,1.4133098097606918,0.27212995463341816,weather_plus_market_training,0.5297948029419499,1.3014755523964152
2026-04-02,nan,Will the highest temperature in Hong Kong be 25°C on April 2?,interior,25.0,26.0,interior,24.0,,2026-04-02|25.0|26.0,0.0,0.0,12h_prior,23.4,24.757493270544423,1.4133098097606918,0.24221994177618822,weather_plus_market_training,0.05867050019406001,0.27736209609911494
2026-04-02,nan,Will the highest temperature in Hong Kong be 26°C on April 2?,interior,26.0,27.0,interior,24.0,,2026-04-02|26.0|27.0,0.0,0.0,12h_prior,23.4,24.757493270544423,1.4133098097606918,0.13337119804552022,weather_plus_market_training,0.017787876468097378,0.1431445346476348
2026-04-02,nan,Will the highest temperature in Hong Kong be 27°C on April 2?,interior,27.0,28.0,interior,24.0,,2026-04-02|27.0|28.0,0.0,0.0,12h_prior,23.4,24.757493270544423,1.4133098097606918,0.0454020064875178,weather_plus_market_training,0.002061342193092608,0.04646497632698295
2026-04-02,nan,Will the highest temperature in Hong Kong be 28°C or higher on April 2?,upper_tail,28.0,inf,upper_tail,24.0,,2026-04-02|28.0|inf,0.0,0.0,12h_prior,23.4,24.757493270544423,1.4133098097606918,0.010887651024785616,weather_plus_market_training,0.00011854094483751527,0.01094735525188525
2026-04-02,nan,Will the highest temperature in Hong Kong be 18°C or below on April 2?,lower_tail,-inf,19.0,lower_tail,24.0,,2026-04-02|-inf|19.0,0.0,0.0,6h_prior,24.3,25.436081424548885,1.4235970289856568,3.0774170044860523e-06,weather_plus_market_training,9.470495419499908e-12,3.0774217397063926e-06
2026-04-02,nan,Will the highest temperature in Hong Kong be 19°C on April 2?,interior,19.0,20.0,interior,24.0,,2026-04-02|19.0|20.0,0.0,0.0,6h_prior,24.3,25.436081424548885,1.4235970289856568,6.404081904723767e-05,weather_plus_market_training,4.101226504241039e-09,6.404286974801133e-05
2026-04-02,nan,Will the highest temperature in Hong Kong be 20°C on April 2?,interior,20.0,21.0,interior,24.0,,2026-04-02|20.0|21.0,0.0,0.0,6h_prior,24.3,25.436081424548885,1.4235970289856568,0.0008491589362232879,weather_plus_market_training,7.21070898967866e-07,0.000849519675904106
2026-04-02,nan,Will the highest temperature in Hong Kong be 21°C on April 2?,interior,21.0,22.0,interior,24.0,,2026-04-02|21.0|22.0,0.0,0.0,6h_prior,24.3,25.436081424548885,1.4235970289856568,0.006980285077453284,weather_plus_market_training,4.8724379762517e-05,0.007004761234204898
2026-04-02,nan,Will the highest temperature in Hong Kong be 22°C on April 2?,interior,22.0,23.0,interior,24.0,,2026-04-02|22.0|23.0,0.0,0.0,6h_prior,24.3,25.436081424548885,1.4235970289856568,0.03562409898119779,weather_plus_market_training,0.0012690764282221774,0.03627412156178883
2026-04-02,nan,Will the highest temperature in Hong Kong be 23°C on April 2?,interior,23.0,24.0,interior,24.0,,2026-04-02|23.0|24.0,0.0,0.0,6h_prior,24.3,25.436081424548885,1.4235970289856568,0.11302190739111166,weather_plus_market_training,0.01277395155032502,0.11993499527645127
2026-04-02,nan,Will the highest temperature in Hong Kong be 24°C on April 2?,interior,24.0,25.0,interior,24.0,,2026-04-02|24.0|25.0,1.0,1.0,6h_prior,24.3,25.436081424548885,1.4235970289856568,0.2231365520160603,weather_plus_market_training,0.6035168168134953,1.4999713540470008
2026-04-02,nan,Will the highest temperature in Hong Kong be 25°C on April 2?,interior,25.0,26.0,interior,24.0,,2026-04-02|25.0|26.0,0.0,0.0,6h_prior,24.3,25.436081424548885,1.4235970289856568,0.27431348728895455,weather_plus_market_training,0.07524788930862743,0.3206371580835883
2026-04-02,nan,Will the highest temperature in Hong Kong be 26°C on April 2?,interior,26.0,27.0,interior,24.0,,2026-04-02|26.0|27.0,0.0,0.0,6h_prior,24.3,25.436081424548885,1.4235970289856568,0.21002918768155088,weather_plus_market_training,0.044112259678172124,0.235759280635949
2026-04-02,nan,Will the highest temperature in Hong Kong be 27°C on April 2?,interior,27.0,28.0,interior,24.0,,2026-04-02|27.0|28.0,0.0,0.0,6h_prior,24.3,25.436081424548885,1.4235970289856568,0.10012788962637964,weather_plus_market_training,0.010025594281032463,0.10550262533979513
2026-04-02,nan,Will the highest temperature in Hong Kong be 28°C or higher on April 2?,upper_tail,28.0,inf,upper_tail,24.0,,2026-04-02|28.0|inf,0.0,0.0,6h_prior,24.3,25.436081424548885,1.4235970289856568,0.03585031476501688,weather_plus_market_training,0.0012852450687507871,0.03650872128550424
2026-04-02,nan,Will the highest temperature in Hong Kong be 18°C or below on April 2?,lower_tail,-inf,19.0,lower_tail,24.0,,2026-04-02|-inf|19.0,0.0,0.0,event_day_open,23.2,24.73320323038661,1.3172672813145545,6.734418071536723e-06,weather_plus_market_training,4.535238676224039e-11,6.734440747825268e-06
2026-04-02,nan,Will the highest temperature in Hong Kong be 19°C on April 2?,interior,19.0,20.0,interior,24.0,,2026-04-02|19.0|20.0,0.0,0.0,event_day_open,23.2,24.73320323038661,1.3172672813145545,0.00015658716541474394,weather_plus_market_training,2.451954037262438e-08,0.00015659942646493053
2026-04-02,nan,Will the highest temperature in Hong Kong be 20°C on April 2?,interior,20.0,21.0,interior,24.0,,2026-04-02|20.0|21.0,0.0,0.0,event_day_open,23.2,24.73320323038661,1.3172672813145545,0.002134775088943047,weather_plus_market_training,4.557264680371795e-06,0.002137056969395936
2026-04-02,nan,Will the highest temperature in Hong Kong be 21°C on April 2?,interior,21.0,22.0,interior,24.0,,2026-04-02|21.0|22.0,0.0,0.0,event_day_open,23.2,24.73320323038661,1.3172672813145545,0.0166996169998833,weather_plus_market_training,0.00027887720794279137,0.016840627691254724
2026-04-02,nan,Will the highest temperature in Hong Kong be 22°C on April 2?,interior,22.0,23.0,interior,24.0,,2026-04-02|22.0|23.0,0.0,0.0,event_day_open,23.2,24.73320323038661,1.3172672813145545,0.07513014731050865,weather_plus_market_training,0.005644539034898731,0.07810225116400102
2026-04-02,nan,Will the highest temperature in Hong Kong be 23°C on April 2?,interior,23.0,24.0,interior,24.0,,2026-04-02|23.0|24.0,0.0,0.0,event_day_open,23.2,24.73320323038661,1.3172672813145545,0.19476933530542767,weather_plus_market_training,0.037935093975318114,0.21662650261505947
2026-04-02,nan,Will the highest temperature in Hong Kong be 24°C on April 2?,interior,24.0,25.0,interior,24.0,,2026-04-02|24.0|25.0,1.0,1.0,event_day_open,23.2,24.73320323038661,1.3172672813145545,0.29135475300187996,weather_plus_market_training,0.5021780860930266,1.2332136718076383
2026-04-02,nan,Will the highest temperature in Hong Kong be 25°C on April 2?,interior,25.0,26.0,interior,24.0,,2026-04-02|25.0|26.0,0.0,0.0,event_day_open,23.2,24.73320323038661,1.3172672813145545,0.25164423241307576,weather_plus_market_training,0.0633248197067661,0.2898767889652241
2026-04-02,nan,Will the highest temperature in Hong Kong be 26°C on April 2?,interior,26.0,27.0,interior,24.0,,2026-04-02|26.0|27.0,0.0,0.0,event_day_open,23.2,24.73320323038661,1.3172672813145545,0.12546323574951934,weather_plus_market_training,0.015741023524739467,0.13406094509785182
2026-04-02,nan,Will the highest temperature in Hong Kong be 27°C on April 2?,interior,27.0,28.0,interior,24.0,,2026-04-02|27.0|28.0,0.0,0.0,event_day_open,23.2,24.73320323038661,1.3172672813145545,0.03607109853514057,weather_plus_market_training,0.00130112414953182,0.03673774075868515
2026-04-02,nan,Will the highest temperature in Hong Kong be 28°C or higher on April 2?,upper_tail,28.0,inf,upper_tail,24.0,,2026-04-02|28.0|inf,0.0,0.0,event_day_open,23.2,24.73320323038661,1.3172672813145545,0.006569484012135418,weather_plus_market_training,4.315812018570287e-05,0.006591158049205057
2026-04-03,nan,Will the highest temperature in Hong Kong be 19°C or below on April 3?,lower_tail,-inf,20.0,lower_tail,27.1,,2026-04-03|-inf|20.0,0.0,0.0,12h_prior,25.6,26.48613724731053,1.455177868778818,4.150280569831085e-06,weather_plus_market_training,1.7224828808317435e-11,4.150289182319438e-06
2026-04-03,nan,Will the highest temperature in Hong Kong be 20°C on April 3?,interior,20.0,21.0,interior,27.1,,2026-04-03|20.0|21.0,0.0,0.0,12h_prior,25.6,26.48613724731053,1.455177868778818,7.744727267681676e-05,weather_plus_market_training,5.9980800450772075e-09,7.745027187165483e-05
2026-04-03,nan,Will the highest temperature in Hong Kong be 21°C on April 3?,interior,21.0,22.0,interior,27.1,,2026-04-03|21.0|22.0,0.0,0.0,12h_prior,25.6,26.48613724731053,1.455177868778818,0.0009434450223076698,weather_plus_market_training,8.900885101171196e-07,0.0009438903466774958
2026-04-03,nan,Will the highest temperature in Hong Kong be 22°C on April 3?,interior,22.0,23.0,interior,27.1,,2026-04-03|22.0|23.0,0.0,0.0,12h_prior,25.6,26.48613724731053,1.455177868778818,0.007269791515327547,weather_plus_market_training,5.28498686763284e-05,0.0072963452212043535
2026-04-03,nan,Will the highest temperature in Hong Kong be 23°C on April 3?,interior,23.0,24.0,interior,27.1,,2026-04-03|23.0|24.0,0.0,0.0,12h_prior,25.6,26.48613724731053,1.455177868778818,0.035479143997556487,weather_plus_market_training,0.0012587696587993485,0.0361238232284161
2026-04-03,nan,Will the highest temperature in Hong Kong be 24°C on April 3?,interior,24.0,25.0,interior,27.1,,2026-04-03|24.0|25.0,0.0,0.0,12h_prior,25.6,26.48613724731053,1.455177868778818,0.10978802925242392,weather_plus_market_training,0.012053411367131091,0.11629567523447663
2026-04-03,nan,Will the highest temperature in Hong Kong be 25°C on April 3?,interior,25.0,26.0,interior,27.1,,2026-04-03|25.0|26.0,0.0,0.0,12h_prior,25.6,26.48613724731053,1.455177868778818,0.21559981175032839,weather_plus_market_training,0.04648327882677704,0.24283594466804245
2026-04-03,nan,Will the highest temperature in Hong Kong be 26°C on April 3?,interior,26.0,27.0,interior,27.1,,2026-04-03|26.0|27.0,0.0,0.0,12h_prior,25.6,26.48613724731053,1.455177868778818,0.2688416054206824,weather_plus_market_training,0.0722758088051699,0.31312516065347346
2026-04-03,nan,Will the highest temperature in Hong Kong be 27°C on April 3?,interior,27.0,28.0,interior,27.1,,2026-04-03|27.0|28.0,1.0,1.0,12h_prior,25.6,26.48613724731053,1.455177868778818,0.21290288071262897,weather_plus_market_training,0.619521875190478,1.5469191763493075
2026-04-03,nan,Will the highest temperature in Hong Kong be 28°C on April 3?,interior,28.0,29.0,interior,27.1,,2026-04-03|28.0|29.0,0.0,0.0,12h_prior,25.6,26.48613724731053,1.455177868778818,0.10705739233533662,weather_plus_market_training,0.011461285253642192,0.113232969303503
2026-04-03,nan,Will the highest temperature in Hong Kong be 29°C or higher on April 3?,upper_tail,29.0,inf,upper_tail,27.1,,2026-04-03|29.0|inf,0.0,0.0,12h_prior,25.6,26.48613724731053,1.455177868778818,0.04203630244016132,weather_plus_market_training,0.0017670507228407127,0.042945395716914095
2026-04-03,nan,Will the highest temperature in Hong Kong be 19°C or below on April 3?,lower_tail,-inf,20.0,lower_tail,27.1,,2026-04-03|-inf|20.0,0.0,0.0,24h_prior,25.4,26.56631451175577,1.556309704367768,1.2260890228712608e-05,weather_plus_market_training,1.503294292005403e-10,1.226096539409475e-05
2026-04-03,nan,Will the highest temperature in Hong Kong be 20°C on April 3?,interior,20.0,21.0,interior,27.1,,2026-04-03|20.0|21.0,0.0,0.0,24h_prior,25.4,26.56631451175577,1.556309704367768,0.0001617778414989554,weather_plus_market_training,2.6172070000061132e-08,0.00016179092894548066
2026-04-03,nan,Will the highest temperature in Hong Kong be 21°C on April 3?,interior,21.0,22.0,interior,27.1,,2026-04-03|21.0|22.0,0.0,0.0,24h_prior,25.4,26.56631451175577,1.556309704367768,0.001498729609585043,weather_plus_market_training,2.246190442646935e-06,0.0014998538282133035
2026-04-03,nan,Will the highest temperature in Hong Kong be 22°C on April 3?,interior,22.0,23.0,interior,27.1,,2026-04-03|22.0|23.0,0.0,0.0,24h_prior,25.4,26.56631451175577,1.556309704367768,0.00929391550808278,weather_plus_market_training,8.637686547138161e-05,0.009337373413132295
2026-04-03,nan,Will the highest temperature in Hong Kong be 23°C on April 3?,interior,23.0,24.0,interior,27.1,,2026-04-03|23.0|24.0,0.0,0.0,24h_prior,25.4,26.56631451175577,1.556309704367768,0.03860977885202602,weather_plus_market_training,0.0014907150230023553,0.03937489504480531
2026-04-03,nan,Will the highest temperature in Hong Kong be 24°C on April 3?,interior,24.0,25.0,interior,27.1,,2026-04-03|24.0|25.0,0.0,0.0,24h_prior,25.4,26.56631451175577,1.556309704367768,0.10752827130374605,weather_plus_market_training,0.011562329129572016,0.11376044236086276
2026-04-03,nan,Will the highest temperature in Hong Kong be 25°C on April 3?,interior,25.0,26.0,interior,27.1,,2026-04-03|25.0|26.0,0.0,0.0,24h_prior,25.4,26.56631451175577,1.556309704367768,0.20086798762032854,weather_plus_market_training,0.04034794845064046,0.22422912486142219
2026-04-03,nan,Will the highest temperature in Hong Kong be 26°C on April 3?,interior,26.0,27.0,interior,27.1,,2026-04-03|26.0|27.0,0.0,0.0,24h_prior,25.4,26.56631451175577,1.556309704367768,0.2517754392475996,weather_plus_market_training,0.06339087180832172,0.29005213115351225
2026-04-03,nan,Will the highest temperature in Hong Kong be 27°C on April 3?,interior,27.0,28.0,interior,27.1,,2026-04-03|27.0|28.0,1.0,1.0,24h_prior,25.4,26.56631451175577,1.556309704367768,0.21178100820208923,weather_plus_market_training,0.621289179030915,1.552202518380672
2026-04-03,nan,Will the highest temperature in Hong Kong be 28°C on April 3?,interior,28.0,29.0,interior,27.1,,2026-04-03|28.0|29.0,0.0,0.0,24h_prior,25.4,26.56631451175577,1.556309704367768,0.11953315269815779,weather_plus_market_training,0.014288174593961105,0.12730300388211502
2026-04-03,nan,Will the highest temperature in Hong Kong be 29°C or higher on April 3?,upper_tail,29.0,inf,upper_tail,27.1,,2026-04-03|29.0|inf,0.0,0.0,24h_prior,25.4,26.56631451175577,1.556309704367768,0.0589376782266573,weather_plus_market_training,0.0034736499147489937,0.06074591228765004
2026-04-03,nan,Will the highest temperature in Hong Kong be 19°C or below on April 3?,lower_tail,-inf,20.0,lower_tail,27.1,,2026-04-03|-inf|20.0,0.0,0.0,6h_prior,26.0,26.858567204081044,1.4589407504434837,1.2940757082169001e-06,weather_plus_market_training,1.6746319385970717e-12,1.2940765455747053e-06
2026-04-03,nan,Will the highest temperature in Hong Kong be 20°C on April 3?,interior,20.0,21.0,interior,27.1,,2026-04-03|20.0|21.0,0.0,0.0,6h_prior,26.0,26.858567204081044,1.4589407504434837,2.8349445346871715e-05,weather_plus_market_training,8.036910514752664e-10,2.8349847200029717e-05
2026-04-03,nan,Will the highest temperature in Hong Kong be 21°C on April 3?,interior,21.0,22.0,interior,27.1,,2026-04-03|21.0|22.0,0.0,0.0,6h_prior,26.0,26.858567204081044,1.4589407504434837,0.00040427170041892814,weather_plus_market_training,1.634356077596116e-07,0.00040435344025359127
2026-04-03,nan,Will the highest temperature in Hong Kong be 22°C on April 3?,interior,22.0,23.0,interior,27.1,,2026-04-03|22.0|23.0,0.0,0.0,6h_prior,26.0,26.858567204081044,1.4589407504434837,0.003653370748393278,weather_plus_market_training,1.334711782521566e-05,0.0036600606059627315
2026-04-03,nan,Will the highest temperature in Hong Kong be 23°C on April 3?,interior,23.0,24.0,interior,27.1,,2026-04-03|23.0|24.0,0.0,0.0,6h_prior,26.0,26.858567204081044,1.4589407504434837,0.020948955114873515,weather_plus_market_training,0.0004388587204049852,0.021171497989484516
2026-04-03,nan,Will the highest temperature in Hong Kong be 24°C on April 3?,interior,24.0,25.0,interior,27.1,,2026-04-03|24.0|25.0,0.0,0.0,6h_prior,26.0,26.858567204081044,1.4589407504434837,0.07631044502786713,weather_plus_market_training,0.005823284020351131,0.079379243261588
2026-04-03,nan,Will the highest temperature in Hong Kong be 25°C on April 3?,interior,25.0,26.0,interior,27.1,,2026-04-03|25.0|26.0,0.0,0.0,6h_prior,26.0,26.858567204081044,1.4589407504434837,0.17675614854735405,weather_plus_market_training,0.03124273604929429,0.19450282638076793
2026-04-03,nan,Will the highest temperature in Hong Kong be 26°C on April 3?,interior,26.0,27.0,interior,27.1,,2026-04-03|26.0|27.0,0.0,0.0,6h_prior,26.0,26.858567204081044,1.4589407504434837,0.26051098200406786,weather_plus_market_training,0.06786597174472377,0.30179584752176697
2026-04-03,nan,Will the highest temperature in Hong Kong be 27°C on April 3?,interior,27.0,28.0,interior,27.1,,2026-04-03|27.0|28.0,1.0,1.0,6h_prior,26.0,26.858567204081044,1.4589407504434837,0.24438786969870863,weather_plus_market_training,0.5709496914584558,1.4089986859004613
2026-04-03,nan,Will the highest temperature in Hong Kong be 28°C on April 3?,interior,28.0,29.0,interior,27.1,,2026-04-03|28.0|29.0,0.0,0.0,6h_prior,26.0,26.858567204081044,1.4589407504434837,0.14591899414748422,weather_plus_market_training,0.021292352853013532,0.15772923506374437
2026-04-03,nan,Will the highest temperature in Hong Kong be 29°C or higher on April 3?,upper_tail,29.0,inf,upper_tail,27.1,,2026-04-03|29.0|inf,0.0,0.0,6h_prior,26.0,26.858567204081044,1.4589407504434837,0.0710793194897773,weather_plus_market_training,0.005052269659129836,0.07373192539562021
2026-04-03,nan,Will the highest temperature in Hong Kong be 19°C or below on April 3?,lower_tail,-inf,20.0,lower_tail,27.1,,2026-04-03|-inf|20.0,0.0,0.0,event_day_open,25.4,26.62264133350713,1.358375511032794,5.429058073195035e-07,weather_plus_market_training,2.9474671562124184e-13,5.429059546837233e-07
2026-04-03,nan,Will the highest temperature in Hong Kong be 20°C on April 3?,interior,20.0,21.0,interior,27.1,,2026-04-03|20.0|21.0,0.0,0.0,event_day_open,25.4,26.62264133350713,1.358375511032794,1.688005876290377e-05,weather_plus_market_training,2.849363838390844e-10,1.6880201232675533e-05
2026-04-03,nan,Will the highest temperature in Hong Kong be 21°C on April 3?,interior,21.0,22.0,interior,27.1,,2026-04-03|21.0|22.0,0.0,0.0,event_day_open,25.4,26.62264133350713,1.358375511032794,0.00031574811094104566,weather_plus_market_training,9.969686956283887e-08,0.0003157979698713384
2026-04-03,nan,Will the highest temperature in Hong Kong be 22°C on April 3?,interior,22.0,23.0,interior,27.1,,2026-04-03|22.0|23.0,0.0,0.0,event_day_open,25.4,26.62264133350713,1.358375511032794,0.0034946377553744267,weather_plus_market_training,1.2212493041288412e-05,0.00350075826536559
2026-04-03,nan,Will the highest temperature in Hong Kong be 23°C on April 3?,interior,23.0,24.0,interior,27.1,,2026-04-03|23.0|24.0,0.0,0.0,event_day_open,25.4,26.62264133350713,1.358375511032794,0.02293110055419957,weather_plus_market_training,0.0005258353726268119,0.023198107986979053
2026-04-03,nan,Will the highest temperature in Hong Kong be 24°C on April 3?,interior,24.0,25.0,interior,27.1,,2026-04-03|24.0|25.0,0.0,0.0,event_day_open,25.4,26.62264133350713,1.358375511032794,0.0893734203258649,weather_plus_market_training,0.007987608260743722,0.09362236731995405
2026-04-03,nan,Will the highest temperature in Hong Kong be 25°C on April 3?,interior,25.0,26.0,interior,27.1,,2026-04-03|25.0|26.0,0.0,0.0,event_day_open,25.4,26.62264133350713,1.358375511032794,0.20721026357760847,weather_plus_market_training,0.04293609333190197,0.23219724203604242
2026-04-03,nan,Will the highest temperature in Hong Kong be 26°C on April 3?,interior,26.0,27.0,interior,27.1,,2026-04-03|26.0|27.0,0.0,0.0,event_day_open,25.4,26.62264133350713,1.358375511032794,0.28607501200658303,weather_plus_market_training,0.08183891249456662,0.33697738099436775
2026-04-03,nan,Will the highest temperature in Hong Kong be 27°C on April 3?,interior,27.0,28.0,interior,27.1,,2026-04-03|27.0|28.0,1.0,1.0,event_day_open,25.4,26.62264133350713,1.358375511032794,0.23528502890345004,weather_plus_market_training,0.5847889870191972,1.4469576108427107
2026-04-03,nan,Will the highest temperature in Hong Kong be 28°C on April 3?,interior,28.0,29.0,interior,27.1,,2026-04-03|28.0|29.0,0.0,0.0,event_day_open,25.4,26.62264133350713,1.358375511032794,0.11525100697233404,weather_plus_market_training,0.01328279460813699,0.12245129790056777
2026-04-03,nan,Will the highest temperature in Hong Kong be 29°C or higher on April 3?,upper_tail,29.0,inf,upper_tail,27.1,,2026-04-03|29.0|inf,0.0,0.0,event_day_open,25.4,26.62264133350713,1.358375511032794,0.04004635882907426,weather_plus_market_training,0.0016037108554669737,0.040870286133228656
2026-04-04,nan,Will the highest temperature in Hong Kong be 19°C or below on April 4?,lower_tail,-inf,20.0,lower_tail,26.4,,2026-04-04|-inf|20.0,0.0,0.0,12h_prior,23.9,25.15608953079639,1.4319463770348104,0.0001586466118950111,weather_plus_market_training,2.5168747465766282e-08,0.00015865919759988926
2026-04-04,nan,Will the highest temperature in Hong Kong be 20°C on April 4?,interior,20.0,21.0,interior,26.4,,2026-04-04|20.0|21.0,0.0,0.0,12h_prior,23.9,25.15608953079639,1.4319463770348104,0.001692895688901513,weather_plus_market_training,2.865895813501328e-06,0.0016943302560852834
2026-04-04,nan,Will the highest temperature in Hong Kong be 21°C on April 4?,interior,21.0,22.0,interior,26.4,,2026-04-04|21.0|22.0,0.0,0.0,12h_prior,23.9,25.15608953079639,1.4319463770348104,0.011908672326219172,weather_plus_market_training,0.00014181647657325835,0.011980148589515554
2026-04-04,nan,Will the highest temperature in Hong Kong be 22°C on April 4?,interior,22.0,23.0,interior,26.4,,2026-04-04|22.0|23.0,0.0,0.0,12h_prior,23.9,25.15608953079639,1.4319463770348104,0.05231118152672096,weather_plus_market_training,0.002736459712721552,0.05372908116873413
2026-04-04,nan,Will the highest temperature in Hong Kong be 23°C on April 4?,interior,23.0,24.0,interior,26.4,,2026-04-04|23.0|24.0,0.0,0.0,12h_prior,23.9,25.15608953079639,1.4319463770348104,0.1436595031432965,weather_plus_market_training,0.02063805284337882,0.1550872052308175
2026-04-04,nan,Will the highest temperature in Hong Kong be 24°C on April 4?,interior,24.0,25.0,interior,26.4,,2026-04-04|24.0|25.0,0.0,0.0,12h_prior,23.9,25.15608953079639,1.4319463770348104,0.2468683031619719,weather_plus_market_training,0.06094395910607126,0.2835151702755601
2026-04-04,nan,Will the highest temperature in Hong Kong be 25°C on April 4?,interior,25.0,26.0,interior,26.4,,2026-04-04|25.0|26.0,0.0,0.0,12h_prior,23.9,25.15608953079639,1.4319463770348104,0.2655858731340562,weather_plus_market_training,0.07053585600837899,0.3086822039322916
2026-04-04,nan,Will the highest temperature in Hong Kong be 26°C on April 4?,interior,26.0,27.0,interior,26.4,,2026-04-04|26.0|27.0,1.0,1.0,12h_prior,23.9,25.15608953079639,1.4319463770348104,0.178888880978059,weather_plus_market_training,0.6742234697814642,1.7209904425618792
2026-04-04,nan,Will the highest temperature in Hong Kong be 27°C on April 4?,interior,27.0,28.0,interior,26.4,,2026-04-04|27.0|28.0,0.0,0.0,12h_prior,23.9,25.15608953079639,1.4319463770348104,0.07541190012378407,weather_plus_market_training,0.005686954680279584,0.07840693807517334
2026-04-04,nan,Will the highest temperature in Hong Kong be 28°C on April 4?,interior,28.0,29.0,interior,26.4,,2026-04-04|28.0|29.0,0.0,0.0,12h_prior,23.9,25.15608953079639,1.4319463770348104,0.019881089031174803,weather_plus_market_training,0.0003952577010654991,0.020081376955054554
2026-04-04,nan,Will the highest temperature in Hong Kong be 29°C or higher on April 4?,upper_tail,29.0,inf,upper_tail,26.4,,2026-04-04|29.0|inf,0.0,0.0,12h_prior,23.9,25.15608953079639,1.4319463770348104,0.0036330542739209104,weather_plus_market_training,1.3199083357254994e-05,0.003639669843609194
2026-04-04,nan,Will the highest temperature in Hong Kong be 19°C or below on April 4?,lower_tail,-inf,20.0,lower_tail,26.4,,2026-04-04|-inf|20.0,0.0,0.0,24h_prior,25.2,26.39237474092641,1.5567136575431724,2.010004682156982e-05,weather_plus_market_training,4.04011882229299e-10,2.010024883027307e-05
2026-04-04,nan,Will the highest temperature in Hong Kong be 20°C on April 4?,interior,20.0,21.0,interior,26.4,,2026-04-04|20.0|21.0,0.0,0.0,24h_prior,25.2,26.39237474092641,1.5567136575431724,0.00024605491970889975,weather_plus_market_training,6.05430235129531e-08,0.00024608519618716943
2026-04-04,nan,Will the highest temperature in Hong Kong be 21°C on April 4?,interior,21.0,22.0,interior,26.4,,2026-04-04|21.0|22.0,0.0,0.0,24h_prior,25.2,26.39237474092641,1.5567136575431724,0.0021233140511303416,weather_plus_market_training,4.508462559727542e-06,0.002125571478461013
2026-04-04,nan,Will the highest temperature in Hong Kong be 22°C on April 4?,interior,22.0,23.0,interior,26.4,,2026-04-04|22.0|23.0,0.0,0.0,24h_prior,25.2,26.39237474092641,1.5567136575431724,0.012269311486254816,weather_plus_market_training,0.00015053600434674434,0.012345200867591149
2026-04-04,nan,Will the highest temperature in Hong Kong be 23°C on April 4?,interior,23.0,24.0,interior,26.4,,2026-04-04|23.0|24.0,0.0,0.0,24h_prior,25.2,26.39237474092641,1.5567136575431724,0.04751101359827963,weather_plus_market_training,0.002257296413135912,0.048676734880970546
2026-04-04,nan,Will the highest temperature in Hong Kong be 24°C on April 4?,interior,24.0,25.0,interior,26.4,,2026-04-04|24.0|25.0,0.0,0.0,24h_prior,25.2,26.39237474092641,1.5567136575431724,0.12337556499920133,weather_plus_market_training,0.01522153003887215,0.13167661664168412
2026-04-04,nan,Will the highest temperature in Hong Kong be 25°C on April 4?,interior,25.0,26.0,interior,26.4,,2026-04-04|25.0|26.0,0.0,0.0,24h_prior,25.2,26.39237474092641,1.5567136575431724,0.2149545921453061,weather_plus_market_training,0.046205476684354894,0.2420137184717675
2026-04-04,nan,Will the highest temperature in Hong Kong be 26°C on April 4?,interior,26.0,27.0,interior,26.4,,2026-04-04|26.0|27.0,1.0,1.0,24h_prior,25.2,26.39237474092641,1.5567136575431724,0.2513521668092872,weather_plus_market_training,0.5604735781411494,1.3809002681952633
2026-04-04,nan,Will the highest temperature in Hong Kong be 27°C on April 4?,interior,27.0,28.0,interior,26.4,,2026-04-04|27.0|28.0,0.0,0.0,24h_prior,25.2,26.39237474092641,1.5567136575431724,0.19727678741971,weather_plus_market_training,0.03891813085464145,0.2197453161360419
2026-04-04,nan,Will the highest temperature in Hong Kong be 28°C on April 4?,interior,28.0,29.0,interior,26.4,,2026-04-04|28.0|29.0,0.0,0.0,24h_prior,25.2,26.39237474092641,1.5567136575431724,0.10391216312520224,weather_plus_market_training,0.01079773764535864,0.10971683858571447
2026-04-04,nan,Will the highest temperature in Hong Kong be 29°C or higher on April 4?,upper_tail,29.0,inf,upper_tail,26.4,,2026-04-04|29.0|inf,0.0,0.0,24h_prior,25.2,26.39237474092641,1.5567136575431724,0.0469589313990979,weather_plus_market_training,0.002205141238145183,0.04809728223662123
2026-04-04,nan,Will the highest temperature in Hong Kong be 19°C or below on April 4?,lower_tail,-inf,20.0,lower_tail,26.4,,2026-04-04|-inf|20.0,0.0,0.0,6h_prior,25.1,26.113824826069955,1.4470131457046649,1.1939917904773901e-05,weather_plus_market_training,1.425616395727404e-10,1.1939989186211255e-05
2026-04-04,nan,Will the highest temperature in Hong Kong be 20°C on April 4?,interior,20.0,21.0,interior,26.4,,2026-04-04|20.0|21.0,0.0,0.0,6h_prior,25.1,26.113824826069955,1.4470131457046649,0.0001926776183980582,weather_plus_market_training,3.7124664631547734e-08,0.0001926961831150538
2026-04-04,nan,Will the highest temperature in Hong Kong be 21°C on April 4?,interior,21.0,22.0,interior,26.4,,2026-04-04|21.0|22.0,0.0,0.0,6h_prior,25.1,26.113824826069955,1.4470131457046649,0.002030098533270761,weather_plus_market_training,4.121300054788095e-06,0.0020321619764330535
2026-04-04,nan,Will the highest temperature in Hong Kong be 22°C on April 4?,interior,22.0,23.0,interior,26.4,,2026-04-04|22.0|23.0,0.0,0.0,6h_prior,25.1,26.113824826069955,1.4470131457046649,0.013467974751074118,weather_plus_market_training,0.00018138634389556997,0.0135594905401348
2026-04-04,nan,Will the highest temperature in Hong Kong be 23°C on April 4?,interior,23.0,24.0,interior,26.4,,2026-04-04|23.0|24.0,0.0,0.0,6h_prior,25.1,26.113824826069955,1.4470131457046649,0.05632981904081677,weather_plus_market_training,0.0031730485131711635,0.05797855846278431
2026-04-04,nan,Will the highest temperature in Hong Kong be 24°C on April 4?,interior,24.0,25.0,interior,26.4,,2026-04-04|24.0|25.0,0.0,0.0,6h_prior,25.1,26.113824826069955,1.4470131457046649,0.14869436873029457,weather_plus_market_training,0.022110015292100802,0.16098407120773675
2026-04-04,nan,Will the highest temperature in Hong Kong be 25°C on April 4?,interior,25.0,26.0,interior,26.4,,2026-04-04|25.0|26.0,0.0,0.0,6h_prior,25.1,26.113824826069955,1.4470131457046649,0.2479238906342266,weather_plus_market_training,0.06146625554721195,0.2849177508906126
2026-04-04,nan,Will the highest temperature in Hong Kong be 26°C on April 4?,interior,26.0,27.0,interior,26.4,,2026-04-04|26.0|27.0,1.0,1.0,6h_prior,25.1,26.113824826069955,1.4470131457046649,0.2612182192153906,weather_plus_market_training,0.5457985196192785,1.342399132039252
2026-04-04,nan,Will the highest temperature in Hong Kong be 27°C on April 4?,interior,27.0,28.0,interior,26.4,,2026-04-04|27.0|28.0,0.0,0.0,6h_prior,25.1,26.113824826069955,1.4470131457046649,0.1739281916161537,weather_plus_market_training,0.030251015838865476,0.19107357415039256
2026-04-04,nan,Will the highest temperature in Hong Kong be 28°C on April 4?,interior,28.0,29.0,interior,26.4,,2026-04-04|28.0|29.0,0.0,0.0,6h_prior,25.1,26.113824826069955,1.4470131457046649,0.07315815329633657,weather_plus_market_training,0.005352115393730281,0.07597233562658691
2026-04-04,nan,Will the highest temperature in Hong Kong be 29°C or higher on April 4?,upper_tail,29.0,inf,upper_tail,26.4,,2026-04-04|29.0|inf,0.0,0.0,6h_prior,25.1,26.113824826069955,1.4470131457046649,0.02304466664613347,weather_plus_market_training,0.0005310566608314165,0.023314346148364667
2026-04-04,nan,Will the highest temperature in Hong Kong be 19°C or below on April 4?,lower_tail,-inf,20.0,lower_tail,26.4,,2026-04-04|-inf|20.0,0.0,0.0,event_day_open,23.2,24.76127691570703,1.3287875762949084,0.00016972225270070257,weather_plus_market_training,2.880564306180114e-08,0.00016973665715212374
2026-04-04,nan,Will the highest temperature in Hong Kong be 20°C on April 4?,interior,20.0,21.0,interior,26.4,,2026-04-04|20.0|21.0,0.0,0.0,event_day_open,23.2,24.76127691570703,1.3287875762949084,0.002153257958367599,weather_plus_market_training,4.6365198352734e-06,0.002155579551543279
2026-04-04,nan,Will the highest temperature in Hong Kong be 21°C on April 4?,interior,21.0,22.0,interior,26.4,,2026-04-04|21.0|22.0,0.0,0.0,event_day_open,23.2,24.76127691570703,1.3287875762949084,0.01652974712828834,weather_plus_market_training,0.0002732325401251566,0.016667887800878998
2026-04-04,nan,Will the highest temperature in Hong Kong be 22°C on April 4?,interior,22.0,23.0,interior,26.4,,2026-04-04|22.0|23.0,0.0,0.0,event_day_open,23.2,24.76127691570703,1.3287875762949084,0.07365382584802041,weather_plus_market_training,0.0054248860620505195,0.07650727601895481
2026-04-04,nan,Will the highest temperature in Hong Kong be 23°C on April 4?,interior,23.0,24.0,interior,26.4,,2026-04-04|23.0|24.0,0.0,0.0,event_day_open,23.2,24.76127691570703,1.3287875762949084,0.19084595128019716,weather_plus_market_training,0.036422177120043385,0.2117659613614862
2026-04-04,nan,Will the highest temperature in Hong Kong be 24°C on April 4?,interior,24.0,25.0,interior,26.4,,2026-04-04|24.0|25.0,0.0,0.0,event_day_open,23.2,24.76127691570703,1.3287875762949084,0.2879357106850433,weather_plus_market_training,0.08290697348770097,0.3395870776647367
2026-04-04,nan,Will the highest temperature in Hong Kong be 25°C on April 4?,interior,25.0,26.0,interior,26.4,,2026-04-04|25.0|26.0,0.0,0.0,event_day_open,23.2,24.76127691570703,1.3287875762949084,0.25310050598708966,weather_plus_market_training,0.06405986613092081,0.29182464906892336
2026-04-04,nan,Will the highest temperature in Hong Kong be 26°C on April 4?,interior,26.0,27.0,interior,26.4,,2026-04-04|26.0|27.0,1.0,1.0,event_day_open,23.2,24.76127691570703,1.3287875762949084,0.1295963728904873,weather_plus_market_training,0.7576024740853956,2.0433304824117213
2026-04-04,nan,Will the highest temperature in Hong Kong be 27°C on April 4?,interior,27.0,28.0,interior,26.4,,2026-04-04|27.0|28.0,0.0,0.0,event_day_open,23.2,24.76127691570703,1.3287875762949084,0.03861727174267482,weather_plus_market_training,0.001491293676847591,0.03938268888302338
2026-04-04,nan,Will the highest temperature in Hong Kong be 28°C on April 4?,interior,28.0,29.0,interior,26.4,,2026-04-04|28.0|29.0,0.0,0.0,event_day_open,23.2,24.76127691570703,1.3287875762949084,0.006686067790495742,weather_plus_market_training,4.470350249910462e-05,0.006708519674249406
2026-04-04,nan,Will the highest temperature in Hong Kong be 29°C or higher on April 4?,upper_tail,29.0,inf,upper_tail,26.4,,2026-04-04|29.0|inf,0.0,0.0,event_day_open,23.2,24.76127691570703,1.3287875762949084,0.0007115664366349472,weather_plus_market_training,5.063267937453564e-07,0.0007118197201909989
2026-04-05,nan,Will the highest temperature in Hong Kong be 19°C or below on April 5?,lower_tail,-inf,20.0,lower_tail,25.7,,2026-04-05|-inf|20.0,0.0,0.0,12h_prior,24.0,25.251552542609783,1.4389432484787212,0.00013132972523176195,weather_plus_market_training,1.724749672945009e-08,0.0001313383497352523
2026-04-05,nan,Will the highest temperature in Hong Kong be 20°C on April 5?,interior,20.0,21.0,interior,25.7,,2026-04-05|20.0|21.0,0.0,0.0,12h_prior,24.0,25.251552542609783,1.4389432484787212,0.0014338644711583352,weather_plus_market_training,2.055967321650172e-06,0.0014348934385366293
2026-04-05,nan,Will the highest temperature in Hong Kong be 21°C on April 5?,interior,21.0,22.0,interior,25.7,,2026-04-05|21.0|22.0,0.0,0.0,12h_prior,24.0,25.251552542609783,1.4389432484787212,0.01035533777710336,weather_plus_market_training,0.00010723302047790395,0.010409327330810887
2026-04-05,nan,Will the highest temperature in Hong Kong be 22°C on April 5?,interior,22.0,23.0,interior,25.7,,2026-04-05|22.0|23.0,0.0,0.0,12h_prior,24.0,25.251552542609783,1.4389432484787212,0.046903001438137526,weather_plus_market_training,0.002199891543905931,0.04803859817596483
2026-04-05,nan,Will the highest temperature in Hong Kong be 23°C on April 5?,interior,23.0,24.0,interior,25.7,,2026-04-05|23.0|24.0,0.0,0.0,12h_prior,24.0,25.251552542609783,1.4389432484787212,0.13338897545689482,weather_plus_market_training,0.01779261877344009,0.14316504815200218
2026-04-05,nan,Will the highest temperature in Hong Kong be 24°C on April 5?,interior,24.0,25.0,interior,25.7,,2026-04-05|24.0|25.0,0.0,0.0,12h_prior,24.0,25.251552542609783,1.4389432484787212,0.23839898748026306,weather_plus_market_training,0.05683407723161462,0.27233246604192485
2026-04-05,nan,Will the highest temperature in Hong Kong be 25°C on April 5?,interior,25.0,26.0,interior,25.7,,2026-04-05|25.0|26.0,1.0,1.0,12h_prior,24.0,25.251552542609783,1.4389432484787212,0.2679044174249125,weather_plus_market_training,0.5359639420259567,1.317125013486097
2026-04-05,nan,Will the highest temperature in Hong Kong be 26°C on April 5?,interior,26.0,27.0,interior,25.7,,2026-04-05|26.0|27.0,0.0,0.0,12h_prior,24.0,25.251552542609783,1.4389432484787212,0.18931845516126267,weather_plus_market_training,0.035841477464647026,0.20987997172429265
2026-04-05,nan,Will the highest temperature in Hong Kong be 27°C on April 5?,interior,27.0,28.0,interior,25.7,,2026-04-05|27.0|28.0,0.0,0.0,12h_prior,24.0,25.251552542609783,1.4389432484787212,0.08410197050053803,weather_plus_market_training,0.007073141442073368,0.08785024201184323
2026-04-05,nan,Will the highest temperature in Hong Kong be 28°C on April 5?,interior,28.0,29.0,interior,25.7,,2026-04-05|28.0|29.0,0.0,0.0,12h_prior,24.0,25.251552542609783,1.4389432484787212,0.023469950316574062,weather_plus_market_training,0.0005508385678624549,0.02374975629358746
2026-04-05,nan,Will the highest temperature in Hong Kong be 29°C or higher on April 5?,upper_tail,29.0,inf,upper_tail,25.7,,2026-04-05|29.0|inf,0.0,0.0,12h_prior,24.0,25.251552542609783,1.4389432484787212,0.004593710247923877,weather_plus_market_training,2.1102173841880844e-05,0.004604293759005019
2026-04-05,nan,Will the highest temperature in Hong Kong be 19°C or below on April 5?,lower_tail,-inf,20.0,lower_tail,25.7,,2026-04-05|-inf|20.0,0.0,0.0,24h_prior,24.4,25.662841064495154,1.5535367877327748,0.00013362916670578635,weather_plus_market_training,1.7856754194482838e-08,0.00013363809587835565
2026-04-05,nan,Will the highest temperature in Hong Kong be 20°C on April 5?,interior,20.0,21.0,interior,25.7,,2026-04-05|20.0|21.0,0.0,0.0,24h_prior,24.4,25.662841064495154,1.5535367877327748,0.0012099189257380513,weather_plus_market_training,1.46390380685912e-06,0.0012106514685794165
2026-04-05,nan,Will the highest temperature in Hong Kong be 21°C on April 5?,interior,21.0,22.0,interior,25.7,,2026-04-05|21.0|22.0,0.0,0.0,24h_prior,24.4,25.662841064495154,1.5535367877327748,0.007849651274109781,weather_plus_market_training,6.16170251251333e-05,0.007880621965889763
2026-04-05,nan,Will the highest temperature in Hong Kong be 22°C on April 5?,interior,22.0,23.0,interior,25.7,,2026-04-05|22.0|23.0,0.0,0.0,24h_prior,24.4,25.662841064495154,1.5535367877327748,0.03406649354295815,weather_plus_market_training,0.001160525982312409,0.03466028103418211
2026-04-05,nan,Will the highest temperature in Hong Kong be 23°C on April 5?,interior,23.0,24.0,interior,25.7,,2026-04-05|23.0|24.0,0.0,0.0,24h_prior,24.4,25.662841064495154,1.5535367877327748,0.09896932788045071,weather_plus_market_training,0.009794927861108157,0.10421597964517947
2026-04-05,nan,Will the highest temperature in Hong Kong be 24°C on April 5?,interior,24.0,25.0,interior,25.7,,2026-04-05|24.0|25.0,0.0,0.0,24h_prior,24.4,25.662841064495154,1.5535367877327748,0.19258234989764933,weather_plus_market_training,0.037087961492100634,0.21391421038317007
2026-04-05,nan,Will the highest temperature in Hong Kong be 25°C on April 5?,interior,25.0,26.0,interior,25.7,,2026-04-05|25.0|26.0,1.0,1.0,24h_prior,24.4,25.662841064495154,1.5535367877327748,0.25109485397211917,weather_plus_market_training,0.5608589177470416,1.3819245069667967
2026-04-05,nan,Will the highest temperature in Hong Kong be 26°C on April 5?,interior,26.0,27.0,interior,25.7,,2026-04-05|26.0|27.0,0.0,0.0,24h_prior,24.4,25.662841064495154,1.5535367877327748,0.21939741643176303,weather_plus_market_training,0.04813522633693244,0.24768911452006834
2026-04-05,nan,Will the highest temperature in Hong Kong be 27°C on April 5?,interior,27.0,28.0,interior,25.7,,2026-04-05|27.0|28.0,0.0,0.0,24h_prior,24.4,25.662841064495154,1.5535367877327748,0.12845866342237233,weather_plus_market_training,0.01650162820826234,0.1374919836177813
2026-04-05,nan,Will the highest temperature in Hong Kong be 28°C on April 5?,interior,28.0,29.0,interior,25.7,,2026-04-05|28.0|29.0,0.0,0.0,24h_prior,24.4,25.662841064495154,1.5535367877327748,0.05038495710120117,weather_plus_market_training,0.0025386439020898817,0.05169859451181509
2026-04-05,nan,Will the highest temperature in Hong Kong be 29°C or higher on April 5?,upper_tail,29.0,inf,upper_tail,25.7,,2026-04-05|29.0|inf,0.0,0.0,24h_prior,24.4,25.662841064495154,1.5535367877327748,0.015852738384932508,weather_plus_market_training,0.00025130931430111255,0.015979737014369066
2026-04-05,nan,Will the highest temperature in Hong Kong be 19°C or below on April 5?,lower_tail,-inf,20.0,lower_tail,25.7,,2026-04-05|-inf|20.0,0.0,0.0,6h_prior,24.2,25.434453020990688,1.4387991265447375,7.934030033564325e-05,weather_plus_market_training,6.294883257350072e-09,7.934344794374644e-05
2026-04-05,nan,Will the highest temperature in Hong Kong be 20°C on April 5?,interior,20.0,21.0,interior,25.7,,2026-04-05|20.0|21.0,0.0,0.0,6h_prior,24.2,25.434453020990688,1.4387991265447375,0.0009485559983639575,weather_plus_market_training,8.997584820322441e-07,0.0009490061622979608
2026-04-05,nan,Will the highest temperature in Hong Kong be 21°C on April 5?,interior,21.0,22.0,interior,25.7,,2026-04-05|21.0|22.0,0.0,0.0,6h_prior,24.2,25.434453020990688,1.4387991265447375,0.0074647150274506505,weather_plus_market_training,5.5721970441047566e-05,0.007492715443113516
2026-04-05,nan,Will the highest temperature in Hong Kong be 22°C on April 5?,interior,22.0,23.0,interior,25.7,,2026-04-05|22.0|23.0,0.0,0.0,6h_prior,24.2,25.434453020990688,1.4387991265447375,0.036830050891043,weather_plus_market_training,0.0013564526486368172,0.037525403929066975
2026-04-05,nan,Will the highest temperature in Hong Kong be 23°C on April 5?,interior,23.0,24.0,interior,25.7,,2026-04-05|23.0|24.0,0.0,0.0,6h_prior,24.2,25.434453020990688,1.4387991265447375,0.1140646039808432,weather_plus_market_training,0.01301073388130659,0.12111124749252379
2026-04-05,nan,Will the highest temperature in Hong Kong be 24°C on April 5?,interior,24.0,25.0,interior,25.7,,2026-04-05|24.0|25.0,0.0,0.0,6h_prior,24.2,25.434453020990688,1.4387991265447375,0.22195580340753968,weather_plus_market_training,0.0492643786662864,0.25097194845779597
2026-04-05,nan,Will the highest temperature in Hong Kong be 25°C on April 5?,interior,25.0,26.0,interior,25.7,,2026-04-05|25.0|26.0,1.0,1.0,6h_prior,24.2,25.434453020990688,1.4387991265447375,0.2715225795413166,weather_plus_market_training,0.5306793521181375,1.3037099771682032
2026-04-05,nan,Will the highest temperature in Hong Kong be 26°C on April 5?,interior,26.0,27.0,interior,25.7,,2026-04-05|26.0|27.0,0.0,0.0,6h_prior,24.2,25.434453020990688,1.4387991265447375,0.20885728123364844,weather_plus_market_training,0.04362136392431132,0.234276899213662
2026-04-05,nan,Will the highest temperature in Hong Kong be 27°C on April 5?,interior,27.0,28.0,interior,25.7,,2026-04-05|27.0|28.0,0.0,0.0,6h_prior,24.2,25.434453020990688,1.4387991265447375,0.10099342829461333,weather_plus_market_training,0.010199672558699205,0.1064649345201195
2026-04-05,nan,Will the highest temperature in Hong Kong be 28°C on April 5?,interior,28.0,29.0,interior,25.7,,2026-04-05|28.0|29.0,0.0,0.0,6h_prior,24.2,25.434453020990688,1.4387991265447375,0.03068019256700194,weather_plus_market_training,0.0009412742159483212,0.03116068291159445
2026-04-05,nan,Will the highest temperature in Hong Kong be 29°C or higher on April 5?,upper_tail,29.0,inf,upper_tail,25.7,,2026-04-05|29.0|inf,0.0,0.0,6h_prior,24.2,25.434453020990688,1.4387991265447375,0.006603448757843577,weather_plus_market_training,4.360553549746589e-05,0.006625347985784511
2026-04-05,nan,Will the highest temperature in Hong Kong be 19°C or below on April 5?,lower_tail,-inf,20.0,lower_tail,25.7,,2026-04-05|-inf|20.0,0.0,0.0,event_day_open,24.5,25.839858978915657,1.351544218165577,7.77044535663291e-06,weather_plus_market_training,6.037982104041795e-11,7.770475546669898e-06
2026-04-05,nan,Will the highest temperature in Hong Kong be 20°C on April 5?,interior,20.0,21.0,interior,25.7,,2026-04-05|20.0|21.0,0.0,0.0,event_day_open,24.5,25.839858978915657,1.351544218165577,0.00016338049608883757,weather_plus_market_training,2.669318650223467e-08,0.00016339384413602758
2026-04-05,nan,Will the highest temperature in Hong Kong be 21°C on April 5?,interior,21.0,22.0,interior,25.7,,2026-04-05|21.0|22.0,0.0,0.0,event_day_open,24.5,25.839858978915657,1.351544218165577,0.0020768290374127184,weather_plus_market_training,4.313218850640638e-06,0.002078988637436096
2026-04-05,nan,Will the highest temperature in Hong Kong be 22°C on April 5?,interior,22.0,23.0,interior,25.7,,2026-04-05|22.0|23.0,0.0,0.0,event_day_open,24.5,25.839858978915657,1.351544218165577,0.015563912807262055,weather_plus_market_training,0.00024223538187205583,0.015686302062866767
2026-04-05,nan,Will the highest temperature in Hong Kong be 23°C on April 5?,interior,23.0,24.0,interior,25.7,,2026-04-05|23.0|24.0,0.0,0.0,event_day_open,24.5,25.839858978915657,1.351544218165577,0.06889734430514768,weather_plus_market_training,0.004746844052302066,0.07138574387944223
2026-04-05,nan,Will the highest temperature in Hong Kong be 24°C on April 5?,interior,24.0,25.0,interior,25.7,,2026-04-05|24.0|25.0,0.0,0.0,event_day_open,24.5,25.839858978915657,1.351544218165577,0.18045671102884808,weather_plus_market_training,0.032564624555349184,0.19900805855560263
2026-04-05,nan,Will the highest temperature in Hong Kong be 25°C on April 5?,interior,25.0,26.0,interior,25.7,,2026-04-05|25.0|26.0,1.0,1.0,event_day_open,24.5,25.839858978915657,1.351544218165577,0.279993330612934,weather_plus_market_training,0.5184096039618556,1.2729894953360914
2026-04-05,nan,Will the highest temperature in Hong Kong be 26°C on April 5?,interior,26.0,27.0,interior,25.7,,2026-04-05|26.0|27.0,0.0,0.0,event_day_open,24.5,25.839858978915657,1.351544218165577,0.25749989700188924,weather_plus_market_training,0.06630619695598357,0.2977322695872977
2026-04-05,nan,Will the highest temperature in Hong Kong be 27°C on April 5?,interior,27.0,28.0,interior,25.7,,2026-04-05|27.0|28.0,0.0,0.0,event_day_open,24.5,25.839858978915657,1.351544218165577,0.1403500686654271,weather_plus_market_training,0.0196981417743901,0.15123002919231165
2026-04-05,nan,Will the highest temperature in Hong Kong be 28°C on April 5?,interior,28.0,29.0,interior,25.7,,2026-04-05|28.0|29.0,0.0,0.0,event_day_open,24.5,25.839858978915657,1.351544218165577,0.04530155686246473,weather_plus_market_training,0.0020522310541631252,0.046359754714228055
2026-04-05,nan,Will the highest temperature in Hong Kong be 29°C or higher on April 5?,upper_tail,29.0,inf,upper_tail,25.7,,2026-04-05|29.0|inf,0.0,0.0,event_day_open,24.5,25.839858978915657,1.351544218165577,0.009689198737168891,weather_plus_market_training,9.388057216835525e-05,0.009736444453035622
2026-04-06,nan,Will the highest temperature in Hong Kong be 20°C or below on April 6?,lower_tail,-inf,21.0,lower_tail,28.1,,2026-04-06|-inf|21.0,0.0,0.0,12h_prior,26.2,27.1019938616152,1.4791611273511525,1.8512021660356073e-05,weather_plus_market_training,3.426949459534924e-10,1.8512193009953917e-05
2026-04-06,nan,Will the highest temperature in Hong Kong be 21°C on April 6?,interior,21.0,22.0,interior,28.1,,2026-04-06|21.0|22.0,0.0,0.0,12h_prior,26.2,27.1019938616152,1.4791611273511525,0.0002625628442014011,weather_plus_market_training,6.893924715512923e-08,0.00026259731985984694
2026-04-06,nan,Will the highest temperature in Hong Kong be 22°C on April 6?,interior,22.0,23.0,interior,28.1,,2026-04-06|22.0|23.0,0.0,0.0,12h_prior,26.2,27.1019938616152,1.4791611273511525,0.0024944158282573054,weather_plus_market_training,6.222110324260579e-06,0.002497532066627576
2026-04-06,nan,Will the highest temperature in Hong Kong be 23°C on April 6?,interior,23.0,24.0,interior,28.1,,2026-04-06|23.0|24.0,0.0,0.0,12h_prior,26.2,27.1019938616152,1.4791611273511525,0.015215523243251615,weather_plus_market_training,0.00023151214756593014,0.015332467074523341
2026-04-06,nan,Will the highest temperature in Hong Kong be 24°C on April 6?,interior,24.0,25.0,interior,28.1,,2026-04-06|24.0|25.0,0.0,0.0,12h_prior,26.2,27.1019938616152,1.4791611273511525,0.05965695953156662,weather_plus_market_training,0.003558952820550977,0.06151053362273113
2026-04-06,nan,Will the highest temperature in Hong Kong be 25°C on April 6?,interior,25.0,26.0,interior,28.1,,2026-04-06|25.0|26.0,0.0,0.0,12h_prior,26.2,27.1019938616152,1.4791611273511525,0.15048404028856188,weather_plus_market_training,0.022645446381569515,0.16308855086423982
2026-04-06,nan,Will the highest temperature in Hong Kong be 26°C on April 6?,interior,26.0,27.0,interior,28.1,,2026-04-06|26.0|27.0,0.0,0.0,12h_prior,26.2,27.1019938616152,1.4791611273511525,0.24438116151857353,weather_plus_market_training,0.059722152105167126,0.28021821184791185
2026-04-06,nan,Will the highest temperature in Hong Kong be 27°C on April 6?,interior,27.0,28.0,interior,28.1,,2026-04-06|27.0|28.0,0.0,0.0,12h_prior,26.2,27.1019938616152,1.4791611273511525,0.2555962136009624,weather_plus_market_training,0.0653294244071488,0.29517166771564285
2026-04-06,nan,Will the highest temperature in Hong Kong be 28°C on April 6?,interior,28.0,29.0,interior,28.1,,2026-04-06|28.0|29.0,1.0,1.0,12h_prior,26.2,27.1019938616152,1.4791611273511525,0.1721732782026144,weather_plus_market_training,0.685297081321806,1.7592538778765958
2026-04-06,nan,Will the highest temperature in Hong Kong be 29°C on April 6?,interior,29.0,30.0,interior,28.1,,2026-04-06|29.0|30.0,0.0,0.0,12h_prior,26.2,27.1019938616152,1.4791611273511525,0.07467398020365379,weather_plus_market_training,0.005576203319455678,0.07760914973308605
2026-04-06,nan,Will the highest temperature in Hong Kong be 30°C or higher on April 6?,upper_tail,30.0,inf,upper_tail,28.1,,2026-04-06|30.0|inf,0.0,0.0,12h_prior,26.2,27.1019938616152,1.4791611273511525,0.025043352716696665,weather_plus_market_training,0.0006271695152928783,0.025362273297674362
2026-04-06,nan,Will the highest temperature in Hong Kong be 20°C or below on April 6?,lower_tail,-inf,21.0,lower_tail,28.1,,2026-04-06|-inf|21.0,0.0,0.0,24h_prior,26.5,27.74263792900912,1.5672889869676412,8.459248959028877e-06,weather_plus_market_training,7.155889295083113e-11,8.459284738629013e-06
2026-04-06,nan,Will the highest temperature in Hong Kong be 21°C on April 6?,interior,21.0,22.0,interior,28.1,,2026-04-06|21.0|22.0,0.0,0.0,24h_prior,26.5,27.74263792900912,1.5672889869676412,0.0001156659615975693,weather_plus_market_training,1.3378614672290376e-08,0.00011567265142081956
2026-04-06,nan,Will the highest temperature in Hong Kong be 22°C on April 6?,interior,22.0,23.0,interior,28.1,,2026-04-06|22.0|23.0,0.0,0.0,24h_prior,26.5,27.74263792900912,1.5672889869676412,0.0011148802088031128,weather_plus_market_training,1.2429578799808724e-06,0.0011155021500460778
2026-04-06,nan,Will the highest temperature in Hong Kong be 23°C on April 6?,interior,23.0,24.0,interior,28.1,,2026-04-06|23.0|24.0,0.0,0.0,24h_prior,26.5,27.74263792900912,1.5672889869676412,0.007231873872349416,weather_plus_market_training,5.229999970557013e-05,0.007258150635672125
2026-04-06,nan,Will the highest temperature in Hong Kong be 24°C on April 6?,interior,24.0,25.0,interior,28.1,,2026-04-06|24.0|25.0,0.0,0.0,24h_prior,26.5,27.74263792900912,1.5672889869676412,0.03159476264282468,weather_plus_market_training,0.00099822902645643,0.0321046456747259
2026-04-06,nan,Will the highest temperature in Hong Kong be 25°C on April 6?,interior,25.0,26.0,interior,28.1,,2026-04-06|25.0|26.0,0.0,0.0,24h_prior,26.5,27.74263792900912,1.5672889869676412,0.0930291433545929,weather_plus_market_training,0.008654421513289398,0.09764496097594656
2026-04-06,nan,Will the highest temperature in Hong Kong be 26°C on April 6?,interior,26.0,27.0,interior,28.1,,2026-04-06|26.0|27.0,0.0,0.0,24h_prior,26.5,27.74263792900912,1.5672889869676412,0.18471364855351058,weather_plus_market_training,0.03411913196194982,0.20421587598266217
2026-04-06,nan,Will the highest temperature in Hong Kong be 27°C on April 6?,interior,27.0,28.0,interior,28.1,,2026-04-06|27.0|28.0,0.0,0.0,24h_prior,26.5,27.74263792900912,1.5672889869676412,0.24740803543123308,weather_plus_market_training,0.06121073599594228,0.2842320777748732
2026-04-06,nan,Will the highest temperature in Hong Kong be 28°C on April 6?,interior,28.0,29.0,interior,28.1,,2026-04-06|28.0|29.0,1.0,1.0,24h_prior,26.5,27.74263792900912,1.5672889869676412,0.2235801781077531,weather_plus_market_training,0.6028277398271884,1.497985190522719
2026-04-06,nan,Will the highest temperature in Hong Kong be 29°C on April 6?,interior,29.0,30.0,interior,28.1,,2026-04-06|29.0|30.0,0.0,0.0,24h_prior,26.5,27.74263792900912,1.5672889869676412,0.13631169785124098,weather_plus_market_training,0.018580878971088014,0.1465433366700304
2026-04-06,nan,Will the highest temperature in Hong Kong be 30°C or higher on April 6?,upper_tail,30.0,inf,upper_tail,28.1,,2026-04-06|30.0|inf,0.0,0.0,24h_prior,26.5,27.74263792900912,1.5672889869676412,0.07489165476713555,weather_plus_market_training,0.005608759953759817,0.07784441834741745
2026-04-06,nan,Will the highest temperature in Hong Kong be 20°C or below on April 6?,lower_tail,-inf,21.0,lower_tail,28.1,,2026-04-06|-inf|21.0,0.0,0.0,6h_prior,26.2,27.118699918932077,1.4747429076512466,1.6696956193880078e-05,weather_plus_market_training,2.787883461403503e-10,1.669709558960929e-05
2026-04-06,nan,Will the highest temperature in Hong Kong be 21°C on April 6?,interior,21.0,22.0,interior,28.1,,2026-04-06|21.0|22.0,0.0,0.0,6h_prior,26.2,27.118699918932077,1.4747429076512466,0.00024265194389562193,weather_plus_market_training,5.8879965876324055e-08,0.00024268138864186206
2026-04-06,nan,Will the highest temperature in Hong Kong be 22°C on April 6?,interior,22.0,23.0,interior,28.1,,2026-04-06|22.0|23.0,0.0,0.0,6h_prior,26.2,27.118699918932077,1.4747429076512466,0.002353142836724665,weather_plus_market_training,5.537281210028604e-06,0.002355915828347435
2026-04-06,nan,Will the highest temperature in Hong Kong be 23°C on April 6?,interior,23.0,24.0,interior,28.1,,2026-04-06|23.0|24.0,0.0,0.0,6h_prior,26.2,27.118699918932077,1.4747429076512466,0.014613504059176146,weather_plus_market_training,0.0002135545008875577,0.014721333105791457
2026-04-06,nan,Will the highest temperature in Hong Kong be 24°C on April 6?,interior,24.0,25.0,interior,28.1,,2026-04-06|24.0|25.0,0.0,0.0,6h_prior,26.2,27.118699918932077,1.4747429076512466,0.058181724568256904,weather_plus_market_training,0.003385113073736509,0.059942936570400035
2026-04-06,nan,Will the highest temperature in Hong Kong be 25°C on April 6?,interior,25.0,26.0,interior,28.1,,2026-04-06|25.0|26.0,0.0,0.0,6h_prior,26.2,27.118699918932077,1.4747429076512466,0.14864634142528033,weather_plus_market_training,0.02209573481912101,0.16092765674441636
2026-04-06,nan,Will the highest temperature in Hong Kong be 26°C on April 6?,interior,26.0,27.0,interior,28.1,,2026-04-06|26.0|27.0,0.0,0.0,6h_prior,26.2,27.118699918932077,1.4747429076512466,0.24387028926194804,weather_plus_market_training,0.05947271798470621,0.27954234246958626
2026-04-06,nan,Will the highest temperature in Hong Kong be 27°C on April 6?,interior,27.0,28.0,interior,28.1,,2026-04-06|27.0|28.0,0.0,0.0,6h_prior,26.2,27.118699918932077,1.4747429076512466,0.25702079567231084,weather_plus_market_training,0.06605968940802776,0.2970872234478761
2026-04-06,nan,Will the highest temperature in Hong Kong be 28°C on April 6?,interior,28.0,29.0,interior,28.1,,2026-04-06|28.0|29.0,1.0,1.0,6h_prior,26.2,27.118699918932077,1.4747429076512466,0.17402052843980065,weather_plus_market_training,0.6822420874388662,1.7485820071875624
2026-04-06,nan,Will the highest temperature in Hong Kong be 29°C on April 6?,interior,29.0,30.0,interior,28.1,,2026-04-06|29.0|30.0,0.0,0.0,6h_prior,26.2,27.118699918932077,1.4747429076512466,0.07566977726888136,weather_plus_market_training,0.0057259151919221134,0.0786858872787334
2026-04-06,nan,Will the highest temperature in Hong Kong be 30°C or higher on April 6?,upper_tail,30.0,inf,upper_tail,28.1,,2026-04-06|30.0|inf,0.0,0.0,6h_prior,26.2,27.118699918932077,1.4747429076512466,0.025364547567531592,weather_plus_market_training,0.0006433602733055728,0.025691772841489463
2026-04-06,nan,Will the highest temperature in Hong Kong be 20°C or below on April 6?,lower_tail,-inf,21.0,lower_tail,28.1,,2026-04-06|-inf|21.0,0.0,0.0,event_day_open,26.6,27.834015922154293,1.3903871725630927,4.434839442677972e-07,weather_plus_market_training,1.9667800882332265e-13,4.4348404257369065e-07
2026-04-06,nan,Will the highest temperature in Hong Kong be 21°C on April 6?,interior,21.0,22.0,interior,28.1,,2026-04-06|21.0|22.0,0.0,0.0,event_day_open,26.6,27.834015922154293,1.3903871725630927,1.3142126011199365e-05,weather_plus_market_training,1.7271547609424293e-10,1.314221236971767e-05
2026-04-06,nan,Will the highest temperature in Hong Kong be 22°C on April 6?,interior,22.0,23.0,interior,28.1,,2026-04-06|22.0|23.0,0.0,0.0,event_day_open,26.6,27.834015922154293,1.3903871725630927,0.00024018842999477626,weather_plus_market_training,5.7690481903355536e-08,0.00024021727985538253
2026-04-06,nan,Will the highest temperature in Hong Kong be 23°C on April 6?,interior,23.0,24.0,interior,28.1,,2026-04-06|23.0|24.0,0.0,0.0,event_day_open,26.6,27.834015922154293,1.3903871725630927,0.002658337394494851,weather_plus_market_training,7.066757702969673e-06,0.0026618770477997837
2026-04-06,nan,Will the highest temperature in Hong Kong be 24°C on April 6?,interior,24.0,25.0,interior,28.1,,2026-04-06|24.0|25.0,0.0,0.0,event_day_open,26.6,27.834015922154293,1.3903871725630927,0.017848226977109194,weather_plus_market_training,0.0003185592062264084,0.01800942755693962
2026-04-06,nan,Will the highest temperature in Hong Kong be 25°C on April 6?,interior,25.0,26.0,interior,28.1,,2026-04-06|25.0|26.0,0.0,0.0,event_day_open,26.6,27.834015922154293,1.3903871725630927,0.07281276805129622,weather_plus_market_training,0.005301699191291863,0.07559975759853702
2026-04-06,nan,Will the highest temperature in Hong Kong be 26°C on April 6?,interior,26.0,27.0,interior,28.1,,2026-04-06|26.0|27.0,0.0,0.0,event_day_open,26.6,27.834015922154293,1.3903871725630927,0.18073187235744959,weather_plus_market_training,0.03266400968582945,0.19934386452863617
2026-04-06,nan,Will the highest temperature in Hong Kong be 27°C on April 6?,interior,27.0,28.0,interior,28.1,,2026-04-06|27.0|28.0,0.0,0.0,event_day_open,26.6,27.834015922154293,1.3903871725630927,0.27320777068421026,weather_plus_market_training,0.07464248596223602,0.3191146341576322
2026-04-06,nan,Will the highest temperature in Hong Kong be 28°C on April 6?,interior,28.0,29.0,interior,28.1,,2026-04-06|28.0|29.0,1.0,1.0,event_day_open,26.6,27.834015922154293,1.3903871725630927,0.2516414342165926,weather_plus_market_training,0.5600405429813985,1.3797500848187543
2026-04-06,nan,Will the highest temperature in Hong Kong be 29°C on April 6?,interior,29.0,30.0,interior,28.1,,2026-04-06|29.0|30.0,0.0,0.0,event_day_open,26.6,27.834015922154293,1.3903871725630927,0.14120880378222433,weather_plus_market_training,0.019939926265606735,0.15222946429021436
2026-04-06,nan,Will the highest temperature in Hong Kong be 30°C or higher on April 6?,upper_tail,30.0,inf,upper_tail,28.1,,2026-04-06|30.0|inf,0.0,0.0,event_day_open,26.6,27.834015922154293,1.3903871725630927,0.05963701249667275,weather_plus_market_training,0.0035565732595283016,0.0614893213390484
2026-04-07,nan,Will the highest temperature in Hong Kong be 20°C or below on April 7?,lower_tail,-inf,21.0,lower_tail,29.2,,2026-04-07|-inf|21.0,0.0,0.0,12h_prior,27.9,28.78130897709367,1.5111497746792928,1.307553647130315e-07,weather_plus_market_training,1.7096965401237882e-14,1.3075537330630092e-07
2026-04-07,nan,Will the highest temperature in Hong Kong be 21°C on April 7?,interior,21.0,22.0,interior,29.2,,2026-04-07|21.0|22.0,0.0,0.0,12h_prior,27.9,28.78130897709367,1.5111497746792928,3.4721626660640864e-06,weather_plus_market_training,1.2055913579609264e-11,3.4721686940224025e-06
2026-04-07,nan,Will the highest temperature in Hong Kong be 22°C on April 7?,interior,22.0,23.0,interior,29.2,,2026-04-07|22.0|23.0,0.0,0.0,12h_prior,27.9,28.78130897709367,1.5111497746792928,6.157950066737197e-05,weather_plus_market_training,3.792034902442865e-09,6.158139676261123e-05
2026-04-07,nan,Will the highest temperature in Hong Kong be 23°C on April 7?,interior,23.0,24.0,interior,29.2,,2026-04-07|23.0|24.0,0.0,0.0,12h_prior,27.9,28.78130897709367,1.5111497746792928,0.000712846557743092,weather_plus_market_training,5.081502148861754e-07,0.0007131007536594744
2026-04-07,nan,Will the highest temperature in Hong Kong be 24°C on April 7?,interior,24.0,25.0,interior,29.2,,2026-04-07|24.0|25.0,0.0,0.0,12h_prior,27.9,28.78130897709367,1.5111497746792928,0.005391911038106969,weather_plus_market_training,2.9072704642859773e-05,0.005406499855128569
2026-04-07,nan,Will the highest temperature in Hong Kong be 25°C on April 7?,interior,25.0,26.0,interior,29.2,,2026-04-07|25.0|26.0,0.0,0.0,12h_prior,27.9,28.78130897709367,1.5111497746792928,0.026675656831257333,weather_plus_market_training,0.000711590667379006,0.027037908901045685
2026-04-07,nan,Will the highest temperature in Hong Kong be 26°C on April 7?,interior,26.0,27.0,interior,29.2,,2026-04-07|26.0|27.0,0.0,0.0,12h_prior,27.9,28.78130897709367,1.5111497746792928,0.08639784575426421,weather_plus_market_training,0.00746458775097763,0.09036008210841674
2026-04-07,nan,Will the highest temperature in Hong Kong be 27°C on April 7?,interior,27.0,28.0,interior,29.2,,2026-04-07|27.0|28.0,0.0,0.0,12h_prior,27.9,28.78130897709367,1.5111497746792928,0.18332434851845342,weather_plus_market_training,0.03360781675971537,0.202513262357855
2026-04-07,nan,Will the highest temperature in Hong Kong be 28°C on April 7?,interior,28.0,29.0,interior,29.2,,2026-04-07|28.0|29.0,0.0,0.0,12h_prior,27.9,28.78130897709367,1.5111497746792928,0.2549655629819543,weather_plus_market_training,0.0650074383067049,0.29432483748558597
2026-04-07,nan,Will the highest temperature in Hong Kong be 29°C on April 7?,interior,29.0,30.0,interior,29.2,,2026-04-07|29.0|30.0,1.0,1.0,12h_prior,27.9,28.78130897709367,1.5111497746792928,0.23247956426741934,weather_plus_market_training,0.5890876192671305,1.4589529534417756
2026-04-07,nan,Will the highest temperature in Hong Kong be 30°C or higher on April 7?,upper_tail,30.0,inf,upper_tail,29.2,,2026-04-07|30.0|inf,0.0,0.0,12h_prior,27.9,28.78130897709367,1.5111497746792928,0.20998708163210322,weather_plus_market_training,0.044094574452367585,0.23570598129034204
2026-04-07,nan,Will the highest temperature in Hong Kong be 20°C or below on April 7?,lower_tail,-inf,21.0,lower_tail,29.2,,2026-04-07|-inf|21.0,0.0,0.0,24h_prior,27.3,28.5894227258451,1.5706710475467824,6.759705131149589e-07,weather_plus_market_training,4.569361346009008e-13,6.759707415880204e-07
2026-04-07,nan,Will the highest temperature in Hong Kong be 21°C on April 7?,interior,21.0,22.0,interior,29.2,,2026-04-07|21.0|22.0,0.0,0.0,24h_prior,27.3,28.5894227258451,1.5706710475467824,1.2950079762109559e-05,weather_plus_market_training,1.6770456584499957e-10,1.2950163615104248e-05
2026-04-07,nan,Will the highest temperature in Hong Kong be 22°C on April 7?,interior,22.0,23.0,interior,29.2,,2026-04-07|22.0|23.0,0.0,0.0,24h_prior,27.3,28.5894227258451,1.5706710475467824,0.00017277757910987934,weather_plus_market_training,2.9852091843070614e-08,0.00017279250687523022
2026-04-07,nan,Will the highest temperature in Hong Kong be 23°C on April 7?,interior,23.0,24.0,interior,29.2,,2026-04-07|23.0|24.0,0.0,0.0,24h_prior,27.3,28.5894227258451,1.5706710475467824,0.0015528316271256498,weather_plus_market_training,2.411286062201693e-06,0.0015540385197191763
2026-04-07,nan,Will the highest temperature in Hong Kong be 24°C on April 7?,interior,24.0,25.0,interior,29.2,,2026-04-07|24.0|25.0,0.0,0.0,24h_prior,27.3,28.5894227258451,1.5706710475467824,0.009408979755770677,weather_plus_market_training,8.852890004450242e-05,0.009453523835542172
2026-04-07,nan,Will the highest temperature in Hong Kong be 25°C on April 7?,interior,25.0,26.0,interior,29.2,,2026-04-07|25.0|26.0,0.0,0.0,24h_prior,27.3,28.5894227258451,1.5706710475467824,0.038465647222478284,weather_plus_market_training,0.0014796060162441513,0.03922498627378844
2026-04-07,nan,Will the highest temperature in Hong Kong be 26°C on April 7?,interior,26.0,27.0,interior,29.2,,2026-04-07|26.0|27.0,0.0,0.0,24h_prior,27.3,28.5894227258451,1.5706710475467824,0.10616983377711975,weather_plus_market_training,0.011272033604261237,0.11223949252325503
2026-04-07,nan,Will the highest temperature in Hong Kong be 27°C on April 7?,interior,27.0,28.0,interior,29.2,,2026-04-07|27.0|28.0,0.0,0.0,24h_prior,27.3,28.5894227258451,1.5706710475467824,0.19794685126604294,weather_plus_market_training,0.039182955926140926,0.2205804030695563
2026-04-07,nan,Will the highest temperature in Hong Kong be 28°C on April 7?,interior,28.0,29.0,interior,29.2,,2026-04-07|28.0|29.0,0.0,0.0,24h_prior,27.3,28.5894227258451,1.5706710475467824,0.24937837226449422,weather_plus_market_training,0.062189572553288656,0.2868535787667991
2026-04-07,nan,Will the highest temperature in Hong Kong be 29°C on April 7?,interior,29.0,30.0,interior,29.2,,2026-04-07|29.0|30.0,1.0,1.0,24h_prior,27.3,28.5894227258451,1.5706710475467824,0.21231776672276403,weather_plus_market_training,0.6204433006206139,1.5496712269032384
2026-04-07,nan,Will the highest temperature in Hong Kong be 30°C or higher on April 7?,upper_tail,30.0,inf,upper_tail,29.2,,2026-04-07|30.0|inf,0.0,0.0,24h_prior,27.3,28.5894227258451,1.5706710475467824,0.18457331373481933,weather_plus_market_training,0.03406730814305205,0.2040437613116044
2026-04-07,nan,Will the highest temperature in Hong Kong be 20°C or below on April 7?,lower_tail,-inf,21.0,lower_tail,29.2,,2026-04-07|-inf|21.0,0.0,0.0,6h_prior,28.1,28.98943497141064,1.5098536621865517,6.064885873339123e-08,weather_plus_market_training,3.6782840656628454e-15,6.064886055207269e-08
2026-04-07,nan,Will the highest temperature in Hong Kong be 21°C on April 7?,interior,21.0,22.0,interior,29.2,,2026-04-07|21.0|22.0,0.0,0.0,6h_prior,28.1,28.98943497141064,1.5098536621865517,1.7746369392889771e-06,weather_plus_market_training,3.1493362662889487e-12,1.7746385139590276e-06
2026-04-07,nan,Will the highest temperature in Hong Kong be 22°C on April 7?,interior,22.0,23.0,interior,29.2,,2026-04-07|22.0|23.0,0.0,0.0,6h_prior,28.1,28.98943497141064,1.5098536621865517,3.4571832744278073e-05,weather_plus_market_training,1.1952116192983377e-09,3.457243036382925e-05
2026-04-07,nan,Will the highest temperature in Hong Kong be 23°C on April 7?,interior,23.0,24.0,interior,29.2,,2026-04-07|23.0|24.0,0.0,0.0,6h_prior,28.1,28.98943497141064,1.5098536621865517,0.0004391839085291127,weather_plus_market_training,1.92882505510908e-07,0.0004392803780281743
2026-04-07,nan,Will the highest temperature in Hong Kong be 24°C on April 7?,interior,24.0,25.0,interior,29.2,,2026-04-07|24.0|25.0,0.0,0.0,6h_prior,28.1,28.98943497141064,1.5098536621865517,0.0036420766601999986,weather_plus_market_training,1.3264722398773576e-05,0.0036487251692281096
2026-04-07,nan,Will the highest temperature in Hong Kong be 25°C on April 7?,interior,25.0,26.0,interior,29.2,,2026-04-07|25.0|26.0,0.0,0.0,6h_prior,28.1,28.98943497141064,1.5098536621865517,0.019736898024991366,weather_plus_market_training,0.0003895451436489081,0.01993427194644763
2026-04-07,nan,Will the highest temperature in Hong Kong be 26°C on April 7?,interior,26.0,27.0,interior,29.2,,2026-04-07|26.0|27.0,0.0,0.0,6h_prior,28.1,28.98943497141064,1.5098536621865517,0.06995848333874025,weather_plus_market_training,0.0048941893910567965,0.07252605225999365
2026-04-07,nan,Will the highest temperature in Hong Kong be 27°C on April 7?,interior,27.0,28.0,interior,29.2,,2026-04-07|27.0|28.0,0.0,0.0,6h_prior,28.1,28.98943497141064,1.5098536621865517,0.16231832104166438,weather_plus_market_training,0.026347237345784827,0.17711710870934205
2026-04-07,nan,Will the highest temperature in Hong Kong be 28°C on April 7?,interior,28.0,29.0,interior,29.2,,2026-04-07|28.0|29.0,0.0,0.0,6h_prior,28.1,28.98943497141064,1.5098536621865517,0.24666016017830883,weather_plus_market_training,0.06084123461918897,0.2832388384897648
2026-04-07,nan,Will the highest temperature in Hong Kong be 29°C on April 7?,interior,29.0,30.0,interior,29.2,,2026-04-07|29.0|30.0,1.0,1.0,6h_prior,28.1,28.98943497141064,1.5098536621865517,0.24556062456951633,weather_plus_market_training,0.5691787711999383,1.4042114189763435
2026-04-07,nan,Will the highest temperature in Hong Kong be 30°C or higher on April 7?,upper_tail,30.0,inf,upper_tail,29.2,,2026-04-07|30.0|inf,0.0,0.0,6h_prior,28.1,28.98943497141064,1.5098536621865517,0.25164784515950744,weather_plus_market_training,0.06332663797342343,0.28988161655566785
2026-04-07,nan,Will the highest temperature in Hong Kong be 20°C or below on April 7?,lower_tail,-inf,21.0,lower_tail,29.2,,2026-04-07|-inf|21.0,0.0,0.0,event_day_open,28.2,29.455671569413457,1.4156273349785713,1.1639963684394378e-09,weather_plus_market_training,1.3548875457401994e-18,1.1639963444334124e-09
2026-04-07,nan,Will the highest temperature in Hong Kong be 21°C on April 7?,interior,21.0,22.0,interior,29.2,,2026-04-07|21.0|22.0,0.0,0.0,event_day_open,28.2,29.455671569413457,1.4156273349785713,6.82884094447333e-08,weather_plus_market_training,4.66330686449154e-15,6.828841181435098e-08
2026-04-07,nan,Will the highest temperature in Hong Kong be 22°C on April 7?,interior,22.0,23.0,interior,29.2,,2026-04-07|22.0|23.0,0.0,0.0,event_day_open,28.2,29.455671569413457,1.4156273349785713,2.4846954992813327e-06,weather_plus_market_training,6.173711724148911e-12,2.4846985860995512e-06
2026-04-07,nan,Will the highest temperature in Hong Kong be 23°C on April 7?,interior,23.0,24.0,interior,29.2,,2026-04-07|23.0|24.0,0.0,0.0,event_day_open,28.2,29.455671569413457,1.4156273349785713,5.5573850655278806e-05,weather_plus_market_training,3.0884528766552328e-09,5.557539493889701e-05
2026-04-07,nan,Will the highest temperature in Hong Kong be 24°C on April 7?,interior,24.0,25.0,interior,29.2,,2026-04-07|24.0|25.0,0.0,0.0,event_day_open,28.2,29.455671569413457,1.4156273349785713,0.0007652683037579073,weather_plus_market_training,5.856355767365047e-07,0.0007655612710215045
2026-04-07,nan,Will the highest temperature in Hong Kong be 25°C on April 7?,interior,25.0,26.0,interior,29.2,,2026-04-07|25.0|26.0,0.0,0.0,event_day_open,28.2,29.455671569413457,1.4156273349785713,0.006498137149077249,weather_plus_market_training,4.22257864082178e-05,0.006519341953349224
2026-04-07,nan,Will the highest temperature in Hong Kong be 26°C on April 7?,interior,26.0,27.0,interior,29.2,,2026-04-07|26.0|27.0,0.0,0.0,event_day_open,28.2,29.455671569413457,1.4156273349785713,0.03407651934775185,weather_plus_market_training,0.001161209170857706,0.034670660482413206
2026-04-07,nan,Will the highest temperature in Hong Kong be 27°C on April 7?,interior,27.0,28.0,interior,29.2,,2026-04-07|27.0|28.0,0.0,0.0,event_day_open,28.2,29.455671569413457,1.4156273349785713,0.11050930559601002,weather_plus_market_training,0.012212306623312331,0.11710623353412927
2026-04-07,nan,Will the highest temperature in Hong Kong be 28°C on April 7?,interior,28.0,29.0,interior,29.2,,2026-04-07|28.0|29.0,0.0,0.0,event_day_open,28.2,29.455671569413457,1.4156273349785713,0.22186191744671674,weather_plus_market_training,0.04922271041313375,0.25085128655051797
2026-04-07,nan,Will the highest temperature in Hong Kong be 29°C on April 7?,interior,29.0,30.0,interior,29.2,,2026-04-07|29.0|30.0,1.0,1.0,event_day_open,28.2,29.455671569413457,1.4156273349785713,0.2759319376394823,weather_plus_market_training,0.5242745589305146,1.2876010464319452
2026-04-07,nan,Will the highest temperature in Hong Kong be 30°C or higher on April 7?,upper_tail,30.0,inf,upper_tail,29.2,,2026-04-07|30.0|inf,0.0,0.0,event_day_open,28.2,29.455671569413457,1.4156273349785713,0.35029878651864355,weather_plus_market_training,0.12270923983643421,0.43124269334096005
2026-04-08,nan,Will the highest temperature in Hong Kong be 19°C or below on April 8?,lower_tail,-inf,20.0,lower_tail,26.7,,2026-04-08|-inf|20.0,0.0,0.0,12h_prior,24.3,25.54276871230109,1.4584323900145986,7.220292552623663e-05,weather_plus_market_training,5.2132624545472734e-09,7.220553228293742e-05
2026-04-08,nan,Will the highest temperature in Hong Kong be 20°C on April 8?,interior,20.0,21.0,interior,26.7,,2026-04-08|20.0|21.0,0.0,0.0,12h_prior,24.3,25.54276871230109,1.4584323900145986,0.0008480523636073832,weather_plus_market_training,7.191928114200693e-07,0.0008484121634469053
2026-04-08,nan,Will the highest temperature in Hong Kong be 21°C on April 8?,interior,21.0,22.0,interior,26.7,,2026-04-08|21.0|22.0,0.0,0.0,12h_prior,24.3,25.54276871230109,1.4584323900145986,0.006646626523330784,weather_plus_market_training,4.417764414064427e-05,0.006668813713359805
2026-04-08,nan,Will the highest temperature in Hong Kong be 22°C on April 8?,interior,22.0,23.0,interior,26.7,,2026-04-08|22.0|23.0,0.0,0.0,12h_prior,24.3,25.54276871230109,1.4584323900145986,0.033056763555409464,weather_plus_market_training,0.0010927496167582474,0.033615485929570976
2026-04-08,nan,Will the highest temperature in Hong Kong be 23°C on April 8?,interior,23.0,24.0,interior,26.7,,2026-04-08|23.0|24.0,0.0,0.0,12h_prior,24.3,25.54276871230109,1.4584323900145986,0.10444358508718295,weather_plus_market_training,0.010908462465863624,0.11031006123807423
2026-04-08,nan,Will the highest temperature in Hong Kong be 24°C on April 8?,interior,24.0,25.0,interior,26.7,,2026-04-08|24.0|25.0,0.0,0.0,12h_prior,24.3,25.54276871230109,1.4584323900145986,0.2098200117519483,weather_plus_market_training,0.04402443733158773,0.23549452624573583
2026-04-08,nan,Will the highest temperature in Hong Kong be 25°C on April 8?,interior,25.0,26.0,interior,26.7,,2026-04-08|25.0|26.0,0.0,0.0,12h_prior,24.3,25.54276871230109,1.4584323900145986,0.26816566354207544,weather_plus_market_training,0.07191282310296161,0.3122011069485379
2026-04-08,nan,Will the highest temperature in Hong Kong be 26°C on April 8?,interior,26.0,27.0,interior,26.7,,2026-04-08|26.0|27.0,1.0,1.0,12h_prior,24.3,25.54276871230109,1.4584323900145986,0.2180924815590698,weather_plus_market_training,0.6113793673944536,1.5228360788168402
2026-04-08,nan,Will the highest temperature in Hong Kong be 27°C on April 8?,interior,27.0,28.0,interior,26.7,,2026-04-08|27.0|28.0,0.0,0.0,12h_prior,24.3,25.54276871230109,1.4584323900145986,0.11284529101331231,weather_plus_market_training,0.012734059703879143,0.11973589363284949
2026-04-08,nan,Will the highest temperature in Hong Kong be 28°C on April 8?,interior,28.0,29.0,interior,26.7,,2026-04-08|28.0|29.0,0.0,0.0,12h_prior,24.3,25.54276871230109,1.4584323900145986,0.03712758483574341,weather_plus_market_training,0.0013784575557353241,0.03783436281033176
2026-04-08,nan,Will the highest temperature in Hong Kong be 29°C or higher on April 8?,upper_tail,29.0,inf,upper_tail,26.7,,2026-04-08|29.0|inf,0.0,0.0,12h_prior,24.3,25.54276871230109,1.4584323900145986,0.00888173684279392,weather_plus_market_training,7.888524934464289e-05,0.008921414580331811
2026-04-08,nan,Will the highest temperature in Hong Kong be 19°C or below on April 8?,lower_tail,-inf,20.0,lower_tail,26.7,,2026-04-08|-inf|20.0,0.0,0.0,24h_prior,24.1,25.442273368564678,1.5586658133401037,0.00024004769918917326,weather_plus_market_training,5.7622897886015815e-08,0.0002400765152496933
2026-04-08,nan,Will the highest temperature in Hong Kong be 20°C on April 8?,interior,20.0,21.0,interior,26.7,,2026-04-08|20.0|21.0,0.0,0.0,24h_prior,24.1,25.442273368564678,1.5586658133401037,0.0019455795446585073,weather_plus_market_training,3.7852797645936048e-06,0.0019474746429827205
2026-04-08,nan,Will the highest temperature in Hong Kong be 21°C on April 8?,interior,21.0,22.0,interior,26.7,,2026-04-08|21.0|22.0,0.0,0.0,24h_prior,24.1,25.442273368564678,1.5586658133401037,0.011419986964136226,weather_plus_market_training,0.00013041610226104133,0.011485695756639694
2026-04-08,nan,Will the highest temperature in Hong Kong be 22°C on April 8?,interior,22.0,23.0,interior,26.7,,2026-04-08|22.0|23.0,0.0,0.0,24h_prior,24.1,25.442273368564678,1.5586658133401037,0.04496342670864262,weather_plus_market_training,0.0020217097413834763,0.04600564259453961
2026-04-08,nan,Will the highest temperature in Hong Kong be 23°C on April 8?,interior,23.0,24.0,interior,26.7,,2026-04-08|23.0|24.0,0.0,0.0,24h_prior,24.1,25.442273368564678,1.5586658133401037,0.11882924397240657,weather_plus_market_training,0.014120389223053724,0.12650385113709733
2026-04-08,nan,Will the highest temperature in Hong Kong be 24°C on April 8?,interior,24.0,25.0,interior,26.7,,2026-04-08|24.0|25.0,0.0,0.0,24h_prior,24.1,25.442273368564678,1.5586658133401037,0.21090222434576994,weather_plus_market_training,0.04447974823399348,0.23686504229801295
2026-04-08,nan,Will the highest temperature in Hong Kong be 25°C on April 8?,interior,25.0,26.0,interior,26.7,,2026-04-08|25.0|26.0,0.0,0.0,24h_prior,24.1,25.442273368564678,1.5586658133401037,0.25146163917814196,weather_plus_market_training,0.06323295597815806,0.2896328261727004
2026-04-08,nan,Will the highest temperature in Hong Kong be 26°C on April 8?,interior,26.0,27.0,interior,26.7,,2026-04-08|26.0|27.0,1.0,1.0,24h_prior,24.1,25.442273368564678,1.5586658133401037,0.20143675305524633,weather_plus_market_training,0.6377032593709476,1.6022798274853562
2026-04-08,nan,Will the highest temperature in Hong Kong be 27°C on April 8?,interior,27.0,28.0,interior,26.7,,2026-04-08|27.0|28.0,0.0,0.0,24h_prior,24.1,25.442273368564678,1.5586658133401037,0.10839946304482284,weather_plus_market_training,0.011750443588405914,0.11473707523285544
2026-04-08,nan,Will the highest temperature in Hong Kong be 28°C on April 8?,interior,28.0,29.0,interior,26.7,,2026-04-08|28.0|29.0,0.0,0.0,24h_prior,24.1,25.442273368564678,1.5586658133401037,0.03917307707300122,weather_plus_market_training,0.0015345299673672937,0.039960987244467706
2026-04-08,nan,Will the highest temperature in Hong Kong be 29°C or higher on April 8?,upper_tail,29.0,inf,upper_tail,26.7,,2026-04-08|29.0|inf,0.0,0.0,24h_prior,24.1,25.442273368564678,1.5586658133401037,0.011228558413984624,weather_plus_market_training,0.0001260805240562649,0.011292074586966256
2026-04-08,nan,Will the highest temperature in Hong Kong be 19°C or below on April 8?,lower_tail,-inf,20.0,lower_tail,26.7,,2026-04-08|-inf|20.0,0.0,0.0,6h_prior,24.6,25.809330499046272,1.4588049538242382,3.4132517940966366e-05,weather_plus_market_training,1.1650287809903908e-09,3.413310046857837e-05
2026-04-08,nan,Will the highest temperature in Hong Kong be 20°C on April 8?,interior,20.0,21.0,interior,26.7,,2026-04-08|20.0|21.0,0.0,0.0,6h_prior,24.6,25.809330499046272,1.4588049538242382,0.000454901870318933,weather_plus_market_training,2.0693571161966332e-07,0.0004550053695639357
2026-04-08,nan,Will the highest temperature in Hong Kong be 21°C on April 8?,interior,21.0,22.0,interior,26.7,,2026-04-08|21.0|22.0,0.0,0.0,6h_prior,24.6,25.809330499046272,1.4588049538242382,0.004021325915908442,weather_plus_market_training,1.617106212195687e-05,0.004029433188926641
2026-04-08,nan,Will the highest temperature in Hong Kong be 22°C on April 8?,interior,22.0,23.0,interior,26.7,,2026-04-08|22.0|23.0,0.0,0.0,6h_prior,24.6,25.809330499046272,1.4588049538242382,0.022555860214202524,weather_plus_market_training,0.0005087668300026443,0.02281413475469521
2026-04-08,nan,Will the highest temperature in Hong Kong be 23°C on April 8?,interior,23.0,24.0,interior,26.7,,2026-04-08|23.0|24.0,0.0,0.0,6h_prior,24.6,25.809330499046272,1.4588049538242382,0.08036921001490595,weather_plus_market_training,0.006459209918420058,0.08378300472115377
2026-04-08,nan,Will the highest temperature in Hong Kong be 24°C on April 8?,interior,24.0,25.0,interior,26.7,,2026-04-08|24.0|25.0,0.0,0.0,6h_prior,24.6,25.809330499046272,1.4588049538242382,0.18208370026289877,weather_plus_market_training,0.033154473901429164,0.20099527067452985
2026-04-08,nan,Will the highest temperature in Hong Kong be 25°C on April 8?,interior,25.0,26.0,interior,26.7,,2026-04-08|25.0|26.0,0.0,0.0,6h_prior,24.6,25.809330499046272,1.4588049538242382,0.26247555450642585,weather_plus_market_training,0.06889341671345572,0.30445604488552813
2026-04-08,nan,Will the highest temperature in Hong Kong be 26°C on April 8?,interior,26.0,27.0,interior,26.7,,2026-04-08|26.0|27.0,1.0,1.0,6h_prior,24.6,25.809330499046272,1.4588049538242382,0.2408110442232514,weather_plus_market_training,0.57636787057339,1.4237427018847257
2026-04-08,nan,Will the highest temperature in Hong Kong be 27°C on April 8?,interior,27.0,28.0,interior,26.7,,2026-04-08|27.0|28.0,0.0,0.0,6h_prior,24.6,25.809330499046272,1.4588049538242382,0.14060538349320473,weather_plus_market_training,0.01976987386727117,0.15152707190708659
2026-04-08,nan,Will the highest temperature in Hong Kong be 28°C on April 8?,interior,28.0,29.0,interior,26.7,,2026-04-08|28.0|29.0,0.0,0.0,6h_prior,24.6,25.809330499046272,1.4588049538242382,0.0522242058777298,weather_plus_market_training,0.002727367679559508,0.05363730878905026
2026-04-08,nan,Will the highest temperature in Hong Kong be 29°C or higher on April 8?,upper_tail,29.0,inf,upper_tail,26.7,,2026-04-08|29.0|inf,0.0,0.0,6h_prior,24.6,25.809330499046272,1.4588049538242382,0.014364681103212651,weather_plus_market_training,0.0002063440631969946,0.014468851925307093
2026-04-08,nan,Will the highest temperature in Hong Kong be 19°C or below on April 8?,lower_tail,-inf,20.0,lower_tail,26.7,,2026-04-08|-inf|20.0,0.0,0.0,event_day_open,24.9,26.24295246587547,1.3704150982136816,2.61281551751798e-06,weather_plus_market_training,6.826804928582751e-12,2.6128189309082214e-06
2026-04-08,nan,Will the highest temperature in Hong Kong be 20°C on April 8?,interior,20.0,21.0,interior,26.7,,2026-04-08|20.0|21.0,0.0,0.0,event_day_open,24.9,26.24295246587547,1.3704150982136816,6.255767847311455e-05,weather_plus_market_training,3.91346313594558e-09,6.255963528625166e-05
2026-04-08,nan,Will the highest temperature in Hong Kong be 21°C on April 8?,interior,21.0,22.0,interior,26.7,,2026-04-08|21.0|22.0,0.0,0.0,event_day_open,24.9,26.24295246587547,1.3704150982136816,0.0009152258052166704,weather_plus_market_training,8.376382745345028e-07,0.0009156448800721617
2026-04-08,nan,Will the highest temperature in Hong Kong be 22°C on April 8?,interior,22.0,23.0,interior,26.7,,2026-04-08|22.0|23.0,0.0,0.0,event_day_open,24.9,26.24295246587547,1.3704150982136816,0.008000578149590747,weather_plus_market_training,6.40092507277089e-05,0.008032754509521558
2026-04-08,nan,Will the highest temperature in Hong Kong be 23°C on April 8?,interior,23.0,24.0,interior,26.7,,2026-04-08|23.0|24.0,0.0,0.0,event_day_open,24.9,26.24295246587547,1.3704150982136816,0.041866061986653304,weather_plus_market_training,0.0017527671462702968,0.04276770074897993
2026-04-08,nan,Will the highest temperature in Hong Kong be 24°C on April 8?,interior,24.0,25.0,interior,26.7,,2026-04-08|24.0|25.0,0.0,0.0,event_day_open,24.9,26.24295246587547,1.3704150982136816,0.13135906879190162,weather_plus_market_training,0.017255204953875544,0.1408254367956177
2026-04-08,nan,Will the highest temperature in Hong Kong be 25°C on April 8?,interior,25.0,26.0,interior,26.7,,2026-04-08|25.0|26.0,0.0,0.0,event_day_open,24.9,26.24295246587547,1.3704150982136816,0.24743661228659203,weather_plus_market_training,0.061224877099865266,0.2842700497427755
2026-04-08,nan,Will the highest temperature in Hong Kong be 26°C on April 8?,interior,26.0,27.0,interior,26.7,,2026-04-08|26.0|27.0,1.0,1.0,event_day_open,24.9,26.24295246587547,1.3704150982136816,0.2800276730985939,weather_plus_market_training,0.5183601515038252,1.2728668482015186
2026-04-08,nan,Will the highest temperature in Hong Kong be 27°C on April 8?,interior,27.0,28.0,interior,26.7,,2026-04-08|27.0|28.0,0.0,0.0,event_day_open,24.9,26.24295246587547,1.3704150982136816,0.19043073084188167,weather_plus_market_training,0.03626386324897318,0.21125293922504507
2026-04-08,nan,Will the highest temperature in Hong Kong be 28°C on April 8?,interior,28.0,29.0,interior,26.7,,2026-04-08|28.0|29.0,0.0,0.0,event_day_open,24.9,26.24295246587547,1.3704150982136816,0.07778015331135002,weather_plus_market_training,0.006049752249137113,0.08097163841676186
2026-04-08,nan,Will the highest temperature in Hong Kong be 29°C or higher on April 8?,upper_tail,29.0,inf,upper_tail,26.7,,2026-04-08|29.0|inf,0.0,0.0,event_day_open,24.9,26.24295246587547,1.3704150982136816,0.02211872523422942,weather_plus_market_training,0.0004892380059873373,0.022367012261423697
2026-04-09,nan,Will the highest temperature in Hong Kong be 19°C or below on April 9?,lower_tail,-inf,20.0,lower_tail,28.0,,2026-04-09|-inf|20.0,0.0,0.0,12h_prior,26.2,27.175315477661776,1.4897633338885177,7.308092655162325e-07,weather_plus_market_training,5.340821825643752e-13,7.308095325890263e-07
2026-04-09,nan,Will the highest temperature in Hong Kong be 20°C on April 9?,interior,20.0,21.0,interior,28.0,,2026-04-09|20.0|21.0,0.0,0.0,12h_prior,26.2,27.175315477661776,1.4897633338885177,1.6247613832470325e-05,weather_plus_market_training,2.6398495524908104e-10,1.624774582636145e-05
2026-04-09,nan,Will the highest temperature in Hong Kong be 21°C on April 9?,interior,21.0,22.0,interior,28.0,,2026-04-09|21.0|22.0,0.0,0.0,12h_prior,26.2,27.175315477661776,1.4897633338885177,0.00023948057372409474,weather_plus_market_training,5.735094519122157e-08,0.0002395092537757017
2026-04-09,nan,Will the highest temperature in Hong Kong be 22°C on April 9?,interior,22.0,23.0,interior,28.0,,2026-04-09|22.0|23.0,0.0,0.0,12h_prior,26.2,27.175315477661776,1.4897633338885177,0.0022776134029490577,weather_plus_market_training,5.187522813293187e-06,0.002280211109486097
2026-04-09,nan,Will the highest temperature in Hong Kong be 23°C on April 9?,interior,23.0,24.0,interior,28.0,,2026-04-09|23.0|24.0,0.0,0.0,12h_prior,26.2,27.175315477661776,1.4897633338885177,0.013993092318333383,weather_plus_market_training,0.00019580663262940072,0.014091918641702466
2026-04-09,nan,Will the highest temperature in Hong Kong be 24°C on April 9?,interior,24.0,25.0,interior,28.0,,2026-04-09|24.0|25.0,0.0,0.0,12h_prior,26.2,27.175315477661776,1.4897633338885177,0.05559379961266392,weather_plus_market_training,0.0030906705553730308,0.057198908367367365
2026-04-09,nan,Will the highest temperature in Hong Kong be 25°C on April 9?,interior,25.0,26.0,interior,28.0,,2026-04-09|25.0|26.0,0.0,0.0,12h_prior,26.2,27.175315477661776,1.4897633338885177,0.14295618434608903,weather_plus_market_training,0.02043647064279299,0.15426623490725994
2026-04-09,nan,Will the highest temperature in Hong Kong be 26°C on April 9?,interior,26.0,27.0,interior,28.0,,2026-04-09|26.0|27.0,0.0,0.0,12h_prior,26.2,27.175315477661776,1.4897633338885177,0.2380834243116665,weather_plus_market_training,0.05668371693196904,0.2719182100129145
2026-04-09,nan,Will the highest temperature in Hong Kong be 27°C on April 9?,interior,27.0,28.0,interior,28.0,,2026-04-09|27.0|28.0,0.0,0.0,12h_prior,26.2,27.175315477661776,1.4897633338885177,0.2569019806881059,weather_plus_market_training,0.06599862768147192,0.29692731926178384
2026-04-09,nan,Will the highest temperature in Hong Kong be 28°C on April 9?,interior,28.0,29.0,interior,28.0,,2026-04-09|28.0|29.0,1.0,1.0,12h_prior,26.2,27.175315477661776,1.4897633338885177,0.17961498595484504,weather_plus_market_training,0.6730315712698691,1.7169396858664858
2026-04-09,nan,Will the highest temperature in Hong Kong be 29°C or higher on April 9?,upper_tail,29.0,inf,upper_tail,28.0,,2026-04-09|29.0|inf,0.0,0.0,12h_prior,26.2,27.175315477661776,1.4897633338885177,0.11032246036852511,weather_plus_market_training,0.012171045261764794,0.11689619692871168
2026-04-09,nan,Will the highest temperature in Hong Kong be 19°C or below on April 9?,lower_tail,-inf,20.0,lower_tail,28.0,,2026-04-09|-inf|20.0,0.0,0.0,24h_prior,26.3,27.5796941507074,1.568666496321648,6.760628776644858e-07,weather_plus_market_training,4.570610145559854e-13,6.760631062109049e-07
2026-04-09,nan,Will the highest temperature in Hong Kong be 20°C on April 9?,interior,20.0,21.0,interior,28.0,,2026-04-09|20.0|21.0,0.0,0.0,24h_prior,26.3,27.5796941507074,1.568666496321648,1.3000623878018475e-05,weather_plus_market_training,1.6901622121770413e-10,1.3000708386833112e-05
2026-04-09,nan,Will the highest temperature in Hong Kong be 21°C on April 9?,interior,21.0,22.0,interior,28.0,,2026-04-09|21.0|22.0,0.0,0.0,24h_prior,26.3,27.5796941507074,1.568666496321648,0.00017390431336298422,weather_plus_market_training,3.0242710206251016e-08,0.0001739194364713936
2026-04-09,nan,Will the highest temperature in Hong Kong be 22°C on April 9?,interior,22.0,23.0,interior,28.0,,2026-04-09|22.0|23.0,0.0,0.0,24h_prior,26.3,27.5796941507074,1.568666496321648,0.0015654852345979222,weather_plus_market_training,2.4507440197441115e-06,0.0015667118869790247
2026-04-09,nan,Will the highest temperature in Hong Kong be 23°C on April 9?,interior,23.0,24.0,interior,28.0,,2026-04-09|23.0|24.0,0.0,0.0,24h_prior,26.3,27.5796941507074,1.568666496321648,0.009491656469624144,weather_plus_market_training,9.009154253735788e-05,0.009536989324869165
2026-04-09,nan,Will the highest temperature in Hong Kong be 24°C on April 9?,interior,24.0,25.0,interior,28.0,,2026-04-09|24.0|25.0,0.0,0.0,24h_prior,26.3,27.5796941507074,1.568666496321648,0.03879030576562069,weather_plus_market_training,0.0015046878213903457,0.03956268961681263
2026-04-09,nan,Will the highest temperature in Hong Kong be 25°C on April 9?,interior,25.0,26.0,interior,28.0,,2026-04-09|25.0|26.0,0.0,0.0,24h_prior,26.3,27.5796941507074,1.568666496321648,0.10692516131214494,weather_plus_market_training,0.011432990121628217,0.11308489569570779
2026-04-09,nan,Will the highest temperature in Hong Kong be 26°C on April 9?,interior,26.0,27.0,interior,28.0,,2026-04-09|26.0|27.0,0.0,0.0,24h_prior,26.3,27.5796941507074,1.568666496321648,0.19890027267074883,weather_plus_market_training,0.03956131846849824,0.22176983613155057
2026-04-09,nan,Will the highest temperature in Hong Kong be 27°C on April 9?,interior,27.0,28.0,interior,28.0,,2026-04-09|27.0|28.0,0.0,0.0,24h_prior,26.3,27.5796941507074,1.568666496321648,0.24976613520635382,weather_plus_market_training,0.06238312229591862,0.2873703013325859
2026-04-09,nan,Will the highest temperature in Hong Kong be 28°C on April 9?,interior,28.0,29.0,interior,28.0,,2026-04-09|28.0|29.0,1.0,1.0,24h_prior,26.3,27.5796941507074,1.568666496321648,0.2117525867689618,weather_plus_market_training,0.6213339844654231,1.5523367293783712
2026-04-09,nan,Will the highest temperature in Hong Kong be 29°C or higher on April 9?,upper_tail,29.0,inf,upper_tail,28.0,,2026-04-09|29.0|inf,0.0,0.0,24h_prior,26.3,27.5796941507074,1.568666496321648,0.1826208155718292,weather_plus_market_training,0.03335036228012005,0.20165217376445593
2026-04-09,nan,Will the highest temperature in Hong Kong be 19°C or below on April 9?,lower_tail,-inf,20.0,lower_tail,28.0,,2026-04-09|-inf|20.0,0.0,0.0,6h_prior,26.4,27.37555979151047,1.488406987296728,3.610231932772259e-07,weather_plus_market_training,1.3033774608408522e-13,3.610232583982815e-07
2026-04-09,nan,Will the highest temperature in Hong Kong be 20°C on April 9?,interior,20.0,21.0,interior,28.0,,2026-04-09|20.0|21.0,0.0,0.0,6h_prior,26.4,27.37555979151047,1.488406987296728,8.838658239701424e-06,weather_plus_market_training,7.812187947824188e-11,8.838697300921401e-06
2026-04-09,nan,Will the highest temperature in Hong Kong be 21°C on April 9?,interior,21.0,22.0,interior,28.0,,2026-04-09|21.0|22.0,0.0,0.0,6h_prior,26.4,27.37555979151047,1.488406987296728,0.00014294568720604167,weather_plus_market_training,2.0433469490807506e-08,0.0001429559049145505
2026-04-09,nan,Will the highest temperature in Hong Kong be 22°C on April 9?,interior,22.0,23.0,interior,28.0,,2026-04-09|22.0|23.0,0.0,0.0,6h_prior,26.4,27.37555979151047,1.488406987296728,0.0014901857753028156,weather_plus_market_training,2.2206536449148538e-06,0.0014912972064217117
2026-04-09,nan,Will the highest temperature in Hong Kong be 23°C on April 9?,interior,23.0,24.0,interior,28.0,,2026-04-09|23.0|24.0,0.0,0.0,6h_prior,26.4,27.37555979151047,1.488406987296728,0.010025287573618275,weather_plus_market_training,0.000100506390933745,0.010075879183384377
2026-04-09,nan,Will the highest temperature in Hong Kong be 24°C on April 9?,interior,24.0,25.0,interior,28.0,,2026-04-09|24.0|25.0,0.0,0.0,6h_prior,26.4,27.37555979151047,1.488406987296728,0.043572110057804855,weather_plus_market_training,0.001898528774889459,0.04454988244486355
2026-04-09,nan,Will the highest temperature in Hong Kong be 25°C on April 9?,interior,25.0,26.0,interior,28.0,,2026-04-09|25.0|26.0,0.0,0.0,6h_prior,26.4,27.37555979151047,1.488406987296728,0.12245590625966703,weather_plus_market_training,0.014995448977876358,0.1306280756278361
2026-04-09,nan,Will the highest temperature in Hong Kong be 26°C on April 9?,interior,26.0,27.0,interior,28.0,,2026-04-09|26.0|27.0,0.0,0.0,6h_prior,26.4,27.37555979151047,1.488406987296728,0.22269994743449417,weather_plus_market_training,0.049595266587326464,0.25192883512020203
2026-04-09,nan,Will the highest temperature in Hong Kong be 27°C on April 9?,interior,27.0,28.0,interior,28.0,,2026-04-09|27.0|28.0,0.0,0.0,6h_prior,26.4,27.37555979151047,1.488406987296728,0.2621921664385341,weather_plus_market_training,0.06874473214173196,0.3040718764166342
2026-04-09,nan,Will the highest temperature in Hong Kong be 28°C on April 9?,interior,28.0,29.0,interior,28.0,,2026-04-09|28.0|29.0,1.0,1.0,6h_prior,26.4,27.37555979151047,1.488406987296728,0.19986273439754865,weather_plus_market_training,0.6402196438057678,1.6101244760772468
2026-04-09,nan,Will the highest temperature in Hong Kong be 29°C or higher on April 9?,upper_tail,29.0,inf,upper_tail,28.0,,2026-04-09|29.0|inf,0.0,0.0,6h_prior,26.4,27.37555979151047,1.488406987296728,0.13754951669439108,weather_plus_market_training,0.01891986954286057,0.14797754238484084
2026-04-09,nan,Will the highest temperature in Hong Kong be 19°C or below on April 9?,lower_tail,-inf,20.0,lower_tail,28.0,,2026-04-09|-inf|20.0,0.0,0.0,event_day_open,26.4,27.676735413163488,1.3954759118368214,1.8865096444479475e-08,weather_plus_market_training,3.5589186385951215e-16,1.886509666291164e-08
2026-04-09,nan,Will the highest temperature in Hong Kong be 20°C on April 9?,interior,20.0,21.0,interior,28.0,,2026-04-09|20.0|21.0,0.0,0.0,event_day_open,26.4,27.676735413163488,1.3954759118368214,8.379550296835974e-07,weather_plus_market_training,7.021686317720386e-13,8.379553807822576e-07
2026-04-09,nan,Will the highest temperature in Hong Kong be 21°C on April 9?,interior,21.0,22.0,interior,28.0,,2026-04-09|21.0|22.0,0.0,0.0,event_day_open,26.4,27.676735413163488,1.3954759118368214,2.2856788133986313e-05,weather_plus_market_training,5.224327638019375e-10,2.2857049354324872e-05
2026-04-09,nan,Will the highest temperature in Hong Kong be 22°C on April 9?,interior,22.0,23.0,interior,28.0,,2026-04-09|22.0|23.0,0.0,0.0,event_day_open,26.4,27.676735413163488,1.3954759118368214,0.00037837184494504607,weather_plus_market_training,1.43165253047118e-07,0.000378443445633263
2026-04-09,nan,Will the highest temperature in Hong Kong be 23°C on April 9?,interior,23.0,24.0,interior,28.0,,2026-04-09|23.0|24.0,0.0,0.0,event_day_open,26.4,27.676735413163488,1.3954759118368214,0.0038078315018676193,weather_plus_market_training,1.4499580746615409e-05,0.0038150997489477517
2026-04-09,nan,Will the highest temperature in Hong Kong be 24°C on April 9?,interior,24.0,25.0,interior,28.0,,2026-04-09|24.0|25.0,0.0,0.0,event_day_open,26.4,27.676735413163488,1.3954759118368214,0.023335930514857686,weather_plus_market_training,0.0005445656529942661,0.023612524872899256
2026-04-09,nan,Will the highest temperature in Hong Kong be 25°C on April 9?,interior,25.0,26.0,interior,28.0,,2026-04-09|25.0|26.0,0.0,0.0,event_day_open,26.4,27.676735413163488,1.3954759118368214,0.08722292932206074,weather_plus_market_training,0.007607839399521204,0.09126360051540088
2026-04-09,nan,Will the highest temperature in Hong Kong be 26°C on April 9?,interior,26.0,27.0,interior,28.0,,2026-04-09|26.0|27.0,0.0,0.0,event_day_open,26.4,27.676735413163488,1.3954759118368214,0.1990872901690191,weather_plus_market_training,0.03963574910684321,0.2220033143428075
2026-04-09,nan,Will the highest temperature in Hong Kong be 27°C on April 9?,interior,27.0,28.0,interior,28.0,,2026-04-09|27.0|28.0,0.0,0.0,event_day_open,26.4,27.676735413163488,1.3954759118368214,0.27773971977882717,weather_plus_market_training,0.07713935194282144,0.3253697061321424
2026-04-09,nan,Will the highest temperature in Hong Kong be 28°C on April 9?,interior,28.0,29.0,interior,28.0,,2026-04-09|28.0|29.0,1.0,1.0,event_day_open,26.4,27.676735413163488,1.3954759118368214,0.2369039444200255,weather_plus_market_training,0.5823155900417155,1.4401005178081603
2026-04-09,nan,Will the highest temperature in Hong Kong be 29°C or higher on April 9?,upper_tail,29.0,inf,upper_tail,28.0,,2026-04-09|29.0|inf,0.0,0.0,event_day_open,26.4,27.676735413163488,1.3954759118368214,0.17150026884013703,weather_plus_market_training,0.029412342212239276,0.18813876660577974
2026-04-10,nan,Will the highest temperature in Hong Kong be 20°C or below on April 10?,lower_tail,-inf,21.0,lower_tail,28.3,,2026-04-10|-inf|21.0,0.0,0.0,12h_prior,26.7,27.664782619262,1.5003115344136349,4.450825026820606e-06,weather_plus_market_training,1.9809843419372648e-11,4.4508349318204314e-06
2026-04-10,nan,Will the highest temperature in Hong Kong be 21°C on April 10?,interior,21.0,22.0,interior,28.3,,2026-04-10|21.0|22.0,0.0,0.0,12h_prior,26.7,27.664782619262,1.5003115344136349,7.531662070129949e-05,weather_plus_market_training,5.672593353863415e-09,7.53194571403586e-05
2026-04-10,nan,Will the highest temperature in Hong Kong be 22°C on April 10?,interior,22.0,23.0,interior,28.3,,2026-04-10|22.0|23.0,0.0,0.0,12h_prior,26.7,27.664782619262,1.5003115344136349,0.0008581763645229507,weather_plus_market_training,7.364666726258283e-07,0.0008585448086676659
2026-04-10,nan,Will the highest temperature in Hong Kong be 23°C on April 10?,interior,23.0,24.0,interior,28.3,,2026-04-10|23.0|24.0,0.0,0.0,12h_prior,26.7,27.664782619262,1.5003115344136349,0.0063513628755319275,weather_plus_market_training,4.03398103766852e-05,0.006371618593881496
2026-04-10,nan,Will the highest temperature in Hong Kong be 24°C on April 10?,interior,24.0,25.0,interior,28.3,,2026-04-10|24.0|25.0,0.0,0.0,12h_prior,26.7,27.664782619262,1.5003115344136349,0.030564556318786,weather_plus_market_training,0.0009341921029642412,0.031041393745737497
2026-04-10,nan,Will the highest temperature in Hong Kong be 25°C on April 10?,interior,25.0,26.0,interior,28.3,,2026-04-10|25.0|26.0,0.0,0.0,12h_prior,26.7,27.664782619262,1.5003115344136349,0.09572654534135555,weather_plus_market_training,0.0091635714829906,0.1006234702406532
2026-04-10,nan,Will the highest temperature in Hong Kong be 26°C on April 10?,interior,26.0,27.0,interior,28.3,,2026-04-10|26.0|27.0,0.0,0.0,12h_prior,26.7,27.664782619262,1.5003115344136349,0.1952676011013772,weather_plus_market_training,0.03812943603988656,0.2172454805570081
2026-04-10,nan,Will the highest temperature in Hong Kong be 27°C on April 10?,interior,27.0,28.0,interior,28.3,,2026-04-10|27.0|28.0,0.0,0.0,12h_prior,26.7,27.664782619262,1.5003115344136349,0.2595522812573454,weather_plus_market_training,0.06736738670589214,0.3005002504100429
2026-04-10,nan,Will the highest temperature in Hong Kong be 28°C on April 10?,interior,28.0,29.0,interior,28.3,,2026-04-10|28.0|29.0,1.0,1.0,12h_prior,26.7,27.664782619262,1.5003115344136349,0.22485604980035412,weather_plus_market_training,0.600848143531111,1.4922948601885124
2026-04-10,nan,Will the highest temperature in Hong Kong be 29°C on April 10?,interior,29.0,30.0,interior,28.3,,2026-04-10|29.0|30.0,0.0,0.0,12h_prior,26.7,27.664782619262,1.5003115344136349,0.126947650611702,weather_plus_market_training,0.01611570599583076,0.13575976000531043
2026-04-10,nan,Will the highest temperature in Hong Kong be 30°C or higher on April 10?,upper_tail,30.0,inf,upper_tail,28.3,,2026-04-10|30.0|inf,0.0,0.0,12h_prior,26.7,27.664782619262,1.5003115344136349,0.059796008883296725,weather_plus_market_training,0.003575562678371301,0.061658415435467656
2026-04-10,nan,Will the highest temperature in Hong Kong be 20°C or below on April 10?,lower_tail,-inf,21.0,lower_tail,28.3,,2026-04-10|-inf|21.0,0.0,0.0,24h_prior,26.8,28.10377084896856,1.5706253538265502,3.0500001241014767e-06,weather_plus_market_training,9.302500757019024e-12,3.0500047753872085e-06
2026-04-10,nan,Will the highest temperature in Hong Kong be 21°C on April 10?,interior,21.0,22.0,interior,28.3,,2026-04-10|21.0|22.0,0.0,0.0,24h_prior,26.8,28.10377084896856,1.5706253538265502,4.786193186879714e-05,weather_plus_market_training,2.2907645222133793e-09,4.786307728759596e-05
2026-04-10,nan,Will the highest temperature in Hong Kong be 22°C on April 10?,interior,22.0,23.0,interior,28.3,,2026-04-10|22.0|23.0,0.0,0.0,24h_prior,26.8,28.10377084896856,1.5706253538265502,0.0005270977128638938,weather_plus_market_training,2.7783199890634785e-07,0.0005272366776974848
2026-04-10,nan,Will the highest temperature in Hong Kong be 23°C on April 10?,interior,23.0,24.0,interior,28.3,,2026-04-10|23.0|24.0,0.0,0.0,24h_prior,26.8,28.10377084896856,1.5706253538265502,0.003911839942613449,weather_plus_market_training,1.5302491736625994e-05,0.003919511200839939
2026-04-10,nan,Will the highest temperature in Hong Kong be 24°C on April 10?,interior,24.0,25.0,interior,28.3,,2026-04-10|24.0|25.0,0.0,0.0,24h_prior,26.8,28.10377084896856,1.5706253538265502,0.019579782764907516,weather_plus_market_training,0.0003833678931209694,0.019774006125975036
2026-04-10,nan,Will the highest temperature in Hong Kong be 25°C on April 10?,interior,25.0,26.0,interior,28.3,,2026-04-10|25.0|26.0,0.0,0.0,24h_prior,26.8,28.10377084896856,1.5706253538265502,0.06614281818861638,weather_plus_market_training,0.004374872397932362,0.06843176271144559
2026-04-10,nan,Will the highest temperature in Hong Kong be 26°C on April 10?,interior,26.0,27.0,interior,28.3,,2026-04-10|26.0|27.0,0.0,0.0,24h_prior,26.8,28.10377084896856,1.5706253538265502,0.1508905759637275,weather_plus_market_training,0.022767965914665424,0.1635672151851872
2026-04-10,nan,Will the highest temperature in Hong Kong be 27°C on April 10?,interior,27.0,28.0,interior,28.3,,2026-04-10|27.0|28.0,0.0,0.0,24h_prior,26.8,28.10377084896856,1.5706253538265502,0.2325581143939222,weather_plus_market_training,0.05408327657045661,0.26469252146764793
2026-04-10,nan,Will the highest temperature in Hong Kong be 28°C on April 10?,interior,28.0,29.0,interior,28.3,,2026-04-10|28.0|29.0,1.0,1.0,24h_prior,26.8,28.10377084896856,1.5706253538265502,0.2422099950536296,weather_plus_market_training,0.5742456915966201,1.4179501809457278
2026-04-10,nan,Will the highest temperature in Hong Kong be 29°C on April 10?,interior,29.0,30.0,interior,28.3,,2026-04-10|29.0|30.0,0.0,0.0,24h_prior,26.8,28.10377084896856,1.5706253538265502,0.17047216168108725,weather_plus_market_training,0.029060757908222754,0.18689860955442125
2026-04-10,nan,Will the highest temperature in Hong Kong be 30°C or higher on April 10?,upper_tail,30.0,inf,upper_tail,28.3,,2026-04-10|30.0|inf,0.0,0.0,24h_prior,26.8,28.10377084896856,1.5706253538265502,0.11365670236663927,weather_plus_market_training,0.012917845992858825,0.12065093431168233
2026-04-10,nan,Will the highest temperature in Hong Kong be 20°C or below on April 10?,lower_tail,-inf,21.0,lower_tail,28.3,,2026-04-10|-inf|21.0,0.0,0.0,6h_prior,26.9,27.86791327051416,1.4987941581533517,2.2995296028231362e-06,weather_plus_market_training,5.2878363942599305e-12,2.2995322467672133e-06
2026-04-10,nan,Will the highest temperature in Hong Kong be 21°C on April 10?,interior,21.0,22.0,interior,28.3,,2026-04-10|21.0|22.0,0.0,0.0,6h_prior,26.9,27.86791327051416,1.4987941581533517,4.28858098519511e-05,weather_plus_market_training,1.839192686657706e-09,4.28867294745362e-05
2026-04-10,nan,Will the highest temperature in Hong Kong be 22°C on April 10?,interior,22.0,23.0,interior,28.3,,2026-04-10|22.0|23.0,0.0,0.0,6h_prior,26.9,27.86791327051416,1.4987941581533517,0.0005361429120870924,weather_plus_market_training,2.8744922218122766e-07,0.0005362866880901892
2026-04-10,nan,Will the highest temperature in Hong Kong be 23°C on April 10?,interior,23.0,24.0,interior,28.3,,2026-04-10|23.0|24.0,0.0,0.0,6h_prior,26.9,27.86791327051416,1.4987941581533517,0.004348919374852709,weather_plus_market_training,1.891309972896928e-05,0.004358403431637739
2026-04-10,nan,Will the highest temperature in Hong Kong be 24°C on April 10?,interior,24.0,25.0,interior,28.3,,2026-04-10|24.0|25.0,0.0,0.0,6h_prior,26.9,27.86791327051416,1.4987941581533517,0.022913041462236824,weather_plus_market_training,0.0005250074690501838,0.023179625231993607
2026-04-10,nan,Will the highest temperature in Hong Kong be 25°C on April 10?,interior,25.0,26.0,interior,28.3,,2026-04-10|25.0|26.0,0.0,0.0,6h_prior,26.9,27.86791327051416,1.4987941581533517,0.07848799884948102,weather_plus_market_training,0.006160365963396134,0.08173947846219806
2026-04-10,nan,Will the highest temperature in Hong Kong be 26°C on April 10?,interior,26.0,27.0,interior,28.3,,2026-04-10|26.0|27.0,0.0,0.0,6h_prior,26.9,27.86791327051416,1.4987941581533517,0.1749382113673268,weather_plus_market_training,0.030603377796399503,0.19229700013963877
2026-04-10,nan,Will the highest temperature in Hong Kong be 27°C on April 10?,interior,27.0,28.0,interior,28.3,,2026-04-10|27.0|28.0,0.0,0.0,6h_prior,26.9,27.86791327051416,1.4987941581533517,0.2538432941994767,weather_plus_market_training,0.06443641801004209,0.2928196394433784
2026-04-10,nan,Will the highest temperature in Hong Kong be 28°C on April 10?,interior,28.0,29.0,interior,28.3,,2026-04-10|28.0|29.0,1.0,1.0,6h_prior,26.9,27.86791327051416,1.4987941581533517,0.23986221310066613,weather_plus_market_training,0.5778094550722171,1.4276906325861478
2026-04-10,nan,Will the highest temperature in Hong Kong be 29°C on April 10?,interior,29.0,30.0,interior,28.3,,2026-04-10|29.0|30.0,0.0,0.0,6h_prior,26.9,27.86791327051416,1.4987941581533517,0.14758945370790844,weather_plus_market_training,0.021782646845798847,0.15968700636578118
2026-04-10,nan,Will the highest temperature in Hong Kong be 30°C or higher on April 10?,upper_tail,30.0,inf,upper_tail,28.3,,2026-04-10|30.0|inf,0.0,0.0,6h_prior,26.9,27.86791327051416,1.4987941581533517,0.07743553968650951,weather_plus_market_training,0.00599626280654099,0.08059802983006584
2026-04-10,nan,Will the highest temperature in Hong Kong be 20°C or below on April 10?,lower_tail,-inf,21.0,lower_tail,28.3,,2026-04-10|-inf|21.0,0.0,0.0,event_day_open,26.8,28.08263575736705,1.4033437690667676,2.2443434752914339e-07,weather_plus_market_training,5.037077635083231e-14,2.2443437273643102e-07
2026-04-10,nan,Will the highest temperature in Hong Kong be 21°C on April 10?,interior,21.0,22.0,interior,28.3,,2026-04-10|21.0|22.0,0.0,0.0,event_day_open,26.8,28.08263575736705,1.4033437690667676,7.08388969680417e-06,weather_plus_market_training,5.018149323648827e-11,7.083914787700156e-06
2026-04-10,nan,Will the highest temperature in Hong Kong be 22°C on April 10?,interior,22.0,23.0,interior,28.3,,2026-04-10|22.0|23.0,0.0,0.0,event_day_open,26.8,28.08263575736705,1.4033437690667676,0.00013896967822620842,weather_plus_market_training,1.9312571466295907e-08,0.00013897933540668876
2026-04-10,nan,Will the highest temperature in Hong Kong be 23°C on April 10?,interior,23.0,24.0,interior,28.3,,2026-04-10|23.0|24.0,0.0,0.0,event_day_open,26.8,28.08263575736705,1.4033437690667676,0.0016653809477550916,weather_plus_market_training,2.773493701145647e-06,0.0016667692361725412
2026-04-10,nan,Will the highest temperature in Hong Kong be 24°C on April 10?,interior,24.0,25.0,interior,28.3,,2026-04-10|24.0|25.0,0.0,0.0,event_day_open,26.8,28.08263575736705,1.4033437690667676,0.012211559558954279,weather_plus_market_training,0.00014912218686188763,0.012286733271433255
2026-04-10,nan,Will the highest temperature in Hong Kong be 25°C on April 10?,interior,25.0,26.0,interior,28.3,,2026-04-10|25.0|26.0,0.0,0.0,event_day_open,26.8,28.08263575736705,1.4033437690667676,0.05487428486475691,weather_plus_market_training,0.003011187139418489,0.0564373284472052
2026-04-10,nan,Will the highest temperature in Hong Kong be 26°C on April 10?,interior,26.0,27.0,interior,28.3,,2026-04-10|26.0|27.0,0.0,0.0,event_day_open,26.8,28.08263575736705,1.4033437690667676,0.1513170881900394,weather_plus_market_training,0.022896861178312158,0.1640696467562092
2026-04-10,nan,Will the highest temperature in Hong Kong be 27°C on April 10?,interior,27.0,28.0,interior,28.3,,2026-04-10|27.0|28.0,0.0,0.0,event_day_open,26.8,28.08263575736705,1.4033437690667676,0.2563073010934731,weather_plus_market_training,0.06569343259382028,0.2961273685773221
2026-04-10,nan,Will the highest temperature in Hong Kong be 28°C on April 10?,interior,28.0,29.0,interior,28.3,,2026-04-10|28.0|29.0,1.0,1.0,event_day_open,26.8,28.08263575736705,1.4033437690667676,0.26682519314174724,weather_plus_market_training,0.5375452974116363,1.3211615423306051
2026-04-10,nan,Will the highest temperature in Hong Kong be 29°C on April 10?,interior,29.0,30.0,interior,28.3,,2026-04-10|29.0|30.0,0.0,0.0,event_day_open,26.8,28.08263575736705,1.4033437690667676,0.17072778181819426,weather_plus_market_training,0.029147975484560943,0.18720680840952572
2026-04-10,nan,Will the highest temperature in Hong Kong be 30°C or higher on April 10?,upper_tail,30.0,inf,upper_tail,28.3,,2026-04-10|30.0|inf,0.0,0.0,event_day_open,26.8,28.08263575736705,1.4033437690667676,0.08592513238280919,weather_plus_market_training,0.007383128375003285,0.08984279882877687
2026-04-11,nan,Will the highest temperature in Hong Kong be 20°C or below on April 11?,lower_tail,-inf,21.0,lower_tail,27.6,,2026-04-11|-inf|21.0,0.0,0.0,12h_prior,26.7,27.686993765242665,1.5030755161270724,4.316079293650606e-06,weather_plus_market_training,1.8628540469079516e-11,4.316088607928461e-06
2026-04-11,nan,Will the highest temperature in Hong Kong be 21°C on April 11?,interior,21.0,22.0,interior,27.6,,2026-04-11|21.0|22.0,0.0,0.0,12h_prior,26.7,27.686993765242665,1.5030755161270724,7.298084755497099e-05,weather_plus_market_training,5.326204109841915e-09,7.298351078665874e-05
2026-04-11,nan,Will the highest temperature in Hong Kong be 22°C on April 11?,interior,22.0,23.0,interior,27.6,,2026-04-11|22.0|23.0,0.0,0.0,12h_prior,26.7,27.686993765242665,1.5030755161270724,0.0008322865361513648,weather_plus_market_training,6.927008782588371e-07,0.0008326330788857893
2026-04-11,nan,Will the highest temperature in Hong Kong be 23°C on April 11?,interior,23.0,24.0,interior,27.6,,2026-04-11|23.0|24.0,0.0,0.0,12h_prior,26.7,27.686993765242665,1.5030755161270724,0.006174594787604615,weather_plus_market_training,3.8125620791114076e-05,0.006193736433281712
2026-04-11,nan,Will the highest temperature in Hong Kong be 24°C on April 11?,interior,24.0,25.0,interior,27.6,,2026-04-11|24.0|25.0,0.0,0.0,12h_prior,26.7,27.686993765242665,1.5030755161270724,0.029830950370285894,weather_plus_market_training,0.0008898855999944601,0.030284944700572154
2026-04-11,nan,Will the highest temperature in Hong Kong be 25°C on April 11?,interior,25.0,26.0,interior,27.6,,2026-04-11|25.0|26.0,0.0,0.0,12h_prior,26.7,27.686993765242665,1.5030755161270724,0.09393930095556288,weather_plus_market_training,0.008824592264019817,0.09864897844554964
2026-04-11,nan,Will the highest temperature in Hong Kong be 26°C on April 11?,interior,26.0,27.0,interior,27.6,,2026-04-11|26.0|27.0,0.0,0.0,12h_prior,26.7,27.686993765242665,1.5030755161270724,0.1929599919006279,weather_plus_market_training,0.037233558474290385,0.21438203560973793
2026-04-11,nan,Will the highest temperature in Hong Kong be 27°C on April 11?,interior,27.0,28.0,interior,27.6,,2026-04-11|27.0|28.0,1.0,1.0,12h_prior,26.7,27.686993765242665,1.5030755161270724,0.2586662933314765,weather_plus_market_training,0.5495756646428924,1.3522164907742171
2026-04-11,nan,Will the highest temperature in Hong Kong be 28°C on April 11?,interior,28.0,29.0,interior,27.6,,2026-04-11|28.0|29.0,0.0,0.0,12h_prior,26.7,27.686993765242665,1.5030755161270724,0.22633662693802803,weather_plus_market_training,0.051228268693684076,0.25661841852148665
2026-04-11,nan,Will the highest temperature in Hong Kong be 29°C on April 11?,interior,29.0,30.0,interior,27.6,,2026-04-11|29.0|30.0,0.0,0.0,12h_prior,26.7,27.686993765242665,1.5030755161270724,0.1292620744895966,weather_plus_market_training,0.016708683901354018,0.13841423660173358
2026-04-11,nan,Will the highest temperature in Hong Kong be 30°C or higher on April 11?,upper_tail,30.0,inf,upper_tail,27.6,,2026-04-11|30.0|inf,0.0,0.0,12h_prior,26.7,27.686993765242665,1.5030755161270724,0.061920583763817594,weather_plus_market_training,0.003834158693651951,0.06392066806283711
2026-04-11,nan,Will the highest temperature in Hong Kong be 20°C or below on April 11?,lower_tail,-inf,21.0,lower_tail,27.6,,2026-04-11|-inf|21.0,0.0,0.0,24h_prior,26.7,28.011981699997893,1.5708077843181203,4.023424910784551e-06,weather_plus_market_training,1.6187948012721672e-11,4.0234330047886e-06
2026-04-11,nan,Will the highest temperature in Hong Kong be 21°C on April 11?,interior,21.0,22.0,interior,27.6,,2026-04-11|21.0|22.0,0.0,0.0,24h_prior,26.7,28.011981699997893,1.5708077843181203,6.074999507908292e-05,weather_plus_market_training,3.6905619021085987e-09,6.0751840434789614e-05
2026-04-11,nan,Will the highest temperature in Hong Kong be 22°C on April 11?,interior,22.0,23.0,interior,27.6,,2026-04-11|22.0|23.0,0.0,0.0,24h_prior,26.7,28.011981699997893,1.5708077843181203,0.0006448611376673318,weather_plus_market_training,4.1584588687360544e-07,0.0006450691500416824
2026-04-11,nan,Will the highest temperature in Hong Kong be 23°C on April 11?,interior,23.0,24.0,interior,27.6,,2026-04-11|23.0|24.0,0.0,0.0,24h_prior,26.7,28.011981699997893,1.5708077843181203,0.004613678911346009,weather_plus_market_training,2.1286033096998892e-05,0.004624354777228679
2026-04-11,nan,Will the highest temperature in Hong Kong be 24°C on April 11?,interior,24.0,25.0,interior,27.6,,2026-04-11|24.0|25.0,0.0,0.0,24h_prior,26.7,28.011981699997893,1.5708077843181203,0.022265613001068323,weather_plus_market_training,0.0004957575223133427,0.022517233769654605
2026-04-11,nan,Will the highest temperature in Hong Kong be 25°C on April 11?,interior,25.0,26.0,interior,27.6,,2026-04-11|25.0|26.0,0.0,0.0,24h_prior,26.7,28.011981699997893,1.5708077843181203,0.07253284912891464,weather_plus_market_training,0.005261014202757893,0.07529790197832016
2026-04-11,nan,Will the highest temperature in Hong Kong be 26°C on April 11?,interior,26.0,27.0,interior,27.6,,2026-04-11|26.0|27.0,0.0,0.0,24h_prior,26.7,28.011981699997893,1.5708077843181203,0.15958720529709358,weather_plus_market_training,0.025468076094536694,0.17386208558779018
2026-04-11,nan,Will the highest temperature in Hong Kong be 27°C on April 11?,interior,27.0,28.0,interior,27.6,,2026-04-11|27.0|28.0,1.0,1.0,24h_prior,26.7,28.011981699997893,1.5708077843181203,0.2372480240179426,weather_plus_market_training,0.581790576864533,1.4386491702182795
2026-04-11,nan,Will the highest temperature in Hong Kong be 28°C on April 11?,interior,28.0,29.0,interior,27.6,,2026-04-11|28.0|29.0,0.0,0.0,24h_prior,26.7,28.011981699997893,1.5708077843181203,0.23836434162585635,weather_plus_market_training,0.056817559358727954,0.2722869762568183
2026-04-11,nan,Will the highest temperature in Hong Kong be 29°C on April 11?,interior,29.0,30.0,interior,27.6,,2026-04-11|29.0|30.0,0.0,0.0,24h_prior,26.7,28.011981699997893,1.5708077843181203,0.16185094285256585,weather_plus_market_training,0.026195727702264537,0.17655932182651837
2026-04-11,nan,Will the highest temperature in Hong Kong be 30°C or higher on April 11?,upper_tail,30.0,inf,upper_tail,27.6,,2026-04-11|30.0|inf,0.0,0.0,24h_prior,26.7,28.011981699997893,1.5708077843181203,0.10282771060755547,weather_plus_market_training,0.010573538068791175,0.10850736246570304
2026-04-11,nan,Will the highest temperature in Hong Kong be 20°C or below on April 11?,lower_tail,-inf,21.0,lower_tail,27.6,,2026-04-11|-inf|21.0,0.0,0.0,6h_prior,26.7,27.7007478667199,1.4987000879452772,3.892008938685469e-06,weather_plus_market_training,1.5147733578807592e-11,3.892016512574904e-06
2026-04-11,nan,Will the highest temperature in Hong Kong be 21°C on April 11?,interior,21.0,22.0,interior,27.6,,2026-04-11|21.0|22.0,0.0,0.0,6h_prior,26.7,27.7007478667199,1.4987000879452772,6.735605614803098e-05,weather_plus_market_training,4.536838299816702e-09,6.73583246690653e-05
2026-04-11,nan,Will the highest temperature in Hong Kong be 22°C on April 11?,interior,22.0,23.0,interior,27.6,,2026-04-11|22.0|23.0,0.0,0.0,6h_prior,26.7,27.7007478667199,1.4987000879452772,0.0007834931555463697,weather_plus_market_training,6.138615247880079e-07,0.0007838002467218048
2026-04-11,nan,Will the highest temperature in Hong Kong be 23°C on April 11?,interior,23.0,24.0,interior,27.6,,2026-04-11|23.0|24.0,0.0,0.0,6h_prior,26.7,27.7007478667199,1.4987000879452772,0.005914044610722325,weather_plus_market_training,3.497592365761378e-05,0.005931601829558315
2026-04-11,nan,Will the highest temperature in Hong Kong be 24°C on April 11?,interior,24.0,25.0,interior,27.6,,2026-04-11|24.0|25.0,0.0,0.0,6h_prior,26.7,27.7007478667199,1.4987000879452772,0.02899917695616312,weather_plus_market_training,0.000840952264134862,0.029427963066210677
2026-04-11,nan,Will the highest temperature in Hong Kong be 25°C on April 11?,interior,25.0,26.0,interior,27.6,,2026-04-11|25.0|26.0,0.0,0.0,6h_prior,26.7,27.7007478667199,1.4987000879452772,0.09245838361384112,weather_plus_market_training,0.008548552700484205,0.09701585561783067
2026-04-11,nan,Will the highest temperature in Hong Kong be 26°C on April 11?,interior,26.0,27.0,interior,27.6,,2026-04-11|26.0|27.0,0.0,0.0,6h_prior,26.7,27.7007478667199,1.4987000879452772,0.1918195558899391,weather_plus_market_training,0.036794742021813466,0.2129699234752772
2026-04-11,nan,Will the highest temperature in Hong Kong be 27°C on April 11?,interior,27.0,28.0,interior,27.6,,2026-04-11|27.0|28.0,1.0,1.0,6h_prior,26.7,27.7007478667199,1.4987000879452772,0.2590865036241979,weather_plus_market_training,0.5489528091118158,1.350593282218101
2026-04-11,nan,Will the highest temperature in Hong Kong be 28°C on April 11?,interior,28.0,29.0,interior,27.6,,2026-04-11|28.0|29.0,0.0,0.0,6h_prior,26.7,27.7007478667199,1.4987000879452772,0.22787449877970423,weather_plus_market_training,0.051926787194101424,0.2586081758223043
2026-04-11,nan,Will the highest temperature in Hong Kong be 29°C on April 11?,interior,29.0,30.0,interior,27.6,,2026-04-11|29.0|30.0,0.0,0.0,6h_prior,26.7,27.7007478667199,1.4987000879452772,0.13049847324397035,weather_plus_market_training,0.017029851519007246,0.13983518928821423
2026-04-11,nan,Will the highest temperature in Hong Kong be 30°C or higher on April 11?,upper_tail,30.0,inf,upper_tail,27.6,,2026-04-11|30.0|inf,0.0,0.0,6h_prior,26.7,27.7007478667199,1.4987000879452772,0.062494622060828786,weather_plus_market_training,0.003905577786525828,0.06453278468557534
2026-04-11,nan,Will the highest temperature in Hong Kong be 20°C or below on April 11?,lower_tail,-inf,21.0,lower_tail,27.6,,2026-04-11|-inf|21.0,0.0,0.0,event_day_open,26.8,28.09419026908308,1.4055498705063787,2.2408341622422427e-07,weather_plus_market_training,5.021337742671894e-14,2.2408344137369936e-07
2026-04-11,nan,Will the highest temperature in Hong Kong be 21°C on April 11?,interior,21.0,22.0,interior,27.6,,2026-04-11|21.0|22.0,0.0,0.0,event_day_open,26.8,28.09419026908308,1.4055498705063787,7.037296345718757e-06,weather_plus_market_training,4.9523539857466566e-11,7.037321107654873e-06
2026-04-11,nan,Will the highest temperature in Hong Kong be 22°C on April 11?,interior,22.0,23.0,interior,27.6,,2026-04-11|22.0|23.0,0.0,0.0,event_day_open,26.8,28.09419026908308,1.4055498705063787,0.00013758890742644186,weather_plus_market_training,1.8930707446801987e-08,0.00013759837364846504
2026-04-11,nan,Will the highest temperature in Hong Kong be 23°C on April 11?,interior,23.0,24.0,interior,27.6,,2026-04-11|23.0|24.0,0.0,0.0,event_day_open,26.8,28.09419026908308,1.4055498705063787,0.0016457426311269744,weather_plus_market_training,2.7084688079087368e-06,0.0016470983531814512
2026-04-11,nan,Will the highest temperature in Hong Kong be 24°C on April 11?,interior,24.0,25.0,interior,27.6,,2026-04-11|24.0|25.0,0.0,0.0,event_day_open,26.8,28.09419026908308,1.4055498705063787,0.012062944923499644,weather_plus_market_training,0.00014551464022738583,0.012136292700542175
2026-04-11,nan,Will the highest temperature in Hong Kong be 25°C on April 11?,interior,25.0,26.0,interior,27.6,,2026-04-11|25.0|26.0,0.0,0.0,event_day_open,26.8,28.09419026908308,1.4055498705063787,0.05426597326943182,weather_plus_market_training,0.0029447958548786887,0.055793905137857876
2026-04-11,nan,Will the highest temperature in Hong Kong be 26°C on April 11?,interior,26.0,27.0,interior,27.6,,2026-04-11|26.0|27.0,0.0,0.0,event_day_open,26.8,28.09419026908308,1.4055498705063787,0.15002399520191195,weather_plus_market_training,0.0225071991363433,0.16254715954554722
2026-04-11,nan,Will the highest temperature in Hong Kong be 27°C on April 11?,interior,27.0,28.0,interior,27.6,,2026-04-11|27.0|28.0,1.0,1.0,event_day_open,26.8,28.09419026908308,1.4055498705063787,0.2551421265993385,weather_plus_market_training,0.5548132515669558,1.3659345298775747
2026-04-11,nan,Will the highest temperature in Hong Kong be 28°C on April 11?,interior,28.0,29.0,interior,27.6,,2026-04-11|28.0|29.0,0.0,0.0,event_day_open,26.8,28.09419026908308,1.4055498705063787,0.26707325058772,weather_plus_market_training,0.0713281211794911,0.31070951467805624
2026-04-11,nan,Will the highest temperature in Hong Kong be 29°C on April 11?,interior,29.0,30.0,interior,27.6,,2026-04-11|29.0|30.0,0.0,0.0,event_day_open,26.8,28.09419026908308,1.4055498705063787,0.1720784143821399,weather_plus_market_training,0.02961098069627145,0.18883683244159605
2026-04-11,nan,Will the highest temperature in Hong Kong be 30°C or higher on April 11?,upper_tail,30.0,inf,upper_tail,27.6,,2026-04-11|30.0|inf,0.0,0.0,event_day_open,26.8,28.09419026908308,1.4055498705063787,0.08756270211764283,weather_plus_market_training,0.007667226802143053,0.09163591053592177
2026-04-12,nan,Will the highest temperature in Hong Kong be 20°C or below on April 12?,lower_tail,-inf,21.0,lower_tail,28.5,,2026-04-12|-inf|21.0,0.0,0.0,12h_prior,26.9,27.899150864491915,1.5083392139317775,2.3924438896328454e-06,weather_plus_market_training,5.723787765041538e-12,2.3924467515634218e-06
2026-04-12,nan,Will the highest temperature in Hong Kong be 21°C on April 12?,interior,21.0,22.0,interior,28.5,,2026-04-12|21.0|22.0,0.0,0.0,12h_prior,26.9,27.899150864491915,1.5083392139317775,4.356037536037567e-05,weather_plus_market_training,1.897506301536824e-09,4.356132414105565e-05
2026-04-12,nan,Will the highest temperature in Hong Kong be 22°C on April 12?,interior,22.0,23.0,interior,28.5,,2026-04-12|22.0|23.0,0.0,0.0,12h_prior,26.9,27.899150864491915,1.5083392139317775,0.0005350553986135813,weather_plus_market_training,2.862842795855383e-07,0.0005351985918331452
2026-04-12,nan,Will the highest temperature in Hong Kong be 23°C on April 12?,interior,23.0,24.0,interior,28.5,,2026-04-12|23.0|24.0,0.0,0.0,12h_prior,26.9,27.899150864491915,1.5083392139317775,0.004287061696542487,weather_plus_market_training,1.8378897989961747e-05,0.0042962774940972824
2026-04-12,nan,Will the highest temperature in Hong Kong be 24°C on April 12?,interior,24.0,25.0,interior,28.5,,2026-04-12|24.0|25.0,0.0,0.0,12h_prior,26.9,27.899150864491915,1.5083392139317775,0.022429683273000454,weather_plus_market_training,0.0005030906917271164,0.022685054439245927
2026-04-12,nan,Will the highest temperature in Hong Kong be 25°C on April 12?,interior,25.0,26.0,interior,28.5,,2026-04-12|25.0|26.0,0.0,0.0,12h_prior,26.9,27.899150864491915,1.5083392139317775,0.07669923908000252,weather_plus_market_training,0.005882773275451386,0.07980024607306213
2026-04-12,nan,Will the highest temperature in Hong Kong be 26°C on April 12?,interior,26.0,27.0,interior,28.5,,2026-04-12|26.0|27.0,0.0,0.0,12h_prior,26.9,27.899150864491915,1.5083392139317775,0.1715506079489476,weather_plus_market_training,0.029429611087653528,0.18819952780613394
2026-04-12,nan,Will the highest temperature in Hong Kong be 27°C on April 12?,interior,27.0,28.0,interior,28.5,,2026-04-12|27.0|28.0,0.0,0.0,12h_prior,26.9,27.899150864491915,1.5083392139317775,0.25110623704011975,weather_plus_market_training,0.0630543422804488,0.2891581440297824
2026-04-12,nan,Will the highest temperature in Hong Kong be 28°C on April 12?,interior,28.0,29.0,interior,28.5,,2026-04-12|28.0|29.0,1.0,1.0,12h_prior,26.9,27.899150864491915,1.5083392139317775,0.2406027434554735,weather_plus_market_training,0.5766841932473534,1.4246080729484896
2026-04-12,nan,Will the highest temperature in Hong Kong be 29°C on April 12?,interior,29.0,30.0,interior,28.5,,2026-04-12|29.0|30.0,0.0,0.0,12h_prior,26.9,27.899150864491915,1.5083392139317775,0.15090671709255687,weather_plus_market_training,0.022772837263652996,0.16358622484612317
2026-04-12,nan,Will the highest temperature in Hong Kong be 30°C or higher on April 12?,upper_tail,30.0,inf,upper_tail,28.5,,2026-04-12|30.0|inf,0.0,0.0,12h_prior,26.9,27.899150864491915,1.5083392139317775,0.08183670219549322,weather_plus_market_training,0.0066972458262338445,0.08538001986255116
2026-04-12,nan,Will the highest temperature in Hong Kong be 20°C or below on April 12?,lower_tail,-inf,21.0,lower_tail,28.5,,2026-04-12|-inf|21.0,0.0,0.0,24h_prior,27.0,28.329057021207287,1.571752111217706,1.5582749638634765e-06,weather_plus_market_training,2.428220863003719e-12,1.5582761779537805e-06
2026-04-12,nan,Will the highest temperature in Hong Kong be 21°C on April 12?,interior,21.0,22.0,interior,28.5,,2026-04-12|21.0|22.0,0.0,0.0,24h_prior,27.0,28.329057021207287,1.571752111217706,2.6717956137401426e-05,weather_plus_market_training,7.138491801601065e-10,2.6718313068348647e-05
2026-04-12,nan,Will the highest temperature in Hong Kong be 22°C on April 12?,interior,22.0,23.0,interior,28.5,,2026-04-12|22.0|23.0,0.0,0.0,24h_prior,27.0,28.329057021207287,1.571752111217706,0.000320524547164111,weather_plus_market_training,1.027359853347584e-07,0.00032057592613591115
2026-04-12,nan,Will the highest temperature in Hong Kong be 23°C on April 12?,interior,23.0,24.0,interior,28.5,,2026-04-12|23.0|24.0,0.0,0.0,24h_prior,27.0,28.329057021207287,1.571752111217706,0.0025922038579471373,weather_plus_market_training,6.719520841156023e-06,0.002595569435801761
2026-04-12,nan,Will the highest temperature in Hong Kong be 24°C on April 12?,interior,24.0,25.0,interior,28.5,,2026-04-12|24.0|25.0,0.0,0.0,24h_prior,27.0,28.329057021207287,1.571752111217706,0.014144211043487752,weather_plus_market_training,0.00020005870604272087,0.014245193741138024
2026-04-12,nan,Will the highest temperature in Hong Kong be 25°C on April 12?,interior,25.0,26.0,interior,28.5,,2026-04-12|25.0|26.0,0.0,0.0,24h_prior,27.0,28.329057021207287,1.571752111217706,0.05210860225499615,weather_plus_market_training,0.00271530642896939,0.05351534263025094
2026-04-12,nan,Will the highest temperature in Hong Kong be 26°C on April 12?,interior,26.0,27.0,interior,28.5,,2026-04-12|26.0|27.0,0.0,0.0,24h_prior,27.0,28.329057021207287,1.571752111217706,0.12969708537124425,weather_plus_market_training,0.016821333953795817,0.13891395019910702
2026-04-12,nan,Will the highest temperature in Hong Kong be 27°C on April 12?,interior,27.0,28.0,interior,28.5,,2026-04-12|27.0|28.0,0.0,0.0,24h_prior,27.0,28.329057021207287,1.571752111217706,0.21819394656858054,weather_plus_market_training,0.04760859831917258,0.24614858271207266
2026-04-12,nan,Will the highest temperature in Hong Kong be 28°C on April 12?,interior,28.0,29.0,interior,28.5,,2026-04-12|28.0|29.0,1.0,1.0,24h_prior,27.0,28.329057021207287,1.571752111217706,0.24818026275990357,weather_plus_market_training,0.5652329173037677,1.3935999308889293
2026-04-12,nan,Will the highest temperature in Hong Kong be 29°C on April 12?,interior,29.0,30.0,interior,28.5,,2026-04-12|29.0|30.0,0.0,0.0,24h_prior,27.0,28.329057021207287,1.571752111217706,0.19086850497379737,weather_plus_market_training,0.03643078619093251,0.21179383492643128
2026-04-12,nan,Will the highest temperature in Hong Kong be 30°C or higher on April 12?,upper_tail,30.0,inf,upper_tail,28.5,,2026-04-12|30.0|inf,0.0,0.0,24h_prior,27.0,28.329057021207287,1.571752111217706,0.14386638239177785,weather_plus_market_training,0.020697535982497246,0.15532881968529624
2026-04-12,nan,Will the highest temperature in Hong Kong be 20°C or below on April 12?,lower_tail,-inf,21.0,lower_tail,28.5,,2026-04-12|-inf|21.0,0.0,0.0,6h_prior,27.2,28.19957429605332,1.5079230699697272,9.007844809921586e-07,weather_plus_market_training,8.114126811963126e-13,9.007848867126404e-07
2026-04-12,nan,Will the highest temperature in Hong Kong be 21°C on April 12?,interior,21.0,22.0,interior,28.5,,2026-04-12|21.0|22.0,0.0,0.0,6h_prior,27.2,28.19957429605332,1.5079230699697272,1.876825980130731e-05,weather_plus_market_training,3.522475759693679e-10,1.8768435927285637e-05
2026-04-12,nan,Will the highest temperature in Hong Kong be 22°C on April 12?,interior,22.0,23.0,interior,28.5,,2026-04-12|22.0|23.0,0.0,0.0,6h_prior,27.2,28.19957429605332,1.5079230699697272,0.0002625308485232019,weather_plus_market_training,6.892244642631239e-08,0.0002625653157790585
2026-04-12,nan,Will the highest temperature in Hong Kong be 23°C on April 12?,interior,23.0,24.0,interior,28.5,,2026-04-12|23.0|24.0,0.0,0.0,6h_prior,27.2,28.19957429605332,1.5079230699697272,0.002394139480805662,weather_plus_market_training,5.731903853552406e-06,0.0023970100152876823
2026-04-12,nan,Will the highest temperature in Hong Kong be 24°C on April 12?,interior,24.0,25.0,interior,28.5,,2026-04-12|24.0|25.0,0.0,0.0,6h_prior,27.2,28.19957429605332,1.5079230699697272,0.01424917055775772,weather_plus_market_training,0.00020303886158406947,0.014351664792096888
2026-04-12,nan,Will the highest temperature in Hong Kong be 25°C on April 12?,interior,25.0,26.0,interior,28.5,,2026-04-12|25.0|26.0,0.0,0.0,6h_prior,27.2,28.19957429605332,1.5079230699697272,0.05540135902381944,weather_plus_market_training,0.0030693105816861394,0.05699516025058519
2026-04-12,nan,Will the highest temperature in Hong Kong be 26°C on April 12?,interior,26.0,27.0,interior,28.5,,2026-04-12|26.0|27.0,0.0,0.0,6h_prior,27.2,28.19957429605332,1.5079230699697272,0.14083034244219816,weather_plus_market_training,0.0198331853523868,0.15178887061159038
2026-04-12,nan,Will the highest temperature in Hong Kong be 27°C on April 12?,interior,27.0,28.0,interior,28.5,,2026-04-12|27.0|28.0,0.0,0.0,6h_prior,27.2,28.19957429605332,1.5079230699697272,0.23419634130755523,weather_plus_market_training,0.0548479262818449,0.2668294623420443
2026-04-12,nan,Will the highest temperature in Hong Kong be 28°C on April 12?,interior,28.0,29.0,interior,28.5,,2026-04-12|28.0|29.0,1.0,1.0,6h_prior,27.2,28.19957429605332,1.5079230699697272,0.2548723850497139,weather_plus_market_training,0.5552151625615018,1.366992309876436
2026-04-12,nan,Will the highest temperature in Hong Kong be 29°C on April 12?,interior,29.0,30.0,interior,28.5,,2026-04-12|29.0|30.0,0.0,0.0,6h_prior,27.2,28.19957429605332,1.5079230699697272,0.1815306108977044,weather_plus_market_training,0.03295336269289375,0.20031928164574736
2026-04-12,nan,Will the highest temperature in Hong Kong be 30°C or higher on April 12?,upper_tail,30.0,inf,upper_tail,28.5,,2026-04-12|30.0|inf,0.0,0.0,6h_prior,27.2,28.19957429605332,1.5079230699697272,0.11624345134764003,weather_plus_market_training,0.013512539981211154,0.12357365172541723
2026-04-12,nan,Will the highest temperature in Hong Kong be 20°C or below on April 12?,lower_tail,-inf,21.0,lower_tail,28.5,,2026-04-12|-inf|21.0,0.0,0.0,event_day_open,27.1,28.40213050466449,1.4111228507121245,7.790389455154605e-08,weather_plus_market_training,6.069016786298407e-15,7.7903897592038e-08
2026-04-12,nan,Will the highest temperature in Hong Kong be 21°C on April 12?,interior,21.0,22.0,interior,28.5,,2026-04-12|21.0|22.0,0.0,0.0,event_day_open,27.1,28.40213050466449,1.4111228507121245,2.776384592238011e-06,weather_plus_market_training,7.708311404016627e-12,2.7763884463919e-06
2026-04-12,nan,Will the highest temperature in Hong Kong be 22°C on April 12?,interior,22.0,23.0,interior,28.5,,2026-04-12|22.0|23.0,0.0,0.0,event_day_open,27.1,28.40213050466449,1.4111228507121245,6.167462895508508e-05,weather_plus_market_training,3.803759856747419e-09,6.167653091325226e-05
2026-04-12,nan,Will the highest temperature in Hong Kong be 23°C on April 12?,interior,23.0,24.0,interior,28.5,,2026-04-12|23.0|24.0,0.0,0.0,event_day_open,27.1,28.40213050466449,1.4111228507121245,0.0008409731411144494,weather_plus_market_training,7.072358240759036e-07,0.0008413269574070324
2026-04-12,nan,Will the highest temperature in Hong Kong be 24°C on April 12?,interior,24.0,25.0,interior,28.5,,2026-04-12|24.0|25.0,0.0,0.0,event_day_open,27.1,28.40213050466449,1.4111228507121245,0.007050262081369088,weather_plus_market_training,4.970619541599079e-05,0.007075232614159514
2026-04-12,nan,Will the highest temperature in Hong Kong be 25°C on April 12?,interior,25.0,26.0,interior,28.5,,2026-04-12|25.0|26.0,0.0,0.0,event_day_open,27.1,28.40213050466449,1.4111228507121245,0.0363953965713603,weather_plus_market_training,0.0013246248915865853,0.03707423092962775
2026-04-12,nan,Will the highest temperature in Hong Kong be 26°C on April 12?,interior,26.0,27.0,interior,28.5,,2026-04-12|26.0|27.0,0.0,0.0,event_day_open,27.1,28.40213050466449,1.4111228507121245,0.11585095877172921,weather_plus_market_training,0.013421444648328902,0.1231296318811384
2026-04-12,nan,Will the highest temperature in Hong Kong be 27°C on April 12?,interior,27.0,28.0,interior,28.5,,2026-04-12|27.0|28.0,0.0,0.0,event_day_open,27.1,28.40213050466449,1.4111228507121245,0.22763067634633388,weather_plus_market_training,0.05181572481388941,0.25829244483833574
2026-04-12,nan,Will the highest temperature in Hong Kong be 28°C on April 12?,interior,28.0,29.0,interior,28.5,,2026-04-12|28.0|29.0,1.0,1.0,event_day_open,27.1,28.40213050466449,1.4111228507121245,0.27626888610772027,weather_plus_market_training,0.52378672521576,1.2863806624862257
2026-04-12,nan,Will the highest temperature in Hong Kong be 29°C on April 12?,interior,29.0,30.0,interior,28.5,,2026-04-12|29.0|30.0,0.0,0.0,event_day_open,27.1,28.40213050466449,1.4111228507121245,0.20715235679900645,weather_plus_market_training,0.042912098927382875,0.2321242029170459
2026-04-12,nan,Will the highest temperature in Hong Kong be 30°C or higher on April 12?,upper_tail,30.0,inf,upper_tail,28.5,,2026-04-12|30.0|inf,0.0,0.0,event_day_open,27.1,28.40213050466449,1.4111228507121245,0.12874596126392446,weather_plus_market_training,0.01657552254177194,0.13782168135306808
2026-04-13,nan,Will the highest temperature in Hong Kong be 21°C or below on April 13?,lower_tail,-inf,22.0,lower_tail,29.7,,2026-04-13|-inf|22.0,0.0,0.0,12h_prior,27.0,28.016008316503022,1.5119780545692494,3.461753808552746e-05,weather_plus_market_training,1.1983739431029442e-09,3.46181372863353e-05
2026-04-13,nan,Will the highest temperature in Hong Kong be 22°C on April 13?,interior,22.0,23.0,interior,29.7,,2026-04-13|22.0|23.0,0.0,0.0,12h_prior,27.0,28.016008316503022,1.5119780545692494,0.00041949433226169734,weather_plus_market_training,1.7597549479968733e-07,0.0004195823446237902
2026-04-13,nan,Will the highest temperature in Hong Kong be 23°C on April 13?,interior,23.0,24.0,interior,29.7,,2026-04-13|23.0|24.0,0.0,0.0,12h_prior,27.0,28.016008316503022,1.5119780545692494,0.003498060118874751,weather_plus_market_training,1.2236424595262037e-05,0.003504192636626272
2026-04-13,nan,Will the highest temperature in Hong Kong be 24°C on April 13?,interior,24.0,25.0,interior,29.7,,2026-04-13|24.0|25.0,0.0,0.0,12h_prior,27.0,28.016008316503022,1.5119780545692494,0.01908326209845251,weather_plus_market_training,0.0003641708923182341,0.01926769773693296
2026-04-13,nan,Will the highest temperature in Hong Kong be 25°C on April 13?,interior,25.0,26.0,interior,29.7,,2026-04-13|25.0|26.0,0.0,0.0,12h_prior,27.0,28.016008316503022,1.5119780545692494,0.06817170957562586,weather_plus_market_training,0.004647381986463479,0.07060671901249141
2026-04-13,nan,Will the highest temperature in Hong Kong be 26°C on April 13?,interior,26.0,27.0,interior,29.7,,2026-04-13|26.0|27.0,0.0,0.0,12h_prior,27.0,28.016008316503022,1.5119780545692494,0.1595933226752761,weather_plus_market_training,0.025470028642534795,0.1738693646302863
2026-04-13,nan,Will the highest temperature in Hong Kong be 27°C on April 13?,interior,27.0,28.0,interior,29.7,,2026-04-13|27.0|28.0,0.0,0.0,12h_prior,27.0,28.016008316503022,1.5119780545692494,0.24497574552103152,weather_plus_market_training,0.06001311589358519,0.2810054051114069
2026-04-13,nan,Will the highest temperature in Hong Kong be 28°C on April 13?,interior,28.0,29.0,interior,29.7,,2026-04-13|28.0|29.0,0.0,0.0,12h_prior,27.0,28.016008316503022,1.5119780545692494,0.2466352120866495,weather_plus_market_training,0.06082892784102659,0.2832057223883042
2026-04-13,nan,Will the highest temperature in Hong Kong be 29°C on April 13?,interior,29.0,30.0,interior,29.7,,2026-04-13|29.0|30.0,1.0,1.0,12h_prior,27.0,28.016008316503022,1.5119780545692494,0.1628593537696844,weather_plus_market_training,0.7008044615709104,1.8148683109622954
2026-04-13,nan,Will the highest temperature in Hong Kong be 30°C on April 13?,interior,30.0,31.0,interior,29.7,,2026-04-13|30.0|31.0,0.0,0.0,12h_prior,27.0,28.016008316503022,1.5119780545692494,0.0705137863115689,weather_plus_market_training,0.004972194059993602,0.07312330389574212
2026-04-13,nan,Will the highest temperature in Hong Kong be 31°C or higher on April 13?,upper_tail,31.0,inf,upper_tail,29.7,,2026-04-13|31.0|inf,0.0,0.0,12h_prior,27.0,28.016008316503022,1.5119780545692494,0.024215435972489208,weather_plus_market_training,0.0005863873393377243,0.024513450512656517
2026-04-13,nan,Will the highest temperature in Hong Kong be 21°C or below on April 13?,lower_tail,-inf,22.0,lower_tail,29.7,,2026-04-13|-inf|22.0,0.0,0.0,24h_prior,27.1,28.4402050275282,1.572185587696598,2.0986764344447024e-05,weather_plus_market_training,4.404442776493529e-10,2.0986984569697257e-05
2026-04-13,nan,Will the highest temperature in Hong Kong be 22°C on April 13?,interior,22.0,23.0,interior,29.7,,2026-04-13|22.0|23.0,0.0,0.0,24h_prior,27.1,28.4402050275282,1.572185587696598,0.00024881851017377463,weather_plus_market_training,6.191065100509679e-08,0.0002488494706350757
2026-04-13,nan,Will the highest temperature in Hong Kong be 23°C on April 13?,interior,23.0,24.0,interior,29.7,,2026-04-13|23.0|24.0,0.0,0.0,24h_prior,27.1,28.4402050275282,1.572185587696598,0.002099953577775609,weather_plus_market_training,4.4098050288125804e-06,0.0021021615719550584
2026-04-13,nan,Will the highest temperature in Hong Kong be 24°C on April 13?,interior,24.0,25.0,interior,29.7,,2026-04-13|24.0|25.0,0.0,0.0,24h_prior,27.1,28.4402050275282,1.572185587696598,0.011958951698648905,weather_plus_market_training,0.00014301652573061753,0.0120310352336006
2026-04-13,nan,Will the highest temperature in Hong Kong be 25°C on April 13?,interior,25.0,26.0,interior,29.7,,2026-04-13|25.0|26.0,0.0,0.0,24h_prior,27.1,28.4402050275282,1.572185587696598,0.04598923808717365,weather_plus_market_training,0.0021150100198387436,0.0470803267664238
2026-04-13,nan,Will the highest temperature in Hong Kong be 26°C on April 13?,interior,26.0,27.0,interior,29.7,,2026-04-13|26.0|27.0,0.0,0.0,24h_prior,27.1,28.4402050275282,1.572185587696598,0.11950164951240284,weather_plus_market_training,0.01428064423618517,0.127267224429122
2026-04-13,nan,Will the highest temperature in Hong Kong be 27°C on April 13?,interior,27.0,28.0,interior,29.7,,2026-04-13|27.0|28.0,0.0,0.0,24h_prior,27.1,28.4402050275282,1.572185587696598,0.20992084689843188,weather_plus_market_training,0.04406676196255488,0.2356221447406801
2026-04-13,nan,Will the highest temperature in Hong Kong be 28°C on April 13?,interior,28.0,29.0,interior,29.7,,2026-04-13|28.0|29.0,0.0,0.0,24h_prior,27.1,28.4402050275282,1.572185587696598,0.24936235149245956,weather_plus_market_training,0.062181582341848944,0.2868322356553343
2026-04-13,nan,Will the highest temperature in Hong Kong be 29°C on April 13?,interior,29.0,30.0,interior,29.7,,2026-04-13|29.0|30.0,1.0,1.0,24h_prior,27.1,28.4402050275282,1.572185587696598,0.20032742968400497,weather_plus_market_training,0.63947621971579,1.6078021026806852
2026-04-13,nan,Will the highest temperature in Hong Kong be 30°C on April 13?,interior,30.0,31.0,interior,29.7,,2026-04-13|30.0|31.0,0.0,0.0,24h_prior,27.1,28.4402050275282,1.572185587696598,0.10882599651418134,weather_plus_market_training,0.011843097517304611,0.11521558047041791
2026-04-13,nan,Will the highest temperature in Hong Kong be 31°C or higher on April 13?,upper_tail,31.0,inf,upper_tail,29.7,,2026-04-13|31.0|inf,0.0,0.0,24h_prior,27.1,28.4402050275282,1.572185587696598,0.05174377726040302,weather_plus_market_training,0.002677418485174201,0.053130536093931056
2026-04-13,nan,Will the highest temperature in Hong Kong be 21°C or below on April 13?,lower_tail,-inf,22.0,lower_tail,29.7,,2026-04-13|-inf|22.0,0.0,0.0,6h_prior,27.1,28.12388423220323,1.5089514735877272,2.4708155984434548e-05,weather_plus_market_training,6.104929721511488e-10,2.470846123594621e-05
2026-04-13,nan,Will the highest temperature in Hong Kong be 22°C on April 13?,interior,22.0,23.0,interior,29.7,,2026-04-13|22.0|23.0,0.0,0.0,6h_prior,27.1,28.12388423220323,1.5089514735877272,0.0003176101733040032,weather_plus_market_training,1.0087622218619896e-07,0.0003176606220974152
2026-04-13,nan,Will the highest temperature in Hong Kong be 23°C on April 13?,interior,23.0,24.0,interior,29.7,,2026-04-13|23.0|24.0,0.0,0.0,6h_prior,27.1,28.12388423220323,1.5089514735877272,0.0027962043532620646,weather_plus_market_training,7.818758785201721e-06,0.002800121035588011
2026-04-13,nan,Will the highest temperature in Hong Kong be 24°C on April 13?,interior,24.0,25.0,interior,29.7,,2026-04-13|24.0|25.0,0.0,0.0,6h_prior,27.1,28.12388423220323,1.5089514735877272,0.01607664647377535,weather_plus_market_training,0.00025845856184275335,0.016207277721583847
2026-04-13,nan,Will the highest temperature in Hong Kong be 25°C on April 13?,interior,25.0,26.0,interior,29.7,,2026-04-13|25.0|26.0,0.0,0.0,6h_prior,27.1,28.12388423220323,1.5089514735877272,0.06042097972812235,weather_plus_market_training,0.0036506947913061715,0.062323354807795765
2026-04-13,nan,Will the highest temperature in Hong Kong be 26°C on April 13?,interior,26.0,27.0,interior,29.7,,2026-04-13|26.0|27.0,0.0,0.0,6h_prior,27.1,28.12388423220323,1.5089514735877272,0.14855672773246398,weather_plus_market_training,0.02206910135457743,0.1608224020410798
2026-04-13,nan,Will the highest temperature in Hong Kong be 27°C on April 13?,interior,27.0,28.0,interior,29.7,,2026-04-13|27.0|28.0,0.0,0.0,6h_prior,27.1,28.12388423220323,1.5089514735877272,0.23909090011755801,weather_plus_market_training,0.0571644585190241,0.2732413765040522
2026-04-13,nan,Will the highest temperature in Hong Kong be 28°C on April 13?,interior,28.0,29.0,interior,29.7,,2026-04-13|28.0|29.0,0.0,0.0,6h_prior,27.1,28.12388423220323,1.5089514735877272,0.2519653289863659,weather_plus_market_training,0.0634865270112076,0.29030595045935764
2026-04-13,nan,Will the highest temperature in Hong Kong be 29°C on April 13?,interior,29.0,30.0,interior,29.7,,2026-04-13|29.0|30.0,1.0,1.0,6h_prior,27.1,28.12388423220323,1.5089514735877272,0.1738766851328346,weather_plus_market_training,0.6824797313671137,1.7494089371516497
2026-04-13,nan,Will the highest temperature in Hong Kong be 30°C on April 13?,interior,30.0,31.0,interior,29.7,,2026-04-13|30.0|31.0,0.0,0.0,6h_prior,27.1,28.12388423220323,1.5089514735877272,0.07855143887744898,weather_plus_market_training,0.006170328549717602,0.0818083242414206
2026-04-13,nan,Will the highest temperature in Hong Kong be 31°C or higher on April 13?,upper_tail,31.0,inf,upper_tail,29.7,,2026-04-13|31.0|inf,0.0,0.0,6h_prior,27.1,28.12388423220323,1.5089514735877272,0.028322770268880304,weather_plus_market_training,0.0008021793157037701,0.028731597846404423
2026-04-13,nan,Will the highest temperature in Hong Kong be 21°C or below on April 13?,lower_tail,-inf,22.0,lower_tail,29.7,,2026-04-13|-inf|22.0,0.0,0.0,event_day_open,27.0,28.313563755397208,1.4118946452140717,3.880082986798032e-06,weather_plus_market_training,1.505504398443954e-11,3.880090514337227e-06
2026-04-13,nan,Will the highest temperature in Hong Kong be 22°C on April 13?,interior,22.0,23.0,interior,29.7,,2026-04-13|22.0|23.0,0.0,0.0,event_day_open,27.0,28.313563755397208,1.4118946452140717,7.991993551927363e-05,weather_plus_market_training,6.387196093404854e-09,7.99231292874687e-05
2026-04-13,nan,Will the highest temperature in Hong Kong be 23°C on April 13?,interior,23.0,24.0,interior,29.7,,2026-04-13|23.0|24.0,0.0,0.0,event_day_open,27.0,28.313563755397208,1.4118946452140717,0.001040903177004492,weather_plus_market_training,1.0834794238980447e-06,0.0010414452929425155
2026-04-13,nan,Will the highest temperature in Hong Kong be 24°C on April 13?,interior,24.0,25.0,interior,29.7,,2026-04-13|24.0|25.0,0.0,0.0,event_day_open,27.0,28.313563755397208,1.4118946452140717,0.008340676225016136,weather_plus_market_training,6.956687989054942e-05,0.00837565429458567
2026-04-13,nan,Will the highest temperature in Hong Kong be 25°C on April 13?,interior,25.0,26.0,interior,29.7,,2026-04-13|25.0|26.0,0.0,0.0,event_day_open,27.0,28.313563755397208,1.4118946452140717,0.04118046734705781,weather_plus_market_training,0.0016958308909220947,0.04205240465095919
2026-04-13,nan,Will the highest temperature in Hong Kong be 26°C on April 13?,interior,26.0,27.0,interior,29.7,,2026-04-13|26.0|27.0,0.0,0.0,event_day_open,27.0,28.313563755397208,1.4118946452140717,0.12544771406966962,weather_plus_market_training,0.015737128965305585,0.13404319679641624
2026-04-13,nan,Will the highest temperature in Hong Kong be 27°C on April 13?,interior,27.0,28.0,interior,29.7,,2026-04-13|27.0|28.0,0.0,0.0,event_day_open,27.0,28.313563755397208,1.4118946452140717,0.236029432725944,weather_plus_market_training,0.05570989311293093,0.2692260150681025
2026-04-13,nan,Will the highest temperature in Hong Kong be 28°C on April 13?,interior,28.0,29.0,interior,29.7,,2026-04-13|28.0|29.0,0.0,0.0,event_day_open,27.0,28.313563755397208,1.4118946452140717,0.27445755922281445,weather_plus_market_training,0.0753269518145447,0.3208357097097626
2026-04-13,nan,Will the highest temperature in Hong Kong be 29°C on April 13?,interior,29.0,30.0,interior,29.7,,2026-04-13|29.0|30.0,1.0,1.0,event_day_open,27.0,28.313563755397208,1.4118946452140717,0.19726827113888568,weather_plus_market_training,0.6443782285203535,1.6231906941980236
2026-04-13,nan,Will the highest temperature in Hong Kong be 30°C on April 13?,interior,30.0,31.0,interior,29.7,,2026-04-13|30.0|31.0,0.0,0.0,event_day_open,27.0,28.313563755397208,1.4118946452140717,0.08761244875139007,weather_plus_market_training,0.007675941176214952,0.09169043262748934
2026-04-13,nan,Will the highest temperature in Hong Kong be 31°C or higher on April 13?,upper_tail,31.0,inf,upper_tail,29.7,,2026-04-13|31.0|inf,0.0,0.0,event_day_open,27.0,28.313563755397208,1.4118946452140717,0.028538727323711655,weather_plus_market_training,0.0008144589572571662,0.028953874390719656
2026-04-14,nan,Will the highest temperature in Hong Kong be 20°C or below on April 14?,lower_tail,-inf,21.0,lower_tail,29.0,,2026-04-14|-inf|21.0,0.0,0.0,12h_prior,27.3,28.32701591084629,1.51768554847567,6.903997290253032e-07,weather_plus_market_training,4.76651785838212e-13,6.90399967379051e-07
2026-04-14,nan,Will the highest temperature in Hong Kong be 21°C on April 14?,interior,21.0,22.0,interior,29.0,,2026-04-14|21.0|22.0,0.0,0.0,12h_prior,27.3,28.32701591084629,1.51768554847567,1.4616065378271702e-05,weather_plus_market_training,2.136293671419127e-10,1.4616172193950073e-05
2026-04-14,nan,Will the highest temperature in Hong Kong be 22°C on April 14?,interior,22.0,23.0,interior,29.0,,2026-04-14|22.0|23.0,0.0,0.0,12h_prior,27.3,28.32701591084629,1.51768554847567,0.00020878039872268921,weather_plus_market_training,4.358925489080509e-08,0.00020880219638418884
2026-04-14,nan,Will the highest temperature in Hong Kong be 23°C on April 14?,interior,23.0,24.0,interior,29.0,,2026-04-14|23.0|24.0,0.0,0.0,12h_prior,27.3,28.32701591084629,1.51768554847567,0.0019545853238170244,weather_plus_market_training,3.820403788080902e-06,0.0019564980184673337
2026-04-14,nan,Will the highest temperature in Hong Kong be 24°C on April 14?,interior,24.0,25.0,interior,29.0,,2026-04-14|24.0|25.0,0.0,0.0,12h_prior,27.3,28.32701591084629,1.51768554847567,0.012005154396568182,weather_plus_market_training,0.00014412373208544035,0.012077798248452861
2026-04-14,nan,Will the highest temperature in Hong Kong be 25°C on April 14?,interior,25.0,26.0,interior,29.0,,2026-04-14|25.0|26.0,0.0,0.0,12h_prior,27.3,28.32701591084629,1.51768554847567,0.04842131640646167,weather_plus_market_training,0.002344623882534674,0.04963290139950436
2026-04-14,nan,Will the highest temperature in Hong Kong be 26°C on April 14?,interior,26.0,27.0,interior,29.0,,2026-04-14|26.0|27.0,0.0,0.0,12h_prior,27.3,28.32701591084629,1.51768554847567,0.12835375433405133,weather_plus_market_training,0.016474686251646,0.13737161895993702
2026-04-14,nan,Will the highest temperature in Hong Kong be 27°C on April 14?,interior,27.0,28.0,interior,29.0,,2026-04-14|27.0|28.0,0.0,0.0,12h_prior,27.3,28.32701591084629,1.51768554847567,0.22374149947551675,weather_plus_market_training,0.05006025858755266,0.25326969503822944
2026-04-14,nan,Will the highest temperature in Hong Kong be 28°C on April 14?,interior,28.0,29.0,interior,29.0,,2026-04-14|28.0|29.0,0.0,0.0,12h_prior,27.3,28.32701591084629,1.51768554847567,0.2565714672805559,weather_plus_market_training,0.06582891782249738,0.29648264047344386
2026-04-14,nan,Will the highest temperature in Hong Kong be 29°C on April 14?,interior,29.0,30.0,interior,29.0,,2026-04-14|29.0|30.0,1.0,1.0,12h_prior,27.3,28.32701591084629,1.51768554847567,0.19356812939643153,weather_plus_market_training,0.6503323619251706,1.6421257385773664
2026-04-14,nan,Will the highest temperature in Hong Kong be 30°C or higher on April 14?,upper_tail,30.0,inf,upper_tail,29.0,,2026-04-14|30.0|inf,0.0,0.0,12h_prior,27.3,28.32701591084629,1.51768554847567,0.1351600065227676,weather_plus_market_training,0.018268227363234583,0.14521076779995398
2026-04-14,nan,Will the highest temperature in Hong Kong be 20°C or below on April 14?,lower_tail,-inf,21.0,lower_tail,29.0,,2026-04-14|-inf|21.0,0.0,0.0,24h_prior,27.0,28.346257146278763,1.5722892853342767,1.4889972043300715e-06,weather_plus_market_training,2.2171126745027687e-12,1.488998312870496e-06
2026-04-14,nan,Will the highest temperature in Hong Kong be 21°C on April 14?,interior,21.0,22.0,interior,29.0,,2026-04-14|21.0|22.0,0.0,0.0,24h_prior,27.0,28.346257146278763,1.5722892853342767,2.5659484087482454e-05,weather_plus_market_training,6.584091236357653e-10,2.5659813297696922e-05
2026-04-14,nan,Will the highest temperature in Hong Kong be 22°C on April 14?,interior,22.0,23.0,interior,29.0,,2026-04-14|22.0|23.0,0.0,0.0,24h_prior,27.0,28.346257146278763,1.5722892853342767,0.00030940982791007916,weather_plus_market_training,9.57344416073448e-08,0.00030945770500687776
2026-04-14,nan,Will the highest temperature in Hong Kong be 23°C on April 14?,interior,23.0,24.0,interior,29.0,,2026-04-14|23.0|24.0,0.0,0.0,24h_prior,27.0,28.346257146278763,1.5722892853342767,0.0025158179862736028,weather_plus_market_training,6.329340140057766e-06,0.002518987974201603
2026-04-14,nan,Will the highest temperature in Hong Kong be 24°C on April 14?,interior,24.0,25.0,interior,29.0,,2026-04-14|24.0|25.0,0.0,0.0,24h_prior,27.0,28.346257146278763,1.5722892853342767,0.013804948562827008,weather_plus_market_training,0.00019057660482229948,0.01390112301328603
2026-04-14,nan,Will the highest temperature in Hong Kong be 25°C on April 14?,interior,25.0,26.0,interior,29.0,,2026-04-14|25.0|26.0,0.0,0.0,24h_prior,27.0,28.346257146278763,1.5722892853342767,0.05115877963944736,weather_plus_market_training,0.0026172207341975335,0.052513806951603084
2026-04-14,nan,Will the highest temperature in Hong Kong be 26°C on April 14?,interior,26.0,27.0,interior,29.0,,2026-04-14|26.0|27.0,0.0,0.0,24h_prior,27.0,28.346257146278763,1.5722892853342767,0.12811638660127492,weather_plus_market_training,0.016413808515767334,0.13709933485420872
2026-04-14,nan,Will the highest temperature in Hong Kong be 27°C on April 14?,interior,27.0,28.0,interior,29.0,,2026-04-14|27.0|28.0,0.0,0.0,24h_prior,27.0,28.346257146278763,1.5722892853342767,0.21691553735866198,weather_plus_market_training,0.04705235034759708,0.24451471825806476
2026-04-14,nan,Will the highest temperature in Hong Kong be 28°C on April 14?,interior,28.0,29.0,interior,29.0,,2026-04-14|28.0|29.0,0.0,0.0,24h_prior,27.0,28.346257146278763,1.5722892853342767,0.2483702940496616,weather_plus_market_training,0.06168780296631537,0.2855114886071289
2026-04-14,nan,Will the highest temperature in Hong Kong be 29°C on April 14?,interior,29.0,30.0,interior,29.0,,2026-04-14|29.0|30.0,1.0,1.0,24h_prior,27.0,28.346257146278763,1.5722892853342767,0.1923373289283118,weather_plus_market_training,0.652318990242654,1.6485045270339524
2026-04-14,nan,Will the highest temperature in Hong Kong be 30°C or higher on April 14?,upper_tail,30.0,inf,upper_tail,29.0,,2026-04-14|30.0|inf,0.0,0.0,24h_prior,27.0,28.346257146278763,1.5722892853342767,0.14644434856433985,weather_plus_market_training,0.021445947226433868,0.15834453508226773
2026-04-14,nan,Will the highest temperature in Hong Kong be 20°C or below on April 14?,lower_tail,-inf,21.0,lower_tail,29.0,,2026-04-14|-inf|21.0,0.0,0.0,6h_prior,27.3,28.33720396643957,1.51352291240739,6.242997398877152e-07,weather_plus_market_training,3.8975016522386887e-13,6.24299934779352e-07
2026-04-14,nan,Will the highest temperature in Hong Kong be 21°C on April 14?,interior,21.0,22.0,interior,29.0,,2026-04-14|21.0|22.0,0.0,0.0,6h_prior,27.3,28.33720396643957,1.51352291240739,1.350555657177172e-05,weather_plus_market_training,1.824000583133263e-10,1.3505647772608196e-05
2026-04-14,nan,Will the highest temperature in Hong Kong be 22°C on April 14?,interior,22.0,23.0,interior,29.0,,2026-04-14|22.0|23.0,0.0,0.0,6h_prior,27.3,28.33720396643957,1.51352291240739,0.00019653899459632116,weather_plus_market_training,3.862757639693276e-08,0.00019655831091555347
2026-04-14,nan,Will the highest temperature in Hong Kong be 23°C on April 14?,interior,23.0,24.0,interior,29.0,,2026-04-14|23.0|24.0,0.0,0.0,6h_prior,27.3,28.33720396643957,1.51352291240739,0.0018702012123532445,weather_plus_market_training,3.4976525746875456e-06,0.0018719522221416105
2026-04-14,nan,Will the highest temperature in Hong Kong be 24°C on April 14?,interior,24.0,25.0,interior,29.0,,2026-04-14|24.0|25.0,0.0,0.0,6h_prior,27.3,28.33720396643957,1.51352291240739,0.011648821424126725,weather_plus_market_training,0.00013569504057119378,0.011717200486782481
2026-04-14,nan,Will the highest temperature in Hong Kong be 25°C on April 14?,interior,25.0,26.0,interior,29.0,,2026-04-14|25.0|26.0,0.0,0.0,6h_prior,27.3,28.33720396643957,1.51352291240739,0.04753850202459247,weather_plus_market_training,0.0022599091747421826,0.048705594871337944
2026-04-14,nan,Will the highest temperature in Hong Kong be 26°C on April 14?,interior,26.0,27.0,interior,29.0,,2026-04-14|26.0|27.0,0.0,0.0,6h_prior,27.3,28.33720396643957,1.51352291240739,0.1272137428420415,weather_plus_market_training,0.01618333636788107,0.13606459028160536
2026-04-14,nan,Will the highest temperature in Hong Kong be 27°C on April 14?,interior,27.0,28.0,interior,29.0,,2026-04-14|27.0|28.0,0.0,0.0,6h_prior,27.3,28.33720396643957,1.51352291240739,0.22336594593639048,weather_plus_market_training,0.04989234580405851,0.25278601244816445
2026-04-14,nan,Will the highest temperature in Hong Kong be 28°C on April 14?,interior,28.0,29.0,interior,29.0,,2026-04-14|28.0|29.0,0.0,0.0,6h_prior,27.3,28.33720396643957,1.51352291240739,0.2574285614403002,weather_plus_market_training,0.06626946424522241,0.2976361993850918
2026-04-14,nan,Will the highest temperature in Hong Kong be 29°C on April 14?,interior,29.0,30.0,interior,29.0,,2026-04-14|29.0|30.0,1.0,1.0,6h_prior,27.3,28.33720396643957,1.51352291240739,0.19475799936932292,weather_plus_market_training,0.6484146795796953,1.6359975200077101
2026-04-14,nan,Will the highest temperature in Hong Kong be 30°C or higher on April 14?,upper_tail,30.0,inf,upper_tail,29.0,,2026-04-14|30.0|inf,0.0,0.0,6h_prior,27.3,28.33720396643957,1.51352291240739,0.13596555689996448,weather_plus_market_training,0.018486632663117477,0.14614264627354226
2026-04-14,nan,Will the highest temperature in Hong Kong be 20°C or below on April 14?,lower_tail,-inf,21.0,lower_tail,29.0,,2026-04-14|-inf|21.0,0.0,0.0,event_day_open,27.5,28.819906268587022,1.418725177525759,1.7746544434232582e-08,weather_plus_market_training,3.1493983935619146e-16,1.774654461365743e-08
2026-04-14,nan,Will the highest temperature in Hong Kong be 21°C on April 14?,interior,21.0,22.0,interior,29.0,,2026-04-14|21.0|22.0,0.0,0.0,event_day_open,27.5,28.819906268587022,1.418725177525759,7.480587476698917e-07,weather_plus_market_training,5.595918899654468e-13,7.480590275198523e-07
2026-04-14,nan,Will the highest temperature in Hong Kong be 22°C on April 14?,interior,22.0,23.0,interior,29.0,,2026-04-14|22.0|23.0,0.0,0.0,event_day_open,27.5,28.819906268587022,1.418725177525759,1.9695470564821596e-05,weather_plus_market_training,3.879115607697539e-10,1.9695664523122713e-05
2026-04-14,nan,Will the highest temperature in Hong Kong be 23°C on April 14?,interior,23.0,24.0,interior,29.0,,2026-04-14|23.0|24.0,0.0,0.0,event_day_open,27.5,28.819906268587022,1.418725177525759,0.00031974787030896075,weather_plus_market_training,1.0223870056711598e-07,0.00031979900055873926
2026-04-14,nan,Will the highest temperature in Hong Kong be 24°C on April 14?,interior,24.0,25.0,interior,29.0,,2026-04-14|24.0|25.0,0.0,0.0,event_day_open,27.5,28.819906268587022,1.418725177525759,0.0032058021199818563,weather_plus_market_training,1.0277167232480165e-05,0.003210951712259243
2026-04-14,nan,Will the highest temperature in Hong Kong be 25°C on April 14?,interior,25.0,26.0,interior,29.0,,2026-04-14|25.0|26.0,0.0,0.0,event_day_open,27.5,28.819906268587022,1.418725177525759,0.019880085421367266,weather_plus_market_training,0.0003952177963608593,0.02008035298818428
2026-04-14,nan,Will the highest temperature in Hong Kong be 26°C on April 14?,interior,26.0,27.0,interior,29.0,,2026-04-14|26.0|27.0,0.0,0.0,event_day_open,27.5,28.819906268587022,1.418725177525759,0.07635922763085766,weather_plus_market_training,0.005830731644381136,0.07943205742511893
2026-04-14,nan,Will the highest temperature in Hong Kong be 27°C on April 14?,interior,27.0,28.0,interior,29.0,,2026-04-14|27.0|28.0,0.0,0.0,event_day_open,27.5,28.819906268587022,1.418725177525759,0.18187454727488156,weather_plus_market_training,0.033078350946443125,0.200739588948997
2026-04-14,nan,Will the highest temperature in Hong Kong be 28°C on April 14?,interior,28.0,29.0,interior,29.0,,2026-04-14|28.0|29.0,0.0,0.0,event_day_open,27.5,28.819906268587022,1.418725177525759,0.26884639602844485,weather_plus_market_training,0.0722783846574834,0.31313171275421153
2026-04-14,nan,Will the highest temperature in Hong Kong be 29°C on April 14?,interior,29.0,30.0,interior,29.0,,2026-04-14|29.0|30.0,1.0,1.0,event_day_open,27.5,28.819906268587022,1.418725177525759,0.24673243811378331,weather_plus_market_training,0.5674120197900053,1.3994507759926011
2026-04-14,nan,Will the highest temperature in Hong Kong be 30°C or higher on April 14?,upper_tail,30.0,inf,upper_tail,29.0,,2026-04-14|30.0|inf,0.0,0.0,event_day_open,27.5,28.819906268587022,1.418725177525759,0.2027612942645176,weather_plus_market_training,0.0411121424518223,0.22660113972040358
2026-04-15,nan,Will the highest temperature in Hong Kong be 20°C or below on April 15?,lower_tail,-inf,21.0,lower_tail,28.9,,2026-04-15|-inf|21.0,0.0,0.0,12h_prior,27.3,28.34630097647513,1.5196506230621365,6.683975598054801e-07,weather_plus_market_training,4.4675529795392036e-13,6.683977832331201e-07
2026-04-15,nan,Will the highest temperature in Hong Kong be 21°C on April 15?,interior,21.0,22.0,interior,28.9,,2026-04-15|21.0|22.0,0.0,0.0,12h_prior,27.3,28.34630097647513,1.5196506230621365,1.4155304581529478e-05,weather_plus_market_training,2.0037264779586943e-10,1.415540476875619e-05
2026-04-15,nan,Will the highest temperature in Hong Kong be 22°C on April 15?,interior,22.0,23.0,interior,28.9,,2026-04-15|22.0|23.0,0.0,0.0,12h_prior,27.3,28.34630097647513,1.5196506230621365,0.0002024908020392539,weather_plus_market_training,4.100252491050031e-08,0.00020251130606968828
2026-04-15,nan,Will the highest temperature in Hong Kong be 23°C on April 15?,interior,23.0,24.0,interior,28.9,,2026-04-15|23.0|24.0,0.0,0.0,12h_prior,27.3,28.34630097647513,1.5196506230621365,0.0019004501925591775,weather_plus_market_training,3.611710934398215e-06,0.0019022583392513258
2026-04-15,nan,Will the highest temperature in Hong Kong be 24°C on April 15?,interior,24.0,25.0,interior,28.9,,2026-04-15|24.0|25.0,0.0,0.0,12h_prior,27.3,28.34630097647513,1.5196506230621365,0.011714185234997171,weather_plus_market_training,0.00013722213571982573,0.011783336870058158
2026-04-15,nan,Will the highest temperature in Hong Kong be 25°C on April 15?,interior,25.0,26.0,interior,28.9,,2026-04-15|25.0|26.0,0.0,0.0,12h_prior,27.3,28.34630097647513,1.5196506230621365,0.04746537172067551,weather_plus_market_training,0.0022529615125819026,0.048628817493216375
2026-04-15,nan,Will the highest temperature in Hong Kong be 26°C on April 15?,interior,26.0,27.0,interior,28.9,,2026-04-15|26.0|27.0,0.0,0.0,12h_prior,27.3,28.34630097647513,1.5196506230621365,0.12653085249035642,weather_plus_market_training,0.016010056631936335,0.13528247057028403
2026-04-15,nan,Will the highest temperature in Hong Kong be 27°C on April 15?,interior,27.0,28.0,interior,28.9,,2026-04-15|27.0|28.0,0.0,0.0,12h_prior,27.3,28.34630097647513,1.5196506230621365,0.22204082608419745,weather_plus_market_training,0.04930212844815282,0.25108123186727166
2026-04-15,nan,Will the highest temperature in Hong Kong be 28°C on April 15?,interior,28.0,29.0,interior,28.9,,2026-04-15|28.0|29.0,1.0,1.0,12h_prior,27.3,28.34630097647513,1.5196506230621365,0.25659283397976246,weather_plus_market_training,0.552654214490241,1.3602647540036463
2026-04-15,nan,Will the highest temperature in Hong Kong be 29°C on April 15?,interior,29.0,30.0,interior,28.9,,2026-04-15|29.0|30.0,0.0,0.0,12h_prior,27.3,28.34630097647513,1.5196506230621365,0.1952869629994629,weather_plus_market_training,0.038136997917553594,0.2172695408918971
2026-04-15,nan,Will the highest temperature in Hong Kong be 30°C or higher on April 15?,upper_tail,30.0,inf,upper_tail,28.9,,2026-04-15|30.0|inf,0.0,0.0,12h_prior,27.3,28.34630097647513,1.5196506230621365,0.13825120279380831,weather_plus_market_training,0.01911339507393471,0.1487914693433842
2026-04-15,nan,Will the highest temperature in Hong Kong be 20°C or below on April 15?,lower_tail,-inf,21.0,lower_tail,28.9,,2026-04-15|-inf|21.0,0.0,0.0,24h_prior,27.2,28.557833842868444,1.572747989565657,7.718424325883678e-07,weather_plus_market_training,5.95740740743929e-13,7.71842730504697e-07
2026-04-15,nan,Will the highest temperature in Hong Kong be 21°C on April 15?,interior,21.0,22.0,interior,28.9,,2026-04-15|21.0|22.0,0.0,0.0,24h_prior,27.2,28.557833842868444,1.572747989565657,1.4480474585038245e-05,weather_plus_market_training,2.0968414420793856e-10,1.4480579428161066e-05
2026-04-15,nan,Will the highest temperature in Hong Kong be 22°C on April 15?,interior,22.0,23.0,interior,28.9,,2026-04-15|22.0|23.0,0.0,0.0,24h_prior,27.2,28.557833842868444,1.572747989565657,0.0001895350622552671,weather_plus_market_training,3.592353982410798e-08,0.0001895530262950998
2026-04-15,nan,Will the highest temperature in Hong Kong be 23°C on April 15?,interior,23.0,24.0,interior,28.9,,2026-04-15|23.0|24.0,0.0,0.0,24h_prior,27.2,28.557833842868444,1.572747989565657,0.0016729268580632356,weather_plus_market_training,2.7986842724293293e-06,0.0016743277628248879
2026-04-15,nan,Will the highest temperature in Hong Kong be 24°C on April 15?,interior,24.0,25.0,interior,28.9,,2026-04-15|24.0|25.0,0.0,0.0,24h_prior,27.2,28.557833842868444,1.572747989565657,0.009965530176121682,weather_plus_market_training,9.931179169119184e-05,0.010015518455716568
2026-04-15,nan,Will the highest temperature in Hong Kong be 25°C on April 15?,interior,25.0,26.0,interior,28.9,,2026-04-15|25.0|26.0,0.0,0.0,24h_prior,27.2,28.557833842868444,1.572747989565657,0.040094693845944274,weather_plus_market_training,0.0016075844746000017,0.040920638808301615
2026-04-15,nan,Will the highest temperature in Hong Kong be 26°C on April 15?,interior,26.0,27.0,interior,28.9,,2026-04-15|26.0|27.0,0.0,0.0,24h_prior,27.2,28.557833842868444,1.572747989565657,0.10902276922009789,weather_plus_market_training,0.011885964208418724,0.11543640651809871
2026-04-15,nan,Will the highest temperature in Hong Kong be 27°C on April 15?,interior,27.0,28.0,interior,28.9,,2026-04-15|27.0|28.0,0.0,0.0,24h_prior,27.2,28.557833842868444,1.572747989565657,0.20045120068812483,weather_plus_market_training,0.0401806838573109,0.22370771128267855
2026-04-15,nan,Will the highest temperature in Hong Kong be 28°C on April 15?,interior,28.0,29.0,interior,28.9,,2026-04-15|28.0|29.0,1.0,1.0,24h_prior,27.2,28.557833842868444,1.572747989565657,0.24928750414826517,weather_plus_market_training,0.563569251427941,1.389148413462311
2026-04-15,nan,Will the highest temperature in Hong Kong be 29°C on April 15?,interior,29.0,30.0,interior,28.9,,2026-04-15|29.0|30.0,0.0,0.0,24h_prior,27.2,28.557833842868444,1.572747989565657,0.20972197924569946,weather_plus_market_training,0.043983308578733595,0.23537047042670595
2026-04-15,nan,Will the highest temperature in Hong Kong be 30°C or higher on April 15?,upper_tail,30.0,inf,upper_tail,28.9,,2026-04-15|30.0|inf,0.0,0.0,24h_prior,27.2,28.557833842868444,1.572747989565657,0.17957860843841056,weather_plus_market_training,0.03224847660867598,0.19793717857290882
2026-04-15,nan,Will the highest temperature in Hong Kong be 20°C or below on April 15?,lower_tail,-inf,21.0,lower_tail,28.9,,2026-04-15|-inf|21.0,0.0,0.0,6h_prior,27.6,28.64948961125637,1.5188342516689073,2.371576415651004e-07,weather_plus_market_training,5.6243746952720634e-14,2.3715766964686556e-07
2026-04-15,nan,Will the highest temperature in Hong Kong be 21°C on April 15?,interior,21.0,22.0,interior,28.9,,2026-04-15|21.0|22.0,0.0,0.0,6h_prior,27.6,28.64948961125637,1.5188342516689073,5.750908389335085e-06,weather_plus_market_training,3.307294730252466e-11,5.7509249259273486e-06
2026-04-15,nan,Will the highest temperature in Hong Kong be 22°C on April 15?,interior,22.0,23.0,interior,28.9,,2026-04-15|22.0|23.0,0.0,0.0,6h_prior,27.6,28.64948961125637,1.5188342516689073,9.377243020788503e-05,weather_plus_market_training,8.793268667092668e-09,9.377682711712508e-05
2026-04-15,nan,Will the highest temperature in Hong Kong be 23°C on April 15?,interior,23.0,24.0,interior,28.9,,2026-04-15|23.0|24.0,0.0,0.0,6h_prior,27.6,28.64948961125637,1.5188342516689073,0.0010024155363652924,weather_plus_market_training,1.004836907546517e-06,0.0010029182908263736
2026-04-15,nan,Will the highest temperature in Hong Kong be 24°C on April 15?,interior,24.0,25.0,interior,28.9,,2026-04-15|24.0|25.0,0.0,0.0,6h_prior,27.6,28.64948961125637,1.5188342516689073,0.007032357731573164,weather_plus_market_training,4.9454055264816863e-05,0.00705720130029421
2026-04-15,nan,Will the highest temperature in Hong Kong be 25°C on April 15?,interior,25.0,26.0,interior,28.9,,2026-04-15|25.0|26.0,0.0,0.0,6h_prior,27.6,28.64948961125637,1.5188342516689073,0.032408132879506835,weather_plus_market_training,0.001050287076735772,0.0329449054898431
2026-04-15,nan,Will the highest temperature in Hong Kong be 26°C on April 15?,interior,26.0,27.0,interior,28.9,,2026-04-15|26.0|27.0,0.0,0.0,6h_prior,27.6,28.64948961125637,1.5188342516689073,0.09819164253410592,weather_plus_market_training,0.00964159866354564,0.10335324549995728
2026-04-15,nan,Will the highest temperature in Hong Kong be 27°C on April 15?,interior,27.0,28.0,interior,28.9,,2026-04-15|27.0|28.0,0.0,0.0,6h_prior,27.6,28.64948961125637,1.5188342516689073,0.1957282236500953,weather_plus_market_training,0.03830953753322172,0.21781803663658492
2026-04-15,nan,Will the highest temperature in Hong Kong be 28°C on April 15?,interior,28.0,29.0,interior,28.9,,2026-04-15|28.0|29.0,1.0,1.0,6h_prior,27.6,28.64948961125637,1.5188342516689073,0.2567930268299189,weather_plus_market_training,0.5523566049686337,1.3594848616241109
2026-04-15,nan,Will the highest temperature in Hong Kong be 29°C on April 15?,interior,29.0,30.0,interior,28.9,,2026-04-15|29.0|30.0,0.0,0.0,6h_prior,27.6,28.64948961125637,1.5188342516689073,0.22179008895280217,weather_plus_market_training,0.0491908435576919,0.2507589826515688
2026-04-15,nan,Will the highest temperature in Hong Kong be 30°C or higher on April 15?,upper_tail,30.0,inf,upper_tail,28.9,,2026-04-15|30.0|inf,0.0,0.0,6h_prior,27.6,28.64948961125637,1.5188342516689073,0.18695435138939365,weather_plus_market_training,0.034951929503428875,0.20696802265805686
2026-04-15,nan,Will the highest temperature in Hong Kong be 20°C or below on April 15?,lower_tail,-inf,21.0,lower_tail,28.9,,2026-04-15|-inf|21.0,0.0,0.0,event_day_open,26.8,28.13682268669856,1.4135248589526854,2.221172668774414e-07,weather_plus_market_training,4.9336080245104523e-14,2.2211729158061305e-07
2026-04-15,nan,Will the highest temperature in Hong Kong be 21°C on April 15?,interior,21.0,22.0,interior,28.9,,2026-04-15|21.0|22.0,0.0,0.0,event_day_open,26.8,28.13682268669856,1.4135248589526854,6.853443867245172e-06,weather_plus_market_training,4.696969284148046e-11,6.853467352147832e-06
2026-04-15,nan,Will the highest temperature in Hong Kong be 22°C on April 15?,interior,22.0,23.0,interior,28.9,,2026-04-15|22.0|23.0,0.0,0.0,event_day_open,26.8,28.13682268669856,1.4135248589526854,0.00013242679388703532,weather_plus_market_training,1.7536855739199334e-08,0.0001324355630890935
2026-04-15,nan,Will the highest temperature in Hong Kong be 23°C on April 15?,interior,23.0,24.0,interior,28.9,,2026-04-15|23.0|24.0,0.0,0.0,event_day_open,26.8,28.13682268669856,1.4135248589526854,0.0015739409747389259,weather_plus_market_training,2.4772901919621202e-06,0.0015751809210739558
2026-04-15,nan,Will the highest temperature in Hong Kong be 24°C on April 15?,interior,24.0,25.0,interior,28.9,,2026-04-15|24.0|25.0,0.0,0.0,event_day_open,26.8,28.13682268669856,1.4135248589526854,0.011524841513635644,weather_plus_market_training,0.0001328219719144195,0.011591767201795123
2026-04-15,nan,Will the highest temperature in Hong Kong be 25°C on April 15?,interior,25.0,26.0,interior,28.9,,2026-04-15|25.0|26.0,0.0,0.0,event_day_open,26.8,28.13682268669856,1.4135248589526854,0.05206707038530639,weather_plus_market_training,0.00271097981850845,0.05347152858155763
2026-04-15,nan,Will the highest temperature in Hong Kong be 26°C on April 15?,interior,26.0,27.0,interior,28.9,,2026-04-15|26.0|27.0,0.0,0.0,event_day_open,26.8,28.13682268669856,1.4135248589526854,0.14532190470015766,weather_plus_market_training,0.021118455985681704,0.15703037766339406
2026-04-15,nan,Will the highest temperature in Hong Kong be 27°C on April 15?,interior,27.0,28.0,interior,28.9,,2026-04-15|27.0|28.0,0.0,0.0,event_day_open,26.8,28.13682268669856,1.4135248589526854,0.2508171834935539,weather_plus_market_training,0.0629092595356391,0.2887722444648137
2026-04-15,nan,Will the highest temperature in Hong Kong be 28°C on April 15?,interior,28.0,29.0,interior,28.9,,2026-04-15|28.0|29.0,1.0,1.0,event_day_open,26.8,28.13682268669856,1.4135248589526854,0.26784185734033655,weather_plus_market_training,0.5360555458628482,1.3173585571906714
2026-04-15,nan,Will the highest temperature in Hong Kong be 29°C on April 15?,interior,29.0,30.0,interior,28.9,,2026-04-15|29.0|30.0,0.0,0.0,event_day_open,26.8,28.13682268669856,1.4135248589526854,0.17697981922521555,weather_plus_market_training,0.03132185641298998,0.19477455761568424
2026-04-15,nan,Will the highest temperature in Hong Kong be 30°C or higher on April 15?,upper_tail,30.0,inf,upper_tail,28.9,,2026-04-15|30.0|inf,0.0,0.0,event_day_open,26.8,28.13682268669856,1.4135248589526854,0.0937338800120342,weather_plus_market_training,0.008786040262110424,0.09842228539852174
2026-04-16,nan,Will the highest temperature in Hong Kong be 20°C or below on April 16?,lower_tail,-inf,21.0,lower_tail,30.2,,2026-04-16|-inf|21.0,0.0,0.0,12h_prior,26.9,27.979127554998747,1.5173927005567394,2.118336073046049e-06,weather_plus_market_training,4.4873477183681555e-12,2.1183383166751892e-06
2026-04-16,nan,Will the highest temperature in Hong Kong be 21°C on April 16?,interior,21.0,22.0,interior,30.2,,2026-04-16|21.0|22.0,0.0,0.0,12h_prior,26.9,27.979127554998747,1.5173927005567394,3.855533398320978e-05,weather_plus_market_training,1.486513778556851e-09,3.8556077259219816e-05
2026-04-16,nan,Will the highest temperature in Hong Kong be 22°C on April 16?,interior,22.0,23.0,interior,30.2,,2026-04-16|22.0|23.0,0.0,0.0,12h_prior,26.9,27.979127554998747,1.5173927005567394,0.0004758461858030277,weather_plus_market_training,2.2642959254328955e-07,0.0004759594365272995
2026-04-16,nan,Will the highest temperature in Hong Kong be 23°C on April 16?,interior,23.0,24.0,interior,30.2,,2026-04-16|23.0|24.0,0.0,0.0,12h_prior,26.9,27.979127554998747,1.5173927005567394,0.003849825841407096,weather_plus_market_training,1.4821159009165856e-05,0.0038572554956250757
2026-04-16,nan,Will the highest temperature in Hong Kong be 24°C on April 16?,interior,24.0,25.0,interior,30.2,,2026-04-16|24.0|25.0,0.0,0.0,12h_prior,26.9,27.979127554998747,1.5173927005567394,0.020438151259108358,weather_plus_market_training,0.0004177180268901926,0.020649900414988345
2026-04-16,nan,Will the highest temperature in Hong Kong be 25°C on April 16?,interior,25.0,26.0,interior,30.2,,2026-04-16|25.0|26.0,0.0,0.0,12h_prior,26.9,27.979127554998747,1.5173927005567394,0.07126203044139309,weather_plus_market_training,0.005078276982630036,0.07392863640299308
2026-04-16,nan,Will the highest temperature in Hong Kong be 26°C on April 16?,interior,26.0,27.0,interior,30.2,,2026-04-16|26.0|27.0,0.0,0.0,12h_prior,26.9,27.979127554998747,1.5173927005567394,0.163309680184484,weather_plus_market_training,0.026670051641958445,0.1783012652281899
2026-04-16,nan,Will the highest temperature in Hong Kong be 27°C on April 16?,interior,27.0,28.0,interior,30.2,,2026-04-16|27.0|28.0,0.0,0.0,12h_prior,26.9,27.979127554998747,1.5173927005567394,0.24611125668323003,weather_plus_market_training,0.060570750666198735,0.2825104771443311
2026-04-16,nan,Will the highest temperature in Hong Kong be 28°C on April 16?,interior,28.0,29.0,interior,30.2,,2026-04-16|28.0|29.0,0.0,0.0,12h_prior,26.9,27.979127554998747,1.5173927005567394,0.2439691103344236,weather_plus_market_training,0.05952092679737015,0.27967304429132384
2026-04-16,nan,Will the highest temperature in Hong Kong be 29°C on April 16?,interior,29.0,30.0,interior,30.2,,2026-04-16|29.0|30.0,0.0,0.0,12h_prior,26.9,27.979127554998747,1.5173927005567394,0.15908142454331464,weather_plus_market_training,0.02530689963473031,0.1732604424161796
2026-04-16,nan,Will the highest temperature in Hong Kong be 30°C or higher on April 16?,upper_tail,30.0,inf,upper_tail,30.2,,2026-04-16|30.0|inf,1.0,1.0,12h_prior,26.9,27.979127554998747,1.5173927005567394,0.09146200085677991,weather_plus_market_training,0.8254412958871657,2.39183168414066
2026-04-16,nan,Will the highest temperature in Hong Kong be 20°C or below on April 16?,lower_tail,-inf,21.0,lower_tail,30.2,,2026-04-16|-inf|21.0,0.0,0.0,24h_prior,27.0,28.36146774311311,1.5727220650563376,1.4293629812203451e-06,weather_plus_market_training,2.0430785320831126e-12,1.4293640027381298e-06
2026-04-16,nan,Will the highest temperature in Hong Kong be 21°C on April 16?,interior,21.0,22.0,interior,30.2,,2026-04-16|21.0|22.0,0.0,0.0,24h_prior,27.0,28.36146774311311,1.5727220650563376,2.4745907177422844e-05,weather_plus_market_training,6.123599220336275e-10,2.4746213362393698e-05
2026-04-16,nan,Will the highest temperature in Hong Kong be 22°C on April 16?,interior,22.0,23.0,interior,30.2,,2026-04-16|22.0|23.0,0.0,0.0,24h_prior,27.0,28.36146774311311,1.5727220650563376,0.00029978789003456697,weather_plus_market_training,8.987277901137762e-08,0.0002998328354070464
2026-04-16,nan,Will the highest temperature in Hong Kong be 23°C on April 16?,interior,23.0,24.0,interior,30.2,,2026-04-16|23.0|24.0,0.0,0.0,24h_prior,27.0,28.36146774311311,1.5727220650563376,0.0024494641516623994,weather_plus_market_training,5.999874630279198e-06,0.002452468996820737
2026-04-16,nan,Will the highest temperature in Hong Kong be 24°C on April 16?,interior,24.0,25.0,interior,30.2,,2026-04-16|24.0|25.0,0.0,0.0,24h_prior,27.0,28.36146774311311,1.5727220650563376,0.01350907563336065,weather_plus_market_training,0.00018249512446785843,0.013601153392865982
2026-04-16,nan,Will the highest temperature in Hong Kong be 25°C on April 16?,interior,25.0,26.0,interior,30.2,,2026-04-16|25.0|26.0,0.0,0.0,24h_prior,27.0,28.36146774311311,1.5727220650563376,0.050326540029069014,weather_plus_market_training,0.002532760631297486,0.05163707982137988
2026-04-16,nan,Will the highest temperature in Hong Kong be 26°C on April 16?,interior,26.0,27.0,interior,30.2,,2026-04-16|26.0|27.0,0.0,0.0,24h_prior,27.0,28.36146774311311,1.5727220650563376,0.12672289006449527,weather_plus_market_training,0.016058690866298155,0.1355023509038974
2026-04-16,nan,Will the highest temperature in Hong Kong be 27°C on April 16?,interior,27.0,28.0,interior,30.2,,2026-04-16|27.0|28.0,0.0,0.0,24h_prior,27.0,28.36146774311311,1.5727220650563376,0.2157757718710248,weather_plus_market_training,0.04655918372653654,0.24306029425688883
2026-04-16,nan,Will the highest temperature in Hong Kong be 28°C on April 16?,interior,28.0,29.0,interior,30.2,,2026-04-16|28.0|29.0,0.0,0.0,24h_prior,27.0,28.36146774311311,1.5727220650563376,0.24852065305328463,weather_plus_market_training,0.06176251499403107,0.2857115526062575
2026-04-16,nan,Will the highest temperature in Hong Kong be 29°C on April 16?,interior,29.0,30.0,interior,30.2,,2026-04-16|29.0|30.0,0.0,0.0,24h_prior,27.0,28.36146774311311,1.5727220650563376,0.19362781500152715,weather_plus_market_training,0.037491730742265625,0.215209875069357
2026-04-16,nan,Will the highest temperature in Hong Kong be 30°C or higher on April 16?,upper_tail,30.0,inf,upper_tail,30.2,,2026-04-16|30.0|inf,1.0,1.0,24h_prior,27.0,28.36146774311311,1.5727220650563376,0.14874182703538286,weather_plus_market_training,0.724640477039058,1.9055431803658385
2026-04-16,nan,Will the highest temperature in Hong Kong be 20°C or below on April 16?,lower_tail,-inf,21.0,lower_tail,30.2,,2026-04-16|-inf|21.0,0.0,0.0,6h_prior,27.1,28.18321610096261,1.5153999938553278,1.0678252593284466e-06,weather_plus_market_training,1.1402507844598642e-12,1.0678258294523806e-06
2026-04-16,nan,Will the highest temperature in Hong Kong be 21°C on April 16?,interior,21.0,22.0,interior,30.2,,2026-04-16|21.0|22.0,0.0,0.0,6h_prior,27.1,28.18321610096261,1.5153999938553278,2.1425483005885883e-05,weather_plus_market_training,4.5905132203550477e-10,2.1425712534816413e-05
2026-04-16,nan,Will the highest temperature in Hong Kong be 22°C on April 16?,interior,22.0,23.0,interior,30.2,,2026-04-16|22.0|23.0,0.0,0.0,6h_prior,27.1,28.18321610096261,1.5153999938553278,0.0002901963156330848,weather_plus_market_training,8.421390160701699e-08,0.00029023843073186045
2026-04-16,nan,Will the highest temperature in Hong Kong be 23°C on April 16?,interior,23.0,24.0,interior,30.2,,2026-04-16|23.0|24.0,0.0,0.0,6h_prior,27.1,28.18321610096261,1.5153999938553278,0.002573224014573385,weather_plus_market_training,6.621481829177167e-06,0.0025765404459902747
2026-04-16,nan,Will the highest temperature in Hong Kong be 24°C on April 16?,interior,24.0,25.0,interior,30.2,,2026-04-16|24.0|25.0,0.0,0.0,6h_prior,27.1,28.18321610096261,1.5153999938553278,0.014953093664836705,weather_plus_market_training,0.00022359501014937962,0.015066018299039204
2026-04-16,nan,Will the highest temperature in Hong Kong be 25°C on April 16?,interior,25.0,26.0,interior,30.2,,2026-04-16|25.0|26.0,0.0,0.0,6h_prior,27.1,28.18321610096261,1.5153999938553278,0.05699764775419142,weather_plus_market_training,0.0032487318495108826,0.05868650192357375
2026-04-16,nan,Will the highest temperature in Hong Kong be 26°C on April 16?,interior,26.0,27.0,interior,30.2,,2026-04-16|26.0|27.0,0.0,0.0,6h_prior,27.1,28.18321610096261,1.5153999938553278,0.14262500626360652,weather_plus_market_training,0.0203418924116938,0.153879890468214
2026-04-16,nan,Will the highest temperature in Hong Kong be 27°C on April 16?,interior,27.0,28.0,interior,30.2,,2026-04-16|27.0|28.0,0.0,0.0,6h_prior,27.1,28.18321610096261,1.5153999938553278,0.23442235123009558,weather_plus_market_training,0.05495383875624629,0.2671246336662338
2026-04-16,nan,Will the highest temperature in Hong Kong be 28°C on April 16?,interior,28.0,29.0,interior,30.2,,2026-04-16|28.0|29.0,0.0,0.0,6h_prior,27.1,28.18321610096261,1.5153999938553278,0.2531687586836483,weather_plus_market_training,0.06409442037341935,0.2919160346111658
2026-04-16,nan,Will the highest temperature in Hong Kong be 29°C on April 16?,interior,29.0,30.0,interior,30.2,,2026-04-16|29.0|30.0,0.0,0.0,6h_prior,27.1,28.18321610096261,1.5153999938553278,0.17966007211587254,weather_plus_market_training,0.03227774151268052,0.19803647842421984
2026-04-16,nan,Will the highest temperature in Hong Kong be 30°C or higher on April 16?,upper_tail,30.0,inf,upper_tail,30.2,,2026-04-16|30.0|inf,1.0,1.0,6h_prior,27.1,28.18321610096261,1.5153999938553278,0.11528715664927724,weather_plus_market_training,0.7827168151897205,2.160329248637661
2026-04-16,nan,Will the highest temperature in Hong Kong be 20°C or below on April 16?,lower_tail,-inf,21.0,lower_tail,30.2,,2026-04-16|-inf|21.0,0.0,0.0,event_day_open,26.8,28.1466014240444,1.4153167116697023,2.2151699175632806e-07,weather_plus_market_training,4.906977763677311e-14,2.21517016284552e-07
2026-04-16,nan,Will the highest temperature in Hong Kong be 21°C on April 16?,interior,21.0,22.0,interior,30.2,,2026-04-16|21.0|22.0,0.0,0.0,event_day_open,26.8,28.1466014240444,1.4153167116697023,6.808682039692437e-06,weather_plus_market_training,4.6358151117630364e-11,6.80870521890806e-06
2026-04-16,nan,Will the highest temperature in Hong Kong be 22°C on April 16?,interior,22.0,23.0,interior,30.2,,2026-04-16|22.0|23.0,0.0,0.0,event_day_open,26.8,28.1466014240444,1.4153167116697023,0.00013122857828227376,weather_plus_market_training,1.7220939757986855e-08,0.00013123718950554047
2026-04-16,nan,Will the highest temperature in Hong Kong be 23°C on April 16?,interior,23.0,24.0,interior,30.2,,2026-04-16|23.0|24.0,0.0,0.0,event_day_open,26.8,28.1466014240444,1.4153167116697023,0.0015576172320426157,weather_plus_market_training,2.4261714415561e-06,0.001558831578918958
2026-04-16,nan,Will the highest temperature in Hong Kong be 24°C on April 16?,interior,24.0,25.0,interior,30.2,,2026-04-16|24.0|25.0,0.0,0.0,event_day_open,26.8,28.1466014240444,1.4153167116697023,0.01140363213521967,weather_plus_market_training,0.0001300428258754147,0.01146915213506404
2026-04-16,nan,Will the highest temperature in Hong Kong be 25°C on April 16?,interior,25.0,26.0,interior,30.2,,2026-04-16|25.0|26.0,0.0,0.0,event_day_open,26.8,28.1466014240444,1.4153167116697023,0.05157255573014897,weather_plus_market_training,0.002659728504539321,0.052949987767715805
2026-04-16,nan,Will the highest temperature in Hong Kong be 26°C on April 16?,interior,26.0,27.0,interior,30.2,,2026-04-16|26.0|27.0,0.0,0.0,event_day_open,26.8,28.1466014240444,1.4153167116697023,0.14425845581504082,weather_plus_market_training,0.020810502074140085,0.15578688279511757
2026-04-16,nan,Will the highest temperature in Hong Kong be 27°C on April 16?,interior,27.0,28.0,interior,30.2,,2026-04-16|27.0|28.0,0.0,0.0,event_day_open,26.8,28.1466014240444,1.4153167116697023,0.2498199918880029,weather_plus_market_training,0.06241002834692184,0.28744209043377283
2026-04-16,nan,Will the highest temperature in Hong Kong be 28°C on April 16?,interior,28.0,29.0,interior,30.2,,2026-04-16|28.0|29.0,0.0,0.0,event_day_open,26.8,28.1466014240444,1.4153167116697023,0.26798635382371305,weather_plus_market_training,0.07181668583572832,0.31195612287725943
2026-04-16,nan,Will the highest temperature in Hong Kong be 29°C on April 16?,interior,29.0,30.0,interior,30.2,,2026-04-16|29.0|30.0,0.0,0.0,event_day_open,26.8,28.1466014240444,1.4153167116697023,0.1780855597160046,weather_plus_market_training,0.03171446657936264,0.1961189765891581
2026-04-16,nan,Will the highest temperature in Hong Kong be 30°C or higher on April 16?,upper_tail,30.0,inf,upper_tail,30.2,,2026-04-16|30.0|inf,1.0,1.0,event_day_open,26.8,28.1466014240444,1.4153167116697023,0.09517757488251366,weather_plus_market_training,0.8187036209954892,2.3520109228897397
2026-04-17,nan,Will the highest temperature in Hong Kong be 21°C or below on April 17?,lower_tail,-inf,22.0,lower_tail,28.0,,2026-04-17|-inf|22.0,0.0,0.0,12h_prior,27.9,28.974972944638903,1.5290326780638086,2.5371774851634303e-06,weather_plus_market_training,6.437269591220229e-12,2.5371807038581075e-06
2026-04-17,nan,Will the highest temperature in Hong Kong be 22°C on April 17?,interior,22.0,23.0,interior,28.0,,2026-04-17|22.0|23.0,0.0,0.0,12h_prior,27.9,28.974972944638903,1.5290326780638086,4.405581035416974e-05,weather_plus_market_training,1.9409144259625692e-09,4.4056780839876725e-05
2026-04-17,nan,Will the highest temperature in Hong Kong be 23°C on April 17?,interior,23.0,24.0,interior,28.0,,2026-04-17|23.0|24.0,0.0,0.0,12h_prior,27.9,28.974972944638903,1.5290326780638086,0.000523022891630676,weather_plus_market_training,2.7355294516971385e-07,0.0005231597158134269
2026-04-17,nan,Will the highest temperature in Hong Kong be 24°C on April 17?,interior,24.0,25.0,interior,28.0,,2026-04-17|24.0|25.0,0.0,0.0,12h_prior,27.9,28.974972944638903,1.5290326780638086,0.004096122575111473,weather_plus_market_training,1.6778220150337844e-05,0.0041045346643440155
2026-04-17,nan,Will the highest temperature in Hong Kong be 25°C on April 17?,interior,25.0,26.0,interior,28.0,,2026-04-17|25.0|26.0,0.0,0.0,12h_prior,27.9,28.974972944638903,1.5290326780638086,0.02118224652590914,weather_plus_market_training,0.00044868756788438987,0.021409809578427842
2026-04-17,nan,Will the highest temperature in Hong Kong be 26°C on April 17?,interior,26.0,27.0,interior,28.0,,2026-04-17|26.0|27.0,0.0,0.0,12h_prior,27.9,28.974972944638903,1.5290326780638086,0.0723914446283877,weather_plus_market_training,0.005240521255384923,0.07514545051736368
2026-04-17,nan,Will the highest temperature in Hong Kong be 27°C on April 17?,interior,27.0,28.0,interior,28.0,,2026-04-17|27.0|28.0,0.0,0.0,12h_prior,27.9,28.974972944638903,1.5290326780638086,0.16361447932146422,weather_plus_market_training,0.026769697843633845,0.1786656230570164
2026-04-17,nan,Will the highest temperature in Hong Kong be 28°C on April 17?,interior,28.0,29.0,interior,28.0,,2026-04-17|28.0|29.0,1.0,1.0,12h_prior,27.9,28.974972944638903,1.5290326780638086,0.24467564722877277,weather_plus_market_training,0.5705148778892734,1.4078218344146425
2026-04-17,nan,Will the highest temperature in Hong Kong be 29°C on April 17?,interior,29.0,30.0,interior,28.0,,2026-04-17|29.0|30.0,0.0,0.0,12h_prior,27.9,28.974972944638903,1.5290326780638086,0.24216142982377187,weather_plus_market_training,0.05864215809429359,0.2772848841259325
2026-04-17,nan,Will the highest temperature in Hong Kong be 30°C on April 17?,interior,30.0,31.0,interior,28.0,,2026-04-17|30.0|31.0,0.0,0.0,12h_prior,27.9,28.974972944638903,1.5290326780638086,0.1586213107743053,weather_plus_market_training,0.02516072023175874,0.17271343590295318
2026-04-17,nan,Will the highest temperature in Hong Kong be 31°C or higher on April 17?,upper_tail,31.0,inf,upper_tail,28.0,,2026-04-17|31.0|inf,0.0,0.0,12h_prior,27.9,28.974972944638903,1.5290326780638086,0.0926877032428075,weather_plus_market_training,0.008591010332426749,0.09726856976581376
2026-04-17,nan,Will the highest temperature in Hong Kong be 21°C or below on April 17?,lower_tail,-inf,22.0,lower_tail,28.0,,2026-04-17|-inf|22.0,0.0,0.0,24h_prior,27.3,28.67292690174016,1.573169498521395,1.1091219396558856e-05,weather_plus_market_training,1.230151477026034e-10,1.1091280904603742e-05
2026-04-17,nan,Will the highest temperature in Hong Kong be 22°C on April 17?,interior,22.0,23.0,interior,28.0,,2026-04-17|22.0|23.0,0.0,0.0,24h_prior,27.3,28.67292690174016,1.573169498521395,0.00014435577860502134,weather_plus_market_training,2.0838590816661936e-08,0.0001443661989032948
2026-04-17,nan,Will the highest temperature in Hong Kong be 23°C on April 17?,interior,23.0,24.0,interior,28.0,,2026-04-17|23.0|24.0,0.0,0.0,24h_prior,27.3,28.67292690174016,1.573169498521395,0.0013316626372235087,weather_plus_market_training,1.7733253793770701e-06,0.0013325500878572556
2026-04-17,nan,Will the highest temperature in Hong Kong be 24°C on April 17?,interior,24.0,25.0,interior,28.0,,2026-04-17|24.0|25.0,0.0,0.0,24h_prior,27.3,28.67292690174016,1.573169498521395,0.008291640782993454,weather_plus_market_training,6.87513068742003e-05,0.008326207646389168
2026-04-17,nan,Will the highest temperature in Hong Kong be 25°C on April 17?,interior,25.0,26.0,interior,28.0,,2026-04-17|25.0|26.0,0.0,0.0,24h_prior,27.3,28.67292690174016,1.573169498521395,0.03487413925484957,weather_plus_market_training,0.0012162055887666398,0.03549676050519289
2026-04-17,nan,Will the highest temperature in Hong Kong be 26°C on April 17?,interior,26.0,27.0,interior,28.0,,2026-04-17|26.0|27.0,0.0,0.0,24h_prior,27.3,28.67292690174016,1.573169498521395,0.09914474758885147,weather_plus_market_training,0.00982968097445707,0.1044106864316268
2026-04-17,nan,Will the highest temperature in Hong Kong be 27°C on April 17?,interior,27.0,28.0,interior,28.0,,2026-04-17|27.0|28.0,0.0,0.0,24h_prior,27.3,28.67292690174016,1.573169498521395,0.19061808985355028,weather_plus_market_training,0.036335256179416166,0.21148439649800074
2026-04-17,nan,Will the highest temperature in Hong Kong be 28°C on April 17?,interior,28.0,29.0,interior,28.0,,2026-04-17|28.0|29.0,1.0,1.0,24h_prior,27.3,28.67292690174016,1.573169498521395,0.2479335177516051,weather_plus_market_training,0.5656039937214753,1.394594642337538
2026-04-17,nan,Will the highest temperature in Hong Kong be 29°C on April 17?,interior,29.0,30.0,interior,28.0,,2026-04-17|29.0|30.0,0.0,0.0,24h_prior,27.3,28.67292690174016,1.573169498521395,0.21819491161675686,weather_plus_market_training,0.04760901945544434,0.24614981709593006
2026-04-17,nan,Will the highest temperature in Hong Kong be 30°C on April 17?,interior,30.0,31.0,interior,28.0,,2026-04-17|30.0|31.0,0.0,0.0,24h_prior,27.3,28.67292690174016,1.573169498521395,0.12991587136120875,weather_plus_market_training,0.016878133631542138,0.1391653724237936
2026-04-17,nan,Will the highest temperature in Hong Kong be 31°C or higher on April 17?,upper_tail,31.0,inf,upper_tail,28.0,,2026-04-17|31.0|inf,0.0,0.0,24h_prior,27.3,28.67292690174016,1.573169498521395,0.06953997215495944,weather_plus_market_training,0.004835807727312534,0.0720761615387787
2026-04-17,nan,Will the highest temperature in Hong Kong be 21°C or below on April 17?,lower_tail,-inf,22.0,lower_tail,28.0,,2026-04-17|-inf|22.0,0.0,0.0,6h_prior,27.3,28.39434205889892,1.519363342882555,1.2849780191420334e-05,weather_plus_market_training,1.651168509678184e-10,1.2849862750581175e-05
2026-04-17,nan,Will the highest temperature in Hong Kong be 22°C on April 17?,interior,22.0,23.0,interior,28.0,,2026-04-17|22.0|23.0,0.0,0.0,6h_prior,27.3,28.39434205889892,1.519363342882555,0.00017947600800879957,weather_plus_market_training,3.2211637450774686e-08,0.00017949211575488442
2026-04-17,nan,Will the highest temperature in Hong Kong be 23°C on April 17?,interior,23.0,24.0,interior,28.0,,2026-04-17|23.0|24.0,0.0,0.0,6h_prior,27.3,28.39434205889892,1.519363342882555,0.001720288012901748,weather_plus_market_training,2.9593908473334446e-06,0.00172176940751941
2026-04-17,nan,Will the highest temperature in Hong Kong be 24°C on April 17?,interior,24.0,25.0,interior,28.0,,2026-04-17|24.0|25.0,0.0,0.0,6h_prior,27.3,28.39434205889892,1.519363342882555,0.010827096386519273,weather_plus_market_training,0.00011722601616297869,0.010886135932572176
2026-04-17,nan,Will the highest temperature in Hong Kong be 25°C on April 17?,interior,25.0,26.0,interior,28.0,,2026-04-17|25.0|26.0,0.0,0.0,6h_prior,27.3,28.39434205889892,1.519363342882555,0.04478643211911508,weather_plus_market_training,0.002005824501960103,0.045820332214271335
2026-04-17,nan,Will the highest temperature in Hong Kong be 26°C on April 17?,interior,26.0,27.0,interior,28.0,,2026-04-17|26.0|27.0,0.0,0.0,6h_prior,27.3,28.39434205889892,1.519363342882555,0.12185798519626083,weather_plus_market_training,0.014849368556092124,0.12994695035878864
2026-04-17,nan,Will the highest temperature in Hong Kong be 27°C on April 17?,interior,27.0,28.0,interior,28.0,,2026-04-17|27.0|28.0,0.0,0.0,6h_prior,27.3,28.39434205889892,1.519363342882555,0.21822353484763424,weather_plus_market_training,0.04762151116139664,0.2461864294885691
2026-04-17,nan,Will the highest temperature in Hong Kong be 28°C on April 17?,interior,28.0,29.0,interior,28.0,,2026-04-17|28.0|29.0,1.0,1.0,6h_prior,27.3,28.39434205889892,1.519363342882555,0.25730798790114584,weather_plus_market_training,0.5515914248354445,1.357481515088314
2026-04-17,nan,Will the highest temperature in Hong Kong be 29°C on April 17?,interior,29.0,30.0,interior,28.0,,2026-04-17|29.0|30.0,0.0,0.0,6h_prior,27.3,28.39434205889892,1.519363342882555,0.19978212547402174,weather_plus_market_training,0.03991289765891777,0.22287124523540272
2026-04-17,nan,Will the highest temperature in Hong Kong be 30°C on April 17?,interior,30.0,31.0,interior,28.0,,2026-04-17|30.0|31.0,0.0,0.0,6h_prior,27.3,28.39434205889892,1.519363342882555,0.10212658239162964,weather_plus_market_training,0.010429838830994317,0.10772618096280721
2026-04-17,nan,Will the highest temperature in Hong Kong be 31°C or higher on April 17?,upper_tail,31.0,inf,upper_tail,28.0,,2026-04-17|31.0|inf,0.0,0.0,6h_prior,27.3,28.39434205889892,1.519363342882555,0.04317564188257139,weather_plus_market_training,0.001864136051972053,0.044135438211166264
2026-04-17,nan,Will the highest temperature in Hong Kong be 21°C or below on April 17?,lower_tail,-inf,22.0,lower_tail,28.0,,2026-04-17|-inf|22.0,0.0,0.0,event_day_open,27.1,28.451113083869394,1.4196479221865337,2.757684344125665e-06,weather_plus_market_training,7.604822941835797e-12,2.757688146519747e-06
2026-04-17,nan,Will the highest temperature in Hong Kong be 22°C on April 17?,interior,22.0,23.0,interior,28.0,,2026-04-17|22.0|23.0,0.0,0.0,event_day_open,27.1,28.451113083869394,1.4196479221865337,5.8818616562577705e-05,weather_plus_market_training,3.45962965433554e-09,5.882034644519965e-05
2026-04-17,nan,Will the highest temperature in Hong Kong be 23°C on April 17?,interior,23.0,24.0,interior,28.0,,2026-04-17|23.0|24.0,0.0,0.0,event_day_open,27.1,28.451113083869394,1.4196479221865337,0.0007966284651728938,weather_plus_market_training,6.346169115237204e-07,0.0007969459422473978
2026-04-17,nan,Will the highest temperature in Hong Kong be 24°C on April 17?,interior,24.0,25.0,interior,28.0,,2026-04-17|24.0|25.0,0.0,0.0,event_day_open,27.1,28.451113083869394,1.4196479221865337,0.006671149233816824,weather_plus_market_training,4.45042320998548e-05,0.006693500812472116
2026-04-17,nan,Will the highest temperature in Hong Kong be 25°C on April 17?,interior,25.0,26.0,interior,28.0,,2026-04-17|25.0|26.0,0.0,0.0,event_day_open,27.1,28.451113083869394,1.4196479221865337,0.034593638383029444,weather_plus_market_training,0.001196719816575808,0.03520616615971142
2026-04-17,nan,Will the highest temperature in Hong Kong be 26°C on April 17?,interior,26.0,27.0,interior,28.0,,2026-04-17|26.0|27.0,0.0,0.0,event_day_open,27.1,28.451113083869394,1.4196479221865337,0.11122863657651624,weather_plus_market_training,0.012371809594670727,0.11791526054628974
2026-04-17,nan,Will the highest temperature in Hong Kong be 27°C on April 17?,interior,27.0,28.0,interior,28.0,,2026-04-17|27.0|28.0,0.0,0.0,event_day_open,27.1,28.451113083869394,1.4196479221865337,0.22198032936396606,weather_plus_market_training,0.04927526662453485,0.25100347152949615
2026-04-17,nan,Will the highest temperature in Hong Kong be 28°C on April 17?,interior,28.0,29.0,interior,28.0,,2026-04-17|28.0|29.0,1.0,1.0,event_day_open,27.1,28.451113083869394,1.4196479221865337,0.27515517007258505,weather_plus_market_training,0.5254000274725031,1.2904200856380528
2026-04-17,nan,Will the highest temperature in Hong Kong be 29°C on April 17?,interior,29.0,30.0,interior,28.0,,2026-04-17|29.0|30.0,0.0,0.0,event_day_open,27.1,28.451113083869394,1.4196479221865337,0.21188433902483106,weather_plus_market_training,0.044894973123989546,0.23811042200780785
2026-04-17,nan,Will the highest temperature in Hong Kong be 30°C on April 17?,interior,30.0,31.0,interior,28.0,,2026-04-17|30.0|31.0,0.0,0.0,event_day_open,27.1,28.451113083869394,1.4196479221865337,0.10133639809205774,weather_plus_market_training,0.010269065578272004,0.10684650596369118
2026-04-17,nan,Will the highest temperature in Hong Kong be 31°C or higher on April 17?,upper_tail,31.0,inf,upper_tail,28.0,,2026-04-17|31.0|inf,0.0,0.0,event_day_open,27.1,28.451113083869394,1.4196479221865337,0.03629213448711799,weather_plus_market_training,0.001317119025631059,0.03696707437249947
2026-04-18,nan,Will the highest temperature in Hong Kong be 21°C or below on April 18?,lower_tail,-inf,22.0,lower_tail,28.5,,2026-04-18|-inf|22.0,0.0,0.0,12h_prior,28.6,29.69766284375929,1.5363563107380425,2.716740370602335e-07,weather_plus_market_training,7.380678241260513e-14,2.716740739479315e-07
2026-04-18,nan,Will the highest temperature in Hong Kong be 22°C on April 18?,interior,22.0,23.0,interior,28.5,,2026-04-18|22.0|23.0,0.0,0.0,12h_prior,28.6,29.69766284375929,1.5363563107380425,6.247923029619593e-06,weather_plus_market_training,3.9036542184050875e-11,6.24794254796436e-06
2026-04-18,nan,Will the highest temperature in Hong Kong be 23°C on April 18?,interior,23.0,24.0,interior,28.5,,2026-04-18|23.0|24.0,0.0,0.0,12h_prior,28.6,29.69766284375929,1.5363563107380425,9.770283804914689e-05,weather_plus_market_training,9.545844562857825e-09,9.770761128229698e-05
2026-04-18,nan,Will the highest temperature in Hong Kong be 24°C on April 18?,interior,24.0,25.0,interior,28.5,,2026-04-18|24.0|25.0,0.0,0.0,12h_prior,28.6,29.69766284375929,1.5363563107380425,0.0010111217316197334,weather_plus_market_training,1.022367156153688e-06,0.001011633260038582
2026-04-18,nan,Will the highest temperature in Hong Kong be 25°C on April 18?,interior,25.0,26.0,interior,28.5,,2026-04-18|25.0|26.0,0.0,0.0,12h_prior,28.6,29.69766284375929,1.5363563107380425,0.006931712815520906,weather_plus_market_training,4.804864255685676e-05,0.006955848736983628
2026-04-18,nan,Will the highest temperature in Hong Kong be 26°C on April 18?,interior,26.0,27.0,interior,28.5,,2026-04-18|26.0|27.0,0.0,0.0,12h_prior,28.6,29.69766284375929,1.5363563107380425,0.03150708625353886,weather_plus_market_training,0.0009926964841879373,0.03201411289240507
2026-04-18,nan,Will the highest temperature in Hong Kong be 27°C on April 18?,interior,27.0,28.0,interior,28.5,,2026-04-18|27.0|28.0,0.0,0.0,12h_prior,28.6,29.69766284375929,1.5363563107380425,0.09502718555970867,weather_plus_market_training,0.009030165995399304,0.09985037502589529
2026-04-18,nan,Will the highest temperature in Hong Kong be 28°C on April 18?,interior,28.0,29.0,interior,28.5,,2026-04-18|28.0|29.0,1.0,1.0,12h_prior,28.6,29.69766284375929,1.5363563107380425,0.19029629138389403,weather_plus_market_training,0.6556200957466758,1.6591729931311299
2026-04-18,nan,Will the highest temperature in Hong Kong be 29°C on April 18?,interior,29.0,30.0,interior,28.5,,2026-04-18|29.0|30.0,0.0,0.0,12h_prior,28.6,29.69766284375929,1.5363563107380425,0.25312582954904883,weather_plus_market_training,0.06407268558489412,0.2918585545561655
2026-04-18,nan,Will the highest temperature in Hong Kong be 30°C on April 18?,interior,30.0,31.0,interior,28.5,,2026-04-18|30.0|31.0,0.0,0.0,12h_prior,28.6,29.69766284375929,1.5363563107380425,0.22368819969186704,weather_plus_market_training,0.05003641068138859,0.253201034979948
2026-04-18,nan,Will the highest temperature in Hong Kong be 31°C or higher on April 18?,upper_tail,31.0,inf,upper_tail,28.5,,2026-04-18|31.0|inf,0.0,0.0,12h_prior,28.6,29.69766284375929,1.5363563107380425,0.1983083505796861,weather_plus_market_training,0.03932620190963569,0.22103122207789444
2026-04-18,nan,Will the highest temperature in Hong Kong be 21°C or below on April 18?,lower_tail,-inf,22.0,lower_tail,28.5,,2026-04-18|-inf|22.0,0.0,0.0,24h_prior,27.9,29.28872622021972,1.5736780475914864,1.8138135384530363e-06,weather_plus_market_training,3.289919552275524e-12,1.8138151834377488e-06
2026-04-18,nan,Will the highest temperature in Hong Kong be 22°C on April 18?,interior,22.0,23.0,interior,28.5,,2026-04-18|22.0|23.0,0.0,0.0,24h_prior,27.9,29.28872622021972,1.5736780475914864,3.0370384106401856e-05,weather_plus_market_training,9.223602307703864e-10,3.037084529581269e-05
2026-04-18,nan,Will the highest temperature in Hong Kong be 23°C on April 18?,interior,23.0,24.0,interior,28.5,,2026-04-18|23.0|24.0,0.0,0.0,24h_prior,27.9,29.28872622021972,1.5736780475914864,0.00035648252355046945,weather_plus_market_training,1.27079789596911e-07,0.0003565460785498837
2026-04-18,nan,Will the highest temperature in Hong Kong be 24°C on April 18?,interior,24.0,25.0,interior,28.5,,2026-04-18|24.0|25.0,0.0,0.0,24h_prior,27.9,29.28872622021972,1.5736780475914864,0.0028236022904721903,weather_plus_market_training,7.9727298947598e-06,0.002827596175286113
2026-04-18,nan,Will the highest temperature in Hong Kong be 25°C on April 18?,interior,25.0,26.0,interior,28.5,,2026-04-18|25.0|26.0,0.0,0.0,24h_prior,27.9,29.28872622021972,1.5736780475914864,0.015104078526409478,weather_plus_market_training,0.00022813318813194394,0.015219306871415109
2026-04-18,nan,Will the highest temperature in Hong Kong be 26°C on April 18?,interior,26.0,27.0,interior,28.5,,2026-04-18|26.0|27.0,0.0,0.0,24h_prior,27.9,29.28872622021972,1.5736780475914864,0.05460411327784628,weather_plus_market_training,0.002981609186859869,0.05615151146581303
2026-04-18,nan,Will the highest temperature in Hong Kong be 27°C on April 18?,interior,27.0,28.0,interior,28.5,,2026-04-18|27.0|28.0,0.0,0.0,24h_prior,27.9,29.28872622021972,1.5736780475914864,0.1334937928929964,weather_plus_market_training,0.017820592740958215,0.14328600642800937
2026-04-18,nan,Will the highest temperature in Hong Kong be 28°C on April 18?,interior,28.0,29.0,interior,28.5,,2026-04-18|28.0|29.0,1.0,1.0,24h_prior,27.9,29.28872622021972,1.5736780475914864,0.22079949949123062,weather_plus_market_training,0.6071534199931168,1.5105002313787288
2026-04-18,nan,Will the highest temperature in Hong Kong be 29°C on April 18?,interior,29.0,30.0,interior,28.5,,2026-04-18|29.0|30.0,0.0,0.0,24h_prior,27.9,29.28872622021972,1.5736780475914864,0.24714518687872666,weather_plus_market_training,0.061080743397320725,0.2838828810326533
2026-04-18,nan,Will the highest temperature in Hong Kong be 30°C on April 18?,interior,30.0,31.0,interior,28.5,,2026-04-18|30.0|31.0,0.0,0.0,24h_prior,27.9,29.28872622021972,1.5736780475914864,0.18721892212013347,weather_plus_market_training,0.0350509247998246,0.20729348259639396
2026-04-18,nan,Will the highest temperature in Hong Kong be 31°C or higher on April 18?,upper_tail,31.0,inf,upper_tail,28.5,,2026-04-18|31.0|inf,0.0,0.0,24h_prior,27.9,29.28872622021972,1.5736780475914864,0.13842213780098955,weather_plus_market_training,0.01916068823339614,0.1489898472966398
2026-04-18,nan,Will the highest temperature in Hong Kong be 21°C or below on April 18?,lower_tail,-inf,22.0,lower_tail,28.5,,2026-04-18|-inf|22.0,0.0,0.0,6h_prior,29.4,30.519148265933094,1.539318594080629,1.5618050625273482e-08,weather_plus_market_training,2.439235053336054e-16,1.561805075251208e-08
2026-04-18,nan,Will the highest temperature in Hong Kong be 22°C on April 18?,interior,22.0,23.0,interior,28.5,,2026-04-18|22.0|23.0,0.0,0.0,6h_prior,29.4,30.519148265933094,1.539318594080629,5.022480700732845e-07,weather_plus_market_training,2.5225312389233887e-13,5.022481961489083e-07
2026-04-18,nan,Will the highest temperature in Hong Kong be 23°C on April 18?,interior,23.0,24.0,interior,28.5,,2026-04-18|23.0|24.0,0.0,0.0,6h_prior,29.4,30.519148265933094,1.539318594080629,1.0905292408194683e-05,weather_plus_market_training,1.1892540250822857e-10,1.0905351871347814e-05
2026-04-18,nan,Will the highest temperature in Hong Kong be 24°C on April 18?,interior,24.0,25.0,interior,28.5,,2026-04-18|24.0|25.0,0.0,0.0,6h_prior,29.4,30.519148265933094,1.539318594080629,0.00015682624198172808,weather_plus_market_training,2.459447017411153e-08,0.00015683854050269118
2026-04-18,nan,Will the highest temperature in Hong Kong be 25°C on April 18?,interior,25.0,26.0,interior,28.5,,2026-04-18|25.0|26.0,0.0,0.0,6h_prior,29.4,30.519148265933094,1.539318594080629,0.0014951360146808518,weather_plus_market_training,2.2354317023957404e-06,0.0014962548458743407
2026-04-18,nan,Will the highest temperature in Hong Kong be 26°C on April 18?,interior,26.0,27.0,interior,28.5,,2026-04-18|26.0|27.0,0.0,0.0,6h_prior,29.4,30.519148265933094,1.539318594080629,0.009458690917847734,weather_plus_market_training,8.94668338793752e-05,0.009503708430838153
2026-04-18,nan,Will the highest temperature in Hong Kong be 27°C on April 18?,interior,27.0,28.0,interior,28.5,,2026-04-18|27.0|28.0,0.0,0.0,6h_prior,29.4,30.519148265933094,1.539318594080629,0.03974179030471149,weather_plus_market_training,0.0015794098966236602,0.04055306225318701
2026-04-18,nan,Will the highest temperature in Hong Kong be 28°C on April 18?,interior,28.0,29.0,interior,28.5,,2026-04-18|28.0|29.0,1.0,1.0,6h_prior,29.4,30.519148265933094,1.539318594080629,0.11098280229166166,weather_plus_market_training,0.7903515778211867,2.1983800239827174
2026-04-18,nan,Will the highest temperature in Hong Kong be 29°C on April 18?,interior,29.0,30.0,interior,28.5,,2026-04-18|29.0|30.0,0.0,0.0,6h_prior,29.4,30.519148265933094,1.539318594080629,0.2061143550762119,weather_plus_market_training,0.042483127368482754,0.230815852132913
2026-04-18,nan,Will the highest temperature in Hong Kong be 30°C on April 18?,interior,30.0,31.0,interior,28.5,,2026-04-18|30.0|31.0,0.0,0.0,6h_prior,29.4,30.519148265933094,1.539318594080629,0.25466295177954856,weather_plus_market_training,0.06485321900907268,0.2939187491920813
2026-04-18,nan,Will the highest temperature in Hong Kong be 31°C or higher on April 18?,upper_tail,31.0,inf,upper_tail,28.5,,2026-04-18|31.0|inf,0.0,0.0,6h_prior,29.4,30.519148265933094,1.539318594080629,0.3773760242148272,weather_plus_market_training,0.14241266365218982,0.473812512584746
2026-04-18,nan,Will the highest temperature in Hong Kong be 21°C or below on April 18?,lower_tail,-inf,22.0,lower_tail,28.5,,2026-04-18|-inf|22.0,0.0,0.0,event_day_open,28.3,29.6524005707632,1.4302210397371518,4.3855285370519613e-08,weather_plus_market_training,1.9232860549297118e-15,4.3855286364825676e-08
2026-04-18,nan,Will the highest temperature in Hong Kong be 22°C on April 18?,interior,22.0,23.0,interior,28.5,,2026-04-18|22.0|23.0,0.0,0.0,event_day_open,28.3,29.6524005707632,1.4302210397371518,1.6053148691144885e-06,weather_plus_market_training,2.5770358290000674e-12,1.6053161576656838e-06
2026-04-18,nan,Will the highest temperature in Hong Kong be 23°C on April 18?,interior,23.0,24.0,interior,28.5,,2026-04-18|23.0|24.0,0.0,0.0,event_day_open,28.3,29.6524005707632,1.4302210397371518,3.708228945995836e-05,weather_plus_market_training,1.3750961915921388e-09,3.708297702507111e-05
2026-04-18,nan,Will the highest temperature in Hong Kong be 24°C on April 18?,interior,24.0,25.0,interior,28.5,,2026-04-18|24.0|25.0,0.0,0.0,event_day_open,28.3,29.6524005707632,1.4302210397371518,0.000532388439309224,weather_plus_market_training,2.834374503101113e-07,0.0005325302083541055
2026-04-18,nan,Will the highest temperature in Hong Kong be 25°C on April 18?,interior,25.0,26.0,interior,28.5,,2026-04-18|25.0|26.0,0.0,0.0,event_day_open,28.3,29.6524005707632,1.4302210397371518,0.004757649825933497,weather_plus_market_training,2.2635231866205034e-05,0.004769003467280162
2026-04-18,nan,Will the highest temperature in Hong Kong be 26°C on April 18?,interior,26.0,27.0,interior,28.5,,2026-04-18|26.0|27.0,0.0,0.0,event_day_open,28.3,29.6524005707632,1.4302210397371518,0.026502279548582953,weather_plus_market_training,0.0007023708212712383,0.02685979577363396
2026-04-18,nan,Will the highest temperature in Hong Kong be 27°C on April 18?,interior,27.0,28.0,interior,28.5,,2026-04-18|27.0|28.0,0.0,0.0,event_day_open,28.3,29.6524005707632,1.4302210397371518,0.09214327442890612,weather_plus_market_training,0.008490383022480704,0.0966687040524505
2026-04-18,nan,Will the highest temperature in Hong Kong be 28°C on April 18?,interior,28.0,29.0,interior,28.5,,2026-04-18|28.0|29.0,1.0,1.0,event_day_open,28.3,29.6524005707632,1.4302210397371518,0.20016541690522943,weather_plus_market_training,0.6397353603143855,1.6086111697538825
2026-04-18,nan,Will the highest temperature in Hong Kong be 29°C on April 18?,interior,29.0,30.0,interior,28.5,,2026-04-18|29.0|30.0,0.0,0.0,event_day_open,28.3,29.6524005707632,1.4302210397371518,0.2718726498932148,weather_plus_market_training,0.07391473775995855,0.3172793146188115
2026-04-18,nan,Will the highest temperature in Hong Kong be 30°C on April 18?,interior,30.0,31.0,interior,28.5,,2026-04-18|30.0|31.0,0.0,0.0,event_day_open,28.3,29.6524005707632,1.4302210397371518,0.2309505648861423,weather_plus_market_training,0.05333816342122822,0.2626000266091858
2026-04-18,nan,Will the highest temperature in Hong Kong be 31°C or higher on April 18?,upper_tail,31.0,inf,upper_tail,28.5,,2026-04-18|31.0|inf,0.0,0.0,event_day_open,28.3,29.6524005707632,1.4302210397371518,0.17303704461306724,weather_plus_market_training,0.02994181880842462,0.1899953789315771
2026-04-19,nan,Will the highest temperature in Hong Kong be 21°C or below on April 19?,lower_tail,-inf,22.0,lower_tail,30.0,,2026-04-19|-inf|22.0,0.0,0.0,12h_prior,27.1,28.22483929749177,1.5249743509752482,2.233157821641985e-05,weather_plus_market_training,4.986993856360776e-10,2.2331827569810874e-05
2026-04-19,nan,Will the highest temperature in Hong Kong be 22°C on April 19?,interior,22.0,23.0,interior,30.0,,2026-04-19|22.0|23.0,0.0,0.0,12h_prior,27.1,28.22483929749177,1.5249743509752482,0.0002837337328322787,weather_plus_market_training,8.05048311469389e-08,0.0002837739928634759
2026-04-19,nan,Will the highest temperature in Hong Kong be 23°C on April 19?,interior,23.0,24.0,interior,30.0,,2026-04-19|23.0|24.0,0.0,0.0,12h_prior,27.1,28.22483929749177,1.5249743509752482,0.002493025326642913,weather_plus_market_training,6.215175279283003e-06,0.002496138088822031
2026-04-19,nan,Will the highest temperature in Hong Kong be 24°C on April 19?,interior,24.0,25.0,interior,30.0,,2026-04-19|24.0|25.0,0.0,0.0,12h_prior,27.1,28.22483929749177,1.5249743509752482,0.014429341610798493,weather_plus_market_training,0.00020820589932112087,0.014534456949190006
2026-04-19,nan,Will the highest temperature in Hong Kong be 25°C on April 19?,interior,25.0,26.0,interior,30.0,,2026-04-19|25.0|26.0,0.0,0.0,12h_prior,27.1,28.22483929749177,1.5249743509752482,0.055062991082704196,weather_plus_market_training,0.003031932986973962,0.056637010940461
2026-04-19,nan,Will the highest temperature in Hong Kong be 26°C on April 19?,interior,26.0,27.0,interior,30.0,,2026-04-19|26.0|27.0,0.0,0.0,12h_prior,27.1,28.22483929749177,1.5249743509752482,0.13864195818889308,weather_plus_market_training,0.019221592570450776,0.14924501684599412
2026-04-19,nan,Will the highest temperature in Hong Kong be 27°C on April 19?,interior,27.0,28.0,interior,30.0,,2026-04-19|27.0|28.0,0.0,0.0,12h_prior,27.1,28.22483929749177,1.5249743509752482,0.23045974185526136,weather_plus_market_training,0.0531116926159937,0.261962009794591
2026-04-19,nan,Will the highest temperature in Hong Kong be 28°C on April 19?,interior,28.0,29.0,interior,30.0,,2026-04-19|28.0|29.0,0.0,0.0,12h_prior,27.1,28.22483929749177,1.5249743509752482,0.25298912518133176,weather_plus_market_training,0.06400349746001556,0.2916755359651012
2026-04-19,nan,Will the highest temperature in Hong Kong be 29°C on April 19?,interior,29.0,30.0,interior,30.0,,2026-04-19|29.0|30.0,0.0,0.0,12h_prior,27.1,28.22483929749177,1.5249743509752482,0.18341777781931012,weather_plus_market_training,0.033642081220173814,0.20262767086916872
2026-04-19,nan,Will the highest temperature in Hong Kong be 30°C on April 19?,interior,30.0,31.0,interior,30.0,,2026-04-19|30.0|31.0,1.0,1.0,12h_prior,27.1,28.22483929749177,1.5249743509752482,0.08780585804623031,weather_plus_market_training,0.8320981526147742,2.4326270602224604
2026-04-19,nan,Will the highest temperature in Hong Kong be 31°C or higher on April 19?,upper_tail,31.0,inf,upper_tail,30.0,,2026-04-19|31.0|inf,0.0,0.0,12h_prior,27.1,28.22483929749177,1.5249743509752482,0.03439411557777905,weather_plus_market_training,0.0011829551863776235,0.0349995151595744
2026-04-19,nan,Will the highest temperature in Hong Kong be 21°C or below on April 19?,lower_tail,-inf,22.0,lower_tail,30.0,,2026-04-19|-inf|22.0,0.0,0.0,24h_prior,27.2,28.583219833020056,1.5733563284348848,1.4309313502000277e-05,weather_plus_market_training,2.0475645289852744e-10,1.4309415881195372e-05
2026-04-19,nan,Will the highest temperature in Hong Kong be 22°C on April 19?,interior,22.0,23.0,interior,30.0,,2026-04-19|22.0|23.0,0.0,0.0,24h_prior,27.2,28.583219833020056,1.5733563284348848,0.0001793296058133687,weather_plus_market_training,3.21591075211782e-08,0.00017934568728972898
2026-04-19,nan,Will the highest temperature in Hong Kong be 23°C on April 19?,interior,23.0,24.0,interior,30.0,,2026-04-19|23.0|24.0,0.0,0.0,24h_prior,27.2,28.583219833020056,1.5733563284348848,0.0015961144231069195,weather_plus_market_training,2.5475812516499346e-06,0.0015973895707677556
2026-04-19,nan,Will the highest temperature in Hong Kong be 24°C on April 19?,interior,24.0,25.0,interior,30.0,,2026-04-19|24.0|25.0,0.0,0.0,24h_prior,27.2,28.583219833020056,1.5733563284348848,0.009590319602589766,weather_plus_market_training,9.197423007981753e-05,0.009636602869554409
2026-04-19,nan,Will the highest temperature in Hong Kong be 25°C on April 19?,interior,25.0,26.0,interior,30.0,,2026-04-19|25.0|26.0,0.0,0.0,24h_prior,27.2,28.583219833020056,1.5733563284348848,0.03893016148764641,weather_plus_market_training,0.0015155574734542275,0.03970819990279337
2026-04-19,nan,Will the highest temperature in Hong Kong be 26°C on April 19?,interior,26.0,27.0,interior,30.0,,2026-04-19|26.0|27.0,0.0,0.0,24h_prior,27.2,28.583219833020056,1.5733563284348848,0.10683283932140615,weather_plus_market_training,0.011413255557473384,0.11298152561387825
2026-04-19,nan,Will the highest temperature in Hong Kong be 27°C on April 19?,interior,27.0,28.0,interior,30.0,,2026-04-19|27.0|28.0,0.0,0.0,24h_prior,27.2,28.583219833020056,1.5733563284348848,0.1982929508178652,weather_plus_market_training,0.039320094344056304,0.22101201317890415
2026-04-19,nan,Will the highest temperature in Hong Kong be 28°C on April 19?,interior,28.0,29.0,interior,30.0,,2026-04-19|28.0|29.0,0.0,0.0,24h_prior,27.2,28.583219833020056,1.5733563284348848,0.24902025512567028,weather_plus_market_training,0.062011087462853914,0.2863765984547858
2026-04-19,nan,Will the highest temperature in Hong Kong be 29°C on April 19?,interior,29.0,30.0,interior,30.0,,2026-04-19|29.0|30.0,0.0,0.0,24h_prior,27.2,28.583219833020056,1.5733563284348848,0.21161200848324158,weather_plus_market_training,0.04477964213431151,0.23776493527979703
2026-04-19,nan,Will the highest temperature in Hong Kong be 30°C on April 19?,interior,30.0,31.0,interior,30.0,,2026-04-19|30.0|31.0,1.0,1.0,24h_prior,27.2,28.583219833020056,1.5733563284348848,0.1216706931141126,weather_plus_market_training,0.7714623713346433,2.106437120526756
2026-04-19,nan,Will the highest temperature in Hong Kong be 31°C or higher on April 19?,upper_tail,31.0,inf,upper_tail,30.0,,2026-04-19|31.0|inf,0.0,0.0,24h_prior,27.2,28.583219833020056,1.5733563284348848,0.062261018705045745,weather_plus_market_training,0.003876434450190056,0.06428364024118217
2026-04-19,nan,Will the highest temperature in Hong Kong be 21°C or below on April 19?,lower_tail,-inf,22.0,lower_tail,30.0,,2026-04-19|-inf|22.0,0.0,0.0,6h_prior,27.2,28.33366177768196,1.5219822479992136,1.5811263895456263e-05,weather_plus_market_training,2.4999606597175877e-10,1.581138889484384e-05
2026-04-19,nan,Will the highest temperature in Hong Kong be 22°C on April 19?,interior,22.0,23.0,interior,30.0,,2026-04-19|22.0|23.0,0.0,0.0,6h_prior,27.2,28.33366177768196,1.5219822479992136,0.00021299208859978128,weather_plus_market_training,4.536562980609708e-08,0.00021301477463607485
2026-04-19,nan,Will the highest temperature in Hong Kong be 23°C on April 19?,interior,23.0,24.0,interior,30.0,,2026-04-19|23.0|24.0,0.0,0.0,6h_prior,27.2,28.33366177768196,1.5219822479992136,0.0019752322879773984,weather_plus_market_training,3.901542591468428e-06,0.001977185631902257
2026-04-19,nan,Will the highest temperature in Hong Kong be 24°C on April 19?,interior,24.0,25.0,interior,30.0,,2026-04-19|24.0|25.0,0.0,0.0,6h_prior,27.2,28.33366177768196,1.5219822479992136,0.012045682601427472,weather_plus_market_training,0.00014509846933433252,0.012118819754090635
2026-04-19,nan,Will the highest temperature in Hong Kong be 25°C on April 19?,interior,25.0,26.0,interior,30.0,,2026-04-19|25.0|26.0,0.0,0.0,6h_prior,27.2,28.33366177768196,1.5219822479992136,0.048350741525915286,weather_plus_market_training,0.0023377942061058687,0.04955873804889479
2026-04-19,nan,Will the highest temperature in Hong Kong be 26°C on April 19?,interior,26.0,27.0,interior,30.0,,2026-04-19|26.0|27.0,0.0,0.0,6h_prior,27.2,28.33366177768196,1.5219822479992136,0.12784217633311676,weather_plus_market_training,0.016343622049587718,0.13678488100627836
2026-04-19,nan,Will the highest temperature in Hong Kong be 27°C on April 19?,interior,27.0,28.0,interior,30.0,,2026-04-19|27.0|28.0,0.0,0.0,6h_prior,27.2,28.33366177768196,1.5219822479992136,0.22279341924567503,weather_plus_market_training,0.04963690765917912,0.2520490942548883
2026-04-19,nan,Will the highest temperature in Hong Kong be 28°C on April 19?,interior,28.0,29.0,interior,30.0,,2026-04-19|28.0|29.0,0.0,0.0,6h_prior,27.2,28.33366177768196,1.5219822479992136,0.2560017373603632,weather_plus_market_training,0.06553688953152438,0.2957165793135501
2026-04-19,nan,Will the highest temperature in Hong Kong be 29°C on April 19?,interior,29.0,30.0,interior,30.0,,2026-04-19|29.0|30.0,0.0,0.0,6h_prior,27.2,28.33366177768196,1.5219822479992136,0.1939704468882002,weather_plus_market_training,0.03762453426600809,0.2156348707558933
2026-04-19,nan,Will the highest temperature in Hong Kong be 30°C on April 19?,interior,30.0,31.0,interior,30.0,,2026-04-19|30.0|31.0,1.0,1.0,6h_prior,27.2,28.33366177768196,1.5219822479992136,0.09689498811916653,weather_plus_market_training,0.8155986624842804,2.334127483619479
2026-04-19,nan,Will the highest temperature in Hong Kong be 31°C or higher on April 19?,upper_tail,31.0,inf,upper_tail,30.0,,2026-04-19|31.0|inf,0.0,0.0,6h_prior,27.2,28.33366177768196,1.5219822479992136,0.03989677228566291,weather_plus_market_training,0.0015917524388140399,0.040714471431968435
2026-04-19,nan,Will the highest temperature in Hong Kong be 21°C or below on April 19?,lower_tail,-inf,22.0,lower_tail,30.0,,2026-04-19|-inf|22.0,0.0,0.0,event_day_open,27.9,29.2610547266097,1.428448030739606,1.855863810009086e-07,weather_plus_market_training,3.444230481301441e-14,1.8558639826186888e-07
2026-04-19,nan,Will the highest temperature in Hong Kong be 22°C on April 19?,interior,22.0,23.0,interior,30.0,,2026-04-19|22.0|23.0,0.0,0.0,event_day_open,27.9,29.2610547266097,1.428448030739606,5.664077868047908e-06,weather_plus_market_training,3.208177809531013e-11,5.664093909011287e-06
2026-04-19,nan,Will the highest temperature in Hong Kong be 23°C on April 19?,interior,23.0,24.0,interior,30.0,,2026-04-19|23.0|24.0,0.0,0.0,event_day_open,27.9,29.2610547266097,1.428448030739606,0.00010937738834470219,weather_plus_market_training,1.1963413081107794e-08,0.0001093833704874633
2026-04-19,nan,Will the highest temperature in Hong Kong be 24°C on April 19?,interior,24.0,25.0,interior,30.0,,2026-04-19|24.0|25.0,0.0,0.0,event_day_open,27.9,29.2610547266097,1.428448030739606,0.0013119816866530099,weather_plus_market_training,1.7212959461128765e-06,0.0013128430881371657
2026-04-19,nan,Will the highest temperature in Hong Kong be 25°C on April 19?,interior,25.0,26.0,interior,30.0,,2026-04-19|25.0|26.0,0.0,0.0,event_day_open,27.9,29.2610547266097,1.428448030739606,0.009789875103589068,weather_plus_market_training,9.584165454387306e-05,0.0098381110046758
2026-04-19,nan,Will the highest temperature in Hong Kong be 26°C on April 19?,interior,26.0,27.0,interior,30.0,,2026-04-19|26.0|27.0,0.0,0.0,event_day_open,27.9,29.2610547266097,1.428448030739606,0.04550789112767614,weather_plus_market_training,0.002070968154888425,0.04657590313985017
2026-04-19,nan,Will the highest temperature in Hong Kong be 27°C on April 19?,interior,27.0,28.0,interior,30.0,,2026-04-19|27.0|28.0,0.0,0.0,event_day_open,27.9,29.2610547266097,1.428448030739606,0.13194325994715414,weather_plus_market_training,0.01740902384548229,0.14149819773375208
2026-04-19,nan,Will the highest temperature in Hong Kong be 28°C on April 19?,interior,28.0,29.0,interior,30.0,,2026-04-19|28.0|29.0,0.0,0.0,event_day_open,27.9,29.2610547266097,1.428448030739606,0.23882724960936424,weather_plus_market_training,0.057038455155973576,0.27289494242656365
2026-04-19,nan,Will the highest temperature in Hong Kong be 29°C on April 19?,interior,29.0,30.0,interior,30.0,,2026-04-19|29.0|30.0,0.0,0.0,event_day_open,27.9,29.2610547266097,1.428448030739606,0.27003336337236095,weather_plus_market_training,0.07291801733418952,0.3147564491339351
2026-04-19,nan,Will the highest temperature in Hong Kong be 30°C on April 19?,interior,30.0,31.0,interior,30.0,,2026-04-19|30.0|31.0,1.0,1.0,event_day_open,27.9,29.2610547266097,1.428448030739606,0.19073881632438017,weather_plus_market_training,0.6549036634040653,1.6568502405527328
2026-04-19,nan,Will the highest temperature in Hong Kong be 31°C or higher on April 19?,upper_tail,31.0,inf,upper_tail,30.0,,2026-04-19|31.0|inf,0.0,0.0,event_day_open,27.9,29.2610547266097,1.428448030739606,0.11173233577622854,weather_plus_market_training,0.012484114858011881,0.11848215773353805
2026-04-20,nan,Will the highest temperature in Hong Kong be 21°C or below on April 20?,lower_tail,-inf,22.0,lower_tail,28.4,,2026-04-20|-inf|22.0,0.0,0.0,12h_prior,27.0,28.1456597550012,1.5258245825964996,2.8155034742482444e-05,weather_plus_market_training,7.927059813503935e-10,2.8155431102946737e-05
2026-04-20,nan,Will the highest temperature in Hong Kong be 22°C on April 20?,interior,22.0,23.0,interior,28.4,,2026-04-20|22.0|23.0,0.0,0.0,12h_prior,27.0,28.1456597550012,1.5258245825964996,0.00034445321638241024,weather_plus_market_training,1.1864801827618754e-07,0.0003445125540179899
2026-04-20,nan,Will the highest temperature in Hong Kong be 23°C on April 20?,interior,23.0,24.0,interior,28.4,,2026-04-20|23.0|24.0,0.0,0.0,12h_prior,27.0,28.1456597550012,1.5258245825964996,0.0029212588933679668,weather_plus_market_training,8.533753522081438e-06,0.002925534098145637
2026-04-20,nan,Will the highest temperature in Hong Kong be 24°C on April 20?,interior,24.0,25.0,interior,28.4,,2026-04-20|24.0|25.0,0.0,0.0,12h_prior,27.0,28.1456597550012,1.5258245825964996,0.016328431791692737,weather_plus_market_training,0.0002666176847759621,0.016463209790233177
2026-04-20,nan,Will the highest temperature in Hong Kong be 25°C on April 20?,interior,25.0,26.0,interior,28.4,,2026-04-20|25.0|26.0,0.0,0.0,12h_prior,27.0,28.1456597550012,1.5258245825964996,0.060205673615856284,weather_plus_market_training,0.0036247231355390134,0.062094229377671846
2026-04-20,nan,Will the highest temperature in Hong Kong be 26°C on April 20?,interior,26.0,27.0,interior,28.4,,2026-04-20|26.0|27.0,0.0,0.0,12h_prior,27.0,28.1456597550012,1.5258245825964996,0.1465446056031776,weather_plus_market_training,0.021475321431390876,0.15846200009715186
2026-04-20,nan,Will the highest temperature in Hong Kong be 27°C on April 20?,interior,27.0,28.0,interior,28.4,,2026-04-20|27.0|28.0,0.0,0.0,12h_prior,27.0,28.1456597550012,1.5258245825964996,0.23560097037075178,weather_plus_market_training,0.05550781723963986,0.2686653360709742
2026-04-20,nan,Will the highest temperature in Hong Kong be 28°C on April 20?,interior,28.0,29.0,interior,28.4,,2026-04-20|28.0|29.0,1.0,1.0,12h_prior,27.0,28.1456597550012,1.5258245825964996,0.25025957010777555,weather_plus_market_training,0.5621107122149775,1.3852566193291076
2026-04-20,nan,Will the highest temperature in Hong Kong be 29°C on April 20?,interior,29.0,30.0,interior,28.4,,2026-04-20|29.0|30.0,0.0,0.0,12h_prior,27.0,28.1456597550012,1.5258245825964996,0.1756417387670136,weather_plus_market_training,0.030850020397099852,0.1931500605136871
2026-04-20,nan,Will the highest temperature in Hong Kong be 30°C on April 20?,interior,30.0,31.0,interior,28.4,,2026-04-20|30.0|31.0,0.0,0.0,12h_prior,27.0,28.1456597550012,1.5258245825964996,0.08143090527157804,weather_plus_market_training,0.0066309923333487154,0.08493815154012434
2026-04-20,nan,Will the highest temperature in Hong Kong be 31°C or higher on April 20?,upper_tail,31.0,inf,upper_tail,28.4,,2026-04-20|31.0|inf,0.0,0.0,12h_prior,27.0,28.1456597550012,1.5258245825964996,0.030694237327661522,weather_plus_market_training,0.00094213620512681,0.031175172311586286
2026-04-20,nan,Will the highest temperature in Hong Kong be 21°C or below on April 20?,lower_tail,-inf,22.0,lower_tail,28.4,,2026-04-20|-inf|22.0,0.0,0.0,24h_prior,26.6,27.983916651911983,1.5730678773026123,7.119522314476189e-05,weather_plus_market_training,5.068759798632439e-09,7.119775764500055e-05
2026-04-20,nan,Will the highest temperature in Hong Kong be 22°C on April 20?,interior,22.0,23.0,interior,28.4,,2026-04-20|22.0|23.0,0.0,0.0,24h_prior,26.6,27.983916651911983,1.5730678773026123,0.0006955283275091133,weather_plus_market_training,4.837596543676244e-07,0.0006957703195509795
2026-04-20,nan,Will the highest temperature in Hong Kong be 23°C on April 20?,interior,23.0,24.0,interior,28.4,,2026-04-20|23.0|24.0,0.0,0.0,24h_prior,26.6,27.983916651911983,1.5730678773026123,0.004894639799771169,weather_plus_market_training,2.3957498769503947e-05,0.004906657780986134
2026-04-20,nan,Will the highest temperature in Hong Kong be 24°C on April 20?,interior,24.0,25.0,interior,28.4,,2026-04-20|24.0|25.0,0.0,0.0,24h_prior,26.6,27.983916651911983,1.5730678773026123,0.02326070770861663,weather_plus_market_training,0.0005410605231056971,0.02353550769585311
2026-04-20,nan,Will the highest temperature in Hong Kong be 25°C on April 20?,interior,25.0,26.0,interior,28.4,,2026-04-20|25.0|26.0,0.0,0.0,24h_prior,26.6,27.983916651911983,1.5730678773026123,0.07470051345819342,weather_plus_market_training,0.005580166710917737,0.07763782463727445
2026-04-20,nan,Will the highest temperature in Hong Kong be 26°C on April 20?,interior,26.0,27.0,interior,28.4,,2026-04-20|26.0|27.0,0.0,0.0,24h_prior,26.6,27.983916651911983,1.5730678773026123,0.1622066696589557,weather_plus_market_training,0.026311003681849576,0.17698383142110533
2026-04-20,nan,Will the highest temperature in Hong Kong be 27°C on April 20?,interior,27.0,28.0,interior,28.4,,2026-04-20|27.0|28.0,0.0,0.0,24h_prior,26.6,27.983916651911983,1.5730678773026123,0.23824953725394798,weather_plus_market_training,0.05676284200172035,0.2721362536389159
2026-04-20,nan,Will the highest temperature in Hong Kong be 28°C on April 20?,interior,28.0,29.0,interior,28.4,,2026-04-20|28.0|29.0,1.0,1.0,24h_prior,26.6,27.983916651911983,1.5730678773026123,0.2367571373213736,weather_plus_market_training,0.5825396674298645,1.440720400289588
2026-04-20,nan,Will the highest temperature in Hong Kong be 29°C on April 20?,interior,29.0,30.0,interior,28.4,,2026-04-20|29.0|30.0,0.0,0.0,24h_prior,26.6,27.983916651911983,1.5730678773026123,0.15917698390604296,weather_plus_market_training,0.025337312205424657,0.17337408575271984
2026-04-20,nan,Will the highest temperature in Hong Kong be 30°C on April 20?,interior,30.0,31.0,interior,28.4,,2026-04-20|30.0|31.0,0.0,0.0,24h_prior,26.6,27.983916651911983,1.5730678773026123,0.07238879900539774,weather_plus_market_training,0.005240138221443873,0.07514259843153295
2026-04-20,nan,Will the highest temperature in Hong Kong be 31°C or higher on April 20?,upper_tail,31.0,inf,upper_tail,28.4,,2026-04-20|31.0|inf,0.0,0.0,24h_prior,26.6,27.983916651911983,1.5730678773026123,0.027598288337046917,weather_plus_market_training,0.0007616655191347799,0.027986276295982607
2026-04-20,nan,Will the highest temperature in Hong Kong be 21°C or below on April 20?,lower_tail,-inf,22.0,lower_tail,28.4,,2026-04-20|-inf|22.0,0.0,0.0,6h_prior,27.2,28.35077887206224,1.523674124300879,1.535954817805741e-05,weather_plus_market_training,2.3591572023406674e-10,1.5359666137174572e-05
2026-04-20,nan,Will the highest temperature in Hong Kong be 22°C on April 20?,interior,22.0,23.0,interior,28.4,,2026-04-20|22.0|23.0,0.0,0.0,6h_prior,27.2,28.35077887206224,1.523674124300879,0.00020721478517867086,weather_plus_market_training,4.293796719664271e-08,0.00020723625712856415
2026-04-20,nan,Will the highest temperature in Hong Kong be 23°C on April 20?,interior,23.0,24.0,interior,28.4,,2026-04-20|23.0|24.0,0.0,0.0,6h_prior,27.2,28.35077887206224,1.523674124300879,0.0019262041628575377,weather_plus_market_training,3.710262477009708e-06,0.0019280616797838301
2026-04-20,nan,Will the highest temperature in Hong Kong be 24°C on April 20?,interior,24.0,25.0,interior,28.4,,2026-04-20|24.0|25.0,0.0,0.0,6h_prior,27.2,28.35077887206224,1.523674124300879,0.011785062391140832,weather_plus_market_training,0.00013888769556308207,0.011855056707340272
2026-04-20,nan,Will the highest temperature in Hong Kong be 25°C on April 20?,interior,25.0,26.0,interior,28.4,,2026-04-20|25.0|26.0,0.0,0.0,6h_prior,27.2,28.35077887206224,1.523674124300879,0.04750147866829889,weather_plus_market_training,0.002256390475674854,0.0486667243901489
2026-04-20,nan,Will the highest temperature in Hong Kong be 26°C on April 20?,interior,26.0,27.0,interior,28.4,,2026-04-20|26.0|27.0,0.0,0.0,6h_prior,27.2,28.35077887206224,1.523674124300879,0.12623137627049227,weather_plus_market_training,0.0159343603551426,0.13493967094938936
2026-04-20,nan,Will the highest temperature in Hong Kong be 27°C on April 20?,interior,27.0,28.0,interior,28.4,,2026-04-20|27.0|28.0,0.0,0.0,6h_prior,27.2,28.35077887206224,1.523674124300879,0.22129406801363238,weather_plus_market_training,0.048971064538022156,0.25012179862113915
2026-04-20,nan,Will the highest temperature in Hong Kong be 28°C on April 20?,interior,28.0,29.0,interior,28.4,,2026-04-20|28.0|29.0,1.0,1.0,6h_prior,27.2,28.35077887206224,1.523674124300879,0.25601782076740043,weather_plus_market_training,0.5535094830156879,1.3625082245527453
2026-04-20,nan,Will the highest temperature in Hong Kong be 29°C on April 20?,interior,29.0,30.0,interior,28.4,,2026-04-20|29.0|30.0,0.0,0.0,6h_prior,27.2,28.35077887206224,1.523674124300879,0.19548345552448543,weather_plus_market_training,0.03821378138379347,0.21751374784441757
2026-04-20,nan,Will the highest temperature in Hong Kong be 30°C on April 20?,interior,30.0,31.0,interior,28.4,,2026-04-20|30.0|31.0,0.0,0.0,6h_prior,27.2,28.35077887206224,1.523674124300879,0.0984947024517151,weather_plus_market_training,0.009701206411051893,0.10368935998522123
2026-04-20,nan,Will the highest temperature in Hong Kong be 31°C or higher on April 20?,upper_tail,31.0,inf,upper_tail,28.4,,2026-04-20|31.0|inf,0.0,0.0,6h_prior,27.2,28.35077887206224,1.523674124300879,0.041043257416620404,weather_plus_market_training,0.001684548979366966,0.041909311911265526
2026-04-20,nan,Will the highest temperature in Hong Kong be 21°C or below on April 20?,lower_tail,-inf,22.0,lower_tail,28.4,,2026-04-20|-inf|22.0,0.0,0.0,event_day_open,27.1,28.476837480004527,1.4239412759719126,2.7011163719333846e-06,weather_plus_market_training,7.29602965472657e-12,2.7011200199273505e-06
2026-04-20,nan,Will the highest temperature in Hong Kong be 22°C on April 20?,interior,22.0,23.0,interior,28.4,,2026-04-20|22.0|23.0,0.0,0.0,event_day_open,27.1,28.476837480004527,1.4239412759719126,5.726800242000497e-05,weather_plus_market_training,3.2796241011776955e-09,5.7269642294666966e-05
2026-04-20,nan,Will the highest temperature in Hong Kong be 23°C on April 20?,interior,23.0,24.0,interior,28.4,,2026-04-20|23.0|24.0,0.0,0.0,event_day_open,27.1,28.476837480004527,1.4239412759719126,0.0007733758570493952,weather_plus_market_training,5.981102162668866e-07,0.0007736750664350196
2026-04-20,nan,Will the highest temperature in Hong Kong be 24°C on April 20?,interior,24.0,25.0,interior,28.4,,2026-04-20|24.0|25.0,0.0,0.0,event_day_open,27.1,28.476837480004527,1.4239412759719126,0.006475798421146741,weather_plus_market_training,4.193596519132663e-05,0.006496857368641171
2026-04-20,nan,Will the highest temperature in Hong Kong be 25°C on April 20?,interior,25.0,26.0,interior,28.4,,2026-04-20|25.0|26.0,0.0,0.0,event_day_open,27.1,28.476837480004527,1.4239412759719126,0.03367097072462315,weather_plus_market_training,0.001133734269538429,0.034250892748123804
2026-04-20,nan,Will the highest temperature in Hong Kong be 26°C on April 20?,interior,26.0,27.0,interior,28.4,,2026-04-20|26.0|27.0,0.0,0.0,event_day_open,27.1,28.476837480004527,1.4239412759719126,0.1088533898341595,weather_plus_market_training,0.0118490604783875,0.11524631940680284
2026-04-20,nan,Will the highest temperature in Hong Kong be 27°C on April 20?,interior,27.0,28.0,interior,28.4,,2026-04-20|27.0|28.0,0.0,0.0,event_day_open,27.1,28.476837480004527,1.4239412759719126,0.21902747276699808,weather_plus_market_training,0.04797303382669808,0.24721530615936005
2026-04-20,nan,Will the highest temperature in Hong Kong be 28°C on April 20?,interior,28.0,29.0,interior,28.4,,2026-04-20|28.0|29.0,1.0,1.0,event_day_open,27.1,28.476837480004527,1.4239412759719126,0.27448038846135697,weather_plus_market_training,0.5263787067271836,1.2928754651700582
2026-04-20,nan,Will the highest temperature in Hong Kong be 29°C on April 20?,interior,29.0,30.0,interior,28.4,,2026-04-20|29.0|30.0,0.0,0.0,event_day_open,27.1,28.476837480004527,1.4239412759719126,0.21427710957517587,weather_plus_market_training,0.04591467968789193,0.2411511054270786
2026-04-20,nan,Will the highest temperature in Hong Kong be 30°C on April 20?,interior,30.0,31.0,interior,28.4,,2026-04-20|30.0|31.0,0.0,0.0,event_day_open,27.1,28.476837480004527,1.4239412759719126,0.10418066638353307,weather_plus_market_training,0.010853611248117017,0.11001652292736122
2026-04-20,nan,Will the highest temperature in Hong Kong be 31°C or higher on April 20?,upper_tail,31.0,inf,upper_tail,28.4,,2026-04-20|31.0|inf,0.0,0.0,event_day_open,27.1,28.476837480004527,1.4239412759719126,0.03820085885716529,weather_plus_market_training,0.0014593056174250635,0.03894964310753793
2026-04-21,nan,Will the highest temperature in Hong Kong be 21°C or below on April 21?,lower_tail,-inf,22.0,lower_tail,28.9,,2026-04-21|-inf|22.0,0.0,0.0,12h_prior,25.4,26.68807585494226,1.5151492187025593,0.0009869390525336817,weather_plus_market_training,9.740486934160813e-07,0.0009874263975599839
2026-04-21,nan,Will the highest temperature in Hong Kong be 22°C on April 21?,interior,22.0,23.0,interior,28.9,,2026-04-21|22.0|23.0,0.0,0.0,12h_prior,25.4,26.68807585494226,1.5151492187025593,0.00647679990140602,weather_plus_market_training,4.194893696285303e-05,0.006497865377064555
2026-04-21,nan,Will the highest temperature in Hong Kong be 23°C on April 21?,interior,23.0,24.0,interior,28.9,,2026-04-21|23.0|24.0,0.0,0.0,12h_prior,25.4,26.68807585494226,1.5151492187025593,0.03055685815213692,weather_plus_market_training,0.0009337215801298166,0.031033452901265312
2026-04-21,nan,Will the highest temperature in Hong Kong be 24°C on April 21?,interior,24.0,25.0,interior,28.9,,2026-04-21|24.0|25.0,0.0,0.0,12h_prior,25.4,26.68807585494226,1.5151492187025593,0.09459073704192401,weather_plus_market_training,0.008947407534134416,0.09936821324171839
2026-04-21,nan,Will the highest temperature in Hong Kong be 25°C on April 21?,interior,25.0,26.0,interior,28.9,,2026-04-21|25.0|26.0,0.0,0.0,12h_prior,25.4,26.68807585494226,1.5151492187025593,0.1922560259715207,weather_plus_market_training,0.03696237952236204,0.21351013449913048
2026-04-21,nan,Will the highest temperature in Hong Kong be 26°C on April 21?,interior,26.0,27.0,interior,28.9,,2026-04-21|26.0|27.0,0.0,0.0,12h_prior,25.4,26.68807585494226,1.5151492187025593,0.256686506649929,weather_plus_market_training,0.06588796269614404,0.2966373941127242
2026-04-21,nan,Will the highest temperature in Hong Kong be 27°C on April 21?,interior,27.0,28.0,interior,28.9,,2026-04-21|27.0|28.0,0.0,0.0,12h_prior,25.4,26.68807585494226,1.5151492187025593,0.2251657472691525,weather_plus_market_training,0.05069961374327586,0.25510613994576087
2026-04-21,nan,Will the highest temperature in Hong Kong be 28°C on April 21?,interior,28.0,29.0,interior,28.9,,2026-04-21|28.0|29.0,1.0,1.0,12h_prior,25.4,26.68807585494226,1.5151492187025593,0.12975954434128478,weather_plus_market_training,0.7573184506650883,2.042072200171101
2026-04-21,nan,Will the highest temperature in Hong Kong be 29°C on April 21?,interior,29.0,30.0,interior,28.9,,2026-04-21|29.0|30.0,0.0,0.0,12h_prior,25.4,26.68807585494226,1.5151492187025593,0.04910840167438457,weather_plus_market_training,0.0024116351150126974,0.050355209973073835
2026-04-21,nan,Will the highest temperature in Hong Kong be 30°C on April 21?,interior,30.0,31.0,interior,28.9,,2026-04-21|30.0|31.0,0.0,0.0,12h_prior,25.4,26.68807585494226,1.5151492187025593,0.012197955886847023,weather_plus_market_training,0.00014879012781746594,0.012272961518416824
2026-04-21,nan,Will the highest temperature in Hong Kong be 31°C or higher on April 21?,upper_tail,31.0,inf,upper_tail,28.9,,2026-04-21|31.0|inf,0.0,0.0,12h_prior,25.4,26.68807585494226,1.5151492187025593,0.0022144840588808057,weather_plus_market_training,4.903939647037208e-06,0.002216939654625876
2026-04-21,nan,Will the highest temperature in Hong Kong be 21°C or below on April 21?,lower_tail,-inf,22.0,lower_tail,28.9,,2026-04-21|-inf|22.0,0.0,0.0,24h_prior,25.9,27.29111642152166,1.572710030223442,0.000383647907577257,weather_plus_market_training,1.4718571698840752e-07,0.0003837215192636873
2026-04-21,nan,Will the highest temperature in Hong Kong be 22°C on April 21?,interior,22.0,23.0,interior,28.9,,2026-04-21|22.0|23.0,0.0,0.0,24h_prior,25.9,27.29111642152166,1.572710030223442,0.002797647021903932,weather_plus_market_training,7.82682885916794e-06,0.0028015677505841175
2026-04-21,nan,Will the highest temperature in Hong Kong be 23°C on April 21?,interior,23.0,24.0,interior,28.9,,2026-04-21|23.0|24.0,0.0,0.0,24h_prior,25.9,27.29111642152166,1.572710030223442,0.01500934227343405,weather_plus_market_training,0.00022528035548109441,0.015123122396584171
2026-04-21,nan,Will the highest temperature in Hong Kong be 24°C on April 21?,interior,24.0,25.0,interior,28.9,,2026-04-21|24.0|25.0,0.0,0.0,24h_prior,25.9,27.29111642152166,1.572710030223442,0.05439582357209581,weather_plus_market_training,0.0029589056220865745,0.05593121564388072
2026-04-21,nan,Will the highest temperature in Hong Kong be 25°C on April 21?,interior,25.0,26.0,interior,28.9,,2026-04-21|25.0|26.0,0.0,0.0,24h_prior,25.9,27.29111642152166,1.572710030223442,0.13325089162223322,weather_plus_market_training,0.017755800118120144,0.1430057231135048
2026-04-21,nan,Will the highest temperature in Hong Kong be 26°C on April 21?,interior,26.0,27.0,interior,28.9,,2026-04-21|26.0|27.0,0.0,0.0,24h_prior,25.9,27.29111642152166,1.572710030223442,0.2207360046875087,weather_plus_market_training,0.04872438376540386,0.24940540051843765
2026-04-21,nan,Will the highest temperature in Hong Kong be 27°C on April 21?,interior,27.0,28.0,interior,28.9,,2026-04-21|27.0|28.0,0.0,0.0,24h_prior,25.9,27.29111642152166,1.572710030223442,0.2473382275971704,weather_plus_market_training,0.06117619883090966,0.28413932552666654
2026-04-21,nan,Will the highest temperature in Hong Kong be 28°C on April 21?,interior,28.0,29.0,interior,28.9,,2026-04-21|28.0|29.0,1.0,1.0,24h_prior,25.9,27.29111642152166,1.572710030223442,0.1874783500462056,weather_plus_market_training,0.6601914316436364,1.6740919066586686
2026-04-21,nan,Will the highest temperature in Hong Kong be 29°C on April 21?,interior,29.0,30.0,interior,28.9,,2026-04-21|29.0|30.0,0.0,0.0,24h_prior,25.9,27.29111642152166,1.572710030223442,0.09611427561742969,weather_plus_market_training,0.009237953977463239,0.10105233766174222
2026-04-21,nan,Will the highest temperature in Hong Kong be 30°C on April 21?,interior,30.0,31.0,interior,28.9,,2026-04-21|30.0|31.0,0.0,0.0,24h_prior,25.9,27.29111642152166,1.572710030223442,0.03331575968463607,weather_plus_market_training,0.001109939843364422,0.03388337220434556
2026-04-21,nan,Will the highest temperature in Hong Kong be 31°C or higher on April 21?,upper_tail,31.0,inf,upper_tail,28.9,,2026-04-21|31.0|inf,0.0,0.0,24h_prior,25.9,27.29111642152166,1.572710030223442,0.00918002996980527,weather_plus_market_training,8.427295024652294e-05,0.009222426109620431
2026-04-21,nan,Will the highest temperature in Hong Kong be 21°C or below on April 21?,lower_tail,-inf,22.0,lower_tail,28.9,,2026-04-21|-inf|22.0,0.0,0.0,6h_prior,26.4,27.613966040584152,1.5189438611989765,0.00010952581124619722,weather_plus_market_training,1.1995903329137622e-08,0.00010953180963589029
2026-04-21,nan,Will the highest temperature in Hong Kong be 22°C on April 21?,interior,22.0,23.0,interior,28.9,,2026-04-21|22.0|23.0,0.0,0.0,6h_prior,26.4,27.613966040584152,1.5189438611989765,0.0010827677838848727,weather_plus_market_training,1.1723860738189584e-06,0.0010833544004062838
2026-04-21,nan,Will the highest temperature in Hong Kong be 23°C on April 21?,interior,23.0,24.0,interior,28.9,,2026-04-21|23.0|24.0,0.0,0.0,6h_prior,26.4,27.613966040584152,1.5189438611989765,0.007481367226521759,weather_plus_market_training,5.597085557807388e-05,0.007509493021719943
2026-04-21,nan,Will the highest temperature in Hong Kong be 24°C on April 21?,interior,24.0,25.0,interior,28.9,,2026-04-21|24.0|25.0,0.0,0.0,6h_prior,26.4,27.613966040584152,1.5189438611989765,0.03395989599151634,weather_plus_market_training,0.0011532745357546075,0.03454993009463258
2026-04-21,nan,Will the highest temperature in Hong Kong be 25°C on April 21?,interior,25.0,26.0,interior,28.9,,2026-04-21|25.0|26.0,0.0,0.0,6h_prior,26.4,27.613966040584152,1.5189438611989765,0.10135765097316624,weather_plus_market_training,0.010273373410798186,0.10687015567241036
2026-04-21,nan,Will the highest temperature in Hong Kong be 26°C on April 21?,interior,26.0,27.0,interior,28.9,,2026-04-21|26.0|27.0,0.0,0.0,6h_prior,26.4,27.613966040584152,1.5189438611989765,0.19903945719313593,weather_plus_market_training,0.03961670551973819,0.2219435930436117
2026-04-21,nan,Will the highest temperature in Hong Kong be 27°C on April 21?,interior,27.0,28.0,interior,28.9,,2026-04-21|27.0|28.0,0.0,0.0,6h_prior,26.4,27.613966040584152,1.5189438611989765,0.2572780667567075,weather_plus_market_training,0.06619200363406884,0.297433552976019
2026-04-21,nan,Will the highest temperature in Hong Kong be 28°C on April 21?,interior,28.0,29.0,interior,28.9,,2026-04-21|28.0|29.0,1.0,1.0,6h_prior,26.4,27.613966040584152,1.5189438611989765,0.2189380827140348,weather_plus_market_training,0.6100577186344279,1.518966316473718
2026-04-21,nan,Will the highest temperature in Hong Kong be 29°C on April 21?,interior,29.0,30.0,interior,28.9,,2026-04-21|29.0|30.0,0.0,0.0,6h_prior,26.4,27.613966040584152,1.5189438611989765,0.1226445142041418,weather_plus_market_training,0.015041676864369939,0.13084302575649334
2026-04-21,nan,Will the highest temperature in Hong Kong be 30°C on April 21?,interior,30.0,31.0,interior,28.9,,2026-04-21|30.0|31.0,0.0,0.0,6h_prior,26.4,27.613966040584152,1.5189438611989765,0.04520846529695566,weather_plus_market_training,0.002043805334506044,0.04626225059882222
2026-04-21,nan,Will the highest temperature in Hong Kong be 31°C or higher on April 21?,upper_tail,31.0,inf,upper_tail,28.9,,2026-04-21|31.0|inf,0.0,0.0,6h_prior,26.4,27.613966040584152,1.5189438611989765,0.012900206048688911,weather_plus_market_training,0.00016641531609863,0.012984136299770214
2026-04-21,nan,Will the highest temperature in Hong Kong be 21°C or below on April 21?,lower_tail,-inf,22.0,lower_tail,28.9,,2026-04-21|-inf|22.0,0.0,0.0,event_day_open,27.0,28.386544996450944,1.424562668315807,3.67725538123405e-06,weather_plus_market_training,1.352220713881478e-11,3.677262142316043e-06
2026-04-21,nan,Will the highest temperature in Hong Kong be 22°C on April 21?,interior,22.0,23.0,interior,28.9,,2026-04-21|22.0|23.0,0.0,0.0,event_day_open,27.0,28.386544996450944,1.424562668315807,7.43623569466253e-05,weather_plus_market_training,5.529760130657311e-09,7.436512196371953e-05
2026-04-21,nan,Will the highest temperature in Hong Kong be 23°C on April 21?,interior,23.0,24.0,interior,28.9,,2026-04-21|23.0|24.0,0.0,0.0,event_day_open,27.0,28.386544996450944,1.424562668315807,0.0009596695105111795,weather_plus_market_training,9.209655694047668e-07,0.0009601302881156207
2026-04-21,nan,Will the highest temperature in Hong Kong be 24°C on April 21?,interior,24.0,25.0,interior,28.9,,2026-04-21|24.0|25.0,0.0,0.0,event_day_open,27.0,28.386544996450944,1.424562668315807,0.007683365576003288,weather_plus_market_training,5.9034106574512335e-05,0.00771303469947755
2026-04-21,nan,Will the highest temperature in Hong Kong be 25°C on April 21?,interior,25.0,26.0,interior,28.9,,2026-04-21|25.0|26.0,0.0,0.0,event_day_open,27.0,28.386544996450944,1.424562668315807,0.03821832790845663,weather_plus_market_training,0.0014606405881183151,0.03896780616174557
2026-04-21,nan,Will the highest temperature in Hong Kong be 26°C on April 21?,interior,26.0,27.0,interior,28.9,,2026-04-21|26.0|27.0,0.0,0.0,event_day_open,27.0,28.386544996450944,1.424562668315807,0.11825954321864662,weather_plus_market_training,0.013985319562282949,0.12585753296809116
2026-04-21,nan,Will the highest temperature in Hong Kong be 27°C on April 21?,interior,27.0,28.0,interior,28.9,,2026-04-21|27.0|28.0,0.0,0.0,event_day_open,27.0,28.386544996450944,1.424562668315807,0.22786470296741795,weather_plus_market_training,0.05192232285842961,0.2585954890892116
2026-04-21,nan,Will the highest temperature in Hong Kong be 28°C on April 21?,interior,28.0,29.0,interior,28.9,,2026-04-21|28.0|29.0,1.0,1.0,event_day_open,27.0,28.386544996450944,1.424562668315807,0.2735665113705903,weather_plus_market_training,0.5277056134022947,1.296210500686521
2026-04-21,nan,Will the highest temperature in Hong Kong be 29°C on April 21?,interior,29.0,30.0,interior,28.9,,2026-04-21|29.0|30.0,0.0,0.0,event_day_open,27.0,28.386544996450944,1.424562668315807,0.20467801619172776,weather_plus_market_training,0.04189309031218117,0.22900823524306627
2026-04-21,nan,Will the highest temperature in Hong Kong be 30°C on April 21?,interior,30.0,31.0,interior,28.9,,2026-04-21|30.0|31.0,0.0,0.0,event_day_open,27.0,28.386544996450944,1.424562668315807,0.09540685344437094,weather_plus_market_training,0.009102467684155676,0.10026999818240562
2026-04-21,nan,Will the highest temperature in Hong Kong be 31°C or higher on April 21?,upper_tail,31.0,inf,upper_tail,28.9,,2026-04-21|31.0|inf,0.0,0.0,event_day_open,27.0,28.386544996450944,1.424562668315807,0.03328497019994747,weather_plus_market_training,0.0011078892412113913,0.03385152209954092
2026-04-22,nan,Will the highest temperature in Hong Kong be 21°C or below on April 22?,lower_tail,-inf,22.0,lower_tail,29.4,,2026-04-22|-inf|22.0,0.0,0.0,12h_prior,27.6,28.759604388552887,1.5334063986098387,5.210999943192771e-06,weather_plus_market_training,2.7154520407955064e-11,5.211013520524426e-06
2026-04-22,nan,Will the highest temperature in Hong Kong be 22°C on April 22?,interior,22.0,23.0,interior,29.4,,2026-04-22|22.0|23.0,0.0,0.0,12h_prior,27.6,28.759604388552887,1.5334063986098387,8.108513407478194e-05,weather_plus_market_training,6.574798967925364e-09,8.108842165198849e-05
2026-04-22,nan,Will the highest temperature in Hong Kong be 23°C on April 22?,interior,23.0,24.0,interior,29.4,,2026-04-22|23.0|24.0,0.0,0.0,12h_prior,27.6,28.759604388552887,1.5334063986098387,0.0008685079610933189,weather_plus_market_training,7.543060784824739e-07,0.0008688853326484749
2026-04-22,nan,Will the highest temperature in Hong Kong be 24°C on April 22?,interior,24.0,25.0,interior,29.4,,2026-04-22|24.0|25.0,0.0,0.0,12h_prior,27.6,28.759604388552887,1.5334063986098387,0.006152396324033398,weather_plus_market_training,3.785198052797967e-05,0.006171400301057882
2026-04-22,nan,Will the highest temperature in Hong Kong be 25°C on April 22?,interior,25.0,26.0,interior,29.4,,2026-04-22|25.0|26.0,0.0,0.0,12h_prior,27.6,28.759604388552887,1.5334063986098387,0.028850267263948688,weather_plus_market_training,0.0008323379212012693,0.0292746179076048
2026-04-22,nan,Will the highest temperature in Hong Kong be 26°C on April 22?,interior,26.0,27.0,interior,29.4,,2026-04-22|26.0|27.0,0.0,0.0,12h_prior,27.6,28.759604388552887,1.5334063986098387,0.08962728162215272,weather_plus_market_training,0.008033049610976674,0.09390118269149639
2026-04-22,nan,Will the highest temperature in Hong Kong be 27°C on April 22?,interior,27.0,28.0,interior,29.4,,2026-04-22|27.0|28.0,0.0,0.0,12h_prior,27.6,28.759604388552887,1.5334063986098387,0.18458453619393955,weather_plus_market_training,0.034071451001931784,0.20405752408946726
2026-04-22,nan,Will the highest temperature in Hong Kong be 28°C on April 22?,interior,28.0,29.0,interior,29.4,,2026-04-22|28.0|29.0,0.0,0.0,12h_prior,27.6,28.759604388552887,1.5334063986098387,0.25211855298667396,weather_plus_market_training,0.06356376476009433,0.29051080686674224
2026-04-22,nan,Will the highest temperature in Hong Kong be 29°C on April 22?,interior,29.0,30.0,interior,29.4,,2026-04-22|29.0|30.0,1.0,1.0,12h_prior,27.6,28.759604388552887,1.5334063986098387,0.2284301741336774,weather_plus_market_training,0.5953199961873874,1.4765246990081335
2026-04-22,nan,Will the highest temperature in Hong Kong be 30°C on April 22?,interior,30.0,31.0,interior,29.4,,2026-04-22|30.0|31.0,0.0,0.0,12h_prior,27.6,28.759604388552887,1.5334063986098387,0.13728221819047215,weather_plus_market_training,0.018846407431296404,0.1476676613008179
2026-04-22,nan,Will the highest temperature in Hong Kong be 31°C or higher on April 22?,upper_tail,31.0,inf,upper_tail,29.4,,2026-04-22|31.0|inf,0.0,0.0,12h_prior,27.6,28.759604388552887,1.5334063986098387,0.07199976918999085,weather_plus_market_training,0.005183966763411955,0.07472329747828513
2026-04-22,nan,Will the highest temperature in Hong Kong be 21°C or below on April 22?,lower_tail,-inf,22.0,lower_tail,29.4,,2026-04-22|-inf|22.0,0.0,0.0,24h_prior,27.4,28.800206637147863,1.573752416613998,7.765681680812452e-06,weather_plus_market_training,6.030581196770612e-11,7.765711833877907e-06
2026-04-22,nan,Will the highest temperature in Hong Kong be 22°C on April 22?,interior,22.0,23.0,interior,29.4,,2026-04-22|22.0|23.0,0.0,0.0,24h_prior,27.4,28.800206637147863,1.573752416613998,0.00010632089983640096,weather_plus_market_training,1.1304133742022005e-08,0.00010632655230394554
2026-04-22,nan,Will the highest temperature in Hong Kong be 23°C on April 22?,interior,23.0,24.0,interior,29.4,,2026-04-22|23.0|24.0,0.0,0.0,24h_prior,27.4,28.800206637147863,1.573752416613998,0.0010294867222371716,weather_plus_market_training,1.0598429112626352e-06,0.0010300170076718751
2026-04-22,nan,Will the highest temperature in Hong Kong be 24°C on April 22?,interior,24.0,25.0,interior,29.4,,2026-04-22|24.0|25.0,0.0,0.0,24h_prior,27.4,28.800206637147863,1.573752416613998,0.00672959818432884,weather_plus_market_training,4.528749172252202e-05,0.006752344034579337
2026-04-22,nan,Will the highest temperature in Hong Kong be 25°C on April 22?,interior,25.0,26.0,interior,29.4,,2026-04-22|25.0|26.0,0.0,0.0,24h_prior,27.4,28.800206637147863,1.573752416613998,0.029720616243792464,weather_plus_market_training,0.0008833150299107804,0.030171224464863637
2026-04-22,nan,Will the highest temperature in Hong Kong be 26°C on April 22?,interior,26.0,27.0,interior,29.4,,2026-04-22|26.0|27.0,0.0,0.0,24h_prior,27.4,28.800206637147863,1.573752416613998,0.08873992112698828,weather_plus_market_training,0.007874773601624101,0.09292693522879067
2026-04-22,nan,Will the highest temperature in Hong Kong be 27°C on April 22?,interior,27.0,28.0,interior,29.4,,2026-04-22|27.0|28.0,0.0,0.0,24h_prior,27.4,28.800206637147863,1.573752416613998,0.179228011409152,weather_plus_market_training,0.032122680073679126,0.19750993210843779
2026-04-22,nan,Will the highest temperature in Hong Kong be 28°C on April 22?,interior,28.0,29.0,interior,29.4,,2026-04-22|28.0|29.0,0.0,0.0,24h_prior,27.4,28.800206637147863,1.573752416613998,0.24494967492426423,weather_plus_market_training,0.06000034324550272,0.2809708762250554
2026-04-22,nan,Will the highest temperature in Hong Kong be 29°C on April 22?,interior,29.0,30.0,interior,29.4,,2026-04-22|29.0|30.0,1.0,1.0,24h_prior,27.4,28.800206637147863,1.573752416613998,0.22657122597193036,weather_plus_market_training,0.5981920684945629,1.4846959200400855
2026-04-22,nan,Will the highest temperature in Hong Kong be 30°C on April 22?,interior,30.0,31.0,interior,29.4,,2026-04-22|30.0|31.0,0.0,0.0,24h_prior,27.4,28.800206637147863,1.573752416613998,0.1418310249314636,weather_plus_market_training,0.02011603963310945,0.15295425824511688
2026-04-22,nan,Will the highest temperature in Hong Kong be 31°C or higher on April 22?,upper_tail,31.0,inf,upper_tail,29.4,,2026-04-22|31.0|inf,0.0,0.0,24h_prior,27.4,28.800206637147863,1.573752416613998,0.08108635390432584,weather_plus_market_training,0.006574996789497578,0.08456312611688044
2026-04-22,nan,Will the highest temperature in Hong Kong be 21°C or below on April 22?,lower_tail,-inf,22.0,lower_tail,29.4,,2026-04-22|-inf|22.0,0.0,0.0,6h_prior,27.7,28.868053719320848,1.5305684284747478,3.6073032523003178e-06,weather_plus_market_training,1.301263675405645e-11,3.6073097586627438e-06
2026-04-22,nan,Will the highest temperature in Hong Kong be 22°C on April 22?,interior,22.0,23.0,interior,29.4,,2026-04-22|22.0|23.0,0.0,0.0,6h_prior,27.7,28.868053719320848,1.5305684284747478,5.94551697639961e-05,weather_plus_market_training,3.5349172116655962e-09,5.945693729268754e-05
2026-04-22,nan,Will the highest temperature in Hong Kong be 23°C on April 22?,interior,23.0,24.0,interior,29.4,,2026-04-22|23.0|24.0,0.0,0.0,6h_prior,27.7,28.868053719320848,1.5305684284747478,0.0006719092441221565,weather_plus_market_training,4.514620323368076e-07,0.0006721350763031809
2026-04-22,nan,Will the highest temperature in Hong Kong be 24°C on April 22?,interior,24.0,25.0,interior,29.4,,2026-04-22|24.0|25.0,0.0,0.0,6h_prior,27.7,28.868053719320848,1.5305684284747478,0.00501381590972688,weather_plus_market_training,2.5138349976630384e-05,0.0050264272563553284
2026-04-22,nan,Will the highest temperature in Hong Kong be 25°C on April 22?,interior,25.0,26.0,interior,29.4,,2026-04-22|25.0|26.0,0.0,0.0,6h_prior,27.7,28.868053719320848,1.5305684284747478,0.024726850625323166,weather_plus_market_training,0.0006114171418470447,0.02503769401507443
2026-04-22,nan,Will the highest temperature in Hong Kong be 26°C on April 22?,interior,26.0,27.0,interior,29.4,,2026-04-22|26.0|27.0,0.0,0.0,6h_prior,27.7,28.868053719320848,1.5305684284747478,0.08066268123077744,weather_plus_market_training,0.006506468143338015,0.08410217416946099
2026-04-22,nan,Will the highest temperature in Hong Kong be 27°C on April 22?,interior,27.0,28.0,interior,29.4,,2026-04-22|27.0|28.0,0.0,0.0,6h_prior,27.7,28.868053719320848,1.5305684284747478,0.17416963002544034,weather_plus_market_training,0.030335060023198766,0.1913658897779992
2026-04-22,nan,Will the highest temperature in Hong Kong be 28°C on April 22?,interior,28.0,29.0,interior,29.4,,2026-04-22|28.0|29.0,0.0,0.0,6h_prior,27.7,28.868053719320848,1.5305684284747478,0.2490412649192731,weather_plus_market_training,0.06202155163259156,0.28640457535781416
2026-04-22,nan,Will the highest temperature in Hong Kong be 29°C on April 22?,interior,29.0,30.0,interior,29.4,,2026-04-22|29.0|30.0,1.0,1.0,6h_prior,27.7,28.868053719320848,1.5305684284747478,0.23586709569017472,weather_plus_market_training,0.5838990954489686,1.4444867864424096
2026-04-22,nan,Will the highest temperature in Hong Kong be 30°C on April 22?,interior,30.0,31.0,interior,29.4,,2026-04-22|30.0|31.0,0.0,0.0,6h_prior,27.7,28.868053719320848,1.5305684284747478,0.1479604042810131,weather_plus_market_training,0.021892281235000838,0.160122279384121
2026-04-22,nan,Will the highest temperature in Hong Kong be 31°C or higher on April 22?,upper_tail,31.0,inf,upper_tail,29.4,,2026-04-22|31.0|inf,0.0,0.0,6h_prior,27.7,28.868053719320848,1.5305684284747478,0.08182328560113283,weather_plus_market_training,0.006695050066564552,0.08536540754209691
2026-04-22,nan,Will the highest temperature in Hong Kong be 21°C or below on April 22?,lower_tail,-inf,22.0,lower_tail,29.4,,2026-04-22|-inf|22.0,0.0,0.0,event_day_open,27.7,29.08497341823269,1.4302457125306502,3.6412271776549535e-07,weather_plus_market_training,1.325853535929306e-13,3.641227840480148e-07
2026-04-22,nan,Will the highest temperature in Hong Kong be 22°C on April 22?,interior,22.0,23.0,interior,29.4,,2026-04-22|22.0|23.0,0.0,0.0,event_day_open,27.7,29.08497341823269,1.4302457125306502,1.011193827343393e-05,weather_plus_market_training,1.0225129564573798e-10,1.0111989399375226e-05
2026-04-22,nan,Will the highest temperature in Hong Kong be 23°C on April 22?,interior,23.0,24.0,interior,29.4,,2026-04-22|23.0|24.0,0.0,0.0,event_day_open,27.7,29.08497341823269,1.4302457125306502,0.00017828750365114017,weather_plus_market_training,3.178643395815532e-08,0.00017830339875739304
2026-04-22,nan,Will the highest temperature in Hong Kong be 24°C on April 22?,interior,24.0,25.0,interior,29.4,,2026-04-22|24.0|25.0,0.0,0.0,event_day_open,27.7,29.08497341823269,1.4302457125306502,0.001955406910641608,weather_plus_market_training,3.8236161861849574e-06,0.0019573212146372226
2026-04-22,nan,Will the highest temperature in Hong Kong be 25°C on April 22?,interior,25.0,26.0,interior,29.4,,2026-04-22|25.0|26.0,0.0,0.0,event_day_open,27.7,29.08497341823269,1.4302457125306502,0.013360475504173151,weather_plus_market_training,0.0001785023056976108,0.013450529667451265
2026-04-22,nan,Will the highest temperature in Hong Kong be 26°C on April 22?,interior,26.0,27.0,interior,29.4,,2026-04-22|26.0|27.0,0.0,0.0,event_day_open,27.7,29.08497341823269,1.4302457125306502,0.056946931307195095,weather_plus_market_training,0.0032429529853063967,0.05863272148165717
2026-04-22,nan,Will the highest temperature in Hong Kong be 27°C on April 22?,interior,27.0,28.0,interior,29.4,,2026-04-22|27.0|28.0,0.0,0.0,event_day_open,27.7,29.08497341823269,1.4302457125306502,0.15159665580474424,weather_plus_market_training,0.022981546051182095,0.1643991145322217
2026-04-22,nan,Will the highest temperature in Hong Kong be 28°C on April 22?,interior,28.0,29.0,interior,29.4,,2026-04-22|28.0|29.0,0.0,0.0,event_day_open,27.7,29.08497341823269,1.4302457125306502,0.2522638392527953,weather_plus_market_training,0.06363704459456013,0.2907050895039945
2026-04-22,nan,Will the highest temperature in Hong Kong be 29°C on April 22?,interior,29.0,30.0,interior,29.4,,2026-04-22|29.0|30.0,1.0,1.0,event_day_open,27.7,29.08497341823269,1.4302457125306502,0.26252646767952437,weather_plus_market_training,0.5438672108732396,1.3374033727780554
2026-04-22,nan,Will the highest temperature in Hong Kong be 30°C on April 22?,interior,30.0,31.0,interior,29.4,,2026-04-22|30.0|31.0,0.0,0.0,event_day_open,27.7,29.08497341823269,1.4302457125306502,0.17086788045959422,weather_plus_market_training,0.029195832572754182,0.1873757643613965
2026-04-22,nan,Will the highest temperature in Hong Kong be 31°C or higher on April 22?,upper_tail,31.0,inf,upper_tail,29.4,,2026-04-22|31.0|inf,0.0,0.0,event_day_open,27.7,29.08497341823269,1.4302457125306502,0.0902935795166897,weather_plus_market_training,0.008152930501936766,0.09463334637611368
2026-04-23,nan,Will the highest temperature in Hong Kong be 21°C or below on April 23?,lower_tail,-inf,22.0,lower_tail,29.0,,2026-04-23|-inf|22.0,0.0,0.0,12h_prior,26.2,27.440568607180385,1.5250070861136782,0.00018015398750832363,weather_plus_market_training,3.2455459215149227e-08,0.0001801702171872335
2026-04-23,nan,Will the highest temperature in Hong Kong be 22°C on April 23?,interior,22.0,23.0,interior,29.0,,2026-04-23|22.0|23.0,0.0,0.0,12h_prior,26.2,27.440568607180385,1.5250070861136782,0.0016164094395872007,weather_plus_market_training,2.612779476386608e-06,0.0016177172388080457
2026-04-23,nan,Will the highest temperature in Hong Kong be 23°C on April 23?,interior,23.0,24.0,interior,29.0,,2026-04-23|23.0|24.0,0.0,0.0,12h_prior,26.2,27.440568607180385,1.5250070861136782,0.010235618676307314,weather_plus_market_training,0.0001047678896867711,0.01028836284261436
2026-04-23,nan,Will the highest temperature in Hong Kong be 24°C on April 23?,interior,24.0,25.0,interior,29.0,,2026-04-23|24.0|25.0,0.0,0.0,12h_prior,26.2,27.440568607180385,1.5250070861136782,0.04272658865734349,weather_plus_market_training,0.0018255613782938332,0.0436662320497767
2026-04-23,nan,Will the highest temperature in Hong Kong be 25°C on April 23?,interior,25.0,26.0,interior,29.0,,2026-04-23|25.0|26.0,0.0,0.0,12h_prior,26.2,27.440568607180385,1.5250070861136782,0.1176649371954566,weather_plus_market_training,0.013845037445210748,0.12518340531413702
2026-04-23,nan,Will the highest temperature in Hong Kong be 26°C on April 23?,interior,26.0,27.0,interior,29.0,,2026-04-23|26.0|27.0,0.0,0.0,12h_prior,26.2,27.440568607180385,1.5250070861136782,0.2139067343005347,weather_plus_market_training,0.04575609097911955,0.2406798349415922
2026-04-23,nan,Will the highest temperature in Hong Kong be 27°C on April 23?,interior,27.0,28.0,interior,29.0,,2026-04-23|27.0|28.0,0.0,0.0,12h_prior,26.2,27.440568607180385,1.5250070861136782,0.2567998336284423,weather_plus_market_training,0.06594615455159564,0.2967898676241403
2026-04-23,nan,Will the highest temperature in Hong Kong be 28°C on April 23?,interior,28.0,29.0,interior,29.0,,2026-04-23|28.0|29.0,0.0,0.0,12h_prior,26.2,27.440568607180385,1.5250070861136782,0.20361488353759893,weather_plus_market_training,0.041459020798029975,0.2276723954870686
2026-04-23,nan,Will the highest temperature in Hong Kong be 29°C on April 23?,interior,29.0,30.0,interior,29.0,,2026-04-23|29.0|30.0,1.0,1.0,12h_prior,26.2,27.440568607180385,1.5250070861136782,0.10661133423998981,weather_plus_market_training,0.7981433081084512,2.23856544794949
2026-04-23,nan,Will the highest temperature in Hong Kong be 30°C on April 23?,interior,30.0,31.0,interior,29.0,,2026-04-23|30.0|31.0,0.0,0.0,12h_prior,26.2,27.440568607180385,1.5250070861136782,0.03684675872415666,weather_plus_market_training,0.0013576836284762148,0.03754275079297591
2026-04-23,nan,Will the highest temperature in Hong Kong be 31°C or higher on April 23?,upper_tail,31.0,inf,upper_tail,29.0,,2026-04-23|31.0|inf,0.0,0.0,12h_prior,26.2,27.440568607180385,1.5250070861136782,0.009796747613074697,weather_plus_market_training,9.597626379428476e-05,0.009845051484440754
2026-04-23,nan,Will the highest temperature in Hong Kong be 21°C or below on April 23?,lower_tail,-inf,22.0,lower_tail,29.0,,2026-04-23|-inf|22.0,0.0,0.0,24h_prior,26.4,27.800039824663457,1.5733670953106604,0.00011373023713048963,weather_plus_market_training,1.29345668377574e-08,0.00011373670490427164
2026-04-23,nan,Will the highest temperature in Hong Kong be 22°C on April 23?,interior,22.0,23.0,interior,29.0,,2026-04-23|22.0|23.0,0.0,0.0,24h_prior,26.4,27.800039824663457,1.5733670953106604,0.001027404745298272,weather_plus_market_training,1.0555605106614074e-06,0.0010279328873283482
2026-04-23,nan,Will the highest temperature in Hong Kong be 23°C on April 23?,interior,23.0,24.0,interior,29.0,,2026-04-23|23.0|24.0,0.0,0.0,24h_prior,26.4,27.800039824663457,1.5733670953106604,0.006721552376785138,weather_plus_market_training,4.517926635386594e-05,0.006744243747948106
2026-04-23,nan,Will the highest temperature in Hong Kong be 24°C on April 23?,interior,24.0,25.0,interior,29.0,,2026-04-23|24.0|25.0,0.0,0.0,24h_prior,26.4,27.800039824663457,1.5733670953106604,0.029704093930453944,weather_plus_market_training,0.0008823331962292308,0.030154196201723826
2026-04-23,nan,Will the highest temperature in Hong Kong be 25°C on April 23?,interior,25.0,26.0,interior,29.0,,2026-04-23|25.0|26.0,0.0,0.0,24h_prior,26.4,27.800039824663457,1.5733670953106604,0.08873082159382084,weather_plus_market_training,0.007873158700714462,0.09291694961881361
2026-04-23,nan,Will the highest temperature in Hong Kong be 26°C on April 23?,interior,26.0,27.0,interior,29.0,,2026-04-23|26.0|27.0,0.0,0.0,24h_prior,26.4,27.800039824663457,1.5733670953106604,0.1792576309118979,weather_plus_market_training,0.03213329824014621,0.19754602012997774
2026-04-23,nan,Will the highest temperature in Hong Kong be 27°C on April 23?,interior,27.0,28.0,interior,29.0,,2026-04-23|27.0|28.0,0.0,0.0,24h_prior,26.4,27.800039824663457,1.5733670953106604,0.24501042238578036,weather_plus_market_training,0.060030107077658504,0.2810513343128723
2026-04-23,nan,Will the highest temperature in Hong Kong be 28°C on April 23?,interior,28.0,29.0,interior,29.0,,2026-04-23|28.0|29.0,0.0,0.0,24h_prior,26.4,27.800039824663457,1.5733670953106604,0.22660428616353134,weather_plus_market_training,0.0513495025076836,0.25696444179938294
2026-04-23,nan,Will the highest temperature in Hong Kong be 29°C on April 23?,interior,29.0,30.0,interior,29.0,,2026-04-23|29.0|30.0,1.0,1.0,24h_prior,26.4,27.800039824663457,1.5733670953106604,0.1418110193651715,weather_plus_market_training,0.7364883264830461,1.9532599572886737
2026-04-23,nan,Will the highest temperature in Hong Kong be 30°C on April 23?,interior,30.0,31.0,interior,29.0,,2026-04-23|30.0|31.0,0.0,0.0,24h_prior,26.4,27.800039824663457,1.5733670953106604,0.06003463613536131,weather_plus_market_training,0.0036041575359052297,0.06191225134946513
2026-04-23,nan,Will the highest temperature in Hong Kong be 31°C or higher on April 23?,upper_tail,31.0,inf,upper_tail,29.0,,2026-04-23|31.0|inf,0.0,0.0,24h_prior,26.4,27.800039824663457,1.5733670953106604,0.020984402154768933,weather_plus_market_training,0.00044034513379307105,0.02120770415236556
2026-04-23,nan,Will the highest temperature in Hong Kong be 21°C or below on April 23?,lower_tail,-inf,22.0,lower_tail,29.0,,2026-04-23|-inf|22.0,0.0,0.0,6h_prior,26.7,27.92484680466666,1.5247835298998496,5.1018352393979094e-05,weather_plus_market_training,2.6028722809962323e-09,5.1019653874368076e-05
2026-04-23,nan,Will the highest temperature in Hong Kong be 22°C on April 23?,interior,22.0,23.0,interior,29.0,,2026-04-23|22.0|23.0,0.0,0.0,6h_prior,26.7,27.92484680466666,1.5247835298998496,0.0005682224348948535,weather_plus_market_training,3.22876735517836e-07,0.0005683839344439508
2026-04-23,nan,Will the highest temperature in Hong Kong be 23°C on April 23?,interior,23.0,24.0,interior,29.0,,2026-04-23|23.0|24.0,0.0,0.0,6h_prior,26.7,27.92484680466666,1.5247835298998496,0.0044067584021435435,weather_plus_market_training,1.9419519614862715e-05,0.0044164967822744264
2026-04-23,nan,Will the highest temperature in Hong Kong be 24°C on April 23?,interior,24.0,25.0,interior,29.0,,2026-04-23|24.0|25.0,0.0,0.0,6h_prior,26.7,27.92484680466666,1.5247835298998496,0.02251653642666622,weather_plus_market_training,0.0005069944126533868,0.022773904326239356
2026-04-23,nan,Will the highest temperature in Hong Kong be 25°C on April 23?,interior,25.0,26.0,interior,29.0,,2026-04-23|25.0|26.0,0.0,0.0,6h_prior,26.7,27.92484680466666,1.5247835298998496,0.07586461747083478,weather_plus_market_training,0.005755440183996091,0.07889670018444352
2026-04-23,nan,Will the highest temperature in Hong Kong be 26°C on April 23?,interior,26.0,27.0,interior,29.0,,2026-04-23|26.0|27.0,0.0,0.0,6h_prior,26.7,27.92484680466666,1.5247835298998496,0.1686699595760835,weather_plus_market_training,0.028449555263397642,0.18472840241580435
2026-04-23,nan,Will the highest temperature in Hong Kong be 27°C on April 23?,interior,27.0,28.0,interior,29.0,,2026-04-23|27.0|28.0,0.0,0.0,6h_prior,26.7,27.92484680466666,1.5247835298998496,0.24757790846481115,weather_plus_market_training,0.06129482075981041,0.2844578205626038
2026-04-23,nan,Will the highest temperature in Hong Kong be 28°C on April 23?,interior,28.0,29.0,interior,29.0,,2026-04-23|28.0|29.0,0.0,0.0,6h_prior,26.7,27.92484680466666,1.5247835298998496,0.23997675606643687,weather_plus_market_training,0.05758884345217014,0.27440626204633567
2026-04-23,nan,Will the highest temperature in Hong Kong be 29°C on April 23?,interior,29.0,30.0,interior,29.0,,2026-04-23|29.0|30.0,1.0,1.0,6h_prior,26.7,27.92484680466666,1.5247835298998496,0.15360337890595865,weather_plus_market_training,0.7163872401994102,1.8733814604248513
2026-04-23,nan,Will the highest temperature in Hong Kong be 30°C on April 23?,interior,30.0,31.0,interior,29.0,,2026-04-23|30.0|31.0,0.0,0.0,6h_prior,26.7,27.92484680466666,1.5247835298998496,0.06490561457776367,weather_plus_market_training,0.004212738803717208,0.0671078078125993
2026-04-23,nan,Will the highest temperature in Hong Kong be 31°C or higher on April 23?,upper_tail,31.0,inf,upper_tail,29.0,,2026-04-23|31.0|inf,0.0,0.0,6h_prior,26.7,27.92484680466666,1.5247835298998496,0.021859229322012785,weather_plus_market_training,0.00047782590655234353,0.02210168200674332
2026-04-23,nan,Will the highest temperature in Hong Kong be 21°C or below on April 23?,lower_tail,-inf,22.0,lower_tail,29.0,,2026-04-23|-inf|22.0,0.0,0.0,event_day_open,25.7,27.142866354728277,1.4189516433644185,0.00014480941330674403,weather_plus_market_training,2.0969766182243413e-08,0.00014481989920215327
2026-04-23,nan,Will the highest temperature in Hong Kong be 22°C on April 23?,interior,22.0,23.0,interior,29.0,,2026-04-23|22.0|23.0,0.0,0.0,event_day_open,25.7,27.142866354728277,1.4189516433644185,0.0016072182819443482,weather_plus_market_training,2.5831506058161425e-06,0.0016085112428131714
2026-04-23,nan,Will the highest temperature in Hong Kong be 23°C on April 23?,interior,23.0,24.0,interior,29.0,,2026-04-23|23.0|24.0,0.0,0.0,event_day_open,25.7,27.142866354728277,1.4189516433644185,0.011630702426138097,weather_plus_market_training,0.00013527323892537462,0.011698868104224835
2026-04-23,nan,Will the highest temperature in Hong Kong be 24°C on April 23?,interior,24.0,25.0,interior,29.0,,2026-04-23|24.0|25.0,0.0,0.0,event_day_open,25.7,27.142866354728277,1.4189516433644185,0.0521165629135837,weather_plus_market_training,0.002716136129925528,0.05352374094680345
2026-04-23,nan,Will the highest temperature in Hong Kong be 25°C on April 23?,interior,25.0,26.0,interior,29.0,,2026-04-23|25.0|26.0,0.0,0.0,event_day_open,25.7,27.142866354728277,1.4189516433644185,0.1447864728341156,weather_plus_market_training,0.020963122715744097,0.15640410184976014
2026-04-23,nan,Will the highest temperature in Hong Kong be 26°C on April 23?,interior,26.0,27.0,interior,29.0,,2026-04-23|26.0|27.0,0.0,0.0,event_day_open,25.7,27.142866354728277,1.4189516433644185,0.2496147150957752,weather_plus_market_training,0.062307505992345025,0.2871684911516043
2026-04-23,nan,Will the highest temperature in Hong Kong be 27°C on April 23?,interior,27.0,28.0,interior,29.0,,2026-04-23|27.0|28.0,0.0,0.0,event_day_open,25.7,27.142866354728277,1.4189516433644185,0.2671980448786737,weather_plus_market_training,0.07139479518698573,0.31087979761086537
2026-04-23,nan,Will the highest temperature in Hong Kong be 28°C on April 23?,interior,28.0,29.0,interior,29.0,,2026-04-23|28.0|29.0,0.0,0.0,event_day_open,25.7,27.142866354728277,1.4189516433644185,0.17760158289139394,weather_plus_market_training,0.03154232224552867,0.19553030900511437
2026-04-23,nan,Will the highest temperature in Hong Kong be 29°C on April 23?,interior,29.0,30.0,interior,29.0,,2026-04-23|29.0|30.0,1.0,1.0,event_day_open,25.7,27.142866354728277,1.4189516433644185,0.07327162300715617,weather_plus_market_training,0.8588254847237905,2.6135818800093804
2026-04-23,nan,Will the highest temperature in Hong Kong be 30°C on April 23?,interior,30.0,31.0,interior,29.0,,2026-04-23|30.0|31.0,0.0,0.0,event_day_open,25.7,27.142866354728277,1.4189516433644185,0.018747334411959415,weather_plus_market_training,0.0003514625475538377,0.0189252933663647
2026-04-23,nan,Will the highest temperature in Hong Kong be 31°C or higher on April 23?,upper_tail,31.0,inf,upper_tail,29.0,,2026-04-23|31.0|inf,0.0,0.0,event_day_open,25.7,27.142866354728277,1.4189516433644185,0.0032809338459530712,weather_plus_market_training,1.0764526901520411e-05,0.0032863279110157176
2026-04-24,nan,Will the highest temperature in Hong Kong be 18°C or below on April 24?,lower_tail,-inf,19.0,lower_tail,23.7,,2026-04-24|-inf|19.0,0.0,0.0,12h_prior,21.2,23.13761209771809,1.5052051680224905,0.0029900624101893572,weather_plus_market_training,8.940473216827388e-06,0.0029945415776863786
2026-04-24,nan,Will the highest temperature in Hong Kong be 19°C on April 24?,interior,19.0,20.0,interior,23.7,,2026-04-24|19.0|20.0,0.0,0.0,12h_prior,21.2,23.13761209771809,1.5052051680224905,0.015566932758639664,weather_plus_market_training,0.0002423293955120087,0.015689369764314298
2026-04-24,nan,Will the highest temperature in Hong Kong be 20°C on April 24?,interior,20.0,21.0,interior,23.7,,2026-04-24|20.0|21.0,0.0,0.0,12h_prior,21.2,23.13761209771809,1.5052051680224905,0.05922549859069374,weather_plus_market_training,0.003507659683316266,0.06105180529891966
2026-04-24,nan,Will the highest temperature in Hong Kong be 21°C on April 24?,interior,21.0,22.0,interior,23.7,,2026-04-24|21.0|22.0,0.0,0.0,12h_prior,21.2,23.13761209771809,1.5052051680224905,0.1471064405529763,weather_plus_market_training,0.021640304852166354,0.1591205230432778
2026-04-24,nan,Will the highest temperature in Hong Kong be 22°C on April 24?,interior,22.0,23.0,interior,23.7,,2026-04-24|22.0|23.0,0.0,0.0,12h_prior,21.2,23.13761209771809,1.5052051680224905,0.23868885368682047,weather_plus_market_training,0.05697236887432839,0.27271313961968396
2026-04-24,nan,Will the highest temperature in Hong Kong be 23°C on April 24?,interior,23.0,24.0,interior,23.7,,2026-04-24|23.0|24.0,1.0,1.0,12h_prior,21.2,23.13761209771809,1.5052051680224905,0.25307857438995957,weather_plus_market_training,0.5578916160353352,1.3740552677604145
2026-04-24,nan,Will the highest temperature in Hong Kong be 24°C on April 24?,interior,24.0,25.0,interior,23.7,,2026-04-24|24.0|25.0,0.0,0.0,12h_prior,21.2,23.13761209771809,1.5052051680224905,0.17535547138383933,weather_plus_market_training,0.030749541344248496,0.19280285990515905
2026-04-24,nan,Will the highest temperature in Hong Kong be 25°C on April 24?,interior,25.0,26.0,interior,23.7,,2026-04-24|25.0|26.0,0.0,0.0,12h_prior,21.2,23.13761209771809,1.5052051680224905,0.07938033279550405,weather_plus_market_training,0.006301237234724976,0.08270828436369386
2026-04-24,nan,Will the highest temperature in Hong Kong be 26°C on April 24?,interior,26.0,27.0,interior,23.7,,2026-04-24|26.0|27.0,0.0,0.0,12h_prior,21.2,23.13761209771809,1.5052051680224905,0.023464201782767313,weather_plus_market_training,0.0005505687653024208,0.02374386961668617
2026-04-24,nan,Will the highest temperature in Hong Kong be 27°C on April 24?,interior,27.0,28.0,interior,23.7,,2026-04-24|27.0|28.0,0.0,0.0,12h_prior,21.2,23.13761209771809,1.5052051680224905,0.0045255073516249356,weather_plus_market_training,2.0480216789611338e-05,0.004535778459717849
2026-04-24,nan,Will the highest temperature in Hong Kong be 28°C or higher on April 24?,upper_tail,28.0,inf,upper_tail,23.7,,2026-04-24|28.0|inf,0.0,0.0,12h_prior,21.2,23.13761209771809,1.5052051680224905,0.0006181242969852674,weather_plus_market_training,3.8207764652353103e-07,0.0006183154145688686
2026-04-24,nan,Will the highest temperature in Hong Kong be 18°C or below on April 24?,lower_tail,-inf,19.0,lower_tail,23.7,,2026-04-24|-inf|19.0,0.0,0.0,24h_prior,21.6,23.198983206825524,1.5710352153964295,0.0037616230029738607,weather_plus_market_training,1.4149807616502086e-05,0.0037687156990681135
2026-04-24,nan,Will the highest temperature in Hong Kong be 19°C on April 24?,interior,19.0,20.0,interior,23.7,,2026-04-24|19.0|20.0,0.0,0.0,24h_prior,21.6,23.198983206825524,1.5710352153964295,0.01710219578569576,weather_plus_market_training,0.0002924851006922698,0.017250127398919957
2026-04-24,nan,Will the highest temperature in Hong Kong be 20°C on April 24?,interior,20.0,21.0,interior,23.7,,2026-04-24|20.0|21.0,0.0,0.0,24h_prior,21.6,23.198983206825524,1.5710352153964295,0.0599372708156065,weather_plus_market_training,0.0035924764328233547,0.06180867276976004
2026-04-24,nan,Will the highest temperature in Hong Kong be 21°C on April 24?,interior,21.0,22.0,interior,23.7,,2026-04-24|21.0|22.0,0.0,0.0,24h_prior,21.6,23.198983206825524,1.5710352153964295,0.1418768331431698,weather_plus_market_training,0.020129035782734842,0.15300763868146344
2026-04-24,nan,Will the highest temperature in Hong Kong be 22°C on April 24?,interior,22.0,23.0,interior,23.7,,2026-04-24|22.0|23.0,0.0,0.0,24h_prior,21.6,23.198983206825524,1.5710352153964295,0.22692786656679115,weather_plus_market_training,0.05149625662455537,0.25738291853467776
2026-04-24,nan,Will the highest temperature in Hong Kong be 23°C on April 24?,interior,23.0,24.0,interior,23.7,,2026-04-24|23.0|24.0,1.0,1.0,24h_prior,21.6,23.198983206825524,1.5710352153964295,0.24532139458819707,weather_plus_market_training,0.5695397974663037,1.4051861134687975
2026-04-24,nan,Will the highest temperature in Hong Kong be 24°C on April 24?,interior,24.0,25.0,interior,23.7,,2026-04-24|24.0|25.0,0.0,0.0,24h_prior,21.6,23.198983206825524,1.5710352153964295,0.17925560838447818,weather_plus_market_training,0.03213257313728941,0.1975435558671301
2026-04-24,nan,Will the highest temperature in Hong Kong be 25°C on April 24?,interior,25.0,26.0,interior,23.7,,2026-04-24|25.0|26.0,0.0,0.0,24h_prior,21.6,23.198983206825524,1.5710352153964295,0.08851685443519786,weather_plus_market_training,0.007835233519102007,0.09268217591226895
2026-04-24,nan,Will the highest temperature in Hong Kong be 26°C on April 24?,interior,26.0,27.0,interior,23.7,,2026-04-24|26.0|27.0,0.0,0.0,24h_prior,21.6,23.198983206825524,1.5710352153964295,0.02952802318788872,weather_plus_market_training,0.0008719041533844939,0.02997275179036349
2026-04-24,nan,Will the highest temperature in Hong Kong be 27°C on April 24?,interior,27.0,28.0,interior,23.7,,2026-04-24|27.0|28.0,0.0,0.0,24h_prior,21.6,23.198983206825524,1.5710352153964295,0.006650614690581591,weather_plus_market_training,4.423067576257967e-05,0.006672828573895079
2026-04-24,nan,Will the highest temperature in Hong Kong be 28°C or higher on April 24?,upper_tail,28.0,inf,upper_tail,23.7,,2026-04-24|28.0|inf,0.0,0.0,24h_prior,21.6,23.198983206825524,1.5710352153964295,0.0011217153994195206,weather_plus_market_training,1.2582454372948946e-06,0.0011223449929987468
2026-04-24,nan,Will the highest temperature in Hong Kong be 18°C or below on April 24?,lower_tail,-inf,19.0,lower_tail,23.7,,2026-04-24|-inf|19.0,0.0,0.0,6h_prior,20.1,22.23280353469089,1.501505450629595,0.015657708914629396,weather_plus_market_training,0.0002451638484552649,0.015781585623955305
2026-04-24,nan,Will the highest temperature in Hong Kong be 19°C on April 24?,interior,19.0,20.0,interior,23.7,,2026-04-24|19.0|20.0,0.0,0.0,6h_prior,20.1,22.23280353469089,1.501505450629595,0.052843986209196794,weather_plus_market_training,0.002792486878477781,0.05429145407383521
2026-04-24,nan,Will the highest temperature in Hong Kong be 20°C on April 24?,interior,20.0,21.0,interior,23.7,,2026-04-24|20.0|21.0,0.0,0.0,6h_prior,20.1,22.23280353469089,1.501505450629595,0.13730862462590404,weather_plus_market_training,0.01885365839665742,0.14769827019763995
2026-04-24,nan,Will the highest temperature in Hong Kong be 21°C on April 24?,interior,21.0,22.0,interior,23.7,,2026-04-24|21.0|22.0,0.0,0.0,6h_prior,20.1,22.23280353469089,1.501505450629595,0.2325819125711191,weather_plus_market_training,0.05409434605523969,0.2647235316934886
2026-04-24,nan,Will the highest temperature in Hong Kong be 22°C on April 24?,interior,22.0,23.0,interior,23.7,,2026-04-24|22.0|23.0,0.0,0.0,6h_prior,20.1,22.23280353469089,1.501505450629595,0.25691525930844816,weather_plus_market_training,0.06600545046552717,0.29694518869305436
2026-04-24,nan,Will the highest temperature in Hong Kong be 23°C on April 24?,interior,23.0,24.0,interior,23.7,,2026-04-24|23.0|24.0,1.0,1.0,6h_prior,20.1,22.23280353469089,1.501505450629595,0.18508472675902543,weather_plus_market_training,0.6640869025614122,1.686941576264561
2026-04-24,nan,Will the highest temperature in Hong Kong be 24°C on April 24?,interior,24.0,25.0,interior,23.7,,2026-04-24|24.0|25.0,0.0,0.0,6h_prior,20.1,22.23280353469089,1.501505450629595,0.08693947997002349,weather_plus_market_training,0.007558473177458116,0.09095311358517563
2026-04-24,nan,Will the highest temperature in Hong Kong be 25°C on April 24?,interior,25.0,26.0,interior,23.7,,2026-04-24|25.0|26.0,0.0,0.0,6h_prior,20.1,22.23280353469089,1.501505450629595,0.026613706162236572,weather_plus_market_training,0.0007082893556898689,0.026974262391015833
2026-04-24,nan,Will the highest temperature in Hong Kong be 26°C on April 24?,interior,26.0,27.0,interior,23.7,,2026-04-24|26.0|27.0,0.0,0.0,6h_prior,20.1,22.23280353469089,1.501505450629595,0.00530526965622391,weather_plus_market_training,2.814588612525016e-05,0.005319392572017087
2026-04-24,nan,Will the highest temperature in Hong Kong be 27°C on April 24?,interior,27.0,28.0,interior,23.7,,2026-04-24|27.0|28.0,0.0,0.0,6h_prior,20.1,22.23280353469089,1.501505450629595,0.0006880444721606427,weather_plus_market_training,4.734051956708174e-07,0.0006882812833891464
2026-04-24,nan,Will the highest temperature in Hong Kong be 28°C or higher on April 24?,upper_tail,28.0,inf,upper_tail,23.7,,2026-04-24|28.0|inf,0.0,0.0,6h_prior,20.1,22.23280353469089,1.501505450629595,6.128135103244947e-05,weather_plus_market_training,3.755403984362296e-09,6.128322881115725e-05
2026-04-24,nan,Will the highest temperature in Hong Kong be 18°C or below on April 24?,lower_tail,-inf,19.0,lower_tail,23.7,,2026-04-24|-inf|19.0,0.0,0.0,event_day_open,21.4,23.263833708867654,1.4034084019860054,0.001189984491745885,weather_plus_market_training,1.4160630905957122e-06,0.001190693085490689
2026-04-24,nan,Will the highest temperature in Hong Kong be 19°C on April 24?,interior,19.0,20.0,interior,23.7,,2026-04-24|19.0|20.0,0.0,0.0,event_day_open,21.4,23.263833708867654,1.4034084019860054,0.008828688301133968,weather_plus_market_training,7.794573711857978e-05,0.00886789208559084
2026-04-24,nan,Will the highest temperature in Hong Kong be 20°C on April 24?,interior,20.0,21.0,interior,23.7,,2026-04-24|20.0|21.0,0.0,0.0,event_day_open,21.4,23.263833708867654,1.4034084019860054,0.04334305845548014,weather_plus_market_training,0.0018786207162751689,0.04431042458115642
2026-04-24,nan,Will the highest temperature in Hong Kong be 21°C on April 24?,interior,21.0,22.0,interior,23.7,,2026-04-24|21.0|22.0,0.0,0.0,event_day_open,21.4,23.263833708867654,1.4034084019860054,0.13055316883536547,weather_plus_market_training,0.01704412989295544,0.1398980958042865
2026-04-24,nan,Will the highest temperature in Hong Kong be 22°C on April 24?,interior,22.0,23.0,interior,23.7,,2026-04-24|22.0|23.0,0.0,0.0,event_day_open,21.4,23.263833708867654,1.4034084019860054,0.24152540026545055,weather_plus_market_training,0.0583345189733861,0.27644596824991885
2026-04-24,nan,Will the highest temperature in Hong Kong be 23°C on April 24?,interior,23.0,24.0,interior,23.7,,2026-04-24|23.0|24.0,1.0,1.0,event_day_open,21.4,23.263833708867654,1.4034084019860054,0.27461375759963746,weather_plus_market_training,0.5261852006637175,1.2923896863947426
2026-04-24,nan,Will the highest temperature in Hong Kong be 24°C on April 24?,interior,24.0,25.0,interior,23.7,,2026-04-24|24.0|25.0,0.0,0.0,event_day_open,21.4,23.263833708867654,1.4034084019860054,0.19192225253478323,weather_plus_market_training,0.03683415101802511,0.2130970029796752
2026-04-24,nan,Will the highest temperature in Hong Kong be 25°C on April 24?,interior,25.0,26.0,interior,23.7,,2026-04-24|25.0|26.0,0.0,0.0,event_day_open,21.4,23.263833708867654,1.4034084019860054,0.0824152364085996,weather_plus_market_training,0.006792271192285361,0.08601031793495614
2026-04-24,nan,Will the highest temperature in Hong Kong be 26°C on April 24?,interior,26.0,27.0,interior,23.7,,2026-04-24|26.0|27.0,0.0,0.0,event_day_open,21.4,23.263833708867654,1.4034084019860054,0.021726968534137803,weather_plus_market_training,0.0004720611616834142,0.02196647463095039
2026-04-24,nan,Will the highest temperature in Hong Kong be 27°C on April 24?,interior,27.0,28.0,interior,23.7,,2026-04-24|27.0|28.0,0.0,0.0,event_day_open,21.4,23.263833708867654,1.4034084019860054,0.0035120838837141566,weather_plus_market_training,1.2334733206244714e-05,0.0035182657286667745
2026-04-24,nan,Will the highest temperature in Hong Kong be 28°C or higher on April 24?,upper_tail,28.0,inf,upper_tail,23.7,,2026-04-24|28.0|inf,0.0,0.0,event_day_open,21.4,23.263833708867654,1.4034084019860054,0.0003694006899517266,weather_plus_market_training,1.3645686973681164e-07,0.0003694689351936721
2026-04-25,nan,Will the highest temperature in Hong Kong be 19°C or below on April 25?,lower_tail,-inf,20.0,lower_tail,26.5,,2026-04-25|-inf|20.0,0.0,0.0,12h_prior,24.2,25.693413675405104,1.5174198824412688,8.770221530304702e-05,weather_plus_market_training,7.691678569062015e-09,8.770606136723439e-05
2026-04-25,nan,Will the highest temperature in Hong Kong be 20°C on April 25?,interior,20.0,21.0,interior,26.5,,2026-04-25|20.0|21.0,0.0,0.0,12h_prior,24.2,25.693413675405104,1.5174198824412688,0.0009029437078800221,weather_plus_market_training,8.153073396001226e-07,0.0009033516071083342
2026-04-25,nan,Will the highest temperature in Hong Kong be 21°C on April 25?,interior,21.0,22.0,interior,26.5,,2026-04-25|21.0|22.0,0.0,0.0,12h_prior,24.2,25.693413675405104,1.5174198824412688,0.006475665636412264,weather_plus_market_training,4.193424543461065e-05,0.006496723718423636
2026-04-25,nan,Will the highest temperature in Hong Kong be 22°C on April 25?,interior,22.0,23.0,interior,26.5,,2026-04-25|22.0|23.0,0.0,0.0,12h_prior,24.2,25.693413675405104,1.5174198824412688,0.030482991988281062,weather_plus_market_training,0.0009292128005576074,0.030957261377786156
2026-04-25,nan,Will the highest temperature in Hong Kong be 23°C on April 25?,interior,23.0,24.0,interior,26.5,,2026-04-25|23.0|24.0,0.0,0.0,12h_prior,24.2,25.693413675405104,1.5174198824412688,0.094265559786815,weather_plus_market_training,0.008885995761921594,0.0990091282524558
2026-04-25,nan,Will the highest temperature in Hong Kong be 24°C on April 25?,interior,24.0,25.0,interior,26.5,,2026-04-25|24.0|25.0,0.0,0.0,12h_prior,24.2,25.693413675405104,1.5174198824412688,0.1916318408740853,weather_plus_market_training,0.03672276243679075,0.2127376817519888
2026-04-25,nan,Will the highest temperature in Hong Kong be 25°C on April 25?,interior,25.0,26.0,interior,26.5,,2026-04-25|25.0|26.0,0.0,0.0,12h_prior,24.2,25.693413675405104,1.5174198824412688,0.25621232368986024,weather_plus_market_training,0.06564475481055772,0.29599966618161405
2026-04-25,nan,Will the highest temperature in Hong Kong be 26°C on April 25?,interior,26.0,27.0,interior,26.5,,2026-04-25|26.0|27.0,1.0,1.0,12h_prior,24.2,25.693413675405104,1.5174198824412688,0.22533788516045017,weather_plus_market_training,0.6001013921676839,1.4901542913951094
2026-04-25,nan,Will the highest temperature in Hong Kong be 27°C on April 25?,interior,27.0,28.0,interior,26.5,,2026-04-25|27.0|28.0,0.0,0.0,12h_prior,24.2,25.693413675405104,1.5174198824412688,0.1303565511757795,weather_plus_market_training,0.016992830434443617,0.13967198027401628
2026-04-25,nan,Will the highest temperature in Hong Kong be 28°C on April 25?,interior,28.0,29.0,interior,26.5,,2026-04-25|28.0|29.0,0.0,0.0,12h_prior,24.2,25.693413675405104,1.5174198824412688,0.04958384439265262,weather_plus_market_training,0.002458557624754789,0.05085533177312904
2026-04-25,nan,Will the highest temperature in Hong Kong be 29°C or higher on April 25?,upper_tail,29.0,inf,upper_tail,26.5,,2026-04-25|29.0|inf,0.0,0.0,12h_prior,24.2,25.693413675405104,1.5174198824412688,0.014662691372480774,weather_plus_market_training,0.00021499451828462212,0.014771251123933628
2026-04-25,nan,Will the highest temperature in Hong Kong be 19°C or below on April 25?,lower_tail,-inf,20.0,lower_tail,26.5,,2026-04-25|-inf|20.0,0.0,0.0,24h_prior,24.8,26.231518968621582,1.5728476971353968,3.717252706454452e-05,weather_plus_market_training,1.3817967683642946e-09,3.7173217980094686e-05
2026-04-25,nan,Will the highest temperature in Hong Kong be 20°C on April 25?,interior,20.0,21.0,interior,26.5,,2026-04-25|20.0|21.0,0.0,0.0,24h_prior,24.8,26.231518968621582,1.5728476971353968,0.00040310855037164843,weather_plus_market_training,1.624965033827318e-07,0.0004031898204644939
2026-04-25,nan,Will the highest temperature in Hong Kong be 21°C on April 25?,interior,21.0,22.0,interior,26.5,,2026-04-25|21.0|22.0,0.0,0.0,24h_prior,24.8,26.231518968621582,1.5728476971353968,0.0031285191456645644,weather_plus_market_training,9.787632044789735e-06,0.00313342319262793
2026-04-25,nan,Will the highest temperature in Hong Kong be 22°C on April 25?,interior,22.0,23.0,interior,26.5,,2026-04-25|22.0|23.0,0.0,0.0,24h_prior,24.8,26.231518968621582,1.5728476971353968,0.016391684322868343,weather_plus_market_training,0.0002686873149405678,0.01652751434772444
2026-04-25,nan,Will the highest temperature in Hong Kong be 23°C on April 25?,interior,23.0,24.0,interior,26.5,,2026-04-25|23.0|24.0,0.0,0.0,24h_prior,24.8,26.231518968621582,1.5728476971353968,0.05802164387868457,weather_plus_market_training,0.003366511158384894,0.0597729811863885
2026-04-25,nan,Will the highest temperature in Hong Kong be 24°C on April 25?,interior,24.0,25.0,interior,26.5,,2026-04-25|24.0|25.0,0.0,0.0,24h_prior,24.8,26.231518968621582,1.5728476971353968,0.13883530645569597,weather_plus_market_training,0.019275242318647016,0.14946951114571663
2026-04-25,nan,Will the highest temperature in Hong Kong be 25°C on April 25?,interior,25.0,26.0,interior,26.5,,2026-04-25|25.0|26.0,0.0,0.0,24h_prior,24.8,26.231518968621582,1.5728476971353968,0.22467070235198994,weather_plus_market_training,0.05047692449533646,0.2544674396823331
2026-04-25,nan,Will the highest temperature in Hong Kong be 26°C on April 25?,interior,26.0,27.0,interior,26.5,,2026-04-25|26.0|27.0,1.0,1.0,24h_prior,24.8,26.231518968621582,1.5728476971353968,0.24594662543534163,weather_plus_market_training,0.5685964916923489,1.4026407363661553
2026-04-25,nan,Will the highest temperature in Hong Kong be 27°C on April 25?,interior,27.0,28.0,interior,26.5,,2026-04-25|27.0|28.0,0.0,0.0,24h_prior,24.8,26.231518968621582,1.5728476971353968,0.18213965294529644,weather_plus_market_training,0.033174853175033034,0.2010636818265404
2026-04-25,nan,Will the highest temperature in Hong Kong be 28°C on April 25?,interior,28.0,29.0,interior,26.5,,2026-04-25|28.0|29.0,0.0,0.0,24h_prior,24.8,26.231518968621582,1.5728476971353968,0.09123618254422572,weather_plus_market_training,0.008324041005243277,0.0956700453468109
2026-04-25,nan,Will the highest temperature in Hong Kong be 29°C or higher on April 25?,upper_tail,29.0,inf,upper_tail,26.5,,2026-04-25|29.0|inf,0.0,0.0,24h_prior,24.8,26.231518968621582,1.5728476971353968,0.03918940184279662,weather_plus_market_training,0.0015358092167961914,0.039977977722241674
2026-04-25,nan,Will the highest temperature in Hong Kong be 19°C or below on April 25?,lower_tail,-inf,20.0,lower_tail,26.5,,2026-04-25|-inf|20.0,0.0,0.0,6h_prior,25.4,26.769052238326974,1.520124440216853,4.234740997204209e-06,weather_plus_market_training,1.79330313134021e-11,4.234749963740864e-06
2026-04-25,nan,Will the highest temperature in Hong Kong be 20°C on April 25?,interior,20.0,21.0,interior,26.5,,2026-04-25|20.0|21.0,0.0,0.0,6h_prior,25.4,26.769052238326974,1.520124440216853,6.955176493521817e-05,weather_plus_market_training,4.837448005603843e-09,6.955418377133145e-05
2026-04-25,nan,Will the highest temperature in Hong Kong be 21°C on April 25?,interior,21.0,22.0,interior,26.5,,2026-04-25|21.0|22.0,0.0,0.0,6h_prior,25.4,26.769052238326974,1.520124440216853,0.0007788366644605547,weather_plus_market_training,6.065865499080427e-07,0.000779140115304827
2026-04-25,nan,Will the highest temperature in Hong Kong be 22°C on April 25?,interior,22.0,23.0,interior,26.5,,2026-04-25|22.0|23.0,0.0,0.0,6h_prior,25.4,26.769052238326974,1.520124440216853,0.005726882127400586,weather_plus_market_training,3.279717890114026e-05,0.005743343595528716
2026-04-25,nan,Will the highest temperature in Hong Kong be 23°C on April 25?,interior,23.0,24.0,interior,26.5,,2026-04-25|23.0|24.0,0.0,0.0,6h_prior,25.4,26.769052238326974,1.520124440216853,0.027678666915318378,weather_plus_market_training,0.0007661086022091401,0.028068939561103404
2026-04-25,nan,Will the highest temperature in Hong Kong be 24°C on April 25?,interior,24.0,25.0,interior,26.5,,2026-04-25|24.0|25.0,0.0,0.0,6h_prior,25.4,26.769052238326974,1.520124440216853,0.08800350840748083,weather_plus_market_training,0.00774461749202555,0.09211913585323238
2026-04-25,nan,Will the highest temperature in Hong Kong be 25°C on April 25?,interior,25.0,26.0,interior,26.5,,2026-04-25|25.0|26.0,0.0,0.0,6h_prior,25.4,26.769052238326974,1.520124440216853,0.1841968307208252,weather_plus_market_training,0.033928472447596336,0.20358216723349312
2026-04-25,nan,Will the highest temperature in Hong Kong be 26°C on April 25?,interior,26.0,27.0,interior,26.5,,2026-04-25|26.0|27.0,1.0,1.0,6h_prior,25.4,26.769052238326974,1.520124440216853,0.25391918460196716,weather_plus_market_training,0.5566365831049935,1.370739233449084
2026-04-25,nan,Will the highest temperature in Hong Kong be 27°C on April 25?,interior,27.0,28.0,interior,26.5,,2026-04-25|27.0|28.0,0.0,0.0,6h_prior,25.4,26.769052238326974,1.520124440216853,0.23058547112794892,weather_plus_market_training,0.053169659495298165,0.26212540546290813
2026-04-25,nan,Will the highest temperature in Hong Kong be 28°C on April 25?,interior,28.0,29.0,interior,26.5,,2026-04-25|28.0|29.0,0.0,0.0,6h_prior,25.4,26.769052238326974,1.520124440216853,0.13793155299824833,weather_plus_market_training,0.019025113312508588,0.14842060659642223
2026-04-25,nan,Will the highest temperature in Hong Kong be 29°C or higher on April 25?,upper_tail,29.0,inf,upper_tail,26.5,,2026-04-25|29.0|inf,0.0,0.0,6h_prior,25.4,26.769052238326974,1.520124440216853,0.0711052799304176,weather_plus_market_training,0.0050559608339830475,0.07375987267244209
2026-04-25,nan,Will the highest temperature in Hong Kong be 19°C or below on April 25?,lower_tail,-inf,20.0,lower_tail,26.5,,2026-04-25|-inf|20.0,0.0,0.0,event_day_open,25.3,26.776354202991755,1.4200505241039132,9.124323589285164e-07,weather_plus_market_training,8.325328096198569e-13,9.124327751571494e-07
2026-04-25,nan,Will the highest temperature in Hong Kong be 20°C on April 25?,interior,20.0,21.0,interior,26.5,,2026-04-25|20.0|21.0,0.0,0.0,event_day_open,25.3,26.776354202991755,1.4200505241039132,2.282624077817806e-05,weather_plus_market_training,5.21037268063359e-10,2.2826501300805037e-05
2026-04-25,nan,Will the highest temperature in Hong Kong be 21°C on April 25?,interior,21.0,22.0,interior,26.5,,2026-04-25|21.0|22.0,0.0,0.0,event_day_open,25.3,26.776354202991755,1.4200505241039132,0.00036105150400012726,weather_plus_market_training,1.303581885407539e-07,0.0003611166987873138
2026-04-25,nan,Will the highest temperature in Hong Kong be 22°C on April 25?,interior,22.0,23.0,interior,26.5,,2026-04-25|22.0|23.0,0.0,0.0,event_day_open,25.3,26.776354202991755,1.4200505241039132,0.0035302567557549645,weather_plus_market_training,1.2462712761553567e-05,0.0035365028166007857
2026-04-25,nan,Will the highest temperature in Hong Kong be 23°C on April 25?,interior,23.0,24.0,interior,26.5,,2026-04-25|23.0|24.0,0.0,0.0,event_day_open,25.3,26.776354202991755,1.4200505241039132,0.02137002946074617,weather_plus_market_training,0.0004566781591531592,0.02160167466183151
2026-04-25,nan,Will the highest temperature in Hong Kong be 24°C on April 25?,interior,24.0,25.0,interior,26.5,,2026-04-25|24.0|25.0,0.0,0.0,event_day_open,25.3,26.776354202991755,1.4200505241039132,0.08019873505314729,weather_plus_market_training,0.006431837104124915,0.0835976486360625
2026-04-25,nan,Will the highest temperature in Hong Kong be 25°C on April 25?,interior,25.0,26.0,interior,26.5,,2026-04-25|25.0|26.0,0.0,0.0,event_day_open,25.3,26.776354202991755,1.4200505241039132,0.18680557172494627,weather_plus_market_training,0.034896321627484045,0.20678504885612303
2026-04-25,nan,Will the highest temperature in Hong Kong be 26°C on April 25?,interior,26.0,27.0,interior,26.5,,2026-04-25|26.0|27.0,1.0,1.0,event_day_open,25.3,26.776354202991755,1.4200505241039132,0.2702818386663808,weather_plus_market_training,0.5324885949801179,1.308290017500595
2026-04-25,nan,Will the highest temperature in Hong Kong be 27°C on April 25?,interior,27.0,28.0,interior,26.5,,2026-04-25|27.0|28.0,0.0,0.0,event_day_open,25.3,26.776354202991755,1.4200505241039132,0.24300019013823648,weather_plus_market_training,0.05904909240721908,0.27839227671808375
2026-04-25,nan,Will the highest temperature in Hong Kong be 28°C on April 25?,interior,28.0,29.0,interior,26.5,,2026-04-25|28.0|29.0,0.0,0.0,event_day_open,25.3,26.776354202991755,1.4200505241039132,0.13574163994161048,weather_plus_market_training,0.018425792814037823,0.14588352703263854
2026-04-25,nan,Will the highest temperature in Hong Kong be 29°C or higher on April 25?,upper_tail,29.0,inf,upper_tail,26.5,,2026-04-25|29.0|inf,0.0,0.0,event_day_open,25.3,26.776354202991755,1.4200505241039132,0.058686948082040336,weather_plus_market_training,0.0034441578751840977,0.06047951468215216
2026-04-26,nan,Will the highest temperature in Hong Kong be 20°C or below on April 26?,lower_tail,-inf,21.0,lower_tail,28.8,,2026-04-26|-inf|21.0,0.0,0.0,12h_prior,25.6,26.93282583890216,1.5267007477379897,5.094558402099776e-05,weather_plus_market_training,2.5954525312405427e-09,5.094688179131008e-05
2026-04-26,nan,Will the highest temperature in Hong Kong be 21°C on April 26?,interior,21.0,22.0,interior,28.8,,2026-04-26|21.0|22.0,0.0,0.0,12h_prior,25.6,26.93282583890216,1.5267007477379897,0.000565765358849043,weather_plus_market_training,3.200904412735864e-07,0.0005659254644606259
2026-04-26,nan,Will the highest temperature in Hong Kong be 22°C on April 26?,interior,22.0,23.0,interior,28.8,,2026-04-26|22.0|23.0,0.0,0.0,12h_prior,25.6,26.93282583890216,1.5267007477379897,0.004380398090189505,weather_plus_market_training,1.9187887428535863e-05,0.004390020143133102
2026-04-26,nan,Will the highest temperature in Hong Kong be 23°C on April 26?,interior,23.0,24.0,interior,28.8,,2026-04-26|23.0|24.0,0.0,0.0,12h_prior,25.6,26.93282583890216,1.5267007477379897,0.022367353210849227,weather_plus_market_training,0.0005002984896588872,0.02262129628898188
2026-04-26,nan,Will the highest temperature in Hong Kong be 24°C on April 26?,interior,24.0,25.0,interior,28.8,,2026-04-26|24.0|25.0,0.0,0.0,12h_prior,25.6,26.93282583890216,1.5267007477379897,0.07538941818339871,weather_plus_market_training,0.005683564374031369,0.0783826227426901
2026-04-26,nan,Will the highest temperature in Hong Kong be 25°C on April 26?,interior,25.0,26.0,interior,28.8,,2026-04-26|25.0|26.0,0.0,0.0,12h_prior,25.6,26.93282583890216,1.5267007477379897,0.16784337688930506,weather_plus_market_training,0.028171399165605304,0.1837346069464114
2026-04-26,nan,Will the highest temperature in Hong Kong be 26°C on April 26?,interior,26.0,27.0,interior,28.8,,2026-04-26|26.0|27.0,0.0,0.0,12h_prior,25.6,26.93282583890216,1.5267007477379897,0.24695036536999104,weather_plus_market_training,0.06098448295637207,0.28362413751129184
2026-04-26,nan,Will the highest temperature in Hong Kong be 27°C on April 26?,interior,27.0,28.0,interior,28.8,,2026-04-26|27.0|28.0,0.0,0.0,12h_prior,25.6,26.93282583890216,1.5267007477379897,0.24017847787343105,weather_plus_market_training,0.05768570123359821,0.27467171258797435
2026-04-26,nan,Will the highest temperature in Hong Kong be 28°C on April 26?,interior,28.0,29.0,interior,28.8,,2026-04-26|28.0|29.0,1.0,1.0,12h_prior,25.6,26.93282583890216,1.5267007477379897,0.1544079411893038,weather_plus_market_training,0.715025929923712,1.8681572101408597
2026-04-26,nan,Will the highest temperature in Hong Kong be 29°C on April 26?,interior,29.0,30.0,interior,28.8,,2026-04-26|29.0|30.0,0.0,0.0,12h_prior,25.6,26.93282583890216,1.5267007477379897,0.06559851525445959,weather_plus_market_training,0.004303165203589567,0.06784907792662394
2026-04-26,nan,Will the highest temperature in Hong Kong be 30°C or higher on April 26?,upper_tail,30.0,inf,upper_tail,28.8,,2026-04-26|30.0|inf,0.0,0.0,12h_prior,25.6,26.93282583890216,1.5267007477379897,0.02226744299620198,weather_plus_market_training,0.0004958390175891046,0.02251910544039725
2026-04-26,nan,Will the highest temperature in Hong Kong be 20°C or below on April 26?,lower_tail,-inf,21.0,lower_tail,28.8,,2026-04-26|-inf|21.0,0.0,0.0,24h_prior,25.5,26.920757463468654,1.5733298829995803,8.387594602131184e-05,weather_plus_market_training,7.035174320970018e-09,8.387946380519469e-05
2026-04-26,nan,Will the highest temperature in Hong Kong be 21°C on April 26?,interior,21.0,22.0,interior,28.8,,2026-04-26|21.0|22.0,0.0,0.0,24h_prior,25.5,26.920757463468654,1.5733298829995803,0.0007973025181224007,weather_plus_market_training,6.356913054043211e-07,0.0007976205328222634
2026-04-26,nan,Will the highest temperature in Hong Kong be 22°C on April 26?,interior,22.0,23.0,interior,28.8,,2026-04-26|22.0|23.0,0.0,0.0,24h_prior,25.5,26.920757463468654,1.5733298829995803,0.005469902973998657,weather_plus_market_training,2.9919838544959357e-05,0.005484917670925387
2026-04-26,nan,Will the highest temperature in Hong Kong be 23°C on April 26?,interior,23.0,24.0,interior,28.8,,2026-04-26|23.0|24.0,0.0,0.0,24h_prior,25.5,26.920757463468654,1.5733298829995803,0.025345939505686005,weather_plus_market_training,0.0006424166494258945,0.02567268069358349
2026-04-26,nan,Will the highest temperature in Hong Kong be 24°C on April 26?,interior,24.0,25.0,interior,28.8,,2026-04-26|24.0|25.0,0.0,0.0,24h_prior,25.5,26.920757463468654,1.5733298829995803,0.07937948204935291,weather_plus_market_training,0.006301102170423541,0.08270736026247345
2026-04-26,nan,Will the highest temperature in Hong Kong be 25°C on April 26?,interior,25.0,26.0,interior,28.8,,2026-04-26|25.0|26.0,0.0,0.0,24h_prior,25.5,26.920757463468654,1.5733298829995803,0.1681205440956201,weather_plus_market_training,0.028264517347007346,0.18406773338804758
2026-04-26,nan,Will the highest temperature in Hong Kong be 26°C on April 26?,interior,26.0,27.0,interior,28.8,,2026-04-26|26.0|27.0,0.0,0.0,24h_prior,25.5,26.920757463468654,1.5733298829995803,0.24088763945623365,weather_plus_market_training,0.05802685484279641,0.275605474935922
2026-04-26,nan,Will the highest temperature in Hong Kong be 27°C on April 26?,interior,27.0,28.0,interior,28.8,,2026-04-26|27.0|28.0,0.0,0.0,24h_prior,25.5,26.920757463468654,1.5733298829995803,0.2335463816274279,weather_plus_market_training,0.0545439123712642,0.26598109343058424
2026-04-26,nan,Will the highest temperature in Hong Kong be 28°C on April 26?,interior,28.0,29.0,interior,28.8,,2026-04-26|28.0|29.0,1.0,1.0,24h_prior,25.5,26.920757463468654,1.5733298829995803,0.15321080321200886,weather_plus_market_training,0.7170519437968512,1.8759405071121902
2026-04-26,nan,Will the highest temperature in Hong Kong be 29°C on April 26?,interior,29.0,30.0,interior,28.8,,2026-04-26|29.0|30.0,0.0,0.0,24h_prior,25.5,26.920757463468654,1.5733298829995803,0.06799320929932273,weather_plus_market_training,0.004623076510821507,0.07041517816356484
2026-04-26,nan,Will the highest temperature in Hong Kong be 30°C or higher on April 26?,upper_tail,30.0,inf,upper_tail,28.8,,2026-04-26|30.0|inf,0.0,0.0,24h_prior,25.5,26.920757463468654,1.5733298829995803,0.02516491931620546,weather_plus_market_training,0.0006332731641911306,0.025486970308049993
2026-04-26,nan,Will the highest temperature in Hong Kong be 20°C or below on April 26?,lower_tail,-inf,21.0,lower_tail,28.8,,2026-04-26|-inf|21.0,0.0,0.0,6h_prior,25.8,27.139291998398253,1.5242477436703592,2.815634038800227e-05,weather_plus_market_training,7.927795040450478e-10,2.815673678518974e-05
2026-04-26,nan,Will the highest temperature in Hong Kong be 21°C on April 26?,interior,21.0,22.0,interior,28.8,,2026-04-26|21.0|22.0,0.0,0.0,6h_prior,25.8,27.139291998398253,1.5242477436703592,0.00034538509728668004,weather_plus_market_training,1.1929086542772945e-07,0.00034544475645668937
2026-04-26,nan,Will the highest temperature in Hong Kong be 22°C on April 26?,interior,22.0,23.0,interior,28.8,,2026-04-26|22.0|23.0,0.0,0.0,6h_prior,25.8,27.139291998398253,1.5242477436703592,0.0029339544816042004,weather_plus_market_training,8.608088900125372e-06,0.002938266963202946
2026-04-26,nan,Will the highest temperature in Hong Kong be 23°C on April 26?,interior,23.0,24.0,interior,28.8,,2026-04-26|23.0|24.0,0.0,0.0,6h_prior,25.8,27.139291998398253,1.5242477436703592,0.01641242928430432,weather_plus_market_training,0.00026936783501228996,0.016548605243227286
2026-04-26,nan,Will the highest temperature in Hong Kong be 24°C on April 26?,interior,24.0,25.0,interior,28.8,,2026-04-26|24.0|25.0,0.0,0.0,6h_prior,25.8,27.139291998398253,1.5242477436703592,0.060512964930522745,weather_plus_market_training,0.0036618189246826758,0.0624212600434445
2026-04-26,nan,Will the highest temperature in Hong Kong be 25°C on April 26?,interior,25.0,26.0,interior,28.8,,2026-04-26|25.0|26.0,0.0,0.0,6h_prior,25.8,27.139291998398253,1.5242477436703592,0.1471644777998634,weather_plus_market_training,0.02165738352610649,0.15918857282625212
2026-04-26,nan,Will the highest temperature in Hong Kong be 26°C on April 26?,interior,26.0,27.0,interior,28.8,,2026-04-26|26.0|27.0,0.0,0.0,6h_prior,25.8,27.139291998398253,1.5242477436703592,0.23619633225128184,weather_plus_market_training,0.05578870736895792,0.26944450222697164
2026-04-26,nan,Will the highest temperature in Hong Kong be 27°C on April 26?,interior,27.0,28.0,interior,28.8,,2026-04-26|27.0|28.0,0.0,0.0,6h_prior,25.8,27.139291998398253,1.5242477436703592,0.2502596392877123,weather_plus_market_training,0.06262988705641587,0.2880283181048391
2026-04-26,nan,Will the highest temperature in Hong Kong be 28°C on April 26?,interior,28.0,29.0,interior,28.8,,2026-04-26|28.0|29.0,1.0,1.0,6h_prior,25.8,27.139291998398253,1.5242477436703592,0.1750541497464967,weather_plus_market_training,0.6805356558504755,1.7426599257984838
2026-04-26,nan,Will the highest temperature in Hong Kong be 29°C on April 26?,interior,29.0,30.0,interior,28.8,,2026-04-26|29.0|30.0,0.0,0.0,6h_prior,25.8,27.139291998398253,1.5242477436703592,0.0808197481782208,weather_plus_market_training,0.006531831695591024,0.08427303677130706
2026-04-26,nan,Will the highest temperature in Hong Kong be 30°C or higher on April 26?,upper_tail,30.0,inf,upper_tail,28.8,,2026-04-26|30.0|inf,0.0,0.0,6h_prior,25.8,27.139291998398253,1.5242477436703592,0.030272762602319037,weather_plus_market_training,0.000916440155576366,0.03074044558752842
2026-04-26,nan,Will the highest temperature in Hong Kong be 20°C or below on April 26?,lower_tail,-inf,21.0,lower_tail,28.8,,2026-04-26|-inf|21.0,0.0,0.0,event_day_open,25.7,27.16239575754288,1.4237293152637032,7.511602251593668e-06,weather_plus_market_training,5.642416838614706e-11,7.5116304637674875e-06
2026-04-26,nan,Will the highest temperature in Hong Kong be 21°C on April 26?,interior,21.0,22.0,interior,28.8,,2026-04-26|21.0|22.0,0.0,0.0,event_day_open,25.7,27.16239575754288,1.4237293152637032,0.00013642936237284127,weather_plus_market_training,1.8612970917460037e-08,0.00013643866970478917
2026-04-26,nan,Will the highest temperature in Hong Kong be 22°C on April 26?,interior,22.0,23.0,interior,28.8,,2026-04-26|22.0|23.0,0.0,0.0,event_day_open,25.7,27.16239575754288,1.4237293152637032,0.0015861795706390454,weather_plus_market_training,2.5159656303126663e-06,0.0015874388852964503
2026-04-26,nan,Will the highest temperature in Hong Kong be 23°C on April 26?,interior,23.0,24.0,interior,28.8,,2026-04-26|23.0|24.0,0.0,0.0,event_day_open,25.7,27.16239575754288,1.4237293152637032,0.01143839354865455,weather_plus_market_training,0.00013083684697390204,0.011504315145698475
2026-04-26,nan,Will the highest temperature in Hong Kong be 24°C on April 26?,interior,24.0,25.0,interior,28.8,,2026-04-26|24.0|25.0,0.0,0.0,event_day_open,25.7,27.16239575754288,1.4237293152637032,0.051234754485328174,weather_plus_market_training,0.0026250000671718555,0.05259388134773073
2026-04-26,nan,Will the highest temperature in Hong Kong be 25°C on April 26?,interior,25.0,26.0,interior,28.8,,2026-04-26|25.0|26.0,0.0,0.0,event_day_open,25.7,27.16239575754288,1.4237293152637032,0.1427197508881632,weather_plus_market_training,0.020368927293579357,0.15399040204195258
2026-04-26,nan,Will the highest temperature in Hong Kong be 26°C on April 26?,interior,26.0,27.0,interior,28.8,,2026-04-26|26.0|27.0,0.0,0.0,event_day_open,25.7,27.16239575754288,1.4237293152637032,0.24747065047435873,weather_plus_market_training,0.06124172284620223,0.2843152804278093
2026-04-26,nan,Will the highest temperature in Hong Kong be 27°C on April 26?,interior,27.0,28.0,interior,28.8,,2026-04-26|27.0|28.0,0.0,0.0,event_day_open,25.7,27.16239575754288,1.4237293152637032,0.2672465811103351,weather_plus_market_training,0.07142073511516292,0.3109460335682912
2026-04-26,nan,Will the highest temperature in Hong Kong be 28°C on April 26?,interior,28.0,29.0,interior,28.8,,2026-04-26|28.0|29.0,1.0,1.0,event_day_open,25.7,27.16239575754288,1.4237293152637032,0.17975549863817497,weather_plus_market_training,0.672801042014309,1.716157692372226
2026-04-26,nan,Will the highest temperature in Hong Kong be 29°C on April 26?,interior,29.0,30.0,interior,28.8,,2026-04-26|29.0|30.0,0.0,0.0,event_day_open,25.7,27.16239575754288,1.4237293152637032,0.07527782262724148,weather_plus_market_training,0.005666750579498428,0.07826193536964901
2026-04-26,nan,Will the highest temperature in Hong Kong be 30°C or higher on April 26?,upper_tail,30.0,inf,upper_tail,28.8,,2026-04-26|30.0|inf,0.0,0.0,event_day_open,25.7,27.16239575754288,1.4237293152637032,0.0231264276924803,weather_plus_market_training,0.0005348316578155197,0.023398039296887184
2026-04-27,nan,Will the highest temperature in Hong Kong be 20°C or below on April 27?,lower_tail,-inf,21.0,lower_tail,27.9,,2026-04-27|-inf|21.0,0.0,0.0,12h_prior,26.2,27.494600779792147,1.531572964428206,1.1152236917489271e-05,weather_plus_market_training,1.243723882638106e-10,1.115229910415637e-05
2026-04-27,nan,Will the highest temperature in Hong Kong be 21°C on April 27?,interior,21.0,22.0,interior,27.9,,2026-04-27|21.0|22.0,0.0,0.0,12h_prior,26.2,27.494600779792147,1.531572964428206,0.00015574504483894047,weather_plus_market_training,2.4256518991883577e-08,0.0001557571743578714
2026-04-27,nan,Will the highest temperature in Hong Kong be 22°C on April 27?,interior,22.0,23.0,interior,27.9,,2026-04-27|22.0|23.0,0.0,0.0,12h_prior,26.2,27.494600779792147,1.531572964428206,0.0015028280303552213,weather_plus_market_training,2.258492088821354e-06,0.0015039584090513892
2026-04-27,nan,Will the highest temperature in Hong Kong be 23°C on April 27?,interior,23.0,24.0,interior,27.9,,2026-04-27|23.0|24.0,0.0,0.0,12h_prior,26.2,27.494600779792147,1.531572964428206,0.00958359645470683,weather_plus_market_training,9.184532100666931e-05,0.009629814643230669
2026-04-27,nan,Will the highest temperature in Hong Kong be 24°C on April 27?,interior,24.0,25.0,interior,27.9,,2026-04-27|24.0|25.0,0.0,0.0,12h_prior,26.2,27.494600779792147,1.531572964428206,0.040426107226969224,weather_plus_market_training,0.0016342701455264134,0.0412659547507754
2026-04-27,nan,Will the highest temperature in Hong Kong be 25°C on April 27?,interior,25.0,26.0,interior,27.9,,2026-04-27|25.0|26.0,0.0,0.0,12h_prior,26.2,27.494600779792147,1.531572964428206,0.11288749645691153,weather_plus_market_training,0.012743586856309212,0.11978346870306343
2026-04-27,nan,Will the highest temperature in Hong Kong be 26°C on April 27?,interior,26.0,27.0,interior,27.9,,2026-04-27|26.0|27.0,0.0,0.0,12h_prior,26.2,27.494600779792147,1.531572964428206,0.20880474918169284,weather_plus_market_training,0.043599423280829656,0.23421050119631726
2026-04-27,nan,Will the highest temperature in Hong Kong be 27°C on April 27?,interior,27.0,28.0,interior,27.9,,2026-04-27|27.0|28.0,1.0,1.0,12h_prior,26.2,27.494600779792147,1.531572964428206,0.2559234458135411,weather_plus_market_training,0.5536499184899943,1.3628769190147438
2026-04-27,nan,Will the highest temperature in Hong Kong be 28°C on April 27?,interior,28.0,29.0,interior,27.9,,2026-04-27|28.0|29.0,0.0,0.0,12h_prior,26.2,27.494600779792147,1.531572964428206,0.20787914631672533,weather_plus_market_training,0.0432137394733705,0.23304130577440635
2026-04-27,nan,Will the highest temperature in Hong Kong be 29°C on April 27?,interior,29.0,30.0,interior,27.9,,2026-04-27|29.0|30.0,0.0,0.0,12h_prior,26.2,27.494600779792147,1.531572964428206,0.11188857245039108,weather_plus_market_training,0.012519052644986413,0.11865806238732389
2026-04-27,nan,Will the highest temperature in Hong Kong be 30°C or higher on April 27?,upper_tail,30.0,inf,upper_tail,27.9,,2026-04-27|30.0|inf,0.0,0.0,12h_prior,26.2,27.494600779792147,1.531572964428206,0.05093716078695043,weather_plus_market_training,0.0025945943490356406,0.05228026632304885
2026-04-27,nan,Will the highest temperature in Hong Kong be 20°C or below on April 27?,lower_tail,-inf,21.0,lower_tail,27.9,,2026-04-27|-inf|21.0,0.0,0.0,24h_prior,26.4,27.817211589840227,1.5737680563035112,7.39555003950189e-06,weather_plus_market_training,5.469416038677641e-11,7.395577386694585e-06
2026-04-27,nan,Will the highest temperature in Hong Kong be 21°C on April 27?,interior,21.0,22.0,interior,27.9,,2026-04-27|21.0|22.0,0.0,0.0,24h_prior,26.4,27.817211589840227,1.5737680563035112,0.00010196130501272379,weather_plus_market_training,1.0396107719897693e-08,0.00010196650341994159
2026-04-27,nan,Will the highest temperature in Hong Kong be 22°C on April 27?,interior,22.0,23.0,interior,27.9,,2026-04-27|22.0|23.0,0.0,0.0,24h_prior,26.4,27.817211589840227,1.5737680563035112,0.0009938549958004466,weather_plus_market_training,9.877477526775057e-07,0.0009943491971468599
2026-04-27,nan,Will the highest temperature in Hong Kong be 23°C on April 27?,interior,23.0,24.0,interior,27.9,,2026-04-27|23.0|24.0,0.0,0.0,24h_prior,26.4,27.817211589840227,1.5737680563035112,0.006539948683658869,weather_plus_market_training,4.2770928784891375e-05,0.00656142784768837
2026-04-27,nan,Will the highest temperature in Hong Kong be 24°C on April 27?,interior,24.0,25.0,interior,27.9,,2026-04-27|24.0|25.0,0.0,0.0,24h_prior,26.4,27.817211589840227,1.5737680563035112,0.029075278252433896,weather_plus_market_training,0.0008453718054564555,0.029506340217707403
2026-04-27,nan,Will the highest temperature in Hong Kong be 25°C on April 27?,interior,25.0,26.0,interior,27.9,,2026-04-27|25.0|26.0,0.0,0.0,24h_prior,26.4,27.817211589840227,1.5737680563035112,0.08739060375209909,weather_plus_market_training,0.0076371176241563955,0.091447314412209
2026-04-27,nan,Will the highest temperature in Hong Kong be 26°C on April 27?,interior,26.0,27.0,interior,27.9,,2026-04-27|26.0|27.0,0.0,0.0,24h_prior,26.4,27.817211589840227,1.5737680563035112,0.17767695993692922,weather_plus_market_training,0.03156910209242915,0.1956219683499346
2026-04-27,nan,Will the highest temperature in Hong Kong be 27°C on April 27?,interior,27.0,28.0,interior,27.9,,2026-04-27|27.0|28.0,1.0,1.0,24h_prior,26.4,27.817211589840227,1.5737680563035112,0.2444459702887799,weather_plus_market_training,0.5708618918128633,1.4087609749009677
2026-04-27,nan,Will the highest temperature in Hong Kong be 28°C on April 27?,interior,28.0,29.0,interior,27.9,,2026-04-27|28.0|29.0,0.0,0.0,24h_prior,26.4,27.817211589840227,1.5737680563035112,0.22761156759822343,weather_plus_market_training,0.051807025704520636,0.2582677047157677
2026-04-27,nan,Will the highest temperature in Hong Kong be 29°C on April 27?,interior,29.0,30.0,interior,27.9,,2026-04-27|29.0|30.0,0.0,0.0,24h_prior,26.4,27.817211589840227,1.5737680563035112,0.1434328768285037,weather_plus_market_training,0.020572990155300713,0.15482259514505997
2026-04-27,nan,Will the highest temperature in Hong Kong be 30°C or higher on April 27?,upper_tail,30.0,inf,upper_tail,27.9,,2026-04-27|30.0|inf,0.0,0.0,24h_prior,26.4,27.817211589840227,1.5737680563035112,0.08272358280851921,weather_plus_market_training,0.006843191152677936,0.0863464157346716
2026-04-27,nan,Will the highest temperature in Hong Kong be 20°C or below on April 27?,lower_tail,-inf,21.0,lower_tail,27.9,,2026-04-27|-inf|21.0,0.0,0.0,6h_prior,25.9,27.2424392699597,1.5264966975946035,2.162552062014656e-05,weather_plus_market_training,4.67663142092384e-10,2.1625754455069935e-05
2026-04-27,nan,Will the highest temperature in Hong Kong be 21°C on April 27?,interior,21.0,22.0,interior,27.9,,2026-04-27|21.0|22.0,0.0,0.0,6h_prior,25.9,27.2424392699597,1.5264966975946035,0.0002754236139366223,weather_plus_market_training,7.585816711390957e-08,0.00027546154998599334
2026-04-27,nan,Will the highest temperature in Hong Kong be 22°C on April 27?,interior,22.0,23.0,interior,27.9,,2026-04-27|22.0|23.0,0.0,0.0,6h_prior,25.9,27.2424392699597,1.5264966975946035,0.0024276009242166366,weather_plus_market_training,5.893246247257469e-06,0.0024305523248564693
2026-04-27,nan,Will the highest temperature in Hong Kong be 23°C on April 27?,interior,23.0,24.0,interior,27.9,,2026-04-27|23.0|24.0,0.0,0.0,6h_prior,25.9,27.2424392699597,1.5264966975946035,0.014106032139353731,weather_plus_market_training,0.0001989801427164804,0.01420646782877839
2026-04-27,nan,Will the highest temperature in Hong Kong be 24°C on April 27?,interior,24.0,25.0,interior,27.9,,2026-04-27|24.0|25.0,0.0,0.0,6h_prior,25.9,27.2424392699597,1.5264966975946035,0.054084324604090434,weather_plus_market_training,0.0029251141678806217,0.05560185196258387
2026-04-27,nan,Will the highest temperature in Hong Kong be 25°C on April 27?,interior,25.0,26.0,interior,27.9,,2026-04-27|25.0|26.0,0.0,0.0,6h_prior,25.9,27.2424392699597,1.5264966975946035,0.1369316833713629,weather_plus_market_training,0.018750285910915186,0.1472614292373577
2026-04-27,nan,Will the highest temperature in Hong Kong be 26°C on April 27?,interior,26.0,27.0,interior,27.9,,2026-04-27|26.0|27.0,0.0,0.0,6h_prior,25.9,27.2424392699597,1.5264966975946035,0.22905838066868328,weather_plus_market_training,0.05246774175455942,0.26014262899741675
2026-04-27,nan,Will the highest temperature in Hong Kong be 27°C on April 27?,interior,27.0,28.0,interior,27.9,,2026-04-27|27.0|28.0,1.0,1.0,6h_prior,25.9,27.2424392699597,1.5264966975946035,0.2532444003078648,weather_plus_market_training,0.5576439256715604,1.3734002474191662
2026-04-27,nan,Will the highest temperature in Hong Kong be 28°C on April 27?,interior,28.0,29.0,interior,27.9,,2026-04-27|28.0|29.0,0.0,0.0,6h_prior,25.9,27.2424392699597,1.5264966975946035,0.18506026490905447,weather_plus_market_training,0.03424730164820942,0.20464111314900296
2026-04-27,nan,Will the highest temperature in Hong Kong be 29°C on April 27?,interior,29.0,30.0,interior,27.9,,2026-04-27|29.0|30.0,0.0,0.0,6h_prior,25.9,27.2424392699597,1.5264966975946035,0.08936728700453911,weather_plus_market_training,0.007986511986551665,0.09361563206665922
2026-04-27,nan,Will the highest temperature in Hong Kong be 30°C or higher on April 27?,upper_tail,30.0,inf,upper_tail,27.9,,2026-04-27|30.0|inf,0.0,0.0,6h_prior,25.9,27.2424392699597,1.5264966975946035,0.03542297693627783,weather_plus_market_training,0.001254787295028071,0.036065591801277
2026-04-27,nan,Will the highest temperature in Hong Kong be 20°C or below on April 27?,lower_tail,-inf,21.0,lower_tail,27.9,,2026-04-27|-inf|21.0,0.0,0.0,event_day_open,26.0,27.45629765234348,1.4266156359963904,3.0111605746073895e-06,weather_plus_market_training,9.067088006069905e-12,3.0111651082149902e-06
2026-04-27,nan,Will the highest temperature in Hong Kong be 21°C on April 27?,interior,21.0,22.0,interior,27.9,,2026-04-27|21.0|22.0,0.0,0.0,event_day_open,26.0,27.45629765234348,1.4266156359963904,6.24692973498604e-05,weather_plus_market_training,3.902413111385276e-09,6.247124863769623e-05
2026-04-27,nan,Will the highest temperature in Hong Kong be 22°C on April 27?,interior,22.0,23.0,interior,27.9,,2026-04-27|22.0|23.0,0.0,0.0,event_day_open,26.0,27.45629765234348,1.4266156359963904,0.0008275277343845995,weather_plus_market_training,6.848021511757082e-07,0.0008278703244750426
2026-04-27,nan,Will the highest temperature in Hong Kong be 23°C on April 27?,interior,23.0,24.0,interior,27.9,,2026-04-27|23.0|24.0,0.0,0.0,event_day_open,26.0,27.45629765234348,1.4266156359963904,0.006809279062872635,weather_plus_market_training,4.636628135607563e-05,0.006832567984269461
2026-04-27,nan,Will the highest temperature in Hong Kong be 24°C on April 27?,interior,24.0,25.0,interior,27.9,,2026-04-27|24.0|25.0,0.0,0.0,event_day_open,26.0,27.45629765234348,1.4266156359963904,0.03485371169182027,weather_plus_market_training,0.001214781218696529,0.0354755950306352
2026-04-27,nan,Will the highest temperature in Hong Kong be 25°C on April 27?,interior,25.0,26.0,interior,27.9,,2026-04-27|25.0|26.0,0.0,0.0,event_day_open,26.0,27.45629765234348,1.4266156359963904,0.1111172063126815,weather_plus_market_training,0.012347033538735026,0.11778989278166019
2026-04-27,nan,Will the highest temperature in Hong Kong be 26°C on April 27?,interior,26.0,27.0,interior,27.9,,2026-04-27|26.0|27.0,0.0,0.0,event_day_open,26.0,27.45629765234348,1.4266156359963904,0.22086923979072565,weather_plus_market_training,0.04878322108573307,0.2495763907031384
2026-04-27,nan,Will the highest temperature in Hong Kong be 27°C on April 27?,interior,27.0,28.0,interior,27.9,,2026-04-27|27.0|28.0,1.0,1.0,event_day_open,26.0,27.45629765234348,1.4266156359963904,0.2738980057642929,weather_plus_market_training,0.5272241060330708,1.294999483629377
2026-04-27,nan,Will the highest temperature in Hong Kong be 28°C on April 27?,interior,28.0,29.0,interior,27.9,,2026-04-27|28.0|29.0,0.0,0.0,event_day_open,26.0,27.45629765234348,1.4266156359963904,0.21194951665487138,weather_plus_market_training,0.0449225976102336,0.2381931260175499
2026-04-27,nan,Will the highest temperature in Hong Kong be 29°C on April 27?,interior,29.0,30.0,interior,27.9,,2026-04-27|29.0|30.0,0.0,0.0,event_day_open,26.0,27.45629765234348,1.4266156359963904,0.10231954334245263,weather_plus_market_training,0.010469288949808043,0.10794111291704302
2026-04-27,nan,Will the highest temperature in Hong Kong be 30°C or higher on April 27?,upper_tail,30.0,inf,upper_tail,27.9,,2026-04-27|30.0|inf,0.0,0.0,event_day_open,26.0,27.45629765234348,1.4266156359963904,0.03729048918797395,weather_plus_market_training,0.0013905805838784022,0.038003562936715994
2026-04-28,nan,Will the highest temperature in Hong Kong be 21°C or below on April 28?,lower_tail,-inf,22.0,lower_tail,29.4,,2026-04-28|-inf|22.0,0.0,0.0,12h_prior,26.9,28.166392140965986,1.5365609784394882,2.9961662200396297e-05,weather_plus_market_training,8.977012018106563e-10,2.996211105993953e-05
2026-04-28,nan,Will the highest temperature in Hong Kong be 22°C on April 28?,interior,22.0,23.0,interior,29.4,,2026-04-28|22.0|23.0,0.0,0.0,12h_prior,26.9,28.166392140965986,1.5365609784394882,0.0003565068312219492,weather_plus_market_training,1.2709712070791538e-07,0.00035657039488996075
2026-04-28,nan,Will the highest temperature in Hong Kong be 23°C on April 28?,interior,23.0,24.0,interior,29.4,,2026-04-28|23.0|24.0,0.0,0.0,12h_prior,26.9,28.166392140965986,1.5365609784394882,0.002962462225439173,weather_plus_market_training,8.776182437154017e-06,0.0029668590023284864
2026-04-28,nan,Will the highest temperature in Hong Kong be 24°C on April 28?,interior,24.0,25.0,interior,29.4,,2026-04-28|24.0|25.0,0.0,0.0,12h_prior,26.9,28.166392140965986,1.5365609784394882,0.016316875131073133,weather_plus_market_training,0.0002662404140430329,0.016451461364125387
2026-04-28,nan,Will the highest temperature in Hong Kong be 25°C on April 28?,interior,25.0,26.0,interior,29.4,,2026-04-28|25.0|26.0,0.0,0.0,12h_prior,26.9,28.166392140965986,1.5365609784394882,0.05961929852349291,weather_plus_market_training,0.003554460756433364,0.06147048413833449
2026-04-28,nan,Will the highest temperature in Hong Kong be 26°C on April 28?,interior,26.0,27.0,interior,29.4,,2026-04-28|26.0|27.0,0.0,0.0,12h_prior,26.9,28.166392140965986,1.5365609784394882,0.14461346421460913,weather_plus_market_training,0.020913054032150036,0.1562018235687715
2026-04-28,nan,Will the highest temperature in Hong Kong be 27°C on April 28?,interior,27.0,28.0,interior,29.4,,2026-04-28|27.0|28.0,0.0,0.0,12h_prior,26.9,28.166392140965986,1.5365609784394882,0.2329847872808054,weather_plus_market_training,0.05428191110428215,0.2652486437578644
2026-04-28,nan,Will the highest temperature in Hong Kong be 28°C on April 28?,interior,28.0,29.0,interior,29.4,,2026-04-28|28.0|29.0,0.0,0.0,12h_prior,26.9,28.166392140965986,1.5365609784394882,0.24938486318688657,weather_plus_market_training,0.062192809986742134,0.2868622262000964
2026-04-28,nan,Will the highest temperature in Hong Kong be 29°C on April 28?,interior,29.0,30.0,interior,29.4,,2026-04-28|29.0|30.0,1.0,1.0,12h_prior,26.9,28.166392140965986,1.5365609784394882,0.17735960606118673,weather_plus_market_training,0.6767372177398059,1.7295759348020172
2026-04-28,nan,Will the highest temperature in Hong Kong be 30°C on April 28?,interior,30.0,31.0,interior,29.4,,2026-04-28|30.0|31.0,0.0,0.0,12h_prior,26.9,28.166392140965986,1.5365609784394882,0.08378958634175604,weather_plus_market_training,0.00702069477932259,0.08750923145324245
2026-04-28,nan,Will the highest temperature in Hong Kong be 31°C or higher on April 28?,upper_tail,31.0,inf,upper_tail,29.4,,2026-04-28|31.0|inf,0.0,0.0,12h_prior,26.9,28.166392140965986,1.5365609784394882,0.03258258854132856,weather_plus_market_training,0.0010616250760535153,0.033125220555228735
2026-04-28,nan,Will the highest temperature in Hong Kong be 21°C or below on April 28?,lower_tail,-inf,22.0,lower_tail,29.4,,2026-04-28|-inf|22.0,0.0,0.0,24h_prior,25.3,26.731100865219336,1.5735073658915864,0.0013204011828068997,weather_plus_market_training,1.7434592835578598e-06,0.0013212736805645801
2026-04-28,nan,Will the highest temperature in Hong Kong be 22°C on April 28?,interior,22.0,23.0,interior,29.4,,2026-04-28|22.0|23.0,0.0,0.0,24h_prior,25.3,26.731100865219336,1.5735073658915864,0.007544812737976503,weather_plus_market_training,5.69241992511325e-05,0.007573418813421552
2026-04-28,nan,Will the highest temperature in Hong Kong be 23°C on April 28?,interior,23.0,24.0,interior,29.4,,2026-04-28|23.0|24.0,0.0,0.0,24h_prior,25.3,26.731100865219336,1.5735073658915864,0.03244524929041602,weather_plus_market_training,0.0010526942015172413,0.03298326579864013
2026-04-28,nan,Will the highest temperature in Hong Kong be 24°C on April 28?,interior,24.0,25.0,interior,29.4,,2026-04-28|24.0|25.0,0.0,0.0,24h_prior,25.3,26.731100865219336,1.5735073658915864,0.09432199007332186,weather_plus_market_training,0.008896637811391828,0.09907143353971472
2026-04-28,nan,Will the highest temperature in Hong Kong be 25°C on April 28?,interior,25.0,26.0,interior,29.4,,2026-04-28|25.0|26.0,0.0,0.0,24h_prior,25.3,26.731100865219336,1.5735073658915864,0.18546528253974043,weather_plus_market_training,0.034397371027545746,0.2051382275878242
2026-04-28,nan,Will the highest temperature in Hong Kong be 26°C on April 28?,interior,26.0,27.0,interior,29.4,,2026-04-28|26.0|27.0,0.0,0.0,24h_prior,25.3,26.731100865219336,1.5735073658915864,0.24674774916973685,weather_plus_market_training,0.06088445172033137,0.2833551128178595
2026-04-28,nan,Will the highest temperature in Hong Kong be 27°C on April 28?,interior,27.0,28.0,interior,29.4,,2026-04-28|27.0|28.0,0.0,0.0,24h_prior,25.3,26.731100865219336,1.5735073658915864,0.22215256666767158,weather_plus_market_training,0.049351762877034265,0.25122487514934233
2026-04-28,nan,Will the highest temperature in Hong Kong be 28°C on April 28?,interior,28.0,29.0,interior,29.4,,2026-04-28|28.0|29.0,0.0,0.0,24h_prior,25.3,26.731100865219336,1.5735073658915864,0.13534193254471516,weather_plus_market_training,0.018317438704938228,0.14542114794056016
2026-04-28,nan,Will the highest temperature in Hong Kong be 29°C on April 28?,interior,29.0,30.0,interior,29.4,,2026-04-28|29.0|30.0,1.0,1.0,24h_prior,25.3,26.731100865219336,1.5735073658915864,0.05578046940305703,weather_plus_market_training,0.8915505219607113,2.8863314815608154
2026-04-28,nan,Will the highest temperature in Hong Kong be 30°C on April 28?,interior,30.0,31.0,interior,29.4,,2026-04-28|30.0|31.0,0.0,0.0,24h_prior,25.3,26.731100865219336,1.5735073658915864,0.015545522589255678,weather_plus_market_training,0.00024166327257305856,0.01566762127040671
2026-04-28,nan,Will the highest temperature in Hong Kong be 31°C or higher on April 28?,upper_tail,31.0,inf,upper_tail,29.4,,2026-04-28|31.0|inf,0.0,0.0,24h_prior,25.3,26.731100865219336,1.5735073658915864,0.0033340238013019885,weather_plus_market_training,1.1115714707648161e-05,0.003339594042980678
2026-04-28,nan,Will the highest temperature in Hong Kong be 21°C or below on April 28?,lower_tail,-inf,22.0,lower_tail,29.4,,2026-04-28|-inf|22.0,0.0,0.0,6h_prior,26.5,27.807763278557083,1.531141579608724,7.439103039912053e-05,weather_plus_market_training,5.534025403842875e-09,7.439379754901598e-05
2026-04-28,nan,Will the highest temperature in Hong Kong be 22°C on April 28?,interior,22.0,23.0,interior,29.4,,2026-04-28|22.0|23.0,0.0,0.0,6h_prior,26.5,27.807763278557083,1.531141579608724,0.0007703882223239291,weather_plus_market_training,5.934980130954237e-07,0.0007706851238265139
2026-04-28,nan,Will the highest temperature in Hong Kong be 23°C on April 28?,interior,23.0,24.0,interior,29.4,,2026-04-28|23.0|24.0,0.0,0.0,6h_prior,26.5,27.807763278557083,1.531141579608724,0.005598688475214194,weather_plus_market_training,3.1345312642496235e-05,0.005614419875819781
2026-04-28,nan,Will the highest temperature in Hong Kong be 24°C on April 28?,interior,24.0,25.0,interior,29.4,,2026-04-28|24.0|25.0,0.0,0.0,6h_prior,26.5,27.807763278557083,1.531141579608724,0.026900517115534577,weather_plus_market_training,0.0007236378210831688,0.02726895856481129
2026-04-28,nan,Will the highest temperature in Hong Kong be 25°C on April 28?,interior,25.0,26.0,interior,29.4,,2026-04-28|25.0|26.0,0.0,0.0,6h_prior,26.5,27.807763278557083,1.531141579608724,0.08552418936413178,weather_plus_market_training,0.007314386966391872,0.08940426241863365
2026-04-28,nan,Will the highest temperature in Hong Kong be 26°C on April 28?,interior,26.0,27.0,interior,29.4,,2026-04-28|26.0|27.0,0.0,0.0,6h_prior,26.5,27.807763278557083,1.531141579608724,0.18003551556429614,weather_plus_market_training,0.03241278686450192,0.19849425132559118
2026-04-28,nan,Will the highest temperature in Hong Kong be 27°C on April 28?,interior,27.0,28.0,interior,29.4,,2026-04-28|27.0|28.0,0.0,0.0,6h_prior,26.5,27.807763278557083,1.531141579608724,0.25105272845196536,weather_plus_market_training,0.06302747246317626,0.2890866964102494
2026-04-28,nan,Will the highest temperature in Hong Kong be 28°C on April 28?,interior,28.0,29.0,interior,29.4,,2026-04-28|28.0|29.0,0.0,0.0,6h_prior,26.5,27.807763278557083,1.531141579608724,0.23195318824051447,weather_plus_market_training,0.053802281534939544,0.2639045948801819
2026-04-28,nan,Will the highest temperature in Hong Kong be 29°C on April 28?,interior,29.0,30.0,interior,29.4,,2026-04-28|29.0|30.0,1.0,1.0,6h_prior,26.5,27.807763278557083,1.531141579608724,0.14198501809173858,weather_plus_market_training,0.7361897091790341,1.952033733343275
2026-04-28,nan,Will the highest temperature in Hong Kong be 30°C on April 28?,interior,30.0,31.0,interior,29.4,,2026-04-28|30.0|31.0,0.0,0.0,6h_prior,26.5,27.807763278557083,1.531141579608724,0.057564989532713495,weather_plus_market_training,0.0033137280199014144,0.059288316448803044
2026-04-28,nan,Will the highest temperature in Hong Kong be 31°C or higher on April 28?,upper_tail,31.0,inf,upper_tail,29.4,,2026-04-28|31.0|inf,0.0,0.0,6h_prior,26.5,27.807763278557083,1.531141579608724,0.018540385911168356,weather_plus_market_training,0.00034374590973505005,0.018714413245319087
2026-04-28,nan,Will the highest temperature in Hong Kong be 21°C or below on April 28?,lower_tail,-inf,22.0,lower_tail,29.4,,2026-04-28|-inf|22.0,0.0,0.0,event_day_open,26.7,28.14158095854247,1.4310679671460866,8.869244207154677e-06,weather_plus_market_training,7.86634928061468e-11,8.869283539155907e-06
2026-04-28,nan,Will the highest temperature in Hong Kong be 22°C on April 28?,interior,22.0,23.0,interior,29.4,,2026-04-28|22.0|23.0,0.0,0.0,event_day_open,26.7,28.14158095854247,1.4310679671460866,0.000154685059061608,weather_plus_market_training,2.3927467496893158e-08,0.00015469702402920888
2026-04-28,nan,Will the highest temperature in Hong Kong be 23°C on April 28?,interior,23.0,24.0,interior,29.4,,2026-04-28|23.0|24.0,0.0,0.0,event_day_open,26.7,28.14158095854247,1.4310679671460866,0.0017379891500739094,weather_plus_market_training,3.02060628577463e-06,0.0017395012054280115
2026-04-28,nan,Will the highest temperature in Hong Kong be 24°C on April 28?,interior,24.0,25.0,interior,29.4,,2026-04-28|24.0|25.0,0.0,0.0,event_day_open,26.7,28.14158095854247,1.4310679671460866,0.012170564750421104,weather_plus_market_training,0.0001481226463441927,0.012245232524711474
2026-04-28,nan,Will the highest temperature in Hong Kong be 25°C on April 28?,interior,25.0,26.0,interior,29.4,,2026-04-28|25.0|26.0,0.0,0.0,event_day_open,26.7,28.14158095854247,1.4310679671460866,0.05319071065132167,weather_plus_market_training,0.002829251699592625,0.0546575900800476
2026-04-28,nan,Will the highest temperature in Hong Kong be 26°C on April 28?,interior,26.0,27.0,interior,29.4,,2026-04-28|26.0|27.0,0.0,0.0,event_day_open,26.7,28.14158095854247,1.4310679671460866,0.14525582430108547,weather_plus_market_training,0.02109925449338781,0.1569530645264048
2026-04-28,nan,Will the highest temperature in Hong Kong be 27°C on April 28?,interior,27.0,28.0,interior,29.4,,2026-04-28|27.0|28.0,0.0,0.0,event_day_open,26.7,28.14158095854247,1.4310679671460866,0.24807678215079132,weather_plus_market_training,0.061542089842291176,0.2851210641691823
2026-04-28,nan,Will the highest temperature in Hong Kong be 28°C on April 28?,interior,28.0,29.0,interior,29.4,,2026-04-28|28.0|29.0,0.0,0.0,event_day_open,26.7,28.14158095854247,1.4310679671460866,0.2650998225903249,weather_plus_market_training,0.07027791593742173,0.3080206020407886
2026-04-28,nan,Will the highest temperature in Hong Kong be 29°C on April 28?,interior,29.0,30.0,interior,29.4,,2026-04-28|29.0|30.0,1.0,1.0,event_day_open,26.7,28.14158095854247,1.4310679671460866,0.17726823342977482,weather_plus_market_training,0.6768875597237635,1.7300912504273502
2026-04-28,nan,Will the highest temperature in Hong Kong be 30°C on April 28?,interior,30.0,31.0,interior,29.4,,2026-04-28|30.0|31.0,0.0,0.0,event_day_open,26.7,28.14158095854247,1.4310679671460866,0.07414579205128624,weather_plus_market_training,0.005497598478912582,0.07703849955134305
2026-04-28,nan,Will the highest temperature in Hong Kong be 31°C or higher on April 28?,upper_tail,31.0,inf,upper_tail,29.4,,2026-04-28|31.0|inf,0.0,0.0,event_day_open,26.7,28.14158095854247,1.4310679671460866,0.022890726621651813,weather_plus_market_training,0.000523985365267199,0.02315678736113751
2026-04-29,nan,Will the highest temperature in Hong Kong be 19°C or below on April 29?,lower_tail,-inf,20.0,lower_tail,28.4,,2026-04-29|-inf|20.0,0.0,0.0,12h_prior,24.9,26.33721047826426,1.5286863621316855,1.6951657649097117e-05,weather_plus_market_training,2.873586970521928e-10,1.6951801330116917e-05
2026-04-29,nan,Will the highest temperature in Hong Kong be 20°C on April 29?,interior,20.0,21.0,interior,28.4,,2026-04-29|20.0|21.0,0.0,0.0,12h_prior,24.9,26.33721047826426,1.5286863621316855,0.00022332301657543925,weather_plus_market_training,4.9873169732353914e-08,0.00022334795687355775
2026-04-29,nan,Will the highest temperature in Hong Kong be 21°C on April 29?,interior,21.0,22.0,interior,28.4,,2026-04-29|21.0|22.0,0.0,0.0,12h_prior,24.9,26.33721047826426,1.5286863621316855,0.0020351796256287834,weather_plus_market_training,4.141956108574515e-06,0.0020372534178539512
2026-04-29,nan,Will the highest temperature in Hong Kong be 22°C on April 29?,interior,22.0,23.0,interior,28.4,,2026-04-29|22.0|23.0,0.0,0.0,12h_prior,24.9,26.33721047826426,1.5286863621316855,0.012240327596955647,weather_plus_market_training,0.000149825619680794,0.012315857379134135
2026-04-29,nan,Will the highest temperature in Hong Kong be 23°C on April 29?,interior,23.0,24.0,interior,28.4,,2026-04-29|23.0|24.0,0.0,0.0,12h_prior,24.9,26.33721047826426,1.5286863621316855,0.048628682214971866,weather_plus_market_training,0.002364748733964721,0.049850842815916556
2026-04-29,nan,Will the highest temperature in Hong Kong be 24°C on April 29?,interior,24.0,25.0,interior,28.4,,2026-04-29|24.0|25.0,0.0,0.0,12h_prior,24.9,26.33721047826426,1.5286863621316855,0.12771191920338276,weather_plus_market_training,0.016310334306611367,0.1366355417465824
2026-04-29,nan,Will the highest temperature in Hong Kong be 25°C on April 29?,interior,25.0,26.0,interior,28.4,,2026-04-29|25.0|26.0,0.0,0.0,12h_prior,24.9,26.33721047826426,1.5286863621316855,0.22185008382461052,weather_plus_market_training,0.049217459692986715,0.2508360790540699
2026-04-29,nan,Will the highest temperature in Hong Kong be 26°C on April 29?,interior,26.0,27.0,interior,28.4,,2026-04-29|26.0|27.0,0.0,0.0,12h_prior,24.9,26.33721047826426,1.5286863621316855,0.25499245249300906,weather_plus_market_training,0.06502115082839949,0.29436092977202755
2026-04-29,nan,Will the highest temperature in Hong Kong be 27°C on April 29?,interior,27.0,28.0,interior,28.4,,2026-04-29|27.0|28.0,0.0,0.0,12h_prior,24.9,26.33721047826426,1.5286863621316855,0.19394269350624582,weather_plus_market_training,0.03761376836445761,0.21560043913480323
2026-04-29,nan,Will the highest temperature in Hong Kong be 28°C on April 29?,interior,28.0,29.0,interior,28.4,,2026-04-29|28.0|29.0,1.0,1.0,12h_prior,24.9,26.33721047826426,1.5286863621316855,0.09759374036085888,weather_plus_market_training,0.814337057435905,2.3269419232668063
2026-04-29,nan,Will the highest temperature in Hong Kong be 29°C or higher on April 29?,upper_tail,29.0,inf,upper_tail,28.4,,2026-04-29|29.0|inf,0.0,0.0,12h_prior,24.9,26.33721047826426,1.5286863621316855,0.040764646500112134,weather_plus_market_training,0.0016617564042791045,0.04161881867126479
2026-04-29,nan,Will the highest temperature in Hong Kong be 19°C or below on April 29?,lower_tail,-inf,20.0,lower_tail,28.4,,2026-04-29|-inf|20.0,0.0,0.0,24h_prior,25.9,27.326913028865047,1.573779796273126,1.6150742213175888e-06,weather_plus_market_training,2.608464740364616e-12,1.61507552559542e-06
2026-04-29,nan,Will the highest temperature in Hong Kong be 20°C on April 29?,interior,20.0,21.0,interior,28.4,,2026-04-29|20.0|21.0,0.0,0.0,24h_prior,25.9,27.326913028865047,1.573779796273126,2.745902935112531e-05,weather_plus_market_training,7.539982929059612e-10,2.7459406357132523e-05
2026-04-29,nan,Will the highest temperature in Hong Kong be 21°C on April 29?,interior,21.0,22.0,interior,28.4,,2026-04-29|21.0|22.0,0.0,0.0,24h_prior,25.9,27.326913028865047,1.573779796273126,0.0003270904373766365,weather_plus_market_training,1.0698815422323938e-07,0.0003271439431215728
2026-04-29,nan,Will the highest temperature in Hong Kong be 22°C on April 29?,interior,22.0,23.0,interior,28.4,,2026-04-29|22.0|23.0,0.0,0.0,24h_prior,25.9,27.326913028865047,1.573779796273126,0.002629274314922975,weather_plus_market_training,6.913083423113679e-06,0.0026327369274049754
2026-04-29,nan,Will the highest temperature in Hong Kong be 23°C on April 29?,interior,23.0,24.0,interior,28.4,,2026-04-29|23.0|24.0,0.0,0.0,24h_prior,25.9,27.326913028865047,1.573779796273126,0.014273754075445514,weather_plus_market_training,0.0002037400554062974,0.014376603979061006
2026-04-29,nan,Will the highest temperature in Hong Kong be 24°C on April 29?,interior,24.0,25.0,interior,28.4,,2026-04-29|24.0|25.0,0.0,0.0,24h_prior,25.9,27.326913028865047,1.573779796273126,0.052371041865144935,weather_plus_market_training,0.0027427260260407633,0.05379224771440016
2026-04-29,nan,Will the highest temperature in Hong Kong be 25°C on April 29?,interior,25.0,26.0,interior,28.4,,2026-04-29|25.0|26.0,0.0,0.0,24h_prior,25.9,27.326913028865047,1.573779796273126,0.1299454920067319,weather_plus_market_training,0.01688583089287162,0.13919941643029105
2026-04-29,nan,Will the highest temperature in Hong Kong be 26°C on April 29?,interior,26.0,27.0,interior,28.4,,2026-04-29|26.0|27.0,0.0,0.0,24h_prior,25.9,27.326913028865047,1.573779796273126,0.21814621542844886,weather_plus_market_training,0.04758777130575522,0.24608753217027776
2026-04-29,nan,Will the highest temperature in Hong Kong be 27°C on April 29?,interior,27.0,28.0,interior,28.4,,2026-04-29|27.0|28.0,0.0,0.0,24h_prior,25.9,27.326913028865047,1.573779796273126,0.24783896891445234,weather_plus_market_training,0.06142415451257887,0.2848048408745243
2026-04-29,nan,Will the highest temperature in Hong Kong be 28°C on April 29?,interior,28.0,29.0,interior,28.4,,2026-04-29|28.0|29.0,1.0,1.0,24h_prior,25.9,27.326913028865047,1.573779796273126,0.19057102716397045,weather_plus_market_training,0.6551752620663899,1.6577303079000867
2026-04-29,nan,Will the highest temperature in Hong Kong be 29°C or higher on April 29?,upper_tail,29.0,inf,upper_tail,28.4,,2026-04-29|29.0|inf,0.0,0.0,24h_prior,25.9,27.326913028865047,1.573779796273126,0.14386806168993393,weather_plus_market_training,0.020698019174418637,0.15533078117795174
2026-04-29,nan,Will the highest temperature in Hong Kong be 19°C or below on April 29?,lower_tail,-inf,20.0,lower_tail,28.4,,2026-04-29|-inf|20.0,0.0,0.0,6h_prior,27.1,28.387307980858584,1.5354303429516247,2.3472076839151466e-08,weather_plus_market_training,5.509383911430307e-16,2.347207711319643e-08
2026-04-29,nan,Will the highest temperature in Hong Kong be 20°C on April 29?,interior,20.0,21.0,interior,28.4,,2026-04-29|20.0|21.0,0.0,0.0,6h_prior,27.1,28.387307980858584,1.5354303429516247,7.265506383472358e-07,weather_plus_market_training,5.278758300827758e-13,7.265509022572106e-07
2026-04-29,nan,Will the highest temperature in Hong Kong be 21°C on April 29?,interior,21.0,22.0,interior,28.4,,2026-04-29|21.0|22.0,0.0,0.0,6h_prior,27.1,28.387307980858584,1.5354303429516247,1.5166089323945662e-05,weather_plus_market_training,2.300102653818986e-10,1.5166204330243518e-05
2026-04-29,nan,Will the highest temperature in Hong Kong be 22°C on April 29?,interior,22.0,23.0,interior,28.4,,2026-04-29|22.0|23.0,0.0,0.0,6h_prior,27.1,28.387307980858584,1.5354303429516247,0.0002092662802735584,weather_plus_market_training,4.37923760595315e-08,0.00020928817951677752
2026-04-29,nan,Will the highest temperature in Hong Kong be 23°C on April 29?,interior,23.0,24.0,interior,28.4,,2026-04-29|23.0|24.0,0.0,0.0,6h_prior,27.1,28.387307980858584,1.5354303429516247,0.0019105880644861538,weather_plus_market_training,3.6503467521569474e-06,0.0019124155659682666
2026-04-29,nan,Will the highest temperature in Hong Kong be 24°C on April 29?,interior,24.0,25.0,interior,28.4,,2026-04-29|24.0|25.0,0.0,0.0,6h_prior,27.1,28.387307980858584,1.5354303429516247,0.011552840575675124,weather_plus_market_training,0.00013346812536696554,0.011620093112011861
2026-04-29,nan,Will the highest temperature in Hong Kong be 25°C on April 29?,interior,25.0,26.0,interior,28.4,,2026-04-29|25.0|26.0,0.0,0.0,6h_prior,27.1,28.387307980858584,1.5354303429516247,0.046306623415029155,weather_plus_market_training,0.0021443033721013265,0.047413067388388005
2026-04-29,nan,Will the highest temperature in Hong Kong be 26°C on April 29?,interior,26.0,27.0,interior,28.4,,2026-04-29|26.0|27.0,0.0,0.0,6h_prior,27.1,28.387307980858584,1.5354303429516247,0.12312699820043907,weather_plus_market_training,0.015160257685850926,0.13139310690256437
2026-04-29,nan,Will the highest temperature in Hong Kong be 27°C on April 29?,interior,27.0,28.0,interior,28.4,,2026-04-29|27.0|28.0,0.0,0.0,6h_prior,27.1,28.387307980858584,1.5354303429516247,0.21730277186909774,weather_plus_market_training,0.047220494661993136,0.24500933959718585
2026-04-29,nan,Will the highest temperature in Hong Kong be 28°C on April 29?,interior,28.0,29.0,interior,28.4,,2026-04-29|28.0|29.0,1.0,1.0,6h_prior,27.1,28.387307980858584,1.5354303429516247,0.2546416651103816,weather_plus_market_training,0.5555590473894246,1.3678979569534084
2026-04-29,nan,Will the highest temperature in Hong Kong be 29°C or higher on April 29?,upper_tail,29.0,inf,upper_tail,28.4,,2026-04-29|29.0|inf,0.0,0.0,6h_prior,27.1,28.387307980858584,1.5354303429516247,0.34493333037257845,weather_plus_market_training,0.11897900240191835,0.42301826283597715
2026-04-29,nan,Will the highest temperature in Hong Kong be 19°C or below on April 29?,lower_tail,-inf,20.0,lower_tail,28.4,,2026-04-29|-inf|20.0,0.0,0.0,event_day_open,25.7,27.178972474871507,1.4278497266140204,2.480426386213024e-07,weather_plus_market_training,6.152515057421802e-14,2.4804266941343867e-07
2026-04-29,nan,Will the highest temperature in Hong Kong be 20°C on April 29?,interior,20.0,21.0,interior,28.4,,2026-04-29|20.0|21.0,0.0,0.0,event_day_open,25.7,27.178972474871507,1.4278497266140204,7.293656469085342e-06,weather_plus_market_training,5.319742468903045e-11,7.293683067962293e-06
2026-04-29,nan,Will the highest temperature in Hong Kong be 21°C on April 29?,interior,21.0,22.0,interior,28.4,,2026-04-29|21.0|22.0,0.0,0.0,event_day_open,25.7,27.178972474871507,1.4278497266140204,0.00013576217743822085,weather_plus_market_training,1.8431368822766962e-08,0.0001357713939568606
2026-04-29,nan,Will the highest temperature in Hong Kong be 22°C on April 29?,interior,22.0,23.0,interior,28.4,,2026-04-29|22.0|23.0,0.0,0.0,event_day_open,25.7,27.178972474871507,1.4278497266140204,0.001569265346137003,weather_plus_market_training,2.462593726586488e-06,0.0015704979326726176
2026-04-29,nan,Will the highest temperature in Hong Kong be 23°C on April 29?,interior,23.0,24.0,interior,28.4,,2026-04-29|23.0|24.0,0.0,0.0,event_day_open,25.7,27.178972474871507,1.4278497266140204,0.011280947212143155,weather_plus_market_training,0.00012725977000316042,0.011345059719708795
2026-04-29,nan,Will the highest temperature in Hong Kong be 24°C on April 29?,interior,24.0,25.0,interior,28.4,,2026-04-29|24.0|25.0,0.0,0.0,event_day_open,25.7,27.178972474871507,1.4278497266140204,0.050504980724546164,weather_plus_market_training,0.0025507530779867796,0.05182499437235539
2026-04-29,nan,Will the highest temperature in Hong Kong be 25°C on April 29?,interior,25.0,26.0,interior,28.4,,2026-04-29|25.0|26.0,0.0,0.0,event_day_open,25.7,27.178972474871507,1.4278497266140204,0.14098925387991892,weather_plus_market_training,0.019877969709616233,0.15197384704111278
2026-04-29,nan,Will the highest temperature in Hong Kong be 26°C on April 29?,interior,26.0,27.0,interior,28.4,,2026-04-29|26.0|27.0,0.0,0.0,event_day_open,25.7,27.178972474871507,1.4278497266140204,0.24563783706900943,weather_plus_market_training,0.060337946999941224,0.28188270410231625
2026-04-29,nan,Will the highest temperature in Hong Kong be 27°C on April 29?,interior,27.0,28.0,interior,28.4,,2026-04-29|27.0|28.0,0.0,0.0,event_day_open,25.7,27.178972474871507,1.4278497266140204,0.2672320629515986,weather_plus_market_training,0.07141297546936717,0.3109262206072885
2026-04-29,nan,Will the highest temperature in Hong Kong be 28°C on April 29?,interior,28.0,29.0,interior,28.4,,2026-04-29|28.0|29.0,1.0,1.0,event_day_open,25.7,27.178972474871507,1.4278497266140204,0.1815520556065885,weather_plus_market_training,0.6698570376818008,1.706212858648913
2026-04-29,nan,Will the highest temperature in Hong Kong be 29°C or higher on April 29?,upper_tail,29.0,inf,upper_tail,28.4,,2026-04-29|29.0|inf,0.0,0.0,event_day_open,25.7,27.178972474871507,1.4278497266140204,0.10109029333351227,weather_plus_market_training,0.010219247406255556,0.10657268707807552
2026-04-30,nan,Will the highest temperature in Hong Kong be 15°C or below on April 30?,lower_tail,-inf,16.0,lower_tail,26.7,,2026-04-30|-inf|16.0,0.0,0.0,12h_prior,24.4,25.90303537342521,1.5285971315572238,4.6315679830912795e-11,weather_plus_market_training,2.145142198199622e-21,4.6315729030872543e-11
2026-04-30,nan,Will the highest temperature in Hong Kong be 16°C on April 30?,interior,16.0,17.0,interior,26.7,,2026-04-30|16.0|17.0,0.0,0.0,12h_prior,24.4,25.90303537342521,1.5285971315572238,2.821003615640289e-09,weather_plus_market_training,7.958061399455583e-18,2.821003656876533e-09
2026-04-30,nan,Will the highest temperature in Hong Kong be 17°C on April 30?,interior,17.0,18.0,interior,26.7,,2026-04-30|17.0|18.0,0.0,0.0,12h_prior,24.4,25.90303537342521,1.5285971315572238,1.1410258789080155e-07,weather_plus_market_training,1.3019400563378092e-14,1.1410259444335181e-07
2026-04-30,nan,Will the highest temperature in Hong Kong be 18°C on April 30?,interior,18.0,19.0,interior,26.7,,2026-04-30|18.0|19.0,0.0,0.0,12h_prior,24.4,25.90303537342521,1.5285971315572238,3.0350265617188297e-06,weather_plus_market_training,9.211386230338822e-12,3.0350311674398094e-06
2026-04-30,nan,Will the highest temperature in Hong Kong be 19°C on April 30?,interior,19.0,20.0,interior,26.7,,2026-04-30|19.0|20.0,0.0,0.0,12h_prior,24.4,25.90303537342521,1.5285971315572238,5.314057905845879e-05,weather_plus_market_training,2.8239211426683093e-09,5.314199106906984e-05
2026-04-30,nan,Will the highest temperature in Hong Kong be 20°C on April 30?,interior,20.0,21.0,interior,26.7,,2026-04-30|20.0|21.0,0.0,0.0,12h_prior,24.4,25.90303537342521,1.5285971315572238,0.0006130862626029142,weather_plus_market_training,3.758747653924095e-07,0.00061327427683551
2026-04-30,nan,Will the highest temperature in Hong Kong be 21°C on April 30?,interior,21.0,22.0,interior,26.7,,2026-04-30|21.0|22.0,0.0,0.0,12h_prior,24.4,25.90303537342521,1.5285971315572238,0.004665313625060296,weather_plus_market_training,2.176515122017324e-05,0.004676230166630074
2026-04-30,nan,Will the highest temperature in Hong Kong be 22°C on April 30?,interior,22.0,23.0,interior,26.7,,2026-04-30|22.0|23.0,0.0,0.0,12h_prior,24.4,25.90303537342521,1.5285971315572238,0.023437680216409438,weather_plus_market_training,0.0005493248539266704,0.02371671115893636
2026-04-30,nan,Will the highest temperature in Hong Kong be 23°C on April 30?,interior,23.0,24.0,interior,26.7,,2026-04-30|23.0|24.0,0.0,0.0,12h_prior,24.4,25.90303537342521,1.5285971315572238,0.07780168534788476,weather_plus_market_training,0.006053102242971266,0.08099498674089688
2026-04-30,nan,Will the highest temperature in Hong Kong be 24°C on April 30?,interior,24.0,25.0,interior,26.7,,2026-04-30|24.0|25.0,0.0,0.0,12h_prior,24.4,25.90303537342521,1.5285971315572238,0.17076626986157567,weather_plus_market_training,0.029161118922436488,0.18725322131920188
2026-04-30,nan,Will the highest temperature in Hong Kong be 25°C or higher on April 30?,upper_tail,25.0,inf,upper_tail,26.7,,2026-04-30|25.0|inf,1.0,1.0,12h_prior,24.4,25.90303537342521,1.5285971315572238,0.7226596721109395,weather_plus_market_training,0.07691765747361158,0.32481688395082553
2026-04-30,nan,Will the highest temperature in Hong Kong be 15°C or below on April 30?,lower_tail,-inf,16.0,lower_tail,26.7,,2026-04-30|-inf|16.0,0.0,0.0,24h_prior,24.5,25.95332827076906,1.5735185484105645,1.2618789396972557e-10,weather_plus_market_training,1.5923384584514703e-20,1.2618794898685698e-10
2026-04-30,nan,Will the highest temperature in Hong Kong be 16°C on April 30?,interior,16.0,17.0,interior,26.7,,2026-04-30|16.0|17.0,0.0,0.0,24h_prior,24.5,25.95332827076906,1.5735185484105645,6.22559795307606e-09,weather_plus_market_training,3.8758069873344834e-17,6.2255979454473955e-09
2026-04-30,nan,Will the highest temperature in Hong Kong be 17°C on April 30?,interior,17.0,18.0,interior,26.7,,2026-04-30|17.0|18.0,0.0,0.0,24h_prior,24.5,25.95332827076906,1.5735185484105645,2.0942334727594785e-07,weather_plus_market_training,4.385813838426225e-14,2.0942336925950082e-07
2026-04-30,nan,Will the highest temperature in Hong Kong be 18°C on April 30?,interior,18.0,19.0,interior,26.7,,2026-04-30|18.0|19.0,0.0,0.0,24h_prior,24.5,25.95332827076906,1.5735185484105645,4.742889003629676e-06,weather_plus_market_training,2.24949961007513e-11,4.742900251184111e-06
2026-04-30,nan,Will the highest temperature in Hong Kong be 19°C on April 30?,interior,19.0,20.0,interior,26.7,,2026-04-30|19.0|20.0,0.0,0.0,24h_prior,24.5,25.95332827076906,1.5735185484105645,7.237613447736029e-05,weather_plus_market_training,5.238304841884941e-09,7.23787537562182e-05
2026-04-30,nan,Will the highest temperature in Hong Kong be 20°C on April 30?,interior,20.0,21.0,interior,26.7,,2026-04-30|20.0|21.0,0.0,0.0,24h_prior,24.5,25.95332827076906,1.5735185484105645,0.0007448169012005975,weather_plus_market_training,5.547522163140606e-07,0.0007450944151154005
2026-04-30,nan,Will the highest temperature in Hong Kong be 21°C on April 30?,interior,21.0,22.0,interior,26.7,,2026-04-30|21.0|22.0,0.0,0.0,24h_prior,24.5,25.95332827076906,1.5735185484105645,0.005173283653599725,weather_plus_market_training,2.6762863760602125e-05,0.005186711415915544
2026-04-30,nan,Will the highest temperature in Hong Kong be 22°C on April 30?,interior,22.0,23.0,interior,26.7,,2026-04-30|22.0|23.0,0.0,0.0,24h_prior,24.5,25.95332827076906,1.5735185484105645,0.02427084374124376,weather_plus_market_training,0.0005890738559118714,0.024570234913599727
2026-04-30,nan,Will the highest temperature in Hong Kong be 23°C on April 30?,interior,23.0,24.0,interior,26.7,,2026-04-30|23.0|24.0,0.0,0.0,24h_prior,24.5,25.95332827076906,1.5735185484105645,0.07696714852017131,weather_plus_market_training,0.0059239419513261084,0.08009045304351402
2026-04-30,nan,Will the highest temperature in Hong Kong be 24°C on April 30?,interior,24.0,25.0,interior,26.7,,2026-04-30|24.0|25.0,0.0,0.0,24h_prior,24.5,25.95332827076906,1.5735185484105645,0.16507120985644458,weather_plus_market_training,0.027248504323470365,0.1804088390331386
2026-04-30,nan,Will the highest temperature in Hong Kong be 25°C or higher on April 30?,upper_tail,25.0,inf,upper_tail,26.7,,2026-04-30|25.0|inf,1.0,1.0,24h_prior,24.5,25.95332827076906,1.5735185484105645,0.7276953625287259,weather_plus_market_training,0.074149815588362,0.31787277642839673
2026-04-30,nan,Will the highest temperature in Hong Kong be 15°C or below on April 30?,lower_tail,-inf,16.0,lower_tail,26.7,,2026-04-30|-inf|16.0,0.0,0.0,6h_prior,25.2,26.64557022674563,1.5282327445917965,1.6311467585256073e-12,weather_plus_market_training,2.660639747848596e-24,1.6311396677806102e-12
2026-04-30,nan,Will the highest temperature in Hong Kong be 16°C on April 30?,interior,16.0,17.0,interior,26.7,,2026-04-30|16.0|17.0,0.0,0.0,6h_prior,25.2,26.64557022674563,1.5282327445917965,1.36465245085141e-10,weather_plus_market_training,1.8622763116147602e-20,1.3646528352716176e-10
2026-04-30,nan,Will the highest temperature in Hong Kong be 17°C on April 30?,interior,17.0,18.0,interior,26.7,,2026-04-30|17.0|18.0,0.0,0.0,6h_prior,25.2,26.64557022674563,1.5282327445917965,7.553502409128795e-09,weather_plus_market_training,5.70553986447145e-17,7.55350240765947e-09
2026-04-30,nan,Will the highest temperature in Hong Kong be 18°C on April 30?,interior,18.0,19.0,interior,26.7,,2026-04-30|18.0|19.0,0.0,0.0,6h_prior,25.2,26.64557022674563,1.5282327445917965,2.7470392779190253e-07,weather_plus_market_training,7.54622479442988e-14,2.7470396555837765e-07
2026-04-30,nan,Will the highest temperature in Hong Kong be 19°C on April 30?,interior,19.0,20.0,interior,26.7,,2026-04-30|19.0|20.0,0.0,0.0,6h_prior,25.2,26.64557022674563,1.5282327445917965,6.570170434607953e-06,weather_plus_market_training,4.316713953979646e-11,6.570192018258711e-06
2026-04-30,nan,Will the highest temperature in Hong Kong be 20°C on April 30?,interior,20.0,21.0,interior,26.7,,2026-04-30|20.0|21.0,0.0,0.0,6h_prior,25.2,26.64557022674563,1.5282327445917965,0.00010344522329579659,weather_plus_market_training,1.0700914222717217e-08,0.0001034505741218767
2026-04-30,nan,Will the highest temperature in Hong Kong be 21°C on April 30?,interior,21.0,22.0,interior,26.7,,2026-04-30|21.0|22.0,0.0,0.0,6h_prior,25.2,26.64557022674563,1.5282327445917965,0.0010732544265696414,weather_plus_market_training,1.1518750641513297e-06,0.0010738307765187605
2026-04-30,nan,Will the highest temperature in Hong Kong be 22°C on April 30?,interior,22.0,23.0,interior,26.7,,2026-04-30|22.0|23.0,0.0,0.0,6h_prior,25.2,26.64557022674563,1.5282327445917965,0.007344848729075242,weather_plus_market_training,5.39468028529982e-05,0.007371954939403014
2026-04-30,nan,Will the highest temperature in Hong Kong be 23°C on April 30?,interior,23.0,24.0,interior,26.7,,2026-04-30|23.0|24.0,0.0,0.0,6h_prior,25.2,26.64557022674563,1.5282327445917965,0.03318585001591649,weather_plus_market_training,0.0011013006412789047,0.03374899436408785
2026-04-30,nan,Will the highest temperature in Hong Kong be 24°C on April 30?,interior,24.0,25.0,interior,26.7,,2026-04-30|24.0|25.0,0.0,0.0,6h_prior,25.2,26.64557022674563,1.5282327445917965,0.09907506355093859,weather_plus_market_training,0.00981586821762252,0.10433333622167497
2026-04-30,nan,Will the highest temperature in Hong Kong be 25°C or higher on April 30?,upper_tail,25.0,inf,upper_tail,26.7,,2026-04-30|25.0|inf,1.0,1.0,6h_prior,25.2,26.64557022674563,1.5282327445917965,0.8592106854882431,weather_plus_market_training,0.019821631080690405,0.15174111874965238
2026-04-30,nan,Will the highest temperature in Hong Kong be 15°C or below on April 30?,lower_tail,-inf,16.0,lower_tail,26.7,,2026-04-30|-inf|16.0,0.0,0.0,event_day_open,24.9,26.422232998152825,1.426121725235488,1.3547814040529661e-13,weather_plus_market_training,1.8354326527677264e-26,9.999778782803785e-13
2026-04-30,nan,Will the highest temperature in Hong Kong be 16°C on April 30?,interior,16.0,17.0,interior,26.7,,2026-04-30|16.0|17.0,0.0,0.0,event_day_open,24.9,26.422232998152825,1.426121725235488,1.9488056081922214e-11,weather_plus_market_training,3.797843298521454e-22,1.9488077818342653e-11
2026-04-30,nan,Will the highest temperature in Hong Kong be 17°C on April 30?,interior,17.0,18.0,interior,26.7,,2026-04-30|17.0|18.0,0.0,0.0,event_day_open,24.9,26.422232998152825,1.426121725235488,1.736244004287047e-09,weather_plus_market_training,3.014543242422719e-18,1.7362440389386055e-09
2026-04-30,nan,Will the highest temperature in Hong Kong be 18°C on April 30?,interior,18.0,19.0,interior,26.7,,2026-04-30|18.0|19.0,0.0,0.0,event_day_open,24.9,26.422232998152825,1.426121725235488,9.55103788875317e-08,weather_plus_market_training,9.122232475239862e-15,9.551038350018419e-08
2026-04-30,nan,Will the highest temperature in Hong Kong be 19°C on April 30?,interior,19.0,20.0,interior,26.7,,2026-04-30|19.0|20.0,0.0,0.0,event_day_open,24.9,26.422232998152825,1.426121725235488,3.248281875850266e-06,weather_plus_market_training,1.0551335144977322e-11,3.2482871514907175e-06
2026-04-30,nan,Will the highest temperature in Hong Kong be 20°C on April 30?,interior,20.0,21.0,interior,26.7,,2026-04-30|20.0|21.0,0.0,0.0,event_day_open,24.9,26.422232998152825,1.426121725235488,6.839680561787459e-05,weather_plus_market_training,4.678123018729321e-09,6.839914478604738e-05
2026-04-30,nan,Will the highest temperature in Hong Kong be 21°C on April 30?,interior,21.0,22.0,interior,26.7,,2026-04-30|21.0|22.0,0.0,0.0,event_day_open,24.9,26.422232998152825,1.426121725235488,0.0008929884625944826,weather_plus_market_training,7.974283943268577e-07,0.0008933874143154816
2026-04-30,nan,Will the highest temperature in Hong Kong be 22°C on April 30?,interior,22.0,23.0,interior,26.7,,2026-04-30|22.0|23.0,0.0,0.0,event_day_open,24.9,26.422232998152825,1.426121725235488,0.007240017853011046,weather_plus_market_training,5.241785851191868e-05,0.007266353975254909
2026-04-30,nan,Will the highest temperature in Hong Kong be 23°C on April 30?,interior,23.0,24.0,interior,26.7,,2026-04-30|23.0|24.0,0.0,0.0,event_day_open,24.9,26.422232998152825,1.426121725235488,0.03650426538663379,weather_plus_market_training,0.0013325613914177898,0.03718721810859315
2026-04-30,nan,Will the highest temperature in Hong Kong be 24°C on April 30?,interior,24.0,25.0,interior,26.7,,2026-04-30|24.0|25.0,0.0,0.0,event_day_open,24.9,26.422232998152825,1.426121725235488,0.11460694154387921,weather_plus_market_training,0.013134751050042146,0.12172359872372844
2026-04-30,nan,Will the highest temperature in Hong Kong be 25°C or higher on April 30?,upper_tail,25.0,inf,upper_tail,26.7,,2026-04-30|25.0|inf,1.0,1.0,event_day_open,24.9,26.422232998152825,1.426121725235488,0.8406840444001413,weather_plus_market_training,0.02538157370869614,0.17353937996693658
2026-05-01,nan,Will the highest temperature in Hong Kong be 19°C or below on May 1?,lower_tail,-inf,20.0,lower_tail,26.9,,2026-05-01|-inf|20.0,0.0,0.0,12h_prior,24.3,25.821023804184065,1.530042832907403,7.104998673389213e-05,weather_plus_market_training,5.048100614886248e-09,7.105251090377614e-05
2026-05-01,nan,Will the highest temperature in Hong Kong be 20°C on May 1?,interior,20.0,21.0,interior,26.9,,2026-05-01|20.0|21.0,0.0,0.0,12h_prior,24.3,25.821023804184065,1.530042832907403,0.0007427694902191933,weather_plus_market_training,5.517065156004803e-07,0.0007430454801500935
2026-05-01,nan,Will the highest temperature in Hong Kong be 21°C on May 1?,interior,21.0,22.0,interior,26.9,,2026-05-01|21.0|22.0,0.0,0.0,12h_prior,24.3,25.821023804184065,1.530042832907403,0.005442780569623486,weather_plus_market_training,2.9623860329070958e-05,0.0054576464655313565
2026-05-01,nan,Will the highest temperature in Hong Kong be 22°C on May 1?,interior,22.0,23.0,interior,26.9,,2026-05-01|22.0|23.0,0.0,0.0,12h_prior,24.3,25.821023804184065,1.530042832907403,0.026352841930186784,weather_plus_market_training,0.0006944722777974106,0.026706301680474304
2026-05-01,nan,Will the highest temperature in Hong Kong be 23°C on May 1?,interior,23.0,24.0,interior,26.9,,2026-05-01|23.0|24.0,0.0,0.0,12h_prior,24.3,25.821023804184065,1.530042832907403,0.08437871477014292,weather_plus_market_training,0.0071197675062611345,0.08815244387178042
2026-05-01,nan,Will the highest temperature in Hong Kong be 24°C on May 1?,interior,24.0,25.0,interior,26.9,,2026-05-01|24.0|25.0,0.0,0.0,12h_prior,24.3,25.821023804184065,1.530042832907403,0.17878317861330378,weather_plus_market_training,0.03196342495507648,0.19696811013738943
2026-05-01,nan,Will the highest temperature in Hong Kong be 25°C on May 1?,interior,25.0,26.0,interior,26.9,,2026-05-01|25.0|26.0,0.0,0.0,12h_prior,24.3,25.821023804184065,1.530042832907403,0.25078858615808475,weather_plus_market_training,0.0628949149471711,0.2887340738220102
2026-05-01,nan,Will the highest temperature in Hong Kong be 26°C on May 1?,interior,26.0,27.0,interior,26.9,,2026-05-01|26.0|27.0,1.0,1.0,12h_prior,24.3,25.821023804184065,1.530042832907403,0.23295355235001547,weather_plus_market_training,0.5883602528524604,1.4569161914257913
2026-05-01,nan,Will the highest temperature in Hong Kong be 27°C on May 1?,interior,27.0,28.0,interior,26.9,,2026-05-01|27.0|28.0,0.0,0.0,12h_prior,24.3,25.821023804184065,1.530042832907403,0.14328175405419585,weather_plus_market_training,0.020529661044847068,0.15464618229822916
2026-05-01,nan,Will the highest temperature in Hong Kong be 28°C on May 1?,interior,28.0,29.0,interior,26.9,,2026-05-01|28.0|29.0,0.0,0.0,12h_prior,24.3,25.821023804184065,1.530042832907403,0.058336459332046675,weather_plus_market_training,0.0034031424873995357,0.060107243719866796
2026-05-01,nan,Will the highest temperature in Hong Kong be 29°C or higher on May 1?,upper_tail,29.0,inf,upper_tail,26.9,,2026-05-01|29.0|inf,0.0,0.0,12h_prior,24.3,25.821023804184065,1.530042832907403,0.018868312745447202,weather_plus_market_training,0.00035601322586000536,0.01904859065363241
2026-05-01,nan,Will the highest temperature in Hong Kong be 19°C or below on May 1?,lower_tail,-inf,20.0,lower_tail,26.9,,2026-05-01|-inf|20.0,0.0,0.0,24h_prior,23.4,24.888165867022508,1.573412373677921,0.0009458486066856453,weather_plus_market_training,8.946295867691766e-07,0.0009462962037406824
2026-05-01,nan,Will the highest temperature in Hong Kong be 20°C on May 1?,interior,20.0,21.0,interior,26.9,,2026-05-01|20.0|21.0,0.0,0.0,24h_prior,23.4,24.888165867022508,1.573412373677921,0.005787783424538125,weather_plus_market_training,3.3498436969358264e-05,0.005804597552097106
2026-05-01,nan,Will the highest temperature in Hong Kong be 21°C on May 1?,interior,21.0,22.0,interior,26.9,,2026-05-01|21.0|22.0,0.0,0.0,24h_prior,23.4,24.888165867022508,1.573412373677921,0.026474310866282304,weather_plus_market_training,0.0007008891358445533,0.026831066091016955
2026-05-01,nan,Will the highest temperature in Hong Kong be 22°C on May 1?,interior,22.0,23.0,interior,26.9,,2026-05-01|22.0|23.0,0.0,0.0,24h_prior,23.4,24.888165867022508,1.573412373677921,0.08185296264797225,weather_plus_market_training,0.00669990749425034,0.08539772978027928
2026-05-01,nan,Will the highest temperature in Hong Kong be 23°C on May 1?,interior,23.0,24.0,interior,26.9,,2026-05-01|23.0|24.0,0.0,0.0,24h_prior,23.4,24.888165867022508,1.573412373677921,0.1711515401075997,weather_plus_market_training,0.02929284968120331,0.187717939238825
2026-05-01,nan,Will the highest temperature in Hong Kong be 24°C on May 1?,interior,24.0,25.0,interior,26.9,,2026-05-01|24.0|25.0,0.0,0.0,24h_prior,23.4,24.888165867022508,1.573412373677921,0.2421194952111284,weather_plus_market_training,0.05862184996129163,0.27722955116437414
2026-05-01,nan,Will the highest temperature in Hong Kong be 25°C on May 1?,interior,25.0,26.0,interior,26.9,,2026-05-01|25.0|26.0,0.0,0.0,24h_prior,23.4,24.888165867022508,1.573412373677921,0.2317725543534268,weather_plus_market_training,0.05371851695151218,0.2636694364935211
2026-05-01,nan,Will the highest temperature in Hong Kong be 26°C on May 1?,interior,26.0,27.0,interior,26.9,,2026-05-01|26.0|27.0,1.0,1.0,24h_prior,23.4,24.888165867022508,1.573412373677921,0.15012993117384832,weather_plus_market_training,0.7222791338865678,1.896254152001722
2026-05-01,nan,Will the highest temperature in Hong Kong be 27°C on May 1?,interior,27.0,28.0,interior,26.9,,2026-05-01|27.0|28.0,0.0,0.0,24h_prior,23.4,24.888165867022508,1.573412373677921,0.06578775412400795,weather_plus_market_training,0.0043280285926809246,0.06805162259071817
2026-05-01,nan,Will the highest temperature in Hong Kong be 28°C on May 1?,interior,28.0,29.0,interior,26.9,,2026-05-01|28.0|29.0,0.0,0.0,24h_prior,23.4,24.888165867022508,1.573412373677921,0.019494488611730643,weather_plus_market_training,0.0003800350862328957,0.019687012363808837
2026-05-01,nan,Will the highest temperature in Hong Kong be 29°C or higher on May 1?,upper_tail,29.0,inf,upper_tail,26.9,,2026-05-01|29.0|inf,0.0,0.0,24h_prior,23.4,24.888165867022508,1.573412373677921,0.004483330872779856,weather_plus_market_training,2.0100255714820986e-05,0.004493411140704965
2026-05-01,nan,Will the highest temperature in Hong Kong be 19°C or below on May 1?,lower_tail,-inf,20.0,lower_tail,26.9,,2026-05-01|-inf|20.0,0.0,0.0,6h_prior,23.5,25.16943497930056,1.5246798900166867,0.0003488197520314042,weather_plus_market_training,1.2167521940725033e-07,0.000348880603792361
2026-05-01,nan,Will the highest temperature in Hong Kong be 20°C on May 1?,interior,20.0,21.0,interior,26.9,,2026-05-01|20.0|21.0,0.0,0.0,6h_prior,23.5,25.16943497930056,1.5246798900166867,0.0027737041577749286,weather_plus_market_training,7.693434754857927e-06,0.0027775580030864554
2026-05-01,nan,Will the highest temperature in Hong Kong be 21°C on May 1?,interior,21.0,22.0,interior,26.9,,2026-05-01|21.0|22.0,0.0,0.0,6h_prior,23.5,25.16943497930056,1.5246798900166867,0.015697442659261814,weather_plus_market_training,0.0002464097060408126,0.015821952218945314
2026-05-01,nan,Will the highest temperature in Hong Kong be 22°C on May 1?,interior,22.0,23.0,interior,26.9,,2026-05-01|22.0|23.0,0.0,0.0,6h_prior,23.5,25.16943497930056,1.5246798900166867,0.05856565257803946,weather_plus_market_training,0.00342993566189162,0.060350665210139924
2026-05-01,nan,Will the highest temperature in Hong Kong be 23°C on May 1?,interior,23.0,24.0,interior,26.9,,2026-05-01|23.0|24.0,0.0,0.0,6h_prior,23.5,25.16943497930056,1.5246798900166867,0.14415406552433974,weather_plus_market_training,0.020780394607195635,0.1556649021284768
2026-05-01,nan,Will the highest temperature in Hong Kong be 24°C on May 1?,interior,24.0,25.0,interior,26.9,,2026-05-01|24.0|25.0,0.0,0.0,6h_prior,23.5,25.16943497930056,1.5246798900166867,0.23421764639861842,weather_plus_market_training,0.05485790588450825,0.26685728329482605
2026-05-01,nan,Will the highest temperature in Hong Kong be 25°C on May 1?,interior,25.0,26.0,interior,26.9,,2026-05-01|25.0|26.0,0.0,0.0,6h_prior,23.5,25.16943497930056,1.5246798900166867,0.25127895216349394,weather_plus_market_training,0.06314111180038348,0.28938879763028735
2026-05-01,nan,Will the highest temperature in Hong Kong be 26°C on May 1?,interior,26.0,27.0,interior,26.9,,2026-05-01|26.0|27.0,1.0,1.0,6h_prior,23.5,25.16943497930056,1.5246798900166867,0.17801488723881276,weather_plus_market_training,0.6756595256010217,1.7258880960142562
2026-05-01,nan,Will the highest temperature in Hong Kong be 27°C on May 1?,interior,27.0,28.0,interior,26.9,,2026-05-01|27.0|28.0,0.0,0.0,6h_prior,23.5,25.16943497930056,1.5246798900166867,0.08325751880510568,weather_plus_market_training,0.0069318144375825255,0.08692867365157858
2026-05-01,nan,Will the highest temperature in Hong Kong be 28°C on May 1?,interior,28.0,29.0,interior,26.9,,2026-05-01|28.0|29.0,0.0,0.0,6h_prior,23.5,25.16943497930056,1.5246798900166867,0.02569520249538937,weather_plus_market_training,0.000660243431279064,0.02603109051019787
2026-05-01,nan,Will the highest temperature in Hong Kong be 29°C or higher on May 1?,upper_tail,29.0,inf,upper_tail,26.9,,2026-05-01|29.0|inf,0.0,0.0,6h_prior,23.5,25.16943497930056,1.5246798900166867,0.0059961082271324795,weather_plus_market_training,3.595331387148581e-05,0.0060141570687733984
2026-05-01,nan,Will the highest temperature in Hong Kong be 19°C or below on May 1?,lower_tail,-inf,20.0,lower_tail,26.9,,2026-05-01|-inf|20.0,0.0,0.0,event_day_open,23.6,25.21270491524457,1.423828669728868,0.0001255929097455516,weather_plus_market_training,1.577357897835427e-08,0.00012560079719546564
2026-05-01,nan,Will the highest temperature in Hong Kong be 20°C on May 1?,interior,20.0,21.0,interior,26.9,,2026-05-01|20.0|21.0,0.0,0.0,event_day_open,23.6,25.21270491524457,1.423828669728868,0.0014190245050043713,weather_plus_market_training,2.013630545802901e-06,0.001420032273755845
2026-05-01,nan,Will the highest temperature in Hong Kong be 21°C on May 1?,interior,21.0,22.0,interior,26.9,,2026-05-01|21.0|22.0,0.0,0.0,event_day_open,23.6,25.21270491524457,1.423828669728868,0.010478663904686058,weather_plus_market_training,0.00010980239722737047,0.010533951670403538
2026-05-01,nan,Will the highest temperature in Hong Kong be 22°C on May 1?,interior,22.0,23.0,interior,26.9,,2026-05-01|22.0|23.0,0.0,0.0,event_day_open,23.6,25.21270491524457,1.423828669728868,0.048062631305328514,weather_plus_market_training,0.0023100165279919447,0.049256035541244615
2026-05-01,nan,Will the highest temperature in Hong Kong be 23°C on May 1?,interior,23.0,24.0,interior,26.9,,2026-05-01|23.0|24.0,0.0,0.0,event_day_open,23.6,25.21270491524457,1.423828669728868,0.137098541820592,weather_plus_market_training,0.018796010169332612,0.14745477961021392
2026-05-01,nan,Will the highest temperature in Hong Kong be 24°C on May 1?,interior,24.0,25.0,interior,26.9,,2026-05-01|24.0|25.0,0.0,0.0,event_day_open,23.6,25.21270491524457,1.423828669728868,0.24343873201329258,weather_plus_market_training,0.05926241624423968,0.2789717602866641
2026-05-01,nan,Will the highest temperature in Hong Kong be 25°C on May 1?,interior,25.0,26.0,interior,26.9,,2026-05-01|25.0|26.0,0.0,0.0,event_day_open,23.6,25.21270491524457,1.423828669728868,0.2692253494610741,weather_plus_market_training,0.07248228879243748,0.3136501423555927
2026-05-01,nan,Will the highest temperature in Hong Kong be 26°C on May 1?,interior,26.0,27.0,interior,26.9,,2026-05-01|26.0|27.0,1.0,1.0,event_day_open,23.6,25.21270491524457,1.423828669728868,0.1854618058017372,weather_plus_market_training,0.6634724698077669,1.684906316777609
2026-05-01,nan,Will the highest temperature in Hong Kong be 27°C on May 1?,interior,27.0,28.0,interior,26.9,,2026-05-01|27.0|28.0,0.0,0.0,event_day_open,23.6,25.21270491524457,1.423828669728868,0.07955150783452902,weather_plus_market_training,0.006328442398747133,0.08289423624021405
2026-05-01,nan,Will the highest temperature in Hong Kong be 28°C on May 1?,interior,28.0,29.0,interior,26.9,,2026-05-01|28.0|29.0,0.0,0.0,event_day_open,23.6,25.21270491524457,1.423828669728868,0.021230391273158733,weather_plus_market_training,0.0004507295136114145,0.02145899741871421
2026-05-01,nan,Will the highest temperature in Hong Kong be 29°C or higher on May 1?,upper_tail,29.0,inf,upper_tail,26.9,,2026-05-01|29.0|inf,0.0,0.0,event_day_open,23.6,25.21270491524457,1.423828669728868,0.003907759170851843,weather_plus_market_training,1.5270581737376686e-05,0.003915414411452987
2026-05-02,nan,Will the highest temperature in Hong Kong be 21°C or below on May 2?,lower_tail,-inf,22.0,lower_tail,27.0,,2026-05-02|-inf|22.0,0.0,0.0,12h_prior,27.3,28.598346651428127,1.5424340239476728,9.434111940072645e-06,weather_plus_market_training,8.900246809782126e-11,9.434156441612626e-06
2026-05-02,nan,Will the highest temperature in Hong Kong be 22°C on May 2?,interior,22.0,23.0,interior,27.0,,2026-05-02|22.0|23.0,0.0,0.0,12h_prior,27.3,28.598346651428127,1.5424340239476728,0.00013252188755502072,weather_plus_market_training,1.7562050681145556e-08,0.00013253066935617358
2026-05-02,nan,Will the highest temperature in Hong Kong be 23°C on May 2?,interior,23.0,24.0,interior,27.0,,2026-05-02|23.0|24.0,0.0,0.0,12h_prior,27.3,28.598346651428127,1.5424340239476728,0.0012935213701505141,weather_plus_market_training,1.6731975350360635e-06,0.0012943586910575487
2026-05-02,nan,Will the highest temperature in Hong Kong be 24°C on May 2?,interior,24.0,25.0,interior,27.0,,2026-05-02|24.0|25.0,0.0,0.0,12h_prior,27.3,28.598346651428127,1.5424340239476728,0.008391180394852364,weather_plus_market_training,7.041190841895468e-05,0.008426584543241859
2026-05-02,nan,Will the highest temperature in Hong Kong be 25°C on May 2?,interior,25.0,26.0,interior,27.0,,2026-05-02|25.0|26.0,0.0,0.0,12h_prior,27.3,28.598346651428127,1.5424340239476728,0.03620858773169473,weather_plus_market_training,0.0013110618255238343,0.036880385099576155
2026-05-02,nan,Will the highest temperature in Hong Kong be 26°C on May 2?,interior,26.0,27.0,interior,27.0,,2026-05-02|26.0|27.0,0.0,0.0,12h_prior,27.3,28.598346651428127,1.5424340239476728,0.10400760904235318,weather_plus_market_training,0.010817582738706987,0.10982335827803498
2026-05-02,nan,Will the highest temperature in Hong Kong be 27°C on May 2?,interior,27.0,28.0,interior,27.0,,2026-05-02|27.0|28.0,1.0,1.0,12h_prior,27.3,28.598346651428127,1.5424340239476728,0.1989934097683444,weather_plus_market_training,0.6416115575945435,1.614483571548004
2026-05-02,nan,Will the highest temperature in Hong Kong be 28°C on May 2?,interior,28.0,29.0,interior,27.0,,2026-05-02|28.0|29.0,0.0,0.0,12h_prior,27.3,28.598346651428127,1.5424340239476728,0.25368699647964843,weather_plus_market_training,0.06435709218286516,0.29261019101112745
2026-05-02,nan,Will the highest temperature in Hong Kong be 29°C on May 2?,interior,29.0,30.0,interior,27.0,,2026-05-02|29.0|30.0,0.0,0.0,12h_prior,27.3,28.598346651428127,1.5424340239476728,0.21552994112958035,weather_plus_market_training,0.04645315552332037,0.24274687341320478
2026-05-02,nan,Will the highest temperature in Hong Kong be 30°C on May 2?,interior,30.0,31.0,interior,27.0,,2026-05-02|30.0|31.0,0.0,0.0,12h_prior,27.3,28.598346651428127,1.5424340239476728,0.12201798719426393,weather_plus_market_training,0.014888389198939558,0.13012917211070407
2026-05-02,nan,Will the highest temperature in Hong Kong be 31°C or higher on May 2?,upper_tail,31.0,inf,upper_tail,27.0,,2026-05-02|31.0|inf,0.0,0.0,12h_prior,27.3,28.598346651428127,1.5424340239476728,0.05972881088961701,weather_plus_market_training,0.0035675308502876317,0.061586946272338156
2026-05-02,nan,Will the highest temperature in Hong Kong be 21°C or below on May 2?,lower_tail,-inf,22.0,lower_tail,27.0,,2026-05-02|-inf|22.0,0.0,0.0,24h_prior,26.9,28.331296693633576,1.5741356777582205,2.88434566308968e-05,weather_plus_market_training,8.319449904184246e-10,2.8843872611394484e-05
2026-05-02,nan,Will the highest temperature in Hong Kong be 22°C on May 2?,interior,22.0,23.0,interior,27.0,,2026-05-02|22.0|23.0,0.0,0.0,24h_prior,26.9,28.331296693633576,1.5741356777582205,0.0003247096841001581,weather_plus_market_training,1.0543637894842446e-07,0.00032476241370446926
2026-05-02,nan,Will the highest temperature in Hong Kong be 23°C on May 2?,interior,23.0,24.0,interior,27.0,,2026-05-02|23.0|24.0,0.0,0.0,24h_prior,26.9,28.331296693633576,1.5741356777582205,0.00261223901444965,weather_plus_market_training,6.823792668612878e-06,0.002615656864241826
2026-05-02,nan,Will the highest temperature in Hong Kong be 24°C on May 2?,interior,24.0,25.0,interior,27.0,,2026-05-02|24.0|25.0,0.0,0.0,24h_prior,26.9,28.331296693633576,1.5741356777582205,0.014195117461991235,weather_plus_market_training,0.0002015013597597285,0.014296831854380092
2026-05-02,nan,Will the highest temperature in Hong Kong be 25°C on May 2?,interior,25.0,26.0,interior,27.0,,2026-05-02|25.0|26.0,0.0,0.0,24h_prior,26.9,28.331296693633576,1.5741356777582205,0.05214222859206409,weather_plus_market_training,0.002718812002547066,0.05355081814317071
2026-05-02,nan,Will the highest temperature in Hong Kong be 26°C on May 2?,interior,26.0,27.0,interior,27.0,,2026-05-02|26.0|27.0,0.0,0.0,24h_prior,26.9,28.331296693633576,1.5741356777582205,0.12954803472091234,weather_plus_market_training,0.016782693300050708,0.13874270190629276
2026-05-02,nan,Will the highest temperature in Hong Kong be 27°C on May 2?,interior,27.0,28.0,interior,27.0,,2026-05-02|27.0|28.0,1.0,1.0,24h_prior,26.9,28.331296693633576,1.5741356777582205,0.21780214494771777,weather_plus_market_training,0.6118334844483911,1.524168220286969
2026-05-02,nan,Will the highest temperature in Hong Kong be 28°C on May 2?,interior,28.0,29.0,interior,27.0,,2026-05-02|28.0|29.0,0.0,0.0,24h_prior,26.9,28.331296693633576,1.5741356777582205,0.24785786792166414,weather_plus_market_training,0.061433522690673106,0.2848299674682529
2026-05-02,nan,Will the highest temperature in Hong Kong be 29°C on May 2?,interior,29.0,30.0,interior,27.0,,2026-05-02|29.0|30.0,0.0,0.0,24h_prior,26.9,28.331296693633576,1.5741356777582205,0.19093378038303865,weather_plus_market_training,0.036455708491358436,0.21187451160603105
2026-05-02,nan,Will the highest temperature in Hong Kong be 30°C on May 2?,interior,30.0,31.0,interior,27.0,,2026-05-02|30.0|31.0,0.0,0.0,24h_prior,26.9,28.331296693633576,1.5741356777582205,0.09955005275855666,weather_plus_market_training,0.009910213004231415,0.10486069920749982
2026-05-02,nan,Will the highest temperature in Hong Kong be 31°C or higher on May 2?,upper_tail,31.0,inf,upper_tail,27.0,,2026-05-02|31.0|inf,0.0,0.0,24h_prior,26.9,28.331296693633576,1.5741356777582205,0.045004981058874405,weather_plus_market_training,0.002025448320109644,0.046049154283463845
2026-05-02,nan,Will the highest temperature in Hong Kong be 21°C or below on May 2?,lower_tail,-inf,22.0,lower_tail,27.0,,2026-05-02|-inf|22.0,0.0,0.0,6h_prior,27.2,28.519056027773924,1.5389954473432892,1.1381073868552173e-05,weather_plus_market_training,1.2952884240144112e-10,1.138113863346751e-05
2026-05-02,nan,Will the highest temperature in Hong Kong be 22°C on May 2?,interior,22.0,23.0,interior,27.0,,2026-05-02|22.0|23.0,0.0,0.0,6h_prior,27.2,28.519056027773924,1.5389954473432892,0.0001564221320478723,weather_plus_market_training,2.4467883394402003e-08,0.00015643436726553726
2026-05-02,nan,Will the highest temperature in Hong Kong be 23°C on May 2?,interior,23.0,24.0,interior,27.0,,2026-05-02|23.0|24.0,0.0,0.0,6h_prior,27.2,28.519056027773924,1.5389954473432892,0.001492600701685129,weather_plus_market_training,2.2278568546709393e-06,0.001493715739788333
2026-05-02,nan,Will the highest temperature in Hong Kong be 24°C on May 2?,interior,24.0,25.0,interior,27.0,,2026-05-02|24.0|25.0,0.0,0.0,6h_prior,27.2,28.519056027773924,1.5389954473432892,0.009449394785584425,weather_plus_market_training,8.929106181383013e-05,0.009494323573733445
2026-05-02,nan,Will the highest temperature in Hong Kong be 25°C on May 2?,interior,25.0,26.0,interior,27.0,,2026-05-02|25.0|26.0,0.0,0.0,6h_prior,27.2,28.519056027773924,1.5389954473432892,0.039724413852230835,weather_plus_market_training,0.001578029055903309,0.040534966812722735
2026-05-02,nan,Will the highest temperature in Hong Kong be 26°C on May 2?,interior,26.0,27.0,interior,27.0,,2026-05-02|26.0|27.0,0.0,0.0,6h_prior,27.2,28.519056027773924,1.5389954473432892,0.11097635286174112,weather_plus_market_training,0.012315750894493677,0.11763144411642033
2026-05-02,nan,Will the highest temperature in Hong Kong be 27°C on May 2?,interior,27.0,28.0,interior,27.0,,2026-05-02|27.0|28.0,1.0,1.0,6h_prior,27.2,28.519056027773924,1.5389954473432892,0.20614635769678574,weather_plus_market_training,0.6302036053980797,1.5791688882036696
2026-05-02,nan,Will the highest temperature in Hong Kong be 28°C on May 2?,interior,28.0,29.0,interior,27.0,,2026-05-02|28.0|29.0,0.0,0.0,6h_prior,27.2,28.519056027773924,1.5389954473432892,0.25471474438018527,weather_plus_market_training,0.06487960100466313,0.2939882404381523
2026-05-02,nan,Will the highest temperature in Hong Kong be 29°C on May 2?,interior,29.0,30.0,interior,27.0,,2026-05-02|29.0|30.0,0.0,0.0,6h_prior,27.2,28.519056027773924,1.5389954473432892,0.20937375371444455,weather_plus_market_training,0.043837368744476884,0.2349299307379381
2026-05-02,nan,Will the highest temperature in Hong Kong be 30°C on May 2?,interior,30.0,31.0,interior,27.0,,2026-05-02|30.0|31.0,0.0,0.0,6h_prior,27.2,28.519056027773924,1.5389954473432892,0.11447949859595519,weather_plus_market_training,0.013105555598781305,0.12157966967938359
2026-05-02,nan,Will the highest temperature in Hong Kong be 31°C or higher on May 2?,upper_tail,31.0,inf,upper_tail,27.0,,2026-05-02|31.0|inf,0.0,0.0,6h_prior,27.2,28.519056027773924,1.5389954473432892,0.053475080205471315,weather_plus_market_training,0.00285958420298159,0.05495798031745496
2026-05-02,nan,Will the highest temperature in Hong Kong be 21°C or below on May 2?,lower_tail,-inf,22.0,lower_tail,27.0,,2026-05-02|-inf|22.0,0.0,0.0,event_day_open,26.8,28.2616242242412,1.4351538470099927,6.413566412885476e-06,weather_plus_market_training,4.1133834132492673e-11,6.413586979848968e-06
2026-05-02,nan,Will the highest temperature in Hong Kong be 22°C on May 2?,interior,22.0,23.0,interior,27.0,,2026-05-02|22.0|23.0,0.0,0.0,event_day_open,26.8,28.2616242242412,1.4351538470099927,0.00011665596071986789,weather_plus_market_training,1.360861317147536e-08,0.00011666276555566539
2026-05-02,nan,Will the highest temperature in Hong Kong be 23°C on May 2?,interior,23.0,24.0,interior,27.0,,2026-05-02|23.0|24.0,0.0,0.0,event_day_open,26.8,28.2616242242412,1.4351538470099927,0.001368574825296203,weather_plus_market_training,1.8729970524345324e-06,0.001369512179145922
2026-05-02,nan,Will the highest temperature in Hong Kong be 24°C on May 2?,interior,24.0,25.0,interior,27.0,,2026-05-02|24.0|25.0,0.0,0.0,event_day_open,26.8,28.2616242242412,1.4351538470099927,0.010031536882609991,weather_plus_market_training,0.00010063173222716457,0.010082191797876384
2026-05-02,nan,Will the highest temperature in Hong Kong be 25°C on May 2?,interior,25.0,26.0,interior,27.0,,2026-05-02|25.0|26.0,0.0,0.0,event_day_open,26.8,28.2616242242412,1.4351538470099927,0.046004032718836955,weather_plus_market_training,0.002116371026395821,0.047095834711377176
2026-05-02,nan,Will the highest temperature in Hong Kong be 26°C on May 2?,interior,26.0,27.0,interior,27.0,,2026-05-02|26.0|27.0,0.0,0.0,event_day_open,26.8,28.2616242242412,1.4351538470099927,0.13215000247895592,weather_plus_market_training,0.017463623155188054,0.14173639317168005
2026-05-02,nan,Will the highest temperature in Hong Kong be 27°C on May 2?,interior,27.0,28.0,interior,27.0,,2026-05-02|27.0|28.0,1.0,1.0,event_day_open,26.8,28.2616242242412,1.4351538470099927,0.23799761455388763,weather_plus_market_training,0.5806476354255657,1.4354946282437169
2026-05-02,nan,Will the highest temperature in Hong Kong be 28°C on May 2?,interior,28.0,29.0,interior,27.0,,2026-05-02|28.0|29.0,0.0,0.0,event_day_open,26.8,28.2616242242412,1.4351538470099927,0.26887128970270935,weather_plus_market_training,0.07229177042639826,0.3131657604535155
2026-05-02,nan,Will the highest temperature in Hong Kong be 29°C on May 2?,interior,29.0,30.0,interior,27.0,,2026-05-02|29.0|30.0,0.0,0.0,event_day_open,26.8,28.2616242242412,1.4351538470099927,0.19056017396035652,weather_plus_market_training,0.03631317989980134,0.21141284335298927
2026-05-02,nan,Will the highest temperature in Hong Kong be 30°C on May 2?,interior,30.0,31.0,interior,27.0,,2026-05-02|30.0|31.0,0.0,0.0,event_day_open,26.8,28.2616242242412,1.4351538470099927,0.08470270049606099,weather_plus_market_training,0.007174547471325411,0.08850634899022866
2026-05-02,nan,Will the highest temperature in Hong Kong be 31°C or higher on May 2?,upper_tail,31.0,inf,upper_tail,27.0,,2026-05-02|31.0|inf,0.0,0.0,event_day_open,26.8,28.2616242242412,1.4351538470099927,0.02819100485415371,weather_plus_market_training,0.0007947327546869181,0.028596000883336855
2026-05-03,nan,Will the highest temperature in Hong Kong be 21°C or below on May 3?,lower_tail,-inf,22.0,lower_tail,29.6,,2026-05-03|-inf|22.0,0.0,0.0,12h_prior,29.0,30.29406977238727,1.5494185489753605,4.3248942901587296e-08,weather_plus_market_training,1.8704710621047582e-15,4.324894380667887e-08
2026-05-03,nan,Will the highest temperature in Hong Kong be 22°C on May 3?,interior,22.0,23.0,interior,29.6,,2026-05-03|22.0|23.0,0.0,0.0,12h_prior,29.0,30.29406977238727,1.5494185489753605,1.2098955625623027e-06,weather_plus_market_training,1.463847272307951e-12,1.2098962944392774e-06
2026-05-03,nan,Will the highest temperature in Hong Kong be 23°C on May 3?,interior,23.0,24.0,interior,29.6,,2026-05-03|23.0|24.0,0.0,0.0,12h_prior,29.0,30.29406977238727,1.5494185489753605,2.305159400337713e-05,weather_plus_market_training,5.313759860965324e-10,2.305185969547432e-05
2026-05-03,nan,Will the highest temperature in Hong Kong be 24°C on May 3?,interior,24.0,25.0,interior,29.6,,2026-05-03|24.0|25.0,0.0,0.0,12h_prior,29.0,30.29406977238727,1.5494185489753605,0.00029249193640909244,weather_plus_market_training,8.555153286434058e-08,0.00029253472051842964
2026-05-03,nan,Will the highest temperature in Hong Kong be 25°C on May 3?,interior,25.0,26.0,interior,29.6,,2026-05-03|25.0|26.0,0.0,0.0,12h_prior,29.0,30.29406977238727,1.5494185489753605,0.0024739320171289878,weather_plus_market_training,6.120339625375902e-06,0.0024769972434262612
2026-05-03,nan,Will the highest temperature in Hong Kong be 26°C on May 3?,interior,26.0,27.0,interior,29.6,,2026-05-03|26.0|27.0,0.0,0.0,12h_prior,29.0,30.29406977238727,1.5494185489753605,0.013960741543393699,weather_plus_market_training,0.00019490230444143866,0.014059109293221609
2026-05-03,nan,Will the highest temperature in Hong Kong be 27°C on May 3?,interior,27.0,28.0,interior,29.6,,2026-05-03|27.0|28.0,0.0,0.0,12h_prior,29.0,30.29406977238727,1.5494185489753605,0.0526050699135374,weather_plus_market_training,0.002767293380608158,0.05403923990382513
2026-05-03,nan,Will the highest temperature in Hong Kong be 28°C on May 3?,interior,28.0,29.0,interior,29.6,,2026-05-03|28.0|29.0,0.0,0.0,12h_prior,29.0,30.29406977238727,1.5494185489753605,0.13244685030418618,weather_plus_market_training,0.017542168155499503,0.14207850137702885
2026-05-03,nan,Will the highest temperature in Hong Kong be 29°C on May 3?,interior,29.0,30.0,interior,29.6,,2026-05-03|29.0|30.0,1.0,1.0,12h_prior,29.0,30.29406977238727,1.5494185489753605,0.2229320329934198,weather_plus_market_training,0.6038346253477396,1.5008883387612109
2026-05-03,nan,Will the highest temperature in Hong Kong be 30°C on May 3?,interior,30.0,31.0,interior,29.6,,2026-05-03|30.0|31.0,0.0,0.0,12h_prior,29.0,30.29406977238727,1.5494185489753605,0.25092926814063576,weather_plus_market_training,0.06296549760959508,0.2889218648643958
2026-05-03,nan,Will the highest temperature in Hong Kong be 31°C or higher on May 3?,upper_tail,31.0,inf,upper_tail,29.6,,2026-05-03|31.0|inf,0.0,0.0,12h_prior,29.0,30.29406977238727,1.5494185489753605,0.32433530841278024,weather_plus_market_training,0.10519339228321328,0.392058344359076
2026-05-03,nan,Will the highest temperature in Hong Kong be 21°C or below on May 3?,lower_tail,-inf,22.0,lower_tail,29.6,,2026-05-03|-inf|22.0,0.0,0.0,24h_prior,28.2,29.636253772470127,1.5742915781496776,6.15452551049991e-07,weather_plus_market_training,3.787818425939418e-13,6.154527404247895e-07
2026-05-03,nan,Will the highest temperature in Hong Kong be 22°C on May 3?,interior,22.0,23.0,interior,29.6,,2026-05-03|22.0|23.0,0.0,0.0,24h_prior,28.2,29.636253772470127,1.5742915781496776,1.18518648607026e-05,weather_plus_market_training,1.4046670067635704e-10,1.1851935094651017e-05
2026-05-03,nan,Will the highest temperature in Hong Kong be 23°C on May 3?,interior,23.0,24.0,interior,29.6,,2026-05-03|23.0|24.0,0.0,0.0,24h_prior,28.2,29.636253772470127,1.5742915781496776,0.0001592087493628512,weather_plus_market_training,2.534742587368317e-08,0.0001592214244210906
2026-05-03,nan,Will the highest temperature in Hong Kong be 24°C on May 3?,interior,24.0,25.0,interior,29.6,,2026-05-03|24.0|25.0,0.0,0.0,24h_prior,28.2,29.636253772470127,1.5742915781496776,0.001443213033110483,weather_plus_market_training,2.08286385893996e-06,0.0014442554681311842
2026-05-03,nan,Will the highest temperature in Hong Kong be 25°C on May 3?,interior,25.0,26.0,interior,29.6,,2026-05-03|25.0|26.0,0.0,0.0,24h_prior,28.2,29.636253772470127,1.5742915781496776,0.008835515704165544,weather_plus_market_training,7.806633775855595e-05,0.008874780326266731
2026-05-03,nan,Will the highest temperature in Hong Kong be 26°C on May 3?,interior,26.0,27.0,interior,29.6,,2026-05-03|26.0|27.0,0.0,0.0,24h_prior,28.2,29.636253772470127,1.5742915781496776,0.036559388579445615,weather_plus_market_training,0.0013365888933028985,0.037244431407766586
2026-05-03,nan,Will the highest temperature in Hong Kong be 27°C on May 3?,interior,27.0,28.0,interior,29.6,,2026-05-03|27.0|28.0,0.0,0.0,24h_prior,28.2,29.636253772470127,1.5742915781496776,0.10230916033022408,weather_plus_market_training,0.010467164287475496,0.10792954649370773
2026-05-03,nan,Will the highest temperature in Hong Kong be 28°C on May 3?,interior,28.0,29.0,interior,29.6,,2026-05-03|28.0|29.0,0.0,0.0,24h_prior,28.2,29.636253772470127,1.5742915781496776,0.19373136106063965,weather_plus_market_training,0.037531840258407924,0.21533829307505029
2026-05-03,nan,Will the highest temperature in Hong Kong be 29°C on May 3?,interior,29.0,30.0,interior,29.6,,2026-05-03|29.0|30.0,1.0,1.0,24h_prior,28.2,29.636253772470127,1.5742915781496776,0.24831322554914637,weather_plus_market_training,0.5650330068843286,1.3930643234920457
2026-05-03,nan,Will the highest temperature in Hong Kong be 30°C on May 3?,interior,30.0,31.0,interior,29.6,,2026-05-03|30.0|31.0,0.0,0.0,24h_prior,28.2,29.636253772470127,1.5742915781496776,0.21546273193051124,weather_plus_market_training,0.04642418885095935,0.2426612024313601
2026-05-03,nan,Will the highest temperature in Hong Kong be 31°C or higher on May 3?,upper_tail,31.0,inf,upper_tail,29.6,,2026-05-03|31.0|inf,0.0,0.0,24h_prior,28.2,29.636253772470127,1.5742915781496776,0.1931737277459824,weather_plus_market_training,0.03731608909127893,0.21464690990472257
2026-05-03,nan,Will the highest temperature in Hong Kong be 21°C or below on May 3?,lower_tail,-inf,22.0,lower_tail,29.6,,2026-05-03|-inf|22.0,0.0,0.0,6h_prior,29.1,30.40243478976222,1.5472418365031864,2.8084149591607803e-08,weather_plus_market_training,7.887194582838047e-16,2.8084149955817842e-08
2026-05-03,nan,Will the highest temperature in Hong Kong be 22°C on May 3?,interior,22.0,23.0,interior,29.6,,2026-05-03|22.0|23.0,0.0,0.0,6h_prior,29.1,30.40243478976222,1.5472418365031864,8.299318581777252e-07,weather_plus_market_training,6.887868892183319e-13,8.299322025198223e-07
2026-05-03,nan,Will the highest temperature in Hong Kong be 23°C on May 3?,interior,23.0,24.0,interior,29.6,,2026-05-03|23.0|24.0,0.0,0.0,6h_prior,29.1,30.40243478976222,1.5472418365031864,1.6661864542440938e-05,weather_plus_market_training,2.776177300306506e-10,1.6662003352817943e-05
2026-05-03,nan,Will the highest temperature in Hong Kong be 24°C on May 3?,interior,24.0,25.0,interior,29.6,,2026-05-03|24.0|25.0,0.0,0.0,6h_prior,29.1,30.40243478976222,1.5472418365031864,0.00022249898932086846,weather_plus_market_training,4.950580024880794e-08,0.0002225237458933191
2026-05-03,nan,Will the highest temperature in Hong Kong be 25°C on May 3?,interior,25.0,26.0,interior,29.6,,2026-05-03|25.0|26.0,0.0,0.0,6h_prior,29.1,30.40243478976222,1.5472418365031864,0.00197815751202191,weather_plus_market_training,3.913107142368713e-06,0.001980116649674689
2026-05-03,nan,Will the highest temperature in Hong Kong be 26°C on May 3?,interior,26.0,27.0,interior,29.6,,2026-05-03|26.0|27.0,0.0,0.0,6h_prior,29.1,30.40243478976222,1.5472418365031864,0.01171963610423365,weather_plus_market_training,0.00013734987041565688,0.011788852363842677
2026-05-03,nan,Will the highest temperature in Hong Kong be 27°C on May 3?,interior,27.0,28.0,interior,29.6,,2026-05-03|27.0|28.0,0.0,0.0,6h_prior,29.1,30.40243478976222,1.5472418365031864,0.04630709693541586,weather_plus_market_training,0.0021443472265860013,0.047413563900701054
2026-05-03,nan,Will the highest temperature in Hong Kong be 28°C on May 3?,interior,28.0,29.0,interior,29.6,,2026-05-03|28.0|29.0,0.0,0.0,6h_prior,29.1,30.40243478976222,1.5472418365031864,0.12211464830257171,weather_plus_market_training,0.01491198733006078,0.1302392728055054
2026-05-03,nan,Will the highest temperature in Hong Kong be 29°C on May 3?,interior,29.0,30.0,interior,29.6,,2026-05-03|29.0|30.0,1.0,1.0,6h_prior,29.1,30.40243478976222,1.5472418365031864,0.21503446215031657,weather_plus_market_training,0.6161708956116427,1.536956974628155
2026-05-03,nan,Will the highest temperature in Hong Kong be 30°C on May 3?,interior,30.0,31.0,interior,29.6,,2026-05-03|30.0|31.0,0.0,0.0,6h_prior,29.1,30.40243478976222,1.5472418365031864,0.2529365883095107,weather_plus_market_training,0.06397691770565492,0.29160520897759185
2026-05-03,nan,Will the highest temperature in Hong Kong be 31°C or higher on May 3?,upper_tail,31.0,inf,upper_tail,29.6,,2026-05-03|31.0|inf,0.0,0.0,6h_prior,29.1,30.40243478976222,1.5472418365031864,0.3496693918160585,weather_plus_market_training,0.12226868357301224,0.4302744174245239
2026-05-03,nan,Will the highest temperature in Hong Kong be 21°C or below on May 3?,lower_tail,-inf,22.0,lower_tail,29.6,,2026-05-03|-inf|22.0,0.0,0.0,event_day_open,28.6,30.04400321294595,1.4415346229854715,1.2014422780560276e-08,weather_plus_market_training,1.443463547500457e-16,1.201442286214751e-08
2026-05-03,nan,Will the highest temperature in Hong Kong be 22°C on May 3?,interior,22.0,23.0,interior,29.6,,2026-05-03|22.0|23.0,0.0,0.0,event_day_open,28.6,30.04400321294595,1.4415346229854715,5.013079400482561e-07,weather_plus_market_training,2.513096507554259e-13,5.013080657033017e-07
2026-05-03,nan,Will the highest temperature in Hong Kong be 23°C on May 3?,interior,23.0,24.0,interior,29.6,,2026-05-03|23.0|24.0,0.0,0.0,event_day_open,28.6,30.04400321294595,1.4415346229854715,1.326595672232665e-05,weather_plus_market_training,1.7598560775864364e-10,1.3266044715934627e-05
2026-05-03,nan,Will the highest temperature in Hong Kong be 24°C on May 3?,interior,24.0,25.0,interior,29.6,,2026-05-03|24.0|25.0,0.0,0.0,event_day_open,28.6,30.04400321294595,1.4415346229854715,0.0002196793229466476,weather_plus_market_training,4.8259004930297494e-08,0.00021970345598352472
2026-05-03,nan,Will the highest temperature in Hong Kong be 25°C on May 3?,interior,25.0,26.0,interior,29.6,,2026-05-03|25.0|26.0,0.0,0.0,event_day_open,28.6,30.04400321294595,1.4415346229854715,0.0022796720084685205,weather_plus_market_training,5.196904466194898e-06,0.0022822744165451724
2026-05-03,nan,Will the highest temperature in Hong Kong be 26°C on May 3?,interior,26.0,27.0,interior,29.6,,2026-05-03|26.0|27.0,0.0,0.0,event_day_open,28.6,30.04400321294595,1.4415346229854715,0.014845507844259798,weather_plus_market_training,0.0002203891031539792,0.014956805280749552
2026-05-03,nan,Will the highest temperature in Hong Kong be 27°C on May 3?,interior,27.0,28.0,interior,29.6,,2026-05-03|27.0|28.0,0.0,0.0,event_day_open,28.6,30.04400321294595,1.4415346229854715,0.06074615015496151,weather_plus_market_training,0.00369009475864913,0.0626694956862717
2026-05-03,nan,Will the highest temperature in Hong Kong be 28°C on May 3?,interior,28.0,29.0,interior,29.6,,2026-05-03|28.0|29.0,0.0,0.0,event_day_open,28.6,30.04400321294595,1.4415346229854715,0.15635735696617942,weather_plus_market_training,0.024447623077449254,0.17002628277666618
2026-05-03,nan,Will the highest temperature in Hong Kong be 29°C on May 3?,interior,29.0,30.0,interior,29.6,,2026-05-03|29.0|30.0,1.0,1.0,event_day_open,28.6,30.04400321294595,1.4415346229854715,0.2533619302437354,weather_plus_market_training,0.5574684072093608,1.3729362581995639
2026-05-03,nan,Will the highest temperature in Hong Kong be 30°C on May 3?,interior,30.0,31.0,interior,29.6,,2026-05-03|30.0|31.0,0.0,0.0,event_day_open,28.6,30.04400321294595,1.4415346229854715,0.2585682526515461,weather_plus_market_training,0.06685754127927378,0.2991721683723978
2026-05-03,nan,Will the highest temperature in Hong Kong be 31°C or higher on May 3?,upper_tail,31.0,inf,upper_tail,29.6,,2026-05-03|31.0|inf,0.0,0.0,event_day_open,28.6,30.04400321294595,1.4415346229854715,0.25360767152881747,weather_plus_market_training,0.06431685105826858,0.2925039075415028
2026-05-04,nan,Will the highest temperature in Hong Kong be 16°C or below on May 4?,lower_tail,-inf,17.0,lower_tail,27.6,,2026-05-04|-inf|17.0,0.0,0.0,12h_prior,25.1,26.55509173038654,1.536977515530074,2.536874820315168e-10,weather_plus_market_training,6.435733853949115e-20,2.536875154712614e-10
2026-05-04,nan,Will the highest temperature in Hong Kong be 17°C on May 4?,interior,17.0,18.0,interior,27.6,,2026-05-04|17.0|18.0,0.0,0.0,12h_prior,25.1,26.55509173038654,1.536977515530074,1.276561270312883e-08,weather_plus_market_training,1.6296086768628413e-16,1.2765612759525535e-08
2026-05-04,nan,Will the highest temperature in Hong Kong be 18°C on May 4?,interior,18.0,19.0,interior,27.6,,2026-05-04|18.0|19.0,0.0,0.0,12h_prior,25.1,26.55509173038654,1.536977515530074,4.2964565185606347e-07,weather_plus_market_training,1.8459538615882168e-13,4.2964574413150716e-07
2026-05-04,nan,Will the highest temperature in Hong Kong be 19°C on May 4?,interior,19.0,20.0,interior,27.6,,2026-05-04|19.0|20.0,0.0,0.0,12h_prior,25.1,26.55509173038654,1.536977515530074,9.55586434686289e-06,weather_plus_market_training,9.131454341564532e-11,9.555910004373345e-06
2026-05-04,nan,Will the highest temperature in Hong Kong be 20°C on May 4?,interior,20.0,21.0,interior,27.6,,2026-05-04|20.0|21.0,0.0,0.0,12h_prior,25.1,26.55509173038654,1.536977515530074,0.00014058387252920983,weather_plus_market_training,1.976382521530912e-08,0.00014059375536810666
2026-05-04,nan,Will the highest temperature in Hong Kong be 21°C on May 4?,interior,21.0,22.0,interior,27.6,,2026-05-04|21.0|22.0,0.0,0.0,12h_prior,25.1,26.55509173038654,1.536977515530074,0.0013693958657761932,weather_plus_market_training,1.8752450372049297e-06,0.0013703343451591937
2026-05-04,nan,Will the highest temperature in Hong Kong be 22°C on May 4?,interior,22.0,23.0,interior,27.6,,2026-05-04|22.0|23.0,0.0,0.0,12h_prior,25.1,26.55509173038654,1.536977515530074,0.008840219247113,weather_plus_market_training,7.814947633702714e-05,0.008879525809163145
2026-05-04,nan,Will the highest temperature in Hong Kong be 23°C on May 4?,interior,23.0,24.0,interior,27.6,,2026-05-04|23.0|24.0,0.0,0.0,12h_prior,25.1,26.55509173038654,1.536977515530074,0.037854778167586735,weather_plus_market_training,0.0014329842301172013,0.03858988146372816
2026-05-04,nan,Will the highest temperature in Hong Kong be 24°C on May 4?,interior,24.0,25.0,interior,27.6,,2026-05-04|24.0|25.0,0.0,0.0,12h_prior,25.1,26.55509173038654,1.536977515530074,0.10760531063344381,weather_plus_market_training,0.011578902876519935,0.11384676739781333
2026-05-04,nan,Will the highest temperature in Hong Kong be 25°C on May 4?,interior,25.0,26.0,interior,27.6,,2026-05-04|25.0|26.0,0.0,0.0,12h_prior,25.1,26.55509173038654,1.536977515530074,0.20317038114635877,weather_plus_market_training,0.041278203775156695,0.2271144011465439
2026-05-04,nan,Will the highest temperature in Hong Kong be 26°C or higher on May 4?,upper_tail,26.0,inf,upper_tail,27.6,,2026-05-04|26.0|inf,1.0,1.0,12h_prior,25.1,26.55509173038654,1.536977515530074,0.6410093325378934,weather_plus_market_training,0.1288742993248888,0.44471126282596585
2026-05-04,nan,Will the highest temperature in Hong Kong be 16°C or below on May 4?,lower_tail,-inf,17.0,lower_tail,27.6,,2026-05-04|-inf|17.0,0.0,0.0,24h_prior,26.0,27.43896851552143,1.5740864676050443,1.658503506491439e-11,weather_plus_market_training,2.750633881044398e-22,1.6585066653500433e-11
2026-05-04,nan,Will the highest temperature in Hong Kong be 17°C on May 4?,interior,17.0,18.0,interior,27.6,,2026-05-04|17.0|18.0,0.0,0.0,24h_prior,26.0,27.43896851552143,1.5740864676050443,9.916545942219486e-10,weather_plus_market_training,9.833788342414976e-19,9.916546477782556e-10
2026-05-04,nan,Will the highest temperature in Hong Kong be 18°C on May 4?,interior,18.0,19.0,interior,27.6,,2026-05-04|18.0|19.0,0.0,0.0,24h_prior,26.0,27.43896851552143,1.5740864676050443,4.033069181053702e-08,weather_plus_market_training,1.626564701916518e-15,4.03306925994991e-08
2026-05-04,nan,Will the highest temperature in Hong Kong be 19°C on May 4?,interior,19.0,20.0,interior,27.6,,2026-05-04|19.0|20.0,0.0,0.0,24h_prior,26.0,27.43896851552143,1.5740864676050443,1.1041770355320406e-06,weather_plus_market_training,1.2192069257963254e-12,1.1041776451863215e-06
2026-05-04,nan,Will the highest temperature in Hong Kong be 20°C on May 4?,interior,20.0,21.0,interior,27.6,,2026-05-04|20.0|21.0,0.0,0.0,24h_prior,26.0,27.43896851552143,1.5740864676050443,2.0366802666437556e-05,weather_plus_market_training,4.1480665085360795e-10,2.0367010072624284e-05
2026-05-04,nan,Will the highest temperature in Hong Kong be 21°C on May 4?,interior,21.0,22.0,interior,27.6,,2026-05-04|21.0|22.0,0.0,0.0,24h_prior,26.0,27.43896851552143,1.5740864676050443,0.0002533102593725664,weather_plus_market_training,6.416608750339687e-08,0.0002533423478353429
2026-05-04,nan,Will the highest temperature in Hong Kong be 22°C on May 4?,interior,22.0,23.0,interior,27.6,,2026-05-04|22.0|23.0,0.0,0.0,24h_prior,26.0,27.43896851552143,1.5740864676050443,0.0021261475203130913,weather_plus_market_training,4.520503278133507e-06,0.002128410980821825
2026-05-04,nan,Will the highest temperature in Hong Kong be 23°C on May 4?,interior,23.0,24.0,interior,27.6,,2026-05-04|23.0|24.0,0.0,0.0,24h_prior,26.0,27.43896851552143,1.5740864676050443,0.012053014561965636,weather_plus_market_training,0.00014527516003095568,0.012126241137464041
2026-05-04,nan,Will the highest temperature in Hong Kong be 24°C on May 4?,interior,24.0,25.0,interior,27.6,,2026-05-04|24.0|25.0,0.0,0.0,24h_prior,26.0,27.43896851552143,1.5740864676050443,0.04618278824855673,weather_plus_market_training,0.00213284993041103,0.04728322782953725
2026-05-04,nan,Will the highest temperature in Hong Kong be 25°C on May 4?,interior,25.0,26.0,interior,27.6,,2026-05-04|25.0|26.0,0.0,0.0,24h_prior,26.0,27.43896851552143,1.5740864676050443,0.11967934448773233,weather_plus_market_training,0.014323145497013308,0.12746905661667476
2026-05-04,nan,Will the highest temperature in Hong Kong be 26°C or higher on May 4?,upper_tail,26.0,inf,upper_tail,27.6,,2026-05-04|26.0|inf,1.0,1.0,24h_prior,26.0,27.43896851552143,1.5740864676050443,0.8196838826034263,weather_plus_market_training,0.03251390219297495,0.19883652207175573
2026-05-04,nan,Will the highest temperature in Hong Kong be 16°C or below on May 4?,lower_tail,-inf,17.0,lower_tail,27.6,,2026-05-04|-inf|17.0,0.0,0.0,6h_prior,25.7,27.133154171527515,1.5356815421364565,2.0770616340009628e-11,weather_plus_market_training,4.31418503143875e-22,2.077060745641545e-11
2026-05-04,nan,Will the highest temperature in Hong Kong be 17°C on May 4?,interior,17.0,18.0,interior,27.6,,2026-05-04|17.0|18.0,0.0,0.0,6h_prior,25.7,27.133154171527515,1.5356815421364565,1.3422623020544424e-09,weather_plus_market_training,1.801668087516491e-18,1.3422623022079074e-09
2026-05-04,nan,Will the highest temperature in Hong Kong be 18°C on May 4?,interior,18.0,19.0,interior,27.6,,2026-05-04|18.0|19.0,0.0,0.0,6h_prior,25.7,27.133154171527515,1.5356815421364565,5.778143354764655e-08,weather_plus_market_training,3.338694062821094e-15,5.7781435196096124e-08
2026-05-04,nan,Will the highest temperature in Hong Kong be 19°C on May 4?,interior,19.0,20.0,interior,27.6,,2026-05-04|19.0|20.0,0.0,0.0,6h_prior,25.7,27.133154171527515,1.5356815421364565,1.641702288996638e-06,weather_plus_market_training,2.6951864056968004e-12,1.6417036365960788e-06
2026-05-04,nan,Will the highest temperature in Hong Kong be 20°C on May 4?,interior,20.0,21.0,interior,27.6,,2026-05-04|20.0|21.0,0.0,0.0,6h_prior,25.7,27.133154171527515,1.5356815421364565,3.08150474143312e-05,weather_plus_market_training,9.495671471474798e-10,3.081552220763952e-05
2026-05-04,nan,Will the highest temperature in Hong Kong be 21°C on May 4?,interior,21.0,22.0,interior,27.6,,2026-05-04|21.0|22.0,0.0,0.0,6h_prior,25.7,27.133154171527515,1.5356815421364565,0.00038248588530094953,weather_plus_market_training,1.4629545245445112e-07,0.0003825590516845485
2026-05-04,nan,Will the highest temperature in Hong Kong be 22°C on May 4?,interior,22.0,23.0,interior,27.6,,2026-05-04|22.0|23.0,0.0,0.0,6h_prior,25.7,27.133154171527515,1.5356815421364565,0.0031424945946474875,weather_plus_market_training,9.875272277388677e-06,0.003147442599557753
2026-05-04,nan,Will the highest temperature in Hong Kong be 23°C on May 4?,interior,23.0,24.0,interior,27.6,,2026-05-04|23.0|24.0,0.0,0.0,6h_prior,25.7,27.133154171527515,1.5356815421364565,0.017105870968660498,weather_plus_market_training,0.00029261082159646204,0.01725386653621377
2026-05-04,nan,Will the highest temperature in Hong Kong be 24°C on May 4?,interior,24.0,25.0,interior,27.6,,2026-05-04|24.0|25.0,0.0,0.0,6h_prior,25.7,27.133154171527515,1.5356815421364565,0.06174384905512155,weather_plus_market_training,0.0038123028961416345,0.06373228522523601
2026-05-04,nan,Will the highest temperature in Hong Kong be 25°C on May 4?,interior,25.0,26.0,interior,27.6,,2026-05-04|25.0|26.0,0.0,0.0,6h_prior,25.7,27.133154171527515,1.5356815421364565,0.14788538696636316,weather_plus_market_training,0.021870087678190975,0.16003423886019066
2026-05-04,nan,Will the highest temperature in Hong Kong be 26°C or higher on May 4?,upper_tail,26.0,inf,upper_tail,27.6,,2026-05-04|26.0|inf,1.0,1.0,6h_prior,25.7,27.133154171527515,1.5356815421364565,0.7697073966357366,weather_plus_market_training,0.053034683164289935,0.26174484072353754
2026-05-04,nan,Will the highest temperature in Hong Kong be 16°C or below on May 4?,lower_tail,-inf,17.0,lower_tail,27.6,,2026-05-04|-inf|17.0,0.0,0.0,event_day_open,26.1,27.588354717903226,1.4346282609191054,7.881472287663427e-14,weather_plus_market_training,6.211760542120657e-27,9.999778782803785e-13
2026-05-04,nan,Will the highest temperature in Hong Kong be 17°C on May 4?,interior,17.0,18.0,interior,27.6,,2026-05-04|17.0|18.0,0.0,0.0,event_day_open,26.1,27.588354717903226,1.4346282609191054,1.1585349237182185e-11,weather_plus_market_training,1.3422031694747782e-22,1.1585399306635545e-11
2026-05-04,nan,Will the highest temperature in Hong Kong be 18°C on May 4?,interior,18.0,19.0,interior,27.6,,2026-05-04|18.0|19.0,0.0,0.0,event_day_open,26.1,27.588354717903226,1.4346282609191054,1.060576310317087e-09,weather_plus_market_training,1.124822110005806e-18,1.0605762940169848e-09
2026-05-04,nan,Will the highest temperature in Hong Kong be 19°C on May 4?,interior,19.0,20.0,interior,27.6,,2026-05-04|19.0|20.0,0.0,0.0,event_day_open,26.1,27.588354717903226,1.4346282609191054,6.027940557656874e-08,weather_plus_market_training,3.633606736664467e-15,6.027940739498201e-08
2026-05-04,nan,Will the highest temperature in Hong Kong be 20°C on May 4?,interior,20.0,21.0,interior,27.6,,2026-05-04|20.0|21.0,0.0,0.0,event_day_open,26.1,27.588354717903226,1.4346282609191054,2.1297708361050884e-06,weather_plus_market_training,4.535923814323768e-12,2.129773104099653e-06
2026-05-04,nan,Will the highest temperature in Hong Kong be 21°C on May 4?,interior,21.0,22.0,interior,27.6,,2026-05-04|21.0|22.0,0.0,0.0,event_day_open,26.1,27.588354717903226,1.4346282609191054,4.684084470712659e-05,weather_plus_market_training,2.194064732877149e-09,4.6841941773699425e-05
2026-05-04,nan,Will the highest temperature in Hong Kong be 22°C on May 4?,interior,22.0,23.0,interior,27.6,,2026-05-04|22.0|23.0,0.0,0.0,event_day_open,26.1,27.588354717903226,1.4346282609191054,0.0006421981159013655,weather_plus_market_training,4.124184200672637e-07,0.0006424044134387375
2026-05-04,nan,Will the highest temperature in Hong Kong be 23°C on May 4?,interior,23.0,24.0,interior,27.6,,2026-05-04|23.0|24.0,0.0,0.0,event_day_open,26.1,27.588354717903226,1.4346282609191054,0.005496671368059941,weather_plus_market_training,3.021339612844994e-05,0.0055118336530478205
2026-05-04,nan,Will the highest temperature in Hong Kong be 24°C on May 4?,interior,24.0,25.0,interior,27.6,,2026-05-04|24.0|25.0,0.0,0.0,event_day_open,26.1,27.588354717903226,1.4346282609191054,0.029412165091617457,weather_plus_market_training,0.0008650754553765606,0.029853375668402432
2026-05-04,nan,Will the highest temperature in Hong Kong be 25°C on May 4?,interior,25.0,26.0,interior,27.6,,2026-05-04|25.0|26.0,0.0,0.0,event_day_open,26.1,27.588354717903226,1.4346282609191054,0.09851356413275031,weather_plus_market_training,0.009704922318137509,0.10371028263360213
2026-05-04,nan,Will the highest temperature in Hong Kong be 26°C or higher on May 4?,upper_tail,26.0,inf,upper_tail,27.6,,2026-05-04|26.0|inf,1.0,1.0,event_day_open,26.1,27.588354717903226,1.4346282609191054,0.8658863693244816,weather_plus_market_training,0.01798646593296935,0.14400159228008963
2026-05-05,nan,Will the highest temperature in Hong Kong be 18°C or below on May 5?,lower_tail,-inf,19.0,lower_tail,23.0,,2026-05-05|-inf|19.0,0.0,0.0,12h_prior,21.7,23.515986337313965,1.5331091597582756,0.0016114408179777686,weather_plus_market_training,2.59674150984486e-06,0.0016127405852524356
2026-05-05,nan,Will the highest temperature in Hong Kong be 19°C on May 5?,interior,19.0,20.0,interior,23.0,,2026-05-05|19.0|20.0,0.0,0.0,12h_prior,21.7,23.515986337313965,1.5331091597582756,0.009301919382432857,weather_plus_market_training,8.652570419728005e-05,0.009345452405284482
2026-05-05,nan,Will the highest temperature in Hong Kong be 20°C on May 5?,interior,20.0,21.0,interior,23.0,,2026-05-05|20.0|21.0,0.0,0.0,12h_prior,21.7,23.515986337313965,1.5331091597582756,0.039474908583118085,weather_plus_market_training,0.0015582684076455298,0.04027517382802599
2026-05-05,nan,Will the highest temperature in Hong Kong be 21°C on May 5?,interior,21.0,22.0,interior,23.0,,2026-05-05|21.0|22.0,0.0,0.0,12h_prior,21.7,23.515986337313965,1.5331091597582756,0.11098457275463162,weather_plus_market_training,0.01231757538952812,0.11764069013694817
2026-05-05,nan,Will the highest temperature in Hong Kong be 22°C on May 5?,interior,22.0,23.0,interior,23.0,,2026-05-05|22.0|23.0,0.0,0.0,12h_prior,21.7,23.515986337313965,1.5331091597582756,0.20685069867751987,weather_plus_market_training,0.04278721154337812,0.23174380101757705
2026-05-05,nan,Will the highest temperature in Hong Kong be 23°C on May 5?,interior,23.0,24.0,interior,23.0,,2026-05-05|23.0|24.0,1.0,1.0,12h_prior,21.7,23.515986337313965,1.5331091597582756,0.25566409467260026,weather_plus_market_training,0.5540359399595597,1.3638908262843084
2026-05-05,nan,Will the highest temperature in Hong Kong be 24°C on May 5?,interior,24.0,25.0,interior,23.0,,2026-05-05|24.0|25.0,0.0,0.0,12h_prior,21.7,23.515986337313965,1.5331091597582756,0.20958431590972038,weather_plus_market_training,0.04392558547534547,0.23519628951372423
2026-05-05,nan,Will the highest temperature in Hong Kong be 25°C on May 5?,interior,25.0,26.0,interior,23.0,,2026-05-05|25.0|26.0,0.0,0.0,12h_prior,21.7,23.515986337313965,1.5331091597582756,0.11393830489997592,weather_plus_market_training,0.012981937323479876,0.12096869750560325
2026-05-05,nan,Will the highest temperature in Hong Kong be 26°C on May 5?,interior,26.0,27.0,interior,23.0,,2026-05-05|26.0|27.0,0.0,0.0,12h_prior,21.7,23.515986337313965,1.5331091597582756,0.04106203475069525,weather_plus_market_training,0.0016860906978673046,0.041928893105163983
2026-05-05,nan,Will the highest temperature in Hong Kong be 27°C on May 5?,interior,27.0,28.0,interior,23.0,,2026-05-05|27.0|28.0,0.0,0.0,12h_prior,21.7,23.515986337313965,1.5331091597582756,0.009804234487642671,weather_plus_market_training,9.612301388868195e-05,0.009852612460284856
2026-05-05,nan,Will the highest temperature in Hong Kong be 28°C or higher on May 5?,upper_tail,28.0,inf,upper_tail,23.0,,2026-05-05|28.0|inf,0.0,0.0,12h_prior,21.7,23.515986337313965,1.5331091597582756,0.0017234750636853091,weather_plus_market_training,2.9703662951450804e-06,0.0017249619554924429
2026-05-05,nan,Will the highest temperature in Hong Kong be 18°C or below on May 5?,lower_tail,-inf,19.0,lower_tail,23.0,,2026-05-05|-inf|19.0,0.0,0.0,24h_prior,23.1,24.59442020347306,1.573793870659459,0.0001891800897274323,weather_plus_market_training,3.5789106349279334e-08,0.00018919798653781574
2026-05-05,nan,Will the highest temperature in Hong Kong be 19°C on May 5?,interior,19.0,20.0,interior,23.0,,2026-05-05|19.0|20.0,0.0,0.0,24h_prior,23.1,24.59442020347306,1.573793870659459,0.0015647555908936712,weather_plus_market_training,2.448460059233002e-06,0.001565981099504397
2026-05-05,nan,Will the highest temperature in Hong Kong be 20°C on May 5?,interior,20.0,21.0,interior,23.0,,2026-05-05|20.0|21.0,0.0,0.0,24h_prior,23.1,24.59442020347306,1.573793870659459,0.009434163889988741,weather_plus_market_training,8.90034483031675e-05,0.009478947500648364
2026-05-05,nan,Will the highest temperature in Hong Kong be 21°C on May 5?,interior,21.0,22.0,interior,23.0,,2026-05-05|21.0|22.0,0.0,0.0,24h_prior,23.1,24.59442020347306,1.573793870659459,0.03843558733499895,weather_plus_market_training,0.0014772943737863318,0.03919372434588136
2026-05-05,nan,Will the highest temperature in Hong Kong be 22°C on May 5?,interior,22.0,23.0,interior,23.0,,2026-05-05|22.0|23.0,0.0,0.0,24h_prior,23.1,24.59442020347306,1.573793870659459,0.1058810505562567,weather_plus_market_training,0.011210796866896586,0.11191645959033338
2026-05-05,nan,Will the highest temperature in Hong Kong be 23°C on May 5?,interior,23.0,24.0,interior,23.0,,2026-05-05|23.0|24.0,1.0,1.0,24h_prior,23.1,24.59442020347306,1.573793870659459,0.19732240749571356,weather_plus_market_training,0.6442913175084772,1.6229163017194437
2026-05-05,nan,Will the highest temperature in Hong Kong be 24°C on May 5?,interior,24.0,25.0,interior,23.0,,2026-05-05|24.0|25.0,0.0,0.0,24h_prior,23.1,24.59442020347306,1.573793870659459,0.2488568482007999,weather_plus_market_training,0.06192973089643596,0.2861590304703328
2026-05-05,nan,Will the highest temperature in Hong Kong be 25°C on May 5?,interior,25.0,26.0,interior,23.0,,2026-05-05|25.0|26.0,0.0,0.0,24h_prior,23.1,24.59442020347306,1.573793870659459,0.21241836170397965,weather_plus_market_training,0.04512156038900273,0.2387882459779851
2026-05-05,nan,Will the highest temperature in Hong Kong be 26°C on May 5?,interior,26.0,27.0,interior,23.0,,2026-05-05|26.0|27.0,0.0,0.0,24h_prior,23.1,24.59442020347306,1.573793870659459,0.12270625023026616,weather_plus_market_training,0.015056823845572694,0.13091339426650492
2026-05-05,nan,Will the highest temperature in Hong Kong be 27°C on May 5?,interior,27.0,28.0,interior,23.0,,2026-05-05|27.0|28.0,0.0,0.0,24h_prior,23.1,24.59442020347306,1.573793870659459,0.047956534486500946,weather_plus_market_training,0.0022998291999549547,0.04914458818102841
2026-05-05,nan,Will the highest temperature in Hong Kong be 28°C or higher on May 5?,upper_tail,28.0,inf,upper_tail,23.0,,2026-05-05|28.0|inf,0.0,0.0,24h_prior,23.1,24.59442020347306,1.573793870659459,0.015234860420874297,weather_plus_market_training,0.00023210097204352215,0.015352103216170079
2026-05-05,nan,Will the highest temperature in Hong Kong be 18°C or below on May 5?,lower_tail,-inf,19.0,lower_tail,23.0,,2026-05-05|-inf|19.0,0.0,0.0,6h_prior,22.5,24.298253075830228,1.530634420223455,0.0002686118138308051,weather_plus_market_training,7.215230652947509e-08,0.00026864789644564184
2026-05-05,nan,Will the highest temperature in Hong Kong be 19°C on May 5?,interior,19.0,20.0,interior,23.0,,2026-05-05|19.0|20.0,0.0,0.0,6h_prior,22.5,24.298253075830228,1.530634420223455,0.002222728536749717,weather_plus_market_training,4.940522148081538e-06,0.0022252024644167194
2026-05-05,nan,Will the highest temperature in Hong Kong be 20°C on May 5?,interior,20.0,21.0,interior,23.0,,2026-05-05|20.0|21.0,0.0,0.0,6h_prior,22.5,24.298253075830228,1.530634420223455,0.01309632903354362,weather_plus_market_training,0.00017151383415483755,0.01318284211663989
2026-05-05,nan,Will the highest temperature in Hong Kong be 21°C on May 5?,interior,21.0,22.0,interior,23.0,,2026-05-05|21.0|22.0,0.0,0.0,6h_prior,22.5,24.298253075830228,1.530634420223455,0.05102501013364053,weather_plus_market_training,0.002603551659138119,0.05237283491721169
2026-05-05,nan,Will the highest temperature in Hong Kong be 22°C on May 5?,interior,22.0,23.0,interior,23.0,,2026-05-05|22.0|23.0,0.0,0.0,6h_prior,22.5,24.298253075830228,1.530634420223455,0.131556264976046,weather_plus_market_training,0.017307050854447628,0.1410524794825113
2026-05-05,nan,Will the highest temperature in Hong Kong be 23°C on May 5?,interior,23.0,24.0,interior,23.0,,2026-05-05|23.0|24.0,1.0,1.0,6h_prior,22.5,24.298253075830228,1.530634420223455,0.22458395336836495,weather_plus_market_training,0.6012700453738341,1.4935056846069625
2026-05-05,nan,Will the highest temperature in Hong Kong be 24°C on May 5?,interior,24.0,25.0,interior,23.0,,2026-05-05|24.0|25.0,0.0,0.0,6h_prior,22.5,24.298253075830228,1.530634420223455,0.25393898374615864,weather_plus_market_training,0.06448500746603182,0.29294789089810763
2026-05-05,nan,Will the highest temperature in Hong Kong be 25°C on May 5?,interior,25.0,26.0,interior,23.0,,2026-05-05|25.0|26.0,0.0,0.0,6h_prior,22.5,24.298253075830228,1.530634420223455,0.19019429705329827,weather_plus_market_training,0.036173870631598264,0.21096093299506596
2026-05-05,nan,Will the highest temperature in Hong Kong be 26°C on May 5?,interior,26.0,27.0,interior,23.0,,2026-05-05|26.0|27.0,0.0,0.0,6h_prior,22.5,24.298253075830228,1.530634420223455,0.09434166434074698,weather_plus_market_training,0.00890034963058217,0.09909315702301347
2026-05-05,nan,Will the highest temperature in Hong Kong be 27°C on May 5?,interior,27.0,28.0,interior,23.0,,2026-05-05|27.0|28.0,0.0,0.0,6h_prior,22.5,24.298253075830228,1.530634420223455,0.0309785408649339,weather_plus_market_training,0.0009596699941203797,0.0314685216863591
2026-05-05,nan,Will the highest temperature in Hong Kong be 28°C or higher on May 5?,upper_tail,28.0,inf,upper_tail,23.0,,2026-05-05|28.0|inf,0.0,0.0,6h_prior,22.5,24.298253075830228,1.530634420223455,0.007793616132686587,weather_plus_market_training,6.0740452423672634e-05,0.007824145082960726
2026-05-05,nan,Will the highest temperature in Hong Kong be 18°C or below on May 5?,lower_tail,-inf,19.0,lower_tail,23.0,,2026-05-05|-inf|19.0,0.0,0.0,event_day_open,22.0,23.72168832340206,1.4282716077938489,0.0004734004873767087,weather_plus_market_training,2.2410802144850536e-07,0.0004735125767643301
2026-05-05,nan,Will the highest temperature in Hong Kong be 19°C on May 5?,interior,19.0,20.0,interior,23.0,,2026-05-05|19.0|20.0,0.0,0.0,event_day_open,22.0,23.72168832340206,1.4282716077938489,0.004110551797120129,weather_plus_market_training,1.6896636076807523e-05,0.004119023338267427
2026-05-05,nan,Will the highest temperature in Hong Kong be 20°C on May 5?,interior,20.0,21.0,interior,23.0,,2026-05-05|20.0|21.0,0.0,0.0,event_day_open,22.0,23.72168832340206,1.4282716077938489,0.023768292986795104,weather_plus_market_training,0.0005649317515061333,0.024055316018442945
2026-05-05,nan,Will the highest temperature in Hong Kong be 21°C on May 5?,interior,21.0,22.0,interior,23.0,,2026-05-05|21.0|22.0,0.0,0.0,event_day_open,22.0,23.72168832340206,1.4282716077938489,0.08566549851339349,weather_plus_market_training,0.0073385776355482215,0.08955879911235878
2026-05-05,nan,Will the highest temperature in Hong Kong be 22°C on May 5?,interior,22.0,23.0,interior,23.0,,2026-05-05|22.0|23.0,0.0,0.0,event_day_open,22.0,23.72168832340206,1.4282716077938489,0.19266058561857824,weather_plus_market_training,0.037118101250893515,0.21401111130122258
2026-05-05,nan,Will the highest temperature in Hong Kong be 23°C on May 5?,interior,23.0,24.0,interior,23.0,,2026-05-05|23.0|24.0,1.0,1.0,event_day_open,22.0,23.72168832340206,1.4282716077938489,0.27057003176816485,weather_plus_market_training,0.5320680785546961,1.3072243167244173
2026-05-05,nan,Will the highest temperature in Hong Kong be 24°C on May 5?,interior,24.0,25.0,interior,23.0,,2026-05-05|24.0|25.0,0.0,0.0,event_day_open,22.0,23.72168832340206,1.4282716077938489,0.23735970189490918,weather_plus_market_training,0.05633962808364015,0.27096878991116374
2026-05-05,nan,Will the highest temperature in Hong Kong be 25°C on May 5?,interior,25.0,26.0,interior,23.0,,2026-05-05|25.0|26.0,0.0,0.0,event_day_open,22.0,23.72168832340206,1.4282716077938489,0.130052918978244,weather_plus_market_training,0.0169137617347617,0.13932289559528357
2026-05-05,nan,Will the highest temperature in Hong Kong be 26°C on May 5?,interior,26.0,27.0,interior,23.0,,2026-05-05|26.0|27.0,0.0,0.0,event_day_open,22.0,23.72168832340206,1.4282716077938489,0.04448104624217031,weather_plus_market_training,0.0019785634747980932,0.04550067901730462
2026-05-05,nan,Will the highest temperature in Hong Kong be 27°C on May 5?,interior,27.0,28.0,interior,23.0,,2026-05-05|27.0|28.0,0.0,0.0,event_day_open,22.0,23.72168832340206,1.4282716077938489,0.00948775639820576,weather_plus_market_training,9.001752147169433e-05,0.009533051888333966
2026-05-05,nan,Will the highest temperature in Hong Kong be 28°C or higher on May 5?,upper_tail,28.0,inf,upper_tail,23.0,,2026-05-05|28.0|inf,0.0,0.0,event_day_open,22.0,23.72168832340206,1.4282716077938489,0.0013702153150422225,weather_plus_market_training,1.877490009576257e-06,0.0013711549184510748
2026-05-06,nan,Will the highest temperature in Hong Kong be 21°C or below on May 6?,lower_tail,-inf,22.0,lower_tail,24.6,,2026-05-06|-inf|22.0,0.0,0.0,12h_prior,24.7,26.204511470630944,1.5385633728063983,0.003140384324395213,weather_plus_market_training,9.862013704907179e-06,0.003145325679128173
2026-05-06,nan,Will the highest temperature in Hong Kong be 22°C on May 6?,interior,22.0,23.0,interior,24.6,,2026-05-06|22.0|23.0,0.0,0.0,12h_prior,24.7,26.204511470630944,1.5385633728063983,0.01549459109927732,weather_plus_market_training,0.00024008235333380392,0.015615886859417628
2026-05-06,nan,Will the highest temperature in Hong Kong be 23°C on May 6?,interior,23.0,24.0,interior,24.6,,2026-05-06|23.0|24.0,0.0,0.0,12h_prior,24.7,26.204511470630944,1.5385633728063983,0.057317149341414554,weather_plus_market_training,0.003285255608626019,0.05902537247289809
2026-05-06,nan,Will the highest temperature in Hong Kong be 24°C on May 6?,interior,24.0,25.0,interior,24.6,,2026-05-06|24.0|25.0,1.0,1.0,12h_prior,24.7,26.204511470630944,1.5385633728063983,0.14089648028622512,weather_plus_market_training,0.7380588575845963,1.9597298406150272
2026-05-06,nan,Will the highest temperature in Hong Kong be 25°C on May 6?,interior,25.0,26.0,interior,24.6,,2026-05-06|25.0|26.0,0.0,0.0,12h_prior,24.7,26.204511470630944,1.5385633728063983,0.23027827346604535,weather_plus_market_training,0.053028083230502766,0.26172622356474434
2026-05-06,nan,Will the highest temperature in Hong Kong be 26°C on May 6?,interior,26.0,27.0,interior,24.6,,2026-05-06|26.0|27.0,0.0,0.0,12h_prior,24.7,26.204511470630944,1.5385633728063983,0.25030667197529444,weather_plus_market_training,0.06265343003534765,0.2880910520395917
2026-05-06,nan,Will the highest temperature in Hong Kong be 27°C on May 6?,interior,27.0,28.0,interior,24.6,,2026-05-06|27.0|28.0,0.0,0.0,12h_prior,24.7,26.204511470630944,1.5385633728063983,0.18095930575437003,weather_plus_market_training,0.03274627033910358,0.19962150863985975
2026-05-06,nan,Will the highest temperature in Hong Kong be 28°C on May 6?,interior,28.0,29.0,interior,24.6,,2026-05-06|28.0|29.0,0.0,0.0,12h_prior,24.7,26.204511470630944,1.5385633728063983,0.08699455035712333,weather_plus_market_training,0.0075680517918380675,0.0910134294642634
2026-05-06,nan,Will the highest temperature in Hong Kong be 29°C on May 6?,interior,29.0,30.0,interior,24.6,,2026-05-06|29.0|30.0,0.0,0.0,12h_prior,24.7,26.204511470630944,1.5385633728063983,0.02779825369989264,weather_plus_market_training,0.0007727429087635947,0.02819193813694221
2026-05-06,nan,Will the highest temperature in Hong Kong be 30°C on May 6?,interior,30.0,31.0,interior,24.6,,2026-05-06|30.0|31.0,0.0,0.0,12h_prior,24.7,26.204511470630944,1.5385633728063983,0.005900401745636996,weather_plus_market_training,3.481474075991611e-05,0.005917877894123287
2026-05-06,nan,Will the highest temperature in Hong Kong be 31°C or higher on May 6?,upper_tail,31.0,inf,upper_tail,24.6,,2026-05-06|31.0|inf,0.0,0.0,12h_prior,24.7,26.204511470630944,1.5385633728063983,0.0009139379503250167,weather_plus_market_training,8.352825770442927e-07,0.0009143558462535728
2026-05-06,nan,Will the highest temperature in Hong Kong be 21°C or below on May 6?,lower_tail,-inf,22.0,lower_tail,24.6,,2026-05-06|-inf|22.0,0.0,0.0,24h_prior,24.8,26.256042017931925,1.5740376121350803,0.0034265342307140344,weather_plus_market_training,1.174113683425502e-05,0.003432418244158574
2026-05-06,nan,Will the highest temperature in Hong Kong be 22°C on May 6?,interior,22.0,23.0,interior,24.6,,2026-05-06|22.0|23.0,0.0,0.0,24h_prior,24.8,26.256042017931925,1.5740376121350803,0.015865648306289677,weather_plus_market_training,0.0002517187961788725,0.01599285497601648
2026-05-06,nan,Will the highest temperature in Hong Kong be 23°C on May 6?,interior,23.0,24.0,interior,24.6,,2026-05-06|23.0|24.0,0.0,0.0,24h_prior,24.8,26.256042017931925,1.5740376121350803,0.056596246035067244,weather_plus_market_training,0.0032031350652618647,0.05826092895298078
2026-05-06,nan,Will the highest temperature in Hong Kong be 24°C on May 6?,interior,24.0,25.0,interior,24.6,,2026-05-06|24.0|25.0,1.0,1.0,24h_prior,24.8,26.256042017931925,1.5740376121350803,0.13655418944062142,weather_plus_market_training,0.7455386677725422,1.9910337508987073
2026-05-06,nan,Will the highest temperature in Hong Kong be 25°C on May 6?,interior,25.0,26.0,interior,24.6,,2026-05-06|25.0|26.0,0.0,0.0,24h_prior,24.8,26.256042017931925,1.5740376121350803,0.22294818732809119,weather_plus_market_training,0.04970589423288164,0.2522482478622708
2026-05-06,nan,Will the highest temperature in Hong Kong be 26°C on May 6?,interior,26.0,27.0,interior,24.6,,2026-05-06|26.0|27.0,0.0,0.0,24h_prior,24.8,26.256042017931925,1.5740376121350803,0.24637527301151385,weather_plus_market_training,0.060700775151497986,0.2828607444370402
2026-05-06,nan,Will the highest temperature in Hong Kong be 27°C on May 6?,interior,27.0,28.0,interior,24.6,,2026-05-06|27.0|28.0,0.0,0.0,24h_prior,24.8,26.256042017931925,1.5740376121350803,0.1842926294827163,weather_plus_market_training,0.03396377328165375,0.20369960289776173
2026-05-06,nan,Will the highest temperature in Hong Kong be 28°C on May 6?,interior,28.0,29.0,interior,24.6,,2026-05-06|28.0|29.0,0.0,0.0,24h_prior,24.8,26.256042017931925,1.5740376121350803,0.09329725277160539,weather_plus_market_training,0.008704377374728829,0.09794061441479335
2026-05-06,nan,Will the highest temperature in Hong Kong be 29°C on May 6?,interior,29.0,30.0,interior,24.6,,2026-05-06|29.0|30.0,0.0,0.0,24h_prior,24.8,26.256042017931925,1.5740376121350803,0.031954061142852375,weather_plus_market_training,0.001021062023521148,0.03247573533457809
2026-05-06,nan,Will the highest temperature in Hong Kong be 30°C on May 6?,interior,30.0,31.0,interior,24.6,,2026-05-06|30.0|31.0,0.0,0.0,24h_prior,24.8,26.256042017931925,1.5740376121350803,0.007400322489160893,weather_plus_market_training,5.476477294358048e-05,0.007427840722221245
2026-05-06,nan,Will the highest temperature in Hong Kong be 31°C or higher on May 6?,upper_tail,31.0,inf,upper_tail,24.6,,2026-05-06|31.0|inf,0.0,0.0,24h_prior,24.8,26.256042017931925,1.5740376121350803,0.0012896557613676363,weather_plus_market_training,1.6632119828287375e-06,0.0012904880830416387
2026-05-06,nan,Will the highest temperature in Hong Kong be 21°C or below on May 6?,lower_tail,-inf,22.0,lower_tail,24.6,,2026-05-06|-inf|22.0,0.0,0.0,6h_prior,24.9,26.42197003537679,1.5360388403032152,0.00199586875989587,weather_plus_market_training,3.983492106728277e-06,0.0019978631600984583
2026-05-06,nan,Will the highest temperature in Hong Kong be 22°C on May 6?,interior,22.0,23.0,interior,24.6,,2026-05-06|22.0|23.0,0.0,0.0,6h_prior,24.9,26.42197003537679,1.5360388403032152,0.010951434218485432,weather_plus_market_training,0.00011993391144181363,0.011011842618151675
2026-05-06,nan,Will the highest temperature in Hong Kong be 23°C on May 6?,interior,23.0,24.0,interior,24.6,,2026-05-06|23.0|24.0,0.0,0.0,6h_prior,24.9,26.42197003537679,1.5360388403032152,0.044477669261720226,weather_plus_market_training,0.0019782630629549725,0.04549714483886749
2026-05-06,nan,Will the highest temperature in Hong Kong be 24°C on May 6?,interior,24.0,25.0,interior,24.6,,2026-05-06|24.0|25.0,1.0,1.0,6h_prior,24.9,26.42197003537679,1.5360388403032152,0.1198660185497442,weather_plus_market_training,0.7746358253034792,2.121380672049511
2026-05-06,nan,Will the highest temperature in Hong Kong be 25°C on May 6?,interior,25.0,26.0,interior,24.6,,2026-05-06|25.0|26.0,0.0,0.0,6h_prior,24.9,26.42197003537679,1.5360388403032152,0.21447733120106388,weather_plus_market_training,0.04600052559913085,0.24140596263357497
2026-05-06,nan,Will the highest temperature in Hong Kong be 26°C on May 6?,interior,26.0,27.0,interior,24.6,,2026-05-06|26.0|27.0,0.0,0.0,6h_prior,24.9,26.42197003537679,1.5360388403032152,0.2548892266293509,weather_plus_market_training,0.0649685178517086,0.2942223825675847
2026-05-06,nan,Will the highest temperature in Hong Kong be 27°C on May 6?,interior,27.0,28.0,interior,24.6,,2026-05-06|27.0|28.0,0.0,0.0,6h_prior,24.9,26.42197003537679,1.5360388403032152,0.20121161455171122,weather_plus_market_training,0.040486113830506404,0.2246592175458222
2026-05-06,nan,Will the highest temperature in Hong Kong be 28°C on May 6?,interior,28.0,29.0,interior,24.6,,2026-05-06|28.0|29.0,0.0,0.0,6h_prior,24.9,26.42197003537679,1.5360388403032152,0.1054926585103001,weather_plus_market_training,0.01112870099957079,0.11148216870013468
2026-05-06,nan,Will the highest temperature in Hong Kong be 29°C on May 6?,interior,29.0,30.0,interior,24.6,,2026-05-06|29.0|30.0,0.0,0.0,6h_prior,24.9,26.42197003537679,1.5360388403032152,0.03671890998692984,weather_plus_market_training,0.0013482783506282557,0.03741001983470963
2026-05-06,nan,Will the highest temperature in Hong Kong be 30°C on May 6?,interior,30.0,31.0,interior,24.6,,2026-05-06|30.0|31.0,0.0,0.0,6h_prior,24.9,26.42197003537679,1.5360388403032152,0.008479967865339999,weather_plus_market_training,7.190985499719902e-05,0.008516127358847726
2026-05-06,nan,Will the highest temperature in Hong Kong be 31°C or higher on May 6?,upper_tail,31.0,inf,upper_tail,24.6,,2026-05-06|31.0|inf,0.0,0.0,6h_prior,24.9,26.42197003537679,1.5360388403032152,0.0014393004654583708,weather_plus_market_training,2.0715858298686826e-06,0.0014403372533255585
2026-05-06,nan,Will the highest temperature in Hong Kong be 21°C or below on May 6?,lower_tail,-inf,22.0,lower_tail,24.6,,2026-05-06|-inf|22.0,0.0,0.0,event_day_open,25.5,27.01506885683344,1.4348676005494694,0.00023690304393598227,weather_plus_market_training,5.6123052226133943e-08,0.00023693110989478447
2026-05-06,nan,Will the highest temperature in Hong Kong be 22°C on May 6?,interior,22.0,23.0,interior,24.6,,2026-05-06|22.0|23.0,0.0,0.0,event_day_open,25.5,27.01506885683344,1.4348676005494694,0.002332387214796646,weather_plus_market_training,5.440030119746856e-06,0.0023351114666877587
2026-05-06,nan,Will the highest temperature in Hong Kong be 23°C on May 6?,interior,23.0,24.0,interior,24.6,,2026-05-06|23.0|24.0,0.0,0.0,event_day_open,25.5,27.01506885683344,1.4348676005494694,0.01523859310001422,weather_plus_market_training,0.00023221471966780103,0.015355893649100841
2026-05-06,nan,Will the highest temperature in Hong Kong be 24°C on May 6?,interior,24.0,25.0,interior,24.6,,2026-05-06|24.0|25.0,1.0,1.0,event_day_open,25.5,27.01506885683344,1.4348676005494694,0.06229814189385689,weather_plus_market_training,0.8792847746957134,2.7758236787722415
2026-05-06,nan,Will the highest temperature in Hong Kong be 25°C on May 6?,interior,25.0,26.0,interior,24.6,,2026-05-06|25.0|26.0,0.0,0.0,event_day_open,25.5,27.01506885683344,1.4348676005494694,0.15954352255838677,weather_plus_market_training,0.02545413559033847,0.17381010922122728
2026-05-06,nan,Will the highest temperature in Hong Kong be 26°C on May 6?,interior,26.0,27.0,interior,24.6,,2026-05-06|26.0|27.0,0.0,0.0,event_day_open,25.5,27.01506885683344,1.4348676005494694,0.2561608714888873,weather_plus_market_training,0.06561839208194623,0.2959304926485387
2026-05-06,nan,Will the highest temperature in Hong Kong be 27°C on May 6?,interior,27.0,28.0,interior,24.6,,2026-05-06|27.0|28.0,0.0,0.0,event_day_open,25.5,27.01506885683344,1.4348676005494694,0.25796748108613954,weather_plus_market_training,0.06654722129792776,0.2983622107456274
2026-05-06,nan,Will the highest temperature in Hong Kong be 28°C on May 6?,interior,28.0,29.0,interior,24.6,,2026-05-06|28.0|29.0,0.0,0.0,event_day_open,25.5,27.01506885683344,1.4348676005494694,0.16294406541707052,weather_plus_market_training,0.026550768454642555,0.17786438326681975
2026-05-06,nan,Will the highest temperature in Hong Kong be 29°C on May 6?,interior,29.0,30.0,interior,24.6,,2026-05-06|29.0|30.0,0.0,0.0,event_day_open,25.5,27.01506885683344,1.4348676005494694,0.06452825752845648,weather_plus_market_training,0.0041638960196588,0.06670433952692993
2026-05-06,nan,Will the highest temperature in Hong Kong be 30°C on May 6?,interior,30.0,31.0,interior,24.6,,2026-05-06|30.0|31.0,0.0,0.0,event_day_open,25.5,27.01506885683344,1.4348676005494694,0.01600840421201266,weather_plus_market_training,0.00025626900541518473,0.016137922832223556
2026-05-06,nan,Will the highest temperature in Hong Kong be 31°C or higher on May 6?,upper_tail,31.0,inf,upper_tail,24.6,,2026-05-06|31.0|inf,0.0,0.0,event_day_open,25.5,27.01506885683344,1.4348676005494694,0.002741372456443014,weather_plus_market_training,7.515122944944406e-06,0.00274513689931614
2026-05-07,nan,Will the highest temperature in Hong Kong be 22°C or below on May 7?,lower_tail,-inf,23.0,lower_tail,29.3,,2026-05-07|-inf|23.0,0.0,0.0,12h_prior,25.3,26.757206444108323,1.5410777784711722,0.00738360734861348,weather_plus_market_training,5.451765747849898e-05,0.007411001103804805
2026-05-07,nan,Will the highest temperature in Hong Kong be 23°C on May 7?,interior,23.0,24.0,interior,29.3,,2026-05-07|23.0|24.0,0.0,0.0,12h_prior,25.3,26.757206444108323,1.5410777784711722,0.02941239538994434,weather_plus_market_training,0.0008650890025744192,0.029853612945592495
2026-05-07,nan,Will the highest temperature in Hong Kong be 24°C on May 7?,interior,24.0,25.0,interior,29.3,,2026-05-07|24.0|25.0,0.0,0.0,12h_prior,25.3,26.757206444108323,1.5410777784711722,0.09029609081407797,weather_plus_market_training,0.008153384016304216,0.09463610693798069
2026-05-07,nan,Will the highest temperature in Hong Kong be 25°C on May 7?,interior,25.0,26.0,interior,29.3,,2026-05-07|25.0|26.0,0.0,0.0,12h_prior,25.3,26.757206444108323,1.5410777784711722,0.1844978541976932,weather_plus_market_training,0.034039458203553266,0.2039512256525415
2026-05-07,nan,Will the highest temperature in Hong Kong be 26°C on May 7?,interior,26.0,27.0,interior,29.3,,2026-05-07|26.0|27.0,0.0,0.0,12h_prior,25.3,26.757206444108323,1.5410777784711722,0.25100351898706985,weather_plus_market_training,0.06300276654389234,0.28902099372304363
2026-05-07,nan,Will the highest temperature in Hong Kong be 27°C on May 7?,interior,27.0,28.0,interior,29.3,,2026-05-07|27.0|28.0,0.0,0.0,12h_prior,25.3,26.757206444108323,1.5410777784711722,0.22741320806604315,weather_plus_market_training,0.05171676720288943,0.2580109245031847
2026-05-07,nan,Will the highest temperature in Hong Kong be 28°C on May 7?,interior,28.0,29.0,interior,29.3,,2026-05-07|28.0|29.0,0.0,0.0,12h_prior,25.3,26.757206444108323,1.5410777784711722,0.13720587380022398,weather_plus_market_training,0.01882545180528299,0.1475791723255247
2026-05-07,nan,Will the highest temperature in Hong Kong be 29°C on May 7?,interior,29.0,30.0,interior,29.3,,2026-05-07|29.0|30.0,1.0,1.0,12h_prior,25.3,26.757206444108323,1.5410777784711722,0.05510858122993578,weather_plus_market_training,0.8928197932653049,2.898449835749072
2026-05-07,nan,Will the highest temperature in Hong Kong be 30°C on May 7?,interior,30.0,31.0,interior,29.3,,2026-05-07|30.0|31.0,0.0,0.0,12h_prior,25.3,26.757206444108323,1.5410777784711722,0.014727483226561255,weather_plus_market_training,0.00021689876218864313,0.014837009300178025
2026-05-07,nan,Will the highest temperature in Hong Kong be 31°C on May 7?,interior,31.0,32.0,interior,29.3,,2026-05-07|31.0|32.0,0.0,0.0,12h_prior,25.3,26.757206444108323,1.5410777784711722,0.0026169510375311233,weather_plus_market_training,6.848432732835223e-06,0.0026203812396517817
2026-05-07,nan,Will the highest temperature in Hong Kong be 32°C or higher on May 7?,upper_tail,32.0,inf,upper_tail,29.3,,2026-05-07|32.0|inf,0.0,0.0,12h_prior,25.3,26.757206444108323,1.5410777784711722,0.00033443590230586295,weather_plus_market_training,1.118473727511367e-07,0.00033449183846395914
2026-05-07,nan,Will the highest temperature in Hong Kong be 22°C or below on May 7?,lower_tail,-inf,23.0,lower_tail,29.3,,2026-05-07|-inf|23.0,0.0,0.0,24h_prior,25.9,27.34497663578276,1.574179842902636,0.0028887181133241888,weather_plus_market_training,8.34469233824726e-06,0.0028928985120966998
2026-05-07,nan,Will the highest temperature in Hong Kong be 23°C on May 7?,interior,23.0,24.0,interior,29.3,,2026-05-07|23.0|24.0,0.0,0.0,24h_prior,25.9,27.34497663578276,1.574179842902636,0.013908710838761402,weather_plus_market_training,0.00019345223719627888,0.014006343309035479
2026-05-07,nan,Will the highest temperature in Hong Kong be 24°C on May 7?,interior,24.0,25.0,interior,29.3,,2026-05-07|24.0|25.0,0.0,0.0,24h_prior,25.9,27.34497663578276,1.574179842902636,0.051360745647035855,weather_plus_market_training,0.0026379261934195127,0.05272668504025028
2026-05-07,nan,Will the highest temperature in Hong Kong be 25°C on May 7?,interior,25.0,26.0,interior,29.3,,2026-05-07|25.0|26.0,0.0,0.0,24h_prior,25.9,27.34497663578276,1.574179842902636,0.12828398465700525,weather_plus_market_training,0.01645678071947876,0.13729157859352106
2026-05-07,nan,Will the highest temperature in Hong Kong be 26°C on May 7?,interior,26.0,27.0,interior,29.3,,2026-05-07|26.0|27.0,0.0,0.0,24h_prior,25.9,27.34497663578276,1.574179842902636,0.2168256487941299,weather_plus_market_training,0.04701336197499537,0.24439993701777923
2026-05-07,nan,Will the highest temperature in Hong Kong be 27°C on May 7?,interior,27.0,28.0,interior,29.3,,2026-05-07|27.0|28.0,0.0,0.0,24h_prior,25.9,27.34497663578276,1.574179842902636,0.24806543443736023,weather_plus_market_training,0.061536459762596266,0.28510597269769294
2026-05-07,nan,Will the highest temperature in Hong Kong be 28°C on May 7?,interior,28.0,29.0,interior,29.3,,2026-05-07|28.0|29.0,0.0,0.0,24h_prior,25.9,27.34497663578276,1.574179842902636,0.1921191908559463,weather_plus_market_training,0.036909783495143525,0.21334074477779572
2026-05-07,nan,Will the highest temperature in Hong Kong be 29°C on May 7?,interior,29.0,30.0,interior,29.3,,2026-05-07|29.0|30.0,1.0,1.0,24h_prior,25.9,27.34497663578276,1.574179842902636,0.10070813212725482,weather_plus_market_training,0.808725863622051,2.2955287265375257
2026-05-07,nan,Will the highest temperature in Hong Kong be 30°C on May 7?,interior,30.0,31.0,interior,29.3,,2026-05-07|30.0|31.0,0.0,0.0,24h_prior,25.9,27.34497663578276,1.574179842902636,0.035719165325950986,weather_plus_market_training,0.0012758587715826191,0.036372704521701646
2026-05-07,nan,Will the highest temperature in Hong Kong be 31°C on May 7?,interior,31.0,32.0,interior,29.3,,2026-05-07|31.0|32.0,0.0,0.0,24h_prior,25.9,27.34497663578276,1.574179842902636,0.008567583947143076,weather_plus_market_training,7.340349469134373e-05,0.008604496681006891
2026-05-07,nan,Will the highest temperature in Hong Kong be 32°C or higher on May 7?,upper_tail,32.0,inf,upper_tail,29.3,,2026-05-07|32.0|inf,0.0,0.0,24h_prior,25.9,27.34497663578276,1.574179842902636,0.0015526852560879822,weather_plus_market_training,2.410831504473003e-06,0.0015538919210492303
2026-05-07,nan,Will the highest temperature in Hong Kong be 22°C or below on May 7?,lower_tail,-inf,23.0,lower_tail,29.3,,2026-05-07|-inf|23.0,0.0,0.0,6h_prior,26.3,27.715272047171013,1.5406624271945977,0.0011046599565318518,weather_plus_market_training,1.2202736195649527e-06,0.0011052705430433748
2026-05-07,nan,Will the highest temperature in Hong Kong be 23°C on May 7?,interior,23.0,24.0,interior,29.3,,2026-05-07|23.0|24.0,0.0,0.0,6h_prior,26.3,27.715272047171013,1.5406624271945977,0.006839366447948692,weather_plus_market_training,4.677693340932631e-05,0.00686286210621354
2026-05-07,nan,Will the highest temperature in Hong Kong be 24°C on May 7?,interior,24.0,25.0,interior,29.3,,2026-05-07|24.0|25.0,0.0,0.0,6h_prior,26.3,27.715272047171013,1.5406624271945977,0.0310563724914856,weather_plus_market_training,0.0009644982723299036,0.03154884472946239
2026-05-07,nan,Will the highest temperature in Hong Kong be 25°C on May 7?,interior,25.0,26.0,interior,29.3,,2026-05-07|25.0|26.0,0.0,0.0,6h_prior,26.3,27.715272047171013,1.5406624271945977,0.09378208001470015,weather_plus_market_training,0.00879507853188362,0.09847547207670954
2026-05-07,nan,Will the highest temperature in Hong Kong be 26°C on May 7?,interior,26.0,27.0,interior,29.3,,2026-05-07|26.0|27.0,0.0,0.0,6h_prior,26.3,27.715272047171013,1.5406624271945977,0.18844730510369634,weather_plus_market_training,0.03551238680084562,0.20880595895848128
2026-05-07,nan,Will the highest temperature in Hong Kong be 27°C on May 7?,interior,27.0,28.0,interior,29.3,,2026-05-07|27.0|28.0,0.0,0.0,6h_prior,26.3,27.715272047171013,1.5406624271945977,0.25208070782277103,weather_plus_market_training,0.06354468325642926,0.2904602049878697
2026-05-07,nan,Will the highest temperature in Hong Kong be 28°C on May 7?,interior,28.0,29.0,interior,29.3,,2026-05-07|28.0|29.0,0.0,0.0,6h_prior,26.3,27.715272047171013,1.5406624271945977,0.2245152712324674,weather_plus_market_training,0.050407107016588404,0.2542669886709346
2026-05-07,nan,Will the highest temperature in Hong Kong be 29°C on May 7?,interior,29.0,30.0,interior,29.3,,2026-05-07|29.0|30.0,1.0,1.0,6h_prior,26.3,27.715272047171013,1.5406624271945977,0.13313061387544933,weather_plus_market_training,0.7514625325999553,2.016424573451148
2026-05-07,nan,Will the highest temperature in Hong Kong be 30°C on May 7?,interior,30.0,31.0,interior,29.3,,2026-05-07|30.0|31.0,0.0,0.0,6h_prior,26.3,27.715272047171013,1.5406624271945977,0.05254115108840285,weather_plus_market_training,0.0027605725576943757,0.05397177419658453
2026-05-07,nan,Will the highest temperature in Hong Kong be 31°C on May 7?,interior,31.0,32.0,interior,29.3,,2026-05-07|31.0|32.0,0.0,0.0,6h_prior,26.3,27.715272047171013,1.5406624271945977,0.013793674557856073,weather_plus_market_training,0.00019026545780804593,0.013889691257961585
2026-05-07,nan,Will the highest temperature in Hong Kong be 32°C or higher on May 7?,upper_tail,32.0,inf,upper_tail,29.3,,2026-05-07|32.0|inf,0.0,0.0,6h_prior,26.3,27.715272047171013,1.5406624271945977,0.0027087974086906774,weather_plus_market_training,7.337583401329329e-06,0.0027124728392229104
2026-05-07,nan,Will the highest temperature in Hong Kong be 22°C or below on May 7?,lower_tail,-inf,23.0,lower_tail,29.3,,2026-05-07|-inf|23.0,0.0,0.0,event_day_open,26.7,28.186734065233555,1.438537643666182,0.0001557401394031384,weather_plus_market_training,2.4254991021308978e-08,0.00015575226815793178
2026-05-07,nan,Will the highest temperature in Hong Kong be 23°C on May 7?,interior,23.0,24.0,interior,29.3,,2026-05-07|23.0|24.0,0.0,0.0,event_day_open,26.7,28.186734065233555,1.438537643666182,0.001649035511730399,weather_plus_market_training,2.719318118947939e-06,0.0016503966673916497
2026-05-07,nan,Will the highest temperature in Hong Kong be 24°C on May 7?,interior,24.0,25.0,interior,29.3,,2026-05-07|24.0|25.0,0.0,0.0,event_day_open,26.7,28.186734065233555,1.438537643666182,0.011566356108826973,weather_plus_market_training,0.00013378059363619905,0.011633766706423238
2026-05-07,nan,Will the highest temperature in Hong Kong be 25°C on May 7?,interior,25.0,26.0,interior,29.3,,2026-05-07|25.0|26.0,0.0,0.0,event_day_open,26.7,28.186734065233555,1.438537643666182,0.05087065570800774,weather_plus_market_training,0.002587823612162661,0.052210194304474745
2026-05-07,nan,Will the highest temperature in Hong Kong be 26°C on May 7?,interior,26.0,27.0,interior,29.3,,2026-05-07|26.0|27.0,0.0,0.0,event_day_open,26.7,28.186734065233555,1.438537643666182,0.1404557473940447,weather_plus_market_training,0.019727816976019694,0.15135296903207823
2026-05-07,nan,Will the highest temperature in Hong Kong be 27°C on May 7?,interior,27.0,28.0,interior,29.3,,2026-05-07|27.0|28.0,0.0,0.0,event_day_open,26.7,28.186734065233555,1.438537643666182,0.24366152986656947,weather_plus_market_training,0.05937094113691713,0.27926629117892837
2026-05-07,nan,Will the highest temperature in Hong Kong be 28°C on May 7?,interior,28.0,29.0,interior,29.3,,2026-05-07|28.0|29.0,0.0,0.0,event_day_open,26.7,28.186734065233555,1.438537643666182,0.26572039603616915,weather_plus_market_training,0.07060732886961858,0.30886539107289884
2026-05-07,nan,Will the highest temperature in Hong Kong be 29°C on May 7?,interior,29.0,30.0,interior,29.3,,2026-05-07|29.0|30.0,1.0,1.0,event_day_open,26.7,28.186734065233555,1.438537643666182,0.1821746663534074,weather_plus_market_training,0.6688382763541605,1.7027893468894835
2026-05-07,nan,Will the highest temperature in Hong Kong be 30°C on May 7?,interior,30.0,31.0,interior,29.3,,2026-05-07|30.0|31.0,0.0,0.0,event_day_open,26.7,28.186734065233555,1.438537643666182,0.07849225535916016,weather_plus_market_training,0.006161034151367606,0.08174409752250807
2026-05-07,nan,Will the highest temperature in Hong Kong be 31°C on May 7?,interior,31.0,32.0,interior,29.3,,2026-05-07|31.0|32.0,0.0,0.0,event_day_open,26.7,28.186734065233555,1.438537643666182,0.02123846892937309,weather_plus_market_training,0.0004510725624639461,0.021467250320596768
2026-05-07,nan,Will the highest temperature in Hong Kong be 32°C or higher on May 7?,upper_tail,32.0,inf,upper_tail,29.3,,2026-05-07|32.0|inf,0.0,0.0,event_day_open,26.7,28.186734065233555,1.438537643666182,0.00401514859330776,weather_plus_market_training,1.6121418226341285e-05,0.004023230944235275
2026-05-08,nan,Will the highest temperature in Hong Kong be 21°C or below on May 8?,lower_tail,-inf,22.0,lower_tail,30.3,,2026-05-08|-inf|22.0,0.0,0.0,12h_prior,28.4,29.7409030318887,1.5498506207749476,2.9477033773116825e-07,weather_plus_market_training,8.6889552006147e-14,2.947703811391012e-07
2026-05-08,nan,Will the highest temperature in Hong Kong be 22°C on May 8?,interior,22.0,23.0,interior,30.3,,2026-05-08|22.0|23.0,0.0,0.0,12h_prior,28.4,29.7409030318887,1.5498506207749476,6.5311019995176195e-06,weather_plus_market_training,4.2655293328103046e-11,6.531123327291285e-06
2026-05-08,nan,Will the highest temperature in Hong Kong be 23°C on May 8?,interior,23.0,24.0,interior,30.3,,2026-05-08|23.0|24.0,0.0,0.0,12h_prior,28.4,29.7409030318887,1.5498506207749476,9.92180549463171e-05,weather_plus_market_training,9.8442224273304e-09,9.922297738309454e-05
2026-05-08,nan,Will the highest temperature in Hong Kong be 24°C on May 8?,interior,24.0,25.0,interior,30.3,,2026-05-08|24.0|25.0,0.0,0.0,12h_prior,28.4,29.7409030318887,1.5498506207749476,0.0010045571168266548,weather_plus_market_training,1.0091350009670814e-06,0.001005062022493202
2026-05-08,nan,Will the highest temperature in Hong Kong be 25°C on May 8?,interior,25.0,26.0,interior,30.3,,2026-05-08|25.0|26.0,0.0,0.0,12h_prior,28.4,29.7409030318887,1.5498506207749476,0.0067847285435066575,weather_plus_market_training,4.603254140907397e-05,0.006807849452950823
2026-05-08,nan,Will the highest temperature in Hong Kong be 26°C on May 8?,interior,26.0,27.0,interior,30.3,,2026-05-08|26.0|27.0,0.0,0.0,12h_prior,28.4,29.7409030318887,1.5498506207749476,0.030593766333299632,weather_plus_market_training,0.000935978538456538,0.031071525153430136
2026-05-08,nan,Will the highest temperature in Hong Kong be 27°C on May 8?,interior,27.0,28.0,interior,30.3,,2026-05-08|27.0|28.0,0.0,0.0,12h_prior,28.4,29.7409030318887,1.5498506207749476,0.09217200608064849,weather_plus_market_training,0.008495678704931103,0.09670035233525676
2026-05-08,nan,Will the highest temperature in Hong Kong be 28°C on May 8?,interior,28.0,29.0,interior,30.3,,2026-05-08|28.0|29.0,0.0,0.0,12h_prior,28.4,29.7409030318887,1.5498506207749476,0.18564690907656867,weather_plus_market_training,0.03446477484968375,0.2053612343985402
2026-05-08,nan,Will the highest temperature in Hong Kong be 29°C on May 8?,interior,29.0,30.0,interior,30.3,,2026-05-08|29.0|30.0,0.0,0.0,12h_prior,28.4,29.7409030318887,1.5498506207749476,0.25007598686878174,weather_plus_market_training,0.0625379992083951,0.2877833934096181
2026-05-08,nan,Will the highest temperature in Hong Kong be 30°C on May 8?,interior,30.0,31.0,interior,30.3,,2026-05-08|30.0|31.0,1.0,1.0,12h_prior,28.4,29.7409030318887,1.5498506207749476,0.22533461874012306,weather_plus_market_training,0.6001064529225105,1.4901687871555513
2026-05-08,nan,Will the highest temperature in Hong Kong be 31°C or higher on May 8?,upper_tail,31.0,inf,upper_tail,30.3,,2026-05-08|31.0|inf,0.0,0.0,12h_prior,28.4,29.7409030318887,1.5498506207749476,0.20828138331296153,weather_plus_market_training,0.04338113463476081,0.23354923225610955
2026-05-08,nan,Will the highest temperature in Hong Kong be 21°C or below on May 8?,lower_tail,-inf,22.0,lower_tail,30.3,,2026-05-08|-inf|22.0,0.0,0.0,24h_prior,27.8,29.24276822559075,1.574320855382955,2.106714574385068e-06,weather_plus_market_training,4.438246297926459e-12,2.106716793472124e-06
2026-05-08,nan,Will the highest temperature in Hong Kong be 22°C on May 8?,interior,22.0,23.0,interior,30.3,,2026-05-08|22.0|23.0,0.0,0.0,24h_prior,27.8,29.24276822559075,1.574320855382955,3.453403229490621e-05,weather_plus_market_training,1.192599386545625e-09,3.453462860834152e-05
2026-05-08,nan,Will the highest temperature in Hong Kong be 23°C on May 8?,interior,23.0,24.0,interior,30.3,,2026-05-08|23.0|24.0,0.0,0.0,24h_prior,27.8,29.24276822559075,1.574320855382955,0.0003973121117817413,weather_plus_market_training,1.5785691416846687e-07,0.0003973910611512041
2026-05-08,nan,Will the highest temperature in Hong Kong be 24°C on May 8?,interior,24.0,25.0,interior,30.3,,2026-05-08|24.0|25.0,0.0,0.0,24h_prior,27.8,29.24276822559075,1.574320855382955,0.0030856563552367692,weather_plus_market_training,9.521275142613063e-06,0.0030904268086555057
2026-05-08,nan,Will the highest temperature in Hong Kong be 25°C on May 8?,interior,25.0,26.0,interior,30.3,,2026-05-08|25.0|26.0,0.0,0.0,24h_prior,27.8,29.24276822559075,1.574320855382955,0.016189765950070607,weather_plus_market_training,0.00026210852151806565,0.016322252103414845
2026-05-08,nan,Will the highest temperature in Hong Kong be 26°C on May 8?,interior,26.0,27.0,interior,30.3,,2026-05-08|26.0|27.0,0.0,0.0,24h_prior,27.8,29.24276822559075,1.574320855382955,0.05742790592989868,weather_plus_market_training,0.003297964379493292,0.05914287020329392
2026-05-08,nan,Will the highest temperature in Hong Kong be 27°C on May 8?,interior,27.0,28.0,interior,30.3,,2026-05-08|27.0|28.0,0.0,0.0,24h_prior,27.8,29.24276822559075,1.574320855382955,0.1378019688944413,weather_plus_market_training,0.018989382631184566,0.14827030024215934
2026-05-08,nan,Will the highest temperature in Hong Kong be 28°C on May 8?,interior,28.0,29.0,interior,30.3,,2026-05-08|28.0|29.0,0.0,0.0,24h_prior,27.8,29.24276822559075,1.574320855382955,0.2237847804169546,weather_plus_market_training,0.05007962794626459,0.2533254524283721
2026-05-08,nan,Will the highest temperature in Hong Kong be 29°C on May 8?,interior,29.0,30.0,interior,30.3,,2026-05-08|29.0|30.0,0.0,0.0,24h_prior,27.8,29.24276822559075,1.574320855382955,0.2460139829079412,weather_plus_market_training,0.06052287978622878,0.28238145611688537
2026-05-08,nan,Will the highest temperature in Hong Kong be 30°C on May 8?,interior,30.0,31.0,interior,30.3,,2026-05-08|30.0|31.0,1.0,1.0,24h_prior,27.8,29.24276822559075,1.574320855382955,0.1830902991455683,weather_plus_market_training,0.667341459350077,1.6977758098872655
2026-05-08,nan,Will the highest temperature in Hong Kong be 31°C or higher on May 8?,upper_tail,31.0,inf,upper_tail,30.3,,2026-05-08|31.0|inf,0.0,0.0,24h_prior,27.8,29.24276822559075,1.574320855382955,0.13217168754123754,weather_plus_market_training,0.017469354987498527,0.1417613805926302
2026-05-08,nan,Will the highest temperature in Hong Kong be 21°C or below on May 8?,lower_tail,-inf,22.0,lower_tail,30.3,,2026-05-08|-inf|22.0,0.0,0.0,6h_prior,27.9,29.261339684202085,1.545918715688203,1.3193859815943553e-06,weather_plus_market_training,1.7407793684277005e-12,1.319386851970107e-06
2026-05-08,nan,Will the highest temperature in Hong Kong be 22°C on May 8?,interior,22.0,23.0,interior,30.3,,2026-05-08|22.0|23.0,0.0,0.0,6h_prior,27.9,29.261339684202085,1.545918715688203,2.426333005839046e-05,weather_plus_market_training,5.88709185522394e-10,2.4263624417692558e-05
2026-05-08,nan,Will the highest temperature in Hong Kong be 23°C on May 8?,interior,23.0,24.0,interior,30.3,,2026-05-08|23.0|24.0,0.0,0.0,6h_prior,27.9,29.261339684202085,1.545918715688203,0.00030721271025203884,weather_plus_market_training,9.437964934040316e-08,0.00030725990974379857
2026-05-08,nan,Will the highest temperature in Hong Kong be 24°C on May 8?,interior,24.0,25.0,interior,30.3,,2026-05-08|24.0|25.0,0.0,0.0,6h_prior,27.9,29.261339684202085,1.545918715688203,0.002588300017067642,weather_plus_market_training,6.699296978352356e-06,0.002591655456730434
2026-05-08,nan,Will the highest temperature in Hong Kong be 25°C on May 8?,interior,25.0,26.0,interior,30.3,,2026-05-08|25.0|26.0,0.0,0.0,6h_prior,27.9,29.261339684202085,1.545918715688203,0.014523377287438919,weather_plus_market_training,0.00021092848783329664,0.014629873916213992
2026-05-08,nan,Will the highest temperature in Hong Kong be 26°C on May 8?,interior,26.0,27.0,interior,30.3,,2026-05-08|26.0|27.0,0.0,0.0,6h_prior,27.9,29.261339684202085,1.545918715688203,0.054319258528956436,weather_plus_market_training,0.0029505818471356068,0.05585024947907226
2026-05-08,nan,Will the highest temperature in Hong Kong be 27°C on May 8?,interior,27.0,28.0,interior,30.3,,2026-05-08|27.0|28.0,0.0,0.0,6h_prior,27.9,29.261339684202085,1.545918715688203,0.1355103831096954,weather_plus_market_training,0.01836306393053642,0.1456159844684498
2026-05-08,nan,Will the highest temperature in Hong Kong be 28°C on May 8?,interior,28.0,29.0,interior,30.3,,2026-05-08|28.0|29.0,0.0,0.0,6h_prior,27.9,29.261339684202085,1.545918715688203,0.22560400144871945,weather_plus_market_training,0.05089716546967381,0.2556719101931396
2026-05-08,nan,Will the highest temperature in Hong Kong be 29°C on May 8?,interior,29.0,30.0,interior,30.3,,2026-05-08|29.0|30.0,0.0,0.0,6h_prior,27.9,29.261339684202085,1.545918715688203,0.25073028943474435,weather_plus_market_training,0.06286567804003067,0.2886562660706541
2026-05-08,nan,Will the highest temperature in Hong Kong be 30°C on May 8?,interior,30.0,31.0,interior,30.3,,2026-05-08|30.0|31.0,1.0,1.0,6h_prior,27.9,29.261339684202085,1.545918715688203,0.18602877879230173,weather_plus_market_training,0.6625491489543517,1.6818538925477717
2026-05-08,nan,Will the highest temperature in Hong Kong be 31°C or higher on May 8?,upper_tail,31.0,inf,upper_tail,30.3,,2026-05-08|31.0|inf,0.0,0.0,6h_prior,27.9,29.261339684202085,1.545918715688203,0.13036281595478405,weather_plus_market_training,0.016994463783660898,0.13967918414771693
2026-05-08,nan,Will the highest temperature in Hong Kong be 21°C or below on May 8?,lower_tail,-inf,22.0,lower_tail,30.3,,2026-05-08|-inf|22.0,0.0,0.0,event_day_open,28.9,30.365604065579475,1.4440700303425955,3.455488753418154e-09,weather_plus_market_training,1.1940402524999347e-17,3.455488789969018e-09
2026-05-08,nan,Will the highest temperature in Hong Kong be 22°C on May 8?,interior,22.0,23.0,interior,30.3,,2026-05-08|22.0|23.0,0.0,0.0,event_day_open,28.9,30.365604065579475,1.4440700303425955,1.6584582735653504e-07,weather_plus_market_training,2.7504838451573624e-14,1.6584584115695234e-07
2026-05-08,nan,Will the highest temperature in Hong Kong be 23°C on May 8?,interior,23.0,24.0,interior,30.3,,2026-05-08|23.0|24.0,0.0,0.0,event_day_open,28.9,30.365604065579475,1.4440700303425955,5.044785832119504e-06,weather_plus_market_training,2.544986409195368e-11,5.044798557050525e-06
2026-05-08,nan,Will the highest temperature in Hong Kong be 24°C on May 8?,interior,24.0,25.0,interior,30.3,,2026-05-08|24.0|25.0,0.0,0.0,event_day_open,28.9,30.365604065579475,1.4440700303425955,9.614209992679849e-05,weather_plus_market_training,9.243303378334505e-09,9.61467218747444e-05
2026-05-08,nan,Will the highest temperature in Hong Kong be 25°C on May 8?,interior,25.0,26.0,interior,30.3,,2026-05-08|25.0|26.0,0.0,0.0,event_day_open,28.9,30.365604065579475,1.4440700303425955,0.0011495386333200761,weather_plus_market_training,1.3214390694953884e-06,0.0011501998596402446
2026-05-08,nan,Will the highest temperature in Hong Kong be 26°C on May 8?,interior,26.0,27.0,interior,30.3,,2026-05-08|26.0|27.0,0.0,0.0,event_day_open,28.9,30.365604065579475,1.4440700303425955,0.008635340875004057,weather_plus_market_training,7.456911202751583e-05,0.008672841474062713
2026-05-08,nan,Will the highest temperature in Hong Kong be 27°C on May 8?,interior,27.0,28.0,interior,30.3,,2026-05-08|27.0|28.0,0.0,0.0,event_day_open,28.9,30.365604065579475,1.4440700303425955,0.04080891392833121,weather_plus_market_training,0.0016653674560099451,0.04166496839826376
2026-05-08,nan,Will the highest temperature in Hong Kong be 28°C on May 8?,interior,28.0,29.0,interior,30.3,,2026-05-08|28.0|29.0,0.0,0.0,event_day_open,28.9,30.365604065579475,1.4440700303425955,0.12146501761090092,weather_plus_market_training,0.014753750503216471,0.1294995515569113
2026-05-08,nan,Will the highest temperature in Hong Kong be 29°C on May 8?,interior,29.0,30.0,interior,30.3,,2026-05-08|29.0|30.0,0.0,0.0,event_day_open,28.9,30.365604065579475,1.4440700303425955,0.2279058873604764,weather_plus_market_training,0.051941093493566154,0.25864882882333445
2026-05-08,nan,Will the highest temperature in Hong Kong be 30°C on May 8?,interior,30.0,31.0,interior,30.3,,2026-05-08|30.0|31.0,1.0,1.0,event_day_open,28.9,30.365604065579475,1.4440700303425955,0.26971586440804496,weather_plus_market_training,0.533314918697289,1.3103862281413405
2026-05-08,nan,Will the highest temperature in Hong Kong be 31°C or higher on May 8?,upper_tail,31.0,inf,upper_tail,30.3,,2026-05-08|31.0|inf,0.0,0.0,event_day_open,28.9,30.365604065579475,1.4440700303425955,0.33021808099684735,weather_plus_market_training,0.10904398101724044,0.4008031136069486
2026-05-09,nan,Will the highest temperature in Hong Kong be 17°C or below on May 9?,lower_tail,-inf,18.0,lower_tail,26.1,,2026-05-09|-inf|18.0,0.0,0.0,12h_prior,24.1,25.67228202348995,1.541236374893976,3.2121536977658384e-07,weather_plus_market_training,1.0317931378070749e-13,3.212154213370531e-07
2026-05-09,nan,Will the highest temperature in Hong Kong be 18°C on May 9?,interior,18.0,19.0,interior,26.1,,2026-05-09|18.0|19.0,0.0,0.0,12h_prior,24.1,25.67228202348995,1.541236374893976,7.162232142031233e-06,weather_plus_market_training,5.1297569256345306e-11,7.162257790939918e-06
2026-05-09,nan,Will the highest temperature in Hong Kong be 19°C on May 9?,interior,19.0,20.0,interior,26.1,,2026-05-09|19.0|20.0,0.0,0.0,12h_prior,24.1,25.67228202348995,1.541236374893976,0.00010897572620832314,weather_plus_market_training,1.1875708902631407e-08,0.00010898166449414591
2026-05-09,nan,Will the highest temperature in Hong Kong be 20°C on May 9?,interior,20.0,21.0,interior,26.1,,2026-05-09|20.0|21.0,0.0,0.0,12h_prior,24.1,25.67228202348995,1.541236374893976,0.0011001877947250235,weather_plus_market_training,1.2104131836619105e-06,0.0011007934455773483
2026-05-09,nan,Will the highest temperature in Hong Kong be 21°C on May 9?,interior,21.0,22.0,interior,26.1,,2026-05-09|21.0|22.0,0.0,0.0,12h_prior,24.1,25.67228202348995,1.541236374893976,0.0073767812852674145,weather_plus_market_training,5.4416902130671566e-05,0.007404124288223496
2026-05-09,nan,Will the highest temperature in Hong Kong be 22°C on May 9?,interior,22.0,23.0,interior,26.1,,2026-05-09|22.0|23.0,0.0,0.0,12h_prior,24.1,25.67228202348995,1.541236374893976,0.032878384974483546,weather_plus_market_training,0.0010809881985303453,0.03343102615688441
2026-05-09,nan,Will the highest temperature in Hong Kong be 23°C on May 9?,interior,23.0,24.0,interior,26.1,,2026-05-09|23.0|24.0,0.0,0.0,12h_prior,24.1,25.67228202348995,1.541236374893976,0.09748318711900676,weather_plus_market_training,0.009502971770879286,0.10256795971760554
2026-05-09,nan,Will the highest temperature in Hong Kong be 24°C on May 9?,interior,24.0,25.0,interior,26.1,,2026-05-09|24.0|25.0,0.0,0.0,12h_prior,24.1,25.67228202348995,1.541236374893976,0.19239205706166373,weather_plus_market_training,0.037014703620418477,0.21367855735366242
2026-05-09,nan,Will the highest temperature in Hong Kong be 25°C on May 9?,interior,25.0,26.0,interior,26.1,,2026-05-09|25.0|26.0,0.0,0.0,12h_prior,24.1,25.67228202348995,1.541236374893976,0.25284639413783516,weather_plus_market_training,0.06393129902850549,0.2914844846507697
2026-05-09,nan,Will the highest temperature in Hong Kong be 26°C on May 9?,interior,26.0,27.0,interior,26.1,,2026-05-09|26.0|27.0,1.0,1.0,12h_prior,24.1,25.67228202348995,1.541236374893976,0.2213149789313602,weather_plus_market_training,0.606350362036668,1.5081683481273453
2026-05-09,nan,Will the highest temperature in Hong Kong be 27°C or higher on May 9?,upper_tail,27.0,inf,upper_tail,26.1,,2026-05-09|27.0|inf,0.0,0.0,12h_prior,24.1,25.67228202348995,1.541236374893976,0.19449156952193802,weather_plus_market_training,0.03782697061510685,0.21628161027703227
2026-05-09,nan,Will the highest temperature in Hong Kong be 17°C or below on May 9?,lower_tail,-inf,18.0,lower_tail,26.1,,2026-05-09|-inf|18.0,0.0,0.0,24h_prior,24.6,26.061594913842143,1.5741498549467237,1.5176871037687743e-07,weather_plus_market_training,2.3033741449460502e-14,1.517687218937924e-07
2026-05-09,nan,Will the highest temperature in Hong Kong be 18°C on May 9?,interior,18.0,19.0,interior,26.1,,2026-05-09|18.0|19.0,0.0,0.0,24h_prior,24.6,26.061594913842143,1.5741498549467237,3.4773153330773013e-06,weather_plus_market_training,1.2091721925654502e-11,3.4773213789974334e-06
2026-05-09,nan,Will the highest temperature in Hong Kong be 19°C on May 9?,interior,19.0,20.0,interior,26.1,,2026-05-09|19.0|20.0,0.0,0.0,24h_prior,24.6,26.061594913842143,1.5741498549467237,5.525881250748771e-05,weather_plus_market_training,3.05353635973768e-09,5.526033933187981e-05
2026-05-09,nan,Will the highest temperature in Hong Kong be 20°C on May 9?,interior,20.0,21.0,interior,26.1,,2026-05-09|20.0|21.0,0.0,0.0,24h_prior,24.6,26.061594913842143,1.5741498549467237,0.0005923205576298243,weather_plus_market_training,3.50843642990906e-07,0.0005924960487527276
2026-05-09,nan,Will the highest temperature in Hong Kong be 21°C on May 9?,interior,21.0,22.0,interior,26.1,,2026-05-09|21.0|22.0,0.0,0.0,24h_prior,24.6,26.061594913842143,1.5741498549467237,0.0042861881004511715,weather_plus_market_training,1.8371408432449222e-05,0.0042954001371057135
2026-05-09,nan,Will the highest temperature in Hong Kong be 22°C on May 9?,interior,22.0,23.0,interior,26.1,,2026-05-09|22.0|23.0,0.0,0.0,24h_prior,24.6,26.061594913842143,1.5741498549467237,0.020954930985857597,weather_plus_market_training,0.00043910913262205486,0.021177601746028084
2026-05-09,nan,Will the highest temperature in Hong Kong be 23°C on May 9?,interior,23.0,24.0,interior,26.1,,2026-05-09|23.0|24.0,0.0,0.0,24h_prior,24.6,26.061594913842143,1.5741498549467237,0.06926377787497356,weather_plus_market_training,0.004797470925513678,0.0717793693203142
2026-05-09,nan,Will the highest temperature in Hong Kong be 24°C on May 9?,interior,24.0,25.0,interior,26.1,,2026-05-09|24.0|25.0,0.0,0.0,24h_prior,24.6,26.061594913842143,1.5741498549467237,0.15487478776513391,weather_plus_market_training,0.023986199885295274,0.16827048244295387
2026-05-09,nan,Will the highest temperature in Hong Kong be 25°C on May 9?,interior,25.0,26.0,interior,26.1,,2026-05-09|25.0|26.0,0.0,0.0,24h_prior,24.6,26.061594913842143,1.5741498549467237,0.234362875769907,weather_plus_market_training,0.05492595753914086,0.267046949645328
2026-05-09,nan,Will the highest temperature in Hong Kong be 26°C on May 9?,interior,26.0,27.0,interior,26.1,,2026-05-09|26.0|27.0,1.0,1.0,24h_prior,24.6,26.061594913842143,1.5741498549467237,0.24006355242614297,weather_plus_market_training,0.5775034043511735,1.4268515889183522
2026-05-09,nan,Will the highest temperature in Hong Kong be 27°C or higher on May 9?,upper_tail,27.0,inf,upper_tail,26.1,,2026-05-09|27.0|inf,0.0,0.0,24h_prior,24.6,26.061594913842143,1.5741498549467237,0.275542678623353,weather_plus_market_training,0.0759237677429324,0.322332426649215
2026-05-09,nan,Will the highest temperature in Hong Kong be 17°C or below on May 9?,lower_tail,-inf,18.0,lower_tail,26.1,,2026-05-09|-inf|18.0,0.0,0.0,6h_prior,24.5,26.07584884350734,1.5389975225080703,7.709957587238161e-08,weather_plus_market_training,5.94434459970113e-15,7.70995788069661e-08
2026-05-09,nan,Will the highest temperature in Hong Kong be 18°C on May 9?,interior,18.0,19.0,interior,26.1,,2026-05-09|18.0|19.0,0.0,0.0,6h_prior,24.5,26.07584884350734,1.5389975225080703,2.0588033233913195e-06,weather_plus_market_training,4.238671124407142e-12,2.058805442717737e-06
2026-05-09,nan,Will the highest temperature in Hong Kong be 19°C on May 9?,interior,19.0,20.0,interior,26.1,,2026-05-09|19.0|20.0,0.0,0.0,6h_prior,24.5,26.07584884350734,1.5389975225080703,3.727962337722634e-05,weather_plus_market_training,1.3897703191478404e-09,3.728031827961447e-05
2026-05-09,nan,Will the highest temperature in Hong Kong be 20°C on May 9?,interior,20.0,21.0,interior,26.1,,2026-05-09|20.0|21.0,0.0,0.0,6h_prior,24.5,26.07584884350734,1.5389975225080703,0.00044720042428448046,weather_plus_market_training,1.9998821948021935e-07,0.00044730044821582543
2026-05-09,nan,Will the highest temperature in Hong Kong be 21°C on May 9?,interior,21.0,22.0,interior,26.1,,2026-05-09|21.0|22.0,0.0,0.0,6h_prior,24.5,26.07584884350734,1.5389975225080703,0.0035573229012907546,weather_plus_market_training,1.2654546224047672e-05,0.003563665219987114
2026-05-09,nan,Will the highest temperature in Hong Kong be 22°C on May 9?,interior,22.0,23.0,interior,26.1,,2026-05-09|22.0|23.0,0.0,0.0,6h_prior,24.5,26.07584884350734,1.5389975225080703,0.018781591008541283,weather_plus_market_training,0.0003527481608121187,0.018960205062164004
2026-05-09,nan,Will the highest temperature in Hong Kong be 23°C on May 9?,interior,23.0,24.0,interior,26.1,,2026-05-09|23.0|24.0,0.0,0.0,6h_prior,24.5,26.07584884350734,1.5389975225080703,0.06586996445498287,weather_plus_market_training,0.004338852217300708,0.06813962609183834
2026-05-09,nan,Will the highest temperature in Hong Kong be 24°C on May 9?,interior,24.0,25.0,interior,26.1,,2026-05-09|24.0|25.0,0.0,0.0,6h_prior,24.5,26.07584884350734,1.5389975225080703,0.1535623344371002,weather_plus_market_training,0.023581390557771812,0.16671871796689122
2026-05-09,nan,Will the highest temperature in Hong Kong be 25°C on May 9?,interior,25.0,26.0,interior,26.1,,2026-05-09|25.0|26.0,0.0,0.0,6h_prior,24.5,26.07584884350734,1.5389975225080703,0.2380884260077072,weather_plus_market_training,0.05668609859882746,0.2719247746587267
2026-05-09,nan,Will the highest temperature in Hong Kong be 26°C on May 9?,interior,26.0,27.0,interior,26.1,,2026-05-09|26.0|27.0,1.0,1.0,6h_prior,24.5,26.07584884350734,1.5389975225080703,0.2455635662566062,weather_plus_market_training,0.5691743325594502,1.4041994395742092
2026-05-09,nan,Will the highest temperature in Hong Kong be 27°C or higher on May 9?,upper_tail,27.0,inf,upper_tail,26.1,,2026-05-09|27.0|inf,0.0,0.0,6h_prior,24.5,26.07584884350734,1.5389975225080703,0.27409017898321053,weather_plus_market_training,0.07512542621504838,0.3203294853479702
2026-05-09,nan,Will the highest temperature in Hong Kong be 17°C or below on May 9?,lower_tail,-inf,18.0,lower_tail,26.1,,2026-05-09|-inf|18.0,0.0,0.0,event_day_open,23.1,24.7337228596862,1.434463840017166,1.3379743038993345e-06,weather_plus_market_training,1.7901752378949087e-12,1.3379751989938932e-06
2026-05-09,nan,Will the highest temperature in Hong Kong be 18°C on May 9?,interior,18.0,19.0,interior,26.1,,2026-05-09|18.0|19.0,0.0,0.0,event_day_open,23.1,24.7337228596862,1.434463840017166,3.0721044129048024e-05,weather_plus_market_training,9.43782552378916e-10,3.0721516029986157e-05
2026-05-09,nan,Will the highest temperature in Hong Kong be 19°C on May 9?,interior,19.0,20.0,interior,26.1,,2026-05-09|19.0|20.0,0.0,0.0,event_day_open,23.1,24.7337228596862,1.434463840017166,0.00045137450548226346,weather_plus_market_training,2.037389441993579e-07,0.00045147640561894075
2026-05-09,nan,Will the highest temperature in Hong Kong be 20°C on May 9?,interior,20.0,21.0,interior,26.1,,2026-05-09|20.0|21.0,0.0,0.0,event_day_open,23.1,24.7337228596862,1.434463840017166,0.004138916850644077,weather_plus_market_training,1.7130632696545485e-05,0.004147505874688835
2026-05-09,nan,Will the highest temperature in Hong Kong be 21°C on May 9?,interior,21.0,22.0,interior,26.1,,2026-05-09|21.0|22.0,0.0,0.0,event_day_open,23.1,24.7337228596862,1.434463840017166,0.023719272806357276,weather_plus_market_training,0.0005626039024623998,0.02400510360535996
2026-05-09,nan,Will the highest temperature in Hong Kong be 22°C on May 9?,interior,22.0,23.0,interior,26.1,,2026-05-09|22.0|23.0,0.0,0.0,event_day_open,23.1,24.7337228596862,1.434463840017166,0.08506265416941991,weather_plus_market_training,0.007235655134346331,0.08889969055319978
2026-05-09,nan,Will the highest temperature in Hong Kong be 23°C on May 9?,interior,23.0,24.0,interior,26.1,,2026-05-09|23.0|24.0,0.0,0.0,event_day_open,23.1,24.7337228596862,1.434463840017166,0.19109753316425765,weather_plus_market_training,0.03651826718146455,0.21207692934519903
2026-05-09,nan,Will the highest temperature in Hong Kong be 24°C on May 9?,interior,24.0,25.0,interior,26.1,,2026-05-09|24.0|25.0,0.0,0.0,event_day_open,23.1,24.7337228596862,1.434463840017166,0.2691300753334237,weather_plus_market_training,0.07243099744897431,0.3135197766984397
2026-05-09,nan,Will the highest temperature in Hong Kong be 25°C on May 9?,interior,25.0,26.0,interior,26.1,,2026-05-09|25.0|26.0,0.0,0.0,event_day_open,23.1,24.7337228596862,1.434463840017166,0.23768322221124172,weather_plus_market_training,0.05649331412071851,0.27139309079975965
2026-05-09,nan,Will the highest temperature in Hong Kong be 26°C on May 9?,interior,26.0,27.0,interior,26.1,,2026-05-09|26.0|27.0,1.0,1.0,event_day_open,23.1,24.7337228596862,1.434463840017166,0.13161743010083826,weather_plus_market_training,0.7540882877046725,2.027855821286567
2026-05-09,nan,Will the highest temperature in Hong Kong be 27°C or higher on May 9?,upper_tail,27.0,inf,upper_tail,26.1,,2026-05-09|27.0|inf,0.0,0.0,event_day_open,23.1,24.7337228596862,1.434463840017166,0.05706746183990219,weather_plus_market_training,0.0032566952008486927,0.0587605385046856
2026-05-10,nan,Will the highest temperature in Hong Kong be 19°C or below on May 10?,lower_tail,-inf,20.0,lower_tail,26.1,,2026-05-10|-inf|20.0,0.0,0.0,12h_prior,25.1,26.588973061654123,1.543773151124322,9.85739427689604e-06,weather_plus_market_training,9.71682219301828e-11,9.857442861376672e-06
2026-05-10,nan,Will the highest temperature in Hong Kong be 20°C on May 10?,interior,20.0,21.0,interior,26.1,,2026-05-10|20.0|21.0,0.0,0.0,12h_prior,25.1,26.588973061654123,1.543773151124322,0.00013725459207388724,weather_plus_market_training,1.883882304536919e-08,0.0001372640123474374
2026-05-10,nan,Will the highest temperature in Hong Kong be 21°C on May 10?,interior,21.0,22.0,interior,26.1,,2026-05-10|21.0|22.0,0.0,0.0,12h_prior,25.1,26.588973061654123,1.543773151124322,0.0013294794812345515,weather_plus_market_training,1.7675156910236922e-06,0.0013303640231538383
2026-05-10,nan,Will the highest temperature in Hong Kong be 22°C on May 10?,interior,22.0,23.0,interior,26.1,,2026-05-10|22.0|23.0,0.0,0.0,12h_prior,25.1,26.588973061654123,1.543773151124322,0.008564576945316578,weather_plus_market_training,7.335197825224823e-05,0.008601463698407412
2026-05-10,nan,Will the highest temperature in Hong Kong be 23°C on May 10?,interior,23.0,24.0,interior,26.1,,2026-05-10|23.0|24.0,0.0,0.0,12h_prior,25.1,26.588973061654123,1.543773151124322,0.036725925088747176,weather_plus_market_training,0.0013487935736242692,0.037417302368784
2026-05-10,nan,Will the highest temperature in Hong Kong be 24°C on May 10?,interior,24.0,25.0,interior,26.1,,2026-05-10|24.0|25.0,0.0,0.0,12h_prior,25.1,26.588973061654123,1.543773151124322,0.1049072347638671,weather_plus_market_training,0.011005527905801124,0.1108279177698681
2026-05-10,nan,Will the highest temperature in Hong Kong be 25°C on May 10?,interior,25.0,26.0,interior,26.1,,2026-05-10|25.0|26.0,0.0,0.0,12h_prior,25.1,26.588973061654123,1.543773151124322,0.19973613560186043,weather_plus_market_training,0.03989452386516478,0.2228137751986563
2026-05-10,nan,Will the highest temperature in Hong Kong be 26°C on May 10?,interior,26.0,27.0,interior,26.1,,2026-05-10|26.0|27.0,1.0,1.0,12h_prior,25.1,26.588973061654123,1.543773151124322,0.25356553298588635,weather_plus_market_training,0.5571644135466439,1.3721329765947288
2026-05-10,nan,Will the highest temperature in Hong Kong be 27°C on May 10?,interior,27.0,28.0,interior,26.1,,2026-05-10|27.0|28.0,0.0,0.0,12h_prior,25.1,26.588973061654123,1.543773151124322,0.21466869096803687,weather_plus_market_training,0.04608264688193051,0.2416496005154152
2026-05-10,nan,Will the highest temperature in Hong Kong be 28°C on May 10?,interior,28.0,29.0,interior,26.1,,2026-05-10|28.0|29.0,0.0,0.0,12h_prior,25.1,26.588973061654123,1.543773151124322,0.12118485829334735,weather_plus_market_training,0.014685769879578679,0.12918070863985615
2026-05-10,nan,Will the highest temperature in Hong Kong be 29°C or higher on May 10?,upper_tail,29.0,inf,upper_tail,26.1,,2026-05-10|29.0|inf,0.0,0.0,12h_prior,25.1,26.588973061654123,1.543773151124322,0.0591704538853528,weather_plus_market_training,0.0035011426129986627,0.06099329702197474
2026-05-10,nan,Will the highest temperature in Hong Kong be 19°C or below on May 10?,lower_tail,-inf,20.0,lower_tail,26.1,,2026-05-10|-inf|20.0,0.0,0.0,24h_prior,25.0,26.456955213714128,1.5742054067895488,2.050421226586338e-05,weather_plus_market_training,4.204227206435823e-10,2.0504422480082154e-05
2026-05-10,nan,Will the highest temperature in Hong Kong be 20°C on May 10?,interior,20.0,21.0,interior,26.1,,2026-05-10|20.0|21.0,0.0,0.0,24h_prior,25.0,26.456955213714128,1.5742054067895488,0.00024315399251020425,weather_plus_market_training,5.912386407365246e-08,0.00024318355923515987
2026-05-10,nan,Will the highest temperature in Hong Kong be 21°C on May 10?,interior,21.0,22.0,interior,26.1,,2026-05-10|21.0|22.0,0.0,0.0,24h_prior,25.0,26.456955213714128,1.5742054067895488,0.0020547287689746977,weather_plus_market_training,4.2219103140522764e-06,0.002056842620222079
2026-05-10,nan,Will the highest temperature in Hong Kong be 22°C on May 10?,interior,22.0,23.0,interior,26.1,,2026-05-10|22.0|23.0,0.0,0.0,24h_prior,25.0,26.456955213714128,1.5742054067895488,0.011727581526597742,weather_plus_market_training,0.00013753616846299662,0.011796892040227703
2026-05-10,nan,Will the highest temperature in Hong Kong be 23°C on May 10?,interior,23.0,24.0,interior,26.1,,2026-05-10|23.0|24.0,0.0,0.0,24h_prior,25.0,26.456955213714128,1.5742054067895488,0.04524434699561904,weather_plus_market_training,0.002047050935059982,0.046299831967744266
2026-05-10,nan,Will the highest temperature in Hong Kong be 24°C on May 10?,interior,24.0,25.0,interior,26.1,,2026-05-10|24.0|25.0,0.0,0.0,24h_prior,25.0,26.456955213714128,1.5742054067895488,0.1180579843632,weather_plus_market_training,0.013937687671901577,0.1256289670448298
2026-05-10,nan,Will the highest temperature in Hong Kong be 25°C on May 10?,interior,25.0,26.0,interior,26.1,,2026-05-10|25.0|26.0,0.0,0.0,24h_prior,25.0,26.456955213714128,1.5742054067895488,0.20845396607443573,weather_plus_market_training,0.043453055972162,0.23376724099152976
2026-05-10,nan,Will the highest temperature in Hong Kong be 26°C on May 10?,interior,26.0,27.0,interior,26.1,,2026-05-10|26.0|27.0,1.0,1.0,24h_prior,25.0,26.456955213714128,1.5742054067895488,0.24913715791418484,weather_plus_market_training,0.5637950076251879,1.3897516991746117
2026-05-10,nan,Will the highest temperature in Hong Kong be 27°C on May 10?,interior,27.0,28.0,interior,26.1,,2026-05-10|27.0|28.0,0.0,0.0,24h_prior,25.0,26.456955213714128,1.5742054067895488,0.20156822925260398,weather_plus_market_training,0.04062975104403031,0.22510576175631847
2026-05-10,nan,Will the highest temperature in Hong Kong be 28°C on May 10?,interior,28.0,29.0,interior,26.1,,2026-05-10|28.0|29.0,0.0,0.0,24h_prior,25.0,26.456955213714128,1.5742054067895488,0.11038534006603307,weather_plus_market_training,0.012184923301493764,0.1169668763792814
2026-05-10,nan,Will the highest temperature in Hong Kong be 29°C or higher on May 10?,upper_tail,29.0,inf,upper_tail,26.1,,2026-05-10|29.0|inf,0.0,0.0,24h_prior,25.0,26.456955213714128,1.5742054067895488,0.05310700683357483,weather_plus_market_training,0.002820354174821364,0.05456918778093842
2026-05-10,nan,Will the highest temperature in Hong Kong be 19°C or below on May 10?,lower_tail,-inf,20.0,lower_tail,26.1,,2026-05-10|-inf|20.0,0.0,0.0,6h_prior,25.0,26.533566867129156,1.540858654612189,1.1165454872843223e-05,weather_plus_market_training,1.2466738251749848e-10,1.1165517207052027e-05
2026-05-10,nan,Will the highest temperature in Hong Kong be 20°C on May 10?,interior,20.0,21.0,interior,26.1,,2026-05-10|20.0|21.0,0.0,0.0,6h_prior,25.0,26.533566867129156,1.540858654612189,0.00015339954857324916,weather_plus_market_training,2.353142150247663e-08,0.0001534113154874226
2026-05-10,nan,Will the highest temperature in Hong Kong be 21°C on May 10?,interior,21.0,22.0,interior,26.1,,2026-05-10|21.0|22.0,0.0,0.0,6h_prior,25.0,26.533566867129156,1.540858654612189,0.0014647024866685971,weather_plus_market_training,2.145353374453172e-06,0.0014657762119426535
2026-05-10,nan,Will the highest temperature in Hong Kong be 22°C on May 10?,interior,22.0,23.0,interior,26.1,,2026-05-10|22.0|23.0,0.0,0.0,6h_prior,25.0,26.533566867129156,1.540858654612189,0.009287675754079294,weather_plus_market_training,8.626092091291239e-05,0.009331075143189921
2026-05-10,nan,Will the highest temperature in Hong Kong be 23°C on May 10?,interior,23.0,24.0,interior,26.1,,2026-05-10|23.0|24.0,0.0,0.0,6h_prior,25.0,26.533566867129156,1.540858654612189,0.039144671493565486,weather_plus_market_training,0.0015323053063391583,0.0399314240017239
2026-05-10,nan,Will the highest temperature in Hong Kong be 24°C on May 10?,interior,24.0,25.0,interior,26.1,,2026-05-10|24.0|25.0,0.0,0.0,6h_prior,25.0,26.533566867129156,1.540858654612189,0.10974142384096872,weather_plus_market_training,0.012043180106643138,0.11624332344292715
2026-05-10,nan,Will the highest temperature in Hong Kong be 25°C on May 10?,interior,25.0,26.0,interior,26.1,,2026-05-10|25.0|26.0,0.0,0.0,6h_prior,25.0,26.533566867129156,1.540858654612189,0.2047635169130569,weather_plus_market_training,0.041928097858603734,0.2291157455587082
2026-05-10,nan,Will the highest temperature in Hong Kong be 26°C on May 10?,interior,26.0,27.0,interior,26.1,,2026-05-10|26.0|27.0,1.0,1.0,6h_prior,25.0,26.533566867129156,1.540858654612189,0.25437795927886053,weather_plus_market_training,0.5559522276091565,1.3689340893242565
2026-05-10,nan,Will the highest temperature in Hong Kong be 27°C on May 10?,interior,27.0,28.0,interior,26.1,,2026-05-10|27.0|28.0,0.0,0.0,6h_prior,25.0,26.533566867129156,1.540858654612189,0.2104305732859918,weather_plus_market_training,0.04428102617347116,0.23626751157956405
2026-05-10,nan,Will the highest temperature in Hong Kong be 28°C on May 10?,interior,28.0,29.0,interior,26.1,,2026-05-10|28.0|29.0,0.0,0.0,6h_prior,25.0,26.533566867129156,1.540858654612189,0.11590183244213892,weather_plus_market_training,0.013433234763445646,0.12318717323640925
2026-05-10,nan,Will the highest temperature in Hong Kong be 29°C or higher on May 10?,upper_tail,29.0,inf,upper_tail,26.1,,2026-05-10|29.0|inf,0.0,0.0,6h_prior,25.0,26.533566867129156,1.540858654612189,0.05472307950122368,weather_plus_market_training,0.0029946154300972477,0.05627735685067287
2026-05-10,nan,Will the highest temperature in Hong Kong be 19°C or below on May 10?,lower_tail,-inf,20.0,lower_tail,26.1,,2026-05-10|-inf|20.0,0.0,0.0,event_day_open,25.1,26.639099141609243,1.4376108697364771,1.9359044117997304e-06,weather_plus_market_training,3.74772589162566e-12,1.9359062856415214e-06
2026-05-10,nan,Will the highest temperature in Hong Kong be 20°C on May 10?,interior,20.0,21.0,interior,26.1,,2026-05-10|20.0|21.0,0.0,0.0,event_day_open,25.1,26.639099141609243,1.4376108697364771,4.187262117332465e-05,weather_plus_market_training,1.7533164039247559e-09,4.1873497855952546e-05
2026-05-10,nan,Will the highest temperature in Hong Kong be 21°C on May 10?,interior,21.0,22.0,interior,26.1,,2026-05-10|21.0|22.0,0.0,0.0,event_day_open,25.1,26.639099141609243,1.4376108697364771,0.0005817769479736903,weather_plus_market_training,3.38464417193582e-07,0.0005819462458478594
2026-05-10,nan,Will the highest temperature in Hong Kong be 22°C on May 10?,interior,22.0,23.0,interior,26.1,,2026-05-10|22.0|23.0,0.0,0.0,event_day_open,25.1,26.639099141609243,1.4376108697364771,0.0050556024896276745,weather_plus_market_training,2.555911653312954e-05,0.005068425284119059
2026-05-10,nan,Will the highest temperature in Hong Kong be 23°C on May 10?,interior,23.0,24.0,interior,26.1,,2026-05-10|23.0|24.0,0.0,0.0,event_day_open,25.1,26.639099141609243,1.4376108697364771,0.027515875062599154,weather_plus_market_training,0.000757123380460566,0.027901527594597457
2026-05-10,nan,Will the highest temperature in Hong Kong be 24°C on May 10?,interior,24.0,25.0,interior,26.1,,2026-05-10|24.0|25.0,0.0,0.0,event_day_open,25.1,26.639099141609243,1.4376108697364771,0.09391381421042563,weather_plus_market_training,0.008819804499550344,0.09862084966045807
2026-05-10,nan,Will the highest temperature in Hong Kong be 25°C on May 10?,interior,25.0,26.0,interior,26.1,,2026-05-10|25.0|26.0,0.0,0.0,event_day_open,25.1,26.639099141609243,1.4376108697364771,0.20120929641711321,weather_plus_market_training,0.04048518096466973,0.22465631548655782
2026-05-10,nan,Will the highest temperature in Hong Kong be 26°C on May 10?,interior,26.0,27.0,interior,26.1,,2026-05-10|26.0|27.0,1.0,1.0,event_day_open,25.1,26.639099141609243,1.4376108697364771,0.2707890481102379,weather_plus_market_training,0.5317486123559728,1.3064151814862262
2026-05-10,nan,Will the highest temperature in Hong Kong be 27°C on May 10?,interior,27.0,28.0,interior,26.1,,2026-05-10|27.0|28.0,0.0,0.0,event_day_open,25.1,26.639099141609243,1.4376108697364771,0.22897981163569148,weather_plus_market_training,0.05243175413671675,0.2600407211127109
2026-05-10,nan,Will the highest temperature in Hong Kong be 28°C on May 10?,interior,28.0,29.0,interior,26.1,,2026-05-10|28.0|29.0,0.0,0.0,event_day_open,25.1,26.639099141609243,1.4376108697364771,0.12164074093232069,weather_plus_market_training,0.014796469854563957,0.1296995901453013
2026-05-10,nan,Will the highest temperature in Hong Kong be 29°C or higher on May 10?,upper_tail,29.0,inf,upper_tail,26.1,,2026-05-10|29.0|inf,0.0,0.0,event_day_open,25.1,26.639099141609243,1.4376108697364771,0.05027022566842543,weather_plus_market_training,0.002527095588754419,0.051577782922603406
2026-05-11,nan,Will the highest temperature in Hong Kong be 20°C or below on May 11?,lower_tail,-inf,21.0,lower_tail,28.8,,2026-05-11|-inf|21.0,0.0,0.0,12h_prior,26.5,27.909403771711958,1.5471026359018836,3.984258298106885e-06,weather_plus_market_training,1.587431418603357e-11,3.984266235240213e-06
2026-05-11,nan,Will the highest temperature in Hong Kong be 21°C on May 11?,interior,21.0,22.0,interior,28.8,,2026-05-11|21.0|22.0,0.0,0.0,12h_prior,26.5,27.909403771711958,1.5471026359018836,6.283401732288481e-05,weather_plus_market_training,3.948113732932589e-09,6.283599146243928e-05
2026-05-11,nan,Will the highest temperature in Hong Kong be 22°C on May 11?,interior,22.0,23.0,interior,28.8,,2026-05-11|22.0|23.0,0.0,0.0,12h_prior,26.5,27.909403771711958,1.5471026359018836,0.0006867937938314572,weather_plus_market_training,4.7168571524540607e-07,0.0006870297447282908
2026-05-11,nan,Will the highest temperature in Hong Kong be 23°C on May 11?,interior,23.0,24.0,interior,28.8,,2026-05-11|23.0|24.0,0.0,0.0,12h_prior,26.5,27.909403771711958,1.5471026359018836,0.004999782150356097,weather_plus_market_training,2.4997821551019436e-05,0.005012322879202546
2026-05-11,nan,Will the highest temperature in Hong Kong be 24°C on May 11?,interior,24.0,25.0,interior,28.8,,2026-05-11|24.0|25.0,0.0,0.0,12h_prior,26.5,27.909403771711958,1.5471026359018836,0.02426318912217266,weather_plus_market_training,0.0005887023463783176,0.024562389919938452
2026-05-11,nan,Will the highest temperature in Hong Kong be 25°C on May 11?,interior,25.0,26.0,interior,28.8,,2026-05-11|25.0|26.0,0.0,0.0,12h_prior,26.5,27.909403771711958,1.5471026359018836,0.0785512586841482,weather_plus_market_training,0.006170300240863967,0.08180812868706105
2026-05-11,nan,Will the highest temperature in Hong Kong be 26°C on May 11?,interior,26.0,27.0,interior,28.8,,2026-05-11|26.0|27.0,0.0,0.0,12h_prior,26.5,27.909403771711958,1.5471026359018836,0.16976177602172587,weather_plus_market_training,0.028819060598050623,0.1860426025316532
2026-05-11,nan,Will the highest temperature in Hong Kong be 27°C on May 11?,interior,27.0,28.0,interior,28.8,,2026-05-11|27.0|28.0,0.0,0.0,12h_prior,26.5,27.909403771711958,1.5471026359018836,0.24501855515552495,weather_plus_market_training,0.06003409237050102,0.28106210640004986
2026-05-11,nan,Will the highest temperature in Hong Kong be 28°C on May 11?,interior,28.0,29.0,interior,28.8,,2026-05-11|28.0|29.0,1.0,1.0,12h_prior,26.5,27.909403771711958,1.5471026359018836,0.23622435726352853,weather_plus_market_training,0.5833532324375101,1.4429732591827282
2026-05-11,nan,Will the highest temperature in Hong Kong be 29°C on May 11?,interior,29.0,30.0,interior,28.8,,2026-05-11|29.0|30.0,0.0,0.0,12h_prior,26.5,27.909403771711958,1.5471026359018836,0.15212742473181273,weather_plus_market_training,0.023142753355533348,0.16502491949508238
2026-05-11,nan,Will the highest temperature in Hong Kong be 30°C or higher on May 11?,upper_tail,30.0,inf,upper_tail,28.8,,2026-05-11|30.0|inf,0.0,0.0,12h_prior,26.5,27.909403771711958,1.5471026359018836,0.08830004480127851,weather_plus_market_training,0.007796897911907792,0.09244433953165467
2026-05-11,nan,Will the highest temperature in Hong Kong be 20°C or below on May 11?,lower_tail,-inf,21.0,lower_tail,28.8,,2026-05-11|-inf|21.0,0.0,0.0,24h_prior,26.7,28.14674026517777,1.5743060948935852,2.8178798216022765e-06,weather_plus_market_training,7.940446688993278e-12,2.817883791823564e-06
2026-05-11,nan,Will the highest temperature in Hong Kong be 21°C on May 11?,interior,21.0,22.0,interior,28.8,,2026-05-11|21.0|22.0,0.0,0.0,24h_prior,26.7,28.14674026517777,1.5743060948935852,4.440941516335962e-05,weather_plus_market_training,1.9721961551516352e-09,4.44104012906444e-05
2026-05-11,nan,Will the highest temperature in Hong Kong be 22°C on May 11?,interior,22.0,23.0,interior,28.8,,2026-05-11|22.0|23.0,0.0,0.0,24h_prior,26.7,28.14674026517777,1.5743060948935852,0.0004920101618444109,weather_plus_market_training,2.420739993581634e-07,0.0004921312385597046
2026-05-11,nan,Will the highest temperature in Hong Kong be 23°C on May 11?,interior,23.0,24.0,interior,28.8,,2026-05-11|23.0|24.0,0.0,0.0,24h_prior,26.7,28.14674026517777,1.5743060948935852,0.0036798947727153773,weather_plus_market_training,1.3541625538257958e-05,0.0036866822420494405
2026-05-11,nan,Will the highest temperature in Hong Kong be 24°C on May 11?,interior,24.0,25.0,interior,28.8,,2026-05-11|24.0|25.0,0.0,0.0,24h_prior,26.7,28.14674026517777,1.5743060948935852,0.018595273918021973,weather_plus_market_training,0.0003457842120862683,0.018770339684803065
2026-05-11,nan,Will the highest temperature in Hong Kong be 25°C on May 11?,interior,25.0,26.0,interior,28.8,,2026-05-11|25.0|26.0,0.0,0.0,24h_prior,26.7,28.14674026517777,1.5743060948935852,0.06353069229092564,weather_plus_market_training,0.004036148862964279,0.06563853103700298
2026-05-11,nan,Will the highest temperature in Hong Kong be 26°C on May 11?,interior,26.0,27.0,interior,28.8,,2026-05-11|26.0|27.0,0.0,0.0,24h_prior,26.7,28.14674026517777,1.5743060948935852,0.14683623063801815,weather_plus_market_training,0.02156087862798126,0.15880375770057256
2026-05-11,nan,Will the highest temperature in Hong Kong be 27°C on May 11?,interior,27.0,28.0,interior,28.8,,2026-05-11|27.0|28.0,0.0,0.0,24h_prior,26.7,28.14674026517777,1.5743060948935852,0.22968723933020474,weather_plus_market_training,0.05275622791113075,0.26095866391621864
2026-05-11,nan,Will the highest temperature in Hong Kong be 28°C on May 11?,interior,28.0,29.0,interior,28.8,,2026-05-11|28.0|29.0,1.0,1.0,24h_prior,26.7,28.14674026517777,1.5743060948935852,0.2432190786697888,weather_plus_market_training,0.5727173628894033,1.413792683489296
2026-05-11,nan,Will the highest temperature in Hong Kong be 29°C on May 11?,interior,29.0,30.0,interior,28.8,,2026-05-11|29.0|30.0,0.0,0.0,24h_prior,26.7,28.14674026517777,1.5743060948935852,0.17435281031308314,weather_plus_market_training,0.03039890246406995,0.19158772783728428
2026-05-11,nan,Will the highest temperature in Hong Kong be 30°C or higher on May 11?,upper_tail,30.0,inf,upper_tail,28.8,,2026-05-11|30.0|inf,0.0,0.0,24h_prior,26.7,28.14674026517777,1.5743060948935852,0.1195595426104128,weather_plus_market_training,0.014294484229211113,0.12733297696722481
2026-05-11,nan,Will the highest temperature in Hong Kong be 20°C or below on May 11?,lower_tail,-inf,21.0,lower_tail,28.8,,2026-05-11|-inf|21.0,0.0,0.0,6h_prior,26.5,27.93584899469494,1.5444493132561006,3.5474193087485644e-06,weather_plus_market_training,1.2584183752082143e-11,3.5474256008537806e-06
2026-05-11,nan,Will the highest temperature in Hong Kong be 21°C on May 11?,interior,21.0,22.0,interior,28.8,,2026-05-11|21.0|22.0,0.0,0.0,6h_prior,26.5,27.93584899469494,1.5444493132561006,5.713732133677493e-05,weather_plus_market_training,3.2646734895418756e-09,5.713895373564556e-05
2026-05-11,nan,Will the highest temperature in Hong Kong be 22°C on May 11?,interior,22.0,23.0,interior,28.8,,2026-05-11|22.0|23.0,0.0,0.0,6h_prior,26.5,27.93584899469494,1.5444493132561006,0.000636380809973601,weather_plus_market_training,4.049805353026564e-07,0.0006365833861895905
2026-05-11,nan,Will the highest temperature in Hong Kong be 23°C on May 11?,interior,23.0,24.0,interior,28.8,,2026-05-11|23.0|24.0,0.0,0.0,6h_prior,26.5,27.93584899469494,1.5444493132561006,0.0047141073297385025,weather_plus_market_training,2.2222807916294275e-05,0.00472525377786133
2026-05-11,nan,Will the highest temperature in Hong Kong be 24°C on May 11?,interior,24.0,25.0,interior,28.8,,2026-05-11|24.0|25.0,0.0,0.0,6h_prior,26.5,27.93584899469494,1.5444493132561006,0.023246158595037616,weather_plus_market_training,0.0005403838894256412,0.023520612211115212
2026-05-11,nan,Will the highest temperature in Hong Kong be 25°C on May 11?,interior,25.0,26.0,interior,28.8,,2026-05-11|25.0|26.0,0.0,0.0,6h_prior,26.5,27.93584899469494,1.5444493132561006,0.07636848844027992,weather_plus_market_training,0.005832146026653168,0.07944208389441947
2026-05-11,nan,Will the highest temperature in Hong Kong be 26°C on May 11?,interior,26.0,27.0,interior,28.8,,2026-05-11|26.0|27.0,0.0,0.0,6h_prior,26.5,27.93584899469494,1.5444493132561006,0.16725032217549668,weather_plus_market_training,0.027972670267807438,0.18302218878983578
2026-05-11,nan,Will the highest temperature in Hong Kong be 27°C on May 11?,interior,27.0,28.0,interior,28.8,,2026-05-11|27.0|28.0,0.0,0.0,6h_prior,26.5,27.93584899469494,1.5444493132561006,0.2442897568208348,weather_plus_market_training,0.059677485287582606,0.2800972524897425
2026-05-11,nan,Will the highest temperature in Hong Kong be 28°C on May 11?,interior,28.0,29.0,interior,28.8,,2026-05-11|28.0|29.0,1.0,1.0,6h_prior,26.5,27.93584899469494,1.5444493132561006,0.23802764778334284,weather_plus_market_training,0.5806018655425854,1.4353684449006414
2026-05-11,nan,Will the highest temperature in Hong Kong be 29°C on May 11?,interior,29.0,30.0,interior,28.8,,2026-05-11|29.0|30.0,0.0,0.0,6h_prior,26.5,27.93584899469494,1.5444493132561006,0.15471292125646863,weather_plus_market_training,0.023936088003710262,0.16807897116487816
2026-05-11,nan,Will the highest temperature in Hong Kong be 30°C or higher on May 11?,upper_tail,30.0,inf,upper_tail,28.8,,2026-05-11|30.0|inf,0.0,0.0,6h_prior,26.5,27.93584899469494,1.5444493132561006,0.09069353204818187,weather_plus_market_training,0.008225316755374591,0.09507309316458352
2026-05-11,nan,Will the highest temperature in Hong Kong be 20°C or below on May 11?,lower_tail,-inf,21.0,lower_tail,28.8,,2026-05-11|-inf|21.0,0.0,0.0,event_day_open,26.5,28.00544490619876,1.4405578305767042,5.780745401574103e-07,weather_plus_market_training,3.3417017397820135e-13,5.780747072103021e-07
2026-05-11,nan,Will the highest temperature in Hong Kong be 21°C on May 11?,interior,21.0,22.0,interior,28.8,,2026-05-11|21.0|22.0,0.0,0.0,event_day_open,26.5,28.00544490619876,1.4405578305767042,1.4730091147138812e-05,weather_plus_market_training,2.169755852030172e-10,1.4730199636021698e-05
2026-05-11,nan,Will the highest temperature in Hong Kong be 22°C on May 11?,interior,22.0,23.0,interior,28.8,,2026-05-11|22.0|23.0,0.0,0.0,event_day_open,26.5,28.00544490619876,1.4405578305767042,0.00024044493593677215,weather_plus_market_training,5.7813767217638465e-08,0.00024047384745489928
2026-05-11,nan,Will the highest temperature in Hong Kong be 23°C on May 11?,interior,23.0,24.0,interior,28.8,,2026-05-11|23.0|24.0,0.0,0.0,event_day_open,26.5,28.00544490619876,1.4405578305767042,0.0024581615608948388,weather_plus_market_training,6.04255825946095e-06,0.002461187800365505
2026-05-11,nan,Will the highest temperature in Hong Kong be 24°C on May 11?,interior,24.0,25.0,interior,28.8,,2026-05-11|24.0|25.0,0.0,0.0,event_day_open,26.5,28.00544490619876,1.4405578305767042,0.015761527618578346,weather_plus_market_training,0.00024842575287120796,0.01588706131077686
2026-05-11,nan,Will the highest temperature in Hong Kong be 25°C on May 11?,interior,25.0,26.0,interior,28.8,,2026-05-11|25.0|26.0,0.0,0.0,event_day_open,26.5,28.00544490619876,1.4405578305767042,0.06346595619199981,weather_plus_market_training,0.004027927595364839,0.06556940558786888
2026-05-11,nan,Will the highest temperature in Hong Kong be 26°C on May 11?,interior,26.0,27.0,interior,28.8,,2026-05-11|26.0|27.0,0.0,0.0,event_day_open,26.5,28.00544490619876,1.4405578305767042,0.16066119051366712,weather_plus_market_training,0.02581201813726884,0.17514082865937528
2026-05-11,nan,Will the highest temperature in Hong Kong be 27°C on May 11?,interior,27.0,28.0,interior,28.8,,2026-05-11|27.0|28.0,0.0,0.0,event_day_open,26.5,28.00544490619876,1.4405578305767042,0.2558895242229313,weather_plus_market_training,0.06547944860703815,0.2955657662247648
2026-05-11,nan,Will the highest temperature in Hong Kong be 28°C on May 11?,interior,28.0,29.0,interior,28.8,,2026-05-11|28.0|29.0,1.0,1.0,event_day_open,26.5,28.00544490619876,1.4405578305767042,0.25653523207912093,weather_plus_market_training,0.5527398611396465,1.3604892667703166
2026-05-11,nan,Will the highest temperature in Hong Kong be 29°C on May 11?,interior,29.0,30.0,interior,28.8,,2026-05-11|29.0|30.0,0.0,0.0,event_day_open,26.5,28.00544490619876,1.4405578305767042,0.16188086553949688,weather_plus_market_training,0.026205414627816667,0.1765950233772416
2026-05-11,nan,Will the highest temperature in Hong Kong be 30°C or higher on May 11?,upper_tail,30.0,inf,upper_tail,28.8,,2026-05-11|30.0|inf,0.0,0.0,event_day_open,26.5,28.00544490619876,1.4405578305767042,0.08309178917168669,weather_plus_market_training,0.00690424542775203,0.08674790897857818
2026-05-12,nan,Will the highest temperature in Hong Kong be 21°C or below on May 12?,lower_tail,-inf,22.0,lower_tail,31.6,,2026-05-12|-inf|22.0,0.0,0.0,12h_prior,28.9,30.274544988219795,1.552528641980044,4.918179509709433e-08,weather_plus_market_training,2.418848968972572e-15,4.91817962903793e-08
2026-05-12,nan,Will the highest temperature in Hong Kong be 22°C on May 12?,interior,22.0,23.0,interior,31.6,,2026-05-12|22.0|23.0,0.0,0.0,12h_prior,28.9,30.274544988219795,1.552528641980044,1.3464493513071438e-06,weather_plus_market_training,1.8129258556354283e-12,1.3464502578108314e-06
2026-05-12,nan,Will the highest temperature in Hong Kong be 23°C on May 12?,interior,23.0,24.0,interior,31.6,,2026-05-12|23.0|24.0,0.0,0.0,12h_prior,28.9,30.274544988219795,1.552528641980044,2.5159524265599135e-05,weather_plus_market_training,6.330016612712717e-10,2.515984077176714e-05
2026-05-12,nan,Will the highest temperature in Hong Kong be 24°C on May 12?,interior,24.0,25.0,interior,31.6,,2026-05-12|24.0|25.0,0.0,0.0,12h_prior,28.9,30.274544988219795,1.552528641980044,0.0003136047467516931,weather_plus_market_training,9.834793718519355e-08,0.00031365393100348795
2026-05-12,nan,Will the highest temperature in Hong Kong be 25°C on May 12?,interior,25.0,26.0,interior,31.6,,2026-05-12|25.0|26.0,0.0,0.0,12h_prior,28.9,30.274544988219795,1.552528641980044,0.0026099168344743814,weather_plus_market_training,6.811665882872775e-06,0.0026133286050003166
2026-05-12,nan,Will the highest temperature in Hong Kong be 26°C on May 12?,interior,26.0,27.0,interior,31.6,,2026-05-12|26.0|27.0,0.0,0.0,12h_prior,28.9,30.274544988219795,1.552528641980044,0.014514929815208922,weather_plus_market_training,0.00021068318754044092,0.014621301986824965
2026-05-12,nan,Will the highest temperature in Hong Kong be 27°C on May 12?,interior,27.0,28.0,interior,31.6,,2026-05-12|27.0|28.0,0.0,0.0,12h_prior,28.9,30.274544988219795,1.552528641980044,0.0539874983061501,weather_plus_market_training,0.00291464997335656,0.055499494696385994
2026-05-12,nan,Will the highest temperature in Hong Kong be 28°C on May 12?,interior,28.0,29.0,interior,31.6,,2026-05-12|28.0|29.0,0.0,0.0,12h_prior,28.9,30.274544988219795,1.552528641980044,0.134385493483951,weather_plus_market_training,0.01805946085892504,0.14431561211624436
2026-05-12,nan,Will the highest temperature in Hong Kong be 29°C on May 12?,interior,29.0,30.0,interior,31.6,,2026-05-12|29.0|30.0,0.0,0.0,12h_prior,28.9,30.274544988219795,1.552528641980044,0.22398009265356794,weather_plus_market_training,0.05016708190510088,0.25357710533102285
2026-05-12,nan,Will the highest temperature in Hong Kong be 30°C on May 12?,interior,30.0,31.0,interior,31.6,,2026-05-12|30.0|31.0,0.0,0.0,12h_prior,28.9,30.274544988219795,1.552528641980044,0.25002969153571586,weather_plus_market_training,0.06251484664944522,0.2877216619497226
2026-05-12,nan,Will the highest temperature in Hong Kong be 31°C or higher on May 12?,upper_tail,31.0,inf,upper_tail,31.6,,2026-05-12|31.0|inf,1.0,1.0,12h_prior,28.9,30.274544988219795,1.552528641980044,0.3201522174687681,weather_plus_market_training,0.4621930074126332,1.1389587166981359
2026-05-12,nan,Will the highest temperature in Hong Kong be 21°C or below on May 12?,lower_tail,-inf,22.0,lower_tail,31.6,,2026-05-12|-inf|22.0,0.0,0.0,24h_prior,28.8,30.24930953646572,1.5743719415487285,8.039875680387786e-08,weather_plus_market_training,6.4639600956090955e-15,8.039875999522492e-08
2026-05-12,nan,Will the highest temperature in Hong Kong be 22°C on May 12?,interior,22.0,23.0,interior,31.6,,2026-05-12|22.0|23.0,0.0,0.0,24h_prior,28.8,30.24930953646572,1.5743719415487285,1.9861726360049615e-06,weather_plus_market_training,3.944881740014897e-12,1.9861746084694442e-06
2026-05-12,nan,Will the highest temperature in Hong Kong be 23°C on May 12?,interior,23.0,24.0,interior,31.6,,2026-05-12|23.0|24.0,0.0,0.0,24h_prior,28.8,30.24930953646572,1.5743719415487285,3.396058264247827e-05,weather_plus_market_training,1.1533211734165965e-09,3.3961159316132215e-05
2026-05-12,nan,Will the highest temperature in Hong Kong be 24°C on May 12?,interior,24.0,25.0,interior,31.6,,2026-05-12|24.0|25.0,0.0,0.0,24h_prior,28.8,30.24930953646572,1.5743719415487285,0.0003916607551145029,weather_plus_market_training,1.533981470968626e-07,0.00039173747422065343
2026-05-12,nan,Will the highest temperature in Hong Kong be 25°C on May 12?,interior,25.0,26.0,interior,31.6,,2026-05-12|25.0|26.0,0.0,0.0,24h_prior,28.8,30.24930953646572,1.5743719415487285,0.003049192199385725,weather_plus_market_training,9.297573068794756e-06,0.0030538504576132653
2026-05-12,nan,Will the highest temperature in Hong Kong be 26°C on May 12?,interior,26.0,27.0,interior,31.6,,2026-05-12|26.0|27.0,0.0,0.0,24h_prior,28.8,30.24930953646572,1.5743719415487285,0.01603782503462292,weather_plus_market_training,0.00025721183184117773,0.01616782274455858
2026-05-12,nan,Will the highest temperature in Hong Kong be 27°C on May 12?,interior,27.0,28.0,interior,31.6,,2026-05-12|27.0|28.0,0.0,0.0,24h_prior,28.8,30.24930953646572,1.5743719415487285,0.05703013711393101,weather_plus_market_training,0.0032524365392337714,0.05872095562281924
2026-05-12,nan,Will the highest temperature in Hong Kong be 28°C on May 12?,interior,28.0,29.0,interior,31.6,,2026-05-12|28.0|29.0,0.0,0.0,24h_prior,28.8,30.24930953646572,1.5743719415487285,0.1371900451511423,weather_plus_market_training,0.018821108488572463,0.14756082669311
2026-05-12,nan,Will the highest temperature in Hong Kong be 29°C on May 12?,interior,29.0,30.0,interior,31.6,,2026-05-12|29.0|30.0,0.0,0.0,24h_prior,28.8,30.24930953646572,1.5743719415487285,0.2233536812521134,weather_plus_market_training,0.04988686692887068,0.25277022047075715
2026-05-12,nan,Will the highest temperature in Hong Kong be 30°C on May 12?,interior,30.0,31.0,interior,31.6,,2026-05-12|30.0|31.0,0.0,0.0,24h_prior,28.8,30.24930953646572,1.5743719415487285,0.24616592588447173,weather_plus_market_training,0.060597663066559226,0.2825829960458608
2026-05-12,nan,Will the highest temperature in Hong Kong be 31°C or higher on May 12?,upper_tail,31.0,inf,upper_tail,31.6,,2026-05-12|31.0|inf,1.0,1.0,24h_prior,28.8,30.24930953646572,1.5743719415487285,0.3167455054551831,weather_plus_market_training,0.46683670431569324,1.1496566494468872
2026-05-12,nan,Will the highest temperature in Hong Kong be 21°C or below on May 12?,lower_tail,-inf,22.0,lower_tail,31.6,,2026-05-12|-inf|22.0,0.0,0.0,6h_prior,28.6,29.98865612530665,1.5496012513766393,1.2661399186872506e-07,weather_plus_market_training,1.6031102936933574e-14,1.2661399986209912e-07
2026-05-12,nan,Will the highest temperature in Hong Kong be 22°C on May 12?,interior,22.0,23.0,interior,31.6,,2026-05-12|22.0|23.0,0.0,0.0,6h_prior,28.6,29.98865612530665,1.5496012513766393,3.115216153811371e-06,weather_plus_market_training,9.704571684967313e-12,3.1152210061109677e-06
2026-05-12,nan,Will the highest temperature in Hong Kong be 23°C on May 12?,interior,23.0,24.0,interior,31.6,,2026-05-12|23.0|24.0,0.0,0.0,6h_prior,28.6,29.98865612530665,1.5496012513766393,5.2383995370015946e-05,weather_plus_market_training,2.744082970925852e-09,5.2385367459400514e-05
2026-05-12,nan,Will the highest temperature in Hong Kong be 24°C on May 12?,interior,24.0,25.0,interior,31.6,,2026-05-12|24.0|25.0,0.0,0.0,6h_prior,28.6,29.98865612530665,1.5496012513766393,0.000586858124134328,weather_plus_market_training,3.4440245786246235e-07,0.0005870303927646736
2026-05-12,nan,Will the highest temperature in Hong Kong be 25°C on May 12?,interior,25.0,26.0,interior,31.6,,2026-05-12|25.0|26.0,0.0,0.0,6h_prior,28.6,29.98865612530665,1.5496012513766393,0.00438419374217674,weather_plus_market_training,1.9221154768941686e-05,0.004393832502004981
2026-05-12,nan,Will the highest temperature in Hong Kong be 26°C on May 12?,interior,26.0,27.0,interior,31.6,,2026-05-12|26.0|27.0,0.0,0.0,6h_prior,28.6,29.98865612530665,1.5496012513766393,0.021859777636528254,weather_plus_market_training,0.0004778498783184608,0.022102242575002592
2026-05-12,nan,Will the highest temperature in Hong Kong be 27°C on May 12?,interior,27.0,28.0,interior,31.6,,2026-05-12|27.0|28.0,0.0,0.0,6h_prior,28.6,29.98865612530665,1.5496012513766393,0.07280107028420327,weather_plus_market_training,0.005299995834525504,0.07558714127585843
2026-05-12,nan,Will the highest temperature in Hong Kong be 28°C on May 12?,interior,28.0,29.0,interior,31.6,,2026-05-12|28.0|29.0,0.0,0.0,6h_prior,28.6,29.98865612530665,1.5496012513766393,0.1620471033626349,weather_plus_market_training,0.026259263708220477,0.17679338934314137
2026-05-12,nan,Will the highest temperature in Hong Kong be 29°C on May 12?,interior,29.0,30.0,interior,31.6,,2026-05-12|29.0|30.0,0.0,0.0,6h_prior,28.6,29.98865612530665,1.5496012513766393,0.24118580672684287,weather_plus_market_training,0.058170593366478,0.27599833620275266
2026-05-12,nan,Will the highest temperature in Hong Kong be 30°C on May 12?,interior,30.0,31.0,interior,31.6,,2026-05-12|30.0|31.0,0.0,0.0,6h_prior,28.6,29.98865612530665,1.5496012513766393,0.24008788886921428,weather_plus_market_training,0.057642194381676184,0.2745524956379225
2026-05-12,nan,Will the highest temperature in Hong Kong be 31°C or higher on May 12?,upper_tail,31.0,inf,upper_tail,31.6,,2026-05-12|31.0|inf,1.0,1.0,6h_prior,28.6,29.98865612530665,1.5496012513766393,0.2569916754287497,weather_plus_market_training,0.5520613703821765,1.35871158593935
2026-05-12,nan,Will the highest temperature in Hong Kong be 21°C or below on May 12?,lower_tail,-inf,22.0,lower_tail,31.6,,2026-05-12|-inf|22.0,0.0,0.0,event_day_open,28.8,30.28374011901946,1.444968575642313,4.938815438397804e-09,weather_plus_market_training,2.439189793455649e-17,4.9388154798992e-09
2026-05-12,nan,Will the highest temperature in Hong Kong be 22°C on May 12?,interior,22.0,23.0,interior,31.6,,2026-05-12|22.0|23.0,0.0,0.0,event_day_open,28.8,30.28374011901946,1.444968575642313,2.2690425634588774e-07,weather_plus_market_training,5.1485541547880337e-14,2.2690428212682754e-07
2026-05-12,nan,Will the highest temperature in Hong Kong be 23°C on May 12?,interior,23.0,24.0,interior,31.6,,2026-05-12|23.0|24.0,0.0,0.0,event_day_open,28.8,30.28374011901946,1.444968575642313,6.615387718727836e-06,weather_plus_market_training,4.376335466909508e-11,6.61540960050744e-06
2026-05-12,nan,Will the highest temperature in Hong Kong be 24°C on May 12?,interior,24.0,25.0,interior,31.6,,2026-05-12|24.0|25.0,0.0,0.0,event_day_open,28.8,30.28374011901946,1.444968575642313,0.00012092067852456545,weather_plus_market_training,1.4621810494841304e-08,0.00012092799001919931
2026-05-12,nan,Will the highest temperature in Hong Kong be 25°C on May 12?,interior,25.0,26.0,interior,31.6,,2026-05-12|25.0|26.0,0.0,0.0,event_day_open,28.8,30.28374011901946,1.444968575642313,0.001387662468395777,weather_plus_market_training,1.9256071261942607e-06,0.00138862616358442
2026-05-12,nan,Will the highest temperature in Hong Kong be 26°C on May 12?,interior,26.0,27.0,interior,31.6,,2026-05-12|26.0|27.0,0.0,0.0,event_day_open,28.8,30.28374011901946,1.444968575642313,0.010011710091152658,weather_plus_market_training,0.00010023433894928796,0.010062164298358885
2026-05-12,nan,Will the highest temperature in Hong Kong be 27°C on May 12?,interior,27.0,28.0,interior,31.6,,2026-05-12|27.0|28.0,0.0,0.0,event_day_open,28.8,30.28374011901946,1.444968575642313,0.04547165342241609,weather_plus_market_training,0.0020676712649683247,0.04653793842851251
2026-05-12,nan,Will the highest temperature in Hong Kong be 28°C on May 12?,interior,28.0,29.0,interior,31.6,,2026-05-12|28.0|29.0,0.0,0.0,event_day_open,28.8,30.28374011901946,1.444968575642313,0.13015843009280487,weather_plus_market_training,0.01694121692422357,0.13944418747132142
2026-05-12,nan,Will the highest temperature in Hong Kong be 29°C on May 12?,interior,29.0,30.0,interior,31.6,,2026-05-12|29.0|30.0,0.0,0.0,event_day_open,28.8,30.28374011901946,1.444968575642313,0.23500532792653733,weather_plus_market_training,0.055227504153859346,0.267886409789707
2026-05-12,nan,Will the highest temperature in Hong Kong be 30°C on May 12?,interior,30.0,31.0,interior,31.6,,2026-05-12|30.0|31.0,0.0,0.0,event_day_open,28.8,30.28374011901946,1.444968575642313,0.2677817084063112,weather_plus_market_training,0.07170704335700269,0.31167659691766864
2026-05-12,nan,Will the highest temperature in Hong Kong be 31°C or higher on May 12?,upper_tail,31.0,inf,upper_tail,31.6,,2026-05-12|31.0|inf,1.0,1.0,event_day_open,28.8,30.28374011901946,1.444968575642313,0.310055739683067,weather_plus_market_training,0.4760230823442798,1.1710031922367554
2026-05-13,nan,Will the highest temperature in Hong Kong be 21°C or below on May 13?,lower_tail,-inf,22.0,lower_tail,31.1,,2026-05-13|-inf|22.0,0.0,0.0,12h_prior,28.3,29.68288061392346,1.55164548719811,3.683303443421758e-07,weather_plus_market_training,1.3566724256322578e-13,3.6833041216944786e-07
2026-05-13,nan,Will the highest temperature in Hong Kong be 22°C on May 13?,interior,22.0,23.0,interior,31.1,,2026-05-13|22.0|23.0,0.0,0.0,12h_prior,28.3,29.68288061392346,1.55164548719811,7.907211792653293e-06,weather_plus_market_training,6.25239983338753e-11,7.907243054832143e-06
2026-05-13,nan,Will the highest temperature in Hong Kong be 23°C on May 13?,interior,23.0,24.0,interior,31.1,,2026-05-13|23.0|24.0,0.0,0.0,12h_prior,28.3,29.68288061392346,1.55164548719811,0.00011661392902844504,weather_plus_market_training,1.3598808443451217e-08,0.00011662072896126885
2026-05-13,nan,Will the highest temperature in Hong Kong be 24°C on May 13?,interior,24.0,25.0,interior,31.1,,2026-05-13|24.0|25.0,0.0,0.0,12h_prior,28.3,29.68288061392346,1.55164548719811,0.0011473157301275406,weather_plus_market_training,1.3163333845980914e-06,0.0011479744006700425
2026-05-13,nan,Will the highest temperature in Hong Kong be 25°C on May 13?,interior,25.0,26.0,interior,31.1,,2026-05-13|25.0|26.0,0.0,0.0,12h_prior,28.3,29.68288061392346,1.55164548719811,0.0075372218278664145,weather_plus_market_training,5.680971288246593e-05,0.007565770225175315
2026-05-13,nan,Will the highest temperature in Hong Kong be 26°C on May 13?,interior,26.0,27.0,interior,31.1,,2026-05-13|26.0|27.0,0.0,0.0,12h_prior,28.3,29.68288061392346,1.55164548719811,0.033090185909163405,weather_plus_market_training,0.0010949604035029963,0.033650051486398685
2026-05-13,nan,Will the highest temperature in Hong Kong be 27°C on May 13?,interior,27.0,28.0,interior,31.1,,2026-05-13|27.0|28.0,0.0,0.0,12h_prior,28.3,29.68288061392346,1.55164548719811,0.09715468087194827,weather_plus_market_training,0.00943903201533011,0.10220403688477364
2026-05-13,nan,Will the highest temperature in Hong Kong be 28°C on May 13?,interior,28.0,29.0,interior,31.1,,2026-05-13|28.0|29.0,0.0,0.0,12h_prior,28.3,29.68288061392346,1.55164548719811,0.1908777122605984,weather_plus_market_training,0.0364343010378398,0.21180521421304163
2026-05-13,nan,Will the highest temperature in Hong Kong be 29°C on May 13?,interior,29.0,30.0,interior,31.1,,2026-05-13|29.0|30.0,0.0,0.0,12h_prior,28.3,29.68288061392346,1.55164548719811,0.2510382246485291,weather_plus_market_training,0.06302019023468536,0.2890673310109059
2026-05-13,nan,Will the highest temperature in Hong Kong be 30°C on May 13?,interior,30.0,31.0,interior,31.1,,2026-05-13|30.0|31.0,0.0,0.0,12h_prior,28.3,29.68288061392346,1.55164548719811,0.22104830445397894,weather_plus_market_training,0.04886235290197897,0.24980624331893567
2026-05-13,nan,Will the highest temperature in Hong Kong be 31°C or higher on May 13?,upper_tail,31.0,inf,upper_tail,31.1,,2026-05-13|31.0|inf,1.0,1.0,12h_prior,28.3,29.68288061392346,1.55164548719811,0.1979814648266225,weather_plus_market_training,0.6432337307616501,1.6195818646562323
2026-05-13,nan,Will the highest temperature in Hong Kong be 21°C or below on May 13?,lower_tail,-inf,22.0,lower_tail,31.1,,2026-05-13|-inf|22.0,0.0,0.0,24h_prior,28.3,29.749192108480013,1.57436544974858,4.2809118686869177e-07,weather_plus_market_training,1.8326206427464517e-13,4.2809127846368256e-07
2026-05-13,nan,Will the highest temperature in Hong Kong be 22°C on May 13?,interior,22.0,23.0,interior,31.1,,2026-05-13|22.0|23.0,0.0,0.0,24h_prior,28.3,29.749192108480013,1.57436544974858,8.629937543033762e-06,weather_plus_market_training,7.447582199666361e-11,8.629974781150675e-06
2026-05-13,nan,Will the highest temperature in Hong Kong be 23°C on May 13?,interior,23.0,24.0,interior,31.1,,2026-05-13|23.0|24.0,0.0,0.0,24h_prior,28.3,29.749192108480013,1.57436544974858,0.00012117066796397846,weather_plus_market_training,1.4682330774836716e-08,0.00012117800972248513
2026-05-13,nan,Will the highest temperature in Hong Kong be 24°C on May 13?,interior,24.0,25.0,interior,31.1,,2026-05-13|24.0|25.0,0.0,0.0,24h_prior,28.3,29.749192108480013,1.57436544974858,0.0011480093896970947,weather_plus_market_training,1.3179255588326957e-06,0.0011486688572414107
2026-05-13,nan,Will the highest temperature in Hong Kong be 25°C on May 13?,interior,25.0,26.0,interior,31.1,,2026-05-13|25.0|26.0,0.0,0.0,24h_prior,28.3,29.749192108480013,1.57436544974858,0.00734527467491441,weather_plus_market_training,5.395306004993899e-05,0.007372384036990425
2026-05-13,nan,Will the highest temperature in Hong Kong be 26°C on May 13?,interior,26.0,27.0,interior,31.1,,2026-05-13|26.0|27.0,0.0,0.0,24h_prior,28.3,29.749192108480013,1.57436544974858,0.03176265002940409,weather_plus_market_training,0.0010088659368904034,0.0322780255106321
2026-05-13,nan,Will the highest temperature in Hong Kong be 27°C on May 13?,interior,27.0,28.0,interior,31.1,,2026-05-13|27.0|28.0,0.0,0.0,24h_prior,28.3,29.749192108480013,1.57436544974858,0.09288815673835407,weather_plus_market_training,0.008628209662249033,0.09748952526562318
2026-05-13,nan,Will the highest temperature in Hong Kong be 28°C on May 13?,interior,28.0,29.0,interior,31.1,,2026-05-13|28.0|29.0,0.0,0.0,24h_prior,28.3,29.749192108480013,1.57436544974858,0.18380944510891073,weather_plus_market_training,0.03378591211124567,0.20310742812947216
2026-05-13,nan,Will the highest temperature in Hong Kong be 29°C on May 13?,interior,29.0,30.0,interior,31.1,,2026-05-13|29.0|30.0,0.0,0.0,24h_prior,28.3,29.749192108480013,1.57436544974858,0.24620284616462207,weather_plus_market_training,0.06061584145956056,0.28263197391189754
2026-05-13,nan,Will the highest temperature in Hong Kong be 30°C on May 13?,interior,30.0,31.0,interior,31.1,,2026-05-13|30.0|31.0,0.0,0.0,24h_prior,28.3,29.749192108480013,1.57436544974858,0.223256479640083,weather_plus_market_training,0.04984345570128279,0.2526450727329387
2026-05-13,nan,Will the highest temperature in Hong Kong be 31°C or higher on May 13?,upper_tail,31.0,inf,upper_tail,31.1,,2026-05-13|31.0|inf,1.0,1.0,24h_prior,28.3,29.749192108480013,1.57436544974858,0.21345690955732066,weather_plus_market_training,0.6186500331231208,1.544320295454957
2026-05-13,nan,Will the highest temperature in Hong Kong be 21°C or below on May 13?,lower_tail,-inf,22.0,lower_tail,31.1,,2026-05-13|-inf|22.0,0.0,0.0,6h_prior,28.4,29.798474129022228,1.5495399702249388,2.41724882260276e-07,weather_plus_market_training,5.84309187037443e-14,2.417249114372029e-07
2026-05-13,nan,Will the highest temperature in Hong Kong be 22°C on May 13?,interior,22.0,23.0,interior,31.1,,2026-05-13|22.0|23.0,0.0,0.0,6h_prior,28.4,29.798474129022228,1.5495399702249388,5.493578289307697e-06,weather_plus_market_training,3.0179402420752886e-11,5.493593379029357e-06
2026-05-13,nan,Will the highest temperature in Hong Kong be 23°C on May 13?,interior,23.0,24.0,interior,31.1,,2026-05-13|23.0|24.0,0.0,0.0,6h_prior,28.4,29.798474129022228,1.5495399702249388,8.552305093701996e-05,weather_plus_market_training,7.31419224157611e-09,8.552670824165347e-05
2026-05-13,nan,Will the highest temperature in Hong Kong be 24°C on May 13?,interior,24.0,25.0,interior,31.1,,2026-05-13|24.0|25.0,0.0,0.0,6h_prior,28.4,29.798474129022228,1.5495399702249388,0.000887151486725719,weather_plus_market_training,7.870377603996535e-07,0.0008875452385014302
2026-05-13,nan,Will the highest temperature in Hong Kong be 25°C on May 13?,interior,25.0,26.0,interior,31.1,,2026-05-13|25.0|26.0,0.0,0.0,6h_prior,28.4,29.798474129022228,1.5495399702249388,0.00613754575451034,weather_plus_market_training,3.7669467888707895e-05,0.0061564579109802155
2026-05-13,nan,Will the highest temperature in Hong Kong be 26°C on May 13?,interior,26.0,27.0,interior,31.1,,2026-05-13|26.0|27.0,0.0,0.0,6h_prior,28.4,29.798474129022228,1.5495399702249388,0.0283429650597099,weather_plus_market_training,0.0008033236683759363,0.0287523814976758
2026-05-13,nan,Will the highest temperature in Hong Kong be 27°C on May 13?,interior,27.0,28.0,interior,31.1,,2026-05-13|27.0|28.0,0.0,0.0,6h_prior,28.4,29.798474129022228,1.5495399702249388,0.0874331370223412,weather_plus_market_training,0.007644553449567493,0.09149392171387083
2026-05-13,nan,Will the highest temperature in Hong Kong be 28°C on May 13?,interior,28.0,29.0,interior,31.1,,2026-05-13|28.0|29.0,0.0,0.0,6h_prior,28.4,29.798474129022228,1.5495399702249388,0.18028050248214794,weather_plus_market_training,0.03250105957521575,0.19879307344298836
2026-05-13,nan,Will the highest temperature in Hong Kong be 29°C on May 13?,interior,29.0,30.0,interior,31.1,,2026-05-13|29.0|30.0,0.0,0.0,6h_prior,28.4,29.798474129022228,1.5495399702249388,0.24856609853435957,weather_plus_market_training,0.06178510534059295,0.28577202912562666
2026-05-13,nan,Will the highest temperature in Hong Kong be 30°C on May 13?,interior,30.0,31.0,interior,31.1,,2026-05-13|30.0|31.0,0.0,0.0,6h_prior,28.4,29.798474129022228,1.5495399702249388,0.2292120712537684,weather_plus_market_training,0.05253817360844261,0.2603420032466629
2026-05-13,nan,Will the highest temperature in Hong Kong be 31°C or higher on May 13?,upper_tail,31.0,inf,upper_tail,31.1,,2026-05-13|31.0|inf,1.0,1.0,6h_prior,28.4,29.798474129022228,1.5495399702249388,0.21904927005232833,weather_plus_market_training,0.6098840426058012,1.5184585970613662
2026-05-13,nan,Will the highest temperature in Hong Kong be 21°C or below on May 13?,lower_tail,-inf,22.0,lower_tail,31.1,,2026-05-13|-inf|22.0,0.0,0.0,event_day_open,28.6,30.089405815922134,1.4448906429186237,1.0802716376258351e-08,weather_plus_market_training,1.1669868110588036e-16,1.080271644644128e-08
2026-05-13,nan,Will the highest temperature in Hong Kong be 22°C on May 13?,interior,22.0,23.0,interior,31.1,,2026-05-13|22.0|23.0,0.0,0.0,event_day_open,28.6,30.089405815922134,1.4448906429186237,4.5269568511034964e-07,weather_plus_market_training,2.0493338331752883e-13,4.5269578762698743e-07
2026-05-13,nan,Will the highest temperature in Hong Kong be 23°C on May 13?,interior,23.0,24.0,interior,31.1,,2026-05-13|23.0|24.0,0.0,0.0,event_day_open,28.6,30.089405815922134,1.4448906429186237,1.2056402579286784e-05,weather_plus_market_training,1.4535684315383302e-10,1.2056475258291495e-05
2026-05-13,nan,Will the highest temperature in Hong Kong be 24°C on May 13?,interior,24.0,25.0,interior,31.1,,2026-05-13|24.0|25.0,0.0,0.0,event_day_open,28.6,30.089405815922134,1.4448906429186237,0.00020135225740344732,weather_plus_market_training,4.0542731561464105e-08,0.00020137253149079065
2026-05-13,nan,Will the highest temperature in Hong Kong be 25°C on May 13?,interior,25.0,26.0,interior,31.1,,2026-05-13|25.0|26.0,0.0,0.0,event_day_open,28.6,30.089405815922134,1.4448906429186237,0.0021116895863544896,weather_plus_market_training,4.459232909117995e-06,0.0021139223466271643
2026-05-13,nan,Will the highest temperature in Hong Kong be 26°C on May 13?,interior,26.0,27.0,interior,31.1,,2026-05-13|26.0|27.0,0.0,0.0,event_day_open,28.6,30.089405815922134,1.4448906429186237,0.013926361887776859,weather_plus_market_training,0.00019394355542932384,0.014024243484392804
2026-05-13,nan,Will the highest temperature in Hong Kong be 27°C on May 13?,interior,27.0,28.0,interior,31.1,,2026-05-13|27.0|28.0,0.0,0.0,event_day_open,28.6,30.089405815922134,1.4448906429186237,0.057827559318354024,weather_plus_market_training,0.003344026616717753,0.059566963110397615
2026-05-13,nan,Will the highest temperature in Hong Kong be 28°C on May 13?,interior,28.0,29.0,interior,31.1,,2026-05-13|28.0|29.0,0.0,0.0,event_day_open,28.6,30.089405815922134,1.4448906429186237,0.15135379882647698,weather_plus_market_training,0.022907972419205665,0.1641129037016802
2026-05-13,nan,Will the highest temperature in Hong Kong be 29°C on May 13?,interior,29.0,30.0,interior,31.1,,2026-05-13|29.0|30.0,0.0,0.0,event_day_open,28.6,30.089405815922134,1.4448906429186237,0.24989702256325436,weather_plus_market_training,0.06244852188597966,0.2875447786280152
2026-05-13,nan,Will the highest temperature in Hong Kong be 30°C on May 13?,interior,30.0,31.0,interior,31.1,,2026-05-13|30.0|31.0,0.0,0.0,event_day_open,28.6,30.089405815922134,1.4448906429186237,0.26039328190924854,weather_plus_market_training,0.06780466126346939,0.30163669609945376
2026-05-13,nan,Will the highest temperature in Hong Kong be 31°C or higher on May 13?,upper_tail,31.0,inf,upper_tail,31.1,,2026-05-13|31.0|inf,1.0,1.0,event_day_open,28.6,30.089405815922134,1.4448906429186237,0.26427641375015054,weather_plus_market_training,0.5412891953643397,1.3307597017999517
2026-05-14,nan,Will the highest temperature in Hong Kong be 21°C or below on May 14?,lower_tail,-inf,22.0,lower_tail,29.2,,2026-05-14|-inf|22.0,0.0,0.0,12h_prior,27.5,28.899664601092933,1.550592516328432,4.299605338381178e-06,weather_plus_market_training,1.8486606065835926e-11,4.299614581760962e-06
2026-05-14,nan,Will the highest temperature in Hong Kong be 22°C on May 14?,interior,22.0,23.0,interior,29.2,,2026-05-14|22.0|23.0,0.0,0.0,12h_prior,27.5,28.899664601092933,1.550592516328432,6.666531199475371e-05,weather_plus_market_training,4.444263823357853e-09,6.666753422540517e-05
2026-05-14,nan,Will the highest temperature in Hong Kong be 23°C on May 14?,interior,23.0,24.0,interior,29.2,,2026-05-14|23.0|24.0,0.0,0.0,12h_prior,27.5,28.899664601092933,1.550592516328432,0.0007182436051460884,weather_plus_market_training,5.158738763332502e-07,0.0007185016656584923
2026-05-14,nan,Will the highest temperature in Hong Kong be 24°C on May 14?,interior,24.0,25.0,interior,29.2,,2026-05-14|24.0|25.0,0.0,0.0,12h_prior,27.5,28.899664601092933,1.550592516328432,0.005163233527536845,weather_plus_market_training,2.665898045988057e-05,0.005176609078359791
2026-05-14,nan,Will the highest temperature in Hong Kong be 25°C on May 14?,interior,25.0,26.0,interior,29.2,,2026-05-14|25.0|26.0,0.0,0.0,12h_prior,27.5,28.899664601092933,1.550592516328432,0.024786932697890868,weather_plus_market_training,0.0006143920325697715,0.025099301292350207
2026-05-14,nan,Will the highest temperature in Hong Kong be 26°C on May 14?,interior,26.0,27.0,interior,29.2,,2026-05-14|26.0|27.0,0.0,0.0,12h_prior,27.5,28.899664601092933,1.550592516328432,0.07952530291249461,weather_plus_market_training,0.0063242738033240245,0.0828657669133142
2026-05-14,nan,Will the highest temperature in Hong Kong be 27°C on May 14?,interior,27.0,28.0,interior,29.2,,2026-05-14|27.0|28.0,0.0,0.0,12h_prior,27.5,28.899664601092933,1.550592516328432,0.1706228459263867,weather_plus_market_training,0.0291121555520195,0.18708027667388252
2026-05-14,nan,Will the highest temperature in Hong Kong be 28°C on May 14?,interior,28.0,29.0,interior,29.2,,2026-05-14|28.0|29.0,0.0,0.0,12h_prior,27.5,28.899664601092933,1.550592516328432,0.24490914215101112,weather_plus_market_training,0.05998048790914417,0.2809171954517328
2026-05-14,nan,Will the highest temperature in Hong Kong be 29°C on May 14?,interior,29.0,30.0,interior,29.2,,2026-05-14|29.0|30.0,1.0,1.0,12h_prior,27.5,28.899664601092933,1.550592516328432,0.2352342149289428,weather_plus_market_training,0.5848667060153504,1.447173601900976
2026-05-14,nan,Will the highest temperature in Hong Kong be 30°C on May 14?,interior,30.0,31.0,interior,29.2,,2026-05-14|30.0|31.0,0.0,0.0,12h_prior,27.5,28.899664601092933,1.550592516328432,0.1511866083320692,weather_plus_market_training,0.022857390538954497,0.16391591462971222
2026-05-14,nan,Will the highest temperature in Hong Kong be 31°C or higher on May 14?,upper_tail,31.0,inf,upper_tail,29.2,,2026-05-14|31.0|inf,0.0,0.0,12h_prior,27.5,28.899664601092933,1.550592516328432,0.08778251100118861,weather_plus_market_training,0.007705769237673799,0.09187684255899752
2026-05-14,nan,Will the highest temperature in Hong Kong be 21°C or below on May 14?,lower_tail,-inf,22.0,lower_tail,29.2,,2026-05-14|-inf|22.0,0.0,0.0,24h_prior,27.5,28.94917437872568,1.574354417765785,5.074285517725707e-06,weather_plus_market_training,2.5748373515400846e-11,5.074298392000204e-06
2026-05-14,nan,Will the highest temperature in Hong Kong be 22°C on May 14?,interior,22.0,23.0,interior,29.2,,2026-05-14|22.0|23.0,0.0,0.0,24h_prior,27.5,28.94917437872568,1.574354417765785,7.371789169478328e-05,weather_plus_market_training,5.434327555923797e-09,7.372060899206781e-05
2026-05-14,nan,Will the highest temperature in Hong Kong be 23°C on May 14?,interior,23.0,24.0,interior,29.2,,2026-05-14|23.0|24.0,0.0,0.0,24h_prior,27.5,28.94917437872568,1.574354417765785,0.0007555634814022986,weather_plus_market_training,5.708761744287616e-07,0.0007558490633487345
2026-05-14,nan,Will the highest temperature in Hong Kong be 24°C on May 14?,interior,24.0,25.0,interior,29.2,,2026-05-14|24.0|25.0,0.0,0.0,24h_prior,27.5,28.94917437872568,1.574354417765785,0.005228913839476435,weather_plus_market_training,2.7341539940668197e-05,0.00524263245264079
2026-05-14,nan,Will the highest temperature in Hong Kong be 25°C on May 14?,interior,25.0,26.0,interior,29.2,,2026-05-14|25.0|26.0,0.0,0.0,24h_prior,27.5,28.94917437872568,1.574354417765785,0.024453009879064305,weather_plus_market_training,0.0005979496921456165,0.024756949786005386
2026-05-14,nan,Will the highest temperature in Hong Kong be 26°C on May 14?,interior,26.0,27.0,interior,29.2,,2026-05-14|26.0|27.0,0.0,0.0,24h_prior,27.5,28.94917437872568,1.574354417765785,0.07732719547355422,weather_plus_market_training,0.005979495159805265,0.08048059863013919
2026-05-14,nan,Will the highest temperature in Hong Kong be 27°C on May 14?,interior,27.0,28.0,interior,29.2,,2026-05-14|27.0|28.0,0.0,0.0,24h_prior,27.5,28.94917437872568,1.574354417765785,0.16544495711619306,weather_plus_market_training,0.02737203383517896,0.18085657893765092
2026-05-14,nan,Will the highest temperature in Hong Kong be 28°C on May 14?,interior,28.0,29.0,interior,29.2,,2026-05-14|28.0|29.0,0.0,0.0,24h_prior,27.5,28.94917437872568,1.574354417765785,0.23958857175862652,weather_plus_market_training,0.05740268371733853,0.2738956392312305
2026-05-14,nan,Will the highest temperature in Hong Kong be 29°C on May 14?,interior,29.0,30.0,interior,29.2,,2026-05-14|29.0|30.0,1.0,1.0,24h_prior,27.5,28.94917437872568,1.574354417765785,0.2348852444224725,weather_plus_market_training,0.5854005892024596,1.4486582057123027
2026-05-14,nan,Will the highest temperature in Hong Kong be 30°C on May 14?,interior,30.0,31.0,interior,29.2,,2026-05-14|30.0|31.0,0.0,0.0,24h_prior,27.5,28.94917437872568,1.574354417765785,0.155889835371965,weather_plus_market_training,0.024301640772298346,0.16947226609359484
2026-05-14,nan,Will the highest temperature in Hong Kong be 31°C or higher on May 14?,upper_tail,31.0,inf,upper_tail,29.2,,2026-05-14|31.0|inf,0.0,0.0,24h_prior,27.5,28.94917437872568,1.574354417765785,0.09634791648003316,weather_plus_market_training,0.009282921010043445,0.10131085603174059
2026-05-14,nan,Will the highest temperature in Hong Kong be 21°C or below on May 14?,lower_tail,-inf,22.0,lower_tail,29.2,,2026-05-14|-inf|22.0,0.0,0.0,6h_prior,27.6,29.019015491458557,1.5483696752647147,2.9053170539217115e-06,weather_plus_market_training,8.440867183808332e-12,2.905321274377918e-06
2026-05-14,nan,Will the highest temperature in Hong Kong be 22°C on May 14?,interior,22.0,23.0,interior,29.2,,2026-05-14|22.0|23.0,0.0,0.0,6h_prior,27.6,29.019015491458557,1.5483696752647147,4.777227632658214e-05,weather_plus_market_training,2.2821903854233208e-09,4.777341745811004e-05
2026-05-14,nan,Will the highest temperature in Hong Kong be 23°C on May 14?,interior,23.0,24.0,interior,29.2,,2026-05-14|23.0|24.0,0.0,0.0,6h_prior,27.6,29.019015491458557,1.5483696752647147,0.0005438680008726392,weather_plus_market_training,2.9579240237320103e-07,0.0005440159507197707
2026-05-14,nan,Will the highest temperature in Hong Kong be 24°C on May 14?,interior,24.0,25.0,interior,29.2,,2026-05-14|24.0|25.0,0.0,0.0,6h_prior,27.6,29.019015491458557,1.5483696752647147,0.004126154546395944,weather_plus_market_training,1.702515134074392e-05,0.00413469061090552
2026-05-14,nan,Will the highest temperature in Hong Kong be 25°C on May 14?,interior,25.0,26.0,interior,29.2,,2026-05-14|25.0|26.0,0.0,0.0,6h_prior,27.6,29.019015491458557,1.5483696752647147,0.02087911513403514,weather_plus_market_training,0.00043593744878029527,0.021100166172490484
2026-05-14,nan,Will the highest temperature in Hong Kong be 26°C on May 14?,interior,26.0,27.0,interior,29.2,,2026-05-14|26.0|27.0,0.0,0.0,6h_prior,27.6,29.019015491458557,1.5483696752647147,0.070523424197335,weather_plus_market_training,0.004973553360517255,0.07313367299599599
2026-05-14,nan,Will the highest temperature in Hong Kong be 27°C on May 14?,interior,27.0,28.0,interior,29.2,,2026-05-14|27.0|28.0,0.0,0.0,6h_prior,27.6,29.019015491458557,1.5483696752647147,0.15910676676906516,weather_plus_market_training,0.025314963231705696,0.17329057923127564
2026-05-14,nan,Will the highest temperature in Hong Kong be 28°C on May 14?,interior,28.0,29.0,interior,29.2,,2026-05-14|28.0|29.0,0.0,0.0,6h_prior,27.6,29.019015491458557,1.5483696752647147,0.2398707161774274,weather_plus_market_training,0.05753796047947193,0.2742667498760168
2026-05-14,nan,Will the highest temperature in Hong Kong be 29°C on May 14?,interior,29.0,30.0,interior,29.2,,2026-05-14|29.0|30.0,1.0,1.0,6h_prior,27.6,29.019015491458557,1.5483696752647147,0.2417151485289194,weather_plus_market_training,0.5749959159705188,1.4199953183135654
2026-05-14,nan,Will the highest temperature in Hong Kong be 30°C on May 14?,interior,30.0,31.0,interior,29.2,,2026-05-14|30.0|31.0,0.0,0.0,6h_prior,27.6,29.019015491458557,1.5483696752647147,0.16280605144673654,weather_plus_market_training,0.026505810387677426,0.17769951663366454
2026-05-14,nan,Will the highest temperature in Hong Kong be 31°C or higher on May 14?,upper_tail,31.0,inf,upper_tail,29.2,,2026-05-14|31.0|inf,0.0,0.0,6h_prior,27.6,29.019015491458557,1.5483696752647147,0.10037807760583228,weather_plus_market_training,0.01007575846384249,0.10578069014746762
2026-05-14,nan,Will the highest temperature in Hong Kong be 21°C or below on May 14?,lower_tail,-inf,22.0,lower_tail,29.2,,2026-05-14|-inf|22.0,0.0,0.0,event_day_open,27.4,28.903534057972514,1.443360162323999,8.636621387485078e-07,weather_plus_market_training,7.459122899076468e-13,8.636625116511803e-07
2026-05-14,nan,Will the highest temperature in Hong Kong be 22°C on May 14?,interior,22.0,23.0,interior,29.2,,2026-05-14|22.0|23.0,0.0,0.0,event_day_open,27.4,28.903534057972514,1.443360162323999,2.069269527470535e-05,weather_plus_market_training,4.2818763773181315e-10,2.0692909371487876e-05
2026-05-14,nan,Will the highest temperature in Hong Kong be 23°C on May 14?,interior,23.0,24.0,interior,29.2,,2026-05-14|23.0|24.0,0.0,0.0,event_day_open,27.4,28.903534057972514,1.443360162323999,0.00031870954577098356,weather_plus_market_training,1.0157577456554666e-07,0.00031876034445187573
2026-05-14,nan,Will the highest temperature in Hong Kong be 24°C on May 14?,interior,24.0,25.0,interior,29.2,,2026-05-14|24.0|25.0,0.0,0.0,event_day_open,27.4,28.903534057972514,1.443360162323999,0.003080336540679784,weather_plus_market_training,9.488473203847098e-06,0.0030850905424086275
2026-05-14,nan,Will the highest temperature in Hong Kong be 25°C on May 14?,interior,25.0,26.0,interior,29.2,,2026-05-14|25.0|26.0,0.0,0.0,event_day_open,27.4,28.903534057972514,1.443360162323999,0.018707871551093085,weather_plus_market_training,0.000349984457972198,0.01888507735601779
2026-05-14,nan,Will the highest temperature in Hong Kong be 26°C on May 14?,interior,26.0,27.0,interior,29.2,,2026-05-14|26.0|27.0,0.0,0.0,event_day_open,27.4,28.903534057972514,1.443360162323999,0.07148596463706071,weather_plus_market_training,0.0051102431400910945,0.07416978213460014
2026-05-14,nan,Will the highest temperature in Hong Kong be 27°C on May 14?,interior,27.0,28.0,interior,29.2,,2026-05-14|27.0|28.0,0.0,0.0,event_day_open,27.4,28.903534057972514,1.443360162323999,0.17204516870220338,weather_plus_market_training,0.02959954007376962,0.18879667765757785
2026-05-14,nan,Will the highest temperature in Hong Kong be 28°C on May 14?,interior,28.0,29.0,interior,29.2,,2026-05-14|28.0|29.0,0.0,0.0,event_day_open,27.4,28.903534057972514,1.443360162323999,0.26098357753098284,weather_plus_market_training,0.06811242774087053,0.30243513572467234
2026-05-14,nan,Will the highest temperature in Hong Kong be 29°C on May 14?,interior,29.0,30.0,interior,29.2,,2026-05-14|29.0|30.0,1.0,1.0,event_day_open,27.4,28.903534057972514,1.443360162323999,0.24962850625893662,weather_plus_market_training,0.5630573786191947,1.3877814412398994
2026-05-14,nan,Will the highest temperature in Hong Kong be 30°C on May 14?,interior,30.0,31.0,interior,29.2,,2026-05-14|30.0|31.0,0.0,0.0,event_day_open,27.4,28.903534057972514,1.443360162323999,0.15054557998211515,weather_plus_market_training,0.02266397165215143,0.16316099437981185
2026-05-14,nan,Will the highest temperature in Hong Kong be 31°C or higher on May 14?,upper_tail,31.0,inf,upper_tail,29.2,,2026-05-14|31.0|inf,0.0,0.0,event_day_open,27.4,28.903534057972514,1.443360162323999,0.073182728893744,weather_plus_market_training,0.005355711808335233,0.07599885139442442
2026-05-15,nan,Will the highest temperature in Hong Kong be 19°C or below on May 15?,lower_tail,-inf,20.0,lower_tail,27.4,,2026-05-15|-inf|20.0,0.0,0.0,12h_prior,27.3,28.710549818535764,1.550719439149148,9.709319890167649e-09,weather_plus_market_training,9.427089272960512e-17,9.709319950763446e-09
2026-05-15,nan,Will the highest temperature in Hong Kong be 20°C on May 15?,interior,20.0,21.0,interior,27.4,,2026-05-15|20.0|21.0,0.0,0.0,12h_prior,27.3,28.710549818535764,1.550719439149148,3.2120852553490993e-07,weather_plus_market_training,1.0317491687631088e-13,3.2120857714297474e-07
2026-05-15,nan,Will the highest temperature in Hong Kong be 21°C on May 15?,interior,21.0,22.0,interior,27.4,,2026-05-15|21.0|22.0,0.0,0.0,12h_prior,27.3,28.710549818535764,1.550719439149148,7.213811935126448e-06,weather_plus_market_training,5.2039082635372785e-11,7.2138379548026015e-06
2026-05-15,nan,Will the highest temperature in Hong Kong be 22°C on May 15?,interior,22.0,23.0,interior,27.4,,2026-05-15|22.0|23.0,0.0,0.0,12h_prior,27.3,28.710549818535764,1.550719439149148,0.00010792675796554547,weather_plus_market_training,1.1648185084953431e-08,0.0001079325824771863
2026-05-15,nan,Will the highest temperature in Hong Kong be 23°C on May 15?,interior,23.0,24.0,interior,27.4,,2026-05-15|23.0|24.0,0.0,0.0,12h_prior,27.3,28.710549818535764,1.550719439149148,0.0010766644079689969,weather_plus_market_training,1.1592062473872306e-06,0.0010772444274542337
2026-05-15,nan,Will the highest temperature in Hong Kong be 24°C on May 15?,interior,24.0,25.0,interior,27.4,,2026-05-15|24.0|25.0,0.0,0.0,12h_prior,27.3,28.710549818535764,1.550719439149148,0.007168211665712912,weather_plus_market_training,5.1383258484462674e-05,0.007194026734180493
2026-05-15,nan,Will the highest temperature in Hong Kong be 25°C on May 15?,interior,25.0,26.0,interior,27.4,,2026-05-15|25.0|26.0,0.0,0.0,12h_prior,27.3,28.710549818535764,1.550719439149148,0.03187768302241094,weather_plus_market_training,0.0010161866748773065,0.03239683917433899
2026-05-15,nan,Will the highest temperature in Hong Kong be 26°C on May 15?,interior,26.0,27.0,interior,27.4,,2026-05-15|26.0|27.0,0.0,0.0,12h_prior,27.3,28.710549818535764,1.550719439149148,0.09476067150868829,weather_plus_market_training,0.008979584864777528,0.09955591887169621
2026-05-15,nan,Will the highest temperature in Hong Kong be 27°C on May 15?,interior,27.0,28.0,interior,27.4,,2026-05-15|27.0|28.0,1.0,1.0,12h_prior,27.3,28.710549818535764,1.550719439149148,0.18840332186675235,weather_plus_market_training,0.6586891679569223,1.6691702850061847
2026-05-15,nan,Will the highest temperature in Hong Kong be 28°C on May 15?,interior,28.0,29.0,interior,27.4,,2026-05-15|28.0|29.0,0.0,0.0,12h_prior,27.3,28.710549818535764,1.550719439149148,0.2506325686409007,weather_plus_market_training,0.06281668446353582,0.28852585318917895
2026-05-15,nan,Will the highest temperature in Hong Kong be 29°C or higher on May 15?,upper_tail,29.0,inf,upper_tail,27.4,,2026-05-15|29.0|inf,0.0,0.0,12h_prior,27.3,28.710549818535764,1.550719439149148,0.4259654073998197,weather_plus_market_training,0.18144652830129437,0.5550656186245116
2026-05-15,nan,Will the highest temperature in Hong Kong be 19°C or below on May 15?,lower_tail,-inf,20.0,lower_tail,27.4,,2026-05-15|-inf|20.0,0.0,0.0,24h_prior,28.6,30.051492701483863,1.574376128909734,8.601905777775332e-11,weather_plus_market_training,7.399278300972464e-21,8.601908075093461e-11
2026-05-15,nan,Will the highest temperature in Hong Kong be 20°C on May 15?,interior,20.0,21.0,interior,27.4,,2026-05-15|20.0|21.0,0.0,0.0,24h_prior,28.6,30.051492701483863,1.574376128909734,4.395809604583936e-09,weather_plus_market_training,1.9323142079752383e-17,4.395809614868151e-09
2026-05-15,nan,Will the highest temperature in Hong Kong be 21°C on May 15?,interior,21.0,22.0,interior,27.4,,2026-05-15|21.0|22.0,0.0,0.0,24h_prior,28.6,30.051492701483863,1.574376128909734,1.5315120260949313e-07,weather_plus_market_training,2.3455290860734014e-14,1.5315121433637224e-07
2026-05-15,nan,Will the highest temperature in Hong Kong be 22°C on May 15?,interior,22.0,23.0,interior,27.4,,2026-05-15|22.0|23.0,0.0,0.0,24h_prior,28.6,30.051492701483863,1.574376128909734,3.593583282426916e-06,weather_plus_market_training,1.2913840807738208e-11,3.5935897393266616e-06
2026-05-15,nan,Will the highest temperature in Hong Kong be 23°C on May 15?,interior,23.0,24.0,interior,27.4,,2026-05-15|23.0|24.0,0.0,0.0,24h_prior,28.6,30.051492701483863,1.574376128909734,5.683544379084954e-05,weather_plus_market_training,3.2302676709028176e-09,5.6837058985906205e-05
2026-05-15,nan,Will the highest temperature in Hong Kong be 24°C on May 15?,interior,24.0,25.0,interior,27.4,,2026-05-15|24.0|25.0,0.0,0.0,24h_prior,28.6,30.051492701483863,1.574376128909734,0.0006064023851250037,weather_plus_market_training,3.6772385268529334e-07,0.000606586321414698
2026-05-15,nan,Will the highest temperature in Hong Kong be 25°C on May 15?,interior,25.0,26.0,interior,27.4,,2026-05-15|25.0|26.0,0.0,0.0,24h_prior,28.6,30.051492701483863,1.574376128909734,0.00436831126924196,weather_plus_market_training,1.9082143344986303e-05,0.00437788021784641
2026-05-15,nan,Will the highest temperature in Hong Kong be 26°C on May 15?,interior,26.0,27.0,interior,27.4,,2026-05-15|26.0|27.0,0.0,0.0,24h_prior,28.6,30.051492701483863,1.574376128909734,0.02126268436171914,weather_plus_market_training,0.00045210174626609574,0.02149199151764835
2026-05-15,nan,Will the highest temperature in Hong Kong be 27°C on May 15?,interior,27.0,28.0,interior,27.4,,2026-05-15|27.0|28.0,1.0,1.0,24h_prior,28.6,30.051492701483863,1.574376128909734,0.06998065679338517,weather_plus_market_training,0.8649359787384633,2.659536406642437
2026-05-15,nan,Will the highest temperature in Hong Kong be 28°C on May 15?,interior,28.0,29.0,interior,27.4,,2026-05-15|28.0|29.0,0.0,0.0,24h_prior,28.6,30.051492701483863,1.574376128909734,0.1558267859365769,weather_plus_market_training,0.02428198721532376,0.16939757550999598
2026-05-15,nan,Will the highest temperature in Hong Kong be 29°C or higher on May 15?,upper_tail,29.0,inf,upper_tail,27.4,,2026-05-15|29.0|inf,0.0,0.0,24h_prior,28.6,30.051492701483863,1.574376128909734,0.7478945725938473,weather_plus_market_training,0.5593462917153335,1.3779079162371688
2026-05-15,nan,Will the highest temperature in Hong Kong be 19°C or below on May 15?,lower_tail,-inf,20.0,lower_tail,27.4,,2026-05-15|-inf|20.0,0.0,0.0,6h_prior,27.9,29.32066818482409,1.5493573216163083,8.948439508588117e-10,weather_plus_market_training,8.007456963886074e-19,8.948439770957426e-10
2026-05-15,nan,Will the highest temperature in Hong Kong be 20°C on May 15?,interior,20.0,21.0,interior,27.4,,2026-05-15|20.0|21.0,0.0,0.0,6h_prior,27.9,29.32066818482409,1.5493573216163083,3.8386302972044364e-08,weather_plus_market_training,1.473508255861582e-15,3.838630376186052e-08
2026-05-15,nan,Will the highest temperature in Hong Kong be 21°C on May 15?,interior,21.0,22.0,interior,27.4,,2026-05-15|21.0|22.0,0.0,0.0,6h_prior,27.9,29.32066818482409,1.5493573216163083,1.111460675924823e-06,weather_plus_market_training,1.2353448341272644e-12,1.1114612936127984e-06
2026-05-15,nan,Will the highest temperature in Hong Kong be 22°C on May 15?,interior,22.0,23.0,interior,27.4,,2026-05-15|22.0|23.0,0.0,0.0,6h_prior,27.9,29.32066818482409,1.5493573216163083,2.1411521716706904e-05,weather_plus_market_training,4.5845326222501136e-10,2.141175094665532e-05
2026-05-15,nan,Will the highest temperature in Hong Kong be 23°C on May 15?,interior,23.0,24.0,interior,27.4,,2026-05-15|23.0|24.0,0.0,0.0,6h_prior,27.9,29.32066818482409,1.5493573216163083,0.0002746858441137126,weather_plus_market_training,7.545231295646283e-08,0.00027472357718018265
2026-05-15,nan,Will the highest temperature in Hong Kong be 24°C on May 15?,interior,24.0,25.0,interior,27.4,,2026-05-15|24.0|25.0,0.0,0.0,6h_prior,27.9,29.32066818482409,1.5493573216163083,0.0023488845289403684,weather_plus_market_training,5.517258530295416e-06,0.0023516474856309106
2026-05-15,nan,Will the highest temperature in Hong Kong be 25°C on May 15?,interior,25.0,26.0,interior,27.4,,2026-05-15|25.0|26.0,0.0,0.0,6h_prior,27.9,29.32066818482409,1.5493573216163083,0.013400172119823072,weather_plus_market_training,0.00017956461284088357,0.01349076464006865
2026-05-15,nan,Will the highest temperature in Hong Kong be 26°C on May 15?,interior,26.0,27.0,interior,27.4,,2026-05-15|26.0|27.0,0.0,0.0,6h_prior,27.9,29.32066818482409,1.5493573216163083,0.05104288477332347,weather_plus_market_training,0.0026053760859827773,0.05239167082776456
2026-05-15,nan,Will the highest temperature in Hong Kong be 27°C on May 15?,interior,27.0,28.0,interior,27.4,,2026-05-15|27.0|28.0,1.0,1.0,6h_prior,27.9,29.32066818482409,1.5493573216163083,0.12990758606987263,weather_plus_market_training,0.7570608087787561,2.0409319577045775
2026-05-15,nan,Will the highest temperature in Hong Kong be 28°C on May 15?,interior,28.0,29.0,interior,27.4,,2026-05-15|28.0|29.0,0.0,0.0,6h_prior,27.9,29.32066818482409,1.5493573216163083,0.22102044795037146,weather_plus_market_training,0.048850038412182856,0.24977048242941832
2026-05-15,nan,Will the highest temperature in Hong Kong be 29°C or higher on May 15?,upper_tail,29.0,inf,upper_tail,27.4,,2026-05-15|29.0|inf,0.0,0.0,6h_prior,27.9,29.32066818482409,1.5493573216163083,0.5819827764500157,weather_plus_market_training,0.33870395208446896,0.8722326426412355
2026-05-15,nan,Will the highest temperature in Hong Kong be 19°C or below on May 15?,lower_tail,-inf,20.0,lower_tail,27.4,,2026-05-15|-inf|20.0,0.0,0.0,event_day_open,27.3,28.808022174221698,1.4435903908724497,5.254897741189181e-10,weather_plus_market_training,2.7613950270355155e-19,5.254897629529267e-10
2026-05-15,nan,Will the highest temperature in Hong Kong be 20°C on May 15?,interior,20.0,21.0,interior,27.4,,2026-05-15|20.0|21.0,0.0,0.0,event_day_open,27.3,28.808022174221698,1.4435903908724497,3.120725970779186e-08,weather_plus_market_training,9.738930584695692e-16,3.1207260152268876e-08
2026-05-15,nan,Will the highest temperature in Hong Kong be 21°C on May 15?,interior,21.0,22.0,interior,27.4,,2026-05-15|21.0|22.0,0.0,0.0,event_day_open,27.3,28.808022174221698,1.4435903908724497,1.1706952676216707e-06,weather_plus_market_training,1.3705274096317752e-12,1.1706959528802794e-06
2026-05-15,nan,Will the highest temperature in Hong Kong be 22°C on May 15?,interior,22.0,23.0,interior,27.4,,2026-05-15|22.0|23.0,0.0,0.0,event_day_open,27.3,28.808022174221698,1.4435903908724497,2.7489624865960875e-05,weather_plus_market_training,7.556794752712545e-10,2.7490002712646167e-05
2026-05-15,nan,Will the highest temperature in Hong Kong be 23°C on May 15?,interior,23.0,24.0,interior,27.4,,2026-05-15|23.0|24.0,0.0,0.0,event_day_open,27.3,28.808022174221698,1.4435903908724497,0.0004046030804868712,weather_plus_market_training,1.6370365273946556e-07,0.00040468495439824846
2026-05-15,nan,Will the highest temperature in Hong Kong be 24°C on May 15?,interior,24.0,25.0,interior,27.4,,2026-05-15|24.0|25.0,0.0,0.0,event_day_open,27.3,28.808022174221698,1.4435903908724497,0.0037379760548595597,weather_plus_market_training,1.3972464986703437e-05,0.0037449797458866474
2026-05-15,nan,Will the highest temperature in Hong Kong be 25°C on May 15?,interior,25.0,26.0,interior,27.4,,2026-05-15|25.0|26.0,0.0,0.0,event_day_open,27.3,28.808022174221698,1.4435903908724497,0.02170626222966477,weather_plus_market_training,0.0004711618199829714,0.021945308673519865
2026-05-15,nan,Will the highest temperature in Hong Kong be 26°C on May 15?,interior,26.0,27.0,interior,27.4,,2026-05-15|26.0|27.0,0.0,0.0,event_day_open,27.3,28.808022174221698,1.4435903908724497,0.07932576427886841,weather_plus_market_training,0.006292576878426595,0.08264901243913589
2026-05-15,nan,Will the highest temperature in Hong Kong be 27°C on May 15?,interior,27.0,28.0,interior,27.4,,2026-05-15|27.0|28.0,1.0,1.0,event_day_open,27.3,28.808022174221698,1.4435903908724497,0.18262819746135212,weather_plus_market_training,0.6680966635852783,1.7003029007203834
2026-05-15,nan,Will the highest temperature in Hong Kong be 28°C on May 15?,interior,28.0,29.0,interior,27.4,,2026-05-15|28.0|29.0,0.0,0.0,event_day_open,27.3,28.808022174221698,1.4435903908724497,0.265066419386651,weather_plus_market_training,0.07026020668645995,0.30797515036504997
2026-05-15,nan,Will the highest temperature in Hong Kong be 29°C or higher on May 15?,upper_tail,29.0,inf,upper_tail,27.4,,2026-05-15|29.0|inf,0.0,0.0,event_day_open,27.3,28.808022174221698,1.4435903908724497,0.4471020854552342,weather_plus_market_training,0.19990027481841957,0.5925818974942223
2026-05-16,nan,Will the highest temperature in Hong Kong be 19°C or below on May 16?,lower_tail,-inf,20.0,lower_tail,25.6,,2026-05-16|-inf|20.0,0.0,0.0,12h_prior,24.5,26.051481774295585,1.5484429942364648,4.651094688641378e-05,weather_plus_market_training,2.163268180270804e-09,4.651202855408759e-05
2026-05-16,nan,Will the highest temperature in Hong Kong be 20°C on May 16?,interior,20.0,21.0,interior,25.6,,2026-05-16|20.0|21.0,0.0,0.0,12h_prior,24.5,26.051481774295585,1.5484429942364648,0.0005060544591873119,weather_plus_market_training,2.5609111566336273e-07,0.000506182547960195
2026-05-16,nan,Will the highest temperature in Hong Kong be 21°C on May 16?,interior,21.0,22.0,interior,25.6,,2026-05-16|21.0|22.0,0.0,0.0,12h_prior,24.5,26.051481774295585,1.5484429942364648,0.0038894151511189873,weather_plus_market_training,1.5127550217753935e-05,0.0038969985960581256
2026-05-16,nan,Will the highest temperature in Hong Kong be 22°C on May 16?,interior,22.0,23.0,interior,25.6,,2026-05-16|22.0|23.0,0.0,0.0,12h_prior,24.5,26.051481774295585,1.5484429942364648,0.019938407101686192,weather_plus_market_training,0.0003975400777525704,0.020139859396252804
2026-05-16,nan,Will the highest temperature in Hong Kong be 23°C on May 16?,interior,23.0,24.0,interior,25.6,,2026-05-16|23.0|24.0,0.0,0.0,12h_prior,24.5,26.051481774295585,1.5484429942364648,0.06822716591500039,weather_plus_market_training,0.004654946168792991,0.07066623425817523
2026-05-16,nan,Will the highest temperature in Hong Kong be 24°C on May 16?,interior,24.0,25.0,interior,25.6,,2026-05-16|24.0|25.0,0.0,0.0,12h_prior,24.5,26.051481774295585,1.5484429942364648,0.1559431723918263,weather_plus_market_training,0.02431827301562686,0.16953545536352413
2026-05-16,nan,Will the highest temperature in Hong Kong be 25°C on May 16?,interior,25.0,26.0,interior,25.6,,2026-05-16|25.0|26.0,1.0,1.0,12h_prior,24.5,26.051481774295585,1.5484429942364648,0.2381879054633671,weather_plus_market_training,0.5803576673822917,1.434695398063001
2026-05-16,nan,Will the highest temperature in Hong Kong be 26°C on May 16?,interior,26.0,27.0,interior,25.6,,2026-05-16|26.0|27.0,0.0,0.0,12h_prior,24.5,26.051481774295585,1.5484429942364648,0.24317856283890538,weather_plus_market_training,0.05913581342439545,0.2786279355871149
2026-05-16,nan,Will the highest temperature in Hong Kong be 27°C on May 16?,interior,27.0,28.0,interior,25.6,,2026-05-16|27.0|28.0,0.0,0.0,12h_prior,24.5,26.051481774295585,1.5484429942364648,0.16595428627946074,weather_plus_market_training,0.027540825134525212,0.1814670655109913
2026-05-16,nan,Will the highest temperature in Hong Kong be 28°C on May 16?,interior,28.0,29.0,interior,25.6,,2026-05-16|28.0|29.0,0.0,0.0,12h_prior,24.5,26.051481774295585,1.5484429942364648,0.07568531673138756,weather_plus_market_training,0.0057282671687304545,0.07870269901197231
2026-05-16,nan,Will the highest temperature in Hong Kong be 29°C or higher on May 16?,upper_tail,29.0,inf,upper_tail,25.6,,2026-05-16|29.0|inf,0.0,0.0,12h_prior,24.5,26.051481774295585,1.5484429942364648,0.02844320272117362,weather_plus_market_training,0.0008090157810377786,0.028855548385324142
2026-05-16,nan,Will the highest temperature in Hong Kong be 19°C or below on May 16?,lower_tail,-inf,20.0,lower_tail,25.6,,2026-05-16|-inf|20.0,0.0,0.0,24h_prior,25.4,26.85672968884767,1.5743327761447925,6.643504909557962e-06,weather_plus_market_training,4.413615748332074e-11,6.643526977707954e-06
2026-05-16,nan,Will the highest temperature in Hong Kong be 20°C on May 16?,interior,20.0,21.0,interior,25.6,,2026-05-16|20.0|21.0,0.0,0.0,24h_prior,25.4,26.85672968884767,1.5743327761447925,9.291484673237318e-05,weather_plus_market_training,8.633168743300398e-09,9.291916358412386e-05
2026-05-16,nan,Will the highest temperature in Hong Kong be 21°C on May 16?,interior,21.0,22.0,interior,25.6,,2026-05-16|21.0|22.0,0.0,0.0,24h_prior,25.4,26.85672968884767,1.5743327761447925,0.0009183913693664311,weather_plus_market_training,8.434427073267484e-07,0.0009188133491015888
2026-05-16,nan,Will the highest temperature in Hong Kong be 22°C on May 16?,interior,22.0,23.0,interior,25.6,,2026-05-16|22.0|23.0,0.0,0.0,24h_prior,25.4,26.85672968884767,1.5743327761447925,0.0061297213790192035,weather_plus_market_training,3.757348418440509e-05,0.00614858524745585
2026-05-16,nan,Will the highest temperature in Hong Kong be 23°C on May 16?,interior,23.0,24.0,interior,25.6,,2026-05-16|23.0|24.0,0.0,0.0,24h_prior,25.4,26.85672968884767,1.5743327761447925,0.02764769540779905,weather_plus_market_training,0.0007643950613624328,0.028037086907864467
2026-05-16,nan,Will the highest temperature in Hong Kong be 24°C on May 16?,interior,24.0,25.0,interior,25.6,,2026-05-16|24.0|25.0,0.0,0.0,24h_prior,25.4,26.85672968884767,1.5743327761447925,0.08432895349111369,weather_plus_market_training,0.007111372396906416,0.08809809833865168
2026-05-16,nan,Will the highest temperature in Hong Kong be 25°C on May 16?,interior,25.0,26.0,interior,25.6,,2026-05-16|25.0|26.0,1.0,1.0,24h_prior,25.4,26.85672968884767,1.5743327761447925,0.1740324589647788,weather_plus_market_training,0.6822223788437698,1.7485134513905165
2026-05-16,nan,Will the highest temperature in Hong Kong be 26°C on May 16?,interior,26.0,27.0,interior,25.6,,2026-05-16|26.0|27.0,0.0,0.0,24h_prior,25.4,26.85672968884767,1.5743327761447925,0.2430984468471789,weather_plus_market_training,0.05909685485951067,0.2785220826770198
2026-05-16,nan,Will the highest temperature in Hong Kong be 27°C on May 16?,interior,27.0,28.0,interior,25.6,,2026-05-16|27.0|28.0,0.0,0.0,24h_prior,25.4,26.85672968884767,1.5743327761447925,0.22988471213098904,weather_plus_market_training,0.052846980871547704,0.2612150508367935
2026-05-16,nan,Will the highest temperature in Hong Kong be 28°C on May 16?,interior,28.0,29.0,interior,25.6,,2026-05-16|28.0|29.0,0.0,0.0,24h_prior,25.4,26.85672968884767,1.5743327761447925,0.14716376273632525,weather_plus_market_training,0.021657173062713433,0.15918773437238878
2026-05-16,nan,Will the highest temperature in Hong Kong be 29°C or higher on May 16?,upper_tail,29.0,inf,upper_tail,25.6,,2026-05-16|29.0|inf,0.0,0.0,24h_prior,25.4,26.85672968884767,1.5743327761447925,0.08669629932178768,weather_plus_market_training,0.007516248316093004,0.09068681330737165
2026-05-16,nan,Will the highest temperature in Hong Kong be 19°C or below on May 16?,lower_tail,-inf,20.0,lower_tail,25.6,,2026-05-16|-inf|20.0,0.0,0.0,6h_prior,25.4,26.92905225467752,1.5465511472074909,3.726467820329842e-06,weather_plus_market_training,1.3886562415953842e-11,3.7264747636181696e-06
2026-05-16,nan,Will the highest temperature in Hong Kong be 20°C on May 16?,interior,20.0,21.0,interior,25.6,,2026-05-16|20.0|21.0,0.0,0.0,6h_prior,25.4,26.92905225467752,1.5465511472074909,5.9382077717811016e-05,weather_plus_market_training,3.5262311540841477e-09,5.938384090320735e-05
2026-05-16,nan,Will the highest temperature in Hong Kong be 21°C on May 16?,interior,21.0,22.0,interior,25.6,,2026-05-16|21.0|22.0,0.0,0.0,6h_prior,25.4,26.92905225467752,1.5465511472074909,0.0006553640570548971,weather_plus_market_training,4.295020472794545e-07,0.0006555789019514247
2026-05-16,nan,Will the highest temperature in Hong Kong be 22°C on May 16?,interior,22.0,23.0,interior,25.6,,2026-05-16|22.0|23.0,0.0,0.0,6h_prior,25.4,26.92905225467752,1.5465511472074909,0.004815832298897108,weather_plus_market_training,2.319224073110061e-05,0.004827465784233528
2026-05-16,nan,Will the highest temperature in Hong Kong be 23°C on May 16?,interior,23.0,24.0,interior,25.6,,2026-05-16|23.0|24.0,0.0,0.0,6h_prior,25.4,26.92905225467752,1.5465511472074909,0.023583161888482727,weather_plus_market_training,0.0005561655246583842,0.023865695516249404
2026-05-16,nan,Will the highest temperature in Hong Kong be 24°C on May 16?,interior,24.0,25.0,interior,25.6,,2026-05-16|24.0|25.0,0.0,0.0,6h_prior,25.4,26.92905225467752,1.5465511472074909,0.07702166948300662,weather_plus_market_training,0.005932337569949513,0.08014952198457231
2026-05-16,nan,Will the highest temperature in Hong Kong be 25°C on May 16?,interior,25.0,26.0,interior,25.6,,2026-05-16|25.0|26.0,1.0,1.0,6h_prior,25.4,26.92905225467752,1.5465511472074909,0.1678723779760914,weather_plus_market_training,0.692436379335165,1.7845512431670922
2026-05-16,nan,Will the highest temperature in Hong Kong be 26°C on May 16?,interior,26.0,27.0,interior,25.6,,2026-05-16|26.0|27.0,0.0,0.0,6h_prior,25.4,26.92905225467752,1.5465511472074909,0.24428347124309813,weather_plus_market_training,0.05967441432257755,0.2800889350801882
2026-05-16,nan,Will the highest temperature in Hong Kong be 27°C on May 16?,interior,27.0,28.0,interior,25.6,,2026-05-16|27.0|28.0,0.0,0.0,6h_prior,25.4,26.92905225467752,1.5465511472074909,0.23738542142842944,weather_plus_market_training,0.05635183830675305,0.27100251481041304
2026-05-16,nan,Will the highest temperature in Hong Kong be 28°C on May 16?,interior,28.0,29.0,interior,25.6,,2026-05-16|28.0|29.0,0.0,0.0,6h_prior,25.4,26.92905225467752,1.5465511472074909,0.1540464395556742,weather_plus_market_training,0.023730305539779988,0.16729081397440815
2026-05-16,nan,Will the highest temperature in Hong Kong be 29°C or higher on May 16?,upper_tail,29.0,inf,upper_tail,25.6,,2026-05-16|29.0|inf,0.0,0.0,6h_prior,25.4,26.92905225467752,1.5465511472074909,0.09027315352372733,weather_plus_market_training,0.008149242247118445,0.09461089323827768
2026-05-16,nan,Will the highest temperature in Hong Kong be 19°C or below on May 16?,lower_tail,-inf,20.0,lower_tail,25.6,,2026-05-16|-inf|20.0,0.0,0.0,event_day_open,24.9,26.45318371912085,1.4417212339713146,3.802236821317505e-06,weather_plus_market_training,1.4457004845382645e-11,3.802244049802747e-06
2026-05-16,nan,Will the highest temperature in Hong Kong be 20°C on May 16?,interior,20.0,21.0,interior,25.6,,2026-05-16|20.0|21.0,0.0,0.0,event_day_open,24.9,26.45318371912085,1.4417212339713146,7.385576310122204e-05,weather_plus_market_training,5.454673743263831e-09,7.385849057242585e-05
2026-05-16,nan,Will the highest temperature in Hong Kong be 21°C on May 16?,interior,21.0,22.0,interior,25.6,,2026-05-16|21.0|22.0,0.0,0.0,event_day_open,24.9,26.45318371912085,1.4417212339713146,0.0009271867176585207,weather_plus_market_training,8.596752094023814e-07,0.000927616821141312
2026-05-16,nan,Will the highest temperature in Hong Kong be 22°C on May 16?,interior,22.0,23.0,interior,25.6,,2026-05-16|22.0|23.0,0.0,0.0,event_day_open,24.9,26.45318371912085,1.4417212339713146,0.007301230038027913,weather_plus_market_training,5.330796006820108e-05,0.007328014470564864
2026-05-16,nan,Will the highest temperature in Hong Kong be 23°C on May 16?,interior,23.0,24.0,interior,25.6,,2026-05-16|23.0|24.0,0.0,0.0,event_day_open,24.9,26.45318371912085,1.4417212339713146,0.03611231050179913,weather_plus_market_training,0.0013040989697783519,0.03678049582870372
2026-05-16,nan,Will the highest temperature in Hong Kong be 24°C on May 16?,interior,24.0,25.0,interior,25.6,,2026-05-16|24.0|25.0,0.0,0.0,event_day_open,24.9,26.45318371912085,1.4417212339713146,0.11232071448779324,weather_plus_market_training,0.012615942903048365,0.11914476618947135
2026-05-16,nan,Will the highest temperature in Hong Kong be 25°C on May 16?,interior,25.0,26.0,interior,25.6,,2026-05-16|25.0|26.0,1.0,1.0,event_day_open,24.9,26.45318371912085,1.4417212339713146,0.219894136929065,weather_plus_market_training,0.6085651575976484,1.5146090442185942
2026-05-16,nan,Will the highest temperature in Hong Kong be 26°C on May 16?,interior,26.0,27.0,interior,25.6,,2026-05-16|26.0|27.0,0.0,0.0,event_day_open,24.9,26.45318371912085,1.4417212339713146,0.2711268531205217,weather_plus_market_training,0.07350977048303695,0.31625557188245457
2026-05-16,nan,Will the highest temperature in Hong Kong be 27°C on May 16?,interior,27.0,28.0,interior,25.6,,2026-05-16|27.0|28.0,0.0,0.0,event_day_open,24.9,26.45318371912085,1.4417212339713146,0.21058091636515996,weather_plus_market_training,0.044344322337190496,0.23645794118514651
2026-05-16,nan,Will the highest temperature in Hong Kong be 28°C on May 16?,interior,28.0,29.0,interior,25.6,,2026-05-16|28.0|29.0,0.0,0.0,event_day_open,24.9,26.45318371912085,1.4417212339713146,0.1030039069439741,weather_plus_market_training,0.010609804845722876,0.10870377250024461
2026-05-16,nan,Will the highest temperature in Hong Kong be 29°C or higher on May 16?,upper_tail,29.0,inf,upper_tail,25.6,,2026-05-16|29.0|inf,0.0,0.0,event_day_open,24.9,26.45318371912085,1.4417212339713146,0.038655086896077884,weather_plus_market_training,0.0014942157429433322,0.039422023786828235
2026-05-19,nan,Will the highest temperature in Hong Kong be 20°C or below on May 19?,lower_tail,-inf,21.0,lower_tail,26.4,,2026-05-19|-inf|21.0,0.0,0.0,12h_prior,26.9,28.34363734491596,1.551952288008965,1.112301289167129e-06,weather_plus_market_training,1.237214157882857e-12,1.1123019077931398e-06
2026-05-19,nan,Will the highest temperature in Hong Kong be 21°C on May 19?,interior,21.0,22.0,interior,26.4,,2026-05-19|21.0|22.0,0.0,0.0,12h_prior,26.9,28.34363734491596,1.551952288008965,2.068807321921938e-05,weather_plus_market_training,4.279963735237821e-10,2.0688287220337692e-05
2026-05-19,nan,Will the highest temperature in Hong Kong be 22°C on May 19?,interior,22.0,23.0,interior,26.4,,2026-05-19|22.0|23.0,0.0,0.0,12h_prior,26.9,28.34363734491596,1.551952288008965,0.000265667294470019,weather_plus_market_training,7.057911135101978e-08,0.0002657025902770817
2026-05-19,nan,Will the highest temperature in Hong Kong be 23°C on May 19?,interior,23.0,24.0,interior,26.4,,2026-05-19|23.0|24.0,0.0,0.0,12h_prior,26.9,28.34363734491596,1.551952288008965,0.002277006865513764,weather_plus_market_training,5.184760265596818e-06,0.002279603187624203
2026-05-19,nan,Will the highest temperature in Hong Kong be 24°C on May 19?,interior,24.0,25.0,interior,26.4,,2026-05-19|24.0|25.0,0.0,0.0,12h_prior,26.9,28.34363734491596,1.551952288008965,0.013037123432108961,weather_plus_market_training,0.00016996658738404453,0.013122852649240083
2026-05-19,nan,Will the highest temperature in Hong Kong be 25°C on May 19?,interior,25.0,26.0,interior,26.4,,2026-05-19|25.0|26.0,0.0,0.0,12h_prior,26.9,28.34363734491596,1.551952288008965,0.04990454617484964,weather_plus_market_training,0.0024904637289177,0.051192821724412994
2026-05-19,nan,Will the highest temperature in Hong Kong be 26°C on May 19?,interior,26.0,27.0,interior,26.4,,2026-05-19|26.0|27.0,1.0,1.0,12h_prior,26.9,28.34363734491596,1.551952288008965,0.12780136945563675,weather_plus_market_training,0.7607304511234626,2.0572780214808035
2026-05-19,nan,Will the highest temperature in Hong Kong be 27°C on May 19?,interior,27.0,28.0,interior,26.4,,2026-05-19|27.0|28.0,0.0,0.0,12h_prior,26.9,28.34363734491596,1.551952288008965,0.21907417624724168,weather_plus_market_training,0.04799349469840751,0.24727510964174168
2026-05-19,nan,Will the highest temperature in Hong Kong be 28°C on May 19?,interior,28.0,29.0,interior,26.4,,2026-05-19|28.0|29.0,0.0,0.0,12h_prior,26.9,28.34363734491596,1.551952288008965,0.25144407924123924,weather_plus_market_training,0.0632241249854746,0.2896093674805933
2026-05-19,nan,Will the highest temperature in Hong Kong be 29°C on May 19?,interior,29.0,30.0,interior,26.4,,2026-05-19|29.0|30.0,0.0,0.0,12h_prior,26.9,28.34363734491596,1.551952288008965,0.19325079790061128,weather_plus_market_training,0.03734587088922291,0.21474243708137153
2026-05-19,nan,Will the highest temperature in Hong Kong be 30°C or higher on May 19?,upper_tail,30.0,inf,upper_tail,26.4,,2026-05-19|30.0|inf,0.0,0.0,12h_prior,26.9,28.34363734491596,1.551952288008965,0.14292343301382027,weather_plus_market_training,0.02042710770445597,0.1542280213341592
2026-05-19,nan,Will the highest temperature in Hong Kong be 20°C or below on May 19?,lower_tail,-inf,21.0,lower_tail,26.4,,2026-05-19|-inf|21.0,0.0,0.0,24h_prior,27.0,28.45306061086641,1.574372531243993,1.100753945507127e-06,weather_plus_market_training,1.211659248549507e-12,1.1007545513788292e-06
2026-05-19,nan,Will the highest temperature in Hong Kong be 21°C on May 19?,interior,21.0,22.0,interior,26.4,,2026-05-19|21.0|22.0,0.0,0.0,24h_prior,27.0,28.45306061086641,1.574372531243993,1.966285008552011e-05,weather_plus_market_training,3.866276734856382e-10,1.9663043401848702e-05
2026-05-19,nan,Will the highest temperature in Hong Kong be 22°C on May 19?,interior,22.0,23.0,interior,26.4,,2026-05-19|22.0|23.0,0.0,0.0,24h_prior,27.0,28.45306061086641,1.574372531243993,0.00024569540590765226,weather_plus_market_training,6.0366232484126e-08,0.00024572559396874184
2026-05-19,nan,Will the highest temperature in Hong Kong be 23°C on May 19?,interior,23.0,24.0,interior,26.4,,2026-05-19|23.0|24.0,0.0,0.0,24h_prior,27.0,28.45306061086641,1.574372531243993,0.0020721177804085673,weather_plus_market_training,4.2936720958853275e-06,0.0020742675867378765
2026-05-19,nan,Will the highest temperature in Hong Kong be 24°C on May 19?,interior,24.0,25.0,interior,26.4,,2026-05-19|24.0|25.0,0.0,0.0,24h_prior,27.0,28.45306061086641,1.574372531243993,0.011804552839139823,weather_plus_market_training,0.00013934746773204405,0.011874779785249402
2026-05-19,nan,Will the highest temperature in Hong Kong be 25°C on May 19?,interior,25.0,26.0,interior,26.4,,2026-05-19|25.0|26.0,0.0,0.0,24h_prior,27.0,28.45306061086641,1.574372531243993,0.045459326615279405,weather_plus_market_training,0.0020665503763146503,0.046525024482491725
2026-05-19,nan,Will the highest temperature in Hong Kong be 26°C on May 19?,interior,26.0,27.0,interior,26.4,,2026-05-19|26.0|27.0,1.0,1.0,24h_prior,27.0,28.45306061086641,1.574372531243993,0.11841525353514162,weather_plus_market_training,0.7771916651995087,2.1335577342968817
2026-05-19,nan,Will the highest temperature in Hong Kong be 27°C on May 19?,interior,27.0,28.0,interior,26.4,,2026-05-19|27.0|28.0,0.0,0.0,24h_prior,27.0,28.45306061086641,1.574372531243993,0.20874285838095397,weather_plus_market_training,0.043573580925051,0.2341322798216127
2026-05-19,nan,Will the highest temperature in Hong Kong be 28°C on May 19?,interior,28.0,29.0,interior,26.4,,2026-05-19|28.0|29.0,0.0,0.0,24h_prior,27.0,28.45306061086641,1.574372531243993,0.24909458097784049,weather_plus_market_training,0.06204811027252593,0.28647557519950306
2026-05-19,nan,Will the highest temperature in Hong Kong be 29°C on May 19?,interior,29.0,30.0,interior,26.4,,2026-05-19|29.0|30.0,0.0,0.0,24h_prior,27.0,28.45306061086641,1.574372531243993,0.20123657085288427,weather_plus_market_training,0.04049615744862791,0.22469046072798016
2026-05-19,nan,Will the highest temperature in Hong Kong be 30°C or higher on May 19?,upper_tail,30.0,inf,upper_tail,26.4,,2026-05-19|30.0|inf,0.0,0.0,24h_prior,27.0,28.45306061086641,1.574372531243993,0.16290828000841318,weather_plus_market_training,0.026539107695299553,0.17782163266645903
2026-05-19,nan,Will the highest temperature in Hong Kong be 20°C or below on May 19?,lower_tail,-inf,21.0,lower_tail,26.4,,2026-05-19|-inf|21.0,0.0,0.0,6h_prior,27.1,28.565759192093843,1.549885697450765,5.264231225013321e-07,weather_plus_market_training,2.771213039040525e-13,5.264232610984009e-07
2026-05-19,nan,Will the highest temperature in Hong Kong be 21°C on May 19?,interior,21.0,22.0,interior,26.4,,2026-05-19|21.0|22.0,0.0,0.0,6h_prior,27.1,28.565759192093843,1.549885697450765,1.0835938058316073e-05,weather_plus_market_training,1.174175536036627e-10,1.0835996767485447e-05
2026-05-19,nan,Will the highest temperature in Hong Kong be 22°C on May 19?,interior,22.0,23.0,interior,26.4,,2026-05-19|22.0|23.0,0.0,0.0,6h_prior,27.1,28.565759192093843,1.549885697450765,0.0001532946706020215,weather_plus_market_training,2.3499256034982275e-08,0.00015330642143091466
2026-05-19,nan,Will the highest temperature in Hong Kong be 23°C on May 19?,interior,23.0,24.0,interior,26.4,,2026-05-19|23.0|24.0,0.0,0.0,6h_prior,27.1,28.565759192093843,1.549885697450765,0.001445590262607643,weather_plus_market_training,2.089731207346034e-06,0.0014466361362693084
2026-05-19,nan,Will the highest temperature in Hong Kong be 24°C on May 19?,interior,24.0,25.0,interior,26.4,,2026-05-19|24.0|25.0,0.0,0.0,6h_prior,27.1,28.565759192093843,1.549885697450765,0.009095196333990111,weather_plus_market_training,8.272259635382716e-05,0.009136810148218563
2026-05-19,nan,Will the highest temperature in Hong Kong be 25°C on May 19?,interior,25.0,26.0,interior,26.4,,2026-05-19|25.0|26.0,0.0,0.0,6h_prior,27.1,28.565759192093843,1.549885697450765,0.03821112198616835,weather_plus_market_training,0.0014600898434418382,0.03896031392571831
2026-05-19,nan,Will the highest temperature in Hong Kong be 26°C on May 19?,interior,26.0,27.0,interior,26.4,,2026-05-19|26.0|27.0,1.0,1.0,6h_prior,27.1,28.565759192093843,1.549885697450765,0.10727318229215593,weather_plus_market_training,0.7969611710547742,2.232376592623255
2026-05-19,nan,Will the highest temperature in Hong Kong be 27°C on May 19?,interior,27.0,28.0,interior,26.4,,2026-05-19|27.0|28.0,0.0,0.0,6h_prior,27.1,28.565759192093843,1.549885697450765,0.20135369486314508,weather_plus_market_training,0.04054331043504054,0.2248371031428309
2026-05-19,nan,Will the highest temperature in Hong Kong be 28°C on May 19?,interior,28.0,29.0,interior,26.4,,2026-05-19|28.0|29.0,0.0,0.0,6h_prior,27.1,28.565759192093843,1.549885697450765,0.2527853259317405,weather_plus_market_training,0.06390042100641628,0.29140275351802447
2026-05-19,nan,Will the highest temperature in Hong Kong be 29°C on May 19?,interior,29.0,30.0,interior,26.4,,2026-05-19|29.0|30.0,0.0,0.0,6h_prior,27.1,28.565759192093843,1.549885697450765,0.2122883638237142,weather_plus_market_training,0.04506634941494964,0.23862320003680426
2026-05-19,nan,Will the highest temperature in Hong Kong be 30°C or higher on May 19?,upper_tail,30.0,inf,upper_tail,26.4,,2026-05-19|30.0|inf,0.0,0.0,6h_prior,27.1,28.565759192093843,1.549885697450765,0.17738286747469534,weather_plus_market_training,0.03146468167354533,0.19526439611689148
2026-05-19,nan,Will the highest temperature in Hong Kong be 20°C or below on May 19?,lower_tail,-inf,21.0,lower_tail,26.4,,2026-05-19|-inf|21.0,0.0,0.0,event_day_open,27.2,28.721508149707333,1.4448175457710566,4.538881346723099e-08,weather_plus_market_training,2.0601443879630893e-15,4.5388814515552967e-08
2026-05-19,nan,Will the highest temperature in Hong Kong be 21°C on May 19?,interior,21.0,22.0,interior,26.4,,2026-05-19|21.0|22.0,0.0,0.0,event_day_open,27.2,28.721508149707333,1.4448175457710566,1.5970699742133276e-06,weather_plus_market_training,2.550632502533759e-12,1.5970712495860595e-06
2026-05-19,nan,Will the highest temperature in Hong Kong be 22°C on May 19?,interior,22.0,23.0,interior,26.4,,2026-05-19|22.0|23.0,0.0,0.0,event_day_open,27.2,28.721508149707333,1.4448175457710566,3.58290920576872e-05,weather_plus_market_training,1.2837238376782243e-09,3.582973393493284e-05
2026-05-19,nan,Will the highest temperature in Hong Kong be 23°C on May 19?,interior,23.0,24.0,interior,26.4,,2026-05-19|23.0|24.0,0.0,0.0,event_day_open,27.2,28.721508149707333,1.4448175457710566,0.0005042863690190185,weather_plus_market_training,2.543047419783857e-07,0.0005044135641536375
2026-05-19,nan,Will the highest temperature in Hong Kong be 24°C on May 19?,interior,24.0,25.0,interior,26.4,,2026-05-19|24.0|25.0,0.0,0.0,event_day_open,27.2,28.721508149707333,1.4448175457710566,0.004459195153123843,weather_plus_market_training,1.988442141364317e-05,0.004469167019204053
2026-05-19,nan,Will the highest temperature in Hong Kong be 25°C on May 19?,interior,25.0,26.0,interior,26.4,,2026-05-19|25.0|26.0,0.0,0.0,event_day_open,27.2,28.721508149707333,1.4448175457710566,0.024806264059903837,weather_plus_market_training,0.0006153507366096768,0.025119124194917436
2026-05-19,nan,Will the highest temperature in Hong Kong be 26°C on May 19?,interior,26.0,27.0,interior,26.4,,2026-05-19|26.0|27.0,1.0,1.0,event_day_open,27.2,28.721508149707333,1.4448175457710566,0.08692036902957086,weather_plus_market_training,0.833714412493095,2.4427628779796944
2026-05-19,nan,Will the highest temperature in Hong Kong be 27°C on May 19?,interior,27.0,28.0,interior,26.4,,2026-05-19|27.0|28.0,0.0,0.0,event_day_open,27.2,28.721508149707333,1.4448175457710566,0.192029445738637,weather_plus_market_training,0.036875308030688135,0.21322966387093253
2026-05-19,nan,Will the highest temperature in Hong Kong be 28°C on May 19?,interior,28.0,29.0,interior,26.4,,2026-05-19|28.0|29.0,0.0,0.0,event_day_open,27.2,28.721508149707333,1.4448175457710566,0.26766647230198837,weather_plus_market_training,0.07164534039459111,0.31151922986101316
2026-05-19,nan,Will the highest temperature in Hong Kong be 29°C on May 19?,interior,29.0,30.0,interior,26.4,,2026-05-19|29.0|30.0,0.0,0.0,event_day_open,27.2,28.721508149707333,1.4448175457710566,0.23546613523484705,weather_plus_market_training,0.05544430084243528,0.2684889579751812
2026-05-19,nan,Will the highest temperature in Hong Kong be 30°C or higher on May 19?,upper_tail,30.0,inf,upper_tail,26.4,,2026-05-19|30.0|inf,0.0,0.0,event_day_open,27.2,28.721508149707333,1.4448175457710566,0.18811036056206465,weather_plus_market_training,0.03538550775078997,0.20839086007958205
2026-05-20,nan,Will the highest temperature in Hong Kong be 20°C or below on May 20?,lower_tail,-inf,21.0,lower_tail,30.7,,2026-05-20|-inf|21.0,0.0,0.0,12h_prior,28.6,30.029572868469597,1.5541489884488022,3.124035374998535e-09,weather_plus_market_training,9.759597024242238e-18,3.1240353686127562e-09
2026-05-20,nan,Will the highest temperature in Hong Kong be 21°C on May 20?,interior,21.0,22.0,interior,30.7,,2026-05-20|21.0|22.0,0.0,0.0,12h_prior,28.6,30.029572868469597,1.5541489884488022,1.1610957709780887e-07,weather_plus_market_training,1.3481433893832022e-14,1.1610958380481155e-07
2026-05-20,nan,Will the highest temperature in Hong Kong be 22°C on May 20?,interior,22.0,23.0,interior,30.7,,2026-05-20|22.0|23.0,0.0,0.0,12h_prior,28.6,30.029572868469597,1.5541489884488022,2.927773257972081e-06,weather_plus_market_training,8.571856250096453e-12,2.927777543880068e-06
2026-05-20,nan,Will the highest temperature in Hong Kong be 23°C on May 20?,interior,23.0,24.0,interior,30.7,,2026-05-20|23.0|24.0,0.0,0.0,12h_prior,28.6,30.029572868469597,1.5541489884488022,4.925383796718027e-05,weather_plus_market_training,2.4259405544972484e-09,4.925505097727466e-05
2026-05-20,nan,Will the highest temperature in Hong Kong be 24°C on May 20?,interior,24.0,25.0,interior,30.7,,2026-05-20|24.0|25.0,0.0,0.0,12h_prior,28.6,30.029572868469597,1.5541489884488022,0.0005533125247102363,weather_plus_market_training,3.061547500012159e-07,0.0005534656585751106
2026-05-20,nan,Will the highest temperature in Hong Kong be 25°C on May 20?,interior,25.0,26.0,interior,30.7,,2026-05-20|25.0|26.0,0.0,0.0,12h_prior,28.6,30.029572868469597,1.5541489884488022,0.0041545116151955625,weather_plus_market_training,1.725996676079484e-05,0.004163165575545063
2026-05-20,nan,Will the highest temperature in Hong Kong be 26°C on May 20?,interior,26.0,27.0,interior,30.7,,2026-05-20|26.0|27.0,0.0,0.0,12h_prior,28.6,30.029572868469597,1.5541489884488022,0.020866982157760207,weather_plus_market_training,0.00043543094437228284,0.02108777454517558
2026-05-20,nan,Will the highest temperature in Hong Kong be 27°C on May 20?,interior,27.0,28.0,interior,30.7,,2026-05-20|27.0|28.0,0.0,0.0,12h_prior,28.6,30.029572868469597,1.5541489884488022,0.07016511429424074,weather_plus_market_training,0.004923143263923867,0.07274825084919853
2026-05-20,nan,Will the highest temperature in Hong Kong be 28°C on May 20?,interior,28.0,29.0,interior,30.7,,2026-05-20|28.0|29.0,0.0,0.0,12h_prior,28.6,30.029572868469597,1.5541489884488022,0.15804367424393495,weather_plus_market_training,0.024977802968523026,0.17202713573346587
2026-05-20,nan,Will the highest temperature in Hong Kong be 29°C on May 20?,interior,29.0,30.0,interior,30.7,,2026-05-20|29.0|30.0,0.0,0.0,12h_prior,28.6,30.029572868469597,1.5541489884488022,0.23857335481303332,weather_plus_market_training,0.05691724562674549,0.27256144065397453
2026-05-20,nan,Will the highest temperature in Hong Kong be 30°C or higher on May 20?,upper_tail,30.0,inf,upper_tail,30.7,,2026-05-20|30.0|inf,1.0,1.0,12h_prior,28.6,30.029572868469597,1.5541489884488022,0.5075907495062874,weather_plus_market_training,0.24246686997177985,0.6780797672908487
2026-05-20,nan,Will the highest temperature in Hong Kong be 20°C or below on May 20?,lower_tail,-inf,21.0,lower_tail,30.7,,2026-05-20|-inf|21.0,0.0,0.0,24h_prior,27.9,29.35410080725896,1.5743809010802272,5.594351538399382e-08,weather_plus_market_training,3.1296769135191532e-15,5.5943516940583335e-08
2026-05-20,nan,Will the highest temperature in Hong Kong be 21°C on May 20?,interior,21.0,22.0,interior,30.7,,2026-05-20|21.0|22.0,0.0,0.0,24h_prior,27.9,29.35410080725896,1.5743809010802272,1.441964499493006e-06,weather_plus_market_training,2.079261617798115e-12,1.4419655391030127e-06
2026-05-20,nan,Will the highest temperature in Hong Kong be 22°C on May 20?,interior,22.0,23.0,interior,30.7,,2026-05-20|22.0|23.0,0.0,0.0,24h_prior,27.9,29.35410080725896,1.5743809010802272,2.5694594034235655e-05,weather_plus_market_training,6.602121625841786e-10,2.5694924145967273e-05
2026-05-20,nan,Will the highest temperature in Hong Kong be 23°C on May 20?,interior,23.0,24.0,interior,30.7,,2026-05-20|23.0|24.0,0.0,0.0,24h_prior,27.9,29.35410080725896,1.5743809010802272,0.00030879429314146546,weather_plus_market_training,9.53539154767373e-08,0.0003088419799163837
2026-05-20,nan,Will the highest temperature in Hong Kong be 24°C on May 20?,interior,24.0,25.0,interior,30.7,,2026-05-20|24.0|25.0,0.0,0.0,24h_prior,27.9,29.35410080725896,1.5743809010802272,0.002504961073818087,weather_plus_market_training,6.274829981343864e-06,0.002508103738073463
2026-05-20,nan,Will the highest temperature in Hong Kong be 25°C on May 20?,interior,25.0,26.0,interior,30.7,,2026-05-20|25.0|26.0,0.0,0.0,24h_prior,27.9,29.35410080725896,1.5743809010802272,0.013727313101472056,weather_plus_market_training,0.00018843912498584637,0.013822403894198617
2026-05-20,nan,Will the highest temperature in Hong Kong be 26°C on May 20?,interior,26.0,27.0,interior,30.7,,2026-05-20|26.0|27.0,0.0,0.0,24h_prior,27.9,29.35410080725896,1.5743809010802272,0.05085570010235538,weather_plus_market_training,0.0025863022329007087,0.05219443724468684
2026-05-20,nan,Will the highest temperature in Hong Kong be 27°C on May 20?,interior,27.0,28.0,interior,30.7,,2026-05-20|27.0|28.0,0.0,0.0,24h_prior,27.9,29.35410080725896,1.5743809010802272,0.12744723677294778,weather_plus_market_training,0.016242798161059814,0.13633215312134273
2026-05-20,nan,Will the highest temperature in Hong Kong be 28°C on May 20?,interior,28.0,29.0,interior,30.7,,2026-05-20|28.0|29.0,0.0,0.0,24h_prior,27.9,29.35410080725896,1.5743809010802272,0.21615176724851287,weather_plus_market_training,0.046721586484655284,0.24353985804500994
2026-05-20,nan,Will the highest temperature in Hong Kong be 29°C on May 20?,interior,29.0,30.0,interior,30.7,,2026-05-20|29.0|30.0,0.0,0.0,24h_prior,27.9,29.35410080725896,1.5743809010802272,0.2481679480679379,weather_plus_market_training,0.061587330448250724,0.2852423151720421
2026-05-20,nan,Will the highest temperature in Hong Kong be 30°C or higher on May 20?,upper_tail,30.0,inf,upper_tail,30.7,,2026-05-20|30.0|inf,1.0,1.0,24h_prior,27.9,29.35410080725896,1.5743809010802272,0.34080908683776534,weather_plus_market_training,0.4345326599956608,1.076432821126081
2026-05-20,nan,Will the highest temperature in Hong Kong be 20°C or below on May 20?,lower_tail,-inf,21.0,lower_tail,30.7,,2026-05-20|-inf|21.0,0.0,0.0,6h_prior,27.8,29.25672002466488,1.551062858924024,5.0960296667484676e-08,weather_plus_market_training,2.59695183643805e-15,5.096029794766995e-08
2026-05-20,nan,Will the highest temperature in Hong Kong be 21°C on May 20?,interior,21.0,22.0,interior,30.7,,2026-05-20|21.0|22.0,0.0,0.0,6h_prior,27.8,29.25672002466488,1.551062858924024,1.3936165463555988e-06,weather_plus_market_training,1.942167078276107e-12,1.3936175174701422e-06
2026-05-20,nan,Will the highest temperature in Hong Kong be 22°C on May 20?,interior,22.0,23.0,interior,30.7,,2026-05-20|22.0|23.0,0.0,0.0,6h_prior,27.8,29.25672002466488,1.551062858924024,2.599322679491763e-05,weather_plus_market_training,6.756478392120239e-10,2.599356462463641e-05
2026-05-20,nan,Will the highest temperature in Hong Kong be 23°C on May 20?,interior,23.0,24.0,interior,30.7,,2026-05-20|23.0|24.0,0.0,0.0,6h_prior,27.8,29.25672002466488,1.551062858924024,0.00032316373495158826,weather_plus_market_training,1.0443479958786038e-07,0.0003232159636039272
2026-05-20,nan,Will the highest temperature in Hong Kong be 24°C on May 20?,interior,24.0,25.0,interior,30.7,,2026-05-20|24.0|25.0,0.0,0.0,6h_prior,27.8,29.25672002466488,1.551062858924024,0.0026805800439453163,weather_plus_market_training,7.185509371997874e-06,0.0026841792320113056
2026-05-20,nan,Will the highest temperature in Hong Kong be 25°C on May 20?,interior,25.0,26.0,interior,30.7,,2026-05-20|25.0|26.0,0.0,0.0,6h_prior,27.8,29.25672002466488,1.551062858924024,0.014847762238803729,weather_plus_market_training,0.0002204560435000459,0.014959093649874727
2026-05-20,nan,Will the highest temperature in Hong Kong be 26°C on May 20?,interior,26.0,27.0,interior,30.7,,2026-05-20|26.0|27.0,0.0,0.0,6h_prior,27.8,29.25672002466488,1.551062858924024,0.05496250847309815,weather_plus_market_training,0.0030208773376553862,0.05653067870192857
2026-05-20,nan,Will the highest temperature in Hong Kong be 27°C on May 20?,interior,27.0,28.0,interior,30.7,,2026-05-20|27.0|28.0,0.0,0.0,6h_prior,27.8,29.25672002466488,1.551062858924024,0.1360621088973724,weather_plus_market_training,0.01851289747760043,0.14625439805983795
2026-05-20,nan,Will the highest temperature in Hong Kong be 28°C on May 20?,interior,28.0,29.0,interior,30.7,,2026-05-20|28.0|29.0,0.0,0.0,6h_prior,27.8,29.25672002466488,1.551062858924024,0.2253668124620955,weather_plus_market_training,0.050790200159325324,0.25536566807632516
2026-05-20,nan,Will the highest temperature in Hong Kong be 29°C on May 20?,interior,29.0,30.0,interior,30.7,,2026-05-20|29.0|30.0,0.0,0.0,6h_prior,27.8,29.25672002466488,1.551062858924024,0.24983389209759244,weather_plus_market_training,0.06241697364063146,0.2874606197710259
2026-05-20,nan,Will the highest temperature in Hong Kong be 30°C or higher on May 20?,upper_tail,30.0,inf,upper_tail,30.7,,2026-05-20|30.0|inf,1.0,1.0,6h_prior,27.8,29.25672002466488,1.551062858924024,0.3158957342485029,weather_plus_market_training,0.4679986464193949,1.1523430747521242
2026-05-20,nan,Will the highest temperature in Hong Kong be 20°C or below on May 20?,lower_tail,-inf,21.0,lower_tail,30.7,,2026-05-20|-inf|21.0,0.0,0.0,event_day_open,28.6,30.115359056837896,1.446414455901489,1.4687843387325866e-10,weather_plus_market_training,2.157327433706122e-20,1.4687839834350374e-10
2026-05-20,nan,Will the highest temperature in Hong Kong be 21°C on May 20?,interior,21.0,22.0,interior,30.7,,2026-05-20|21.0|22.0,0.0,0.0,event_day_open,28.6,30.115359056837896,1.446414455901489,9.930164463999733e-09,weather_plus_market_training,9.860816628208311e-17,9.930164517789798e-09
2026-05-20,nan,Will the highest temperature in Hong Kong be 22°C on May 20?,interior,22.0,23.0,interior,30.7,,2026-05-20|22.0|23.0,0.0,0.0,event_day_open,28.6,30.115359056837896,1.446414455901489,4.241752190336766e-07,weather_plus_market_training,1.7992461644226751e-13,4.241753090226857e-07
2026-05-20,nan,Will the highest temperature in Hong Kong be 23°C on May 20?,interior,23.0,24.0,interior,30.7,,2026-05-20|23.0|24.0,0.0,0.0,event_day_open,28.6,30.115359056837896,1.446414455901489,1.1357580675375552e-05,weather_plus_market_training,1.2899463879766419e-10,1.1357645173194039e-05
2026-05-20,nan,Will the highest temperature in Hong Kong be 24°C on May 20?,interior,24.0,25.0,interior,30.7,,2026-05-20|24.0|25.0,0.0,0.0,event_day_open,28.6,30.115359056837896,1.446414455901489,0.0001908807571356386,weather_plus_market_training,3.643546344467464e-08,0.00019089897718602242
2026-05-20,nan,Will the highest temperature in Hong Kong be 25°C on May 20?,interior,25.0,26.0,interior,30.7,,2026-05-20|25.0|26.0,0.0,0.0,event_day_open,28.6,30.115359056837896,1.446414455901489,0.002016405242370786,weather_plus_market_training,4.065890101460388e-06,0.0020184409243884345
2026-05-20,nan,Will the highest temperature in Hong Kong be 26°C on May 20?,interior,26.0,27.0,interior,30.7,,2026-05-20|26.0|27.0,0.0,0.0,event_day_open,28.6,30.115359056837896,1.446414455901489,0.013406910232846219,weather_plus_market_training,0.00017974524199159666,0.013497594294648262
2026-05-20,nan,Will the highest temperature in Hong Kong be 27°C on May 20?,interior,27.0,28.0,interior,30.7,,2026-05-20|27.0|28.0,0.0,0.0,event_day_open,28.6,30.115359056837896,1.446414455901489,0.056178224659177864,weather_plus_market_training,0.0031559929258570597,0.057817927969542854
2026-05-20,nan,Will the highest temperature in Hong Kong be 28°C on May 20?,interior,28.0,29.0,interior,30.7,,2026-05-20|28.0|29.0,0.0,0.0,event_day_open,28.6,30.115359056837896,1.446414455901489,0.14851370272373082,weather_plus_market_training,0.02205631989671269,0.1607718714618806
2026-05-20,nan,Will the highest temperature in Hong Kong be 29°C on May 20?,interior,29.0,30.0,interior,30.7,,2026-05-20|29.0|30.0,0.0,0.0,event_day_open,28.6,30.115359056837896,1.446414455901489,0.2478980673215761,weather_plus_market_training,0.061453451781772674,0.2848834154437023
2026-05-20,nan,Will the highest temperature in Hong Kong be 30°C or higher on May 20?,upper_tail,30.0,inf,upper_tail,30.7,,2026-05-20|30.0|inf,1.0,1.0,event_day_open,28.6,30.115359056837896,1.446414455901489,0.5317840172302253,weather_plus_market_training,0.21922620652106597,0.6315178547237129
2026-05-21,nan,Will the highest temperature in Hong Kong be 22°C or below on May 21?,lower_tail,-inf,23.0,lower_tail,31.5,,2026-05-21|-inf|23.0,0.0,0.0,12h_prior,27.3,28.745586096531795,1.5530538254837318,0.00010799492972449079,weather_plus_market_training,1.1662904846197704e-08,0.0001080007615967662
2026-05-21,nan,Will the highest temperature in Hong Kong be 23°C on May 21?,interior,23.0,24.0,interior,31.5,,2026-05-21|23.0|24.0,0.0,0.0,12h_prior,27.3,28.745586096531795,1.5530538254837318,0.0010148780760450278,weather_plus_market_training,1.0299775092368572e-06,0.0010153934134989678
2026-05-21,nan,Will the highest temperature in Hong Kong be 24°C on May 21?,interior,24.0,25.0,interior,31.5,,2026-05-21|24.0|25.0,0.0,0.0,12h_prior,27.3,28.745586096531795,1.5530538254837318,0.006815089086686011,weather_plus_market_training,4.6445439259466765e-05,0.006838417858502962
2026-05-21,nan,Will the highest temperature in Hong Kong be 25°C on May 21?,interior,25.0,26.0,interior,31.5,,2026-05-21|25.0|26.0,0.0,0.0,12h_prior,27.3,28.745586096531795,1.5530538254837318,0.03060395880735791,weather_plus_market_training,0.0009366022946824598,0.031082039349942667
2026-05-21,nan,Will the highest temperature in Hong Kong be 26°C on May 21?,interior,26.0,27.0,interior,31.5,,2026-05-21|26.0|27.0,0.0,0.0,12h_prior,27.3,28.745586096531795,1.5530538254837318,0.09197092991194734,weather_plus_market_training,0.00845865194886833,0.09647888537785293
2026-05-21,nan,Will the highest temperature in Hong Kong be 27°C on May 21?,interior,27.0,28.0,interior,31.5,,2026-05-21|27.0|28.0,0.0,0.0,12h_prior,27.3,28.745586096531795,1.5530538254837318,0.1850733156516957,weather_plus_market_training,0.0342521321663122,0.20465712764256622
2026-05-21,nan,Will the highest temperature in Hong Kong be 28°C on May 21?,interior,28.0,29.0,interior,31.5,,2026-05-21|28.0|29.0,0.0,0.0,12h_prior,27.3,28.745586096531795,1.5530538254837318,0.24947554119322612,weather_plus_market_training,0.06223804565365307,0.2869830384239754
2026-05-21,nan,Will the highest temperature in Hong Kong be 29°C on May 21?,interior,29.0,30.0,interior,31.5,,2026-05-21|29.0|30.0,0.0,0.0,12h_prior,27.3,28.745586096531795,1.5530538254837318,0.22530892600049524,weather_plus_market_training,0.050764112135496635,0.25529094329073404
2026-05-21,nan,Will the highest temperature in Hong Kong be 30°C on May 21?,interior,30.0,31.0,interior,31.5,,2026-05-21|30.0|31.0,0.0,0.0,12h_prior,27.3,28.745586096531795,1.5530538254837318,0.13632302387983586,weather_plus_market_training,0.018583966839742297,0.14655645031627249
2026-05-21,nan,Will the highest temperature in Hong Kong be 31°C on May 21?,interior,31.0,32.0,interior,31.5,,2026-05-21|31.0|32.0,1.0,1.0,12h_prior,27.3,28.745586096531795,1.5530538254837318,0.05524276125372274,weather_plus_market_training,0.8925662401634903,2.8960179652000546
2026-05-21,nan,Will the highest temperature in Hong Kong be 32°C or higher on May 21?,upper_tail,32.0,inf,upper_tail,31.5,,2026-05-21|32.0|inf,0.0,0.0,12h_prior,27.3,28.745586096531795,1.5530538254837318,0.018063581209263546,weather_plus_market_training,0.0003262929661036591,0.018228719372770468
2026-05-21,nan,Will the highest temperature in Hong Kong be 22°C or below on May 21?,lower_tail,-inf,23.0,lower_tail,31.5,,2026-05-21|-inf|23.0,0.0,0.0,24h_prior,26.5,27.954672664566765,1.5743794029428926,0.0008245944350905968,weather_plus_market_training,6.799559823823805e-07,0.0008249346000934676
2026-05-21,nan,Will the highest temperature in Hong Kong be 23°C on May 21?,interior,23.0,24.0,interior,31.5,,2026-05-21|23.0|24.0,0.0,0.0,24h_prior,26.5,27.954672664566765,1.5743794029428926,0.005179679529934588,weather_plus_market_training,2.6829080032823393e-05,0.005193140572662001
2026-05-21,nan,Will the highest temperature in Hong Kong be 24°C on May 21?,interior,24.0,25.0,interior,31.5,,2026-05-21|24.0|25.0,0.0,0.0,24h_prior,26.5,27.954672664566765,1.5743794029428926,0.024273820080337814,weather_plus_market_training,0.0005892183412926113,0.024573285292502998
2026-05-21,nan,Will the highest temperature in Hong Kong be 25°C on May 21?,interior,25.0,26.0,interior,31.5,,2026-05-21|25.0|26.0,0.0,0.0,24h_prior,26.5,27.954672664566765,1.5743794029428926,0.07692300092268375,weather_plus_market_training,0.0059171480709512055,0.08004262533978058
2026-05-21,nan,Will the highest temperature in Hong Kong be 26°C on May 21?,interior,26.0,27.0,interior,31.5,,2026-05-21|26.0|27.0,0.0,0.0,24h_prior,26.5,27.954672664566765,1.5743794029428926,0.1649300264519421,weather_plus_market_training,0.02720191362543832,0.18023975698600367
2026-05-21,nan,Will the highest temperature in Hong Kong be 27°C on May 21?,interior,27.0,28.0,interior,31.5,,2026-05-21|27.0|28.0,0.0,0.0,24h_prior,26.5,27.954672664566765,1.5743794029428926,0.23935308161080848,weather_plus_market_training,0.057289897676590346,0.2735859993673538
2026-05-21,nan,Will the highest temperature in Hong Kong be 28°C on May 21?,interior,28.0,29.0,interior,31.5,,2026-05-21|28.0|29.0,0.0,0.0,24h_prior,26.5,27.954672664566765,1.5743794029428926,0.23515832586096497,weather_plus_market_training,0.055299438221731785,0.2680864284849308
2026-05-21,nan,Will the highest temperature in Hong Kong be 29°C on May 21?,interior,29.0,30.0,interior,31.5,,2026-05-21|29.0|30.0,0.0,0.0,24h_prior,26.5,27.954672664566765,1.5743794029428926,0.1564082279781457,weather_plus_market_training,0.024463533779263594,0.1700865838368245
2026-05-21,nan,Will the highest temperature in Hong Kong be 30°C on May 21?,interior,30.0,31.0,interior,31.5,,2026-05-21|30.0|31.0,0.0,0.0,24h_prior,26.5,27.954672664566765,1.5743794029428926,0.07041132163306829,weather_plus_market_training,0.00495775421411539,0.07301307199594911
2026-05-21,nan,Will the highest temperature in Hong Kong be 31°C on May 21?,interior,31.0,32.0,interior,31.5,,2026-05-21|31.0|32.0,1.0,1.0,24h_prior,26.5,27.954672664566765,1.5743794029428926,0.021445273441506596,weather_plus_market_training,0.9575693528699678,3.842251010266578
2026-05-21,nan,Will the highest temperature in Hong Kong be 32°C or higher on May 21?,upper_tail,32.0,inf,upper_tail,31.5,,2026-05-21|32.0|inf,0.0,0.0,24h_prior,26.5,27.954672664566765,1.5743794029428926,0.005092648055517124,weather_plus_market_training,2.5935064217362342e-05,0.0051056597825221576
2026-05-21,nan,Will the highest temperature in Hong Kong be 22°C or below on May 21?,lower_tail,-inf,23.0,lower_tail,31.5,,2026-05-21|-inf|23.0,0.0,0.0,6h_prior,28.8,30.253593942574973,1.552617562318808,1.492505925979184e-06,weather_plus_market_training,2.227573939082981e-12,1.4925070397476973e-06
2026-05-21,nan,Will the highest temperature in Hong Kong be 23°C on May 21?,interior,23.0,24.0,interior,31.5,,2026-05-21|23.0|24.0,0.0,0.0,6h_prior,28.8,30.253593942574973,1.552617562318808,2.6661108854133333e-05,weather_plus_market_training,7.108147253319468e-10,2.666146426786665e-05
2026-05-21,nan,Will the highest temperature in Hong Kong be 24°C on May 21?,interior,24.0,25.0,interior,31.5,,2026-05-21|24.0|25.0,0.0,0.0,6h_prior,28.8,30.253593942574973,1.552617562318808,0.00032942529079205975,weather_plus_market_training,1.0852102221343314e-07,0.0003294795632226262
2026-05-21,nan,Will the highest temperature in Hong Kong be 25°C on May 21?,interior,25.0,26.0,interior,31.5,,2026-05-21|25.0|26.0,0.0,0.0,6h_prior,28.8,30.253593942574973,1.552617562318808,0.0027178626774927135,weather_plus_market_training,7.386777533707862e-06,0.0027215627720127674
2026-05-21,nan,Will the highest temperature in Hong Kong be 26°C on May 21?,interior,26.0,27.0,interior,31.5,,2026-05-21|26.0|27.0,0.0,0.0,6h_prior,28.8,30.253593942574973,1.552617562318808,0.014985445155019726,weather_plus_market_training,0.00022456356649410417,0.015098861426853733
2026-05-21,nan,Will the highest temperature in Hong Kong be 27°C on May 21?,interior,27.0,28.0,interior,31.5,,2026-05-21|27.0|28.0,0.0,0.0,6h_prior,28.8,30.253593942574973,1.552617562318808,0.05526218291631204,weather_plus_market_training,0.0030539088606759304,0.056847832222096155
2026-05-21,nan,Will the highest temperature in Hong Kong be 28°C on May 21?,interior,28.0,29.0,interior,31.5,,2026-05-21|28.0|29.0,0.0,0.0,6h_prior,28.8,30.253593942574973,1.552617562318808,0.13639301210040333,weather_plus_market_training,0.01860305374982077,0.14663748878135832
2026-05-21,nan,Will the highest temperature in Hong Kong be 29°C on May 21?,interior,29.0,30.0,interior,31.5,,2026-05-21|29.0|30.0,0.0,0.0,6h_prior,28.8,30.253593942574973,1.552617562318808,0.22541197902483934,weather_plus_market_training,0.05081056028789461,0.2554239768091367
2026-05-21,nan,Will the highest temperature in Hong Kong be 30°C on May 21?,interior,30.0,31.0,interior,31.5,,2026-05-21|30.0|31.0,0.0,0.0,6h_prior,28.8,30.253593942574973,1.552617562318808,0.2495214480956614,weather_plus_market_training,0.06226095305975585,0.28704420672560027
2026-05-21,nan,Will the highest temperature in Hong Kong be 31°C on May 21?,interior,31.0,32.0,interior,31.5,,2026-05-21|31.0|32.0,1.0,1.0,6h_prior,28.8,30.253593942574973,1.552617562318808,0.18501657264013505,weather_plus_market_training,0.6641979868712323,1.6873098760774576
2026-05-21,nan,Will the highest temperature in Hong Kong be 32°C or higher on May 21?,upper_tail,32.0,inf,upper_tail,31.5,,2026-05-21|32.0|inf,0.0,0.0,6h_prior,28.8,30.253593942574973,1.552617562318808,0.13033391848456422,weather_plus_market_training,0.016986930307541028,0.13964595535916155
2026-05-21,nan,Will the highest temperature in Hong Kong be 22°C or below on May 21?,lower_tail,-inf,23.0,lower_tail,31.5,,2026-05-21|-inf|23.0,0.0,0.0,event_day_open,27.7,29.22395192035126,1.4457861707834654,8.353397489962218e-06,weather_plus_market_training,6.977924962530708e-11,8.353432379765458e-06
2026-05-21,nan,Will the highest temperature in Hong Kong be 23°C on May 21?,interior,23.0,24.0,interior,31.5,,2026-05-21|23.0|24.0,0.0,0.0,event_day_open,27.7,29.22395192035126,1.4457861707834654,0.00014285215824099472,weather_plus_market_training,2.0406739114110196e-08,0.00014286236258232373
2026-05-21,nan,Will the highest temperature in Hong Kong be 24°C on May 21?,interior,24.0,25.0,interior,31.5,,2026-05-21|24.0|25.0,0.0,0.0,event_day_open,27.7,29.22395192035126,1.4457861707834654,0.0015902069814218427,weather_plus_market_training,2.528758243762769e-06,0.0015914727025607815
2026-05-21,nan,Will the highest temperature in Hong Kong be 25°C on May 21?,interior,25.0,26.0,interior,31.5,,2026-05-21|25.0|26.0,0.0,0.0,event_day_open,27.7,29.22395192035126,1.4457861707834654,0.011135781649153303,weather_plus_market_training,0.00012400563293761945,0.011198248644423989
2026-05-21,nan,Will the highest temperature in Hong Kong be 26°C on May 21?,interior,26.0,27.0,interior,31.5,,2026-05-21|26.0|27.0,0.0,0.0,event_day_open,27.7,29.22395192035126,1.4457861707834654,0.049118978048091205,weather_plus_market_training,0.0024126740044888655,0.050366332621064394
2026-05-21,nan,Will the highest temperature in Hong Kong be 27°C on May 21?,interior,27.0,28.0,interior,31.5,,2026-05-21|27.0|28.0,0.0,0.0,event_day_open,27.7,29.22395192035126,1.4457861707834654,0.13662265196075785,weather_plus_market_training,0.018665749028790368,0.14690343197137934
2026-05-21,nan,Will the highest temperature in Hong Kong be 28°C on May 21?,interior,28.0,29.0,interior,31.5,,2026-05-21|28.0|29.0,0.0,0.0,event_day_open,27.7,29.22395192035126,1.4457861707834654,0.2398313500995652,weather_plus_market_training,0.057519076490580204,0.27421496255591626
2026-05-21,nan,Will the highest temperature in Hong Kong be 29°C on May 21?,interior,29.0,30.0,interior,31.5,,2026-05-21|29.0|30.0,0.0,0.0,event_day_open,27.7,29.22395192035126,1.4457861707834654,0.2658350093565036,weather_plus_market_training,0.07066825219957236,0.3090214927344639
2026-05-21,nan,Will the highest temperature in Hong Kong be 30°C on May 21?,interior,30.0,31.0,interior,31.5,,2026-05-21|30.0|31.0,0.0,0.0,event_day_open,27.7,29.22395192035126,1.4457861707834654,0.18607214678627926,weather_plus_market_training,0.034622843809654656,0.2058835493232579
2026-05-21,nan,Will the highest temperature in Hong Kong be 31°C on May 21?,interior,31.0,32.0,interior,31.5,,2026-05-21|31.0|32.0,1.0,1.0,event_day_open,27.7,29.22395192035126,1.4457861707834654,0.08221977517897294,weather_plus_market_training,0.842320541072535,2.498359431899834
2026-05-21,nan,Will the highest temperature in Hong Kong be 32°C or higher on May 21?,upper_tail,32.0,inf,upper_tail,31.5,,2026-05-21|32.0|inf,0.0,0.0,event_day_open,27.7,29.22395192035126,1.4457861707834654,0.027422894383523855,weather_plus_market_training,0.0007520151363699042,0.02780592065155062
2026-05-22,nan,Will the highest temperature in Hong Kong be 21°C or below on May 22?,lower_tail,-inf,22.0,lower_tail,31.4,,2026-05-22|-inf|22.0,0.0,0.0,12h_prior,29.0,30.441607627921503,1.5550356709720687,2.8404947842744692e-08,weather_plus_market_training,8.068410619490463e-16,2.8404948241710267e-08
2026-05-22,nan,Will the highest temperature in Hong Kong be 22°C on May 22?,interior,22.0,23.0,interior,31.4,,2026-05-22|22.0|23.0,0.0,0.0,12h_prior,29.0,30.441607627921503,1.5550356709720687,8.244485173508018e-07,weather_plus_market_training,6.797153577619353e-13,8.244488572026215e-07
2026-05-22,nan,Will the highest temperature in Hong Kong be 23°C on May 22?,interior,23.0,24.0,interior,31.4,,2026-05-22|23.0|24.0,0.0,0.0,12h_prior,29.0,30.441607627921503,1.5550356709720687,1.633031550931871e-05,weather_plus_market_training,2.6667920463389516e-10,1.6330448850348187e-05
2026-05-22,nan,Will the highest temperature in Hong Kong be 24°C on May 22?,interior,24.0,25.0,interior,31.4,,2026-05-22|24.0|25.0,0.0,0.0,12h_prior,29.0,30.441607627921503,1.5550356709720687,0.00021601742597642166,weather_plus_market_training,4.666352832547881e-08,0.00021604076110118587
2026-05-22,nan,Will the highest temperature in Hong Kong be 25°C on May 22?,interior,25.0,26.0,interior,31.4,,2026-05-22|25.0|26.0,0.0,0.0,12h_prior,29.0,30.441607627921503,1.5550356709720687,0.0019100260477916261,weather_plus_market_training,3.6481995032424992e-06,0.0019118524735944151
2026-05-22,nan,Will the highest temperature in Hong Kong be 26°C on May 22?,interior,26.0,27.0,interior,31.4,,2026-05-22|26.0|27.0,0.0,0.0,12h_prior,29.0,30.441607627921503,1.5550356709720687,0.011298644008227639,weather_plus_market_training,0.00012765935642465833,0.011362958590385403
2026-05-22,nan,Will the highest temperature in Hong Kong be 27°C on May 22?,interior,27.0,28.0,interior,31.4,,2026-05-22|27.0|28.0,0.0,0.0,12h_prior,29.0,30.441607627921503,1.5550356709720687,0.04475060425061406,weather_plus_market_training,0.002002616580795077,0.04578282521289288
2026-05-22,nan,Will the highest temperature in Hong Kong be 28°C on May 22?,interior,28.0,29.0,interior,31.4,,2026-05-22|28.0|29.0,0.0,0.0,12h_prior,29.0,30.441607627921503,1.5550356709720687,0.11875584104876508,weather_plus_market_training,0.014102949783199556,0.12642055301806743
2026-05-22,nan,Will the highest temperature in Hong Kong be 29°C on May 22?,interior,29.0,30.0,interior,31.4,,2026-05-22|29.0|30.0,0.0,0.0,12h_prior,29.0,30.441607627921503,1.5550356709720687,0.21126241922021544,weather_plus_market_training,0.044631809774778056,0.23732161069627306
2026-05-22,nan,Will the highest temperature in Hong Kong be 30°C on May 22?,interior,30.0,31.0,interior,31.4,,2026-05-22|30.0|31.0,0.0,0.0,12h_prior,29.0,30.441607627921503,1.5550356709720687,0.2520240879637176,weather_plus_market_training,0.06351614091394367,0.29038450468624305
2026-05-22,nan,Will the highest temperature in Hong Kong be 31°C or higher on May 22?,upper_tail,31.0,inf,upper_tail,31.4,,2026-05-22|31.0|inf,1.0,1.0,12h_prior,29.0,30.441607627921503,1.5550356709720687,0.35976517686571763,weather_plus_market_training,0.40990062875378586,1.022303746847484
2026-05-22,nan,Will the highest temperature in Hong Kong be 21°C or below on May 22?,lower_tail,-inf,22.0,lower_tail,31.4,,2026-05-22|-inf|22.0,0.0,0.0,24h_prior,29.2,30.657417529394607,1.574390805900497,1.9108393925658745e-08,weather_plus_market_training,3.6513071841815205e-16,1.9108394160794195e-08
2026-05-22,nan,Will the highest temperature in Hong Kong be 22°C on May 22?,interior,22.0,23.0,interior,31.4,,2026-05-22|22.0|23.0,0.0,0.0,24h_prior,29.2,30.657417529394607,1.574390805900497,5.568511301466476e-07,weather_plus_market_training,3.1008318114559874e-13,5.56851285137385e-07
2026-05-22,nan,Will the highest temperature in Hong Kong be 23°C on May 22?,interior,23.0,24.0,interior,31.4,,2026-05-22|23.0|24.0,0.0,0.0,24h_prior,29.2,30.657417529394607,1.574390805900497,1.1183247212222086e-05,weather_plus_market_training,1.2506501820967306e-10,1.1183309745251691e-05
2026-05-22,nan,Will the highest temperature in Hong Kong be 24°C on May 22?,interior,24.0,25.0,interior,31.4,,2026-05-22|24.0|25.0,0.0,0.0,24h_prior,29.2,30.657417529394607,1.574390805900497,0.00015143562680696365,weather_plus_market_training,2.2932749066417968e-08,0.0001514470943392492
2026-05-22,nan,Will the highest temperature in Hong Kong be 25°C on May 22?,interior,25.0,26.0,interior,31.4,,2026-05-22|25.0|26.0,0.0,0.0,24h_prior,29.2,30.657417529394607,1.574390805900497,0.001383837355428067,weather_plus_market_training,1.915005826278146e-06,0.0013847957426111857
2026-05-22,nan,Will the highest temperature in Hong Kong be 26°C on May 22?,interior,26.0,27.0,interior,31.4,,2026-05-22|26.0|27.0,0.0,0.0,24h_prior,29.2,30.657417529394607,1.574390805900497,0.008540706944294478,weather_plus_market_training,7.294367510831992e-05,0.008577387784714844
2026-05-22,nan,Will the highest temperature in Hong Kong be 27°C on May 22?,interior,27.0,28.0,interior,31.4,,2026-05-22|27.0|28.0,0.0,0.0,24h_prior,29.2,30.657417529394607,1.574390805900497,0.03562727370582565,weather_plus_market_training,0.0012693026317098157,0.03627741356633821
2026-05-22,nan,Will the highest temperature in Hong Kong be 28°C on May 22?,interior,28.0,29.0,interior,31.4,,2026-05-22|28.0|29.0,0.0,0.0,24h_prior,29.2,30.657417529394607,1.574390805900497,0.1005160403175744,weather_plus_market_training,0.010103474361124243,0.10593405823256702
2026-05-22,nan,Will the highest temperature in Hong Kong be 29°C on May 22?,interior,29.0,30.0,interior,31.4,,2026-05-22|29.0|30.0,0.0,0.0,24h_prior,29.2,30.657417529394607,1.574390805900497,0.19189990914940736,weather_plus_market_training,0.0368255751315508,0.2130693533178031
2026-05-22,nan,Will the highest temperature in Hong Kong be 30°C on May 22?,interior,30.0,31.0,interior,31.4,,2026-05-22|30.0|31.0,0.0,0.0,24h_prior,29.2,30.657417529394607,1.574390805900497,0.24799741584928425,weather_plus_market_training,0.06150271826792283,0.2850155186675689
2026-05-22,nan,Will the highest temperature in Hong Kong be 31°C or higher on May 22?,upper_tail,31.0,inf,upper_tail,31.4,,2026-05-22|31.0|inf,1.0,1.0,24h_prior,29.2,30.657417529394607,1.574390805900497,0.41387162184464255,weather_plus_market_training,0.3435464756790297,0.8821994454080381
2026-05-22,nan,Will the highest temperature in Hong Kong be 21°C or below on May 22?,lower_tail,-inf,22.0,lower_tail,31.4,,2026-05-22|-inf|22.0,0.0,0.0,6h_prior,29.2,30.658619565820302,1.5533694734997407,1.2441431382277277e-08,weather_plus_market_training,1.5478921483991388e-16,1.2441431407007448e-08
2026-05-22,nan,Will the highest temperature in Hong Kong be 22°C on May 22?,interior,22.0,23.0,interior,31.4,,2026-05-22|22.0|23.0,0.0,0.0,6h_prior,29.2,30.658619565820302,1.5533694734997407,3.9801885672576604e-07,weather_plus_market_training,1.5841901030928586e-13,3.9801893597157635e-07
2026-05-22,nan,Will the highest temperature in Hong Kong be 23°C on May 22?,interior,23.0,24.0,interior,31.4,,2026-05-22|23.0|24.0,0.0,0.0,6h_prior,29.2,30.658619565820302,1.5533694734997407,8.662386789469024e-06,weather_plus_market_training,7.503694489036747e-11,8.662424308115547e-06
2026-05-22,nan,Will the highest temperature in Hong Kong be 24°C on May 22?,interior,24.0,25.0,interior,31.4,,2026-05-22|24.0|25.0,0.0,0.0,6h_prior,29.2,30.658619565820302,1.5533694734997407,0.0001257695723211767,weather_plus_market_training,1.5817985321851693e-08,0.00012577748197699663
2026-05-22,nan,Will the highest temperature in Hong Kong be 25°C on May 22?,interior,25.0,26.0,interior,31.4,,2026-05-22|25.0|26.0,0.0,0.0,6h_prior,29.2,30.658619565820302,1.5533694734997407,0.0012193095086440564,weather_plus_market_training,1.4867156778698102e-06,0.0012200534712915937
2026-05-22,nan,Will the highest temperature in Hong Kong be 26°C on May 22?,interior,26.0,27.0,interior,31.4,,2026-05-22|26.0|27.0,0.0,0.0,6h_prior,29.2,30.658619565820302,1.5533694734997407,0.007900232508993427,weather_plus_market_training,6.241367369615659e-05,0.007931604686748618
2026-05-22,nan,Will the highest temperature in Hong Kong be 27°C on May 22?,interior,27.0,28.0,interior,31.4,,2026-05-22|27.0|28.0,0.0,0.0,6h_prior,29.2,30.658619565820302,1.5533694734997407,0.03423839594762376,weather_plus_market_training,0.0011722677570662593,0.03483826192172926
2026-05-22,nan,Will the highest temperature in Hong Kong be 28°C on May 22?,interior,28.0,29.0,interior,31.4,,2026-05-22|28.0|29.0,0.0,0.0,6h_prior,29.2,30.658619565820302,1.5533694734997407,0.09932251625363489,weather_plus_market_training,0.009864962234953567,0.10460803912113664
2026-05-22,nan,Will the highest temperature in Hong Kong be 29°C on May 22?,interior,29.0,30.0,interior,31.4,,2026-05-22|29.0|30.0,0.0,0.0,6h_prior,29.2,30.658619565820302,1.5533694734997407,0.19296974406781547,weather_plus_market_training,0.03723732212559821,0.21439411955354756
2026-05-22,nan,Will the highest temperature in Hong Kong be 30°C on May 22?,interior,30.0,31.0,interior,31.4,,2026-05-22|30.0|31.0,0.0,0.0,6h_prior,29.2,30.658619565820302,1.5533694734997407,0.2511889205712534,weather_plus_market_training,0.06309587381775146,0.289268557682563
2026-05-22,nan,Will the highest temperature in Hong Kong be 31°C or higher on May 22?,upper_tail,31.0,inf,upper_tail,31.4,,2026-05-22|31.0|inf,1.0,1.0,6h_prior,29.2,30.658619565820302,1.5533694734997407,0.4130260387226362,weather_plus_market_training,0.34453843121764016,0.8842446402539633
2026-05-22,nan,Will the highest temperature in Hong Kong be 21°C or below on May 22?,lower_tail,-inf,22.0,lower_tail,31.4,,2026-05-22|-inf|22.0,0.0,0.0,event_day_open,29.2,30.717664506602368,1.4473270769059146,8.545567166955408e-10,weather_plus_market_training,7.3026718204946275e-19,8.54556759054418e-10
2026-05-22,nan,Will the highest temperature in Hong Kong be 22°C on May 22?,interior,22.0,23.0,interior,31.4,,2026-05-22|22.0|23.0,0.0,0.0,event_day_open,29.2,30.717664506602368,1.4473270769059146,4.761852700533932e-08,weather_plus_market_training,2.26752411415823e-15,4.76185281441689e-08
2026-05-22,nan,Will the highest temperature in Hong Kong be 23°C on May 22?,interior,23.0,24.0,interior,31.4,,2026-05-22|23.0|24.0,0.0,0.0,event_day_open,29.2,30.717664506602368,1.4473270769059146,1.6815743596213442e-06,weather_plus_market_training,2.8276923269359336e-12,1.6815757734943022e-06
2026-05-22,nan,Will the highest temperature in Hong Kong be 24°C on May 22?,interior,24.0,25.0,interior,31.4,,2026-05-22|24.0|25.0,0.0,0.0,event_day_open,29.2,30.717664506602368,1.4473270769059146,3.7264126548233766e-05,weather_plus_market_training,1.3886151274027806e-09,3.7264820873065865e-05
2026-05-22,nan,Will the highest temperature in Hong Kong be 25°C on May 22?,interior,25.0,26.0,interior,31.4,,2026-05-22|25.0|26.0,0.0,0.0,event_day_open,29.2,30.717664506602368,1.4473270769059146,0.000518911238492266,weather_plus_market_training,2.692688734335774e-07,0.0005190459195226356
2026-05-22,nan,Will the highest temperature in Hong Kong be 26°C on May 22?,interior,26.0,27.0,interior,31.4,,2026-05-22|26.0|27.0,0.0,0.0,event_day_open,29.2,30.717664506602368,1.4473270769059146,0.004546994433878257,weather_plus_market_training,2.0675158381719846e-05,0.004557363456934936
2026-05-22,nan,Will the highest temperature in Hong Kong be 27°C on May 22?,interior,27.0,28.0,interior,31.4,,2026-05-22|27.0|28.0,0.0,0.0,event_day_open,29.2,30.717664506602368,1.4473270769059146,0.02510533589377087,weather_plus_market_training,0.00063027789033906,0.025425850634810787
2026-05-22,nan,Will the highest temperature in Hong Kong be 28°C on May 22?,interior,28.0,29.0,interior,31.4,,2026-05-22|28.0|29.0,0.0,0.0,event_day_open,29.2,30.717664506602368,1.4473270769059146,0.08744619515704406,weather_plus_market_training,0.007646837047443836,0.09150823105235276
2026-05-22,nan,Will the highest temperature in Hong Kong be 29°C on May 22?,interior,29.0,30.0,interior,31.4,,2026-05-22|29.0|30.0,0.0,0.0,event_day_open,29.2,30.717664506602368,1.4473270769059146,0.19234189382561595,weather_plus_market_training,0.03699540412042452,0.2136164459310996
2026-05-22,nan,Will the highest temperature in Hong Kong be 30°C on May 22?,interior,30.0,31.0,interior,31.4,,2026-05-22|30.0|31.0,0.0,0.0,event_day_open,29.2,30.717664506602368,1.4473270769059146,0.2673340618564256,weather_plus_market_training,0.07146750062865519,0.31106542703170437
2026-05-22,nan,Will the highest temperature in Hong Kong be 31°C or higher on May 22?,upper_tail,31.0,inf,upper_tail,31.4,,2026-05-22|31.0|inf,1.0,1.0,event_day_open,29.2,30.717664506602368,1.4473270769059146,0.4226676134207814,weather_plus_market_training,0.3333126845932563,0.8611691927010541
2026-05-23,nan,Will the highest temperature in Hong Kong be 23°C or below on May 23?,lower_tail,-inf,24.0,lower_tail,30.3,,2026-05-23|-inf|24.0,0.0,0.0,12h_prior,29.1,30.547343683966744,1.55531905519721,1.2788517945975038e-05,weather_plus_market_training,1.6354619125452562e-10,1.2788599719742512e-05
2026-05-23,nan,Will the highest temperature in Hong Kong be 24°C on May 23?,interior,24.0,25.0,interior,30.3,,2026-05-23|24.0|25.0,0.0,0.0,12h_prior,29.1,30.547343683966744,1.55531905519721,0.00016796961716029882,weather_plus_market_training,2.8213792288977354e-08,0.00016798372563628752
2026-05-23,nan,Will the highest temperature in Hong Kong be 25°C on May 23?,interior,25.0,26.0,interior,30.3,,2026-05-23|25.0|26.0,0.0,0.0,12h_prior,29.1,30.547343683966744,1.55531905519721,0.0015485266601018744,weather_plus_market_training,2.3979348170462657e-06,0.0015497268667050168
2026-05-23,nan,Will the highest temperature in Hong Kong be 26°C on May 23?,interior,26.0,27.0,interior,30.3,,2026-05-23|26.0|27.0,0.0,0.0,12h_prior,29.1,30.547343683966744,1.55531905519721,0.009551390628386325,weather_plus_market_training,9.122906293602613e-05,0.009597297711371704
2026-05-23,nan,Will the highest temperature in Hong Kong be 27°C on May 23?,interior,27.0,28.0,interior,30.3,,2026-05-23|27.0|28.0,0.0,0.0,12h_prior,29.1,30.547343683966744,1.55531905519721,0.039448208837748265,weather_plus_market_training,0.0015561611805066003,0.040247377183744146
2026-05-23,nan,Will the highest temperature in Hong Kong be 28°C on May 23?,interior,28.0,29.0,interior,30.3,,2026-05-23|28.0|29.0,0.0,0.0,12h_prior,29.1,30.547343683966744,1.55531905519721,0.10917032933300232,weather_plus_market_training,0.011918160806676186,0.11560203626520757
2026-05-23,nan,Will the highest temperature in Hong Kong be 29°C on May 23?,interior,29.0,30.0,interior,30.3,,2026-05-23|29.0|30.0,0.0,0.0,12h_prior,29.1,30.547343683966744,1.55531905519721,0.20255092835103278,weather_plus_market_training,0.04102687857586521,0.22633730636356905
2026-05-23,nan,Will the highest temperature in Hong Kong be 30°C on May 23?,interior,30.0,31.0,interior,30.3,,2026-05-23|30.0|31.0,1.0,1.0,12h_prior,29.1,30.547343683966744,1.55531905519721,0.2520385743737561,weather_plus_market_training,0.5594462942248432,1.378173130273446
2026-05-23,nan,Will the highest temperature in Hong Kong be 31°C on May 23?,interior,31.0,32.0,interior,30.3,,2026-05-23|31.0|32.0,0.0,0.0,12h_prior,29.1,30.547343683966744,1.55531905519721,0.21035740004019943,weather_plus_market_training,0.044250235751672494,0.23617484100131514
2026-05-23,nan,Will the highest temperature in Hong Kong be 32°C on May 23?,interior,32.0,33.0,interior,30.3,,2026-05-23|32.0|33.0,0.0,0.0,12h_prior,29.1,30.547343683966744,1.55531905519721,0.11775006751694861,weather_plus_market_training,0.013865078400245956,0.12527989295489725
2026-05-23,nan,Will the highest temperature in Hong Kong be 33°C or higher on May 23?,upper_tail,33.0,inf,upper_tail,30.3,,2026-05-23|33.0|inf,0.0,0.0,12h_prior,29.1,30.547343683966744,1.55531905519721,0.05740381612371803,weather_plus_market_training,0.0032951981055656305,0.05911731300878374
2026-05-23,nan,Will the highest temperature in Hong Kong be 23°C or below on May 23?,lower_tail,-inf,24.0,lower_tail,30.3,,2026-05-23|-inf|24.0,0.0,0.0,24h_prior,29.7,31.158661107364612,1.5743948716563223,2.721722416265358e-06,weather_plus_market_training,7.40777291120134e-12,2.721726120114438e-06
2026-05-23,nan,Will the highest temperature in Hong Kong be 24°C on May 23?,interior,24.0,25.0,interior,30.3,,2026-05-23|24.0|25.0,0.0,0.0,24h_prior,29.7,31.158661107364612,1.5743948716563223,4.309049893093751e-05,weather_plus_market_training,1.8567910981171265e-09,4.309142735313992e-05
2026-05-23,nan,Will the highest temperature in Hong Kong be 25°C on May 23?,interior,25.0,26.0,interior,30.3,,2026-05-23|25.0|26.0,0.0,0.0,24h_prior,29.7,31.158661107364612,1.5743948716563223,0.00047951461118464603,weather_plus_market_training,2.2993426233956227e-07,0.00047962961508134444
2026-05-23,nan,Will the highest temperature in Hong Kong be 26°C on May 23?,interior,26.0,27.0,interior,30.3,,2026-05-23|26.0|27.0,0.0,0.0,24h_prior,29.7,31.158661107364612,1.5743948716563223,0.0036024602243681,weather_plus_market_training,1.2977719668154263e-05,0.003608964710335447
2026-05-23,nan,Will the highest temperature in Hong Kong be 27°C on May 23?,interior,27.0,28.0,interior,30.3,,2026-05-23|27.0|28.0,0.0,0.0,24h_prior,29.7,31.158661107364612,1.5743948716563223,0.018285940534110347,weather_plus_market_training,0.0003343756212170198,0.018455194835954383
2026-05-23,nan,Will the highest temperature in Hong Kong be 28°C on May 23?,interior,28.0,29.0,interior,30.3,,2026-05-23|28.0|29.0,0.0,0.0,24h_prior,29.7,31.158661107364612,1.5743948716563223,0.06275734342845712,weather_plus_market_training,0.00393848415419731,0.06481305847651896
2026-05-23,nan,Will the highest temperature in Hong Kong be 29°C on May 23?,interior,29.0,30.0,interior,30.3,,2026-05-23|29.0|30.0,0.0,0.0,24h_prior,29.7,31.158661107364612,1.5743948716563223,0.1457123527008251,weather_plus_market_training,0.021232089729609653,0.15748731837054616
2026-05-23,nan,Will the highest temperature in Hong Kong be 30°C on May 23?,interior,30.0,31.0,interior,30.3,,2026-05-23|30.0|31.0,1.0,1.0,24h_prior,29.7,31.158661107364612,1.5743948716563223,0.22898074359619464,weather_plus_market_training,0.594470693745477,1.4741173680631707
2026-05-23,nan,Will the highest temperature in Hong Kong be 31°C on May 23?,interior,31.0,32.0,interior,30.3,,2026-05-23|31.0|32.0,0.0,0.0,24h_prior,29.7,31.158661107364612,1.5743948716563223,0.24359952902633208,weather_plus_market_training,0.05934073054185081,0.2791843195464315
2026-05-23,nan,Will the highest temperature in Hong Kong be 32°C on May 23?,interior,32.0,33.0,interior,30.3,,2026-05-23|32.0|33.0,0.0,0.0,24h_prior,29.7,31.158661107364612,1.5743948716563223,0.175445936033214,weather_plus_market_training,0.030781276470570624,0.1929125673107708
2026-05-23,nan,Will the highest temperature in Hong Kong be 33°C or higher on May 23?,upper_tail,33.0,inf,upper_tail,30.3,,2026-05-23|33.0|inf,0.0,0.0,24h_prior,29.7,31.158661107364612,1.5743948716563223,0.12109036762396674,weather_plus_market_training,0.014662877131307414,0.12907319389026065
2026-05-23,nan,Will the highest temperature in Hong Kong be 23°C or below on May 23?,lower_tail,-inf,24.0,lower_tail,30.3,,2026-05-23|-inf|24.0,0.0,0.0,6h_prior,29.2,30.66455905849149,1.5535481222479064,8.937861548513501e-06,weather_plus_market_training,7.988536906039617e-11,8.937901491463904e-06
2026-05-23,nan,Will the highest temperature in Hong Kong be 24°C on May 23?,interior,24.0,25.0,interior,30.3,,2026-05-23|24.0|25.0,0.0,0.0,6h_prior,29.2,30.66455905849149,1.5535481222479064,0.00012413160673682076,weather_plus_market_training,1.5408655791064724e-08,0.00012413931170237672
2026-05-23,nan,Will the highest temperature in Hong Kong be 25°C on May 23?,interior,25.0,26.0,interior,30.3,,2026-05-23|25.0|26.0,0.0,0.0,6h_prior,29.2,30.66455905849149,1.5535481222479064,0.0012057031333821092,weather_plus_market_training,1.4537200458474363e-06,0.0012064305781854497
2026-05-23,nan,Will the highest temperature in Hong Kong be 26°C on May 23?,interior,26.0,27.0,interior,30.3,,2026-05-23|26.0|27.0,0.0,0.0,6h_prior,29.2,30.66455905849149,1.5535481222479064,0.007827503388764586,weather_plus_market_training,6.126980930112107e-05,0.00785829910104131
2026-05-23,nan,Will the highest temperature in Hong Kong be 27°C on May 23?,interior,27.0,28.0,interior,30.3,,2026-05-23|27.0|28.0,0.0,0.0,6h_prior,29.2,30.66455905849149,1.5535481222479064,0.0339931197499616,weather_plus_market_training,0.0011555321903352295,0.03458432238293523
2026-05-23,nan,Will the highest temperature in Hong Kong be 28°C on May 23?,interior,28.0,29.0,interior,30.3,,2026-05-23|28.0|29.0,0.0,0.0,6h_prior,29.2,30.66455905849149,1.5535481222479064,0.09882273956824467,weather_plus_market_training,0.00976593385577311,0.10405330328594073
2026-05-23,nan,Will the highest temperature in Hong Kong be 29°C on May 23?,interior,29.0,30.0,interior,30.3,,2026-05-23|29.0|30.0,0.0,0.0,6h_prior,29.2,30.66455905849149,1.5535481222479064,0.19242767559270385,weather_plus_market_training,0.03702841033401087,0.213722662066636
2026-05-23,nan,Will the highest temperature in Hong Kong be 30°C on May 23?,interior,30.0,31.0,interior,30.3,,2026-05-23|30.0|31.0,1.0,1.0,6h_prior,29.2,30.66455905849149,1.5535481222479064,0.25106484228186854,weather_plus_market_training,0.5609038704662824,1.3820440374289593
2026-05-23,nan,Will the highest temperature in Hong Kong be 31°C on May 23?,interior,31.0,32.0,interior,30.3,,2026-05-23|31.0|32.0,0.0,0.0,6h_prior,29.2,30.66455905849149,1.5535481222479064,0.21952250717686161,weather_plus_market_training,0.04819013115721526,0.24784937631221868
2026-05-23,nan,Will the highest temperature in Hong Kong be 32°C on May 23?,interior,32.0,33.0,interior,30.3,,2026-05-23|32.0|33.0,0.0,0.0,6h_prior,29.2,30.66455905849149,1.5535481222479064,0.12862133000787035,weather_plus_market_training,0.01654344653299349,0.13767864345914774
2026-05-23,nan,Will the highest temperature in Hong Kong be 33°C or higher on May 23?,upper_tail,33.0,inf,upper_tail,30.3,,2026-05-23|33.0|inf,0.0,0.0,6h_prior,29.2,30.66455905849149,1.5535481222479064,0.06638150963205736,weather_plus_market_training,0.004406504821030923,0.06868739275610612
2026-05-23,nan,Will the highest temperature in Hong Kong be 23°C or below on May 23?,lower_tail,-inf,24.0,lower_tail,30.3,,2026-05-23|-inf|24.0,0.0,0.0,event_day_open,28.6,30.12500507567546,1.4469193357046009,1.1522796698650178e-05,weather_plus_market_training,1.3277484375842343e-10,1.1522863086624912e-05
2026-05-23,nan,Will the highest temperature in Hong Kong be 24°C on May 23?,interior,24.0,25.0,interior,30.3,,2026-05-23|24.0|25.0,0.0,0.0,event_day_open,28.6,30.12500507567546,1.4469193357046009,0.00018702120679849827,weather_plus_market_training,3.4976931792366656e-08,0.00018703869744515474
2026-05-23,nan,Will the highest temperature in Hong Kong be 25°C on May 23?,interior,25.0,26.0,interior,30.3,,2026-05-23|25.0|26.0,0.0,0.0,event_day_open,28.6,30.12500507567546,1.4469193357046009,0.0019813216563053454,weather_plus_market_training,3.925635505744558e-06,0.0019832870705659028
2026-05-23,nan,Will the highest temperature in Hong Kong be 26°C on May 23?,interior,26.0,27.0,interior,30.3,,2026-05-23|26.0|27.0,0.0,0.0,event_day_open,28.6,30.12500507567546,1.4469193357046009,0.013215585300064352,weather_plus_market_training,0.000174651694823277,0.013303688229591552
2026-05-23,nan,Will the highest temperature in Hong Kong be 27°C on May 23?,interior,27.0,28.0,interior,30.3,,2026-05-23|27.0|28.0,0.0,0.0,event_day_open,28.6,30.12500507567546,1.4469193357046009,0.05556964160767511,weather_plus_market_training,0.0030879850684054563,0.05717332859459368
2026-05-23,nan,Will the highest temperature in Hong Kong be 28°C on May 23?,interior,28.0,29.0,interior,30.3,,2026-05-23|28.0|29.0,0.0,0.0,event_day_open,28.6,30.12500507567546,1.4469193357046009,0.14746167021480733,weather_plus_market_training,0.021744944182540596,0.15953710921034925
2026-05-23,nan,Will the highest temperature in Hong Kong be 29°C on May 23?,interior,29.0,30.0,interior,30.3,,2026-05-23|29.0|30.0,0.0,0.0,event_day_open,28.6,30.12500507567546,1.4469193357046009,0.24714986558628127,weather_plus_market_training,0.061083056059316895,0.28388909567326037
2026-05-23,nan,Will the highest temperature in Hong Kong be 30°C on May 23?,interior,30.0,31.0,interior,30.3,,2026-05-23|30.0|31.0,1.0,1.0,event_day_open,28.6,30.12500507567546,1.4469193357046009,0.2617440268799527,weather_plus_market_training,0.5450218818474281,1.3403882494347439
2026-05-23,nan,Will the highest temperature in Hong Kong be 31°C on May 23?,interior,31.0,32.0,interior,30.3,,2026-05-23|31.0|32.0,0.0,0.0,event_day_open,28.6,30.12500507567546,1.4469193357046009,0.175166296915366,weather_plus_market_training,0.03068323157504216,0.19257348498445134
2026-05-23,nan,Will the highest temperature in Hong Kong be 32°C on May 23?,interior,32.0,33.0,interior,30.3,,2026-05-23|32.0|33.0,0.0,0.0,event_day_open,28.6,30.12500507567546,1.4469193357046009,0.07405055520676662,weather_plus_market_training,0.005483484726430391,0.07693564108202038
2026-05-23,nan,Will the highest temperature in Hong Kong be 33°C or higher on May 23?,upper_tail,33.0,inf,upper_tail,30.3,,2026-05-23|33.0|inf,0.0,0.0,event_day_open,28.6,30.12500507567546,1.4469193357046009,0.023462492629284126,weather_plus_market_training,0.0005504885603792119,0.023742119397195383
2026-05-24,nan,Will the highest temperature in Hong Kong be 22°C or below on May 24?,lower_tail,-inf,23.0,lower_tail,31.5,,2026-05-24|-inf|23.0,0.0,0.0,12h_prior,29.7,31.15478741317697,1.5561560628462658,8.014034977831274e-08,weather_plus_market_training,6.42247566259031e-15,8.014035301198825e-08
2026-05-24,nan,Will the highest temperature in Hong Kong be 23°C on May 24?,interior,23.0,24.0,interior,31.5,,2026-05-24|23.0|24.0,0.0,0.0,12h_prior,29.7,31.15478741317697,1.5561560628462658,2.0554415133882824e-06,weather_plus_market_training,4.224839814959913e-12,2.05544362586053e-06
2026-05-24,nan,Will the highest temperature in Hong Kong be 24°C on May 24?,interior,24.0,25.0,interior,31.5,,2026-05-24|24.0|25.0,0.0,0.0,12h_prior,29.7,31.15478741317697,1.5561560628462658,3.611218690666056e-05,weather_plus_market_training,1.3040900431815864e-09,3.6112838967409246e-05
2026-05-24,nan,Will the highest temperature in Hong Kong be 25°C on May 24?,interior,25.0,26.0,interior,31.5,,2026-05-24|25.0|26.0,0.0,0.0,12h_prior,29.7,31.15478741317697,1.5561560628462658,0.00042406113616352256,weather_plus_market_training,1.798278472042976e-07,0.0004241510755145792
2026-05-24,nan,Will the highest temperature in Hong Kong be 26°C on May 24?,interior,26.0,27.0,interior,31.5,,2026-05-24|26.0|27.0,0.0,0.0,12h_prior,29.7,31.15478741317697,1.5561560628462658,0.0033313370640913613,weather_plus_market_training,1.1097806634588851e-05,0.003336898321792822
2026-05-24,nan,Will the highest temperature in Hong Kong be 27°C on May 24?,interior,27.0,28.0,interior,31.5,,2026-05-24|27.0|28.0,0.0,0.0,12h_prior,29.7,31.15478741317697,1.5561560628462658,0.01752248005416108,weather_plus_market_training,0.00030703730724847283,0.01767781596273303
2026-05-24,nan,Will the highest temperature in Hong Kong be 28°C on May 24?,interior,28.0,29.0,interior,31.5,,2026-05-24|28.0|29.0,0.0,0.0,12h_prior,29.7,31.15478741317697,1.5561560628462658,0.06175813477816182,weather_plus_market_training,0.0038140672112776004,0.0637475111651704
2026-05-24,nan,Will the highest temperature in Hong Kong be 29°C on May 24?,interior,29.0,30.0,interior,31.5,,2026-05-24|29.0|30.0,0.0,0.0,12h_prior,29.7,31.15478741317697,1.5561560628462658,0.14594612205752056,weather_plus_market_training,0.021300270543628687,0.1577609982579698
2026-05-24,nan,Will the highest temperature in Hong Kong be 30°C on May 24?,interior,30.0,31.0,interior,31.5,,2026-05-24|30.0|31.0,0.0,0.0,12h_prior,29.7,31.15478741317697,1.5561560628462658,0.231363045369261,weather_plus_market_training,0.053528858762538725,0.26313652156129475
2026-05-24,nan,Will the highest temperature in Hong Kong be 31°C on May 24?,interior,31.0,32.0,interior,31.5,,2026-05-24|31.0|32.0,1.0,1.0,12h_prior,29.7,31.15478741317697,1.5561560628462658,0.24610030350434087,weather_plus_market_training,0.568364752376247,1.4020160883297277
2026-05-24,nan,Will the highest temperature in Hong Kong be 32°C or higher on May 24?,upper_tail,32.0,inf,upper_tail,31.5,,2026-05-24|32.0|inf,0.0,0.0,12h_prior,29.7,31.15478741317697,1.5561560628462658,0.29351626826752997,weather_plus_market_training,0.08615179973769661,0.34745510368676086
2026-05-24,nan,Will the highest temperature in Hong Kong be 22°C or below on May 24?,lower_tail,-inf,23.0,lower_tail,31.5,,2026-05-24|-inf|23.0,0.0,0.0,24h_prior,29.6,31.059093525048358,1.5743944077359435,1.5369972449967936e-07,weather_plus_market_training,2.3623605311277334e-14,1.5369973631510168e-07
2026-05-24,nan,Will the highest temperature in Hong Kong be 23°C on May 24?,interior,23.0,24.0,interior,31.5,,2026-05-24|23.0|24.0,0.0,0.0,24h_prior,29.6,31.059093525048358,1.5743944077359435,3.5144933477702766e-06,weather_plus_market_training,1.2351663491521527e-11,3.5144995236355204e-06
2026-05-24,nan,Will the highest temperature in Hong Kong be 24°C on May 24?,interior,24.0,25.0,interior,31.5,,2026-05-24|24.0|25.0,0.0,0.0,24h_prior,29.6,31.059093525048358,1.5743944077359435,5.574781056878296e-05,weather_plus_market_training,3.107818383212909e-09,5.574936453577454e-05
2026-05-24,nan,Will the highest temperature in Hong Kong be 25°C on May 24?,interior,25.0,26.0,interior,31.5,,2026-05-24|25.0|26.0,0.0,0.0,24h_prior,29.6,31.059093525048358,1.5743944077359435,0.0005965463006295284,weather_plus_market_training,3.558674887947757e-07,0.0005967243051694367
2026-05-24,nan,Will the highest temperature in Hong Kong be 26°C on May 24?,interior,26.0,27.0,interior,31.5,,2026-05-24|26.0|27.0,0.0,0.0,24h_prior,29.6,31.059093525048358,1.5743944077359435,0.00430995505299052,weather_plus_market_training,1.8575712558798513e-05,0.004319269682661394
2026-05-24,nan,Will the highest temperature in Hong Kong be 27°C on May 24?,interior,27.0,28.0,interior,31.5,,2026-05-24|27.0|28.0,0.0,0.0,24h_prior,29.6,31.059093525048358,1.5743944077359435,0.021040427798408458,weather_plus_market_training,0.0004426996019400394,0.021264932297555408
2026-05-24,nan,Will the highest temperature in Hong Kong be 28°C on May 24?,interior,28.0,29.0,interior,31.5,,2026-05-24|28.0|29.0,0.0,0.0,24h_prior,29.6,31.059093525048358,1.5743944077359435,0.06945340194171502,weather_plus_market_training,0.004823775041277424,0.0719831256386353
2026-05-24,nan,Will the highest temperature in Hong Kong be 29°C on May 24?,interior,29.0,30.0,interior,31.5,,2026-05-24|29.0|30.0,0.0,0.0,24h_prior,29.6,31.059093525048358,1.5743944077359435,0.1551096586300807,weather_plus_market_training,0.024059006200340165,0.16854843357299856
2026-05-24,nan,Will the highest temperature in Hong Kong be 30°C on May 24?,interior,30.0,31.0,interior,31.5,,2026-05-24|30.0|31.0,0.0,0.0,24h_prior,29.6,31.059093525048358,1.5743944077359435,0.23446015785416113,weather_plus_market_training,0.054971565620998156,0.2671740180202074
2026-05-24,nan,Will the highest temperature in Hong Kong be 31°C on May 24?,interior,31.0,32.0,interior,31.5,,2026-05-24|31.0|32.0,1.0,1.0,24h_prior,29.6,31.059093525048358,1.5743944077359435,0.23992725802477766,weather_plus_market_training,0.577710573093733,1.4274194931451034
2026-05-24,nan,Will the highest temperature in Hong Kong be 32°C or higher on May 24?,upper_tail,32.0,inf,upper_tail,31.5,,2026-05-24|32.0|inf,0.0,0.0,24h_prior,29.6,31.059093525048358,1.5743944077359435,0.27504317839359593,weather_plus_market_training,0.07564874998085144,0.3216431823059753
2026-05-24,nan,Will the highest temperature in Hong Kong be 22°C or below on May 24?,lower_tail,-inf,23.0,lower_tail,31.5,,2026-05-24|-inf|23.0,0.0,0.0,6h_prior,30.1,31.56928327172804,1.5549431589740073,1.7840588830207903e-08,weather_plus_market_training,3.1828660980853903e-16,1.784058894321155e-08
2026-05-24,nan,Will the highest temperature in Hong Kong be 23°C on May 24?,interior,23.0,24.0,interior,31.5,,2026-05-24|23.0|24.0,0.0,0.0,6h_prior,30.1,31.56928327172804,1.5549431589740073,5.461562977362062e-07,weather_plus_market_training,2.9828670155691956e-13,5.461564468860888e-07
2026-05-24,nan,Will the highest temperature in Hong Kong be 24°C on May 24?,interior,24.0,25.0,interior,31.5,,2026-05-24|24.0|25.0,0.0,0.0,6h_prior,30.1,31.56928327172804,1.5549431589740073,1.13950427243903e-05,weather_plus_market_training,1.298469986906803e-10,1.1395107648397278e-05
2026-05-24,nan,Will the highest temperature in Hong Kong be 25°C on May 24?,interior,25.0,26.0,interior,31.5,,2026-05-24|25.0|26.0,0.0,0.0,6h_prior,30.1,31.56928327172804,1.5549431589740073,0.00015874759488545073,weather_plus_market_training,2.5200798881915184e-08,0.00015876019661855515
2026-05-24,nan,Will the highest temperature in Hong Kong be 26°C on May 24?,interior,26.0,27.0,interior,31.5,,2026-05-24|26.0|27.0,0.0,0.0,6h_prior,30.1,31.56928327172804,1.5549431589740073,0.0014780334071865897,weather_plus_market_training,2.184582752759599e-06,0.0014791267760528744
2026-05-24,nan,Will the highest temperature in Hong Kong be 27°C on May 24?,interior,27.0,28.0,interior,31.5,,2026-05-24|27.0|28.0,0.0,0.0,6h_prior,30.1,31.56928327172804,1.5549431589740073,0.009205136864701913,weather_plus_market_training,8.473454469789418e-05,0.009247765943051017
2026-05-24,nan,Will the highest temperature in Hong Kong be 28°C on May 24?,interior,28.0,29.0,interior,31.5,,2026-05-24|28.0|29.0,0.0,0.0,6h_prior,30.1,31.56928327172804,1.5549431589740073,0.038379506707797925,weather_plus_market_training,0.0014729865351339059,0.039135403768340155
2026-05-24,nan,Will the highest temperature in Hong Kong be 29°C on May 24?,interior,29.0,30.0,interior,31.5,,2026-05-24|29.0|30.0,0.0,0.0,6h_prior,30.1,31.56928327172804,1.5549431589740073,0.10720063955927084,weather_plus_market_training,0.011491977121916705,0.11339340370757703
2026-05-24,nan,Will the highest temperature in Hong Kong be 30°C on May 24?,interior,30.0,31.0,interior,31.5,,2026-05-24|30.0|31.0,0.0,0.0,6h_prior,30.1,31.56928327172804,1.5549431589740073,0.20070674732853488,weather_plus_market_training,0.04028319842320034,0.224027375932816
2026-05-24,nan,Will the highest temperature in Hong Kong be 31°C on May 24?,interior,31.0,32.0,interior,31.5,,2026-05-24|31.0|32.0,1.0,1.0,6h_prior,30.1,31.56928327172804,1.5549431589740073,0.2519685525486093,weather_plus_market_training,0.5595510463762227,1.3784509907315903
2026-05-24,nan,Will the highest temperature in Hong Kong be 32°C or higher on May 24?,upper_tail,32.0,inf,upper_tail,31.5,,2026-05-24|32.0|inf,0.0,0.0,6h_prior,30.1,31.56928327172804,1.5549431589740073,0.39089067694940216,weather_plus_market_training,0.15279552132596189,0.4957575149843082
2026-05-24,nan,Will the highest temperature in Hong Kong be 22°C or below on May 24?,lower_tail,-inf,23.0,lower_tail,31.5,,2026-05-24|-inf|23.0,0.0,0.0,event_day_open,29.9,31.416972134199742,1.4482361084256277,3.0887857133659242e-09,weather_plus_market_training,9.540597183093442e-18,3.088785676449105e-09
2026-05-24,nan,Will the highest temperature in Hong Kong be 23°C on May 24?,interior,23.0,24.0,interior,31.5,,2026-05-24|23.0|24.0,0.0,0.0,event_day_open,29.9,31.416972134199742,1.4482361084256277,1.485624722913393e-07,weather_plus_market_training,2.207080817331496e-14,1.4856248335949268e-07
2026-05-24,nan,Will the highest temperature in Hong Kong be 24°C on May 24?,interior,24.0,25.0,interior,31.5,,2026-05-24|24.0|25.0,0.0,0.0,event_day_open,29.9,31.416972134199742,1.4482361084256277,4.540637891028e-06,weather_plus_market_training,2.0617392457439205e-11,4.540648199742543e-06
2026-05-24,nan,Will the highest temperature in Hong Kong be 25°C on May 24?,interior,25.0,26.0,interior,31.5,,2026-05-24|25.0|26.0,0.0,0.0,event_day_open,29.9,31.416972134199742,1.4482361084256277,8.717410323727537e-05,weather_plus_market_training,7.599324275223143e-09,8.717790312030424e-05
2026-05-24,nan,Will the highest temperature in Hong Kong be 26°C on May 24?,interior,26.0,27.0,interior,31.5,,2026-05-24|26.0|27.0,0.0,0.0,event_day_open,29.9,31.416972134199742,1.4482361084256277,0.0010527298221929245,weather_plus_market_training,1.1082400785343464e-06,0.0010532843314319902
2026-05-24,nan,Will the highest temperature in Hong Kong be 27°C on May 24?,interior,27.0,28.0,interior,31.5,,2026-05-24|27.0|28.0,0.0,0.0,event_day_open,29.9,31.416972134199742,1.4482361084256277,0.008007594802521487,weather_plus_market_training,6.412157452136912e-05,0.008039827777500843
2026-05-24,nan,Will the highest temperature in Hong Kong be 28°C on May 24?,interior,28.0,29.0,interior,31.5,,2026-05-24|28.0|29.0,0.0,0.0,event_day_open,29.9,31.416972134199742,1.4482361084256277,0.038415663365437384,weather_plus_market_training,0.0014757631918066079,0.03917300419142675
2026-05-24,nan,Will the highest temperature in Hong Kong be 29°C on May 24?,interior,29.0,30.0,interior,31.5,,2026-05-24|29.0|30.0,0.0,0.0,event_day_open,29.9,31.416972134199742,1.4482361084256277,0.11636735003559276,weather_plus_market_training,0.01354136015430617,0.12371385705003123
2026-05-24,nan,Will the highest temperature in Hong Kong be 30°C on May 24?,interior,30.0,31.0,interior,31.5,,2026-05-24|30.0|31.0,0.0,0.0,event_day_open,29.9,31.416972134199742,1.4482361084256277,0.22276984288199975,weather_plus_market_training,0.049626402897670854,0.252018759969674
2026-05-24,nan,Will the highest temperature in Hong Kong be 31°C on May 24?,interior,31.0,32.0,interior,31.5,,2026-05-24|31.0|32.0,1.0,1.0,event_day_open,29.9,31.416972134199742,1.4482361084256277,0.269665571249666,weather_plus_market_training,0.5333883778180766,1.3105727127149647
2026-05-24,nan,Will the highest temperature in Hong Kong be 32°C or higher on May 24?,upper_tail,32.0,inf,upper_tail,31.5,,2026-05-24|32.0|inf,0.0,0.0,event_day_open,29.9,31.416972134199742,1.4482361084256277,0.3436293814502034,weather_plus_market_training,0.11808115179584938,0.4210296822704699
2026-05-25,nan,Will the highest temperature in Hong Kong be 23°C or below on May 25?,lower_tail,-inf,24.0,lower_tail,32.0,,2026-05-25|-inf|24.0,0.0,0.0,12h_prior,29.8,31.260057315142657,1.556384235424347,1.5453777494200529e-06,weather_plus_market_training,2.3881923884025876e-12,1.5453789435319532e-06
2026-05-25,nan,Will the highest temperature in Hong Kong be 24°C on May 25?,interior,24.0,25.0,interior,32.0,,2026-05-25|24.0|25.0,0.0,0.0,12h_prior,29.8,31.260057315142657,1.556384235424347,2.7285622372537323e-05,weather_plus_market_training,7.445051882567093e-10,2.7285994631896102e-05
2026-05-25,nan,Will the highest temperature in Hong Kong be 25°C on May 25?,interior,25.0,26.0,interior,32.0,,2026-05-25|25.0|26.0,0.0,0.0,12h_prior,29.8,31.260057315142657,1.556384235424347,0.0003340401605642619,weather_plus_market_training,1.1158282886979786e-07,0.00033409596440619446
2026-05-25,nan,Will the highest temperature in Hong Kong be 26°C on May 25?,interior,26.0,27.0,interior,32.0,,2026-05-25|26.0|27.0,0.0,0.0,12h_prior,29.8,31.260057315142657,1.556384235424347,0.0027358289783997783,weather_plus_market_training,7.484760199051975e-06,0.00273957819821002
2026-05-25,nan,Will the highest temperature in Hong Kong be 27°C on May 25?,interior,27.0,28.0,interior,32.0,,2026-05-25|27.0|28.0,0.0,0.0,12h_prior,29.8,31.260057315142657,1.556384235424347,0.01500301350431892,weather_plus_market_training,0.0002250904142107759,0.015116697209975717
2026-05-25,nan,Will the highest temperature in Hong Kong be 28°C on May 25?,interior,28.0,29.0,interior,32.0,,2026-05-25|28.0|29.0,0.0,0.0,12h_prior,29.8,31.260057315142657,1.556384235424347,0.055132350159800544,weather_plus_market_training,0.003039576034142859,0.05671041437589662
2026-05-25,nan,Will the highest temperature in Hong Kong be 29°C on May 25?,interior,29.0,30.0,interior,32.0,,2026-05-25|29.0|30.0,0.0,0.0,12h_prior,29.8,31.260057315142657,1.556384235424347,0.1358493947982496,weather_plus_market_training,0.018455058067050684,0.1460082137924789
2026-05-25,nan,Will the highest temperature in Hong Kong be 30°C on May 25?,interior,30.0,31.0,interior,32.0,,2026-05-25|30.0|31.0,0.0,0.0,12h_prior,29.8,31.260057315142657,1.556384235424347,0.22456588723422316,weather_plus_market_training,0.05042983770929383,0.25433226094749506
2026-05-25,nan,Will the highest temperature in Hong Kong be 31°C on May 25?,interior,31.0,32.0,interior,32.0,,2026-05-25|31.0|32.0,0.0,0.0,12h_prior,29.8,31.260057315142657,1.556384235424347,0.249108319353798,weather_plus_market_training,0.06205495477127382,0.2864938711143919
2026-05-25,nan,Will the highest temperature in Hong Kong be 32°C on May 25?,interior,32.0,33.0,interior,32.0,,2026-05-25|32.0|33.0,1.0,1.0,12h_prior,29.8,31.260057315142657,1.556384235424347,0.18544581808098815,weather_plus_market_training,0.6634985152817506,1.684992525416793
2026-05-25,nan,Will the highest temperature in Hong Kong be 33°C or higher on May 25?,upper_tail,33.0,inf,upper_tail,32.0,,2026-05-25|33.0|inf,0.0,0.0,12h_prior,29.8,31.260057315142657,1.556384235424347,0.13179651672953563,weather_plus_market_training,0.017370321822038765,0.14132916406472398
2026-05-25,nan,Will the highest temperature in Hong Kong be 23°C or below on May 25?,lower_tail,-inf,24.0,lower_tail,32.0,,2026-05-25|-inf|24.0,0.0,0.0,24h_prior,29.7,31.159721196115683,1.5743953708744811,2.7130503884532363e-06,weather_plus_market_training,7.360642410286256e-12,2.713054068786566e-06
2026-05-25,nan,Will the highest temperature in Hong Kong be 24°C on May 25?,interior,24.0,25.0,interior,32.0,,2026-05-25|24.0|25.0,0.0,0.0,24h_prior,29.7,31.159721196115683,1.5743953708744811,4.297182001799469e-05,weather_plus_market_training,1.846577315658929e-09,4.297274333310965e-05
2026-05-25,nan,Will the highest temperature in Hong Kong be 25°C on May 25?,interior,25.0,26.0,interior,32.0,,2026-05-25|25.0|26.0,0.0,0.0,24h_prior,29.7,31.159721196115683,1.5743953708744811,0.0004783926399547127,weather_plus_market_training,2.288595179628394e-07,0.00047850710622173364
2026-05-25,nan,Will the highest temperature in Hong Kong be 26°C on May 25?,interior,26.0,27.0,interior,32.0,,2026-05-25|26.0|27.0,0.0,0.0,24h_prior,29.7,31.159721196115683,1.5743953708744811,0.003595522306360269,weather_plus_market_training,1.2927780655534269e-05,0.0036020017326317162
2026-05-25,nan,Will the highest temperature in Hong Kong be 27°C on May 25?,interior,27.0,28.0,interior,32.0,,2026-05-25|27.0|28.0,0.0,0.0,24h_prior,29.7,31.159721196115683,1.5743953708744811,0.018258285842503726,weather_plus_market_training,0.000333365001906572,0.01842702542976767
2026-05-25,nan,Will the highest temperature in Hong Kong be 28°C on May 25?,interior,28.0,29.0,interior,32.0,,2026-05-25|28.0|29.0,0.0,0.0,24h_prior,29.7,31.159721196115683,1.5743953708744811,0.06268836730897348,weather_plus_market_training,0.003929831395864775,0.06473946645530104
2026-05-25,nan,Will the highest temperature in Hong Kong be 29°C on May 25?,interior,29.0,30.0,interior,32.0,,2026-05-25|29.0|30.0,0.0,0.0,24h_prior,29.7,31.159721196115683,1.5743953708744811,0.14561239829201628,weather_plus_market_training,0.021202970536352783,0.15737032199106352
2026-05-25,nan,Will the highest temperature in Hong Kong be 30°C on May 25?,interior,30.0,31.0,interior,32.0,,2026-05-25|30.0|31.0,0.0,0.0,24h_prior,29.7,31.159721196115683,1.5743953708744811,0.22891827830494998,weather_plus_market_training,0.05240357814210254,0.25996091661941145
2026-05-25,nan,Will the highest temperature in Hong Kong be 31°C on May 25?,interior,31.0,32.0,interior,32.0,,2026-05-25|31.0|32.0,0.0,0.0,24h_prior,29.7,31.159721196115683,1.5743953708744811,0.24363378880380931,weather_plus_market_training,0.05935742304689916,0.27922961374531485
2026-05-25,nan,Will the highest temperature in Hong Kong be 32°C on May 25?,interior,32.0,33.0,interior,32.0,,2026-05-25|32.0|33.0,1.0,1.0,24h_prior,29.7,31.159721196115683,1.5743953708744811,0.17554323185802023,weather_plus_market_training,0.6797289625351182,1.7398699310384582
2026-05-25,nan,Will the highest temperature in Hong Kong be 33°C or higher on May 25?,upper_tail,33.0,inf,upper_tail,32.0,,2026-05-25|33.0|inf,0.0,0.0,24h_prior,29.7,31.159721196115683,1.5743953708744811,0.12122604977300555,weather_plus_market_training,0.014695755143567218,0.12922758134731066
2026-05-25,nan,Will the highest temperature in Hong Kong be 23°C or below on May 25?,lower_tail,-inf,24.0,lower_tail,32.0,,2026-05-25|-inf|24.0,0.0,0.0,6h_prior,30.0,31.47455162747644,1.554905163296726,7.657582289831092e-07,weather_plus_market_training,5.863856652553479e-13,7.657585221307452e-07
2026-05-25,nan,Will the highest temperature in Hong Kong be 24°C on May 25?,interior,24.0,25.0,interior,32.0,,2026-05-25|24.0|25.0,0.0,0.0,6h_prior,30.0,31.47455162747644,1.554905163296726,1.487348544718266e-05,weather_plus_market_training,2.2122056934755438e-10,1.4873596058534737e-05
2026-05-25,nan,Will the highest temperature in Hong Kong be 25°C on May 25?,interior,25.0,26.0,interior,32.0,,2026-05-25|25.0|26.0,0.0,0.0,6h_prior,30.0,31.47455162747644,1.554905163296726,0.00019946258872290232,weather_plus_market_training,3.978532430004168e-08,0.00019948248403071662
2026-05-25,nan,Will the highest temperature in Hong Kong be 26°C on May 25?,interior,26.0,27.0,interior,32.0,,2026-05-25|26.0|27.0,0.0,0.0,6h_prior,30.0,31.47455162747644,1.554905163296726,0.001787823386294296,weather_plus_market_training,3.196312460580804e-06,0.0017894234498963483
2026-05-25,nan,Will the highest temperature in Hong Kong be 27°C on May 25?,interior,27.0,28.0,interior,32.0,,2026-05-25|27.0|28.0,0.0,0.0,6h_prior,30.0,31.47455162747644,1.554905163296726,0.010719718808394419,weather_plus_market_training,0.00011491237133104506,0.01077758893327499
2026-05-25,nan,Will the highest temperature in Hong Kong be 28°C on May 25?,interior,28.0,29.0,interior,32.0,,2026-05-25|28.0|29.0,0.0,0.0,6h_prior,30.0,31.47455162747644,1.554905163296726,0.0430316843976755,weather_plus_market_training,0.0018517258621011487,0.04398499612081419
2026-05-25,nan,Will the highest temperature in Hong Kong be 29°C on May 25?,interior,29.0,30.0,interior,32.0,,2026-05-25|29.0|30.0,0.0,0.0,6h_prior,30.0,31.47455162747644,1.554905163296726,0.11572830912243762,weather_plus_market_training,0.013393041532338478,0.12299092094288532
2026-05-25,nan,Will the highest temperature in Hong Kong be 30°C on May 25?,interior,30.0,31.0,interior,32.0,,2026-05-25|30.0|31.0,0.0,0.0,6h_prior,30.0,31.47455162747644,1.554905163296726,0.20862560803374752,weather_plus_market_training,0.04352464432745086,0.23398410844383744
2026-05-25,nan,Will the highest temperature in Hong Kong be 31°C on May 25?,interior,31.0,32.0,interior,32.0,,2026-05-25|31.0|32.0,0.0,0.0,6h_prior,30.0,31.47455162747644,1.554905163296726,0.25218360800641654,weather_plus_market_training,0.06359657214713396,0.29059779638840505
2026-05-25,nan,Will the highest temperature in Hong Kong be 32°C on May 25?,interior,32.0,33.0,interior,32.0,,2026-05-25|32.0|33.0,1.0,1.0,6h_prior,30.0,31.47455162747644,1.554905163296726,0.20442547722414006,weather_plus_market_training,0.6329388212900373,1.5875517844662814
2026-05-25,nan,Will the highest temperature in Hong Kong be 33°C or higher on May 25?,upper_tail,33.0,inf,upper_tail,32.0,,2026-05-25|33.0|inf,0.0,0.0,6h_prior,30.0,31.47455162747644,1.554905163296726,0.163282669188495,weather_plus_market_training,0.02666123005731949,0.17826898260299545
2026-05-25,nan,Will the highest temperature in Hong Kong be 23°C or below on May 25?,lower_tail,-inf,24.0,lower_tail,32.0,,2026-05-25|-inf|24.0,0.0,0.0,event_day_open,30.1,31.61733704307287,1.4485147608149245,7.252983103503024e-08,weather_plus_market_training,5.260576389970035e-15,7.252983366029876e-08
2026-05-25,nan,Will the highest temperature in Hong Kong be 24°C on May 25?,interior,24.0,25.0,interior,32.0,,2026-05-25|24.0|25.0,0.0,0.0,event_day_open,30.1,31.61733704307287,1.4485147608149245,2.3852450982192138e-06,weather_plus_market_training,5.689394178578787e-12,2.385247942914753e-06
2026-05-25,nan,Will the highest temperature in Hong Kong be 25°C on May 25?,interior,25.0,26.0,interior,32.0,,2026-05-25|25.0|26.0,0.0,0.0,event_day_open,30.1,31.61733704307287,1.4485147608149245,5.0202061725578836e-05,weather_plus_market_training,2.5202470014988274e-09,5.0203321891244494e-05
2026-05-25,nan,Will the highest temperature in Hong Kong be 26°C on May 25?,interior,26.0,27.0,interior,32.0,,2026-05-25|26.0|27.0,0.0,0.0,event_day_open,30.1,31.61733704307287,1.4485147608149245,0.0006645463771176521,weather_plus_market_training,4.416218873401967e-07,0.0006647672859361871
2026-05-25,nan,Will the highest temperature in Hong Kong be 27°C on May 25?,interior,27.0,28.0,interior,32.0,,2026-05-25|27.0|28.0,0.0,0.0,event_day_open,30.1,31.61733704307287,1.4485147608149245,0.005540419102281564,weather_plus_market_training,3.069624382892645e-05,0.00555582415082835
2026-05-25,nan,Will the highest temperature in Hong Kong be 28°C on May 25?,interior,28.0,29.0,interior,32.0,,2026-05-25|28.0|29.0,0.0,0.0,event_day_open,30.1,31.61733704307287,1.4485147608149245,0.029130464663875224,weather_plus_market_training,0.000848583971533283,0.02956318085492203
2026-05-25,nan,Will the highest temperature in Hong Kong be 29°C on May 25?,interior,29.0,30.0,interior,32.0,,2026-05-25|29.0|30.0,0.0,0.0,event_day_open,30.1,31.61733704307287,1.4485147608149245,0.09670561220900657,weather_plus_market_training,0.00935197543271876,0.10170676785240026
2026-05-25,nan,Will the highest temperature in Hong Kong be 30°C on May 25?,interior,30.0,31.0,interior,32.0,,2026-05-25|30.0|31.0,0.0,0.0,event_day_open,30.1,31.61733704307287,1.4485147608149245,0.2028923735506667,weather_plus_market_training,0.04116531524502327,0.2267655698492888
2026-05-25,nan,Will the highest temperature in Hong Kong be 31°C on May 25?,interior,31.0,32.0,interior,32.0,,2026-05-25|31.0|32.0,0.0,0.0,event_day_open,30.1,31.61733704307287,1.4485147608149245,0.2691918047893201,weather_plus_market_training,0.07246422776573141,0.31360424051450647
2026-05-25,nan,Will the highest temperature in Hong Kong be 32°C on May 25?,interior,32.0,33.0,interior,32.0,,2026-05-25|32.0|33.0,1.0,1.0,event_day_open,30.1,31.61733704307287,1.4485147608149245,0.22591652787800376,weather_plus_market_training,0.5992052218124453,1.4875896936073134
2026-05-25,nan,Will the highest temperature in Hong Kong be 33°C or higher on May 25?,upper_tail,33.0,inf,upper_tail,32.0,,2026-05-25|33.0|inf,0.0,0.0,event_day_open,30.1,31.61733704307287,1.4485147608149245,0.1699055915930736,weather_plus_market_training,0.028867910054592327,0.18621583959138724
2026-05-26,nan,Will the highest temperature in Hong Kong be 23°C or below on May 26?,lower_tail,-inf,24.0,lower_tail,32.0,,2026-05-26|-inf|24.0,0.0,0.0,12h_prior,30.3,31.76619588466199,1.5570799641871975,3.055644108288314e-07,weather_plus_market_training,9.336960916517084e-14,3.055644574589314e-07
2026-05-26,nan,Will the highest temperature in Hong Kong be 24°C on May 26?,interior,24.0,25.0,interior,32.0,,2026-05-26|24.0|25.0,0.0,0.0,12h_prior,30.3,31.76619588466199,1.5570799641871975,6.644307775829811e-06,weather_plus_market_training,4.414682581995249e-11,6.644329849371133e-06
2026-05-26,nan,Will the highest temperature in Hong Kong be 25°C on May 26?,interior,25.0,26.0,interior,32.0,,2026-05-26|25.0|26.0,0.0,0.0,12h_prior,30.3,31.76619588466199,1.5570799641871975,9.949390170677512e-05,weather_plus_market_training,9.899036476837429e-09,9.949885155338721e-05
2026-05-26,nan,Will the highest temperature in Hong Kong be 26°C on May 26?,interior,26.0,27.0,interior,32.0,,2026-05-26|26.0|27.0,0.0,0.0,12h_prior,30.3,31.76619588466199,1.5570799641871975,0.0009966129418763237,weather_plus_market_training,9.932373559153806e-07,0.0009971098907588815
2026-05-26,nan,Will the highest temperature in Hong Kong be 27°C on May 26?,interior,27.0,28.0,interior,32.0,,2026-05-26|27.0|28.0,0.0,0.0,12h_prior,30.3,31.76619588466199,1.5570799641871975,0.006683793217796994,weather_plus_market_training,4.46730917782691e-05,0.006706229793859389
2026-05-26,nan,Will the highest temperature in Hong Kong be 28°C on May 26?,interior,28.0,29.0,interior,32.0,,2026-05-26|28.0|29.0,0.0,0.0,12h_prior,30.3,31.76619588466199,1.5570799641871975,0.030036129876051608,weather_plus_market_training,0.00090216909793104,0.03049645547330486
2026-05-26,nan,Will the highest temperature in Hong Kong be 29°C on May 26?,interior,29.0,30.0,interior,32.0,,2026-05-26|29.0|30.0,0.0,0.0,12h_prior,30.3,31.76619588466199,1.5570799641871975,0.09051137383436503,weather_plus_market_training,0.008192308793384178,0.09487278669244155
2026-05-26,nan,Will the highest temperature in Hong Kong be 30°C on May 26?,interior,30.0,31.0,interior,32.0,,2026-05-26|30.0|31.0,0.0,0.0,12h_prior,30.3,31.76619588466199,1.5570799641871975,0.18299977090869535,weather_plus_market_training,0.03348891615263498,0.20211590371665983
2026-05-26,nan,Will the highest temperature in Hong Kong be 31°C on May 26?,interior,31.0,32.0,interior,32.0,,2026-05-26|31.0|32.0,0.0,0.0,12h_prior,30.3,31.76619588466199,1.5570799641871975,0.24834490731430947,weather_plus_market_training,0.061675192988952965,0.2854777135894109
2026-05-26,nan,Will the highest temperature in Hong Kong be 32°C on May 26?,interior,32.0,33.0,interior,32.0,,2026-05-26|32.0|33.0,1.0,1.0,12h_prior,30.3,31.76619588466199,1.5570799641871975,0.2262523527446495,weather_plus_market_training,0.5986854216331903,1.4861042975847905
2026-05-26,nan,Will the highest temperature in Hong Kong be 33°C or higher on May 26?,upper_tail,33.0,inf,upper_tail,32.0,,2026-05-26|33.0|inf,0.0,0.0,12h_prior,30.3,31.76619588466199,1.5570799641871975,0.2140686153883623,weather_plus_market_training,0.045825372094290585,0.2408857872952881
2026-05-26,nan,Will the highest temperature in Hong Kong be 23°C or below on May 26?,lower_tail,-inf,24.0,lower_tail,32.0,,2026-05-26|-inf|24.0,0.0,0.0,24h_prior,30.1,31.560475312671883,1.574398639953435,7.849127280134488e-07,weather_plus_market_training,6.160879905975142e-13,7.849130360798703e-07
2026-05-26,nan,Will the highest temperature in Hong Kong be 24°C on May 26?,interior,24.0,25.0,interior,32.0,,2026-05-26|24.0|25.0,0.0,0.0,24h_prior,30.1,31.560475312671883,1.574398639953435,1.4648695693043813e-05,weather_plus_market_training,2.1458428550740035e-10,1.4648802986199752e-05
2026-05-26,nan,Will the highest temperature in Hong Kong be 25°C on May 26?,interior,25.0,26.0,interior,32.0,,2026-05-26|25.0|26.0,0.0,0.0,24h_prior,30.1,31.560475312671883,1.574398639953435,0.00019093005158890246,weather_plus_market_training,3.645428459974096e-08,0.00019094828105158283
2026-05-26,nan,Will the highest temperature in Hong Kong be 26°C on May 26?,interior,26.0,27.0,interior,32.0,,2026-05-26|26.0|27.0,0.0,0.0,24h_prior,30.1,31.560475312671883,1.574398639953435,0.0016795126090739252,weather_plus_market_training,2.8207626040383033e-06,0.00168092457153661
2026-05-26,nan,Will the highest temperature in Hong Kong be 27°C on May 26?,interior,27.0,28.0,interior,32.0,,2026-05-26|27.0|28.0,0.0,0.0,24h_prior,30.1,31.560475312671883,1.574398639953435,0.009978814622402792,weather_plus_market_training,9.957674126827977e-05,0.010028936711154417
2026-05-26,nan,Will the highest temperature in Hong Kong be 28°C on May 26?,interior,28.0,29.0,interior,32.0,,2026-05-26|28.0|29.0,0.0,0.0,24h_prior,30.1,31.560475312671883,1.574398639953435,0.04007615491888433,weather_plus_market_training,0.0016060981930824168,0.04090132570739512
2026-05-26,nan,Will the highest temperature in Hong Kong be 29°C on May 26?,interior,29.0,30.0,interior,32.0,,2026-05-26|29.0|30.0,0.0,0.0,24h_prior,30.1,31.560475312671883,1.574398639953435,0.10886375866916526,weather_plus_market_training,0.011851317951578254,0.11525795486073444
2026-05-26,nan,Will the highest temperature in Hong Kong be 30°C on May 26?,interior,30.0,31.0,interior,32.0,,2026-05-26|30.0|31.0,0.0,0.0,24h_prior,30.1,31.560475312671883,1.574398639953435,0.20011819990995483,weather_plus_market_training,0.040047293935200644,0.22329131211774317
2026-05-26,nan,Will the highest temperature in Hong Kong be 31°C on May 26?,interior,31.0,32.0,interior,32.0,,2026-05-26|31.0|32.0,0.0,0.0,24h_prior,30.1,31.560475312671883,1.574398639953435,0.24901996887187183,weather_plus_market_training,0.062010944896948014,0.2863762172810646
2026-05-26,nan,Will the highest temperature in Hong Kong be 32°C on May 26?,interior,32.0,33.0,interior,32.0,,2026-05-26|32.0|33.0,1.0,1.0,24h_prior,30.1,31.560475312671883,1.574398639953435,0.20978628823767642,weather_plus_market_training,0.6244377102571886,1.5616659415062055
2026-05-26,nan,Will the highest temperature in Hong Kong be 33°C or higher on May 26?,upper_tail,33.0,inf,upper_tail,32.0,,2026-05-26|33.0|inf,0.0,0.0,24h_prior,30.1,31.560475312671883,1.574398639953435,0.18027093850096065,weather_plus_market_training,0.03249761126801714,0.19878140612822603
2026-05-26,nan,Will the highest temperature in Hong Kong be 23°C or below on May 26?,lower_tail,-inf,24.0,lower_tail,32.0,,2026-05-26|-inf|24.0,0.0,0.0,6h_prior,30.1,31.57935983929171,1.5551446701502143,5.475449657556379e-07,weather_plus_market_training,2.998054895243427e-13,5.475451156038851e-07
2026-05-26,nan,Will the highest temperature in Hong Kong be 24°C on May 26?,interior,24.0,25.0,interior,32.0,,2026-05-26|24.0|25.0,0.0,0.0,6h_prior,30.1,31.57935983929171,1.5551446701502143,1.1100406075054012e-05,weather_plus_market_training,1.2321901503109602e-10,1.1100467685067544e-05
2026-05-26,nan,Will the highest temperature in Hong Kong be 25°C on May 26?,interior,25.0,26.0,interior,32.0,,2026-05-26|25.0|26.0,0.0,0.0,6h_prior,30.1,31.57935983929171,1.5551446701502143,0.0001551694039406707,weather_plus_market_training,2.4077543919303035e-08,0.0001551814439581399
2026-05-26,nan,Will the highest temperature in Hong Kong be 26°C on May 26?,interior,26.0,27.0,interior,32.0,,2026-05-26|26.0|27.0,0.0,0.0,6h_prior,30.1,31.57935983929171,1.5551446701502143,0.0014497731799637328,weather_plus_market_training,2.101842273342154e-06,0.0014508251179376614
2026-05-26,nan,Will the highest temperature in Hong Kong be 27°C on May 26?,interior,27.0,28.0,interior,32.0,,2026-05-26|27.0|28.0,0.0,0.0,6h_prior,30.1,31.57935983929171,1.5551446701502143,0.009061574205136879,weather_plus_market_training,8.211212707520206e-05,0.009102879988298049
2026-05-26,nan,Will the highest temperature in Hong Kong be 28°C on May 26?,interior,28.0,29.0,interior,32.0,,2026-05-26|28.0|29.0,0.0,0.0,6h_prior,30.1,31.57935983929171,1.5551446701502143,0.03792024781944043,weather_plus_market_training,0.0014379451946877767,0.038657929278056696
2026-05-26,nan,Will the highest temperature in Hong Kong be 29°C on May 26?,interior,29.0,30.0,interior,32.0,,2026-05-26|29.0|30.0,0.0,0.0,6h_prior,30.1,31.57935983929171,1.5551446701502143,0.10631844591196582,weather_plus_market_training,0.011303611941135602,0.11240577074509811
2026-05-26,nan,Will the highest temperature in Hong Kong be 30°C on May 26?,interior,30.0,31.0,interior,32.0,,2026-05-26|30.0|31.0,0.0,0.0,6h_prior,30.1,31.57935983929171,1.5551446701502143,0.19982706516503929,weather_plus_market_training,0.03993085597247286,0.222927406131562
2026-05-26,nan,Will the highest temperature in Hong Kong be 31°C on May 26?,interior,31.0,32.0,interior,32.0,,2026-05-26|31.0|32.0,0.0,0.0,6h_prior,30.1,31.57935983929171,1.5551446701502143,0.2518617208228868,weather_plus_market_training,0.06343432641586579,0.29016745288308277
2026-05-26,nan,Will the highest temperature in Hong Kong be 32°C on May 26?,interior,32.0,33.0,interior,32.0,,2026-05-26|32.0|33.0,1.0,1.0,6h_prior,30.1,31.57935983929171,1.5551446701502143,0.2129071592811519,weather_plus_market_training,0.619515139910866,1.5468990802119638
2026-05-26,nan,Will the highest temperature in Hong Kong be 33°C or higher on May 26?,upper_tail,33.0,inf,upper_tail,32.0,,2026-05-26|33.0|inf,0.0,0.0,6h_prior,30.1,31.57935983929171,1.5551446701502143,0.18048719625943366,weather_plus_market_training,0.032575628013591325,0.1990452570758054
2026-05-26,nan,Will the highest temperature in Hong Kong be 23°C or below on May 26?,lower_tail,-inf,24.0,lower_tail,32.0,,2026-05-26|-inf|24.0,0.0,0.0,event_day_open,30.3,31.817230336048222,1.4487813649453698,3.4123113032941045e-08,weather_plus_market_training,1.164386843058871e-15,3.4123113584076075e-08
2026-05-26,nan,Will the highest temperature in Hong Kong be 24°C on May 26?,interior,24.0,25.0,interior,32.0,,2026-05-26|24.0|25.0,0.0,0.0,event_day_open,30.3,31.817230336048222,1.4487813649453698,1.232143872770603e-06,weather_plus_market_training,1.51817852320614e-12,1.232144631910109e-06
2026-05-26,nan,Will the highest temperature in Hong Kong be 25°C on May 26?,interior,25.0,26.0,interior,32.0,,2026-05-26|25.0|26.0,0.0,0.0,event_day_open,30.3,31.817230336048222,1.4487813649453698,2.8424188198861942e-05,weather_plus_market_training,8.079344747643225e-10,2.8424592173709263e-05
2026-05-26,nan,Will the highest temperature in Hong Kong be 26°C on May 26?,interior,26.0,27.0,interior,32.0,,2026-05-26|26.0|27.0,0.0,0.0,event_day_open,30.3,31.817230336048222,1.4487813649453698,0.0004123668721230615,weather_plus_market_training,1.7004643722455734e-07,0.00041245191872277606
2026-05-26,nan,Will the highest temperature in Hong Kong be 27°C on May 26?,interior,27.0,28.0,interior,32.0,,2026-05-26|27.0|28.0,0.0,0.0,event_day_open,30.3,31.817230336048222,1.4487813649453698,0.0037674472161039283,weather_plus_market_training,1.419365852612924e-05,0.0037745619205039847
2026-05-26,nan,Will the highest temperature in Hong Kong be 28°C on May 26?,interior,28.0,29.0,interior,32.0,,2026-05-26|28.0|29.0,0.0,0.0,event_day_open,30.3,31.817230336048222,1.4487813649453698,0.021704971196350602,weather_plus_market_training,0.0004711057746344093,0.021943988995786663
2026-05-26,nan,Will the highest temperature in Hong Kong be 29°C on May 26?,interior,29.0,30.0,interior,32.0,,2026-05-26|29.0|30.0,0.0,0.0,event_day_open,30.3,31.817230336048222,1.4487813649453698,0.07894902311194006,weather_plus_market_training,0.006232948250329646,0.08223989476012078
2026-05-26,nan,Will the highest temperature in Hong Kong be 30°C on May 26?,interior,30.0,31.0,interior,32.0,,2026-05-26|30.0|31.0,0.0,0.0,event_day_open,30.3,31.817230336048222,1.4487813649453698,0.1814859359031477,weather_plus_market_training,0.03293714493064144,0.2002646995490494
2026-05-26,nan,Will the highest temperature in Hong Kong be 31°C on May 26?,interior,31.0,32.0,interior,32.0,,2026-05-26|31.0|32.0,0.0,0.0,event_day_open,30.3,31.817230336048222,1.4487813649453698,0.2638455809391315,weather_plus_market_training,0.0696144905811078,0.30631537375337275
2026-05-26,nan,Will the highest temperature in Hong Kong be 32°C on May 26?,interior,32.0,33.0,interior,32.0,,2026-05-26|32.0|33.0,1.0,1.0,event_day_open,30.3,31.817230336048222,1.4487813649453698,0.24266623884601468,weather_plus_market_training,0.5735544257836417,1.4160682824523072
2026-05-26,nan,Will the highest temperature in Hong Kong be 33°C or higher on May 26?,upper_tail,33.0,inf,upper_tail,32.0,,2026-05-26|33.0|inf,0.0,0.0,event_day_open,30.3,31.817230336048222,1.4487813649453698,0.20713874546000377,weather_plus_market_training,0.042906459870744235,0.23210703540411537
2026-05-27,nan,Will the highest temperature in Hong Kong be 24°C or below on May 27?,lower_tail,-inf,25.0,lower_tail,33.7,,2026-05-27|-inf|25.0,0.0,0.0,12h_prior,31.1,32.57054915046442,1.5582139423232697,5.914558463303499e-07,weather_plus_market_training,3.498200181583505e-13,5.914560212094604e-07
2026-05-27,nan,Will the highest temperature in Hong Kong be 25°C on May 27?,interior,25.0,26.0,interior,33.7,,2026-05-27|25.0|26.0,0.0,0.0,12h_prior,31.1,32.57054915046442,1.5582139423232697,1.1802713280450929e-05,weather_plus_market_training,1.3930404078053272e-10,1.1802782933063875e-05
2026-05-27,nan,Will the highest temperature in Hong Kong be 26°C on May 27?,interior,26.0,27.0,interior,33.7,,2026-05-27|26.0|27.0,0.0,0.0,12h_prior,31.1,32.57054915046442,1.5582139423232697,0.00016274799910236674,weather_plus_market_training,2.6486911211823964e-08,0.0001627612439949981
2026-05-27,nan,Will the highest temperature in Hong Kong be 27°C on May 27?,interior,27.0,28.0,interior,33.7,,2026-05-27|27.0|28.0,0.0,0.0,12h_prior,31.1,32.57054915046442,1.5582139423232697,0.0015023101596586589,weather_plus_market_training,2.256935815813625e-06,0.0015034397590473739
2026-05-27,nan,Will the highest temperature in Hong Kong be 28°C on May 27?,interior,28.0,29.0,interior,33.7,,2026-05-27|28.0|29.0,0.0,0.0,12h_prior,31.1,32.57054915046442,1.5582139423232697,0.009291622228147762,weather_plus_market_training,8.633424363060959e-05,0.00933505862238181
2026-05-27,nan,Will the highest temperature in Hong Kong be 29°C on May 27?,interior,29.0,30.0,interior,33.7,,2026-05-27|29.0|30.0,0.0,0.0,12h_prior,31.1,32.57054915046442,1.5582139423232697,0.03853547004994855,weather_plus_market_training,0.0014849824519704816,0.039297604961327046
2026-05-27,nan,Will the highest temperature in Hong Kong be 30°C on May 27?,interior,30.0,31.0,interior,33.7,,2026-05-27|30.0|31.0,0.0,0.0,12h_prior,31.1,32.57054915046442,1.5582139423232697,0.10724279074889045,weather_plus_market_training,0.011501016167610303,0.11344061720990217
2026-05-27,nan,Will the highest temperature in Hong Kong be 31°C on May 27?,interior,31.0,32.0,interior,33.7,,2026-05-27|31.0|32.0,0.0,0.0,12h_prior,31.1,32.57054915046442,1.5582139423232697,0.20037705692076957,weather_plus_market_training,0.04015096494022933,0.22361498357189807
2026-05-27,nan,Will the highest temperature in Hong Kong be 32°C on May 27?,interior,32.0,33.0,interior,33.7,,2026-05-27|32.0|33.0,0.0,0.0,12h_prior,31.1,32.57054915046442,1.5582139423232697,0.2514496997340165,weather_plus_market_training,0.06322695149632705,0.28961687595620894
2026-05-27,nan,Will the highest temperature in Hong Kong be 33°C on May 27?,interior,33.0,34.0,interior,33.7,,2026-05-27|33.0|34.0,1.0,1.0,12h_prior,31.1,32.57054915046442,1.5582139423232697,0.21195019051456843,weather_plus_market_training,0.621022502230025,1.5514039823182737
2026-05-27,nan,Will the highest temperature in Hong Kong be 34°C or higher on May 27?,upper_tail,34.0,inf,upper_tail,33.7,,2026-05-27|34.0|inf,0.0,0.0,12h_prior,31.1,32.57054915046442,1.5582139423232697,0.17947571747577096,weather_plus_market_training,0.03221153316344276,0.19781177410108586
2026-05-27,nan,Will the highest temperature in Hong Kong be 24°C or below on May 27?,lower_tail,-inf,25.0,lower_tail,33.7,,2026-05-27|-inf|25.0,0.0,0.0,24h_prior,30.8,32.26070741956556,1.5744058559116454,1.996823977629705e-06,weather_plus_market_training,3.9873059976369175e-12,1.996825971268125e-06
2026-05-27,nan,Will the highest temperature in Hong Kong be 25°C on May 27?,interior,25.0,26.0,interior,33.7,,2026-05-27|25.0|26.0,0.0,0.0,24h_prior,30.8,32.26070741956556,1.5744058559116454,3.296397129528304e-05,weather_plus_market_training,1.0866234035562444e-09,3.296451461890529e-05
2026-05-27,nan,Will the highest temperature in Hong Kong be 26°C on May 27?,interior,26.0,27.0,interior,33.7,,2026-05-27|26.0|27.0,0.0,0.0,24h_prior,30.8,32.26070741956556,1.5744058559116454,0.0003818361296000697,weather_plus_market_training,1.4579882986796123e-07,0.00038190904757741406
2026-05-27,nan,Will the highest temperature in Hong Kong be 27°C on May 27?,interior,27.0,28.0,interior,33.7,,2026-05-27|27.0|28.0,0.0,0.0,24h_prior,30.8,32.26070741956556,1.5744058559116454,0.002985777933728828,weather_plus_market_training,8.914869869541989e-06,0.0029902442611871045
2026-05-27,nan,Will the highest temperature in Hong Kong be 28°C on May 27?,interior,28.0,29.0,interior,33.7,,2026-05-27|28.0|29.0,0.0,0.0,24h_prior,30.8,32.26070741956556,1.5744058559116454,0.015773472969198607,weather_plus_market_training,0.0002488024495100391,0.01589919802707513
2026-05-27,nan,Will the highest temperature in Hong Kong be 29°C on May 27?,interior,29.0,30.0,interior,33.7,,2026-05-27|29.0|30.0,0.0,0.0,24h_prior,30.8,32.26070741956556,1.5744058559116454,0.056337719964385705,weather_plus_market_training,0.0031739386907855436,0.05798693104549804
2026-05-27,nan,Will the highest temperature in Hong Kong be 30°C on May 27?,interior,30.0,31.0,interior,33.7,,2026-05-27|30.0|31.0,0.0,0.0,24h_prior,30.8,32.26070741956556,1.5744058559116454,0.13612407232506957,weather_plus_market_training,0.01852976306636077,0.14632612271795845
2026-05-27,nan,Will the highest temperature in Hong Kong be 31°C on May 27?,interior,31.0,32.0,interior,33.7,,2026-05-27|31.0|32.0,0.0,0.0,24h_prior,30.8,32.26070741956556,1.5744058559116454,0.2226015802454943,weather_plus_market_training,0.049551463527791245,0.25180229329761405
2026-05-27,nan,Will the highest temperature in Hong Kong be 32°C on May 27?,interior,32.0,33.0,interior,33.7,,2026-05-27|32.0|33.0,0.0,0.0,24h_prior,30.8,32.26070741956556,1.5744058559116454,0.24642918126278324,weather_plus_market_training,0.060727341377845676,0.28293227895218026
2026-05-27,nan,Will the highest temperature in Hong Kong be 33°C on May 27?,interior,33.0,34.0,interior,33.7,,2026-05-27|33.0|34.0,1.0,1.0,24h_prior,30.8,32.26070741956556,1.5744058559116454,0.18469298812280832,weather_plus_market_training,0.6647255236161151,1.6890603560990494
2026-05-27,nan,Will the highest temperature in Hong Kong be 34°C or higher on May 27?,upper_tail,34.0,inf,upper_tail,33.7,,2026-05-27|34.0|inf,0.0,0.0,24h_prior,30.8,32.26070741956556,1.5744058559116454,0.13463841025165846,weather_plus_market_training,0.01812750151509389,0.14460783656700724
2026-05-27,nan,Will the highest temperature in Hong Kong be 24°C or below on May 27?,lower_tail,-inf,25.0,lower_tail,33.7,,2026-05-27|-inf|25.0,0.0,0.0,6h_prior,30.8,32.28172062708084,1.5562377144200443,1.4410062282385344e-06,weather_plus_market_training,2.076498949822247e-12,1.4410072664815399e-06
2026-05-27,nan,Will the highest temperature in Hong Kong be 25°C on May 27?,interior,25.0,26.0,interior,33.7,,2026-05-27|25.0|26.0,0.0,0.0,6h_prior,30.8,32.28172062708084,1.5562377144200443,2.5688700569630176e-05,weather_plus_market_training,6.599093369561177e-10,2.5689030529945346e-05
2026-05-27,nan,Will the highest temperature in Hong Kong be 26°C on May 27?,interior,26.0,27.0,interior,33.7,,2026-05-27|26.0|27.0,0.0,0.0,6h_prior,30.8,32.28172062708084,1.5562377144200443,0.0003173901325509945,weather_plus_market_training,1.0073649624073786e-07,0.0003174405114591911
2026-05-27,nan,Will the highest temperature in Hong Kong be 27°C on May 27?,interior,27.0,28.0,interior,33.7,,2026-05-27|27.0|28.0,0.0,0.0,6h_prior,30.8,32.28172062708084,1.5562377144200443,0.0026231878409304923,weather_plus_market_training,6.881114448805577e-06,0.0026266344268358363
2026-05-27,nan,Will the highest temperature in Hong Kong be 28°C on May 27?,interior,28.0,29.0,interior,33.7,,2026-05-27|28.0|29.0,0.0,0.0,6h_prior,30.8,32.28172062708084,1.5562377144200443,0.014515254961309695,weather_plus_market_training,0.00021069262659182572,0.01462163192196471
2026-05-27,nan,Will the highest temperature in Hong Kong be 29°C on May 27?,interior,29.0,30.0,interior,33.7,,2026-05-27|29.0|30.0,0.0,0.0,6h_prior,30.8,32.28172062708084,1.5562377144200443,0.05381701393406002,weather_plus_market_training,0.0028962709887788104,0.05531929727634747
2026-05-27,nan,Will the highest temperature in Hong Kong be 30°C on May 27?,interior,30.0,31.0,interior,33.7,,2026-05-27|30.0|31.0,0.0,0.0,6h_prior,30.8,32.28172062708084,1.5562377144200443,0.1337828687333279,weather_plus_market_training,0.017897855966518845,0.14361967290160202
2026-05-27,nan,Will the highest temperature in Hong Kong be 31°C on May 27?,interior,31.0,32.0,interior,33.7,,2026-05-27|31.0|32.0,0.0,0.0,6h_prior,30.8,32.28172062708084,1.5562377144200443,0.22309045161094804,weather_plus_market_training,0.049769349599976746,0.2524313467305169
2026-05-27,nan,Will the highest temperature in Hong Kong be 32°C on May 27?,interior,32.0,33.0,interior,33.7,,2026-05-27|32.0|33.0,0.0,0.0,6h_prior,30.8,32.28172062708084,1.5562377144200443,0.24962418016833376,weather_plus_market_training,0.06231223132471276,0.2871811048481197
2026-05-27,nan,Will the highest temperature in Hong Kong be 33°C on May 27?,interior,33.0,34.0,interior,33.7,,2026-05-27|33.0|34.0,1.0,1.0,6h_prior,30.8,32.28172062708084,1.5562377144200443,0.1874328418871264,weather_plus_market_training,0.6602653864436318,1.6743346743342242
2026-05-27,nan,Will the highest temperature in Hong Kong be 34°C or higher on May 27?,upper_tail,34.0,inf,upper_tail,33.7,,2026-05-27|34.0|inf,0.0,0.0,6h_prior,30.8,32.28172062708084,1.5562377144200443,0.13476968102461484,weather_plus_market_training,0.01816286692347643,0.14475954278098688
2026-05-27,nan,Will the highest temperature in Hong Kong be 24°C or below on May 27?,lower_tail,-inf,25.0,lower_tail,33.7,,2026-05-27|-inf|25.0,0.0,0.0,event_day_open,30.8,32.31122736947008,1.4493581303447791,2.2740341156428683e-07,weather_plus_market_training,5.1712311591076426e-14,2.2740343740186103e-07
2026-05-27,nan,Will the highest temperature in Hong Kong be 25°C on May 27?,interior,25.0,26.0,interior,33.7,,2026-05-27|25.0|26.0,0.0,0.0,event_day_open,30.8,32.31122736947008,1.4493581303447791,6.4412004199796726e-06,weather_plus_market_training,4.148906285034631e-11,6.441221164547079e-06
2026-05-27,nan,Will the highest temperature in Hong Kong be 26°C on May 27?,interior,26.0,27.0,interior,33.7,,2026-05-27|26.0|27.0,0.0,0.0,event_day_open,30.8,32.31122736947008,1.4493581303447791,0.00011722431356613545,weather_plus_market_training,1.3741539691051647e-08,0.00011723118487292912
2026-05-27,nan,Will the highest temperature in Hong Kong be 27°C on May 27?,interior,27.0,28.0,interior,33.7,,2026-05-27|27.0|28.0,0.0,0.0,event_day_open,30.8,32.31122736947008,1.4493581303447791,0.001343071107490187,weather_plus_market_training,1.8038399997749175e-06,0.00134397383586623
2026-05-27,nan,Will the highest temperature in Hong Kong be 28°C on May 27?,interior,28.0,29.0,interior,33.7,,2026-05-27|28.0|29.0,0.0,0.0,event_day_open,30.8,32.31122736947008,1.4493581303447791,0.009700700887078358,weather_plus_market_training,9.410359770056285e-05,0.009748059207405867
2026-05-27,nan,Will the highest temperature in Hong Kong be 29°C on May 27?,interior,29.0,30.0,interior,33.7,,2026-05-27|29.0|30.0,0.0,0.0,event_day_open,30.8,32.31122736947008,1.4493581303447791,0.04422694707967603,weather_plus_market_training,0.001956022847988464,0.04523478645551551
2026-05-27,nan,Will the highest temperature in Hong Kong be 30°C on May 27?,interior,30.0,31.0,interior,33.7,,2026-05-27|30.0|31.0,0.0,0.0,event_day_open,30.8,32.31122736947008,1.4493581303447791,0.12741882564325435,weather_plus_market_training,0.016235557128306054,0.1362995927211533
2026-05-27,nan,Will the highest temperature in Hong Kong be 31°C on May 27?,interior,31.0,32.0,interior,33.7,,2026-05-27|31.0|32.0,0.0,0.0,event_day_open,30.8,32.31122736947008,1.4493581303447791,0.23217367644131098,weather_plus_market_training,0.05390461603227456,0.26419171260786517
2026-05-27,nan,Will the highest temperature in Hong Kong be 32°C on May 27?,interior,32.0,33.0,interior,33.7,,2026-05-27|32.0|33.0,0.0,0.0,event_day_open,30.8,32.31122736947008,1.4493581303447791,0.2676999284459012,weather_plus_market_training,0.07166325168994062,0.3115649152036623
2026-05-27,nan,Will the highest temperature in Hong Kong be 33°C on May 27?,interior,33.0,34.0,interior,33.7,,2026-05-27|33.0|34.0,1.0,1.0,event_day_open,30.8,32.31122736947008,1.4493581303447791,0.19534121741854982,weather_plus_market_training,0.6474757563854615,1.6330074166767603
2026-05-27,nan,Will the highest temperature in Hong Kong be 34°C or higher on May 27?,upper_tail,34.0,inf,upper_tail,33.7,,2026-05-27|34.0|inf,0.0,0.0,event_day_open,30.8,32.31122736947008,1.4493581303447791,0.12197174005934142,weather_plus_market_training,0.014877105373103551,0.1300764991444339
2026-05-28,nan,Will the highest temperature in Hong Kong be 23°C or below on May 28?,lower_tail,-inf,24.0,lower_tail,33.4,,2026-05-28|-inf|24.0,0.0,0.0,12h_prior,31.6,33.07202527258289,1.5589877878670209,2.956911105732155e-09,weather_plus_market_training,8.743323287202157e-18,2.956911164739443e-09
2026-05-28,nan,Will the highest temperature in Hong Kong be 24°C on May 28?,interior,24.0,25.0,interior,33.4,,2026-05-28|24.0|25.0,0.0,0.0,12h_prior,31.6,33.07202527258289,1.5589877878670209,1.0934120088825223e-07,weather_plus_market_training,1.195549821168513e-14,1.0934120684899864e-07
2026-05-28,nan,Will the highest temperature in Hong Kong be 25°C on May 28?,interior,25.0,26.0,interior,33.4,,2026-05-28|25.0|26.0,0.0,0.0,12h_prior,31.6,33.07202527258289,1.5589877878670209,2.7502843005141185e-06,weather_plus_market_training,7.564063733654434e-12,2.750288082562177e-06
2026-05-28,nan,Will the highest temperature in Hong Kong be 26°C on May 28?,interior,26.0,27.0,interior,33.4,,2026-05-28|26.0|27.0,0.0,0.0,12h_prior,31.6,33.07202527258289,1.5589877878670209,4.626695673536276e-05,weather_plus_market_training,2.1406312855519298e-09,4.6268027084032044e-05
2026-05-28,nan,Will the highest temperature in Hong Kong be 27°C on May 28?,interior,27.0,28.0,interior,33.4,,2026-05-28|27.0|28.0,0.0,0.0,12h_prior,31.6,33.07202527258289,1.5589877878670209,0.0005210161886480073,weather_plus_market_training,2.714578688332959e-07,0.0005211519647454661
2026-05-28,nan,Will the highest temperature in Hong Kong be 28°C on May 28?,interior,28.0,29.0,interior,33.4,,2026-05-28|28.0|29.0,0.0,0.0,12h_prior,31.6,33.07202527258289,1.5589877878670209,0.003930996222303685,weather_plus_market_training,1.545273129976584e-05,0.003938742896048055
2026-05-28,nan,Will the highest temperature in Hong Kong be 29°C on May 28?,interior,29.0,30.0,interior,33.4,,2026-05-28|29.0|30.0,0.0,0.0,12h_prior,31.6,33.07202527258289,1.5589877878670209,0.01988794274641021,weather_plus_market_training,0.00039553026668449047,0.02008836971799585
2026-05-28,nan,Will the highest temperature in Hong Kong be 30°C on May 28?,interior,30.0,31.0,interior,33.4,,2026-05-28|30.0|31.0,0.0,0.0,12h_prior,31.6,33.07202527258289,1.5589877878670209,0.0675210923403021,weather_plus_market_training,0.004559097910827602,0.06990874685167416
2026-05-28,nan,Will the highest temperature in Hong Kong be 31°C on May 28?,interior,31.0,32.0,interior,33.4,,2026-05-28|31.0|32.0,0.0,0.0,12h_prior,31.6,33.07202527258289,1.5589877878670209,0.15392899127232862,weather_plus_market_training,0.02369413435411662,0.16715198823195254
2026-05-28,nan,Will the highest temperature in Hong Kong be 32°C on May 28?,interior,32.0,33.0,interior,33.4,,2026-05-28|32.0|33.0,0.0,0.0,12h_prior,31.6,33.07202527258289,1.5589877878670209,0.23573624352621925,weather_plus_market_training,0.055571576511852946,0.2688423184074978
2026-05-28,nan,Will the highest temperature in Hong Kong be 33°C or higher on May 28?,upper_tail,33.0,inf,upper_tail,33.4,,2026-05-28|33.0|inf,1.0,1.0,12h_prior,31.6,33.07202527258289,1.5589877878670209,0.5184245881646403,weather_plus_market_training,0.23191487728439628,0.6569607041957316
2026-05-28,nan,Will the highest temperature in Hong Kong be 23°C or below on May 28?,lower_tail,-inf,24.0,lower_tail,33.4,,2026-05-28|-inf|24.0,0.0,0.0,24h_prior,31.2,32.66052092333233,1.5744108086907926,1.890346107319622e-08,weather_plus_market_training,3.573408405458447e-16,1.8903461197408164e-08
2026-05-28,nan,Will the highest temperature in Hong Kong be 24°C on May 28?,interior,24.0,25.0,interior,33.4,,2026-05-28|24.0|25.0,0.0,0.0,24h_prior,31.2,32.66052092333233,1.5744108086907926,5.515229887358122e-07,weather_plus_market_training,3.0417760710408287e-13,5.515231408120449e-07
2026-05-28,nan,Will the highest temperature in Hong Kong be 25°C on May 28?,interior,25.0,26.0,interior,33.4,,2026-05-28|25.0|26.0,0.0,0.0,24h_prior,31.2,32.66052092333233,1.5744108086907926,1.1088985973156669e-05,weather_plus_market_training,1.2296560991286536e-10,1.1089047456388388e-05
2026-05-28,nan,Will the highest temperature in Hong Kong be 26°C on May 28?,interior,26.0,27.0,interior,33.4,,2026-05-28|26.0|27.0,0.0,0.0,24h_prior,31.2,32.66052092333233,1.5744108086907926,0.00015033307491676962,weather_plus_market_training,2.2600033413931066e-08,0.0001503443760660875
2026-05-28,nan,Will the highest temperature in Hong Kong be 27°C on May 28?,interior,27.0,28.0,interior,33.4,,2026-05-28|27.0|28.0,0.0,0.0,24h_prior,31.2,32.66052092333233,1.5744108086907926,0.0013753627673522757,weather_plus_market_training,1.89162274181891e-06,0.0013763094468412342
2026-05-28,nan,Will the highest temperature in Hong Kong be 28°C on May 28?,interior,28.0,29.0,interior,33.4,,2026-05-28|28.0|29.0,0.0,0.0,24h_prior,31.2,32.66052092333233,1.5744108086907926,0.008498356658107201,weather_plus_market_training,7.222206588839499e-05,0.008534673593611675
2026-05-28,nan,Will the highest temperature in Hong Kong be 29°C on May 28?,interior,29.0,30.0,interior,33.4,,2026-05-28|29.0|30.0,0.0,0.0,24h_prior,31.2,32.66052092333233,1.5744108086907926,0.03549244447382904,weather_plus_market_training,0.0012597136147278378,0.03613761304736671
2026-05-28,nan,Will the highest temperature in Hong Kong be 30°C on May 28?,interior,30.0,31.0,interior,33.4,,2026-05-28|30.0|31.0,0.0,0.0,24h_prior,31.2,32.66052092333233,1.5744108086907926,0.10025459517979181,weather_plus_market_training,0.010050983854663935,0.10564343921002235
2026-05-28,nan,Will the highest temperature in Hong Kong be 31°C on May 28?,interior,31.0,32.0,interior,33.4,,2026-05-28|31.0|32.0,0.0,0.0,24h_prior,31.2,32.66052092333233,1.5744108086907926,0.1916297265310703,weather_plus_market_training,0.03672195209037279,0.2127350661860166
2026-05-28,nan,Will the highest temperature in Hong Kong be 32°C on May 28?,interior,32.0,33.0,interior,33.4,,2026-05-28|32.0|33.0,0.0,0.0,24h_prior,31.2,32.66052092333233,1.5744108086907926,0.24794668282571358,weather_plus_market_training,0.06147755752427501,0.28494805704789733
2026-05-28,nan,Will the highest temperature in Hong Kong be 33°C or higher on May 28?,upper_tail,33.0,inf,upper_tail,33.4,,2026-05-28|33.0|inf,1.0,1.0,24h_prior,31.2,32.66052092333233,1.5744108086907926,0.41464083907679605,weather_plus_market_training,0.34264534727671736,0.8803425814755
2026-05-28,nan,Will the highest temperature in Hong Kong be 23°C or below on May 28?,lower_tail,-inf,24.0,lower_tail,33.4,,2026-05-28|-inf|24.0,0.0,0.0,6h_prior,31.4,32.88179028211528,1.557248579194487,5.868092953199787e-09,weather_plus_market_training,3.443451490739299e-17,5.868092917702324e-09
2026-05-28,nan,Will the highest temperature in Hong Kong be 24°C on May 28?,interior,24.0,25.0,interior,33.4,,2026-05-28|24.0|25.0,0.0,0.0,6h_prior,31.4,32.88179028211528,1.557248579194487,2.0227386118397405e-07,weather_plus_market_training,4.09147149182736e-14,2.0227388167354474e-07
2026-05-28,nan,Will the highest temperature in Hong Kong be 25°C on May 28?,interior,25.0,26.0,interior,33.4,,2026-05-28|25.0|26.0,0.0,0.0,6h_prior,31.4,32.88179028211528,1.557248579194487,4.745243700709155e-06,weather_plus_market_training,2.2517337779119917e-11,4.7452549594589715e-06
2026-05-28,nan,Will the highest temperature in Hong Kong be 26°C on May 28?,interior,26.0,27.0,interior,33.4,,2026-05-28|26.0|27.0,0.0,0.0,6h_prior,31.4,32.88179028211528,1.557248579194487,7.439821779853782e-05,weather_plus_market_training,5.5350948115986695e-09,7.440098548321303e-05
2026-05-28,nan,Will the highest temperature in Hong Kong be 27°C on May 28?,interior,27.0,28.0,interior,33.4,,2026-05-28|27.0|28.0,0.0,0.0,6h_prior,31.4,32.88179028211528,1.557248579194487,0.0007802651412601624,weather_plus_market_training,6.088136906657411e-07,0.0007805697065435935
2026-05-28,nan,Will the highest temperature in Hong Kong be 28°C on May 28?,interior,28.0,29.0,interior,33.4,,2026-05-28|28.0|29.0,0.0,0.0,6h_prior,31.4,32.88179028211528,1.557248579194487,0.005478757525349211,weather_plus_market_training,3.0016784021570612e-05,0.0054938209618307495
2026-05-28,nan,Will the highest temperature in Hong Kong be 29°C on May 28?,interior,29.0,30.0,interior,33.4,,2026-05-28|29.0|30.0,0.0,0.0,6h_prior,31.4,32.88179028211528,1.557248579194487,0.02577767901932323,weather_plus_market_training,0.0006644887356232569,0.026115745758975996
2026-05-28,nan,Will the highest temperature in Hong Kong be 30°C on May 28?,interior,30.0,31.0,interior,33.4,,2026-05-28|30.0|31.0,0.0,0.0,6h_prior,31.4,32.88179028211528,1.557248579194487,0.08132929652386717,weather_plus_market_training,0.006614454473067112,0.0848275413215631
2026-05-28,nan,Will the highest temperature in Hong Kong be 31°C on May 28?,interior,31.0,32.0,interior,33.4,,2026-05-28|31.0|32.0,0.0,0.0,6h_prior,31.4,32.88179028211528,1.557248579194487,0.17216694918116338,weather_plus_market_training,0.029641458390349294,0.18894377437267634
2026-05-28,nan,Will the highest temperature in Hong Kong be 32°C on May 28?,interior,32.0,33.0,interior,33.4,,2026-05-28|32.0|33.0,0.0,0.0,6h_prior,31.4,32.88179028211528,1.557248579194487,0.24464208951564725,weather_plus_market_training,0.059849751962581965,0.28056358843937296
2026-05-28,nan,Will the highest temperature in Hong Kong be 33°C or higher on May 28?,upper_tail,33.0,inf,upper_tail,33.4,,2026-05-28|33.0|inf,1.0,1.0,6h_prior,31.4,32.88179028211528,1.557248579194487,0.4697456114899362,weather_plus_market_training,0.28116971653418166,0.7555639829569245
2026-05-28,nan,Will the highest temperature in Hong Kong be 23°C or below on May 28?,lower_tail,-inf,24.0,lower_tail,33.4,,2026-05-28|-inf|24.0,0.0,0.0,event_day_open,31.8,33.2906154552957,1.450596373625042,7.533918206683378e-11,weather_plus_market_training,5.6759923544995285e-21,7.53391793423888e-11
2026-05-28,nan,Will the highest temperature in Hong Kong be 24°C on May 28?,interior,24.0,25.0,interior,33.4,,2026-05-28|24.0|25.0,0.0,0.0,event_day_open,31.8,33.2906154552957,1.450596373625042,5.399705046412614e-09,weather_plus_market_training,2.9156814588253856e-17,5.399705031029558e-09
2026-05-28,nan,Will the highest temperature in Hong Kong be 25°C on May 28?,interior,25.0,26.0,interior,33.4,,2026-05-28|25.0|26.0,0.0,0.0,event_day_open,31.8,33.2906154552957,1.450596373625042,2.450066077990378e-07,weather_plus_market_training,6.002823786519153e-14,2.4500663779383136e-07
2026-05-28,nan,Will the highest temperature in Hong Kong be 26°C on May 28?,interior,26.0,27.0,interior,33.4,,2026-05-28|26.0|27.0,0.0,0.0,event_day_open,31.8,33.2906154552957,1.450596373625042,6.985623797628882e-06,weather_plus_market_training,4.8798939841998956e-11,6.985648197223114e-06
2026-05-28,nan,Will the highest temperature in Hong Kong be 27°C on May 28?,interior,27.0,28.0,interior,33.4,,2026-05-28|27.0|28.0,0.0,0.0,event_day_open,31.8,33.2906154552957,1.450596373625042,0.0001253205492086873,weather_plus_market_training,1.570524005396701e-08,0.00012532840248481462
2026-05-28,nan,Will the highest temperature in Hong Kong be 28°C on May 28?,interior,28.0,29.0,interior,33.4,,2026-05-28|28.0|29.0,0.0,0.0,event_day_open,31.8,33.2906154552957,1.450596373625042,0.001416514996277881,weather_plus_market_training,2.006514734680125e-06,0.0014175192020723403
2026-05-28,nan,Will the highest temperature in Hong Kong be 29°C on May 28?,interior,29.0,30.0,interior,33.4,,2026-05-28|29.0|30.0,0.0,0.0,event_day_open,31.8,33.2906154552957,1.450596373625042,0.010101612749332998,weather_plus_market_training,0.00010204258013748697,0.010152980261998873
2026-05-28,nan,Will the highest temperature in Hong Kong be 30°C on May 28?,interior,30.0,31.0,interior,33.4,,2026-05-28|30.0|31.0,0.0,0.0,event_day_open,31.8,33.2906154552957,1.450596373625042,0.04550755849033148,weather_plus_market_training,0.0020709378797509406,0.0465755546432166
2026-05-28,nan,Will the highest temperature in Hong Kong be 31°C on May 28?,interior,31.0,32.0,interior,33.4,,2026-05-28|31.0|32.0,0.0,0.0,event_day_open,31.8,33.2906154552957,1.450596373625042,0.1296515771462685,weather_plus_market_training,0.016809531456514808,0.1388616614678647
2026-05-28,nan,Will the highest temperature in Hong Kong be 32°C on May 28?,interior,32.0,33.0,interior,33.4,,2026-05-28|32.0|33.0,0.0,0.0,event_day_open,31.8,33.2906154552957,1.450596373625042,0.23379671784810607,weather_plus_market_training,0.05466090527654692,0.26630776304962117
2026-05-28,nan,Will the highest temperature in Hong Kong be 33°C or higher on May 28?,upper_tail,33.0,inf,upper_tail,33.4,,2026-05-28|33.0|inf,1.0,1.0,event_day_open,31.8,33.2906154552957,1.450596373625042,0.5793934621150247,weather_plus_market_training,0.17690985971158513,0.5457734775990132
2026-05-29,nan,Will the highest temperature in Hong Kong be 24°C or below on May 29?,lower_tail,-inf,25.0,lower_tail,34.1,,2026-05-29|-inf|25.0,0.0,0.0,12h_prior,34.6,36.03608159881527,1.5647719541271208,8.765305918012631e-13,weather_plus_market_training,7.683058783634725e-25,9.999778782803785e-13
2026-05-29,nan,Will the highest temperature in Hong Kong be 25°C on May 29?,interior,25.0,26.0,interior,34.1,,2026-05-29|25.0|26.0,0.0,0.0,12h_prior,34.6,36.03608159881527,1.5647719541271208,7.010737103749848e-11,weather_plus_market_training,4.9150434737894806e-21,7.010736436076474e-11
2026-05-29,nan,Will the highest temperature in Hong Kong be 26°C on May 29?,interior,26.0,27.0,interior,34.1,,2026-05-29|26.0|27.0,0.0,0.0,12h_prior,34.6,36.03608159881527,1.5647719541271208,3.783634204453654e-09,weather_plus_market_training,1.4315887793111634e-17,3.783634190898447e-09
2026-05-29,nan,Will the highest temperature in Hong Kong be 27°C on May 29?,interior,27.0,28.0,interior,34.1,,2026-05-29|27.0|28.0,0.0,0.0,12h_prior,34.6,36.03608159881527,1.5647719541271208,1.3674950498021406e-07,weather_plus_market_training,1.8700427112333588e-14,1.367495142922386e-07
2026-05-29,nan,Will the highest temperature in Hong Kong be 28°C on May 29?,interior,28.0,29.0,interior,34.1,,2026-05-29|28.0|29.0,0.0,0.0,12h_prior,34.6,36.03608159881527,1.5647719541271208,3.3125780443545776e-06,weather_plus_market_training,1.0973173299939997e-11,3.312583530910942e-06
2026-05-29,nan,Will the highest temperature in Hong Kong be 29°C on May 29?,interior,29.0,30.0,interior,34.1,,2026-05-29|29.0|30.0,0.0,0.0,12h_prior,34.6,36.03608159881527,1.5647719541271208,5.382708205392937e-05,weather_plus_market_training,2.8973547624404453e-09,5.38285307832942e-05
2026-05-29,nan,Will the highest temperature in Hong Kong be 30°C on May 29?,interior,30.0,31.0,interior,34.1,,2026-05-29|30.0|31.0,0.0,0.0,12h_prior,34.6,36.03608159881527,1.5647719541271208,0.0005872312261870043,weather_plus_market_training,3.4484051300909255e-07,0.0005874037139735991
2026-05-29,nan,Will the highest temperature in Hong Kong be 31°C on May 29?,interior,31.0,32.0,interior,34.1,,2026-05-29|31.0|32.0,0.0,0.0,12h_prior,34.6,36.03608159881527,1.5647719541271208,0.0043049288952551855,weather_plus_market_training,1.8532412793203033e-05,0.004314221781384197
2026-05-29,nan,Will the highest temperature in Hong Kong be 32°C on May 29?,interior,32.0,33.0,interior,34.1,,2026-05-29|32.0|33.0,0.0,0.0,12h_prior,34.6,36.03608159881527,1.5647719541271208,0.02122394328397031,weather_plus_market_training,0.00045045576852118847,0.021452409588552875
2026-05-29,nan,Will the highest temperature in Hong Kong be 33°C on May 29?,interior,33.0,34.0,interior,34.1,,2026-05-29|33.0|34.0,0.0,0.0,12h_prior,34.6,36.03608159881527,1.5647719541271208,0.0704215826581315,weather_plus_market_training,0.004959199304076047,0.07302411029916239
2026-05-29,nan,Will the highest temperature in Hong Kong be 34°C or higher on May 29?,upper_tail,34.0,inf,upper_tail,34.1,,2026-05-29|34.0|inf,1.0,1.0,12h_prior,34.6,36.03608159881527,1.5647719541271208,0.9034050336722346,weather_plus_market_training,0.009330587519862137,0.10158428385748115
2026-05-29,nan,Will the highest temperature in Hong Kong be 24°C or below on May 29?,lower_tail,-inf,25.0,lower_tail,34.1,,2026-05-29|-inf|25.0,0.0,0.0,24h_prior,33.7,35.15232042756687,1.574454825460484,5.661194713067935e-11,weather_plus_market_training,3.204912557926834e-21,5.6611937361776125e-11
2026-05-29,nan,Will the highest temperature in Hong Kong be 25°C on May 29?,interior,25.0,26.0,interior,34.1,,2026-05-29|25.0|26.0,0.0,0.0,24h_prior,33.7,35.15232042756687,1.574454825460484,3.011371949918256e-09,weather_plus_market_training,9.068361020754478e-18,3.0113719341296217e-09
2026-05-29,nan,Will the highest temperature in Hong Kong be 26°C on May 29?,interior,26.0,27.0,interior,34.1,,2026-05-29|26.0|27.0,0.0,0.0,24h_prior,33.7,35.15232042756687,1.574454825460484,1.0914953561016293e-07,weather_plus_market_training,1.1913621123914225e-14,1.091495415888248e-07
2026-05-29,nan,Will the highest temperature in Hong Kong be 27°C on May 29?,interior,27.0,28.0,interior,34.1,,2026-05-29|27.0|28.0,0.0,0.0,24h_prior,33.7,35.15232042756687,1.574454825460484,2.664323258105291e-06,weather_plus_market_training,7.0986184236807945e-12,2.6643268074435594e-06
2026-05-29,nan,Will the highest temperature in Hong Kong be 28°C on May 29?,interior,28.0,29.0,interior,34.1,,2026-05-29|28.0|29.0,0.0,0.0,24h_prior,33.7,35.15232042756687,1.574454825460484,4.3834549108864804e-05,weather_plus_market_training,1.92146769557748e-09,4.38355098707586e-05
2026-05-29,nan,Will the highest temperature in Hong Kong be 29°C on May 29?,interior,29.0,30.0,interior,34.1,,2026-05-29|29.0|30.0,0.0,0.0,24h_prior,33.7,35.15232042756687,1.574454825460484,0.0004864926648400344,weather_plus_market_training,2.3667511294315806e-07,0.00048661104079073767
2026-05-29,nan,Will the highest temperature in Hong Kong be 30°C on May 29?,interior,30.0,31.0,interior,34.1,,2026-05-29|30.0|31.0,0.0,0.0,24h_prior,33.7,35.15232042756687,1.574454825460484,0.003645256821576274,weather_plus_market_training,1.3287897295248359e-05,0.0036519169604277875
2026-05-29,nan,Will the highest temperature in Hong Kong be 31°C on May 29?,interior,31.0,32.0,interior,34.1,,2026-05-29|31.0|32.0,0.0,0.0,24h_prior,33.7,35.15232042756687,1.574454825460484,0.01845506263819189,weather_plus_market_training,0.0003405893369795862,0.018627481940990544
2026-05-29,nan,Will the highest temperature in Hong Kong be 32°C on May 29?,interior,32.0,33.0,interior,34.1,,2026-05-29|32.0|33.0,0.0,0.0,24h_prior,33.7,35.15232042756687,1.574454825460484,0.06317518019458469,weather_plus_market_training,0.003991103392618246,0.06525897280811904
2026-05-29,nan,Will the highest temperature in Hong Kong be 33°C on May 29?,interior,33.0,34.0,interior,34.1,,2026-05-29|33.0|34.0,0.0,0.0,24h_prior,33.7,35.15232042756687,1.574454825460484,0.14631066966250506,weather_plus_market_training,0.021406812057090677,0.15818793318443214
2026-05-29,nan,Will the highest temperature in Hong Kong be 34°C or higher on May 29?,upper_tail,34.0,inf,upper_tail,34.1,,2026-05-29|34.0|inf,1.0,1.0,24h_prior,33.7,35.15232042756687,1.574454825460484,0.7678807269284156,weather_plus_market_training,0.05387935693128078,0.26412086137392443
2026-05-29,nan,Will the highest temperature in Hong Kong be 24°C or below on May 29?,lower_tail,-inf,25.0,lower_tail,34.1,,2026-05-29|-inf|25.0,0.0,0.0,6h_prior,33.7,35.15319996905932,1.561952518540334,4.0073172419488103e-11,weather_plus_market_training,1.605859147762022e-21,4.0073167007740565e-11
2026-05-29,nan,Will the highest temperature in Hong Kong be 25°C on May 29?,interior,25.0,26.0,interior,34.1,,2026-05-29|25.0|26.0,0.0,0.0,6h_prior,33.7,35.15319996905932,1.561952518540334,2.2728514461869816e-09,weather_plus_market_training,5.165853696434254e-18,2.2728514651754114e-09
2026-05-29,nan,Will the highest temperature in Hong Kong be 26°C on May 29?,interior,26.0,27.0,interior,34.1,,2026-05-29|26.0|27.0,0.0,0.0,6h_prior,33.7,35.15319996905932,1.561952518540334,8.720809320942415e-08,weather_plus_market_training,7.60525152122361e-15,8.720809699391929e-08
2026-05-29,nan,Will the highest temperature in Hong Kong be 27°C on May 29?,interior,27.0,28.0,interior,34.1,,2026-05-29|27.0|28.0,0.0,0.0,6h_prior,33.7,35.15319996905932,1.561952518540334,2.239222949722518e-06,weather_plus_market_training,5.014119418564014e-12,2.239225456792677e-06
2026-05-29,nan,Will the highest temperature in Hong Kong be 28°C on May 29?,interior,28.0,29.0,interior,34.1,,2026-05-29|28.0|29.0,0.0,0.0,6h_prior,33.7,35.15319996905932,1.561952518540334,3.850925775525669e-05,weather_plus_market_training,1.4829629328607974e-09,3.850999925578438e-05
2026-05-29,nan,Will the highest temperature in Hong Kong be 29°C on May 29?,interior,29.0,30.0,interior,34.1,,2026-05-29|29.0|30.0,0.0,0.0,6h_prior,33.7,35.15319996905932,1.561952518540334,0.0004439591387281394,weather_plus_market_training,1.9709971686023132e-07,0.00044405771776440854
2026-05-29,nan,Will the highest temperature in Hong Kong be 30°C on May 29?,interior,30.0,31.0,interior,34.1,,2026-05-29|30.0|31.0,0.0,0.0,6h_prior,33.7,35.15319996905932,1.561952518540334,0.0034340876477119433,weather_plus_market_training,1.1792957972167748e-05,0.003439997660912689
2026-05-29,nan,Will the highest temperature in Hong Kong be 31°C on May 29?,interior,31.0,32.0,interior,34.1,,2026-05-29|31.0|32.0,0.0,0.0,6h_prior,33.7,35.15319996905932,1.561952518540334,0.017837443317759313,weather_plus_market_training,0.00031817438411427636,0.017998447991004623
2026-05-29,nan,Will the highest temperature in Hong Kong be 32°C on May 29?,interior,32.0,33.0,interior,34.1,,2026-05-29|32.0|33.0,0.0,0.0,6h_prior,33.7,35.15319996905932,1.561952518540334,0.062263373473592676,weather_plus_market_training,0.003876727676312084,0.06428615135733544
2026-05-29,nan,Will the highest temperature in Hong Kong be 33°C on May 29?,interior,33.0,34.0,interior,34.1,,2026-05-29|33.0|34.0,0.0,0.0,6h_prior,33.7,35.15319996905932,1.561952518540334,0.1461443542791117,weather_plus_market_training,0.021358172287658517,0.15799313259498793
2026-05-29,nan,Will the highest temperature in Hong Kong be 34°C or higher on May 29?,upper_tail,34.0,inf,upper_tail,34.1,,2026-05-29|34.0|inf,1.0,1.0,6h_prior,33.7,35.15319996905932,1.561952518540334,0.7698359441413734,weather_plus_market_training,0.05297549260929301,0.26157784639147724
2026-05-29,nan,Will the highest temperature in Hong Kong be 24°C or below on May 29?,lower_tail,-inf,25.0,lower_tail,34.1,,2026-05-29|-inf|25.0,0.0,0.0,event_day_open,33.0,34.45733299462737,1.452365141538147,3.715814224165073e-11,weather_plus_market_training,1.3807275348507485e-21,3.715816543417219e-11
2026-05-29,nan,Will the highest temperature in Hong Kong be 25°C on May 29?,interior,25.0,26.0,interior,34.1,,2026-05-29|25.0|26.0,0.0,0.0,event_day_open,33.0,34.45733299462737,1.452365141538147,2.8503601199465325e-09,weather_plus_market_training,8.12455281338161e-18,2.8503601741769174e-09
2026-05-29,nan,Will the highest temperature in Hong Kong be 26°C on May 29?,interior,26.0,27.0,interior,34.1,,2026-05-29|26.0|27.0,0.0,0.0,event_day_open,33.0,34.45733299462737,1.452365141538147,1.3847504342028443e-07,weather_plus_market_training,1.9175337650249657e-14,1.384750530195657e-07
2026-05-29,nan,Will the highest temperature in Hong Kong be 27°C on May 29?,interior,27.0,28.0,interior,34.1,,2026-05-29|27.0|28.0,0.0,0.0,event_day_open,33.0,34.45733299462737,1.452365141538147,4.2311876484813344e-06,weather_plus_market_training,1.7902948916661004e-11,4.231196599973231e-06
2026-05-29,nan,Will the highest temperature in Hong Kong be 28°C on May 29?,interior,28.0,29.0,interior,34.1,,2026-05-29|28.0|29.0,0.0,0.0,event_day_open,33.0,34.45733299462737,1.452365141538147,8.142038223504275e-05,weather_plus_market_training,6.6292786433004645e-09,8.142369705427224e-05
2026-05-29,nan,Will the highest temperature in Hong Kong be 29°C on May 29?,interior,29.0,30.0,interior,34.1,,2026-05-29|29.0|30.0,0.0,0.0,event_day_open,33.0,34.45733299462737,1.452365141538147,0.0009880296966851038,weather_plus_market_training,9.762026815316582e-07,0.0009885181197700436
2026-05-29,nan,Will the highest temperature in Hong Kong be 30°C on May 29?,interior,30.0,31.0,interior,34.1,,2026-05-29|30.0|31.0,0.0,0.0,event_day_open,33.0,34.45733299462737,1.452365141538147,0.007571116939558921,weather_plus_market_training,5.7321811712476045e-05,0.007599923335249586
2026-05-29,nan,Will the highest temperature in Hong Kong be 31°C on May 29?,interior,31.0,32.0,interior,34.1,,2026-05-29|31.0|32.0,0.0,0.0,event_day_open,33.0,34.45733299462737,1.452365141538147,0.03668256511601795,weather_plus_market_training,0.0013456105834908972,0.03737229026059598
2026-05-29,nan,Will the highest temperature in Hong Kong be 32°C on May 29?,interior,32.0,33.0,interior,34.1,,2026-05-29|32.0|33.0,0.0,0.0,event_day_open,33.0,34.45733299462737,1.452365141538147,0.11250149755809043,weather_plus_market_training,0.012656586952813026,0.11934844502338754
2026-05-29,nan,Will the highest temperature in Hong Kong be 33°C on May 29?,interior,33.0,34.0,interior,34.1,,2026-05-29|33.0|34.0,0.0,0.0,event_day_open,33.0,34.45733299462737,1.452365141538147,0.21859417702475792,weather_plus_market_training,0.0477834142291312,0.2466606444114025
2026-05-29,nan,Will the highest temperature in Hong Kong be 34°C or higher on May 29?,upper_tail,34.0,inf,upper_tail,34.1,,2026-05-29|34.0|inf,1.0,1.0,event_day_open,33.0,34.45733299462737,1.452365141538147,0.6235768207324445,weather_plus_market_training,0.14169440988989424,0.47228331257842887
2026-05-30,nan,Will the highest temperature in Hong Kong be 23°C or below on May 30?,lower_tail,-inf,24.0,lower_tail,32.6,,2026-05-30|-inf|24.0,0.0,0.0,12h_prior,29.2,30.680089450445788,1.5563377104235017,8.84617017378363e-06,weather_plus_market_training,7.82547267435391e-11,8.8462093014204e-06
2026-05-30,nan,Will the highest temperature in Hong Kong be 24°C on May 30?,interior,24.0,25.0,interior,32.6,,2026-05-30|24.0|25.0,0.0,0.0,12h_prior,29.2,30.680089450445788,1.5563377104235017,0.00012245226013195057,weather_plus_market_training,1.499455601142289e-08,0.00012245975802206767
2026-05-30,nan,Will the highest temperature in Hong Kong be 25°C on May 30?,interior,25.0,26.0,interior,32.6,,2026-05-30|25.0|26.0,0.0,0.0,12h_prior,29.2,30.680089450445788,1.5563377104235017,0.0011873931153723585,weather_plus_market_training,1.409902410433675e-06,0.001188098625111088
2026-05-30,nan,Will the highest temperature in Hong Kong be 26°C on May 30?,interior,26.0,27.0,interior,32.6,,2026-05-30|26.0|27.0,0.0,0.0,12h_prior,29.2,30.680089450445788,1.5563377104235017,0.007706503337407223,weather_plus_market_training,5.9390193689468665e-05,0.007736351885097606
2026-05-30,nan,Will the highest temperature in Hong Kong be 27°C on May 30?,interior,27.0,28.0,interior,32.6,,2026-05-30|27.0|28.0,0.0,0.0,12h_prior,29.2,30.680089450445788,1.5563377104235017,0.03350514661085409,weather_plus_market_training,0.0011225948494148273,0.0340793053462264
2026-05-30,nan,Will the highest temperature in Hong Kong be 28°C on May 30?,interior,28.0,29.0,interior,32.6,,2026-05-30|28.0|29.0,0.0,0.0,12h_prior,29.2,30.680089450445788,1.5563377104235017,0.09764882866861475,weather_plus_market_training,0.00953529374035248,0.10275150948581245
2026-05-30,nan,Will the highest temperature in Hong Kong be 29°C on May 30?,interior,29.0,30.0,interior,32.6,,2026-05-30|29.0|30.0,0.0,0.0,12h_prior,29.2,30.680089450445788,1.5563377104235017,0.19088352365321642,weather_plus_market_training,0.036436519602268035,0.21181239658037457
2026-05-30,nan,Will the highest temperature in Hong Kong be 30°C on May 30?,interior,30.0,31.0,interior,32.6,,2026-05-30|30.0|31.0,0.0,0.0,12h_prior,29.2,30.680089450445788,1.5563377104235017,0.2503674258757791,weather_plus_market_training,0.06268384793966374,0.28817209366027047
2026-05-30,nan,Will the highest temperature in Hong Kong be 31°C on May 30?,interior,31.0,32.0,interior,32.6,,2026-05-30|31.0|32.0,0.0,0.0,12h_prior,29.2,30.680089450445788,1.5563377104235017,0.22037525754368914,weather_plus_market_training,0.04856525413744732,0.24894257447894055
2026-05-30,nan,Will the highest temperature in Hong Kong be 32°C on May 30?,interior,32.0,33.0,interior,32.6,,2026-05-30|32.0|33.0,1.0,1.0,12h_prior,29.2,30.680089450445788,1.5563377104235017,0.13016418279933906,weather_plus_market_training,0.7566143488851417,2.038958680759956
2026-05-30,nan,Will the highest temperature in Hong Kong be 33°C or higher on May 30?,upper_tail,33.0,inf,upper_tail,32.6,,2026-05-30|33.0|inf,0.0,0.0,12h_prior,29.2,30.680089450445788,1.5563377104235017,0.06803043996542213,weather_plus_market_training,0.004628140761888905,0.0704551257370302
2026-05-30,nan,Will the highest temperature in Hong Kong be 23°C or below on May 30?,lower_tail,-inf,24.0,lower_tail,32.6,,2026-05-30|-inf|24.0,0.0,0.0,24h_prior,29.8,31.26206456845778,1.5743967277191848,1.98830209385295e-06,weather_plus_market_training,3.953345216420024e-12,1.9883040705334802e-06
2026-05-30,nan,Will the highest temperature in Hong Kong be 24°C on May 30?,interior,24.0,25.0,interior,32.6,,2026-05-30|24.0|25.0,0.0,0.0,24h_prior,29.8,31.26206456845778,1.5743967277191848,3.284266175327297e-05,weather_plus_market_training,1.0786404310398992e-09,3.2843201085320484e-05
2026-05-30,nan,Will the highest temperature in Hong Kong be 25°C on May 30?,interior,25.0,26.0,interior,32.6,,2026-05-30|25.0|26.0,0.0,0.0,24h_prior,29.8,31.26206456845778,1.5743967277191848,0.000380644638800982,weather_plus_market_training,1.4489034104793006e-07,0.00038071710236062647
2026-05-30,nan,Will the highest temperature in Hong Kong be 26°C on May 30?,interior,26.0,27.0,interior,32.6,,2026-05-30|26.0|27.0,0.0,0.0,24h_prior,29.8,31.26206456845778,1.5743967277191848,0.002978116237659686,weather_plus_market_training,8.869176325012284e-06,0.0029825596500140353
2026-05-30,nan,Will the highest temperature in Hong Kong be 27°C on May 30?,interior,27.0,28.0,interior,32.6,,2026-05-30|27.0|28.0,0.0,0.0,24h_prior,29.8,31.26206456845778,1.5743967277191848,0.015741659723360748,weather_plus_market_training,0.000247799850846078,0.015866875456179087
2026-05-30,nan,Will the highest temperature in Hong Kong be 28°C on May 30?,interior,28.0,29.0,interior,32.6,,2026-05-30|28.0|29.0,0.0,0.0,24h_prior,29.8,31.26206456845778,1.5743967277191848,0.05625474975763629,weather_plus_market_training,0.0031645968702942798,0.057899011287341054
2026-05-30,nan,Will the highest temperature in Hong Kong be 29°C on May 30?,interior,29.0,30.0,interior,32.6,,2026-05-30|29.0|30.0,0.0,0.0,24h_prior,29.8,31.26206456845778,1.5743967277191848,0.13599701423761804,weather_plus_market_training,0.018495187881546884,0.14617905444055482
2026-05-30,nan,Will the highest temperature in Hong Kong be 30°C on May 30?,interior,30.0,31.0,interior,32.6,,2026-05-30|30.0|31.0,0.0,0.0,24h_prior,29.8,31.26206456845778,1.5743967277191848,0.22251284093390206,weather_plus_market_training,0.049511964380475997,0.2516881507357467
2026-05-30,nan,Will the highest temperature in Hong Kong be 31°C on May 30?,interior,31.0,32.0,interior,32.6,,2026-05-30|31.0|32.0,0.0,0.0,24h_prior,29.8,31.26206456845778,1.5743967277191848,0.24646166112842383,weather_plus_market_training,0.06074335040618202,0.28297538115945126
2026-05-30,nan,Will the highest temperature in Hong Kong be 32°C on May 30?,interior,32.0,33.0,interior,32.6,,2026-05-30|32.0|33.0,1.0,1.0,24h_prior,29.8,31.26206456845778,1.5743967277191848,0.18481455793059975,weather_plus_market_training,0.6645273049618835,1.6884023461965385
2026-05-30,nan,Will the highest temperature in Hong Kong be 33°C or higher on May 30?,upper_tail,33.0,inf,upper_tail,32.6,,2026-05-30|33.0|inf,0.0,0.0,24h_prior,29.8,31.26206456845778,1.5743967277191848,0.1348239244481515,weather_plus_market_training,0.018177490603600865,0.144822237213608
2026-05-30,nan,Will the highest temperature in Hong Kong be 23°C or below on May 30?,lower_tail,-inf,24.0,lower_tail,32.6,,2026-05-30|-inf|24.0,0.0,0.0,6h_prior,29.7,31.198653189347077,1.5550499838461431,1.8353154599388387e-06,weather_plus_market_training,3.368382837490511e-12,1.8353171441350128e-06
2026-05-30,nan,Will the highest temperature in Hong Kong be 24°C on May 30?,interior,24.0,25.0,interior,32.6,,2026-05-30|24.0|25.0,0.0,0.0,6h_prior,29.7,31.198653189347077,1.5550499838461431,3.174256417727086e-05,weather_plus_market_training,1.0075903805481594e-09,3.1743067983113426e-05
2026-05-30,nan,Will the highest temperature in Hong Kong be 25°C on May 30?,interior,25.0,26.0,interior,32.6,,2026-05-30|25.0|26.0,0.0,0.0,6h_prior,29.7,31.198653189347077,1.5550499838461431,0.0003806953495622005,weather_plus_market_training,1.4492894917828602e-07,0.0003807678324332998
2026-05-30,nan,Will the highest temperature in Hong Kong be 26°C on May 30?,interior,26.0,27.0,interior,32.6,,2026-05-30|26.0|27.0,0.0,0.0,6h_prior,29.7,31.198653189347077,1.5550499838461431,0.0030525783903050004,weather_plus_market_training,9.318234828957067e-06,0.003057247011027463
2026-05-30,nan,Will the highest temperature in Hong Kong be 27°C on May 30?,interior,27.0,28.0,interior,32.6,,2026-05-30|27.0|28.0,0.0,0.0,6h_prior,29.7,31.198653189347077,1.5550499838461431,0.016378878877414783,weather_plus_market_training,0.0002682676732810241,0.016514495586196977
2026-05-30,nan,Will the highest temperature in Hong Kong be 28°C on May 30?,interior,28.0,29.0,interior,32.6,,2026-05-30|28.0|29.0,0.0,0.0,6h_prior,29.7,31.198653189347077,1.5550499838461431,0.05885292234111815,weather_plus_market_training,0.003463666468089684,0.0606558522915391
2026-05-30,nan,Will the highest temperature in Hong Kong be 29°C on May 30?,interior,29.0,30.0,interior,32.6,,2026-05-30|29.0|30.0,0.0,0.0,6h_prior,29.7,31.198653189347077,1.5550499838461431,0.1417101524143149,weather_plus_market_training,0.020081767297288357,0.1528134188427926
2026-05-30,nan,Will the highest temperature in Hong Kong be 30°C on May 30?,interior,30.0,31.0,interior,32.6,,2026-05-30|30.0|31.0,0.0,0.0,6h_prior,29.7,31.198653189347077,1.5550499838461431,0.22876573608199352,weather_plus_market_training,0.052333762005136314,0.2597631073184941
2026-05-30,nan,Will the highest temperature in Hong Kong be 31°C on May 30?,interior,31.0,32.0,interior,32.6,,2026-05-30|31.0|32.0,0.0,0.0,6h_prior,29.7,31.198653189347077,1.5550499838461431,0.2476603984441883,weather_plus_market_training,0.06133567295753411,0.28456745915832116
2026-05-30,nan,Will the highest temperature in Hong Kong be 32°C on May 30?,interior,32.0,33.0,interior,32.6,,2026-05-30|32.0|33.0,1.0,1.0,6h_prior,29.7,31.198653189347077,1.5550499838461431,0.17981161220854736,weather_plus_market_training,0.6727089914679423,1.7158455750003352
2026-05-30,nan,Will the highest temperature in Hong Kong be 33°C or higher on May 30?,upper_tail,33.0,inf,upper_tail,32.6,,2026-05-30|33.0|inf,0.0,0.0,6h_prior,29.7,31.198653189347077,1.5550499838461431,0.12335344801291859,weather_plus_market_training,0.015216073136675808,0.13165138724309366
2026-05-30,nan,Will the highest temperature in Hong Kong be 23°C or below on May 30?,lower_tail,-inf,24.0,lower_tail,32.6,,2026-05-30|-inf|24.0,0.0,0.0,event_day_open,30.3,31.826850890261667,1.4489855212111729,3.302319124035369e-08,weather_plus_market_training,1.0905311596969725e-15,3.302319183787937e-08
2026-05-30,nan,Will the highest temperature in Hong Kong be 24°C on May 30?,interior,24.0,25.0,interior,32.6,,2026-05-30|24.0|25.0,0.0,0.0,event_day_open,30.3,31.826850890261667,1.4489855212111729,1.1966621825071846e-06,weather_plus_market_training,1.4320003790428585e-12,1.196662898457381e-06
2026-05-30,nan,Will the highest temperature in Hong Kong be 25°C on May 30?,interior,25.0,26.0,interior,32.6,,2026-05-30|25.0|26.0,0.0,0.0,event_day_open,30.3,31.826850890261667,1.4489855212111729,2.7705382418197044e-05,weather_plus_market_training,7.675882149385419e-10,2.770576621933808e-05
2026-05-30,nan,Will the highest temperature in Hong Kong be 26°C on May 30?,interior,26.0,27.0,interior,32.6,,2026-05-30|26.0|27.0,0.0,0.0,event_day_open,30.3,31.826850890261667,1.4489855212111729,0.0004034375590625594,weather_plus_market_training,1.6276186406235613e-07,0.0004035189618893197
2026-05-30,nan,Will the highest temperature in Hong Kong be 27°C on May 30?,interior,27.0,28.0,interior,32.6,,2026-05-30|27.0|28.0,0.0,0.0,event_day_open,30.3,31.826850890261667,1.4489855212111729,0.0037000387721382497,weather_plus_market_training,1.3690286915326327e-05,0.003706900847455109
2026-05-30,nan,Will the highest temperature in Hong Kong be 28°C on May 30?,interior,28.0,29.0,interior,32.6,,2026-05-30|28.0|29.0,0.0,0.0,event_day_open,30.3,31.826850890261667,1.4489855212111729,0.021401032021928588,weather_plus_market_training,0.0004580041716036128,0.02163335471782788
2026-05-30,nan,Will the highest temperature in Hong Kong be 29°C on May 30?,interior,29.0,30.0,interior,32.6,,2026-05-30|29.0|30.0,0.0,0.0,event_day_open,30.3,31.826850890261667,1.4489855212111729,0.07816075102640152,weather_plus_market_training,0.006109103001011126,0.08138442098034773
2026-05-30,nan,Will the highest temperature in Hong Kong be 30°C on May 30?,interior,30.0,31.0,interior,32.6,,2026-05-30|30.0|31.0,0.0,0.0,event_day_open,30.3,31.826850890261667,1.4489855212111729,0.18042723528305393,weather_plus_market_training,0.0325539872318865,0.19897209313908315
2026-05-30,nan,Will the highest temperature in Hong Kong be 31°C on May 30?,interior,31.0,32.0,interior,32.6,,2026-05-30|31.0|32.0,0.0,0.0,event_day_open,30.3,31.826850890261667,1.4489855212111729,0.2634376763509759,weather_plus_market_training,0.06939940932120155,0.3057614252760358
2026-05-30,nan,Will the highest temperature in Hong Kong be 32°C on May 30?,interior,32.0,33.0,interior,32.6,,2026-05-30|32.0|33.0,1.0,1.0,event_day_open,30.3,31.826850890261667,1.4489855212111729,0.24336584480685053,weather_plus_market_training,0.572495244804851,1.413189433637394
2026-05-30,nan,Will the highest temperature in Hong Kong be 33°C or higher on May 30?,upper_tail,33.0,inf,upper_tail,32.6,,2026-05-30|33.0|inf,0.0,0.0,event_day_open,30.3,31.826850890261667,1.4489855212111729,0.20907504911179675,weather_plus_market_training,0.04371237616110022,0.23455219449173462
2026-05-31,nan,Will the highest temperature in Hong Kong be 22°C or below on May 31?,lower_tail,-inf,23.0,lower_tail,30.9,,2026-05-31|-inf|23.0,0.0,0.0,12h_prior,28.5,29.98293652655635,1.5560323220773162,3.6005676725865495e-06,weather_plus_market_training,1.2964087564875322e-11,3.600574154627453e-06
2026-05-31,nan,Will the highest temperature in Hong Kong be 23°C on May 31?,interior,23.0,24.0,interior,30.9,,2026-05-31|23.0|24.0,0.0,0.0,12h_prior,28.5,29.98293652655635,1.5560323220773162,5.667687617477088e-05,weather_plus_market_training,3.2122682929303106e-09,5.6678482369557765e-05
2026-05-31,nan,Will the highest temperature in Hong Kong be 24°C on May 31?,interior,24.0,25.0,interior,30.9,,2026-05-31|24.0|25.0,0.0,0.0,12h_prior,28.5,29.98293652655635,1.5560323220773162,0.0006213147634966735,weather_plus_market_training,3.8603203533892736e-07,0.0006215078595007716
2026-05-31,nan,Will the highest temperature in Hong Kong be 25°C on May 31?,interior,25.0,26.0,interior,30.9,,2026-05-31|25.0|26.0,0.0,0.0,12h_prior,28.5,29.98293652655635,1.5560323220773162,0.004556917283423853,weather_plus_market_training,2.0765495127967026e-05,0.004567331681398361
2026-05-31,nan,Will the highest temperature in Hong Kong be 26°C on May 31?,interior,26.0,27.0,interior,30.9,,2026-05-31|26.0|27.0,0.0,0.0,12h_prior,28.5,29.98293652655635,1.5560323220773162,0.022379535181772835,weather_plus_market_training,0.0005008435949522081,0.022633757050047956
2026-05-31,nan,Will the highest temperature in Hong Kong be 27°C on May 31?,interior,27.0,28.0,interior,30.9,,2026-05-31|27.0|28.0,0.0,0.0,12h_prior,28.5,29.98293652655635,1.5560323220773162,0.07365089040642156,weather_plus_market_training,0.005424453657658719,0.07650410718528361
2026-05-31,nan,Will the highest temperature in Hong Kong be 28°C on May 31?,interior,28.0,29.0,interior,30.9,,2026-05-31|28.0|29.0,0.0,0.0,12h_prior,28.5,29.98293652655635,1.5560323220773162,0.1625244382099823,weather_plus_market_training,0.026414193015470357,0.17736319566087633
2026-05-31,nan,Will the highest temperature in Hong Kong be 29°C on May 31?,interior,29.0,30.0,interior,30.9,,2026-05-31|29.0|30.0,0.0,0.0,12h_prior,28.5,29.98293652655635,1.5560323220773162,0.24058134597533398,weather_plus_market_training,0.05787938403130335,0.27520206732407226
2026-05-31,nan,Will the highest temperature in Hong Kong be 30°C on May 31?,interior,30.0,31.0,interior,30.9,,2026-05-31|30.0|31.0,1.0,1.0,12h_prior,28.5,29.98293652655635,1.5560323220773162,0.2389489463834863,weather_plus_market_training,0.5791987062108056,1.431505363327447
2026-05-31,nan,Will the highest temperature in Hong Kong be 31°C on May 31?,interior,31.0,32.0,interior,30.9,,2026-05-31|31.0|32.0,0.0,0.0,12h_prior,28.5,29.98293652655635,1.5560323220773162,0.15923791116089858,weather_plus_market_training,0.02535671235088623,0.17344654982807775
2026-05-31,nan,Will the highest temperature in Hong Kong be 32°C or higher on May 31?,upper_tail,32.0,inf,upper_tail,30.9,,2026-05-31|32.0|inf,0.0,0.0,12h_prior,28.5,29.98293652655635,1.5560323220773162,0.09743842319133655,weather_plus_market_training,0.009494246314013993,0.10251836195173009
2026-05-31,nan,Will the highest temperature in Hong Kong be 22°C or below on May 31?,lower_tail,-inf,23.0,lower_tail,30.9,,2026-05-31|-inf|23.0,0.0,0.0,24h_prior,30.2,31.66250907474446,1.5743993716555955,1.876427330197955e-08,weather_plus_market_training,3.520979525513825e-16,1.876427353339019e-08
2026-05-31,nan,Will the highest temperature in Hong Kong be 23°C on May 31?,interior,23.0,24.0,interior,30.9,,2026-05-31|23.0|24.0,0.0,0.0,24h_prior,30.2,31.66250907474446,1.5743993716555955,5.479295530966568e-07,weather_plus_market_training,3.00226795156702e-13,5.479297031764947e-07
2026-05-31,nan,Will the highest temperature in Hong Kong be 24°C on May 31?,interior,24.0,25.0,interior,30.9,,2026-05-31|24.0|25.0,0.0,0.0,24h_prior,30.2,31.66250907474446,1.5743993716555955,1.1025851131944677e-05,weather_plus_market_training,1.2156939318380572e-10,1.1025911917139454e-05
2026-05-31,nan,Will the highest temperature in Hong Kong be 25°C on May 31?,interior,25.0,26.0,interior,30.9,,2026-05-31|25.0|26.0,0.0,0.0,24h_prior,30.2,31.66250907474446,1.5743993716555955,0.00014959973402183164,weather_plus_market_training,2.238008041940277e-08,0.00014961092517819653
2026-05-31,nan,Will the highest temperature in Hong Kong be 26°C on May 31?,interior,26.0,27.0,interior,30.9,,2026-05-31|26.0|27.0,0.0,0.0,24h_prior,30.2,31.66250907474446,1.5743993716555955,0.001369765939374672,weather_plus_market_training,1.8762587286709777e-06,0.0013707049262984775
2026-05-31,nan,Will the highest temperature in Hong Kong be 27°C on May 31?,interior,27.0,28.0,interior,30.9,,2026-05-31|27.0|28.0,0.0,0.0,24h_prior,30.2,31.66250907474446,1.5743993716555955,0.008470591794457692,weather_plus_market_training,7.175092534833398e-05,0.00850667114389746
2026-05-31,nan,Will the highest temperature in Hong Kong be 28°C on May 31?,interior,28.0,29.0,interior,30.9,,2026-05-31|28.0|29.0,0.0,0.0,24h_prior,30.2,31.66250907474446,1.5743993716555955,0.03540473754408843,weather_plus_market_training,0.0012534954405657851,0.03604668276725571
2026-05-31,nan,Will the highest temperature in Hong Kong be 29°C on May 31?,interior,29.0,30.0,interior,30.9,,2026-05-31|29.0|30.0,0.0,0.0,24h_prior,30.2,31.66250907474446,1.5743993716555955,0.10008604124995567,weather_plus_market_training,0.010017215653087828,0.10545612161677
2026-05-31,nan,Will the highest temperature in Hong Kong be 30°C on May 31?,interior,30.0,31.0,interior,30.9,,2026-05-31|30.0|31.0,1.0,1.0,24h_prior,30.2,31.66250907474446,1.5743993716555955,0.1914578151167366,weather_plus_market_training,0.6537404647358014,1.6530877812247682
2026-05-31,nan,Will the highest temperature in Hong Kong be 31°C on May 31?,interior,31.0,32.0,interior,30.9,,2026-05-31|31.0|32.0,0.0,0.0,24h_prior,30.2,31.66250907474446,1.5743993716555955,0.247917352735887,weather_plus_market_training,0.061463013787570214,0.2849090577944739
2026-05-31,nan,Will the highest temperature in Hong Kong be 32°C or higher on May 31?,upper_tail,32.0,inf,upper_tail,30.9,,2026-05-31|32.0|inf,0.0,0.0,24h_prior,30.2,31.66250907474446,1.5743993716555955,0.41513250334051977,weather_plus_market_training,0.17233499532976665,0.5363699588423909
2026-05-31,nan,Will the highest temperature in Hong Kong be 22°C or below on May 31?,lower_tail,-inf,23.0,lower_tail,30.9,,2026-05-31|-inf|23.0,0.0,0.0,6h_prior,28.3,29.80904549234339,1.5541048160351745,5.897862712089139e-06,weather_plus_market_training,3.478478457065146e-11,5.897880104561581e-06
2026-05-31,nan,Will the highest temperature in Hong Kong be 23°C on May 31?,interior,23.0,24.0,interior,30.9,,2026-05-31|23.0|24.0,0.0,0.0,6h_prior,28.3,29.80904549234339,1.5541048160351745,8.689418207104367e-05,weather_plus_market_training,7.550598877795687e-09,8.689795758923865e-05
2026-05-31,nan,Will the highest temperature in Hong Kong be 24°C on May 31?,interior,24.0,25.0,interior,30.9,,2026-05-31|24.0|25.0,0.0,0.0,6h_prior,28.3,29.80904549234339,1.5541048160351745,0.0008932146071663087,weather_plus_market_training,7.978323344552632e-07,0.0008936137610379333
2026-05-31,nan,Will the highest temperature in Hong Kong be 25°C on May 31?,interior,25.0,26.0,interior,30.9,,2026-05-31|25.0|26.0,0.0,0.0,6h_prior,28.3,29.80904549234339,1.5541048160351745,0.006137823960284335,weather_plus_market_training,3.7672882967440484e-05,0.006156737834838616
2026-05-31,nan,Will the highest temperature in Hong Kong be 26°C on May 31?,interior,26.0,27.0,interior,30.9,,2026-05-31|26.0|27.0,0.0,0.0,6h_prior,28.3,29.80904549234339,1.5541048160351745,0.028218294744318494,weather_plus_market_training,0.0007962721582772327,0.028624082814538643
2026-05-31,nan,Will the highest temperature in Hong Kong be 27°C on May 31?,interior,27.0,28.0,interior,30.9,,2026-05-31|27.0|28.0,0.0,0.0,6h_prior,28.3,29.80904549234339,1.5541048160351745,0.08686108172594495,weather_plus_market_training,0.007544847518601287,0.09086725413030745
2026-05-31,nan,Will the highest temperature in Hong Kong be 28°C on May 31?,interior,28.0,29.0,interior,30.9,,2026-05-31|28.0|29.0,0.0,0.0,6h_prior,28.3,29.80904549234339,1.5541048160351745,0.17912433162788122,weather_plus_market_training,0.032085526181135166,0.19738362025221345
2026-05-31,nan,Will the highest temperature in Hong Kong be 29°C on May 31?,interior,29.0,30.0,interior,30.9,,2026-05-31|29.0|30.0,0.0,0.0,6h_prior,28.3,29.80904549234339,1.5541048160351745,0.24756786032794786,weather_plus_market_training,0.0612898454673583,0.2844444662633568
2026-05-31,nan,Will the highest temperature in Hong Kong be 30°C on May 31?,interior,30.0,31.0,interior,30.9,,2026-05-31|30.0|31.0,1.0,1.0,6h_prior,28.3,29.80904549234339,1.5541048160351745,0.22936411037340743,weather_plus_market_training,0.5938796743805698,1.4724445365115886
2026-05-31,nan,Will the highest temperature in Hong Kong be 31°C on May 31?,interior,31.0,32.0,interior,30.9,,2026-05-31|31.0|32.0,0.0,0.0,6h_prior,28.3,29.80904549234339,1.5541048160351745,0.1424389827789001,weather_plus_market_training,0.0202888638150878,0.15366294536443467
2026-05-31,nan,Will the highest temperature in Hong Kong be 32°C or higher on May 31?,upper_tail,32.0,inf,upper_tail,30.9,,2026-05-31|32.0|inf,0.0,0.0,6h_prior,28.3,29.80904549234339,1.5541048160351745,0.07930150780936618,weather_plus_market_training,0.006288729140838965,0.08262266636684326
2026-05-31,nan,Will the highest temperature in Hong Kong be 22°C or below on May 31?,lower_tail,-inf,23.0,lower_tail,30.9,,2026-05-31|-inf|23.0,0.0,0.0,event_day_open,29.1,30.642968057061324,1.44819483566651,6.544955608325836e-08,weather_plus_market_training,4.283644391495581e-15,6.544955824992151e-08
2026-05-31,nan,Will the highest temperature in Hong Kong be 23°C on May 31?,interior,23.0,24.0,interior,30.9,,2026-05-31|23.0|24.0,0.0,0.0,event_day_open,29.1,30.642968057061324,1.44819483566651,2.182122929515862e-06,weather_plus_market_training,4.761660479518887e-12,2.1821253102953307e-06
2026-05-31,nan,Will the highest temperature in Hong Kong be 24°C on May 31?,interior,24.0,25.0,interior,30.9,,2026-05-31|24.0|25.0,0.0,0.0,event_day_open,29.1,30.642968057061324,1.44819483566651,4.6538141563727965e-05,weather_plus_market_training,2.1657986202055843e-09,4.6539224496654274e-05
2026-05-31,nan,Will the highest temperature in Hong Kong be 25°C on May 31?,interior,25.0,26.0,interior,30.9,,2026-05-31|25.0|26.0,0.0,0.0,event_day_open,29.1,30.642968057061324,1.44819483566651,0.0006240947449244963,weather_plus_market_training,3.894942506423721e-07,0.000624289573114902
2026-05-31,nan,Will the highest temperature in Hong Kong be 26°C on May 31?,interior,26.0,27.0,interior,30.9,,2026-05-31|26.0|27.0,0.0,0.0,event_day_open,29.1,30.642968057061324,1.44819483566651,0.005269908190696897,weather_plus_market_training,2.777193233837424e-05,0.005283843135680593
2026-05-31,nan,Will the highest temperature in Hong Kong be 27°C on May 31?,interior,27.0,28.0,interior,30.9,,2026-05-31|27.0|28.0,0.0,0.0,event_day_open,29.1,30.642968057061324,1.44819483566651,0.028057075700678388,weather_plus_market_training,0.0007871994968735976,0.028458196102441262
2026-05-31,nan,Will the highest temperature in Hong Kong be 28°C on May 31?,interior,28.0,29.0,interior,30.9,,2026-05-31|28.0|29.0,0.0,0.0,event_day_open,29.1,30.642968057061324,1.44819483566651,0.09429387288816068,weather_plus_market_training,0.008891334464248604,0.09904038856743248
2026-05-31,nan,Will the highest temperature in Hong Kong be 29°C on May 31?,interior,29.0,30.0,interior,30.9,,2026-05-31|29.0|30.0,0.0,0.0,event_day_open,29.1,30.642968057061324,1.44819483566651,0.2002351556082107,weather_plus_market_training,0.04009411754144435,0.22343753903462849
2026-05-31,nan,Will the highest temperature in Hong Kong be 30°C on May 31?,interior,30.0,31.0,interior,30.9,,2026-05-31|30.0|31.0,1.0,1.0,event_day_open,29.1,30.642968057061324,1.44819483566651,0.2688373784831285,weather_plus_market_training,0.5345987791034239,1.3136486231437743
2026-05-31,nan,Will the highest temperature in Hong Kong be 31°C on May 31?,interior,31.0,32.0,interior,30.9,,2026-05-31|31.0|32.0,0.0,0.0,event_day_open,29.1,30.642968057061324,1.44819483566651,0.22826748177704326,weather_plus_market_training,0.05210604323683277,0.2591172679808803
2026-05-31,nan,Will the highest temperature in Hong Kong be 32°C or higher on May 31?,upper_tail,32.0,inf,upper_tail,30.9,,2026-05-31|32.0|inf,0.0,0.0,event_day_open,29.1,30.642968057061324,1.44819483566651,0.17436624689310776,weather_plus_market_training,0.03040358805558821,0.19160400196687266
