strategy_id,model,decision_rule,rule_filter,side_mode,top_k,sizing_rule,ranking_signal,edge_threshold,stability_filter,execution_track,complexity_score,dates,total_net_pnl,mean_daily_net_pnl,daily_pnl_sd,sharpe,opportunity_annualised_sharpe,probabilistic_sharpe_vs_zero,maximum_drawdown,expected_shortfall_5pct,positive_date_fraction,active_dates,position_count,mean_positions_per_active_date,total_entry_cash,return_on_entry_cash,profit_factor_date_level,gross_pnl_before_cost,break_even_cost_per_position,deflated_sharpe_probability,expected_maximum_sharpe_under_trials
S040541,matern,24h_prior,none,short_only,1,one_share,edge,0.2,robust_0.10c,includes_synthetic_short_yes,1,97,5.52,0.056907216494845356,0.1407891510434891,0.4042017163472133,7.722262947917668,0.9999999999973505,0.0,0.0,0.14432989690721648,14,14,1.0,8.48,0.6509433962264151,,5.659999999999999,0.40428571428571425,0.005008551443359746,0.5551176451244564
S040586,matern,24h_prior,none,short_only,1,one_share,roi,0.2,robust_0.10c,includes_synthetic_short_yes,2,97,5.52,0.056907216494845356,0.1407891510434891,0.4042017163472133,7.722262947917668,0.9999999999973505,0.0,0.0,0.14432989690721648,14,14,1.0,8.48,0.6509433962264151,,5.659999999999999,0.40428571428571425,0.005008551443359746,0.5551176451244564
S040631,matern,24h_prior,none,short_only,1,one_share,logit_gap,0.2,robust_0.10c,includes_synthetic_short_yes,2,97,5.52,0.056907216494845356,0.1407891510434891,0.4042017163472133,7.722262947917668,0.9999999999973505,0.0,0.0,0.14432989690721648,14,14,1.0,8.48,0.6509433962264151,,5.659999999999999,0.40428571428571425,0.005008551443359746,0.5551176451244564
S040676,matern,24h_prior,none,short_only,1,equal_budget,edge,0.2,robust_0.10c,includes_synthetic_short_yes,1,97,5.52,0.056907216494845356,0.1407891510434891,0.4042017163472133,7.722262947917668,0.9999999999973505,0.0,0.0,0.14432989690721648,14,14,1.0,8.48,0.6509433962264151,,5.659999999999999,0.40428571428571425,0.005008551443359746,0.5551176451244564
S040721,matern,24h_prior,none,short_only,1,equal_budget,roi,0.2,robust_0.10c,includes_synthetic_short_yes,2,97,5.52,0.056907216494845356,0.1407891510434891,0.4042017163472133,7.722262947917668,0.9999999999973505,0.0,0.0,0.14432989690721648,14,14,1.0,8.48,0.6509433962264151,,5.659999999999999,0.40428571428571425,0.005008551443359746,0.5551176451244564
S040766,matern,24h_prior,none,short_only,1,equal_budget,logit_gap,0.2,robust_0.10c,includes_synthetic_short_yes,2,97,5.52,0.056907216494845356,0.1407891510434891,0.4042017163472133,7.722262947917668,0.9999999999973505,0.0,0.0,0.14432989690721648,14,14,1.0,8.48,0.6509433962264151,,5.659999999999999,0.40428571428571425,0.005008551443359746,0.5551176451244564
S040811,matern,24h_prior,none,short_only,1,edge_weighted,edge,0.2,robust_0.10c,includes_synthetic_short_yes,2,97,5.52,0.056907216494845356,0.1407891510434891,0.4042017163472133,7.722262947917668,0.9999999999973505,0.0,0.0,0.14432989690721648,14,14,1.0,8.48,0.6509433962264151,,5.659999999999999,0.40428571428571425,0.005008551443359746,0.5551176451244564
S040856,matern,24h_prior,none,short_only,1,edge_weighted,roi,0.2,robust_0.10c,includes_synthetic_short_yes,3,97,5.52,0.056907216494845356,0.1407891510434891,0.4042017163472133,7.722262947917668,0.9999999999973505,0.0,0.0,0.14432989690721648,14,14,1.0,8.48,0.6509433962264151,,5.659999999999999,0.40428571428571425,0.005008551443359746,0.5551176451244564
S040901,matern,24h_prior,none,short_only,1,edge_weighted,logit_gap,0.2,robust_0.10c,includes_synthetic_short_yes,3,97,5.52,0.056907216494845356,0.1407891510434891,0.4042017163472133,7.722262947917668,0.9999999999973505,0.0,0.0,0.14432989690721648,14,14,1.0,8.48,0.6509433962264151,,5.659999999999999,0.40428571428571425,0.005008551443359746,0.5551176451244564
S040946,matern,24h_prior,none,short_only,1,quarter_kelly,edge,0.2,robust_0.10c,includes_synthetic_short_yes,2,97,0.8944609700838213,0.009221247114266199,0.02314262556203319,0.3984529365325854,7.612432663772848,0.9999999999973934,0.0,0.0,0.14432989690721648,14,14,1.0,1.396601251874637,0.6404555121823067,,1.0344609700838214,0.07389006929170153,0.0033356596333009437,0.5551176451244564
S040991,matern,24h_prior,none,short_only,1,quarter_kelly,roi,0.2,robust_0.10c,includes_synthetic_short_yes,3,97,0.8944609700838213,0.009221247114266199,0.02314262556203319,0.3984529365325854,7.612432663772848,0.9999999999973934,0.0,0.0,0.14432989690721648,14,14,1.0,1.396601251874637,0.6404555121823067,,1.0344609700838214,0.07389006929170153,0.0033356596333009437,0.5551176451244564
S041036,matern,24h_prior,none,short_only,1,quarter_kelly,logit_gap,0.2,robust_0.10c,includes_synthetic_short_yes,3,97,0.8944609700838213,0.009221247114266199,0.02314262556203319,0.3984529365325854,7.612432663772848,0.9999999999973934,0.0,0.0,0.14432989690721648,14,14,1.0,1.396601251874637,0.6404555121823067,,1.0344609700838214,0.07389006929170153,0.0033356596333009437,0.5551176451244564
S041351,matern,24h_prior,none,short_only,2,edge_weighted,edge,0.2,robust_0.10c,includes_synthetic_short_yes,3,97,5.080150087779458,0.052372681317314,0.13979517819364373,0.37463868206360856,7.15746197097131,0.9999999995910633,0.13484991222054243,-0.0016053560978636007,0.13402061855670103,14,15,1.0714285714285714,8.456850004619971,0.6007142239727766,38.672624357893866,5.2301500877794584,0.34867667251863055,0.0015453203529612108,0.5551176451244564
S041396,matern,24h_prior,none,short_only,2,edge_weighted,roi,0.2,robust_0.10c,includes_synthetic_short_yes,4,97,5.080150087779458,0.052372681317314,0.13979517819364373,0.37463868206360856,7.15746197097131,0.9999999995910633,0.13484991222054243,-0.0016053560978636007,0.13402061855670103,14,15,1.0714285714285714,8.456850004619971,0.6007142239727766,38.672624357893866,5.2301500877794584,0.34867667251863055,0.0015453203529612108,0.5551176451244564
S041441,matern,24h_prior,none,short_only,2,edge_weighted,logit_gap,0.2,robust_0.10c,includes_synthetic_short_yes,4,97,5.080150087779458,0.052372681317314,0.13979517819364373,0.37463868206360856,7.15746197097131,0.9999999995910633,0.13484991222054243,-0.0016053560978636007,0.13402061855670103,14,15,1.0714285714285714,8.456850004619971,0.6007142239727766,38.672624357893866,5.2301500877794584,0.34867667251863055,0.0015453203529612108,0.5551176451244564
S041891,matern,24h_prior,none,short_only,3,edge_weighted,edge,0.2,robust_0.10c,includes_synthetic_short_yes,3,97,5.080150087779458,0.052372681317314,0.13979517819364373,0.37463868206360856,7.15746197097131,0.9999999995910633,0.13484991222054243,-0.0016053560978636007,0.13402061855670103,14,15,1.0714285714285714,8.456850004619971,0.6007142239727766,38.672624357893866,5.2301500877794584,0.34867667251863055,0.0015453203529612108,0.5551176451244564
S041936,matern,24h_prior,none,short_only,3,edge_weighted,roi,0.2,robust_0.10c,includes_synthetic_short_yes,4,97,5.080150087779458,0.052372681317314,0.13979517819364373,0.37463868206360856,7.15746197097131,0.9999999995910633,0.13484991222054243,-0.0016053560978636007,0.13402061855670103,14,15,1.0714285714285714,8.456850004619971,0.6007142239727766,38.672624357893866,5.2301500877794584,0.34867667251863055,0.0015453203529612108,0.5551176451244564
S041981,matern,24h_prior,none,short_only,3,edge_weighted,logit_gap,0.2,robust_0.10c,includes_synthetic_short_yes,4,97,5.080150087779458,0.052372681317314,0.13979517819364373,0.37463868206360856,7.15746197097131,0.9999999995910633,0.13484991222054243,-0.0016053560978636007,0.13402061855670103,14,15,1.0714285714285714,8.456850004619971,0.6007142239727766,38.672624357893866,5.2301500877794584,0.34867667251863055,0.0015453203529612108,0.5551176451244564
S042431,matern,24h_prior,none,short_only,5,edge_weighted,edge,0.2,robust_0.10c,includes_synthetic_short_yes,3,97,5.080150087779458,0.052372681317314,0.13979517819364373,0.37463868206360856,7.15746197097131,0.9999999995910633,0.13484991222054243,-0.0016053560978636007,0.13402061855670103,14,15,1.0714285714285714,8.456850004619971,0.6007142239727766,38.672624357893866,5.2301500877794584,0.34867667251863055,0.0015453203529612108,0.5551176451244564
S042476,matern,24h_prior,none,short_only,5,edge_weighted,roi,0.2,robust_0.10c,includes_synthetic_short_yes,4,97,5.080150087779458,0.052372681317314,0.13979517819364373,0.37463868206360856,7.15746197097131,0.9999999995910633,0.13484991222054243,-0.0016053560978636007,0.13402061855670103,14,15,1.0714285714285714,8.456850004619971,0.6007142239727766,38.672624357893866,5.2301500877794584,0.34867667251863055,0.0015453203529612108,0.5551176451244564
S042521,matern,24h_prior,none,short_only,5,edge_weighted,logit_gap,0.2,robust_0.10c,includes_synthetic_short_yes,4,97,5.080150087779458,0.052372681317314,0.13979517819364373,0.37463868206360856,7.15746197097131,0.9999999995910633,0.13484991222054243,-0.0016053560978636007,0.13402061855670103,14,15,1.0714285714285714,8.456850004619971,0.6007142239727766,38.672624357893866,5.2301500877794584,0.34867667251863055,0.0015453203529612108,0.5551176451244564
S042971,matern,24h_prior,none,short_only,11,edge_weighted,edge,0.2,robust_0.10c,includes_synthetic_short_yes,3,97,5.080150087779458,0.052372681317314,0.13979517819364373,0.37463868206360856,7.15746197097131,0.9999999995910633,0.13484991222054243,-0.0016053560978636007,0.13402061855670103,14,15,1.0714285714285714,8.456850004619971,0.6007142239727766,38.672624357893866,5.2301500877794584,0.34867667251863055,0.0015453203529612108,0.5551176451244564
S043016,matern,24h_prior,none,short_only,11,edge_weighted,roi,0.2,robust_0.10c,includes_synthetic_short_yes,4,97,5.080150087779458,0.052372681317314,0.13979517819364373,0.37463868206360856,7.15746197097131,0.9999999995910633,0.13484991222054243,-0.0016053560978636007,0.13402061855670103,14,15,1.0714285714285714,8.456850004619971,0.6007142239727766,38.672624357893866,5.2301500877794584,0.34867667251863055,0.0015453203529612108,0.5551176451244564
S043061,matern,24h_prior,none,short_only,11,edge_weighted,logit_gap,0.2,robust_0.10c,includes_synthetic_short_yes,4,97,5.080150087779458,0.052372681317314,0.13979517819364373,0.37463868206360856,7.15746197097131,0.9999999995910633,0.13484991222054243,-0.0016053560978636007,0.13402061855670103,14,15,1.0714285714285714,8.456850004619971,0.6007142239727766,38.672624357893866,5.2301500877794584,0.34867667251863055,0.0015453203529612108,0.5551176451244564
S044231,matern,24h_prior,none,long_short,2,quarter_kelly,roi,0.2,robust_0.10c,includes_synthetic_short_yes,5,97,0.8196473057513116,0.008449972224240326,0.022607690503650964,0.3737653885024533,7.140777720911937,0.9999999999236457,0.009459870862360276,-0.00017884464773223666,0.13402061855670103,15,19,1.2666666666666666,1.4714149162071464,0.5570470278119168,55.55967592308399,1.0096473057513116,0.053139331881647975,0.0009463088502586791,0.5551176451244564
S044276,matern,24h_prior,none,long_short,2,quarter_kelly,logit_gap,0.2,robust_0.10c,includes_synthetic_short_yes,5,97,0.8196473057513116,0.008449972224240326,0.022607690503650964,0.3737653885024533,7.140777720911937,0.9999999999236457,0.009459870862360276,-0.00017884464773223666,0.13402061855670103,15,19,1.2666666666666666,1.4714149162071464,0.5570470278119168,55.55967592308399,1.0096473057513116,0.053139331881647975,0.0009463088502586791,0.5551176451244564
S041216,matern,24h_prior,none,short_only,2,equal_budget,edge,0.2,robust_0.10c,includes_synthetic_short_yes,2,97,5.045,0.052010309278350514,0.14033007925107036,0.37062837529861803,7.080845167804479,0.9999999985837261,0.16999999999999993,-0.002023809523809524,0.13402061855670103,14,15,1.0714285714285714,8.455,0.5966883500887049,30.67647058823529,5.195,0.3463333333333333,0.0015517970390120871,0.5551176451244564
S041261,matern,24h_prior,none,short_only,2,equal_budget,roi,0.2,robust_0.10c,includes_synthetic_short_yes,3,97,5.045,0.052010309278350514,0.14033007925107036,0.37062837529861803,7.080845167804479,0.9999999985837261,0.16999999999999993,-0.002023809523809524,0.13402061855670103,14,15,1.0714285714285714,8.455,0.5966883500887049,30.67647058823529,5.195,0.3463333333333333,0.0015517970390120871,0.5551176451244564
S041306,matern,24h_prior,none,short_only,2,equal_budget,logit_gap,0.2,robust_0.10c,includes_synthetic_short_yes,3,97,5.045,0.052010309278350514,0.14033007925107036,0.37062837529861803,7.080845167804479,0.9999999985837261,0.16999999999999993,-0.002023809523809524,0.13402061855670103,14,15,1.0714285714285714,8.455,0.5966883500887049,30.67647058823529,5.195,0.3463333333333333,0.0015517970390120871,0.5551176451244564
S041756,matern,24h_prior,none,short_only,3,equal_budget,edge,0.2,robust_0.10c,includes_synthetic_short_yes,2,97,5.045,0.052010309278350514,0.14033007925107036,0.37062837529861803,7.080845167804479,0.9999999985837261,0.16999999999999993,-0.002023809523809524,0.13402061855670103,14,15,1.0714285714285714,8.455,0.5966883500887049,30.67647058823529,5.195,0.3463333333333333,0.0015517970390120871,0.5551176451244564
S041801,matern,24h_prior,none,short_only,3,equal_budget,roi,0.2,robust_0.10c,includes_synthetic_short_yes,3,97,5.045,0.052010309278350514,0.14033007925107036,0.37062837529861803,7.080845167804479,0.9999999985837261,0.16999999999999993,-0.002023809523809524,0.13402061855670103,14,15,1.0714285714285714,8.455,0.5966883500887049,30.67647058823529,5.195,0.3463333333333333,0.0015517970390120871,0.5551176451244564
S041846,matern,24h_prior,none,short_only,3,equal_budget,logit_gap,0.2,robust_0.10c,includes_synthetic_short_yes,3,97,5.045,0.052010309278350514,0.14033007925107036,0.37062837529861803,7.080845167804479,0.9999999985837261,0.16999999999999993,-0.002023809523809524,0.13402061855670103,14,15,1.0714285714285714,8.455,0.5966883500887049,30.67647058823529,5.195,0.3463333333333333,0.0015517970390120871,0.5551176451244564
S042296,matern,24h_prior,none,short_only,5,equal_budget,edge,0.2,robust_0.10c,includes_synthetic_short_yes,2,97,5.045,0.052010309278350514,0.14033007925107036,0.37062837529861803,7.080845167804479,0.9999999985837261,0.16999999999999993,-0.002023809523809524,0.13402061855670103,14,15,1.0714285714285714,8.455,0.5966883500887049,30.67647058823529,5.195,0.3463333333333333,0.0015517970390120871,0.5551176451244564
S042341,matern,24h_prior,none,short_only,5,equal_budget,roi,0.2,robust_0.10c,includes_synthetic_short_yes,3,97,5.045,0.052010309278350514,0.14033007925107036,0.37062837529861803,7.080845167804479,0.9999999985837261,0.16999999999999993,-0.002023809523809524,0.13402061855670103,14,15,1.0714285714285714,8.455,0.5966883500887049,30.67647058823529,5.195,0.3463333333333333,0.0015517970390120871,0.5551176451244564
S042386,matern,24h_prior,none,short_only,5,equal_budget,logit_gap,0.2,robust_0.10c,includes_synthetic_short_yes,3,97,5.045,0.052010309278350514,0.14033007925107036,0.37062837529861803,7.080845167804479,0.9999999985837261,0.16999999999999993,-0.002023809523809524,0.13402061855670103,14,15,1.0714285714285714,8.455,0.5966883500887049,30.67647058823529,5.195,0.3463333333333333,0.0015517970390120871,0.5551176451244564
S042836,matern,24h_prior,none,short_only,11,equal_budget,edge,0.2,robust_0.10c,includes_synthetic_short_yes,2,97,5.045,0.052010309278350514,0.14033007925107036,0.37062837529861803,7.080845167804479,0.9999999985837261,0.16999999999999993,-0.002023809523809524,0.13402061855670103,14,15,1.0714285714285714,8.455,0.5966883500887049,30.67647058823529,5.195,0.3463333333333333,0.0015517970390120871,0.5551176451244564
S042881,matern,24h_prior,none,short_only,11,equal_budget,roi,0.2,robust_0.10c,includes_synthetic_short_yes,3,97,5.045,0.052010309278350514,0.14033007925107036,0.37062837529861803,7.080845167804479,0.9999999985837261,0.16999999999999993,-0.002023809523809524,0.13402061855670103,14,15,1.0714285714285714,8.455,0.5966883500887049,30.67647058823529,5.195,0.3463333333333333,0.0015517970390120871,0.5551176451244564
S042926,matern,24h_prior,none,short_only,11,equal_budget,logit_gap,0.2,robust_0.10c,includes_synthetic_short_yes,3,97,5.045,0.052010309278350514,0.14033007925107036,0.37062837529861803,7.080845167804479,0.9999999985837261,0.16999999999999993,-0.002023809523809524,0.13402061855670103,14,15,1.0714285714285714,8.455,0.5966883500887049,30.67647058823529,5.195,0.3463333333333333,0.0015517970390120871,0.5551176451244564
S043826,matern,24h_prior,none,long_short,2,one_share,roi,0.2,robust_0.10c,includes_synthetic_short_yes,4,97,4.843999999999999,0.0499381443298969,0.13599757308136282,0.36719879037856484,7.015323039907046,0.9999999989330326,0.1100000000000001,-0.002303571428571429,0.13402061855670103,15,19,1.2666666666666666,9.156,0.529051987767584,26.033591731266142,5.034,0.2649473684210526,0.0010917593215616908,0.5551176451244564
S043871,matern,24h_prior,none,long_short,2,one_share,logit_gap,0.2,robust_0.10c,includes_synthetic_short_yes,4,97,4.843999999999999,0.0499381443298969,0.13599757308136282,0.36719879037856484,7.015323039907046,0.9999999989330326,0.1100000000000001,-0.002303571428571429,0.13402061855670103,15,19,1.2666666666666666,9.156,0.529051987767584,26.033591731266142,5.034,0.2649473684210526,0.0010917593215616908,0.5551176451244564
S041486,matern,24h_prior,none,short_only,2,quarter_kelly,edge,0.2,robust_0.10c,includes_synthetic_short_yes,3,97,0.7995354944722679,0.008242633963631629,0.022965464655331648,0.3589143127447249,6.857048316947434,0.9999999928356648,0.03460028910982507,-0.0004119082036883938,0.13402061855670103,14,15,1.0714285714285714,1.49152672748619,0.5360517379529632,24.107769184657833,0.9495354944722679,0.0633023662981512,0.0009701223177156621,0.5551176451244564
S041531,matern,24h_prior,none,short_only,2,quarter_kelly,roi,0.2,robust_0.10c,includes_synthetic_short_yes,4,97,0.7995354944722679,0.008242633963631629,0.022965464655331648,0.3589143127447249,6.857048316947434,0.9999999928356648,0.03460028910982507,-0.0004119082036883938,0.13402061855670103,14,15,1.0714285714285714,1.49152672748619,0.5360517379529632,24.107769184657833,0.9495354944722679,0.0633023662981512,0.0009701223177156621,0.5551176451244564
S041576,matern,24h_prior,none,short_only,2,quarter_kelly,logit_gap,0.2,robust_0.10c,includes_synthetic_short_yes,4,97,0.7995354944722679,0.008242633963631629,0.022965464655331648,0.3589143127447249,6.857048316947434,0.9999999928356648,0.03460028910982507,-0.0004119082036883938,0.13402061855670103,14,15,1.0714285714285714,1.49152672748619,0.5360517379529632,24.107769184657833,0.9495354944722679,0.0633023662981512,0.0009701223177156621,0.5551176451244564
S042026,matern,24h_prior,none,short_only,3,quarter_kelly,edge,0.2,robust_0.10c,includes_synthetic_short_yes,3,97,0.7995354944722679,0.008242633963631629,0.022965464655331648,0.3589143127447249,6.857048316947434,0.9999999928356648,0.03460028910982507,-0.0004119082036883938,0.13402061855670103,14,15,1.0714285714285714,1.49152672748619,0.5360517379529632,24.107769184657833,0.9495354944722679,0.0633023662981512,0.0009701223177156621,0.5551176451244564
S042071,matern,24h_prior,none,short_only,3,quarter_kelly,roi,0.2,robust_0.10c,includes_synthetic_short_yes,4,97,0.7995354944722679,0.008242633963631629,0.022965464655331648,0.3589143127447249,6.857048316947434,0.9999999928356648,0.03460028910982507,-0.0004119082036883938,0.13402061855670103,14,15,1.0714285714285714,1.49152672748619,0.5360517379529632,24.107769184657833,0.9495354944722679,0.0633023662981512,0.0009701223177156621,0.5551176451244564
S042116,matern,24h_prior,none,short_only,3,quarter_kelly,logit_gap,0.2,robust_0.10c,includes_synthetic_short_yes,4,97,0.7995354944722679,0.008242633963631629,0.022965464655331648,0.3589143127447249,6.857048316947434,0.9999999928356648,0.03460028910982507,-0.0004119082036883938,0.13402061855670103,14,15,1.0714285714285714,1.49152672748619,0.5360517379529632,24.107769184657833,0.9495354944722679,0.0633023662981512,0.0009701223177156621,0.5551176451244564
S042566,matern,24h_prior,none,short_only,5,quarter_kelly,edge,0.2,robust_0.10c,includes_synthetic_short_yes,3,97,0.7995354944722679,0.008242633963631629,0.022965464655331648,0.3589143127447249,6.857048316947434,0.9999999928356648,0.03460028910982507,-0.0004119082036883938,0.13402061855670103,14,15,1.0714285714285714,1.49152672748619,0.5360517379529632,24.107769184657833,0.9495354944722679,0.0633023662981512,0.0009701223177156621,0.5551176451244564
S042611,matern,24h_prior,none,short_only,5,quarter_kelly,roi,0.2,robust_0.10c,includes_synthetic_short_yes,4,97,0.7995354944722679,0.008242633963631629,0.022965464655331648,0.3589143127447249,6.857048316947434,0.9999999928356648,0.03460028910982507,-0.0004119082036883938,0.13402061855670103,14,15,1.0714285714285714,1.49152672748619,0.5360517379529632,24.107769184657833,0.9495354944722679,0.0633023662981512,0.0009701223177156621,0.5551176451244564
S042656,matern,24h_prior,none,short_only,5,quarter_kelly,logit_gap,0.2,robust_0.10c,includes_synthetic_short_yes,4,97,0.7995354944722679,0.008242633963631629,0.022965464655331648,0.3589143127447249,6.857048316947434,0.9999999928356648,0.03460028910982507,-0.0004119082036883938,0.13402061855670103,14,15,1.0714285714285714,1.49152672748619,0.5360517379529632,24.107769184657833,0.9495354944722679,0.0633023662981512,0.0009701223177156621,0.5551176451244564
S043106,matern,24h_prior,none,short_only,11,quarter_kelly,edge,0.2,robust_0.10c,includes_synthetic_short_yes,3,97,0.7995354944722679,0.008242633963631629,0.022965464655331648,0.3589143127447249,6.857048316947434,0.9999999928356648,0.03460028910982507,-0.0004119082036883938,0.13402061855670103,14,15,1.0714285714285714,1.49152672748619,0.5360517379529632,24.107769184657833,0.9495354944722679,0.0633023662981512,0.0009701223177156621,0.5551176451244564
S043151,matern,24h_prior,none,short_only,11,quarter_kelly,roi,0.2,robust_0.10c,includes_synthetic_short_yes,4,97,0.7995354944722679,0.008242633963631629,0.022965464655331648,0.3589143127447249,6.857048316947434,0.9999999928356648,0.03460028910982507,-0.0004119082036883938,0.13402061855670103,14,15,1.0714285714285714,1.49152672748619,0.5360517379529632,24.107769184657833,0.9495354944722679,0.0633023662981512,0.0009701223177156621,0.5551176451244564
S043196,matern,24h_prior,none,short_only,11,quarter_kelly,logit_gap,0.2,robust_0.10c,includes_synthetic_short_yes,4,97,0.7995354944722679,0.008242633963631629,0.022965464655331648,0.3589143127447249,6.857048316947434,0.9999999928356648,0.03460028910982507,-0.0004119082036883938,0.13402061855670103,14,15,1.0714285714285714,1.49152672748619,0.5360517379529632,24.107769184657833,0.9495354944722679,0.0633023662981512,0.0009701223177156621,0.5551176451244564
S043961,matern,24h_prior,none,long_short,2,equal_budget,roi,0.2,robust_0.10c,includes_synthetic_short_yes,4,97,4.36525,0.04500257731958762,0.12565069956263633,0.3581562018853228,6.842564629315228,0.9999999995748663,0.08349999999999999,-0.001648809523809524,0.13402061855670103,15,19,1.2666666666666666,7.63475,0.5717606994335112,32.518050541516246,4.55525,0.23975,0.0003704663121312171,0.5551176451244564
S044006,matern,24h_prior,none,long_short,2,equal_budget,logit_gap,0.2,robust_0.10c,includes_synthetic_short_yes,4,97,4.36525,0.04500257731958762,0.12565069956263633,0.3581562018853228,6.842564629315228,0.9999999995748663,0.08349999999999999,-0.001648809523809524,0.13402061855670103,15,19,1.2666666666666666,7.63475,0.5717606994335112,32.518050541516246,4.55525,0.23975,0.0003704663121312171,0.5551176451244564
S044096,matern,24h_prior,none,long_short,2,edge_weighted,roi,0.2,robust_0.10c,includes_synthetic_short_yes,5,97,4.437141116115895,0.04574372284655562,0.12799750536737145,0.3573797998270707,6.827731488819661,0.999999998351171,0.10830549239369458,-0.0022833987189725545,0.13402061855670103,15,19,1.2666666666666666,7.775369888242548,0.5706662422356878,24.13354565993524,4.6271411161158955,0.2435337429534682,0.0005314158692490799,0.5551176451244564
S044141,matern,24h_prior,none,long_short,2,edge_weighted,logit_gap,0.2,robust_0.10c,includes_synthetic_short_yes,5,97,4.437141116115895,0.04574372284655562,0.12799750536737145,0.3573797998270707,6.827731488819661,0.999999998351171,0.10830549239369458,-0.0022833987189725545,0.13402061855670103,15,19,1.2666666666666666,7.775369888242548,0.5706662422356878,24.13354565993524,4.6271411161158955,0.2435337429534682,0.0005314158692490799,0.5551176451244564
S040542,matern,24h_prior,none,short_only,1,one_share,edge,0.2,robust_0.25c,includes_synthetic_short_yes,1,97,4.51,0.04649484536082474,0.13155948620549154,0.3534130962491092,6.751947723371344,0.9999999997364402,0.0,0.0,0.1134020618556701,11,11,1.0,6.49,0.6949152542372881,,4.62,0.42,0.00019651879533430212,0.5551176451244564
S040587,matern,24h_prior,none,short_only,1,one_share,roi,0.2,robust_0.25c,includes_synthetic_short_yes,2,97,4.51,0.04649484536082474,0.13155948620549154,0.3534130962491092,6.751947723371344,0.9999999997364402,0.0,0.0,0.1134020618556701,11,11,1.0,6.49,0.6949152542372881,,4.62,0.42,0.00019651879533430212,0.5551176451244564
S040632,matern,24h_prior,none,short_only,1,one_share,logit_gap,0.2,robust_0.25c,includes_synthetic_short_yes,2,97,4.51,0.04649484536082474,0.13155948620549154,0.3534130962491092,6.751947723371344,0.9999999997364402,0.0,0.0,0.1134020618556701,11,11,1.0,6.49,0.6949152542372881,,4.62,0.42,0.00019651879533430212,0.5551176451244564
S040677,matern,24h_prior,none,short_only,1,equal_budget,edge,0.2,robust_0.25c,includes_synthetic_short_yes,1,97,4.51,0.04649484536082474,0.13155948620549154,0.3534130962491092,6.751947723371344,0.9999999997364402,0.0,0.0,0.1134020618556701,11,11,1.0,6.49,0.6949152542372881,,4.62,0.42,0.00019651879533430212,0.5551176451244564
S040722,matern,24h_prior,none,short_only,1,equal_budget,roi,0.2,robust_0.25c,includes_synthetic_short_yes,2,97,4.51,0.04649484536082474,0.13155948620549154,0.3534130962491092,6.751947723371344,0.9999999997364402,0.0,0.0,0.1134020618556701,11,11,1.0,6.49,0.6949152542372881,,4.62,0.42,0.00019651879533430212,0.5551176451244564
S040767,matern,24h_prior,none,short_only,1,equal_budget,logit_gap,0.2,robust_0.25c,includes_synthetic_short_yes,2,97,4.51,0.04649484536082474,0.13155948620549154,0.3534130962491092,6.751947723371344,0.9999999997364402,0.0,0.0,0.1134020618556701,11,11,1.0,6.49,0.6949152542372881,,4.62,0.42,0.00019651879533430212,0.5551176451244564
S040812,matern,24h_prior,none,short_only,1,edge_weighted,edge,0.2,robust_0.25c,includes_synthetic_short_yes,2,97,4.51,0.04649484536082474,0.13155948620549154,0.3534130962491092,6.751947723371344,0.9999999997364402,0.0,0.0,0.1134020618556701,11,11,1.0,6.49,0.6949152542372881,,4.62,0.42,0.00019651879533430212,0.5551176451244564
S040857,matern,24h_prior,none,short_only,1,edge_weighted,roi,0.2,robust_0.25c,includes_synthetic_short_yes,3,97,4.51,0.04649484536082474,0.13155948620549154,0.3534130962491092,6.751947723371344,0.9999999997364402,0.0,0.0,0.1134020618556701,11,11,1.0,6.49,0.6949152542372881,,4.62,0.42,0.00019651879533430212,0.5551176451244564
S040902,matern,24h_prior,none,short_only,1,edge_weighted,logit_gap,0.2,robust_0.25c,includes_synthetic_short_yes,3,97,4.51,0.04649484536082474,0.13155948620549154,0.3534130962491092,6.751947723371344,0.9999999997364402,0.0,0.0,0.1134020618556701,11,11,1.0,6.49,0.6949152542372881,,4.62,0.42,0.00019651879533430212,0.5551176451244564
S041082,matern,24h_prior,none,short_only,2,one_share,edge,0.2,robust_0.25c,includes_synthetic_short_yes,2,97,4.51,0.04649484536082474,0.13155948620549154,0.3534130962491092,6.751947723371344,0.9999999997364402,0.0,0.0,0.1134020618556701,11,11,1.0,6.49,0.6949152542372881,,4.62,0.42,0.00019651879533430212,0.5551176451244564
S041127,matern,24h_prior,none,short_only,2,one_share,roi,0.2,robust_0.25c,includes_synthetic_short_yes,3,97,4.51,0.04649484536082474,0.13155948620549154,0.3534130962491092,6.751947723371344,0.9999999997364402,0.0,0.0,0.1134020618556701,11,11,1.0,6.49,0.6949152542372881,,4.62,0.42,0.00019651879533430212,0.5551176451244564
S041172,matern,24h_prior,none,short_only,2,one_share,logit_gap,0.2,robust_0.25c,includes_synthetic_short_yes,3,97,4.51,0.04649484536082474,0.13155948620549154,0.3534130962491092,6.751947723371344,0.9999999997364402,0.0,0.0,0.1134020618556701,11,11,1.0,6.49,0.6949152542372881,,4.62,0.42,0.00019651879533430212,0.5551176451244564
S041217,matern,24h_prior,none,short_only,2,equal_budget,edge,0.2,robust_0.25c,includes_synthetic_short_yes,2,97,4.51,0.04649484536082474,0.13155948620549154,0.3534130962491092,6.751947723371344,0.9999999997364402,0.0,0.0,0.1134020618556701,11,11,1.0,6.49,0.6949152542372881,,4.62,0.42,0.00019651879533430212,0.5551176451244564
S041262,matern,24h_prior,none,short_only,2,equal_budget,roi,0.2,robust_0.25c,includes_synthetic_short_yes,3,97,4.51,0.04649484536082474,0.13155948620549154,0.3534130962491092,6.751947723371344,0.9999999997364402,0.0,0.0,0.1134020618556701,11,11,1.0,6.49,0.6949152542372881,,4.62,0.42,0.00019651879533430212,0.5551176451244564
S041307,matern,24h_prior,none,short_only,2,equal_budget,logit_gap,0.2,robust_0.25c,includes_synthetic_short_yes,3,97,4.51,0.04649484536082474,0.13155948620549154,0.3534130962491092,6.751947723371344,0.9999999997364402,0.0,0.0,0.1134020618556701,11,11,1.0,6.49,0.6949152542372881,,4.62,0.42,0.00019651879533430212,0.5551176451244564
S041352,matern,24h_prior,none,short_only,2,edge_weighted,edge,0.2,robust_0.25c,includes_synthetic_short_yes,3,97,4.51,0.04649484536082474,0.13155948620549154,0.3534130962491092,6.751947723371344,0.9999999997364402,0.0,0.0,0.1134020618556701,11,11,1.0,6.49,0.6949152542372881,,4.62,0.42,0.00019651879533430212,0.5551176451244564
S041397,matern,24h_prior,none,short_only,2,edge_weighted,roi,0.2,robust_0.25c,includes_synthetic_short_yes,4,97,4.51,0.04649484536082474,0.13155948620549154,0.3534130962491092,6.751947723371344,0.9999999997364402,0.0,0.0,0.1134020618556701,11,11,1.0,6.49,0.6949152542372881,,4.62,0.42,0.00019651879533430212,0.5551176451244564
S041442,matern,24h_prior,none,short_only,2,edge_weighted,logit_gap,0.2,robust_0.25c,includes_synthetic_short_yes,4,97,4.51,0.04649484536082474,0.13155948620549154,0.3534130962491092,6.751947723371344,0.9999999997364402,0.0,0.0,0.1134020618556701,11,11,1.0,6.49,0.6949152542372881,,4.62,0.42,0.00019651879533430212,0.5551176451244564
S041622,matern,24h_prior,none,short_only,3,one_share,edge,0.2,robust_0.25c,includes_synthetic_short_yes,2,97,4.51,0.04649484536082474,0.13155948620549154,0.3534130962491092,6.751947723371344,0.9999999997364402,0.0,0.0,0.1134020618556701,11,11,1.0,6.49,0.6949152542372881,,4.62,0.42,0.00019651879533430212,0.5551176451244564
S041667,matern,24h_prior,none,short_only,3,one_share,roi,0.2,robust_0.25c,includes_synthetic_short_yes,3,97,4.51,0.04649484536082474,0.13155948620549154,0.3534130962491092,6.751947723371344,0.9999999997364402,0.0,0.0,0.1134020618556701,11,11,1.0,6.49,0.6949152542372881,,4.62,0.42,,
S041712,matern,24h_prior,none,short_only,3,one_share,logit_gap,0.2,robust_0.25c,includes_synthetic_short_yes,3,97,4.51,0.04649484536082474,0.13155948620549154,0.3534130962491092,6.751947723371344,0.9999999997364402,0.0,0.0,0.1134020618556701,11,11,1.0,6.49,0.6949152542372881,,4.62,0.42,0.00019651879533430212,0.5551176451244564
S041757,matern,24h_prior,none,short_only,3,equal_budget,edge,0.2,robust_0.25c,includes_synthetic_short_yes,2,97,4.51,0.04649484536082474,0.13155948620549154,0.3534130962491092,6.751947723371344,0.9999999997364402,0.0,0.0,0.1134020618556701,11,11,1.0,6.49,0.6949152542372881,,4.62,0.42,0.00019651879533430212,0.5551176451244564
S041802,matern,24h_prior,none,short_only,3,equal_budget,roi,0.2,robust_0.25c,includes_synthetic_short_yes,3,97,4.51,0.04649484536082474,0.13155948620549154,0.3534130962491092,6.751947723371344,0.9999999997364402,0.0,0.0,0.1134020618556701,11,11,1.0,6.49,0.6949152542372881,,4.62,0.42,0.00019651879533430212,0.5551176451244564
S041847,matern,24h_prior,none,short_only,3,equal_budget,logit_gap,0.2,robust_0.25c,includes_synthetic_short_yes,3,97,4.51,0.04649484536082474,0.13155948620549154,0.3534130962491092,6.751947723371344,0.9999999997364402,0.0,0.0,0.1134020618556701,11,11,1.0,6.49,0.6949152542372881,,4.62,0.42,0.00019651879533430212,0.5551176451244564
S041892,matern,24h_prior,none,short_only,3,edge_weighted,edge,0.2,robust_0.25c,includes_synthetic_short_yes,3,97,4.51,0.04649484536082474,0.13155948620549154,0.3534130962491092,6.751947723371344,0.9999999997364402,0.0,0.0,0.1134020618556701,11,11,1.0,6.49,0.6949152542372881,,4.62,0.42,0.00019651879533430212,0.5551176451244564
S041937,matern,24h_prior,none,short_only,3,edge_weighted,roi,0.2,robust_0.25c,includes_synthetic_short_yes,4,97,4.51,0.04649484536082474,0.13155948620549154,0.3534130962491092,6.751947723371344,0.9999999997364402,0.0,0.0,0.1134020618556701,11,11,1.0,6.49,0.6949152542372881,,4.62,0.42,0.00019651879533430212,0.5551176451244564
S041982,matern,24h_prior,none,short_only,3,edge_weighted,logit_gap,0.2,robust_0.25c,includes_synthetic_short_yes,4,97,4.51,0.04649484536082474,0.13155948620549154,0.3534130962491092,6.751947723371344,0.9999999997364402,0.0,0.0,0.1134020618556701,11,11,1.0,6.49,0.6949152542372881,,4.62,0.42,0.00019651879533430212,0.5551176451244564
S042162,matern,24h_prior,none,short_only,5,one_share,edge,0.2,robust_0.25c,includes_synthetic_short_yes,2,97,4.51,0.04649484536082474,0.13155948620549154,0.3534130962491092,6.751947723371344,0.9999999997364402,0.0,0.0,0.1134020618556701,11,11,1.0,6.49,0.6949152542372881,,4.62,0.42,0.00019651879533430212,0.5551176451244564
S042207,matern,24h_prior,none,short_only,5,one_share,roi,0.2,robust_0.25c,includes_synthetic_short_yes,3,97,4.51,0.04649484536082474,0.13155948620549154,0.3534130962491092,6.751947723371344,0.9999999997364402,0.0,0.0,0.1134020618556701,11,11,1.0,6.49,0.6949152542372881,,4.62,0.42,0.00019651879533430212,0.5551176451244564
S042252,matern,24h_prior,none,short_only,5,one_share,logit_gap,0.2,robust_0.25c,includes_synthetic_short_yes,3,97,4.51,0.04649484536082474,0.13155948620549154,0.3534130962491092,6.751947723371344,0.9999999997364402,0.0,0.0,0.1134020618556701,11,11,1.0,6.49,0.6949152542372881,,4.62,0.42,0.00019651879533430212,0.5551176451244564
S042297,matern,24h_prior,none,short_only,5,equal_budget,edge,0.2,robust_0.25c,includes_synthetic_short_yes,2,97,4.51,0.04649484536082474,0.13155948620549154,0.3534130962491092,6.751947723371344,0.9999999997364402,0.0,0.0,0.1134020618556701,11,11,1.0,6.49,0.6949152542372881,,4.62,0.42,0.00019651879533430212,0.5551176451244564
S042342,matern,24h_prior,none,short_only,5,equal_budget,roi,0.2,robust_0.25c,includes_synthetic_short_yes,3,97,4.51,0.04649484536082474,0.13155948620549154,0.3534130962491092,6.751947723371344,0.9999999997364402,0.0,0.0,0.1134020618556701,11,11,1.0,6.49,0.6949152542372881,,4.62,0.42,0.00019651879533430212,0.5551176451244564
S042387,matern,24h_prior,none,short_only,5,equal_budget,logit_gap,0.2,robust_0.25c,includes_synthetic_short_yes,3,97,4.51,0.04649484536082474,0.13155948620549154,0.3534130962491092,6.751947723371344,0.9999999997364402,0.0,0.0,0.1134020618556701,11,11,1.0,6.49,0.6949152542372881,,4.62,0.42,0.00019651879533430212,0.5551176451244564
S042432,matern,24h_prior,none,short_only,5,edge_weighted,edge,0.2,robust_0.25c,includes_synthetic_short_yes,3,97,4.51,0.04649484536082474,0.13155948620549154,0.3534130962491092,6.751947723371344,0.9999999997364402,0.0,0.0,0.1134020618556701,11,11,1.0,6.49,0.6949152542372881,,4.62,0.42,0.00019651879533430212,0.5551176451244564
S042477,matern,24h_prior,none,short_only,5,edge_weighted,roi,0.2,robust_0.25c,includes_synthetic_short_yes,4,97,4.51,0.04649484536082474,0.13155948620549154,0.3534130962491092,6.751947723371344,0.9999999997364402,0.0,0.0,0.1134020618556701,11,11,1.0,6.49,0.6949152542372881,,4.62,0.42,0.00019651879533430212,0.5551176451244564
S042522,matern,24h_prior,none,short_only,5,edge_weighted,logit_gap,0.2,robust_0.25c,includes_synthetic_short_yes,4,97,4.51,0.04649484536082474,0.13155948620549154,0.3534130962491092,6.751947723371344,0.9999999997364402,0.0,0.0,0.1134020618556701,11,11,1.0,6.49,0.6949152542372881,,4.62,0.42,0.00019651879533430212,0.5551176451244564
S042702,matern,24h_prior,none,short_only,11,one_share,edge,0.2,robust_0.25c,includes_synthetic_short_yes,2,97,4.51,0.04649484536082474,0.13155948620549154,0.3534130962491092,6.751947723371344,0.9999999997364402,0.0,0.0,0.1134020618556701,11,11,1.0,6.49,0.6949152542372881,,4.62,0.42,0.00019651879533430212,0.5551176451244564
S042747,matern,24h_prior,none,short_only,11,one_share,roi,0.2,robust_0.25c,includes_synthetic_short_yes,3,97,4.51,0.04649484536082474,0.13155948620549154,0.3534130962491092,6.751947723371344,0.9999999997364402,0.0,0.0,0.1134020618556701,11,11,1.0,6.49,0.6949152542372881,,4.62,0.42,0.00019651879533430212,0.5551176451244564
S042792,matern,24h_prior,none,short_only,11,one_share,logit_gap,0.2,robust_0.25c,includes_synthetic_short_yes,3,97,4.51,0.04649484536082474,0.13155948620549154,0.3534130962491092,6.751947723371344,0.9999999997364402,0.0,0.0,0.1134020618556701,11,11,1.0,6.49,0.6949152542372881,,4.62,0.42,0.00019651879533430212,0.5551176451244564
S042837,matern,24h_prior,none,short_only,11,equal_budget,edge,0.2,robust_0.25c,includes_synthetic_short_yes,2,97,4.51,0.04649484536082474,0.13155948620549154,0.3534130962491092,6.751947723371344,0.9999999997364402,0.0,0.0,0.1134020618556701,11,11,1.0,6.49,0.6949152542372881,,4.62,0.42,0.00019651879533430212,0.5551176451244564
S042882,matern,24h_prior,none,short_only,11,equal_budget,roi,0.2,robust_0.25c,includes_synthetic_short_yes,3,97,4.51,0.04649484536082474,0.13155948620549154,0.3534130962491092,6.751947723371344,0.9999999997364402,0.0,0.0,0.1134020618556701,11,11,1.0,6.49,0.6949152542372881,,4.62,0.42,0.00019651879533430212,0.5551176451244564
S042927,matern,24h_prior,none,short_only,11,equal_budget,logit_gap,0.2,robust_0.25c,includes_synthetic_short_yes,3,97,4.51,0.04649484536082474,0.13155948620549154,0.3534130962491092,6.751947723371344,0.9999999997364402,0.0,0.0,0.1134020618556701,11,11,1.0,6.49,0.6949152542372881,,4.62,0.42,0.00019651879533430212,0.5551176451244564
S042972,matern,24h_prior,none,short_only,11,edge_weighted,edge,0.2,robust_0.25c,includes_synthetic_short_yes,3,97,4.51,0.04649484536082474,0.13155948620549154,0.3534130962491092,6.751947723371344,0.9999999997364402,0.0,0.0,0.1134020618556701,11,11,1.0,6.49,0.6949152542372881,,4.62,0.42,0.00019651879533430212,0.5551176451244564
S043017,matern,24h_prior,none,short_only,11,edge_weighted,roi,0.2,robust_0.25c,includes_synthetic_short_yes,4,97,4.51,0.04649484536082474,0.13155948620549154,0.3534130962491092,6.751947723371344,0.9999999997364402,0.0,0.0,0.1134020618556701,11,11,1.0,6.49,0.6949152542372881,,4.62,0.42,0.00019651879533430212,0.5551176451244564
S043062,matern,24h_prior,none,short_only,11,edge_weighted,logit_gap,0.2,robust_0.25c,includes_synthetic_short_yes,4,97,4.51,0.04649484536082474,0.13155948620549154,0.3534130962491092,6.751947723371344,0.9999999997364402,0.0,0.0,0.1134020618556701,11,11,1.0,6.49,0.6949152542372881,,4.62,0.42,0.00019651879533430212,0.5551176451244564
S041081,matern,24h_prior,none,short_only,2,one_share,edge,0.2,robust_0.10c,includes_synthetic_short_yes,2,97,4.875,0.05025773195876289,0.14414144372445098,0.3486695474955728,6.6613223516828945,0.9999991893952922,0.3400000000000001,-0.004047619047619048,0.13402061855670103,14,15,1.0714285714285714,9.125,0.5342465753424658,15.338235294117645,5.025,0.335,,
S041126,matern,24h_prior,none,short_only,2,one_share,roi,0.2,robust_0.10c,includes_synthetic_short_yes,3,97,4.875,0.05025773195876289,0.14414144372445098,0.3486695474955728,6.6613223516828945,0.9999991893952922,0.3400000000000001,-0.004047619047619048,0.13402061855670103,14,15,1.0714285714285714,9.125,0.5342465753424658,15.338235294117645,5.025,0.335,,
S041171,matern,24h_prior,none,short_only,2,one_share,logit_gap,0.2,robust_0.10c,includes_synthetic_short_yes,3,97,4.875,0.05025773195876289,0.14414144372445098,0.3486695474955728,6.6613223516828945,0.9999991893952922,0.3400000000000001,-0.004047619047619048,0.13402061855670103,14,15,1.0714285714285714,9.125,0.5342465753424658,15.338235294117645,5.025,0.335,,
S041621,matern,24h_prior,none,short_only,3,one_share,edge,0.2,robust_0.10c,includes_synthetic_short_yes,2,97,4.875,0.05025773195876289,0.14414144372445098,0.3486695474955728,6.6613223516828945,0.9999991893952922,0.3400000000000001,-0.004047619047619048,0.13402061855670103,14,15,1.0714285714285714,9.125,0.5342465753424658,15.338235294117645,5.025,0.335,,
S041666,matern,24h_prior,none,short_only,3,one_share,roi,0.2,robust_0.10c,includes_synthetic_short_yes,3,97,4.875,0.05025773195876289,0.14414144372445098,0.3486695474955728,6.6613223516828945,0.9999991893952922,0.3400000000000001,-0.004047619047619048,0.13402061855670103,14,15,1.0714285714285714,9.125,0.5342465753424658,15.338235294117645,5.025,0.335,,
S041711,matern,24h_prior,none,short_only,3,one_share,logit_gap,0.2,robust_0.10c,includes_synthetic_short_yes,3,97,4.875,0.05025773195876289,0.14414144372445098,0.3486695474955728,6.6613223516828945,0.9999991893952922,0.3400000000000001,-0.004047619047619048,0.13402061855670103,14,15,1.0714285714285714,9.125,0.5342465753424658,15.338235294117645,5.025,0.335,,
S042161,matern,24h_prior,none,short_only,5,one_share,edge,0.2,robust_0.10c,includes_synthetic_short_yes,2,97,4.875,0.05025773195876289,0.14414144372445098,0.3486695474955728,6.6613223516828945,0.9999991893952922,0.3400000000000001,-0.004047619047619048,0.13402061855670103,14,15,1.0714285714285714,9.125,0.5342465753424658,15.338235294117645,5.025,0.335,,
S042206,matern,24h_prior,none,short_only,5,one_share,roi,0.2,robust_0.10c,includes_synthetic_short_yes,3,97,4.875,0.05025773195876289,0.14414144372445098,0.3486695474955728,6.6613223516828945,0.9999991893952922,0.3400000000000001,-0.004047619047619048,0.13402061855670103,14,15,1.0714285714285714,9.125,0.5342465753424658,15.338235294117645,5.025,0.335,,
S042251,matern,24h_prior,none,short_only,5,one_share,logit_gap,0.2,robust_0.10c,includes_synthetic_short_yes,3,97,4.875,0.05025773195876289,0.14414144372445098,0.3486695474955728,6.6613223516828945,0.9999991893952922,0.3400000000000001,-0.004047619047619048,0.13402061855670103,14,15,1.0714285714285714,9.125,0.5342465753424658,15.338235294117645,5.025,0.335,,
S042701,matern,24h_prior,none,short_only,11,one_share,edge,0.2,robust_0.10c,includes_synthetic_short_yes,2,97,4.875,0.05025773195876289,0.14414144372445098,0.3486695474955728,6.6613223516828945,0.9999991893952922,0.3400000000000001,-0.004047619047619048,0.13402061855670103,14,15,1.0714285714285714,9.125,0.5342465753424658,15.338235294117645,5.025,0.335,,
S042746,matern,24h_prior,none,short_only,11,one_share,roi,0.2,robust_0.10c,includes_synthetic_short_yes,3,97,4.875,0.05025773195876289,0.14414144372445098,0.3486695474955728,6.6613223516828945,0.9999991893952922,0.3400000000000001,-0.004047619047619048,0.13402061855670103,14,15,1.0714285714285714,9.125,0.5342465753424658,15.338235294117645,5.025,0.335,,
S042791,matern,24h_prior,none,short_only,11,one_share,logit_gap,0.2,robust_0.10c,includes_synthetic_short_yes,3,97,4.875,0.05025773195876289,0.14414144372445098,0.3486695474955728,6.6613223516828945,0.9999991893952922,0.3400000000000001,-0.004047619047619048,0.13402061855670103,14,15,1.0714285714285714,9.125,0.5342465753424658,15.338235294117645,5.025,0.335,,
S040947,matern,24h_prior,none,short_only,1,quarter_kelly,edge,0.2,robust_0.25c,includes_synthetic_short_yes,2,97,0.7359132741590491,0.007586734785144836,0.021817258389878375,0.34774006199901497,6.643564556205031,0.9999999997407879,0.0,0.0,0.1134020618556701,11,11,1.0,1.077149524408281,0.6832043810847098,,0.845913274159049,0.07690120674173173,,
S040992,matern,24h_prior,none,short_only,1,quarter_kelly,roi,0.2,robust_0.25c,includes_synthetic_short_yes,3,97,0.7359132741590491,0.007586734785144836,0.021817258389878375,0.34774006199901497,6.643564556205031,0.9999999997407879,0.0,0.0,0.1134020618556701,11,11,1.0,1.077149524408281,0.6832043810847098,,0.845913274159049,0.07690120674173173,,
S041037,matern,24h_prior,none,short_only,1,quarter_kelly,logit_gap,0.2,robust_0.25c,includes_synthetic_short_yes,3,97,0.7359132741590491,0.007586734785144836,0.021817258389878375,0.34774006199901497,6.643564556205031,0.9999999997407879,0.0,0.0,0.1134020618556701,11,11,1.0,1.077149524408281,0.6832043810847098,,0.845913274159049,0.07690120674173173,,
S041487,matern,24h_prior,none,short_only,2,quarter_kelly,edge,0.2,robust_0.25c,includes_synthetic_short_yes,3,97,0.7359132741590491,0.007586734785144836,0.021817258389878375,0.34774006199901497,6.643564556205031,0.9999999997407879,0.0,0.0,0.1134020618556701,11,11,1.0,1.077149524408281,0.6832043810847098,,0.845913274159049,0.07690120674173173,,
S041532,matern,24h_prior,none,short_only,2,quarter_kelly,roi,0.2,robust_0.25c,includes_synthetic_short_yes,4,97,0.7359132741590491,0.007586734785144836,0.021817258389878375,0.34774006199901497,6.643564556205031,0.9999999997407879,0.0,0.0,0.1134020618556701,11,11,1.0,1.077149524408281,0.6832043810847098,,0.845913274159049,0.07690120674173173,,
S041577,matern,24h_prior,none,short_only,2,quarter_kelly,logit_gap,0.2,robust_0.25c,includes_synthetic_short_yes,4,97,0.7359132741590491,0.007586734785144836,0.021817258389878375,0.34774006199901497,6.643564556205031,0.9999999997407879,0.0,0.0,0.1134020618556701,11,11,1.0,1.077149524408281,0.6832043810847098,,0.845913274159049,0.07690120674173173,,
S042027,matern,24h_prior,none,short_only,3,quarter_kelly,edge,0.2,robust_0.25c,includes_synthetic_short_yes,3,97,0.7359132741590491,0.007586734785144836,0.021817258389878375,0.34774006199901497,6.643564556205031,0.9999999997407879,0.0,0.0,0.1134020618556701,11,11,1.0,1.077149524408281,0.6832043810847098,,0.845913274159049,0.07690120674173173,,
S042072,matern,24h_prior,none,short_only,3,quarter_kelly,roi,0.2,robust_0.25c,includes_synthetic_short_yes,4,97,0.7359132741590491,0.007586734785144836,0.021817258389878375,0.34774006199901497,6.643564556205031,0.9999999997407879,0.0,0.0,0.1134020618556701,11,11,1.0,1.077149524408281,0.6832043810847098,,0.845913274159049,0.07690120674173173,,
S042117,matern,24h_prior,none,short_only,3,quarter_kelly,logit_gap,0.2,robust_0.25c,includes_synthetic_short_yes,4,97,0.7359132741590491,0.007586734785144836,0.021817258389878375,0.34774006199901497,6.643564556205031,0.9999999997407879,0.0,0.0,0.1134020618556701,11,11,1.0,1.077149524408281,0.6832043810847098,,0.845913274159049,0.07690120674173173,,
S042567,matern,24h_prior,none,short_only,5,quarter_kelly,edge,0.2,robust_0.25c,includes_synthetic_short_yes,3,97,0.7359132741590491,0.007586734785144836,0.021817258389878375,0.34774006199901497,6.643564556205031,0.9999999997407879,0.0,0.0,0.1134020618556701,11,11,1.0,1.077149524408281,0.6832043810847098,,0.845913274159049,0.07690120674173173,,
S042612,matern,24h_prior,none,short_only,5,quarter_kelly,roi,0.2,robust_0.25c,includes_synthetic_short_yes,4,97,0.7359132741590491,0.007586734785144836,0.021817258389878375,0.34774006199901497,6.643564556205031,0.9999999997407879,0.0,0.0,0.1134020618556701,11,11,1.0,1.077149524408281,0.6832043810847098,,0.845913274159049,0.07690120674173173,,
S042657,matern,24h_prior,none,short_only,5,quarter_kelly,logit_gap,0.2,robust_0.25c,includes_synthetic_short_yes,4,97,0.7359132741590491,0.007586734785144836,0.021817258389878375,0.34774006199901497,6.643564556205031,0.9999999997407879,0.0,0.0,0.1134020618556701,11,11,1.0,1.077149524408281,0.6832043810847098,,0.845913274159049,0.07690120674173173,,
S043107,matern,24h_prior,none,short_only,11,quarter_kelly,edge,0.2,robust_0.25c,includes_synthetic_short_yes,3,97,0.7359132741590491,0.007586734785144836,0.021817258389878375,0.34774006199901497,6.643564556205031,0.9999999997407879,0.0,0.0,0.1134020618556701,11,11,1.0,1.077149524408281,0.6832043810847098,,0.845913274159049,0.07690120674173173,,
S043152,matern,24h_prior,none,short_only,11,quarter_kelly,roi,0.2,robust_0.25c,includes_synthetic_short_yes,4,97,0.7359132741590491,0.007586734785144836,0.021817258389878375,0.34774006199901497,6.643564556205031,0.9999999997407879,0.0,0.0,0.1134020618556701,11,11,1.0,1.077149524408281,0.6832043810847098,,0.845913274159049,0.07690120674173173,,
S043197,matern,24h_prior,none,short_only,11,quarter_kelly,logit_gap,0.2,robust_0.25c,includes_synthetic_short_yes,4,97,0.7359132741590491,0.007586734785144836,0.021817258389878375,0.34774006199901497,6.643564556205031,0.9999999997407879,0.0,0.0,0.1134020618556701,11,11,1.0,1.077149524408281,0.6832043810847098,,0.845913274159049,0.07690120674173173,,
S023548,static,12h_prior,none,long_short,1,quarter_kelly,edge,0.18,none,includes_synthetic_short_yes,2,97,1.187182768602455,0.012238997614458298,0.03573901763771996,0.34245478536995144,6.542589487986734,0.9983216971824741,0.19982094730800048,-0.08543514389275464,0.30927835051546393,37,37,1.0,3.2388675258683106,0.36654255202493413,3.4190480655179476,1.557182768602455,0.04208602077303933,,
S044591,matern,24h_prior,none,long_short,3,edge_weighted,edge,0.2,robust_0.10c,includes_synthetic_short_yes,4,97,4.18332287472736,0.04312703994564289,0.12851801513714786,0.33557194218740394,6.411092953619579,0.9999999555319523,0.10830549239369458,-0.0035238730109792113,0.12371134020618557,15,20,1.3333333333333333,7.8533904799978895,0.5326773048382136,14.966327128913935,4.3833228747273605,0.21916614373636803,,
S044636,matern,24h_prior,none,long_short,3,edge_weighted,roi,0.2,robust_0.10c,includes_synthetic_short_yes,5,97,4.18332287472736,0.04312703994564289,0.12851801513714786,0.33557194218740394,6.411092953619579,0.9999999555319523,0.10830549239369458,-0.0035238730109792113,0.12371134020618557,15,20,1.3333333333333333,7.8533904799978895,0.5326773048382136,14.966327128913935,4.3833228747273605,0.21916614373636803,,
S044681,matern,24h_prior,none,long_short,3,edge_weighted,logit_gap,0.2,robust_0.10c,includes_synthetic_short_yes,5,97,4.18332287472736,0.04312703994564289,0.12851801513714786,0.33557194218740394,6.411092953619579,0.9999999555319523,0.10830549239369458,-0.0035238730109792113,0.12371134020618557,15,20,1.3333333333333333,7.8533904799978895,0.5326773048382136,14.966327128913935,4.3833228747273605,0.21916614373636803,,
S045131,matern,24h_prior,none,long_short,5,edge_weighted,edge,0.2,robust_0.10c,includes_synthetic_short_yes,4,97,4.18332287472736,0.04312703994564289,0.12851801513714786,0.33557194218740394,6.411092953619579,0.9999999555319523,0.10830549239369458,-0.0035238730109792113,0.12371134020618557,15,20,1.3333333333333333,7.8533904799978895,0.5326773048382136,14.966327128913935,4.3833228747273605,0.21916614373636803,,
S045176,matern,24h_prior,none,long_short,5,edge_weighted,roi,0.2,robust_0.10c,includes_synthetic_short_yes,5,97,4.18332287472736,0.04312703994564289,0.12851801513714786,0.33557194218740394,6.411092953619579,0.9999999555319523,0.10830549239369458,-0.0035238730109792113,0.12371134020618557,15,20,1.3333333333333333,7.8533904799978895,0.5326773048382136,14.966327128913935,4.3833228747273605,0.21916614373636803,,
S045221,matern,24h_prior,none,long_short,5,edge_weighted,logit_gap,0.2,robust_0.10c,includes_synthetic_short_yes,5,97,4.18332287472736,0.04312703994564289,0.12851801513714786,0.33557194218740394,6.411092953619579,0.9999999555319523,0.10830549239369458,-0.0035238730109792113,0.12371134020618557,15,20,1.3333333333333333,7.8533904799978895,0.5326773048382136,14.966327128913935,4.3833228747273605,0.21916614373636803,,
S045671,matern,24h_prior,none,long_short,11,edge_weighted,edge,0.2,robust_0.10c,includes_synthetic_short_yes,4,97,4.18332287472736,0.04312703994564289,0.12851801513714786,0.33557194218740394,6.411092953619579,0.9999999555319523,0.10830549239369458,-0.0035238730109792113,0.12371134020618557,15,20,1.3333333333333333,7.8533904799978895,0.5326773048382136,14.966327128913935,4.3833228747273605,0.21916614373636803,,
S045716,matern,24h_prior,none,long_short,11,edge_weighted,roi,0.2,robust_0.10c,includes_synthetic_short_yes,5,97,4.18332287472736,0.04312703994564289,0.12851801513714786,0.33557194218740394,6.411092953619579,0.9999999555319523,0.10830549239369458,-0.0035238730109792113,0.12371134020618557,15,20,1.3333333333333333,7.8533904799978895,0.5326773048382136,14.966327128913935,4.3833228747273605,0.21916614373636803,,
S045761,matern,24h_prior,none,long_short,11,edge_weighted,logit_gap,0.2,robust_0.10c,includes_synthetic_short_yes,5,97,4.18332287472736,0.04312703994564289,0.12851801513714786,0.33557194218740394,6.411092953619579,0.9999999555319523,0.10830549239369458,-0.0035238730109792113,0.12371134020618557,15,20,1.3333333333333333,7.8533904799978895,0.5326773048382136,14.966327128913935,4.3833228747273605,0.21916614373636803,,
S044456,matern,24h_prior,none,long_short,3,equal_budget,edge,0.2,robust_0.10c,includes_synthetic_short_yes,3,97,4.107166666666666,0.04234192439862543,0.12657721878549502,0.3345145738300702,6.390891959517108,0.9999999699201015,0.12883333333333336,-0.0031450980392156865,0.12371134020618557,15,20,1.3333333333333333,7.726166666666667,0.5315917768621783,16.36346633416459,4.307166666666666,0.21535833333333332,,
S044501,matern,24h_prior,none,long_short,3,equal_budget,roi,0.2,robust_0.10c,includes_synthetic_short_yes,4,97,4.107166666666666,0.04234192439862543,0.12657721878549502,0.3345145738300702,6.390891959517108,0.9999999699201015,0.12883333333333336,-0.0031450980392156865,0.12371134020618557,15,20,1.3333333333333333,7.726166666666667,0.5315917768621783,16.36346633416459,4.307166666666666,0.21535833333333332,,
S044546,matern,24h_prior,none,long_short,3,equal_budget,logit_gap,0.2,robust_0.10c,includes_synthetic_short_yes,4,97,4.107166666666666,0.04234192439862543,0.12657721878549502,0.3345145738300702,6.390891959517108,0.9999999699201015,0.12883333333333336,-0.0031450980392156865,0.12371134020618557,15,20,1.3333333333333333,7.726166666666667,0.5315917768621783,16.36346633416459,4.307166666666666,0.21535833333333332,,
S044996,matern,24h_prior,none,long_short,5,equal_budget,edge,0.2,robust_0.10c,includes_synthetic_short_yes,3,97,4.107166666666666,0.04234192439862543,0.12657721878549502,0.3345145738300702,6.390891959517108,0.9999999699201015,0.12883333333333336,-0.0031450980392156865,0.12371134020618557,15,20,1.3333333333333333,7.726166666666667,0.5315917768621783,16.36346633416459,4.307166666666666,0.21535833333333332,,
S045041,matern,24h_prior,none,long_short,5,equal_budget,roi,0.2,robust_0.10c,includes_synthetic_short_yes,4,97,4.107166666666666,0.04234192439862543,0.12657721878549502,0.3345145738300702,6.390891959517108,0.9999999699201015,0.12883333333333336,-0.0031450980392156865,0.12371134020618557,15,20,1.3333333333333333,7.726166666666667,0.5315917768621783,16.36346633416459,4.307166666666666,0.21535833333333332,,
S045086,matern,24h_prior,none,long_short,5,equal_budget,logit_gap,0.2,robust_0.10c,includes_synthetic_short_yes,4,97,4.107166666666666,0.04234192439862543,0.12657721878549502,0.3345145738300702,6.390891959517108,0.9999999699201015,0.12883333333333336,-0.0031450980392156865,0.12371134020618557,15,20,1.3333333333333333,7.726166666666667,0.5315917768621783,16.36346633416459,4.307166666666666,0.21535833333333332,,
S045536,matern,24h_prior,none,long_short,11,equal_budget,edge,0.2,robust_0.10c,includes_synthetic_short_yes,3,97,4.107166666666666,0.04234192439862543,0.12657721878549502,0.3345145738300702,6.390891959517108,0.9999999699201015,0.12883333333333336,-0.0031450980392156865,0.12371134020618557,15,20,1.3333333333333333,7.726166666666667,0.5315917768621783,16.36346633416459,4.307166666666666,0.21535833333333332,,
S045581,matern,24h_prior,none,long_short,11,equal_budget,roi,0.2,robust_0.10c,includes_synthetic_short_yes,4,97,4.107166666666666,0.04234192439862543,0.12657721878549502,0.3345145738300702,6.390891959517108,0.9999999699201015,0.12883333333333336,-0.0031450980392156865,0.12371134020618557,15,20,1.3333333333333333,7.726166666666667,0.5315917768621783,16.36346633416459,4.307166666666666,0.21535833333333332,,
S045626,matern,24h_prior,none,long_short,11,equal_budget,logit_gap,0.2,robust_0.10c,includes_synthetic_short_yes,4,97,4.107166666666666,0.04234192439862543,0.12657721878549502,0.3345145738300702,6.390891959517108,0.9999999699201015,0.12883333333333336,-0.0031450980392156865,0.12371134020618557,15,20,1.3333333333333333,7.726166666666667,0.5315917768621783,16.36346633416459,4.307166666666666,0.21535833333333332,,
S043646,matern,24h_prior,none,long_short,1,quarter_kelly,edge,0.2,robust_0.10c,includes_synthetic_short_yes,3,97,0.7727737221634475,0.007966739403746882,0.02385651849826121,0.3339439241449896,6.379989712591581,0.9999955361886234,0.06279201961779324,-0.0008137511805350098,0.13402061855670103,15,15,1.0,1.3721730237527285,0.5631751308227909,12.305282730974392,0.9227737221634476,0.061518248144229834,,
S044186,matern,24h_prior,none,long_short,2,quarter_kelly,edge,0.2,robust_0.10c,includes_synthetic_short_yes,4,97,0.7272027088443036,0.00749693514272478,0.022451744038755522,0.3339132643675162,6.379403958365415,0.9999999059511515,0.03460028910982507,-0.0005838028178745053,0.12371134020618557,15,19,1.2666666666666666,1.5638595131141544,0.4650051380869921,15.654478746011515,0.9172027088443035,0.04827382678127914,,
S044051,matern,24h_prior,none,long_short,2,edge_weighted,edge,0.2,robust_0.10c,includes_synthetic_short_yes,4,97,4.156196676046356,0.04284738841284903,0.1288786881307187,0.3324629466230282,6.351695676762408,0.9999999117939377,0.13484991222054243,-0.0038430047601674946,0.12371134020618557,15,19,1.2666666666666666,8.045392577613375,0.5165933962764152,13.723489699962586,4.346196676046357,0.22874719347612404,,
S044726,matern,24h_prior,none,long_short,3,quarter_kelly,edge,0.2,robust_0.10c,includes_synthetic_short_yes,4,97,0.7247218301397582,0.007471359073605755,0.02250155673295436,0.3320374302220465,6.343566197336325,0.9999998443910416,0.03708116781437035,-0.0006129896261632732,0.12371134020618557,15,20,1.3333333333333333,1.5663403918186998,0.4626847611956642,14.909108432193626,0.9247218301397582,0.04623609150698791,,
S044771,matern,24h_prior,none,long_short,3,quarter_kelly,roi,0.2,robust_0.10c,includes_synthetic_short_yes,5,97,0.7247218301397582,0.007471359073605755,0.02250155673295436,0.3320374302220465,6.343566197336325,0.9999998443910416,0.03708116781437035,-0.0006129896261632732,0.12371134020618557,15,20,1.3333333333333333,1.5663403918186998,0.4626847611956642,14.909108432193626,0.9247218301397582,0.04623609150698791,,
S044816,matern,24h_prior,none,long_short,3,quarter_kelly,logit_gap,0.2,robust_0.10c,includes_synthetic_short_yes,5,97,0.7247218301397582,0.007471359073605755,0.02250155673295436,0.3320374302220465,6.343566197336325,0.9999998443910416,0.03708116781437035,-0.0006129896261632732,0.12371134020618557,15,20,1.3333333333333333,1.5663403918186998,0.4626847611956642,14.909108432193626,0.9247218301397582,0.04623609150698791,,
S045266,matern,24h_prior,none,long_short,5,quarter_kelly,edge,0.2,robust_0.10c,includes_synthetic_short_yes,4,97,0.7247218301397582,0.007471359073605755,0.02250155673295436,0.3320374302220465,6.343566197336325,0.9999998443910416,0.03708116781437035,-0.0006129896261632732,0.12371134020618557,15,20,1.3333333333333333,1.5663403918186998,0.4626847611956642,14.909108432193626,0.9247218301397582,0.04623609150698791,,
S045311,matern,24h_prior,none,long_short,5,quarter_kelly,roi,0.2,robust_0.10c,includes_synthetic_short_yes,5,97,0.7247218301397582,0.007471359073605755,0.02250155673295436,0.3320374302220465,6.343566197336325,0.9999998443910416,0.03708116781437035,-0.0006129896261632732,0.12371134020618557,15,20,1.3333333333333333,1.5663403918186998,0.4626847611956642,14.909108432193626,0.9247218301397582,0.04623609150698791,,
S045356,matern,24h_prior,none,long_short,5,quarter_kelly,logit_gap,0.2,robust_0.10c,includes_synthetic_short_yes,5,97,0.7247218301397582,0.007471359073605755,0.02250155673295436,0.3320374302220465,6.343566197336325,0.9999998443910416,0.03708116781437035,-0.0006129896261632732,0.12371134020618557,15,20,1.3333333333333333,1.5663403918186998,0.4626847611956642,14.909108432193626,0.9247218301397582,0.04623609150698791,,
S045806,matern,24h_prior,none,long_short,11,quarter_kelly,edge,0.2,robust_0.10c,includes_synthetic_short_yes,4,97,0.7247218301397582,0.007471359073605755,0.02250155673295436,0.3320374302220465,6.343566197336325,0.9999998443910416,0.03708116781437035,-0.0006129896261632732,0.12371134020618557,15,20,1.3333333333333333,1.5663403918186998,0.4626847611956642,14.909108432193626,0.9247218301397582,0.04623609150698791,,
S045851,matern,24h_prior,none,long_short,11,quarter_kelly,roi,0.2,robust_0.10c,includes_synthetic_short_yes,5,97,0.7247218301397582,0.007471359073605755,0.02250155673295436,0.3320374302220465,6.343566197336325,0.9999998443910416,0.03708116781437035,-0.0006129896261632732,0.12371134020618557,15,20,1.3333333333333333,1.5663403918186998,0.4626847611956642,14.909108432193626,0.9247218301397582,0.04623609150698791,,
S045896,matern,24h_prior,none,long_short,11,quarter_kelly,logit_gap,0.2,robust_0.10c,includes_synthetic_short_yes,5,97,0.7247218301397582,0.007471359073605755,0.02250155673295436,0.3320374302220465,6.343566197336325,0.9999998443910416,0.03708116781437035,-0.0006129896261632732,0.12371134020618557,15,20,1.3333333333333333,1.5663403918186998,0.4626847611956642,14.909108432193626,0.9247218301397582,0.04623609150698791,,
S043916,matern,24h_prior,none,long_short,2,equal_budget,edge,0.2,robust_0.10c,includes_synthetic_short_yes,3,97,4.066,0.04191752577319587,0.1272244864405608,0.3294768715201669,6.294646792025073,0.9999998930785429,0.17000000000000004,-0.0036294117647058823,0.12371134020618557,15,19,1.2666666666666666,7.934,0.5124779430299975,14.179902755267424,4.256,0.224,,
S023413,static,12h_prior,none,long_short,1,one_share,edge,0.18,none,includes_synthetic_short_yes,1,97,7.969999999999999,0.08216494845360824,0.2509325390921985,0.32743839739101716,6.2557017984706675,0.997532871142183,1.205,-0.602,0.30927835051546393,37,37,1.0,22.03,0.3617793917385383,3.198620689655172,8.339999999999998,0.22540540540540535,,
S023458,static,12h_prior,none,long_short,1,equal_budget,edge,0.18,none,includes_synthetic_short_yes,1,97,7.969999999999999,0.08216494845360824,0.2509325390921985,0.32743839739101716,6.2557017984706675,0.997532871142183,1.205,-0.602,0.30927835051546393,37,37,1.0,22.03,0.3617793917385383,3.198620689655172,8.339999999999998,0.22540540540540535,,
S023503,static,12h_prior,none,long_short,1,edge_weighted,edge,0.18,none,includes_synthetic_short_yes,2,97,7.969999999999999,0.08216494845360824,0.2509325390921985,0.32743839739101716,6.2557017984706675,0.997532871142183,1.205,-0.602,0.30927835051546393,37,37,1.0,22.03,0.3617793917385383,3.198620689655172,8.339999999999998,0.22540540540540535,,
S051803,matern,12h_prior,none,long_short,1,quarter_kelly,logit_gap,0.03,robust_0.10c,includes_synthetic_short_yes,4,97,0.402399077370351,0.004148444096601557,0.012714433246803167,0.3262783339276734,6.233538817122718,0.9999999986070366,0.01849752232435417,-0.0028920346279017,0.17525773195876287,88,88,1.0,2.178817136218152,0.18468694351688872,10.437964145480443,1.282399077370351,0.014572716788299444,,
S021046,static,24h_prior,none,long_short,2,quarter_kelly,logit_gap,0.01,none,includes_synthetic_short_yes,4,97,0.562579735882914,0.0057997910915764325,0.01780010494883117,0.325829039112338,6.224955051728275,0.999504866808361,0.07161175804599529,-0.0188146203023569,0.24742268041237114,82,164,2.0,4.3611042644249824,0.12899937762829225,5.214939672610625,2.2025797358829142,0.0134303642431885,,
S051805,matern,12h_prior,none,long_short,1,quarter_kelly,logit_gap,0.04,none,includes_synthetic_short_yes,3,97,0.4014758369441221,0.004138926154063114,0.012734100096392528,0.32502698445378486,6.209631818992099,0.9999999979974619,0.019155680501164035,-0.0028920346279017,0.17525773195876287,88,88,1.0,2.179624669938071,0.18419494075350556,9.717245182546957,1.2814758369441221,0.01456222541981957,,
S043241,matern,24h_prior,none,long_short,1,one_share,edge,0.2,robust_0.10c,includes_synthetic_short_yes,2,97,4.596499999999999,0.04738659793814432,0.1478512679102902,0.32050180298011693,6.123178348327736,0.9999265712613176,0.4750000000000001,-0.006648809523809524,0.13402061855670103,15,15,1.0,8.403500000000001,0.5469744749211636,9.230080572963294,4.746499999999999,0.3164333333333333,,
S043376,matern,24h_prior,none,long_short,1,equal_budget,edge,0.2,robust_0.10c,includes_synthetic_short_yes,2,97,4.596499999999999,0.04738659793814432,0.1478512679102902,0.32050180298011693,6.123178348327736,0.9999265712613176,0.4750000000000001,-0.006648809523809524,0.13402061855670103,15,15,1.0,8.403500000000001,0.5469744749211636,9.230080572963294,4.746499999999999,0.3164333333333333,,
S043511,matern,24h_prior,none,long_short,1,edge_weighted,edge,0.2,robust_0.10c,includes_synthetic_short_yes,3,97,4.596499999999999,0.04738659793814432,0.1478512679102902,0.32050180298011693,6.123178348327736,0.9999265712613176,0.4750000000000001,-0.006648809523809524,0.13402061855670103,15,15,1.0,8.403500000000001,0.5469744749211636,9.230080572963294,4.746499999999999,0.3164333333333333,,
S021047,static,24h_prior,none,long_short,2,quarter_kelly,logit_gap,0.02,none,includes_synthetic_short_yes,4,97,0.6697399101216288,0.00690453515589308,0.02182110740662374,0.31641543333393,6.045108365856068,0.9990751564103594,0.16931402333851642,-0.0377723206036569,0.27835051546391754,82,164,2.0,3.6987462685350105,0.18107214215234546,3.760031151147873,2.309739910121629,0.014083779939766032,,
S022648,static,12h_prior,none,short_only,1,quarter_kelly,edge,0.18,none,includes_synthetic_short_yes,1,97,1.1215211373632434,0.011562073581064366,0.036679172245685024,0.3152217695540973,6.022303451362941,0.9968558409059921,0.19982094730800048,-0.08602174105519253,0.30927835051546393,37,37,1.0,3.304529157107522,0.33938908814014485,3.0155797793033434,1.4915211373632435,0.040311382090898476,,
S022663,static,12h_prior,none,short_only,1,quarter_kelly,roi,0.18,none,includes_synthetic_short_yes,2,97,1.1215211373632434,0.011562073581064366,0.036679172245685024,0.3152217695540973,6.022303451362941,0.9968558409059921,0.19982094730800048,-0.08602174105519253,0.30927835051546393,37,37,1.0,3.304529157107522,0.33938908814014485,3.0155797793033434,1.4915211373632435,0.040311382090898476,,
S043781,matern,24h_prior,none,long_short,2,one_share,edge,0.2,robust_0.10c,includes_synthetic_short_yes,3,97,4.2455,0.0437680412371134,0.13995585356520443,0.31272747885976904,5.974650094558288,0.9999853690666218,0.3400000000000001,-0.006276470588235295,0.12371134020618557,15,19,1.2666666666666666,9.7545,0.4352350197344815,8.957825679475162,4.4355,0.23344736842105265,,
S023549,static,12h_prior,none,long_short,1,quarter_kelly,edge,0.2,none,includes_synthetic_short_yes,2,97,0.9923659001013497,0.010230576289704637,0.0329501849541437,0.31048615672240937,5.931829695248522,0.9969202826348592,0.19982094730800048,-0.0728894148073502,0.23711340206185566,28,28,1.0,2.5902911121937273,0.38310979620391444,3.7229355667738995,1.2723659001013496,0.04544163928933392,,
S044321,matern,24h_prior,none,long_short,3,one_share,edge,0.2,robust_0.10c,includes_synthetic_short_yes,3,97,4.199,0.04328865979381443,0.14135666759734686,0.30623712718753227,5.850652099966855,0.9999545357959037,0.38650000000000007,-0.006823529411764707,0.12371134020618557,15,20,1.3333333333333333,9.801,0.42842567084991323,8.239655172413793,4.399,0.21995,,
S044366,matern,24h_prior,none,long_short,3,one_share,roi,0.2,robust_0.10c,includes_synthetic_short_yes,4,97,4.199,0.04328865979381443,0.14135666759734686,0.30623712718753227,5.850652099966855,0.9999545357959037,0.38650000000000007,-0.006823529411764707,0.12371134020618557,15,20,1.3333333333333333,9.801,0.42842567084991323,8.239655172413793,4.399,0.21995,,
S044411,matern,24h_prior,none,long_short,3,one_share,logit_gap,0.2,robust_0.10c,includes_synthetic_short_yes,4,97,4.199,0.04328865979381443,0.14135666759734686,0.30623712718753227,5.850652099966855,0.9999545357959037,0.38650000000000007,-0.006823529411764707,0.12371134020618557,15,20,1.3333333333333333,9.801,0.42842567084991323,8.239655172413793,4.399,0.21995,,
S044861,matern,24h_prior,none,long_short,5,one_share,edge,0.2,robust_0.10c,includes_synthetic_short_yes,3,97,4.199,0.04328865979381443,0.14135666759734686,0.30623712718753227,5.850652099966855,0.9999545357959037,0.38650000000000007,-0.006823529411764707,0.12371134020618557,15,20,1.3333333333333333,9.801,0.42842567084991323,8.239655172413793,4.399,0.21995,,
S044906,matern,24h_prior,none,long_short,5,one_share,roi,0.2,robust_0.10c,includes_synthetic_short_yes,4,97,4.199,0.04328865979381443,0.14135666759734686,0.30623712718753227,5.850652099966855,0.9999545357959037,0.38650000000000007,-0.006823529411764707,0.12371134020618557,15,20,1.3333333333333333,9.801,0.42842567084991323,8.239655172413793,4.399,0.21995,,
S044951,matern,24h_prior,none,long_short,5,one_share,logit_gap,0.2,robust_0.10c,includes_synthetic_short_yes,4,97,4.199,0.04328865979381443,0.14135666759734686,0.30623712718753227,5.850652099966855,0.9999545357959037,0.38650000000000007,-0.006823529411764707,0.12371134020618557,15,20,1.3333333333333333,9.801,0.42842567084991323,8.239655172413793,4.399,0.21995,,
S045401,matern,24h_prior,none,long_short,11,one_share,edge,0.2,robust_0.10c,includes_synthetic_short_yes,3,97,4.199,0.04328865979381443,0.14135666759734686,0.30623712718753227,5.850652099966855,0.9999545357959037,0.38650000000000007,-0.006823529411764707,0.12371134020618557,15,20,1.3333333333333333,9.801,0.42842567084991323,8.239655172413793,4.399,0.21995,,
S045446,matern,24h_prior,none,long_short,11,one_share,roi,0.2,robust_0.10c,includes_synthetic_short_yes,4,97,4.199,0.04328865979381443,0.14135666759734686,0.30623712718753227,5.850652099966855,0.9999545357959037,0.38650000000000007,-0.006823529411764707,0.12371134020618557,15,20,1.3333333333333333,9.801,0.42842567084991323,8.239655172413793,4.399,0.21995,,
S045491,matern,24h_prior,none,long_short,11,one_share,logit_gap,0.2,robust_0.10c,includes_synthetic_short_yes,4,97,4.199,0.04328865979381443,0.14135666759734686,0.30623712718753227,5.850652099966855,0.9999545357959037,0.38650000000000007,-0.006823529411764707,0.12371134020618557,15,20,1.3333333333333333,9.801,0.42842567084991323,8.239655172413793,4.399,0.21995,,
S023414,static,12h_prior,none,long_short,1,one_share,edge,0.2,none,includes_synthetic_short_yes,1,97,6.385,0.06582474226804123,0.2165673014287013,0.3039458950349076,5.806878171154311,0.9964027783692553,1.205,-0.493,0.23711340206185566,28,28,1.0,16.615,0.3842913030394222,3.5902636916835693,6.665,0.2380357142857143,,
S023459,static,12h_prior,none,long_short,1,equal_budget,edge,0.2,none,includes_synthetic_short_yes,1,97,6.385,0.06582474226804123,0.2165673014287013,0.3039458950349076,5.806878171154311,0.9964027783692553,1.205,-0.493,0.23711340206185566,28,28,1.0,16.615,0.3842913030394222,3.5902636916835693,6.665,0.2380357142857143,,
S023504,static,12h_prior,none,long_short,1,edge_weighted,edge,0.2,none,includes_synthetic_short_yes,2,97,6.385,0.06582474226804123,0.2165673014287013,0.3039458950349076,5.806878171154311,0.9964027783692553,1.205,-0.493,0.23711340206185566,28,28,1.0,16.615,0.3842913030394222,3.5902636916835693,6.665,0.2380357142857143,,
S041026,matern,24h_prior,none,short_only,1,quarter_kelly,logit_gap,0.12,none,includes_synthetic_short_yes,2,97,1.232081761423524,0.012701873829108494,0.04196924464985111,0.30264718688840053,5.782066386853733,0.9934339015559792,0.2378788541238559,-0.09939461722261685,0.5257731958762887,63,63,1.0,5.660282416088289,0.21767142888870053,2.2905725041783964,1.862081761423524,0.029556853355928954,,
S044187,matern,24h_prior,none,long_short,2,quarter_kelly,edge,0.2,robust_0.25c,includes_synthetic_short_yes,4,97,0.6691435680782323,0.00689838729977559,0.022810554931876396,0.30242084510340006,5.777742133123021,0.9999726338538548,0.06279201961779324,-0.0007301397629975958,0.1134020618556701,12,14,1.1666666666666667,1.1439192304890977,0.5849570059173943,11.656506545755674,0.8091435680782323,0.05779596914844516,,
S044232,matern,24h_prior,none,long_short,2,quarter_kelly,roi,0.2,robust_0.25c,includes_synthetic_short_yes,5,97,0.6691435680782323,0.00689838729977559,0.022810554931876396,0.30242084510340006,5.777742133123021,0.9999726338538548,0.06279201961779324,-0.0007301397629975958,0.1134020618556701,12,14,1.1666666666666667,1.1439192304890977,0.5849570059173943,11.656506545755674,0.8091435680782323,0.05779596914844516,,
S044277,matern,24h_prior,none,long_short,2,quarter_kelly,logit_gap,0.2,robust_0.25c,includes_synthetic_short_yes,5,97,0.6691435680782323,0.00689838729977559,0.022810554931876396,0.30242084510340006,5.777742133123021,0.9999726338538548,0.06279201961779324,-0.0007301397629975958,0.1134020618556701,12,14,1.1666666666666667,1.1439192304890977,0.5849570059173943,11.656506545755674,0.8091435680782323,0.05779596914844516,,
S044727,matern,24h_prior,none,long_short,3,quarter_kelly,edge,0.2,robust_0.25c,includes_synthetic_short_yes,4,97,0.6691435680782323,0.00689838729977559,0.022810554931876396,0.30242084510340006,5.777742133123021,0.9999726338538548,0.06279201961779324,-0.0007301397629975958,0.1134020618556701,12,14,1.1666666666666667,1.1439192304890977,0.5849570059173943,11.656506545755674,0.8091435680782323,0.05779596914844516,,
S044772,matern,24h_prior,none,long_short,3,quarter_kelly,roi,0.2,robust_0.25c,includes_synthetic_short_yes,5,97,0.6691435680782323,0.00689838729977559,0.022810554931876396,0.30242084510340006,5.777742133123021,0.9999726338538548,0.06279201961779324,-0.0007301397629975958,0.1134020618556701,12,14,1.1666666666666667,1.1439192304890977,0.5849570059173943,11.656506545755674,0.8091435680782323,0.05779596914844516,,
S044817,matern,24h_prior,none,long_short,3,quarter_kelly,logit_gap,0.2,robust_0.25c,includes_synthetic_short_yes,5,97,0.6691435680782323,0.00689838729977559,0.022810554931876396,0.30242084510340006,5.777742133123021,0.9999726338538548,0.06279201961779324,-0.0007301397629975958,0.1134020618556701,12,14,1.1666666666666667,1.1439192304890977,0.5849570059173943,11.656506545755674,0.8091435680782323,0.05779596914844516,,
S045267,matern,24h_prior,none,long_short,5,quarter_kelly,edge,0.2,robust_0.25c,includes_synthetic_short_yes,4,97,0.6691435680782323,0.00689838729977559,0.022810554931876396,0.30242084510340006,5.777742133123021,0.9999726338538548,0.06279201961779324,-0.0007301397629975958,0.1134020618556701,12,14,1.1666666666666667,1.1439192304890977,0.5849570059173943,11.656506545755674,0.8091435680782323,0.05779596914844516,,
S045312,matern,24h_prior,none,long_short,5,quarter_kelly,roi,0.2,robust_0.25c,includes_synthetic_short_yes,5,97,0.6691435680782323,0.00689838729977559,0.022810554931876396,0.30242084510340006,5.777742133123021,0.9999726338538548,0.06279201961779324,-0.0007301397629975958,0.1134020618556701,12,14,1.1666666666666667,1.1439192304890977,0.5849570059173943,11.656506545755674,0.8091435680782323,0.05779596914844516,,
S045357,matern,24h_prior,none,long_short,5,quarter_kelly,logit_gap,0.2,robust_0.25c,includes_synthetic_short_yes,5,97,0.6691435680782323,0.00689838729977559,0.022810554931876396,0.30242084510340006,5.777742133123021,0.9999726338538548,0.06279201961779324,-0.0007301397629975958,0.1134020618556701,12,14,1.1666666666666667,1.1439192304890977,0.5849570059173943,11.656506545755674,0.8091435680782323,0.05779596914844516,,
S045807,matern,24h_prior,none,long_short,11,quarter_kelly,edge,0.2,robust_0.25c,includes_synthetic_short_yes,4,97,0.6691435680782323,0.00689838729977559,0.022810554931876396,0.30242084510340006,5.777742133123021,0.9999726338538548,0.06279201961779324,-0.0007301397629975958,0.1134020618556701,12,14,1.1666666666666667,1.1439192304890977,0.5849570059173943,11.656506545755674,0.8091435680782323,0.05779596914844516,,
S045852,matern,24h_prior,none,long_short,11,quarter_kelly,roi,0.2,robust_0.25c,includes_synthetic_short_yes,5,97,0.6691435680782323,0.00689838729977559,0.022810554931876396,0.30242084510340006,5.777742133123021,0.9999726338538548,0.06279201961779324,-0.0007301397629975958,0.1134020618556701,12,14,1.1666666666666667,1.1439192304890977,0.5849570059173943,11.656506545755674,0.8091435680782323,0.05779596914844516,,
S045897,matern,24h_prior,none,long_short,11,quarter_kelly,logit_gap,0.2,robust_0.25c,includes_synthetic_short_yes,5,97,0.6691435680782323,0.00689838729977559,0.022810554931876396,0.30242084510340006,5.777742133123021,0.9999726338538548,0.06279201961779324,-0.0007301397629975958,0.1134020618556701,12,14,1.1666666666666667,1.1439192304890977,0.5849570059173943,11.656506545755674,0.8091435680782323,0.05779596914844516,,
S043647,matern,24h_prior,none,long_short,1,quarter_kelly,edge,0.2,robust_0.25c,includes_synthetic_short_yes,3,97,0.6731212545412559,0.006939394376713978,0.022947010522762986,0.3024095173456357,5.7775257166148055,0.9999742811656543,0.06279201961779324,-0.0007301397629975958,0.1134020618556701,12,12,1.0,1.1399415440260743,0.590487519354641,11.719853552066908,0.7931212545412559,0.066093437878438,,
S029156,static,event_day_open,none,long_short,2,quarter_kelly,logit_gap,0.12,none,includes_synthetic_short_yes,4,97,1.5914092833885303,0.016406281272046703,0.05448187655839263,0.30113282266374886,5.7531344989652755,0.9980428525354477,0.22379856655144859,-0.09112802990802789,0.5051546391752577,86,151,1.755813953488372,6.230535480520858,0.2554209487072036,2.153766941739858,3.1014092833885303,0.02053913432707636,,
S051741,matern,12h_prior,none,long_short,1,quarter_kelly,edge,0.15,robust_0.25c,includes_synthetic_short_yes,3,97,1.138516275966255,0.011737281195528403,0.03903543234661227,0.30068275128370736,5.744535897322954,0.9952953769681905,0.19185260815984473,-0.09067834981743775,0.35051546391752575,44,44,1.0,3.750898943186729,0.3035315782192154,2.6105839996218965,1.578516275966255,0.035875369908323976,,
S041024,matern,24h_prior,none,short_only,1,quarter_kelly,logit_gap,0.1,robust_0.10c,includes_synthetic_short_yes,3,97,1.2482164080999707,0.012868210392783203,0.04293661067300632,0.2997025193903644,5.725808593295805,0.9931139897913918,0.21002562541541403,-0.09939461722261685,0.5773195876288659,70,70,1.0,6.200335584702572,0.20131433065970852,2.1777526206684614,1.9482164080999707,0.027831662972856722,,
S023923,static,12h_prior,none,long_short,3,quarter_kelly,roi,0.18,none,includes_synthetic_short_yes,4,97,1.2887912282280416,0.013286507507505584,0.044429250886664697,0.2990486502101589,5.7133164401483185,0.9985894901801393,0.19982094730800037,-0.08702967418575365,0.28865979381443296,37,56,1.5135135135135136,4.0557249744423265,0.31777086374187735,3.0290361224084528,1.8487912282280416,0.03301412907550074,,
S051802,matern,12h_prior,none,long_short,1,quarter_kelly,logit_gap,0.03,none,includes_synthetic_short_yes,3,97,0.32361962889706436,0.0033362848339903543,0.011191651706403136,0.2981047768026545,5.695283764017783,0.9999999361043538,0.022666491085672674,-0.002698852729102816,0.14432989690721648,88,88,1.0,1.8008434154756885,0.17970447964326816,9.172794927956469,1.2036196288970644,0.013677495782921186,,
S051801,matern,12h_prior,none,long_short,1,quarter_kelly,logit_gap,0.02,robust_0.25c,includes_synthetic_short_yes,4,97,0.25094443707724834,0.0025870560523427663,0.008739054975464598,0.2960338457197118,5.655718681231836,0.9999997485344727,0.01858838431255834,-0.0028920346279017,0.15463917525773196,88,88,1.0,2.0183238640950893,0.12433308724205105,7.096763281315711,1.1309444370772483,0.012851641330423276,,
S022513,static,12h_prior,none,short_only,1,one_share,edge,0.18,none,includes_synthetic_short_yes,0,97,7.449999999999999,0.0768041237113402,0.2595169647302809,0.29595030055612603,5.654122553122667,0.9948383730172277,1.205,-0.6079999999999999,0.30927835051546393,37,37,1.0,22.549999999999997,0.3303769401330377,2.7973462002412544,7.819999999999999,0.21135135135135133,,
S022528,static,12h_prior,none,short_only,1,one_share,roi,0.18,none,includes_synthetic_short_yes,1,97,7.449999999999999,0.0768041237113402,0.2595169647302809,0.29595030055612603,5.654122553122667,0.9948383730172277,1.205,-0.6079999999999999,0.30927835051546393,37,37,1.0,22.549999999999997,0.3303769401330377,2.7973462002412544,7.819999999999999,0.21135135135135133,,
S022558,static,12h_prior,none,short_only,1,equal_budget,edge,0.18,none,includes_synthetic_short_yes,0,97,7.449999999999999,0.0768041237113402,0.2595169647302809,0.29595030055612603,5.654122553122667,0.9948383730172277,1.205,-0.6079999999999999,0.30927835051546393,37,37,1.0,22.549999999999997,0.3303769401330377,2.7973462002412544,7.819999999999999,0.21135135135135133,,
S022573,static,12h_prior,none,short_only,1,equal_budget,roi,0.18,none,includes_synthetic_short_yes,1,97,7.449999999999999,0.0768041237113402,0.2595169647302809,0.29595030055612603,5.654122553122667,0.9948383730172277,1.205,-0.6079999999999999,0.30927835051546393,37,37,1.0,22.549999999999997,0.3303769401330377,2.7973462002412544,7.819999999999999,0.21135135135135133,,
S022603,static,12h_prior,none,short_only,1,edge_weighted,edge,0.18,none,includes_synthetic_short_yes,1,97,7.449999999999999,0.0768041237113402,0.2595169647302809,0.29595030055612603,5.654122553122667,0.9948383730172277,1.205,-0.6079999999999999,0.30927835051546393,37,37,1.0,22.549999999999997,0.3303769401330377,2.7973462002412544,7.819999999999999,0.21135135135135133,,
S022618,static,12h_prior,none,short_only,1,edge_weighted,roi,0.18,none,includes_synthetic_short_yes,2,97,7.449999999999999,0.0768041237113402,0.2595169647302809,0.29595030055612603,5.654122553122667,0.9948383730172277,1.205,-0.6079999999999999,0.30927835051546393,37,37,1.0,22.549999999999997,0.3303769401330377,2.7973462002412544,7.819999999999999,0.21135135135135133,,
S043242,matern,24h_prior,none,long_short,1,one_share,edge,0.2,robust_0.25c,includes_synthetic_short_yes,2,97,4.035,0.041597938144329896,0.14175342880875158,0.29345278272211867,5.606407541901014,0.9997607627862056,0.4750000000000001,-0.005523255813953489,0.1134020618556701,12,12,1.0,6.965,0.5793251974156497,9.494736842105262,4.155,0.34625,,
S043377,matern,24h_prior,none,long_short,1,equal_budget,edge,0.2,robust_0.25c,includes_synthetic_short_yes,2,97,4.035,0.041597938144329896,0.14175342880875158,0.29345278272211867,5.606407541901014,0.9997607627862056,0.4750000000000001,-0.005523255813953489,0.1134020618556701,12,12,1.0,6.965,0.5793251974156497,9.494736842105262,4.155,0.34625,,
S043512,matern,24h_prior,none,long_short,1,edge_weighted,edge,0.2,robust_0.25c,includes_synthetic_short_yes,3,97,4.035,0.041597938144329896,0.14175342880875158,0.29345278272211867,5.606407541901014,0.9997607627862056,0.4750000000000001,-0.005523255813953489,0.1134020618556701,12,12,1.0,6.965,0.5793251974156497,9.494736842105262,4.155,0.34625,,
S076643,matern,event_day_open,confirm_6h,long_short,2,quarter_kelly,logit_gap,0.03,robust_0.10c,includes_synthetic_short_yes,6,97,0.8816826304947439,0.009089511654584988,0.03102626849471605,0.29296180609450295,5.597027446601088,0.999755069585291,0.15861011380251683,-0.0462724253576961,0.24742268041237114,85,169,1.988235294117647,2.5919863964051215,0.340157121085808,3.7744538210450838,2.571682630494744,0.015217056985176,,
S043782,matern,24h_prior,none,long_short,2,one_share,edge,0.2,robust_0.25c,includes_synthetic_short_yes,3,97,3.964,0.0408659793814433,0.13977998924395876,0.2923592969385602,5.5855165253393855,0.9997207486367076,0.4750000000000001,-0.005523255813953489,0.1134020618556701,12,14,1.1666666666666667,7.0360000000000005,0.5633882888004548,9.345263157894736,4.104,0.29314285714285715,,
S043827,matern,24h_prior,none,long_short,2,one_share,roi,0.2,robust_0.25c,includes_synthetic_short_yes,4,97,3.964,0.0408659793814433,0.13977998924395876,0.2923592969385602,5.5855165253393855,0.9997207486367076,0.4750000000000001,-0.005523255813953489,0.1134020618556701,12,14,1.1666666666666667,7.0360000000000005,0.5633882888004548,9.345263157894736,4.104,0.29314285714285715,,
S043872,matern,24h_prior,none,long_short,2,one_share,logit_gap,0.2,robust_0.25c,includes_synthetic_short_yes,4,97,3.964,0.0408659793814433,0.13977998924395876,0.2923592969385602,5.5855165253393855,0.9997207486367076,0.4750000000000001,-0.005523255813953489,0.1134020618556701,12,14,1.1666666666666667,7.0360000000000005,0.5633882888004548,9.345263157894736,4.104,0.29314285714285715,,
S044322,matern,24h_prior,none,long_short,3,one_share,edge,0.2,robust_0.25c,includes_synthetic_short_yes,3,97,3.964,0.0408659793814433,0.13977998924395876,0.2923592969385602,5.5855165253393855,0.9997207486367076,0.4750000000000001,-0.005523255813953489,0.1134020618556701,12,14,1.1666666666666667,7.0360000000000005,0.5633882888004548,9.345263157894736,4.104,0.29314285714285715,,
S044367,matern,24h_prior,none,long_short,3,one_share,roi,0.2,robust_0.25c,includes_synthetic_short_yes,4,97,3.964,0.0408659793814433,0.13977998924395876,0.2923592969385602,5.5855165253393855,0.9997207486367076,0.4750000000000001,-0.005523255813953489,0.1134020618556701,12,14,1.1666666666666667,7.0360000000000005,0.5633882888004548,9.345263157894736,4.104,0.29314285714285715,,
S044412,matern,24h_prior,none,long_short,3,one_share,logit_gap,0.2,robust_0.25c,includes_synthetic_short_yes,4,97,3.964,0.0408659793814433,0.13977998924395876,0.2923592969385602,5.5855165253393855,0.9997207486367076,0.4750000000000001,-0.005523255813953489,0.1134020618556701,12,14,1.1666666666666667,7.0360000000000005,0.5633882888004548,9.345263157894736,4.104,0.29314285714285715,,
S044862,matern,24h_prior,none,long_short,5,one_share,edge,0.2,robust_0.25c,includes_synthetic_short_yes,3,97,3.964,0.0408659793814433,0.13977998924395876,0.2923592969385602,5.5855165253393855,0.9997207486367076,0.4750000000000001,-0.005523255813953489,0.1134020618556701,12,14,1.1666666666666667,7.0360000000000005,0.5633882888004548,9.345263157894736,4.104,0.29314285714285715,,
S044907,matern,24h_prior,none,long_short,5,one_share,roi,0.2,robust_0.25c,includes_synthetic_short_yes,4,97,3.964,0.0408659793814433,0.13977998924395876,0.2923592969385602,5.5855165253393855,0.9997207486367076,0.4750000000000001,-0.005523255813953489,0.1134020618556701,12,14,1.1666666666666667,7.0360000000000005,0.5633882888004548,9.345263157894736,4.104,0.29314285714285715,,
S044952,matern,24h_prior,none,long_short,5,one_share,logit_gap,0.2,robust_0.25c,includes_synthetic_short_yes,4,97,3.964,0.0408659793814433,0.13977998924395876,0.2923592969385602,5.5855165253393855,0.9997207486367076,0.4750000000000001,-0.005523255813953489,0.1134020618556701,12,14,1.1666666666666667,7.0360000000000005,0.5633882888004548,9.345263157894736,4.104,0.29314285714285715,,
S045402,matern,24h_prior,none,long_short,11,one_share,edge,0.2,robust_0.25c,includes_synthetic_short_yes,3,97,3.964,0.0408659793814433,0.13977998924395876,0.2923592969385602,5.5855165253393855,0.9997207486367076,0.4750000000000001,-0.005523255813953489,0.1134020618556701,12,14,1.1666666666666667,7.0360000000000005,0.5633882888004548,9.345263157894736,4.104,0.29314285714285715,,
S045447,matern,24h_prior,none,long_short,11,one_share,roi,0.2,robust_0.25c,includes_synthetic_short_yes,4,97,3.964,0.0408659793814433,0.13977998924395876,0.2923592969385602,5.5855165253393855,0.9997207486367076,0.4750000000000001,-0.005523255813953489,0.1134020618556701,12,14,1.1666666666666667,7.0360000000000005,0.5633882888004548,9.345263157894736,4.104,0.29314285714285715,,
S045492,matern,24h_prior,none,long_short,11,one_share,logit_gap,0.2,robust_0.25c,includes_synthetic_short_yes,4,97,3.964,0.0408659793814433,0.13977998924395876,0.2923592969385602,5.5855165253393855,0.9997207486367076,0.4750000000000001,-0.005523255813953489,0.1134020618556701,12,14,1.1666666666666667,7.0360000000000005,0.5633882888004548,9.345263157894736,4.104,0.29314285714285715,,
S051742,matern,12h_prior,none,long_short,1,quarter_kelly,edge,0.18,none,includes_synthetic_short_yes,2,97,1.0777671523574393,0.01111100157069525,0.038010384720613084,0.2923148937419131,5.584668203458579,0.9945321937426738,0.19185260815984473,-0.09067834981743775,0.31958762886597936,40,40,1.0,3.4795950703053036,0.30973924568265204,2.6726318594770846,1.4777671523574392,0.03694417880893598,,
S019976,static,24h_prior,none,short_only,1,quarter_kelly,logit_gap,0.12,none,includes_synthetic_short_yes,2,97,1.188567216912019,0.012253270277443494,0.041985851271133676,0.29184284482682205,5.575649721598692,0.9920020412063436,0.26756413466744644,-0.09998395718967405,0.5154639175257731,62,62,1.0,5.515501619982201,0.21549576064050807,2.2396898240253327,1.808567216912019,0.029170438982451922,,
S023547,static,12h_prior,none,long_short,1,quarter_kelly,edge,0.15,none,includes_synthetic_short_yes,2,97,1.1500077824946788,0.011855750334996688,0.04066963671841832,0.2915135538849674,5.569358626987939,0.9945174559868891,0.19982094730800048,-0.08700472047934855,0.3917525773195876,54,54,1.0,4.242869454589546,0.27104481879608766,2.343992848627997,1.6900077824946789,0.03129644041656813,,
S028396,static,event_day_open,none,short_only,3,quarter_kelly,edge,0.01,none,includes_synthetic_short_yes,2,97,1.641493780968942,0.01692261629864889,0.058265603786519626,0.2904392162595956,5.548833435474809,0.9987506120303167,0.26039747740235675,-0.06550401878569574,0.4536082474226804,93,218,2.3440860215053765,15.83764551649449,0.10364506386125195,2.070261400657393,3.821493780968942,0.017529787986096064,,
S028411,static,event_day_open,none,short_only,3,quarter_kelly,roi,0.01,none,includes_synthetic_short_yes,3,97,1.641493780968942,0.01692261629864889,0.058265603786519626,0.2904392162595956,5.548833435474809,0.9987506120303167,0.26039747740235675,-0.06550401878569574,0.4536082474226804,93,218,2.3440860215053765,15.83764551649449,0.10364506386125195,2.070261400657393,3.821493780968942,0.017529787986096064,,
S051800,matern,12h_prior,none,long_short,1,quarter_kelly,logit_gap,0.02,robust_0.10c,includes_synthetic_short_yes,4,97,0.24480189185044926,0.0025237308438190646,0.008693467994625843,0.29030196526624275,5.546211258928623,0.9999996361674904,0.021272559647254857,-0.002698852729102816,0.14432989690721648,88,88,1.0,1.981783124777356,0.12352607547707906,7.567940493865463,1.1248018918504492,0.01278183968011874,,
S028397,static,event_day_open,none,short_only,3,quarter_kelly,edge,0.02,none,includes_synthetic_short_yes,2,97,1.6390706875556111,0.016897635954181558,0.05846266018890657,0.2890329639393988,5.52196702262081,0.9986562725307364,0.26798694096275844,-0.06677707058513786,0.4536082474226804,93,204,2.193548387096774,14.85016668208114,0.11037389159634049,2.0567668690119287,3.679070687555611,0.01803466023311574,,
S028412,static,event_day_open,none,short_only,3,quarter_kelly,roi,0.02,none,includes_synthetic_short_yes,3,97,1.6390706875556111,0.016897635954181558,0.05846266018890657,0.2890329639393988,5.52196702262081,0.9986562725307364,0.26798694096275844,-0.06677707058513786,0.4536082474226804,93,204,2.193548387096774,14.85016668208114,0.11037389159634049,2.0567668690119287,3.679070687555611,0.01803466023311574,,
S023788,static,12h_prior,none,long_short,3,one_share,roi,0.18,none,includes_synthetic_short_yes,3,97,10.136,0.10449484536082473,0.361786442063067,0.28883018602064997,5.518092955922724,0.9992811254426208,1.205,-0.621,0.28865979381443296,37,56,1.5135135135135136,27.864,0.3637668676428366,3.1074955816612952,10.696,0.191,,
S051798,matern,12h_prior,none,long_short,1,quarter_kelly,logit_gap,0.01,robust_0.25c,includes_synthetic_short_yes,4,97,0.2217393817014196,0.00228597300723113,0.007973858500938322,0.28668341769071126,5.477079004567287,0.9999998498258801,0.019057168796551296,-0.00223100089928038,0.15463917525773196,88,88,1.0,2.3623667383545555,0.09386323389223908,9.171179842723069,1.1017393817014196,0.012519765701152496,,
S052866,matern,12h_prior,none,long_short,3,quarter_kelly,roi,0.15,robust_0.25c,includes_synthetic_short_yes,5,97,1.2814908913372633,0.013211246302446014,0.0460925498691588,0.2866243316967338,5.475950168237357,0.9968533700038013,0.19584392541145923,-0.09147661326776069,0.3402061855670103,44,64,1.4545454545454546,4.37135121265159,0.29315669892374807,2.5598353379752092,1.9214908913372635,0.030023295177144742,,
S068543,matern,event_day_open,none,long_short,2,quarter_kelly,logit_gap,0.03,robust_0.10c,includes_synthetic_short_yes,5,97,0.8754074658106531,0.009024819235161373,0.03152937412303034,0.2862352801532231,5.46851734893507,0.9995453612805321,0.16134701557322342,-0.049418156730592404,0.26804123711340205,93,186,2.0,3.1036549405132963,0.2820569562626296,3.505398186441517,2.735407465810653,0.014706491751670178,,
S023743,static,12h_prior,none,long_short,2,quarter_kelly,roi,0.18,none,includes_synthetic_short_yes,4,97,1.1158891041510177,0.011504011383000183,0.04023866787133448,0.2858944391445795,5.46200559060815,0.9964182139647197,0.19982094730800048,-0.08702967418575365,0.28865979381443296,37,50,1.3513513513513513,3.4499531372587686,0.3234505107039426,2.8143293715318345,1.6158891041510177,0.03231778208302036,,
S066286,matern,event_day_open,none,short_only,3,quarter_kelly,edge,0.01,none,includes_synthetic_short_yes,2,97,1.5939442607295313,0.016432415059067333,0.05774406347755592,0.2845732369606153,5.436764058325367,0.9985163960210381,0.26638844818013063,-0.06290778773707534,0.44329896907216493,93,216,2.3225806451612905,15.448667466195298,0.10317681212424261,2.035984828434208,3.7539442607295315,0.017379371577451536,,
S066331,matern,event_day_open,none,short_only,3,quarter_kelly,roi,0.01,none,includes_synthetic_short_yes,3,97,1.5939442607295313,0.016432415059067333,0.05774406347755592,0.2845732369606153,5.436764058325367,0.9985163960210381,0.26638844818013063,-0.06290778773707534,0.44329896907216493,93,216,2.3225806451612905,15.448667466195298,0.10317681212424261,2.035984828434208,3.7539442607295315,0.017379371577451536,,
S052328,matern,12h_prior,none,long_short,2,quarter_kelly,roi,0.18,robust_0.10c,includes_synthetic_short_yes,5,97,1.1561408885350863,0.011918978232320477,0.04196940960958823,0.2839920395162646,5.425660296741934,0.9967136276293324,0.19185260815984473,-0.08864525709823237,0.27835051546391754,35,44,1.2571428571428571,3.3931587880546754,0.3407270218550282,2.8364350692034046,1.5961408885350863,0.03627592928488833,,
S044052,matern,24h_prior,none,long_short,2,edge_weighted,edge,0.2,robust_0.25c,includes_synthetic_short_yes,4,97,3.667852080660593,0.03781290804804735,0.13319632094763859,0.2838885321983642,5.423682792210077,0.999487509128856,0.4750000000000001,-0.005523255813953489,0.1134020618556701,12,14,1.1666666666666667,6.560196000116012,0.5591070877448983,8.721793854022302,3.8078520806605933,0.2719894343328995,,
S044097,matern,24h_prior,none,long_short,2,edge_weighted,roi,0.2,robust_0.25c,includes_synthetic_short_yes,5,97,3.667852080660593,0.03781290804804735,0.13319632094763859,0.2838885321983642,5.423682792210077,0.999487509128856,0.4750000000000001,-0.005523255813953489,0.1134020618556701,12,14,1.1666666666666667,6.560196000116012,0.5591070877448983,8.721793854022302,3.8078520806605933,0.2719894343328995,,
S044142,matern,24h_prior,none,long_short,2,edge_weighted,logit_gap,0.2,robust_0.25c,includes_synthetic_short_yes,5,97,3.667852080660593,0.03781290804804735,0.13319632094763859,0.2838885321983642,5.423682792210077,0.999487509128856,0.4750000000000001,-0.005523255813953489,0.1134020618556701,12,14,1.1666666666666667,6.560196000116012,0.5591070877448983,8.721793854022302,3.8078520806605933,0.2719894343328995,,
S044592,matern,24h_prior,none,long_short,3,edge_weighted,edge,0.2,robust_0.25c,includes_synthetic_short_yes,4,97,3.667852080660593,0.03781290804804735,0.13319632094763859,0.2838885321983642,5.423682792210077,0.999487509128856,0.4750000000000001,-0.005523255813953489,0.1134020618556701,12,14,1.1666666666666667,6.560196000116012,0.5591070877448983,8.721793854022302,3.8078520806605933,0.2719894343328995,,
S044637,matern,24h_prior,none,long_short,3,edge_weighted,roi,0.2,robust_0.25c,includes_synthetic_short_yes,5,97,3.667852080660593,0.03781290804804735,0.13319632094763859,0.2838885321983642,5.423682792210077,0.999487509128856,0.4750000000000001,-0.005523255813953489,0.1134020618556701,12,14,1.1666666666666667,6.560196000116012,0.5591070877448983,8.721793854022302,3.8078520806605933,0.2719894343328995,,
S044682,matern,24h_prior,none,long_short,3,edge_weighted,logit_gap,0.2,robust_0.25c,includes_synthetic_short_yes,5,97,3.667852080660593,0.03781290804804735,0.13319632094763859,0.2838885321983642,5.423682792210077,0.999487509128856,0.4750000000000001,-0.005523255813953489,0.1134020618556701,12,14,1.1666666666666667,6.560196000116012,0.5591070877448983,8.721793854022302,3.8078520806605933,0.2719894343328995,,
S045132,matern,24h_prior,none,long_short,5,edge_weighted,edge,0.2,robust_0.25c,includes_synthetic_short_yes,4,97,3.667852080660593,0.03781290804804735,0.13319632094763859,0.2838885321983642,5.423682792210077,0.999487509128856,0.4750000000000001,-0.005523255813953489,0.1134020618556701,12,14,1.1666666666666667,6.560196000116012,0.5591070877448983,8.721793854022302,3.8078520806605933,0.2719894343328995,,
S045177,matern,24h_prior,none,long_short,5,edge_weighted,roi,0.2,robust_0.25c,includes_synthetic_short_yes,5,97,3.667852080660593,0.03781290804804735,0.13319632094763859,0.2838885321983642,5.423682792210077,0.999487509128856,0.4750000000000001,-0.005523255813953489,0.1134020618556701,12,14,1.1666666666666667,6.560196000116012,0.5591070877448983,8.721793854022302,3.8078520806605933,0.2719894343328995,,
S045222,matern,24h_prior,none,long_short,5,edge_weighted,logit_gap,0.2,robust_0.25c,includes_synthetic_short_yes,5,97,3.667852080660593,0.03781290804804735,0.13319632094763859,0.2838885321983642,5.423682792210077,0.999487509128856,0.4750000000000001,-0.005523255813953489,0.1134020618556701,12,14,1.1666666666666667,6.560196000116012,0.5591070877448983,8.721793854022302,3.8078520806605933,0.2719894343328995,,
S045672,matern,24h_prior,none,long_short,11,edge_weighted,edge,0.2,robust_0.25c,includes_synthetic_short_yes,4,97,3.667852080660593,0.03781290804804735,0.13319632094763859,0.2838885321983642,5.423682792210077,0.999487509128856,0.4750000000000001,-0.005523255813953489,0.1134020618556701,12,14,1.1666666666666667,6.560196000116012,0.5591070877448983,8.721793854022302,3.8078520806605933,0.2719894343328995,,
S045717,matern,24h_prior,none,long_short,11,edge_weighted,roi,0.2,robust_0.25c,includes_synthetic_short_yes,5,97,3.667852080660593,0.03781290804804735,0.13319632094763859,0.2838885321983642,5.423682792210077,0.999487509128856,0.4750000000000001,-0.005523255813953489,0.1134020618556701,12,14,1.1666666666666667,6.560196000116012,0.5591070877448983,8.721793854022302,3.8078520806605933,0.2719894343328995,,
S045762,matern,24h_prior,none,long_short,11,edge_weighted,logit_gap,0.2,robust_0.25c,includes_synthetic_short_yes,5,97,3.667852080660593,0.03781290804804735,0.13319632094763859,0.2838885321983642,5.423682792210077,0.999487509128856,0.4750000000000001,-0.005523255813953489,0.1134020618556701,12,14,1.1666666666666667,6.560196000116012,0.5591070877448983,8.721793854022302,3.8078520806605933,0.2719894343328995,,
S023608,static,12h_prior,none,long_short,2,one_share,roi,0.18,none,includes_synthetic_short_yes,3,97,9.031,0.09310309278350516,0.32814156258313526,0.28372843735671954,5.4206241845550736,0.9984672127023858,1.205,-0.621,0.28865979381443296,37,50,1.3513513513513513,23.969,0.37677833868747135,2.9833095421104643,9.531,0.19062,,
S023593,static,12h_prior,none,long_short,2,one_share,edge,0.18,none,includes_synthetic_short_yes,2,97,9.631,0.09928865979381443,0.3501485833055639,0.28356150653669293,5.417434975716461,0.9988789652315206,1.205,-0.621,0.28865979381443296,37,50,1.3513513513513513,26.369,0.3652394857597937,2.996062176165803,10.131,0.20262,,
S028398,static,event_day_open,none,short_only,3,quarter_kelly,edge,0.03,none,includes_synthetic_short_yes,2,97,1.6093608744615882,0.016591349221253486,0.058610068283740775,0.28308018924209566,5.408239421714737,0.9983329434151376,0.26798694096275844,-0.06677707058513786,0.4536082474226804,93,199,2.139784946236559,14.700688092455193,0.10947520716989823,2.026126953954307,3.5993608744615884,0.01808724057518386,,
S028413,static,event_day_open,none,short_only,3,quarter_kelly,roi,0.03,none,includes_synthetic_short_yes,3,97,1.6093608744615882,0.016591349221253486,0.058610068283740775,0.28308018924209566,5.408239421714737,0.9983329434151376,0.26798694096275844,-0.06677707058513786,0.4536082474226804,93,199,2.139784946236559,14.700688092455193,0.10947520716989823,2.026126953954307,3.5993608744615884,0.01808724057518386,,
S041023,matern,24h_prior,none,short_only,1,quarter_kelly,logit_gap,0.1,none,includes_synthetic_short_yes,2,97,1.1996535368014907,0.012367562235066914,0.043843039443822215,0.28208724559149123,5.389269259906106,0.9908124802317833,0.2839754138201521,-0.09939461722261685,0.5979381443298969,74,74,1.0,6.472375824508816,0.1853497957054327,2.034327823961576,1.9396535368014907,0.026211534281101224,,
S065855,matern,event_day_open,none,short_only,2,quarter_kelly,logit_gap,0.07,robust_0.10c,includes_synthetic_short_yes,4,97,1.5793509747664418,0.016281968812025174,0.057787186130319745,0.2817574258643883,5.38296806286737,0.9974872595227179,0.3280982217463433,-0.07433192885841448,0.4639175257731959,92,152,1.6521739130434783,11.450977195045569,0.1379228119893358,1.9403732259288793,3.099350974766442,0.020390466939252908,,
S022649,static,12h_prior,none,short_only,1,quarter_kelly,edge,0.2,none,includes_synthetic_short_yes,1,97,0.9267042688621381,0.009553652256310701,0.033927150811309495,0.2815931201958175,5.3798290074769,0.9939248930221328,0.19982094730800048,-0.08602174105519253,0.23711340206185566,28,28,1.0,2.655952743432939,0.3489159478283228,3.154581522053952,1.206704268862138,0.04309658103079065,,
S022664,static,12h_prior,none,short_only,1,quarter_kelly,roi,0.2,none,includes_synthetic_short_yes,2,97,0.9267042688621381,0.009553652256310701,0.033927150811309495,0.2815931201958175,5.3798290074769,0.9939248930221328,0.19982094730800048,-0.08602174105519253,0.23711340206185566,28,28,1.0,2.655952743432939,0.3489159478283228,3.154581522053952,1.206704268862138,0.04309658103079065,,
S040621,matern,24h_prior,none,short_only,1,one_share,logit_gap,0.12,none,includes_synthetic_short_yes,1,97,8.870000000000001,0.09144329896907218,0.3248236370540227,0.28151676336862114,5.37837021234162,0.9898119149567363,2.4899999999999967,-0.6742857142857144,0.5257731958762887,63,63,1.0,42.13,0.2105388084500356,2.133546325878594,9.500000000000002,0.1507936507936508,,
S040756,matern,24h_prior,none,short_only,1,equal_budget,logit_gap,0.12,none,includes_synthetic_short_yes,1,97,8.870000000000001,0.09144329896907218,0.3248236370540227,0.28151676336862114,5.37837021234162,0.9898119149567363,2.4899999999999967,-0.6742857142857144,0.5257731958762887,63,63,1.0,42.13,0.2105388084500356,2.133546325878594,9.500000000000002,0.1507936507936508,,
S040891,matern,24h_prior,none,short_only,1,edge_weighted,logit_gap,0.12,none,includes_synthetic_short_yes,2,97,8.870000000000001,0.09144329896907218,0.3248236370540227,0.28151676336862114,5.37837021234162,0.9898119149567363,2.4899999999999967,-0.6742857142857144,0.5257731958762887,63,63,1.0,42.13,0.2105388084500356,2.133546325878594,9.500000000000002,0.1507936507936508,,
S040982,matern,24h_prior,none,short_only,1,quarter_kelly,roi,0.12,robust_0.10c,includes_synthetic_short_yes,3,97,1.1754131256516458,0.012117661089192225,0.04304689685714533,0.2814990620440233,5.378032029010025,0.9917205626854496,0.3212431134762457,-0.096094493128453,0.4845360824742268,60,60,1.0,4.913747424486818,0.23920910541599594,2.167403894959793,1.7754131256516459,0.029590218760860765,,
S066287,matern,event_day_open,none,short_only,3,quarter_kelly,edge,0.01,robust_0.10c,includes_synthetic_short_yes,3,97,1.5810218889003074,0.016299194730931003,0.05800026410513524,0.2810193191773398,5.368866554411357,0.9982866348283951,0.2738288371488964,-0.06290778773707534,0.44329896907216493,93,208,2.236559139784946,15.325226190418713,0.10316466910542291,2.013030090643791,3.6610218889003074,0.01760106677355917,,
S066332,matern,event_day_open,none,short_only,3,quarter_kelly,roi,0.01,robust_0.10c,includes_synthetic_short_yes,4,97,1.5810218889003074,0.016299194730931003,0.05800026410513524,0.2810193191773398,5.368866554411357,0.9982866348283951,0.2738288371488964,-0.06290778773707534,0.44329896907216493,93,208,2.236559139784946,15.325226190418713,0.10316466910542291,2.013030090643791,3.6610218889003074,0.01760106677355917,,
S051743,matern,12h_prior,none,long_short,1,quarter_kelly,edge,0.18,robust_0.10c,includes_synthetic_short_yes,3,97,0.982422865458204,0.01012807077791963,0.03616228200063992,0.2800727779773523,5.350782910176997,0.9934826362956228,0.19185260815984473,-0.08629669103131384,0.27835051546391754,35,35,1.0,3.030559312672298,0.32417212933275985,2.7542575359999844,1.332422865458204,0.038069224727377254,,
S040945,matern,24h_prior,none,short_only,1,quarter_kelly,edge,0.2,none,includes_synthetic_short_yes,1,97,0.7542375096310621,0.0077756444291862065,0.02777154592537785,0.279986013385044,5.349125274968446,0.9967484327738265,0.09565543813729976,-0.0023048510232884984,0.15463917525773196,17,17,1.0,1.6994057905170548,0.4438242554190548,4.990721446721283,0.9242375096310621,0.05436691233123895,,
S040990,matern,24h_prior,none,short_only,1,quarter_kelly,roi,0.2,none,includes_synthetic_short_yes,2,97,0.7542375096310621,0.0077756444291862065,0.02777154592537785,0.279986013385044,5.349125274968446,0.9967484327738265,0.09565543813729976,-0.0023048510232884984,0.15463917525773196,17,17,1.0,1.6994057905170548,0.4438242554190548,4.990721446721283,0.9242375096310621,0.05436691233123895,,
S041035,matern,24h_prior,none,short_only,1,quarter_kelly,logit_gap,0.2,none,includes_synthetic_short_yes,2,97,0.7542375096310621,0.0077756444291862065,0.02777154592537785,0.279986013385044,5.349125274968446,0.9967484327738265,0.09565543813729976,-0.0023048510232884984,0.15463917525773196,17,17,1.0,1.6994057905170548,0.4438242554190548,4.990721446721283,0.9242375096310621,0.05436691233123895,,
S019841,static,24h_prior,none,short_only,1,one_share,logit_gap,0.12,none,includes_synthetic_short_yes,1,97,8.775,0.0904639175257732,0.32334682301721546,0.27977363959118523,5.345067879333799,0.9896564699671009,2.4049999999999985,-0.6742857142857144,0.5154639175257731,62,62,1.0,41.225,0.21285627653123104,2.131528046421663,9.395,0.15153225806451612,,
S019886,static,24h_prior,none,short_only,1,equal_budget,logit_gap,0.12,none,includes_synthetic_short_yes,1,97,8.775,0.0904639175257732,0.32334682301721546,0.27977363959118523,5.345067879333799,0.9896564699671009,2.4049999999999985,-0.6742857142857144,0.5154639175257731,62,62,1.0,41.225,0.21285627653123104,2.131528046421663,9.395,0.15153225806451612,,
S019931,static,24h_prior,none,short_only,1,edge_weighted,logit_gap,0.12,none,includes_synthetic_short_yes,2,97,8.775,0.0904639175257732,0.32334682301721546,0.27977363959118523,5.345067879333799,0.9896564699671009,2.4049999999999985,-0.6742857142857144,0.5154639175257731,62,62,1.0,41.225,0.21285627653123104,2.131528046421663,9.395,0.15153225806451612,,
S041027,matern,24h_prior,none,short_only,1,quarter_kelly,logit_gap,0.12,robust_0.10c,includes_synthetic_short_yes,3,97,1.1441427608596575,0.011795286194429459,0.0421603420895548,0.2797720703825061,5.34503789964408,0.9903558258191181,0.2672750828245015,-0.09939461722261685,0.4948453608247423,60,60,1.0,5.361415895514144,0.21340309783036102,2.1858298992919094,1.7441427608596576,0.029069046014327627,,
S051797,matern,12h_prior,none,long_short,1,quarter_kelly,logit_gap,0.01,robust_0.10c,includes_synthetic_short_yes,4,97,0.214231434019043,0.002208571484732402,0.007902437918904128,0.2794797640167575,5.339453394367704,0.9999997541504584,0.01884905835376617,-0.00223100089928038,0.15463917525773196,88,88,1.0,2.3038555952953725,0.09298822133492998,9.139074952198621,1.094231434019043,0.012434448113852763,,
S066289,matern,event_day_open,none,short_only,3,quarter_kelly,edge,0.02,none,includes_synthetic_short_yes,2,97,1.5713845985134054,0.016199841221787685,0.0579689635494972,0.27945714792632675,5.339021314566711,0.9981863640907968,0.27504301668161313,-0.06332950842776737,0.44329896907216493,93,203,2.182795698924731,14.537084375996672,0.10809489426284424,2.005496554859476,3.6013845985134054,0.0177408108301153,,
S066334,matern,event_day_open,none,short_only,3,quarter_kelly,roi,0.02,none,includes_synthetic_short_yes,3,97,1.5713845985134054,0.016199841221787685,0.0579689635494972,0.27945714792632675,5.339021314566711,0.9981863640907968,0.27504301668161313,-0.06332950842776737,0.44329896907216493,93,203,2.182795698924731,14.537084375996672,0.10809489426284424,2.005496554859476,3.6013845985134054,0.0177408108301153,,
S052327,matern,12h_prior,none,long_short,2,quarter_kelly,roi,0.18,none,includes_synthetic_short_yes,4,97,1.1598272974993706,0.01195698244844712,0.042800601817793445,0.27936482060110324,5.337257403495039,0.9955654559673551,0.19185260815984473,-0.09067834981743775,0.30927835051546393,40,50,1.25,3.625203007919148,0.3199344409032439,2.6172614150926843,1.6598272974993706,0.033196545949987416,,
S043917,matern,24h_prior,none,long_short,2,equal_budget,edge,0.2,robust_0.25c,includes_synthetic_short_yes,3,97,3.5595000000000003,0.0366958762886598,0.13153374699065334,0.2789844973493181,5.329991337972029,0.9993632568374967,0.4750000000000001,-0.005523255813953489,0.1134020618556701,12,14,1.1666666666666667,6.4405,0.5526744817948918,8.493684210526315,3.6995000000000005,0.26425000000000004,,
S043962,matern,24h_prior,none,long_short,2,equal_budget,roi,0.2,robust_0.25c,includes_synthetic_short_yes,4,97,3.5595000000000003,0.0366958762886598,0.13153374699065334,0.2789844973493181,5.329991337972029,0.9993632568374967,0.4750000000000001,-0.005523255813953489,0.1134020618556701,12,14,1.1666666666666667,6.4405,0.5526744817948918,8.493684210526315,3.6995000000000005,0.26425000000000004,,
S044007,matern,24h_prior,none,long_short,2,equal_budget,logit_gap,0.2,robust_0.25c,includes_synthetic_short_yes,4,97,3.5595000000000003,0.0366958762886598,0.13153374699065334,0.2789844973493181,5.329991337972029,0.9993632568374967,0.4750000000000001,-0.005523255813953489,0.1134020618556701,12,14,1.1666666666666667,6.4405,0.5526744817948918,8.493684210526315,3.6995000000000005,0.26425000000000004,,
S044457,matern,24h_prior,none,long_short,3,equal_budget,edge,0.2,robust_0.25c,includes_synthetic_short_yes,3,97,3.5595000000000003,0.0366958762886598,0.13153374699065334,0.2789844973493181,5.329991337972029,0.9993632568374967,0.4750000000000001,-0.005523255813953489,0.1134020618556701,12,14,1.1666666666666667,6.4405,0.5526744817948918,8.493684210526315,3.6995000000000005,0.26425000000000004,,
S044502,matern,24h_prior,none,long_short,3,equal_budget,roi,0.2,robust_0.25c,includes_synthetic_short_yes,4,97,3.5595000000000003,0.0366958762886598,0.13153374699065334,0.2789844973493181,5.329991337972029,0.9993632568374967,0.4750000000000001,-0.005523255813953489,0.1134020618556701,12,14,1.1666666666666667,6.4405,0.5526744817948918,8.493684210526315,3.6995000000000005,0.26425000000000004,,
S044547,matern,24h_prior,none,long_short,3,equal_budget,logit_gap,0.2,robust_0.25c,includes_synthetic_short_yes,4,97,3.5595000000000003,0.0366958762886598,0.13153374699065334,0.2789844973493181,5.329991337972029,0.9993632568374967,0.4750000000000001,-0.005523255813953489,0.1134020618556701,12,14,1.1666666666666667,6.4405,0.5526744817948918,8.493684210526315,3.6995000000000005,0.26425000000000004,,
S044997,matern,24h_prior,none,long_short,5,equal_budget,edge,0.2,robust_0.25c,includes_synthetic_short_yes,3,97,3.5595000000000003,0.0366958762886598,0.13153374699065334,0.2789844973493181,5.329991337972029,0.9993632568374967,0.4750000000000001,-0.005523255813953489,0.1134020618556701,12,14,1.1666666666666667,6.4405,0.5526744817948918,8.493684210526315,3.6995000000000005,0.26425000000000004,,
S045042,matern,24h_prior,none,long_short,5,equal_budget,roi,0.2,robust_0.25c,includes_synthetic_short_yes,4,97,3.5595000000000003,0.0366958762886598,0.13153374699065334,0.2789844973493181,5.329991337972029,0.9993632568374967,0.4750000000000001,-0.005523255813953489,0.1134020618556701,12,14,1.1666666666666667,6.4405,0.5526744817948918,8.493684210526315,3.6995000000000005,0.26425000000000004,,
S045087,matern,24h_prior,none,long_short,5,equal_budget,logit_gap,0.2,robust_0.25c,includes_synthetic_short_yes,4,97,3.5595000000000003,0.0366958762886598,0.13153374699065334,0.2789844973493181,5.329991337972029,0.9993632568374967,0.4750000000000001,-0.005523255813953489,0.1134020618556701,12,14,1.1666666666666667,6.4405,0.5526744817948918,8.493684210526315,3.6995000000000005,0.26425000000000004,,
S045537,matern,24h_prior,none,long_short,11,equal_budget,edge,0.2,robust_0.25c,includes_synthetic_short_yes,3,97,3.5595000000000003,0.0366958762886598,0.13153374699065334,0.2789844973493181,5.329991337972029,0.9993632568374967,0.4750000000000001,-0.005523255813953489,0.1134020618556701,12,14,1.1666666666666667,6.4405,0.5526744817948918,8.493684210526315,3.6995000000000005,0.26425000000000004,,
S045582,matern,24h_prior,none,long_short,11,equal_budget,roi,0.2,robust_0.25c,includes_synthetic_short_yes,4,97,3.5595000000000003,0.0366958762886598,0.13153374699065334,0.2789844973493181,5.329991337972029,0.9993632568374967,0.4750000000000001,-0.005523255813953489,0.1134020618556701,12,14,1.1666666666666667,6.4405,0.5526744817948918,8.493684210526315,3.6995000000000005,0.26425000000000004,,
S045627,matern,24h_prior,none,long_short,11,equal_budget,logit_gap,0.2,robust_0.25c,includes_synthetic_short_yes,4,97,3.5595000000000003,0.0366958762886598,0.13153374699065334,0.2789844973493181,5.329991337972029,0.9993632568374967,0.4750000000000001,-0.005523255813953489,0.1134020618556701,12,14,1.1666666666666667,6.4405,0.5526744817948918,8.493684210526315,3.6995000000000005,0.26425000000000004,,
S070085,matern,event_day_open,none,long_short,11,quarter_kelly,edge,0.07,robust_0.10c,includes_synthetic_short_yes,4,97,1.8496772779262418,0.01906883791676538,0.06860673232565624,0.27794412108495625,5.310114977349965,0.9981184635934235,0.4238018344471115,-0.07903110208868032,0.44329896907216493,92,304,3.3043478260869565,12.428279971406825,0.14882809867348576,1.9829976643243081,4.889677277926242,0.016084464730020533,,
S070130,matern,event_day_open,none,long_short,11,quarter_kelly,roi,0.07,robust_0.10c,includes_synthetic_short_yes,5,97,1.8496772779262418,0.01906883791676538,0.06860673232565624,0.27794412108495625,5.310114977349965,0.9981184635934235,0.42380183444711195,-0.07903110208868032,0.44329896907216493,92,304,3.3043478260869565,12.428279971406825,0.14882809867348576,1.9829976643243081,4.889677277926242,0.016084464730020533,,
S070175,matern,event_day_open,none,long_short,11,quarter_kelly,logit_gap,0.07,robust_0.10c,includes_synthetic_short_yes,5,97,1.8496772779262418,0.01906883791676538,0.06860673232565624,0.27794412108495625,5.310114977349965,0.9981184635934235,0.42380183444711195,-0.07903110208868032,0.44329896907216493,92,304,3.3043478260869565,12.428279971406825,0.14882809867348576,1.9829976643243081,4.889677277926242,0.016084464730020533,,
S051922,matern,12h_prior,none,long_short,2,one_share,roi,0.18,none,includes_synthetic_short_yes,3,97,9.440000000000001,0.09731958762886599,0.350450448125687,0.27769856808390464,5.305423693851945,0.9975393852093604,1.205000000000001,-0.6329999999999999,0.30927835051546393,40,50,1.25,25.56,0.3693270735524257,2.7165196836076,9.940000000000001,0.19880000000000003,,
S069090,matern,event_day_open,none,long_short,3,quarter_kelly,logit_gap,0.05,robust_0.25c,includes_synthetic_short_yes,5,97,1.6189792132792054,0.01669050735339387,0.06010553095977804,0.2776867134667353,5.30519721170893,0.9965307826551956,0.4378620806075255,-0.0873069925435744,0.5463917525773195,92,250,2.717391304347826,9.239878895777295,0.1752164970494465,1.929721459955221,4.118979213279205,0.01647591685311682,,
S049041,matern,12h_prior,none,short_only,1,quarter_kelly,edge,0.15,robust_0.25c,includes_synthetic_short_yes,2,97,1.073612549875057,0.011068170617268629,0.039866350180665984,0.27763190176953717,5.304150035704309,0.9924130027485486,0.19185260815984473,-0.09067834981743775,0.35051546391752575,44,44,1.0,3.815802669277927,0.2813595573269566,2.391049706010991,1.513612549875057,0.034400285224433114,,
S049086,matern,12h_prior,none,short_only,1,quarter_kelly,roi,0.15,robust_0.25c,includes_synthetic_short_yes,3,97,1.073612549875057,0.011068170617268629,0.039866350180665984,0.27763190176953717,5.304150035704309,0.9924130027485486,0.19185260815984473,-0.09067834981743775,0.35051546391752575,44,44,1.0,3.815802669277927,0.2813595573269566,2.391049706010991,1.513612549875057,0.034400285224433114,,
S069089,matern,event_day_open,none,long_short,3,quarter_kelly,logit_gap,0.05,robust_0.10c,includes_synthetic_short_yes,5,97,1.592359164054759,0.016416073856234628,0.05923957546653237,0.27711329338457114,5.29424203642144,0.9963187144984355,0.37442692248469567,-0.0904023228809959,0.5670103092783505,93,261,2.806451612903226,8.771392849135108,0.18154005771292886,1.9397843499203407,4.202359164054759,0.016100992965727045,,
S019975,static,24h_prior,none,short_only,1,quarter_kelly,logit_gap,0.1,none,includes_synthetic_short_yes,2,97,1.164612775504803,0.012006317273245392,0.04333282750700493,0.27707209439089847,5.293454930752506,0.9897629517073637,0.18491494497901173,-0.09998395718967405,0.5773195876288659,71,71,1.0,6.1293313627790775,0.19000649607182604,2.0450037672658246,1.874612775504803,0.026402996838095816,,
S070173,matern,event_day_open,none,long_short,11,quarter_kelly,logit_gap,0.06,robust_0.25c,includes_synthetic_short_yes,5,97,1.8288382850915732,0.018854002939088385,0.06825140025907732,0.27624345973152153,5.277623887813613,0.998033210227721,0.4309714668334703,-0.0767351642416882,0.44329896907216493,92,297,3.2282608695652173,12.51190187397687,0.14616788906371775,1.9764007135212118,4.798838285091573,0.01615770466360799,,
S070083,matern,event_day_open,none,long_short,11,quarter_kelly,edge,0.06,robust_0.25c,includes_synthetic_short_yes,4,97,1.8288382850915732,0.018854002939088385,0.06825140025907733,0.2762434597315215,5.277623887813612,0.998033210227721,0.4309714668334703,-0.0767351642416882,0.44329896907216493,92,297,3.2282608695652173,12.51190187397687,0.14616788906371775,1.9764007135212118,4.798838285091573,0.01615770466360799,,
S070128,matern,event_day_open,none,long_short,11,quarter_kelly,roi,0.06,robust_0.25c,includes_synthetic_short_yes,5,97,1.8288382850915732,0.018854002939088385,0.06825140025907733,0.2762434597315215,5.277623887813612,0.998033210227721,0.4309714668334703,-0.0767351642416882,0.44329896907216493,92,297,3.2282608695652173,12.51190187397687,0.14616788906371775,1.9764007135212118,4.798838285091573,0.01615770466360799,,
S044236,matern,24h_prior,none,long_short,2,quarter_kelly,logit_gap,0.01,none,includes_synthetic_short_yes,4,97,0.4793134272209598,0.0049413755383604105,0.01792775316486341,0.2756271515409421,5.265849336365341,0.9980643322701422,0.07321113426844572,-0.019081116777333734,0.21649484536082475,82,164,2.0,3.572126671032546,0.13418153144116002,4.431398166019163,2.11931342722096,0.012922642848908292,,
S051336,matern,12h_prior,none,long_short,1,one_share,edge,0.15,robust_0.25c,includes_synthetic_short_yes,2,97,7.609999999999999,0.07845360824742267,0.28490619876762935,0.27536644898137075,5.260868620958196,0.9914743259115419,1.205,-0.625,0.35051546391752575,44,44,1.0,26.389999999999997,0.28836680560818495,2.392497712717292,8.049999999999999,0.18295454545454543,,
S051471,matern,12h_prior,none,long_short,1,equal_budget,edge,0.15,robust_0.25c,includes_synthetic_short_yes,2,97,7.609999999999999,0.07845360824742267,0.28490619876762935,0.27536644898137075,5.260868620958196,0.9914743259115419,1.205,-0.625,0.35051546391752575,44,44,1.0,26.389999999999997,0.28836680560818495,2.392497712717292,8.049999999999999,0.18295454545454543,,
S051606,matern,12h_prior,none,long_short,1,edge_weighted,edge,0.15,robust_0.25c,includes_synthetic_short_yes,3,97,7.609999999999999,0.07845360824742267,0.28490619876762935,0.27536644898137075,5.260868620958196,0.9914743259115419,1.205,-0.625,0.35051546391752575,44,44,1.0,26.389999999999997,0.28836680560818495,2.392497712717292,8.049999999999999,0.18295454545454543,,
S051740,matern,12h_prior,none,long_short,1,quarter_kelly,edge,0.15,robust_0.10c,includes_synthetic_short_yes,3,97,1.107850865163247,0.01142114293982729,0.04148034749628042,0.2753386514144182,5.260337549187251,0.9916688500193498,0.19185260815984473,-0.09067834981743775,0.38144329896907214,49,49,1.0,4.172480466762438,0.26551373313506826,2.2793986575683727,1.597850865163247,0.032609201329862184,,
S066292,matern,event_day_open,none,short_only,3,quarter_kelly,edge,0.03,none,includes_synthetic_short_yes,2,97,1.5582510818982527,0.016064444143280954,0.05836029103149082,0.275263263074077,5.258897256967359,0.9978802638448797,0.29053907798242506,-0.06470909697149169,0.44329896907216493,93,197,2.118279569892473,14.44401534218992,0.10788212591734893,1.9841004483348454,3.5282510818982527,0.017909903969026662,,
S066337,matern,event_day_open,none,short_only,3,quarter_kelly,roi,0.03,none,includes_synthetic_short_yes,3,97,1.5582510818982527,0.016064444143280954,0.05836029103149082,0.275263263074077,5.258897256967359,0.9978802638448797,0.29053907798242506,-0.06470909697149169,0.44329896907216493,93,197,2.118279569892473,14.44401534218992,0.10788212591734893,1.9841004483348454,3.5282510818982527,0.017909903969026662,,
S066290,matern,event_day_open,none,short_only,3,quarter_kelly,edge,0.02,robust_0.10c,includes_synthetic_short_yes,3,97,1.5507798850547971,0.01598742149541028,0.058138981294859365,0.27498626806562027,5.25360527476131,0.9978757378571194,0.2852238969627192,-0.06364606076755054,0.44329896907216493,93,199,2.139784946236559,14.470469328389468,0.1071685962536362,1.9826806978506615,3.540779885054797,0.017792863743993956,,
S066335,matern,event_day_open,none,short_only,3,quarter_kelly,roi,0.02,robust_0.10c,includes_synthetic_short_yes,4,97,1.5507798850547971,0.01598742149541028,0.058138981294859365,0.27498626806562027,5.25360527476131,0.9978757378571194,0.2852238969627192,-0.06364606076755054,0.44329896907216493,93,199,2.139784946236559,14.470469328389468,0.1071685962536362,1.9826806978506615,3.540779885054797,0.017792863743993956,,
S065857,matern,event_day_open,none,short_only,2,quarter_kelly,logit_gap,0.08,none,includes_synthetic_short_yes,3,97,1.5434223626138348,0.015911570748596233,0.0579153781027539,0.2747382693481825,5.248867265917341,0.9967970266099749,0.34692958552681596,-0.07809820161450903,0.4639175257731959,92,150,1.6304347826086956,11.248992113915955,0.13720539111272828,1.9087908619980474,3.0434223626138346,0.020289482417425564,,
S051799,matern,12h_prior,none,long_short,1,quarter_kelly,logit_gap,0.02,none,includes_synthetic_short_yes,3,97,0.21321763355503096,0.00219811993355702,0.00800169782038023,0.2747066913672289,5.248263969438316,0.9999990208388968,0.021272559647254857,-0.002402256754283878,0.13402061855670103,88,88,1.0,1.9203604229131663,0.11103000822709212,7.362073453795533,1.093217633555031,0.012422927654034443,,
S023683,static,12h_prior,none,long_short,2,edge_weighted,edge,0.18,none,includes_synthetic_short_yes,3,97,6.866045581884847,0.0707839750709778,0.2577052902497378,0.2746702444578544,5.247567652212421,0.9938936219918141,1.205,-0.602,0.28865979381443296,37,50,1.3513513513513513,20.563378392971913,0.3338967678692088,2.7126652508653315,7.366045581884847,0.14732091163769692,,
S063204,matern,event_day_open,none,long_only,3,one_share,edge,0.08,robust_0.25c,observed_yes_long_only,2,97,9.128,0.09410309278350515,0.3440068278312245,0.2735500727609793,5.226166801992741,0.9997035353260973,1.1840000000000002,-0.2455,0.17525773195876287,67,109,1.626865671641791,7.872,1.1595528455284554,2.917445646465707,10.218,0.09374311926605504,,
S063249,matern,event_day_open,none,long_only,3,one_share,roi,0.08,robust_0.25c,observed_yes_long_only,3,97,9.128,0.09410309278350515,0.3440068278312245,0.2735500727609793,5.226166801992741,0.9997035353260973,1.1840000000000002,-0.2455,0.17525773195876287,67,109,1.626865671641791,7.872,1.1595528455284554,2.917445646465707,10.218,0.09374311926605504,,
S063294,matern,event_day_open,none,long_only,3,one_share,logit_gap,0.08,robust_0.25c,observed_yes_long_only,3,97,9.128,0.09410309278350515,0.3440068278312245,0.2735500727609793,5.226166801992741,0.9997035353260973,1.1840000000000002,-0.2455,0.17525773195876287,67,109,1.626865671641791,7.872,1.1595528455284554,2.917445646465707,10.218,0.09374311926605504,,
S063744,matern,event_day_open,none,long_only,5,one_share,edge,0.08,robust_0.25c,observed_yes_long_only,2,97,9.128,0.09410309278350515,0.3440068278312245,0.2735500727609793,5.226166801992741,0.9997035353260973,1.1840000000000002,-0.2455,0.17525773195876287,67,109,1.626865671641791,7.872,1.1595528455284554,2.917445646465707,10.218,0.09374311926605504,,
S063789,matern,event_day_open,none,long_only,5,one_share,roi,0.08,robust_0.25c,observed_yes_long_only,3,97,9.128,0.09410309278350515,0.3440068278312245,0.2735500727609793,5.226166801992741,0.9997035353260973,1.1840000000000002,-0.2455,0.17525773195876287,67,109,1.626865671641791,7.872,1.1595528455284554,2.917445646465707,10.218,0.09374311926605504,,
S063834,matern,event_day_open,none,long_only,5,one_share,logit_gap,0.08,robust_0.25c,observed_yes_long_only,3,97,9.128,0.09410309278350515,0.3440068278312245,0.2735500727609793,5.226166801992741,0.9997035353260973,1.1840000000000002,-0.2455,0.17525773195876287,67,109,1.626865671641791,7.872,1.1595528455284554,2.917445646465707,10.218,0.09374311926605504,,
S064284,matern,event_day_open,none,long_only,11,one_share,edge,0.08,robust_0.25c,observed_yes_long_only,2,97,9.128,0.09410309278350515,0.3440068278312245,0.2735500727609793,5.226166801992741,0.9997035353260973,1.1840000000000002,-0.2455,0.17525773195876287,67,109,1.626865671641791,7.872,1.1595528455284554,2.917445646465707,10.218,0.09374311926605504,,
S064329,matern,event_day_open,none,long_only,11,one_share,roi,0.08,robust_0.25c,observed_yes_long_only,3,97,9.128,0.09410309278350515,0.3440068278312245,0.2735500727609793,5.226166801992741,0.9997035353260973,1.1840000000000002,-0.2455,0.17525773195876287,67,109,1.626865671641791,7.872,1.1595528455284554,2.917445646465707,10.218,0.09374311926605504,,
S064374,matern,event_day_open,none,long_only,11,one_share,logit_gap,0.08,robust_0.25c,observed_yes_long_only,3,97,9.128,0.09410309278350515,0.3440068278312245,0.2735500727609793,5.226166801992741,0.9997035353260973,1.1840000000000002,-0.2455,0.17525773195876287,67,109,1.626865671641791,7.872,1.1595528455284554,2.917445646465707,10.218,0.09374311926605504,,
S070087,matern,event_day_open,none,long_short,11,quarter_kelly,edge,0.08,none,includes_synthetic_short_yes,3,97,1.8149307924550586,0.01871062672634081,0.06847533468422189,0.27324622526674736,5.220361803766287,0.9976748035623589,0.43984166330482855,-0.08279737484477485,0.44329896907216493,92,303,3.2934782608695654,12.225112763595789,0.1484592271295525,1.9563794757566064,4.844930792455059,0.01598987060216191,,
S070132,matern,event_day_open,none,long_short,11,quarter_kelly,roi,0.08,none,includes_synthetic_short_yes,4,97,1.8149307924550584,0.018710626726340808,0.06847533468422189,0.2732462252667473,5.220361803766286,0.9976748035623589,0.43984166330482855,-0.08279737484477487,0.44329896907216493,92,303,3.2934782608695654,12.225112763595789,0.1484592271295525,1.9563794757566064,4.844930792455059,0.01598987060216191,,
S070177,matern,event_day_open,none,long_short,11,quarter_kelly,logit_gap,0.08,none,includes_synthetic_short_yes,4,97,1.8149307924550584,0.018710626726340808,0.06847533468422189,0.2732462252667473,5.220361803766286,0.9976748035623589,0.43984166330482855,-0.08279737484477487,0.44329896907216493,92,303,3.2934782608695654,12.225112763595789,0.1484592271295525,1.9563794757566064,4.844930792455059,0.01598987060216191,,
S051807,matern,12h_prior,none,long_short,1,quarter_kelly,logit_gap,0.04,robust_0.25c,includes_synthetic_short_yes,4,97,0.46703484967936376,0.004814792264735709,0.017625427725005006,0.27317307357625226,5.218964242681706,0.9965567044991963,0.12134716032325282,-0.02655455236859653,0.21649484536082475,85,85,1.0,2.480941740627058,0.1882490193265565,3.570431024484232,1.3170348496793638,0.015494527643286633,,
S051739,matern,12h_prior,none,long_short,1,quarter_kelly,edge,0.15,none,includes_synthetic_short_yes,2,97,1.136878881187882,0.011720400836988474,0.042932872447396166,0.2729936332899455,5.215536040825383,0.9912032517589432,0.19185260815984473,-0.09067834981743775,0.422680412371134,55,55,1.0,4.633420265130896,0.24536493910201448,2.155044654853352,1.686878881187882,0.03067052511250695,,
S028399,static,event_day_open,none,short_only,3,quarter_kelly,edge,0.04,none,includes_synthetic_short_yes,2,97,1.5641048033816918,0.016124791787440123,0.05909628210875726,0.2728562815130235,5.212911938811812,0.9975753561520441,0.2988164718841493,-0.06688134902773847,0.4536082474226804,93,187,2.010752688172043,14.225967411021166,0.10994716620607087,1.9577050317035711,3.434104803381692,0.018364196809527764,,
S028414,static,event_day_open,none,short_only,3,quarter_kelly,roi,0.04,none,includes_synthetic_short_yes,3,97,1.5641048033816918,0.016124791787440123,0.05909628210875726,0.2728562815130235,5.212911938811812,0.9975753561520441,0.2988164718841493,-0.06688134902773847,0.4536082474226804,93,187,2.010752688172043,14.225967411021166,0.10994716620607087,1.9577050317035711,3.434104803381692,0.018364196809527764,,
S043691,matern,24h_prior,none,long_short,1,quarter_kelly,roi,0.2,robust_0.10c,includes_synthetic_short_yes,4,97,0.5317221929293712,0.005481672092055373,0.020090157602465172,0.27285361322316065,5.2128609612055605,0.9996869532259891,0.06279201961779324,-0.014962732866501936,0.10309278350515463,15,15,1.0,1.020481942796295,0.5210500750972246,8.107287120252918,0.6817221929293712,0.04544814619529141,,
S043736,matern,24h_prior,none,long_short,1,quarter_kelly,logit_gap,0.2,robust_0.10c,includes_synthetic_short_yes,4,97,0.5317221929293712,0.005481672092055373,0.020090157602465172,0.27285361322316065,5.2128609612055605,0.9996869532259891,0.06279201961779324,-0.014962732866501936,0.10309278350515463,15,15,1.0,1.020481942796295,0.5210500750972246,8.107287120252918,0.6817221929293712,0.04544814619529141,,
S070123,matern,event_day_open,none,long_short,11,quarter_kelly,roi,0.05,none,includes_synthetic_short_yes,4,97,1.8448165808613097,0.01901872763774546,0.06977015437471729,0.27259116463467803,5.207846887962903,0.9980045960541171,0.35789370167862034,-0.0716628324974581,0.422680412371134,93,380,4.086021505376344,13.93635375666889,0.13237440818969734,1.9728846254068793,5.64481658086131,0.014854780475950815,,
S070078,matern,event_day_open,none,long_short,11,quarter_kelly,edge,0.05,none,includes_synthetic_short_yes,3,97,1.8448165808613095,0.01901872763774546,0.06977015437471729,0.27259116463467803,5.207846887962903,0.9980045960541171,0.3578937016786199,-0.07166283249745808,0.422680412371134,93,380,4.086021505376344,13.93635375666889,0.13237440818969734,1.972884625406879,5.64481658086131,0.014854780475950815,,
S070168,matern,event_day_open,none,long_short,11,quarter_kelly,logit_gap,0.05,none,includes_synthetic_short_yes,4,97,1.8448165808613095,0.01901872763774546,0.06977015437471729,0.27259116463467803,5.207846887962903,0.9980045960541171,0.3578937016786199,-0.0716628324974581,0.422680412371134,93,380,4.086021505376344,13.936353756668888,0.13237440818969734,1.972884625406879,5.64481658086131,0.014854780475950815,,
S069545,matern,event_day_open,none,long_short,5,quarter_kelly,edge,0.07,robust_0.10c,includes_synthetic_short_yes,4,97,1.8095386455701032,0.01865503758319694,0.06845519807916606,0.27251455121966106,5.206383190724194,0.9976757742544782,0.4238018344471117,-0.07903110208868032,0.44329896907216493,92,300,3.260869565217391,12.037018937760422,0.1503311289054748,1.9518002432728465,4.809538645570103,0.016031795485233678,,
S029477,static,event_day_open,none,long_short,5,quarter_kelly,edge,0.02,none,includes_synthetic_short_yes,3,97,1.8403632680278004,0.01897281719616289,0.06965755530707728,0.27237271122311746,5.2036733413951515,0.9978678361533077,0.3285576706662465,-0.0790399450534244,0.44329896907216493,93,444,4.774193548387097,14.113592128444092,0.13039651785875192,1.9906580444071036,6.2803632680278,0.01414496231537793,,
S023728,static,12h_prior,none,long_short,2,quarter_kelly,edge,0.18,none,includes_synthetic_short_yes,3,97,1.148712768834491,0.011842399678706091,0.04360363417801416,0.2715920335988249,5.188758516325076,0.9954273225885173,0.19982094730800037,-0.09077371994063109,0.28865979381443296,37,50,1.3513513513513513,3.8730651262569182,0.2965900988978855,2.6418364347328938,1.648712768834491,0.03297425537668982,,
S076641,matern,event_day_open,confirm_6h,long_short,2,quarter_kelly,logit_gap,0.02,robust_0.25c,includes_synthetic_short_yes,6,97,0.8021599455929022,0.008269690160751568,0.03045495858987644,0.2715383813885895,5.187733492287774,0.9994287776714075,0.1536691027325151,-0.04563495261002522,0.2268041237113402,85,169,1.988235294117647,2.4419119953942783,0.3284966645423203,3.643950288991638,2.492159945592902,0.014746508553804155,,
S029476,static,event_day_open,none,long_short,5,quarter_kelly,edge,0.01,none,includes_synthetic_short_yes,3,97,1.8337401050951074,0.018904537165928943,0.06962730713062586,0.2715103878778863,5.1871986770167275,0.9978219346152942,0.32684313941671106,-0.0790399450534244,0.44329896907216493,93,456,4.903225806451613,14.341123305438552,0.12786586280864778,1.9901045560167527,6.393740105095108,0.014021359879594535,,
S051804,matern,12h_prior,none,long_short,1,quarter_kelly,logit_gap,0.03,robust_0.25c,includes_synthetic_short_yes,4,97,0.34490177418077345,0.003555688393616221,0.013131738386737053,0.2707705780376677,5.173064629865089,0.9999698101488863,0.030418614346686246,-0.00848074363242829,0.15463917525773196,86,86,1.0,2.123003554705087,0.1624593484153091,5.456672266672645,1.2049017741807735,0.014010485746288064,,
S029478,static,event_day_open,none,long_short,5,quarter_kelly,edge,0.03,none,includes_synthetic_short_yes,3,97,1.8323071034732474,0.018889763953332448,0.06976402993377848,0.2707665249737296,5.172987196187277,0.9977328220347021,0.32847911939611296,-0.0790399450534244,0.44329896907216493,93,430,4.623655913978495,14.04217369423407,0.13048600190906487,1.9818798933490427,6.132307103473247,0.0142611793104029,,
S070124,matern,event_day_open,none,long_short,11,quarter_kelly,roi,0.05,robust_0.10c,includes_synthetic_short_yes,5,97,1.811087870724749,0.018671008976543804,0.06905579403412837,0.27037570471373223,5.165520585603959,0.9977378816165716,0.3907327767448012,-0.07200088439178667,0.4329896907216495,93,349,3.752688172043011,13.30559549079858,0.13611475502747683,1.947380076889698,5.301087870724749,0.015189363526431946,,
S070169,matern,event_day_open,none,long_short,11,quarter_kelly,logit_gap,0.05,robust_0.10c,includes_synthetic_short_yes,5,97,1.811087870724749,0.018671008976543804,0.06905579403412837,0.27037570471373223,5.165520585603959,0.9977378816165716,0.39073277674480167,-0.07200088439178667,0.4329896907216495,93,349,3.752688172043011,13.30559549079858,0.13611475502747683,1.947380076889698,5.301087870724749,0.015189363526431946,,
S070079,matern,event_day_open,none,long_short,11,quarter_kelly,edge,0.05,robust_0.10c,includes_synthetic_short_yes,4,97,1.8110878707247486,0.0186710089765438,0.06905579403412837,0.2703757047137322,5.165520585603958,0.9977378816165716,0.3907327767448012,-0.07200088439178667,0.4329896907216495,93,349,3.752688172043011,13.30559549079858,0.1361147550274768,1.947380076889698,5.301087870724749,0.015189363526431946,,
S029656,static,event_day_open,none,long_short,11,quarter_kelly,edge,0.01,none,includes_synthetic_short_yes,3,97,1.8631097694435115,0.01920731721075785,0.07113788914510973,0.27000122496716267,5.158366160091338,0.9978358363215126,0.4638635972776679,-0.07995827889878675,0.4329896907216495,93,583,6.268817204301075,18.925190789823922,0.09844602308819554,2.0007068591174946,7.693109769443511,0.013195728592527463,,
S029671,static,event_day_open,none,long_short,11,quarter_kelly,roi,0.01,none,includes_synthetic_short_yes,4,97,1.863109769443511,0.019207317210757847,0.07113788914510973,0.2700012249671626,5.1583661600913375,0.9978358363215126,0.4638635972776679,-0.07995827889878677,0.4329896907216495,93,583,6.268817204301075,18.925190789823922,0.09844602308819551,2.0007068591174946,7.693109769443511,0.013195728592527463,,
S029686,static,event_day_open,none,long_short,11,quarter_kelly,logit_gap,0.01,none,includes_synthetic_short_yes,4,97,1.863109769443511,0.019207317210757847,0.07113788914510973,0.2700012249671626,5.1583661600913375,0.9978358363215126,0.4638635972776679,-0.07995827889878676,0.4329896907216495,93,583,6.268817204301075,18.925190789823922,0.09844602308819551,2.0007068591174946,7.693109769443511,0.013195728592527463,,
S029661,static,event_day_open,none,long_short,11,quarter_kelly,edge,0.06,none,includes_synthetic_short_yes,3,97,1.8226655605236113,0.0187903666033362,0.06964063471491859,0.269819002659246,5.154884807786788,0.9975723805876878,0.313109249801963,-0.07729430192000779,0.44329896907216493,93,347,3.7311827956989245,13.258712213816015,0.13746927538138537,1.9394943807217957,5.292665560523611,0.015252638502949887,,
S029676,static,event_day_open,none,long_short,11,quarter_kelly,roi,0.06,none,includes_synthetic_short_yes,4,97,1.8226655605236113,0.0187903666033362,0.06964063471491859,0.269819002659246,5.154884807786788,0.9975723805876878,0.31310924980196253,-0.07729430192000779,0.44329896907216493,93,347,3.7311827956989245,13.258712213816017,0.13746927538138534,1.9394943807217957,5.292665560523611,0.015252638502949887,,
S029691,static,event_day_open,none,long_short,11,quarter_kelly,logit_gap,0.06,none,includes_synthetic_short_yes,4,97,1.822665560523611,0.018790366603336196,0.06964063471491859,0.26981900265924597,5.154884807786786,0.9975723805876878,0.31310924980196253,-0.07729430192000779,0.44329896907216493,93,347,3.7311827956989245,13.258712213816015,0.13746927538138534,1.9394943807217957,5.292665560523611,0.015252638502949887,,
S044806,matern,24h_prior,none,long_short,3,quarter_kelly,logit_gap,0.12,none,includes_synthetic_short_yes,4,97,1.2372178626935286,0.012754823326737408,0.0472811302421967,0.2697656181525498,5.15386489821842,0.9935783520170394,0.27144207481330795,-0.08698017327184494,0.4536082474226804,65,127,1.9538461538461538,7.326688621753768,0.168864534384618,2.082504823328581,2.507217862693529,0.019741872934594715,,
S023698,static,12h_prior,none,long_short,2,edge_weighted,roi,0.18,none,includes_synthetic_short_yes,4,97,6.581273674703366,0.06784818221343676,0.25190321542988653,0.26934226344689627,5.145776717923593,0.9925275265177168,1.205,-0.602,0.28865979381443296,37,50,1.3513513513513513,19.395471881071554,0.33932011116090294,2.6775141326768437,7.081273674703366,0.14162547349406732,,
S070090,matern,event_day_open,none,long_short,11,quarter_kelly,edge,0.09,none,includes_synthetic_short_yes,3,97,1.7675347049284638,0.01822200726730375,0.06776224910155948,0.26891089816091107,5.137535495706417,0.9972755984456859,0.4659998971552519,-0.08188044282155409,0.4536082474226804,92,276,3.0,11.599844755121365,0.15237572073092548,1.932444635228041,4.527534704928464,0.016404111249740814,,
S070135,matern,event_day_open,none,long_short,11,quarter_kelly,roi,0.09,none,includes_synthetic_short_yes,4,97,1.7675347049284638,0.01822200726730375,0.0677622491015595,0.268910898160911,5.137535495706415,0.9972755984456859,0.4659998971552519,-0.08188044282155409,0.4536082474226804,92,276,3.0,11.599844755121365,0.15237572073092548,1.932444635228041,4.527534704928464,0.016404111249740814,,
S070180,matern,event_day_open,none,long_short,11,quarter_kelly,logit_gap,0.09,none,includes_synthetic_short_yes,4,97,1.7675347049284635,0.018222007267303747,0.06776224910155948,0.268910898160911,5.137535495706415,0.9972755984456859,0.4659998971552519,-0.08188044282155409,0.4536082474226804,92,276,3.0,11.599844755121365,0.15237572073092545,1.9324446352280413,4.527534704928463,0.01640411124974081,,
S051337,matern,12h_prior,none,long_short,1,one_share,edge,0.18,none,includes_synthetic_short_yes,1,97,7.065,0.07283505154639176,0.27094059467330545,0.2688229559480179,5.135855362088183,0.9904775859585768,1.205,-0.622,0.31958762886597936,40,40,1.0,23.935,0.2951744307499478,2.4552008238928944,7.465000000000001,0.186625,,
S051472,matern,12h_prior,none,long_short,1,equal_budget,edge,0.18,none,includes_synthetic_short_yes,1,97,7.065,0.07283505154639176,0.27094059467330545,0.2688229559480179,5.135855362088183,0.9904775859585768,1.205,-0.622,0.31958762886597936,40,40,1.0,23.935,0.2951744307499478,2.4552008238928944,7.465000000000001,0.186625,,
S051607,matern,12h_prior,none,long_short,1,edge_weighted,edge,0.18,none,includes_synthetic_short_yes,2,97,7.065,0.07283505154639176,0.27094059467330545,0.2688229559480179,5.135855362088183,0.9904775859585768,1.205,-0.622,0.31958762886597936,40,40,1.0,23.935,0.2951744307499478,2.4552008238928944,7.465000000000001,0.186625,,
S049042,matern,12h_prior,none,short_only,1,quarter_kelly,edge,0.18,none,includes_synthetic_short_yes,1,97,1.0128634262662413,0.010441890992435476,0.038852328295620464,0.26875843612215417,5.13462271254583,0.9910650556872251,0.19185260815984473,-0.09067834981743775,0.31958762886597936,40,40,1.0,3.5444987963965016,0.2857564593606194,2.4280610331634875,1.4128634262662412,0.03532158565665603,,
S049087,matern,12h_prior,none,short_only,1,quarter_kelly,roi,0.18,none,includes_synthetic_short_yes,2,97,1.0128634262662413,0.010441890992435476,0.038852328295620464,0.26875843612215417,5.13462271254583,0.9910650556872251,0.19185260815984473,-0.09067834981743775,0.31958762886597936,40,40,1.0,3.5444987963965016,0.2857564593606194,2.4280610331634875,1.4128634262662412,0.03532158565665603,,
S065779,matern,event_day_open,none,short_only,2,quarter_kelly,edge,0.15,none,includes_synthetic_short_yes,2,97,1.4014492466600994,0.014447930377939169,0.05379785379790952,0.2685596052253777,5.130824053596645,0.9950280311138598,0.21994413708688132,-0.0844345470979353,0.4536082474226804,74,90,1.2162162162162162,6.780524630478058,0.20668743541770615,1.9645762675875127,2.3014492466600993,0.025571658296223324,,
S065824,matern,event_day_open,none,short_only,2,quarter_kelly,roi,0.15,none,includes_synthetic_short_yes,3,97,1.4014492466600994,0.014447930377939169,0.05379785379790952,0.2685596052253777,5.130824053596645,0.9950280311138598,0.21994413708688132,-0.0844345470979353,0.4536082474226804,74,90,1.2162162162162162,6.780524630478058,0.20668743541770615,1.9645762675875127,2.3014492466600993,0.025571658296223324,,
S029657,static,event_day_open,none,long_short,11,quarter_kelly,edge,0.02,none,includes_synthetic_short_yes,3,97,1.8563507844256444,0.019137636952841694,0.07126949346192057,0.26852494697562246,5.130161908664794,0.9976709774483749,0.4632093959364645,-0.08101156280495174,0.4329896907216495,93,508,5.462365591397849,16.801398342882603,0.11048787407698303,1.985719446224556,6.9363507844256445,0.013654233827609536,,
S029672,static,event_day_open,none,long_short,11,quarter_kelly,roi,0.02,none,includes_synthetic_short_yes,4,97,1.8563507844256442,0.019137636952841694,0.07126949346192057,0.26852494697562246,5.130161908664794,0.9976709774483749,0.4632093959364645,-0.08101156280495174,0.4329896907216495,93,508,5.462365591397849,16.801398342882607,0.11048787407698299,1.985719446224556,6.9363507844256445,0.013654233827609536,,
S029687,static,event_day_open,none,long_short,11,quarter_kelly,logit_gap,0.02,none,includes_synthetic_short_yes,4,97,1.8563507844256442,0.019137636952841694,0.07126949346192057,0.26852494697562246,5.130161908664794,0.9976709774483749,0.4632093959364645,-0.08101156280495174,0.4329896907216495,93,508,5.462365591397849,16.801398342882603,0.11048787407698302,1.985719446224556,6.9363507844256445,0.013654233827609536,,
S070111,matern,event_day_open,none,long_short,11,quarter_kelly,roi,0.01,none,includes_synthetic_short_yes,4,97,1.8364790329794436,0.018932773535870553,0.07053516715153343,0.26841608661955163,5.12808213448229,0.997804784160682,0.46322223648783223,-0.07540513762140555,0.41237113402061853,93,589,6.333333333333333,18.162211963861846,0.10111538377778911,1.9835864799097769,7.7264790329794435,0.01311796100675627,,
S070156,matern,event_day_open,none,long_short,11,quarter_kelly,logit_gap,0.01,none,includes_synthetic_short_yes,4,97,1.8364790329794436,0.018932773535870553,0.07053516715153343,0.26841608661955163,5.12808213448229,0.997804784160682,0.46322223648783223,-0.07540513762140555,0.41237113402061853,93,589,6.333333333333333,18.162211963861846,0.10111538377778911,1.9835864799097769,7.7264790329794435,0.01311796100675627,,
S070066,matern,event_day_open,none,long_short,11,quarter_kelly,edge,0.01,none,includes_synthetic_short_yes,3,97,1.8364790329794434,0.01893277353587055,0.07053516715153343,0.26841608661955163,5.12808213448229,0.997804784160682,0.46322223648783223,-0.07540513762140555,0.41237113402061853,93,589,6.333333333333333,18.162211963861846,0.1011153837777891,1.9835864799097769,7.726479032979443,0.01311796100675627,,
S063339,matern,event_day_open,none,long_only,3,equal_budget,edge,0.08,robust_0.25c,observed_yes_long_only,2,97,6.664083333333333,0.06870189003436426,0.25602207903418756,0.26834361432238135,5.126697553188954,0.9999103943365172,0.7375833333333337,-0.13006666666666666,0.17525773195876287,67,109,1.626865671641791,5.002583333333334,1.3321284003264977,3.25862848104841,7.754083333333333,0.07113837920489297,,
S063384,matern,event_day_open,none,long_only,3,equal_budget,roi,0.08,robust_0.25c,observed_yes_long_only,3,97,6.664083333333333,0.06870189003436426,0.25602207903418756,0.26834361432238135,5.126697553188954,0.9999103943365172,0.7375833333333337,-0.13006666666666666,0.17525773195876287,67,109,1.626865671641791,5.002583333333334,1.3321284003264977,3.25862848104841,7.754083333333333,0.07113837920489297,,
S063429,matern,event_day_open,none,long_only,3,equal_budget,logit_gap,0.08,robust_0.25c,observed_yes_long_only,3,97,6.664083333333333,0.06870189003436426,0.25602207903418756,0.26834361432238135,5.126697553188954,0.9999103943365172,0.7375833333333337,-0.13006666666666666,0.17525773195876287,67,109,1.626865671641791,5.002583333333334,1.3321284003264977,3.25862848104841,7.754083333333333,0.07113837920489297,,
S063879,matern,event_day_open,none,long_only,5,equal_budget,edge,0.08,robust_0.25c,observed_yes_long_only,2,97,6.664083333333333,0.06870189003436426,0.25602207903418756,0.26834361432238135,5.126697553188954,0.9999103943365172,0.7375833333333337,-0.13006666666666666,0.17525773195876287,67,109,1.626865671641791,5.002583333333334,1.3321284003264977,3.25862848104841,7.754083333333333,0.07113837920489297,,
S063924,matern,event_day_open,none,long_only,5,equal_budget,roi,0.08,robust_0.25c,observed_yes_long_only,3,97,6.664083333333333,0.06870189003436426,0.25602207903418756,0.26834361432238135,5.126697553188954,0.9999103943365172,0.7375833333333337,-0.13006666666666666,0.17525773195876287,67,109,1.626865671641791,5.002583333333334,1.3321284003264977,3.25862848104841,7.754083333333333,0.07113837920489297,,
S063969,matern,event_day_open,none,long_only,5,equal_budget,logit_gap,0.08,robust_0.25c,observed_yes_long_only,3,97,6.664083333333333,0.06870189003436426,0.25602207903418756,0.26834361432238135,5.126697553188954,0.9999103943365172,0.7375833333333337,-0.13006666666666666,0.17525773195876287,67,109,1.626865671641791,5.002583333333334,1.3321284003264977,3.25862848104841,7.754083333333333,0.07113837920489297,,
S064419,matern,event_day_open,none,long_only,11,equal_budget,edge,0.08,robust_0.25c,observed_yes_long_only,2,97,6.664083333333333,0.06870189003436426,0.25602207903418756,0.26834361432238135,5.126697553188954,0.9999103943365172,0.7375833333333337,-0.13006666666666666,0.17525773195876287,67,109,1.626865671641791,5.002583333333334,1.3321284003264977,3.25862848104841,7.754083333333333,0.07113837920489297,,
S064464,matern,event_day_open,none,long_only,11,equal_budget,roi,0.08,robust_0.25c,observed_yes_long_only,3,97,6.664083333333333,0.06870189003436426,0.25602207903418756,0.26834361432238135,5.126697553188954,0.9999103943365172,0.7375833333333337,-0.13006666666666666,0.17525773195876287,67,109,1.626865671641791,5.002583333333334,1.3321284003264977,3.25862848104841,7.754083333333333,0.07113837920489297,,
S064509,matern,event_day_open,none,long_only,11,equal_budget,logit_gap,0.08,robust_0.25c,observed_yes_long_only,3,97,6.664083333333333,0.06870189003436426,0.25602207903418756,0.26834361432238135,5.126697553188954,0.9999103943365172,0.7375833333333337,-0.13006666666666666,0.17525773195876287,67,109,1.626865671641791,5.002583333333334,1.3321284003264977,3.25862848104841,7.754083333333333,0.07113837920489297,,
S069527,matern,event_day_open,none,long_short,5,quarter_kelly,edge,0.01,robust_0.10c,includes_synthetic_short_yes,4,97,1.8027431362799105,0.01858498078639083,0.06927833462396207,0.2682654091971003,5.1252034463683485,0.9976232669305706,0.3687296202429102,-0.07456858016043781,0.41237113402061853,93,450,4.838709677419355,14.244614927242218,0.12655611580150483,1.9613082732991012,6.3027431362799105,0.0140060958583998,,
S023878,static,12h_prior,none,long_short,3,edge_weighted,roi,0.18,none,includes_synthetic_short_yes,4,97,6.483052896141027,0.06683559686743326,0.24917827262921785,0.2682240155299814,5.124412621468445,0.9918934316652808,1.205,-0.602,0.28865979381443296,37,56,1.5135135135135136,20.182533558532988,0.3212209645205843,2.6517466729768127,7.0430528961410275,0.12576880171680407,,
S052461,matern,12h_prior,none,long_short,3,one_share,roi,0.15,robust_0.25c,includes_synthetic_short_yes,4,97,9.931,0.10238144329896906,0.3818754417154828,0.2681016690652985,5.122075195542679,0.9973891181070859,1.4149999999999991,-0.6425,0.3402061855670103,44,64,1.4545454545454546,31.069,0.31964337442466767,2.5541471048513302,10.571,0.165171875,,
S044237,matern,24h_prior,none,long_short,2,quarter_kelly,logit_gap,0.01,robust_0.10c,includes_synthetic_short_yes,5,97,0.5008575579844172,0.005163479979220796,0.019268928955196912,0.26796922606475143,5.119544875570071,0.9964822440914527,0.07321113426844572,-0.02832524050185583,0.2268041237113402,82,164,2.0,3.7396164324804264,0.13393286905957,3.652604942958329,2.1408575579844173,0.013054009499904984,,
S023684,static,12h_prior,none,long_short,2,edge_weighted,edge,0.2,none,includes_synthetic_short_yes,3,97,5.878252080422876,0.06060053691157604,0.22619675202815756,0.26791072978816394,5.1184273057750564,0.9938121808663718,1.205,-0.5358607852756493,0.2268041237113402,28,36,1.2857142857142858,15.787206436790207,0.37234276399428773,3.089818920523135,6.2382520804228765,0.17328478001174658,,
S066293,matern,event_day_open,none,short_only,3,quarter_kelly,edge,0.03,robust_0.10c,includes_synthetic_short_yes,3,97,1.5218380746431064,0.015689052315908312,0.058567282986605386,0.26788082895183085,5.117856051099016,0.9972450565290818,0.2818027653961903,-0.06619763127754143,0.422680412371134,93,188,2.021505376344086,14.050700836913206,0.10831047449569345,1.9355308755559022,3.4018380746431065,0.018094883375761206,,
S066338,matern,event_day_open,none,short_only,3,quarter_kelly,roi,0.03,robust_0.10c,includes_synthetic_short_yes,4,97,1.5218380746431064,0.015689052315908312,0.058567282986605386,0.26788082895183085,5.117856051099016,0.9972450565290818,0.2818027653961903,-0.06619763127754143,0.422680412371134,93,188,2.021505376344086,14.050700836913206,0.10831047449569345,1.9355308755559022,3.4018380746431065,0.018094883375761206,,
S069529,matern,event_day_open,none,long_short,5,quarter_kelly,edge,0.02,none,includes_synthetic_short_yes,3,97,1.798260390104985,0.018538766908298813,0.06922080205412998,0.26782074691653646,5.116708185426445,0.9975806970275457,0.36859380861423285,-0.07456858016043781,0.41237113402061853,93,445,4.78494623655914,13.91645980653319,0.12921823618250797,1.9586405031449525,6.248260390104985,0.014041034584505584,,
S069547,matern,event_day_open,none,long_short,5,quarter_kelly,edge,0.08,none,includes_synthetic_short_yes,3,97,1.7747921600989203,0.018296826392772372,0.06832131687744453,0.2678055287721313,5.116417443185819,0.9971469563437154,0.43984166330482855,-0.08279737484477485,0.44329896907216493,92,299,3.25,11.833851729949386,0.14997586589725773,1.925713858631144,4.764792160098921,0.01593575973277231,,
S022514,static,12h_prior,none,short_only,1,one_share,edge,0.2,none,includes_synthetic_short_yes,0,97,5.864999999999999,0.06046391752577319,0.22606700987832448,0.2674601551031994,5.109819088505682,0.9911360058538213,1.205,-0.597,0.23711340206185566,28,28,1.0,17.134999999999998,0.3422818791946309,2.9648241206030144,6.145,0.2194642857142857,,
S022529,static,12h_prior,none,short_only,1,one_share,roi,0.2,none,includes_synthetic_short_yes,1,97,5.864999999999999,0.06046391752577319,0.22606700987832448,0.2674601551031994,5.109819088505682,0.9911360058538213,1.205,-0.597,0.23711340206185566,28,28,1.0,17.134999999999998,0.3422818791946309,2.9648241206030144,6.145,0.2194642857142857,,
S022559,static,12h_prior,none,short_only,1,equal_budget,edge,0.2,none,includes_synthetic_short_yes,0,97,5.864999999999999,0.06046391752577319,0.22606700987832448,0.2674601551031994,5.109819088505682,0.9911360058538213,1.205,-0.597,0.23711340206185566,28,28,1.0,17.134999999999998,0.3422818791946309,2.9648241206030144,6.145,0.2194642857142857,,
S022574,static,12h_prior,none,short_only,1,equal_budget,roi,0.2,none,includes_synthetic_short_yes,1,97,5.864999999999999,0.06046391752577319,0.22606700987832448,0.2674601551031994,5.109819088505682,0.9911360058538213,1.205,-0.597,0.23711340206185566,28,28,1.0,17.134999999999998,0.3422818791946309,2.9648241206030144,6.145,0.2194642857142857,,
S022604,static,12h_prior,none,short_only,1,edge_weighted,edge,0.2,none,includes_synthetic_short_yes,1,97,5.864999999999999,0.06046391752577319,0.22606700987832448,0.2674601551031994,5.109819088505682,0.9911360058538213,1.205,-0.597,0.23711340206185566,28,28,1.0,17.134999999999998,0.3422818791946309,2.9648241206030144,6.145,0.2194642857142857,,
S022619,static,12h_prior,none,short_only,1,edge_weighted,roi,0.2,none,includes_synthetic_short_yes,2,97,5.864999999999999,0.06046391752577319,0.22606700987832448,0.2674601551031994,5.109819088505682,0.9911360058538213,1.205,-0.597,0.23711340206185566,28,28,1.0,17.134999999999998,0.3422818791946309,2.9648241206030144,6.145,0.2194642857142857,,
S069543,matern,event_day_open,none,long_short,5,quarter_kelly,edge,0.06,robust_0.25c,includes_synthetic_short_yes,4,97,1.7731816386984498,0.01828022307936546,0.06836359148696536,0.267397055680594,5.108613575729476,0.9972048633926218,0.44648948087045537,-0.07983876704908521,0.44329896907216493,92,292,3.1739130434782608,11.914472939553383,0.14882585639284837,1.9293095686664425,4.69318163869845,0.016072539858556334,,
S051745,matern,12h_prior,none,long_short,1,quarter_kelly,edge,0.2,none,includes_synthetic_short_yes,2,97,0.9036795481552435,0.009316284001600448,0.03484065778916413,0.26739690329549193,5.108610664416188,0.9916289644433177,0.19185260815984473,-0.08622306776057453,0.24742268041237114,31,31,1.0,2.7580333383240063,0.32765359852553083,2.8160825429136067,1.2136795481552436,0.03915095316629818,,
S066288,matern,event_day_open,none,short_only,3,quarter_kelly,edge,0.01,robust_0.25c,includes_synthetic_short_yes,3,97,1.5103129601758312,0.01557023670284362,0.05823349102183505,0.2673759795201949,5.108210916250428,0.997263826223307,0.2926665684929679,-0.06513459507360027,0.4329896907216495,93,196,2.10752688172043,14.596004232714266,0.10347441231832077,1.9419295848082607,3.470312960175831,0.017705678368244035,,
S066333,matern,event_day_open,none,short_only,3,quarter_kelly,roi,0.01,robust_0.25c,includes_synthetic_short_yes,4,97,1.5103129601758312,0.01557023670284362,0.05823349102183505,0.2673759795201949,5.108210916250428,0.997263826223307,0.2926665684929679,-0.06513459507360027,0.4329896907216495,93,196,2.10752688172043,14.596004232714266,0.10347441231832077,1.9419295848082607,3.470312960175831,0.017705678368244035,,
S076642,matern,event_day_open,confirm_6h,long_short,2,quarter_kelly,logit_gap,0.03,none,includes_synthetic_short_yes,5,97,0.7919599392086407,0.008164535455759183,0.03054593940650674,0.26728709656315286,5.106512809740466,0.9993131775294803,0.1536691027325151,-0.04563495261002522,0.21649484536082475,85,169,1.988235294117647,2.3738281090168765,0.3336214345935232,3.5947315034470235,2.4819599392086404,0.01468615348644166,,
S070081,matern,event_day_open,none,long_short,11,quarter_kelly,edge,0.06,none,includes_synthetic_short_yes,3,97,1.7940158662984198,0.018495008930911546,0.06920022878167474,0.26726803157346357,5.106148573623879,0.997465138445478,0.40699997021468826,-0.07329744890966874,0.4329896907216495,93,347,3.7311827956989245,13.277373989920854,0.13511827471759827,1.932013606813459,5.26401586629842,0.015170074542646744,,
S070126,matern,event_day_open,none,long_short,11,quarter_kelly,roi,0.06,none,includes_synthetic_short_yes,4,97,1.7940158662984198,0.018495008930911546,0.06920022878167474,0.26726803157346357,5.106148573623879,0.997465138445478,0.40699997021468826,-0.07329744890966874,0.4329896907216495,93,347,3.7311827956989245,13.277373989920854,0.13511827471759827,1.932013606813459,5.26401586629842,0.015170074542646744,,
S070171,matern,event_day_open,none,long_short,11,quarter_kelly,logit_gap,0.06,none,includes_synthetic_short_yes,4,97,1.7940158662984198,0.018495008930911546,0.06920022878167474,0.26726803157346357,5.106148573623879,0.997465138445478,0.4069999702146887,-0.07329744890966874,0.4329896907216495,93,347,3.7311827956989245,13.277373989920854,0.13511827471759827,1.932013606813459,5.26401586629842,0.015170074542646744,,
S069550,matern,event_day_open,none,long_short,5,quarter_kelly,edge,0.09,none,includes_synthetic_short_yes,3,97,1.7466402738981917,0.01800660076183703,0.06737516002857287,0.26725874571875863,5.105971167618839,0.9970769675441099,0.4659998971552519,-0.08188044282155409,0.4536082474226804,92,275,2.989130434782609,11.421744604910952,0.15292237169680692,1.9214219944470738,4.496640273898191,0.016351419177811605,,
S069595,matern,event_day_open,none,long_short,5,quarter_kelly,roi,0.09,none,includes_synthetic_short_yes,4,97,1.7466402738981917,0.01800660076183703,0.06737516002857287,0.26725874571875863,5.105971167618839,0.9970769675441099,0.4659998971552519,-0.08188044282155409,0.4536082474226804,92,275,2.989130434782609,11.421744604910952,0.15292237169680692,1.9214219944470738,4.496640273898191,0.016351419177811605,,
S070129,matern,event_day_open,none,long_short,11,quarter_kelly,roi,0.07,none,includes_synthetic_short_yes,4,97,1.7959440590017917,0.018514887206204037,0.06930436652230094,0.2671532565014683,5.1039557989523034,0.9973947208498608,0.3833278623907459,-0.07599944439259224,0.4329896907216495,92,329,3.5760869565217392,13.022678507782476,0.13790896073557513,1.927384198146396,5.0859440590017915,0.015458796531920338,,
S070174,matern,event_day_open,none,long_short,11,quarter_kelly,logit_gap,0.07,none,includes_synthetic_short_yes,4,97,1.7959440590017917,0.018514887206204037,0.06930436652230094,0.2671532565014683,5.1039557989523034,0.9973947208498608,0.3833278623907459,-0.07599944439259224,0.4329896907216495,92,329,3.5760869565217392,13.022678507782476,0.13790896073557513,1.9273841981463962,5.0859440590017915,0.015458796531920338,,
S070084,matern,event_day_open,none,long_short,11,quarter_kelly,edge,0.07,none,includes_synthetic_short_yes,3,97,1.7959440590017914,0.018514887206204034,0.06930436652230094,0.26715325650146826,5.103955798952303,0.9973947208498608,0.3833278623907459,-0.07599944439259224,0.4329896907216495,92,329,3.5760869565217392,13.022678507782476,0.1379089607355751,1.9273841981463962,5.0859440590017915,0.015458796531920338,,
S069526,matern,event_day_open,none,long_short,5,quarter_kelly,edge,0.01,none,includes_synthetic_short_yes,3,97,1.7932701097216976,0.018487320718780387,0.06920165897033329,0.2671514092849406,5.103920507930094,0.9975480352112418,0.3774398575426454,-0.07456858016043781,0.41237113402061853,93,453,4.870967741935484,14.265456438904458,0.12570716663724327,1.9575132602910956,6.3232701097216975,0.013958653663844807,,
S051923,matern,12h_prior,none,long_short,2,one_share,roi,0.18,robust_0.10c,includes_synthetic_short_yes,4,97,8.6265,0.08893298969072165,0.3329126404809681,0.26713611583578717,5.103628326994271,0.9971630673958578,1.205,-0.621,0.27835051546391754,35,44,1.2571428571428571,23.3735,0.3690718120948938,2.80282131661442,9.0665,0.20605681818181817,,
S069640,matern,event_day_open,none,long_short,5,quarter_kelly,logit_gap,0.09,none,includes_synthetic_short_yes,4,97,1.7411645089388894,0.01795014957668958,0.06728441109489076,0.2667802137908973,5.096828827973885,0.9970226771621711,0.4659998971552519,-0.08188044282155409,0.4536082474226804,92,275,2.989130434782609,11.594633878069535,0.150169856784541,1.918533311330508,4.49116450893889,0.016331507305232328,,
S052864,matern,12h_prior,none,long_short,3,quarter_kelly,roi,0.15,none,includes_synthetic_short_yes,4,97,1.307469580828713,0.013479067843594978,0.05054412279496718,0.2666792318915687,5.094899571496099,0.9941860156541018,0.19720280184151173,-0.09174838855377118,0.4020618556701031,55,88,1.6,5.542122255666231,0.23591496551559543,2.169882877075339,2.187469580828713,0.024857608873053553,,
S029677,static,event_day_open,none,long_short,11,quarter_kelly,roi,0.07,none,includes_synthetic_short_yes,4,97,1.7837563150784348,0.01838924036163335,0.06898490121440685,0.2665690613150132,5.0927947655863814,0.9972707761157216,0.3262811309758695,-0.07729430192000779,0.4536082474226804,93,324,3.4838709677419355,12.939389354619852,0.13785475235286634,1.9243796004642166,5.023756315078435,0.015505420725550726,,
S029692,static,event_day_open,none,long_short,11,quarter_kelly,logit_gap,0.07,none,includes_synthetic_short_yes,4,97,1.7837563150784348,0.01838924036163335,0.06898490121440685,0.2665690613150132,5.0927947655863814,0.9972707761157216,0.3262811309758695,-0.07729430192000779,0.4536082474226804,93,324,3.4838709677419355,12.939389354619852,0.13785475235286634,1.9243796004642166,5.023756315078435,0.015505420725550726,,
S029662,static,event_day_open,none,long_short,11,quarter_kelly,edge,0.07,none,includes_synthetic_short_yes,3,97,1.7837563150784346,0.018389240361633346,0.06898490121440685,0.2665690613150131,5.092794765586381,0.9972707761157216,0.3262811309758695,-0.07729430192000779,0.4536082474226804,93,324,3.4838709677419355,12.939389354619852,0.13785475235286632,1.9243796004642164,5.023756315078435,0.015505420725550726,,
S029479,static,event_day_open,none,long_short,5,quarter_kelly,edge,0.04,none,includes_synthetic_short_yes,3,97,1.809772246106077,0.018657445836145124,0.06999689302094131,0.2665467713054533,5.092368915551679,0.9973231581160843,0.3467937460897319,-0.0790399450534244,0.4536082474226804,93,396,4.258064516129032,13.66077530426428,0.13247946809733027,1.949642018715954,5.769772246106077,0.014570131934611307,,
S066295,matern,event_day_open,none,short_only,3,quarter_kelly,edge,0.04,none,includes_synthetic_short_yes,2,97,1.51763559110433,0.015645727743343607,0.05871532630983915,0.2664675260558297,5.09085493718341,0.9970708844904235,0.2908744877046501,-0.06619763127754143,0.4329896907216495,93,187,2.010752688172043,13.865118215526898,0.1094570971205136,1.9293384624903487,3.3876355911043303,0.0181156983481515,,
S066340,matern,event_day_open,none,short_only,3,quarter_kelly,roi,0.04,none,includes_synthetic_short_yes,3,97,1.51763559110433,0.015645727743343607,0.05871532630983915,0.2664675260558297,5.09085493718341,0.9970708844904235,0.2908744877046501,-0.06619763127754143,0.4329896907216495,93,187,2.010752688172043,13.865118215526898,0.1094570971205136,1.9293384624903487,3.3876355911043303,0.0181156983481515,,
S069092,matern,event_day_open,none,long_short,3,quarter_kelly,logit_gap,0.06,robust_0.10c,includes_synthetic_short_yes,5,97,1.5472542259025015,0.01595107449384022,0.05990176163385911,0.2662872352793039,5.087410486734268,0.9952285507252936,0.44295664756705255,-0.0873069925435744,0.5463917525773195,93,254,2.7311827956989245,9.221209331794533,0.1677929835696932,1.8769462632548042,4.087254225902502,0.01609155207048229,,
S052462,matern,12h_prior,none,long_short,3,one_share,roi,0.18,none,includes_synthetic_short_yes,3,97,9.719999999999999,0.1002061855670103,0.37646833886752484,0.2661742707725331,5.085252302862736,0.9976603583707727,1.205000000000001,-0.6329999999999999,0.30927835051546393,40,54,1.35,28.279999999999998,0.3437057991513437,2.652780139432069,10.259999999999998,0.18999999999999997,,
S052507,matern,12h_prior,none,long_short,3,one_share,logit_gap,0.18,none,includes_synthetic_short_yes,3,97,9.719999999999999,0.1002061855670103,0.37646833886752484,0.2661742707725331,5.085252302862736,0.9976603583707727,1.205000000000001,-0.6329999999999999,0.30927835051546393,40,54,1.35,28.279999999999998,0.3437057991513437,2.6527801394320694,10.259999999999998,0.18999999999999997,,
S069530,matern,event_day_open,none,long_short,5,quarter_kelly,edge,0.02,robust_0.10c,includes_synthetic_short_yes,4,97,1.7891209166408049,0.018444545532379432,0.06932168151275517,0.2660718137511659,5.083294864217972,0.9974199143917605,0.3713813043722738,-0.07456858016043781,0.41237113402061853,93,435,4.67741935483871,13.836222599737768,0.12930703475923502,1.9489577040687593,6.139120916640805,0.014112921647450127,,
S052867,matern,12h_prior,none,long_short,3,quarter_kelly,roi,0.18,none,includes_synthetic_short_yes,4,97,1.193091527151666,0.012299912651048102,0.04623323933496847,0.266040468458914,5.082696013250351,0.9946817898423724,0.19185260815984473,-0.09178472183146229,0.30927835051546393,40,54,1.35,4.127697580346946,0.28904528588341566,2.4846969117236313,1.733091527151666,0.03209428753984567,,
S052912,matern,12h_prior,none,long_short,3,quarter_kelly,logit_gap,0.18,none,includes_synthetic_short_yes,4,97,1.193091527151666,0.012299912651048102,0.04623323933496847,0.266040468458914,5.082696013250351,0.9946817898423724,0.19185260815984473,-0.09178472183146229,0.30927835051546393,40,54,1.35,4.127697580346946,0.28904528588341566,2.4846969117236313,1.733091527151666,0.03209428753984567,,
S040540,matern,24h_prior,none,short_only,1,one_share,edge,0.2,none,includes_synthetic_short_yes,0,97,4.515,0.04654639175257732,0.17524887188287389,0.2656016626668285,5.074312640363724,0.992320413194211,0.655,-0.015914634146341464,0.15463917525773196,17,17,1.0,10.485,0.4306151645207439,4.459770114942528,4.685,0.27558823529411763,,
S040585,matern,24h_prior,none,short_only,1,one_share,roi,0.2,none,includes_synthetic_short_yes,1,97,4.515,0.04654639175257732,0.17524887188287389,0.2656016626668285,5.074312640363724,0.992320413194211,0.655,-0.015914634146341464,0.15463917525773196,17,17,1.0,10.485,0.4306151645207439,4.459770114942528,4.685,0.27558823529411763,,
S040630,matern,24h_prior,none,short_only,1,one_share,logit_gap,0.2,none,includes_synthetic_short_yes,1,97,4.515,0.04654639175257732,0.17524887188287389,0.2656016626668285,5.074312640363724,0.992320413194211,0.655,-0.015914634146341464,0.15463917525773196,17,17,1.0,10.485,0.4306151645207439,4.459770114942528,4.685,0.27558823529411763,,
S040675,matern,24h_prior,none,short_only,1,equal_budget,edge,0.2,none,includes_synthetic_short_yes,0,97,4.515,0.04654639175257732,0.17524887188287389,0.2656016626668285,5.074312640363724,0.992320413194211,0.655,-0.015914634146341464,0.15463917525773196,17,17,1.0,10.485,0.4306151645207439,4.459770114942528,4.685,0.27558823529411763,,
S040720,matern,24h_prior,none,short_only,1,equal_budget,roi,0.2,none,includes_synthetic_short_yes,1,97,4.515,0.04654639175257732,0.17524887188287389,0.2656016626668285,5.074312640363724,0.992320413194211,0.655,-0.015914634146341464,0.15463917525773196,17,17,1.0,10.485,0.4306151645207439,4.459770114942528,4.685,0.27558823529411763,,
S040765,matern,24h_prior,none,short_only,1,equal_budget,logit_gap,0.2,none,includes_synthetic_short_yes,1,97,4.515,0.04654639175257732,0.17524887188287389,0.2656016626668285,5.074312640363724,0.992320413194211,0.655,-0.015914634146341464,0.15463917525773196,17,17,1.0,10.485,0.4306151645207439,4.459770114942528,4.685,0.27558823529411763,,
S040810,matern,24h_prior,none,short_only,1,edge_weighted,edge,0.2,none,includes_synthetic_short_yes,1,97,4.515,0.04654639175257732,0.17524887188287389,0.2656016626668285,5.074312640363724,0.992320413194211,0.655,-0.015914634146341464,0.15463917525773196,17,17,1.0,10.485,0.4306151645207439,4.459770114942528,4.685,0.27558823529411763,,
S040855,matern,24h_prior,none,short_only,1,edge_weighted,roi,0.2,none,includes_synthetic_short_yes,2,97,4.515,0.04654639175257732,0.17524887188287389,0.2656016626668285,5.074312640363724,0.992320413194211,0.655,-0.015914634146341464,0.15463917525773196,17,17,1.0,10.485,0.4306151645207439,4.459770114942528,4.685,0.27558823529411763,,
S040900,matern,24h_prior,none,short_only,1,edge_weighted,logit_gap,0.2,none,includes_synthetic_short_yes,2,97,4.515,0.04654639175257732,0.17524887188287389,0.2656016626668285,5.074312640363724,0.992320413194211,0.655,-0.015914634146341464,0.15463917525773196,17,17,1.0,10.485,0.4306151645207439,4.459770114942528,4.685,0.27558823529411763,,
S070127,matern,event_day_open,none,long_short,11,quarter_kelly,roi,0.06,robust_0.10c,includes_synthetic_short_yes,5,97,1.7835254221795458,0.018386860022469545,0.0692384437022281,0.2655585400149289,5.073488783255967,0.9972785629062407,0.4135366657234951,-0.07599944439259224,0.4329896907216495,93,331,3.5591397849462365,13.083635868543748,0.1363172622732169,1.9228965913165765,5.093525422179546,0.015388294326826424,,
S070172,matern,event_day_open,none,long_short,11,quarter_kelly,logit_gap,0.06,robust_0.10c,includes_synthetic_short_yes,5,97,1.7835254221795458,0.018386860022469545,0.0692384437022281,0.2655585400149289,5.073488783255967,0.9972785629062407,0.4135366657234951,-0.07599944439259224,0.4329896907216495,93,331,3.5591397849462365,13.083635868543748,0.1363172622732169,1.9228965913165765,5.093525422179546,0.015388294326826424,,
S070082,matern,event_day_open,none,long_short,11,quarter_kelly,edge,0.06,robust_0.10c,includes_synthetic_short_yes,4,97,1.7835254221795456,0.01838686002246954,0.0692384437022281,0.26555854001492885,5.073488783255966,0.9972785629062407,0.4135366657234951,-0.07599944439259224,0.4329896907216495,93,331,3.5591397849462365,13.083635868543748,0.13631726227321686,1.9228965913165763,5.093525422179546,0.015388294326826424,,
S066291,matern,event_day_open,none,short_only,3,quarter_kelly,edge,0.02,robust_0.25c,includes_synthetic_short_yes,3,97,1.505295155491191,0.015518506757641146,0.05846064464453364,0.26545220039909706,5.071457167748108,0.9970287276062046,0.2855593066849442,-0.06513459507360027,0.422680412371134,93,189,2.032258064516129,13.999829190102549,0.10752239438431069,1.9232293222667622,3.3952951554911914,0.017964524632228526,,
S066336,matern,event_day_open,none,short_only,3,quarter_kelly,roi,0.02,robust_0.25c,includes_synthetic_short_yes,4,97,1.505295155491191,0.015518506757641146,0.05846064464453364,0.26545220039909706,5.071457167748108,0.9970287276062046,0.2855593066849442,-0.06513459507360027,0.422680412371134,93,189,2.032258064516129,13.999829190102549,0.10752239438431069,1.9232293222667622,3.3952951554911914,0.017964524632228526,,
S070067,matern,event_day_open,none,long_short,11,quarter_kelly,edge,0.01,robust_0.10c,includes_synthetic_short_yes,4,97,1.8199504500070307,0.018762375773268357,0.07069161561138047,0.2654116136829082,5.070681759624078,0.9975341646103133,0.4702206331582093,-0.07536053398094356,0.41237113402061853,93,562,6.043010752688172,17.891905190153107,0.10171920936673914,1.9639316226884769,7.43995045000703,0.013238345996453791,,
S070112,matern,event_day_open,none,long_short,11,quarter_kelly,roi,0.01,robust_0.10c,includes_synthetic_short_yes,5,97,1.8199504500070307,0.018762375773268357,0.07069161561138047,0.2654116136829082,5.070681759624078,0.9975341646103133,0.4702206331582093,-0.07536053398094356,0.41237113402061853,93,562,6.043010752688172,17.89190519015311,0.10171920936673913,1.9639316226884769,7.43995045000703,0.013238345996453791,,
S070157,matern,event_day_open,none,long_short,11,quarter_kelly,logit_gap,0.01,robust_0.10c,includes_synthetic_short_yes,5,97,1.8199504500070307,0.018762375773268357,0.07069161561138047,0.2654116136829082,5.070681759624078,0.9975341646103133,0.4702206331582093,-0.07536053398094356,0.41237113402061853,93,562,6.043010752688172,17.89190519015311,0.10171920936673913,1.9639316226884769,7.43995045000703,0.013238345996453791,,
S023773,static,12h_prior,none,long_short,3,one_share,edge,0.18,none,includes_synthetic_short_yes,2,97,9.408499999999998,0.09699484536082473,0.3654957784101656,0.2653788390736909,5.070055601594175,0.9982182193915407,1.205,-0.621,0.27835051546391754,37,56,1.5135135135135136,28.5915,0.3290663309025409,2.7919245786115603,9.968499999999999,0.17800892857142855,,
S070133,matern,event_day_open,none,long_short,11,quarter_kelly,roi,0.08,robust_0.10c,includes_synthetic_short_yes,5,97,1.7537055737949239,0.01807943890510231,0.06813578805758486,0.26534424009042795,5.06939458894707,0.9969420697155225,0.5033587311582055,-0.08279737484477487,0.44329896907216493,91,277,3.043956043956044,11.82034768348212,0.14836328175401903,1.9182430599076534,4.523705573794924,0.01633106705341128,,
S070088,matern,event_day_open,none,long_short,11,quarter_kelly,edge,0.08,robust_0.10c,includes_synthetic_short_yes,4,97,1.7537055737949236,0.018079438905102305,0.06813578805758486,0.2653442400904279,5.069394588947069,0.9969420697155225,0.5033587311582055,-0.08279737484477485,0.44329896907216493,91,277,3.043956043956044,11.82034768348212,0.148363281754019,1.9182430599076532,4.523705573794924,0.01633106705341128,,
S070178,matern,event_day_open,none,long_short,11,quarter_kelly,logit_gap,0.08,robust_0.10c,includes_synthetic_short_yes,5,97,1.7537055737949236,0.018079438905102305,0.06813578805758486,0.2653442400904279,5.069394588947069,0.9969420697155225,0.5033587311582055,-0.08279737484477487,0.44329896907216493,91,277,3.043956043956044,11.82034768348212,0.148363281754019,1.9182430599076534,4.523705573794924,0.01633106705341128,,
S068541,matern,event_day_open,none,long_short,2,quarter_kelly,logit_gap,0.02,robust_0.25c,includes_synthetic_short_yes,5,97,0.7969248633424197,0.008215720240643503,0.030975356841675173,0.26523407890461576,5.067289962447252,0.9990084800775046,0.1564060045032217,-0.049418156730592404,0.24742268041237114,93,186,2.0,3.0140527784169224,0.26440308844259536,3.3787595581045684,2.65692486334242,0.014284542276034515,,
S040622,matern,24h_prior,none,short_only,1,one_share,logit_gap,0.12,robust_0.10c,includes_synthetic_short_yes,2,97,8.305,0.08561855670103093,0.3229222508108237,0.2651367519149014,5.0654305329196,0.9868109099949764,2.4050000000000002,-0.6742857142857144,0.4948453608247423,60,60,1.0,39.695,0.20922030482428516,2.0709219858156027,8.905,0.14841666666666667,,
S040757,matern,24h_prior,none,short_only,1,equal_budget,logit_gap,0.12,robust_0.10c,includes_synthetic_short_yes,2,97,8.305,0.08561855670103093,0.3229222508108237,0.2651367519149014,5.0654305329196,0.9868109099949764,2.4050000000000002,-0.6742857142857144,0.4948453608247423,60,60,1.0,39.695,0.20922030482428516,2.0709219858156027,8.905,0.14841666666666667,,
S040892,matern,24h_prior,none,short_only,1,edge_weighted,logit_gap,0.12,robust_0.10c,includes_synthetic_short_yes,3,97,8.305,0.08561855670103093,0.3229222508108237,0.2651367519149014,5.0654305329196,0.9868109099949764,2.4050000000000002,-0.6742857142857144,0.4948453608247423,60,60,1.0,39.695,0.20922030482428516,2.0709219858156027,8.905,0.14841666666666667,,
S069532,matern,event_day_open,none,long_short,5,quarter_kelly,edge,0.03,none,includes_synthetic_short_yes,3,97,1.7811482258013904,0.018362352843313303,0.06927249055026295,0.2650742408343163,5.06423626040191,0.9973374335661813,0.3712365502862369,-0.07456858016043781,0.41237113402061853,93,430,4.623655913978495,13.83565587067313,0.12873608901886735,1.943762074131575,6.081148225801391,0.014142205176282304,,
S040577,matern,24h_prior,none,short_only,1,one_share,roi,0.12,robust_0.10c,includes_synthetic_short_yes,2,97,8.625,0.08891752577319588,0.33547480873206326,0.2650497845404913,5.063769023564435,0.9874585841917549,2.764999999999999,-0.6671428571428571,0.4845360824742268,60,60,1.0,38.375,0.2247557003257329,2.0379061371841147,9.225,0.15375,,
S040712,matern,24h_prior,none,short_only,1,equal_budget,roi,0.12,robust_0.10c,includes_synthetic_short_yes,2,97,8.625,0.08891752577319588,0.33547480873206326,0.2650497845404913,5.063769023564435,0.9874585841917549,2.764999999999999,-0.6671428571428571,0.4845360824742268,60,60,1.0,38.375,0.2247557003257329,2.0379061371841147,9.225,0.15375,,
S040847,matern,24h_prior,none,short_only,1,edge_weighted,roi,0.12,robust_0.10c,includes_synthetic_short_yes,3,97,8.625,0.08891752577319588,0.33547480873206326,0.2650497845404913,5.063769023564435,0.9874585841917549,2.764999999999999,-0.6671428571428571,0.4845360824742268,60,60,1.0,38.375,0.2247557003257329,2.0379061371841147,9.225,0.15375,,
S023968,static,12h_prior,none,long_short,5,one_share,roi,0.18,none,includes_synthetic_short_yes,3,97,9.391,0.09681443298969072,0.36576832176418117,0.264687856298581,5.056854394211629,0.9981611803982862,1.205,-0.621,0.27835051546391754,37,57,1.5405405405405406,28.609,0.3282533468488937,2.782649962034928,9.961,0.17475438596491227,,
S023983,static,12h_prior,none,long_short,5,one_share,logit_gap,0.18,none,includes_synthetic_short_yes,3,97,9.391,0.09681443298969072,0.36576832176418117,0.264687856298581,5.056854394211629,0.9981611803982862,1.205,-0.621,0.27835051546391754,37,57,1.5405405405405406,28.609,0.3282533468488937,2.782649962034928,9.961,0.17475438596491227,,
S024148,static,12h_prior,none,long_short,11,one_share,roi,0.18,none,includes_synthetic_short_yes,3,97,9.391,0.09681443298969072,0.36576832176418117,0.264687856298581,5.056854394211629,0.9981611803982862,1.205,-0.621,0.27835051546391754,37,57,1.5405405405405406,28.609,0.3282533468488937,2.782649962034928,9.961,0.17475438596491227,,
S024163,static,12h_prior,none,long_short,11,one_share,logit_gap,0.18,none,includes_synthetic_short_yes,3,97,9.391,0.09681443298969072,0.36576832176418117,0.264687856298581,5.056854394211629,0.9981611803982862,1.205,-0.621,0.27835051546391754,37,57,1.5405405405405406,28.609,0.3282533468488937,2.782649962034928,9.961,0.17475438596491227,,
S023953,static,12h_prior,none,long_short,5,one_share,edge,0.18,none,includes_synthetic_short_yes,2,97,9.390999999999998,0.09681443298969071,0.36576832176418117,0.264687856298581,5.056854394211629,0.9981611803982862,1.205,-0.621,0.27835051546391754,37,57,1.5405405405405406,28.609,0.3282533468488936,2.782649962034928,9.960999999999999,0.17475438596491225,,
S024133,static,12h_prior,none,long_short,11,one_share,edge,0.18,none,includes_synthetic_short_yes,2,97,9.390999999999998,0.09681443298969071,0.36576832176418117,0.264687856298581,5.056854394211629,0.9981611803982862,1.205,-0.621,0.27835051546391754,37,57,1.5405405405405406,28.609,0.3282533468488936,2.782649962034928,9.960999999999999,0.17475438596491225,,
S023699,static,12h_prior,none,long_short,2,edge_weighted,roi,0.2,none,includes_synthetic_short_yes,4,97,5.689969497978281,0.05865947936060084,0.2217237241495224,0.2645611315866363,5.054433321989374,0.9925968568522306,1.2049999999999996,-0.5358607852756493,0.2268041237113402,28,36,1.2857142857142858,15.483415955415985,0.36748799582484715,3.022881249628053,6.049969497978282,0.1680547082771745,,
S022647,static,12h_prior,none,short_only,1,quarter_kelly,edge,0.15,none,includes_synthetic_short_yes,1,97,1.0605733648655387,0.010933746029541636,0.0413503768712397,0.2644170829104668,5.051681275895327,0.9903656002476766,0.19982094730800048,-0.0870086494279772,0.38144329896907214,50,50,1.0,4.167897901331797,0.25446241486065346,2.171073403657773,1.5605733648655387,0.031211467297310773,,
S022662,static,12h_prior,none,short_only,1,quarter_kelly,roi,0.15,none,includes_synthetic_short_yes,2,97,1.0605733648655387,0.010933746029541636,0.0413503768712397,0.2644170829104668,5.051681275895327,0.9903656002476766,0.19982094730800048,-0.0870086494279772,0.38144329896907214,50,50,1.0,4.167897901331797,0.25446241486065346,2.171073403657773,1.5605733648655387,0.031211467297310773,,
S069638,matern,event_day_open,none,long_short,5,quarter_kelly,logit_gap,0.08,robust_0.10c,includes_synthetic_short_yes,5,97,1.7336666221922385,0.017872851775177716,0.06760104948533424,0.2643871938564379,5.051110246319893,0.9967909783136267,0.5033587311582055,-0.08279737484477487,0.44329896907216493,91,275,3.021978021978022,11.8088055620434,0.14681134455839445,1.9107698800691582,4.4836666221922385,0.01630424226251723,,
S062844,matern,event_day_open,none,long_only,2,equal_budget,roi,0.08,robust_0.25c,observed_yes_long_only,3,97,6.61475,0.06819329896907217,0.25803748139289134,0.2642767190292023,5.048999627709095,0.9998766144361625,0.7072500000000006,-0.12664999999999998,0.16494845360824742,67,105,1.5671641791044777,4.88525,1.3540248707845044,3.2309443507588527,7.66475,0.07299761904761905,,
S062889,matern,event_day_open,none,long_only,2,equal_budget,logit_gap,0.08,robust_0.25c,observed_yes_long_only,3,97,6.61475,0.06819329896907217,0.25803748139289134,0.2642767190292023,5.048999627709095,0.9998766144361625,0.7072500000000006,-0.12664999999999998,0.16494845360824742,67,105,1.5671641791044777,4.88525,1.3540248707845044,3.2309443507588527,7.66475,0.07299761904761905,,
S069094,matern,event_day_open,none,long_short,3,quarter_kelly,logit_gap,0.07,none,includes_synthetic_short_yes,4,97,1.5485789745610663,0.01596473169650584,0.060414761185393545,0.2642521692259147,5.048530604375845,0.9950360345006724,0.4411291291581285,-0.0873069925435744,0.5360824742268041,92,254,2.760869565217391,9.217712167530815,0.1680003613061277,1.8691102534502315,4.088578974561067,0.01609676761638215,,
S069560,matern,event_day_open,none,long_short,5,quarter_kelly,edge,0.15,robust_0.10c,includes_synthetic_short_yes,4,97,1.462616388028434,0.01507851946421066,0.05708010897159851,0.2641641674460243,5.046849332731726,0.9955473525609176,0.22519220038326093,-0.08555498587508022,0.422680412371134,71,119,1.676056338028169,6.622602473358925,0.22085220937119118,2.0028698127482922,2.652616388028434,0.022290894017045662,,
S069605,matern,event_day_open,none,long_short,5,quarter_kelly,roi,0.15,robust_0.10c,includes_synthetic_short_yes,5,97,1.462616388028434,0.01507851946421066,0.05708010897159851,0.2641641674460243,5.046849332731726,0.9955473525609176,0.22519220038326093,-0.08555498587508022,0.422680412371134,71,119,1.676056338028169,6.622602473358925,0.22085220937119118,2.0028698127482922,2.652616388028434,0.022290894017045662,,
S069650,matern,event_day_open,none,long_short,5,quarter_kelly,logit_gap,0.15,robust_0.10c,includes_synthetic_short_yes,5,97,1.462616388028434,0.01507851946421066,0.05708010897159851,0.2641641674460243,5.046849332731726,0.9955473525609176,0.22519220038326093,-0.08555498587508022,0.422680412371134,71,119,1.676056338028169,6.622602473358925,0.22085220937119118,2.0028698127482922,2.652616388028434,0.022290894017045662,,
S070100,matern,event_day_open,none,long_short,11,quarter_kelly,edge,0.15,robust_0.10c,includes_synthetic_short_yes,4,97,1.462616388028434,0.01507851946421066,0.05708010897159851,0.2641641674460243,5.046849332731726,0.9955473525609176,0.22519220038326093,-0.08555498587508022,0.422680412371134,71,119,1.676056338028169,6.622602473358925,0.22085220937119118,2.0028698127482922,2.652616388028434,0.022290894017045662,,
S070145,matern,event_day_open,none,long_short,11,quarter_kelly,roi,0.15,robust_0.10c,includes_synthetic_short_yes,5,97,1.462616388028434,0.01507851946421066,0.05708010897159851,0.2641641674460243,5.046849332731726,0.9955473525609176,0.22519220038326093,-0.08555498587508022,0.422680412371134,71,119,1.676056338028169,6.622602473358925,0.22085220937119118,2.0028698127482922,2.652616388028434,0.022290894017045662,,
S070190,matern,event_day_open,none,long_short,11,quarter_kelly,logit_gap,0.15,robust_0.10c,includes_synthetic_short_yes,5,97,1.462616388028434,0.01507851946421066,0.05708010897159851,0.2641641674460243,5.046849332731726,0.9955473525609176,0.22519220038326093,-0.08555498587508022,0.422680412371134,71,119,1.676056338028169,6.622602473358925,0.22085220937119118,2.0028698127482922,2.652616388028434,0.022290894017045662,,
S076598,matern,event_day_open,confirm_6h,long_short,2,quarter_kelly,roi,0.03,robust_0.10c,includes_synthetic_short_yes,6,97,0.6421343163844176,0.0066199414060249245,0.025064462451560757,0.2641166320170853,5.045941169637007,0.9999368624259996,0.06423426496527407,-0.021555095061871837,0.18556701030927836,85,169,1.988235294117647,1.6030232411381198,0.4005770471103794,4.1057851575207795,2.3321343163844177,0.013799611339552768,,
S066961,matern,event_day_open,none,short_only,11,one_share,edge,0.01,none,includes_synthetic_short_yes,1,97,11.218,0.11564948453608248,0.43791264566589827,0.264092589425509,5.045481836569895,0.99765690708642,2.3984999999999967,-0.38000000000000006,0.35051546391752575,93,231,2.4838709677419355,158.782,0.07065032560365785,1.9609799974300766,13.528,0.058562770562770566,,
S067006,matern,event_day_open,none,short_only,11,one_share,roi,0.01,none,includes_synthetic_short_yes,2,97,11.218,0.11564948453608248,0.43791264566589827,0.264092589425509,5.045481836569895,0.99765690708642,2.3984999999999967,-0.38000000000000006,0.35051546391752575,93,231,2.4838709677419355,158.782,0.07065032560365785,1.9609799974300766,13.528,0.058562770562770566,,
S067051,matern,event_day_open,none,short_only,11,one_share,logit_gap,0.01,none,includes_synthetic_short_yes,2,97,11.217999999999998,0.11564948453608245,0.43791264566589827,0.26409258942550895,5.045481836569894,0.9976569070864199,2.3984999999999967,-0.38000000000000006,0.35051546391752575,93,231,2.4838709677419355,158.78200000000004,0.07065032560365782,1.9609799974300766,13.527999999999999,0.05856277056277056,,
S066421,matern,event_day_open,none,short_only,5,one_share,edge,0.01,none,includes_synthetic_short_yes,1,97,11.217,0.11563917525773196,0.4379181319885176,0.2640657392573187,5.0449688648268864,0.9976547038136996,2.399499999999998,-0.38000000000000006,0.35051546391752575,93,230,2.4731182795698925,157.78300000000002,0.07109130894963335,1.9608120262109727,13.517000000000001,0.05876956521739131,,
S066466,matern,event_day_open,none,short_only,5,one_share,roi,0.01,none,includes_synthetic_short_yes,2,97,11.217,0.11563917525773196,0.4379181319885176,0.2640657392573187,5.0449688648268864,0.9976547038136996,2.399499999999998,-0.38000000000000006,0.35051546391752575,93,230,2.4731182795698925,157.78300000000002,0.07109130894963335,1.9608120262109727,13.517000000000001,0.05876956521739131,,
S023714,static,12h_prior,none,long_short,2,edge_weighted,logit_gap,0.2,none,includes_synthetic_short_yes,4,97,5.6487567881359295,0.058234606063257005,0.22061269125667832,0.26396761551447756,5.043094213352122,0.9922874564468894,1.2049999999999996,-0.5358607852756493,0.2268041237113402,28,36,1.2857142857142858,15.524628665258337,0.36385777141175385,3.008229428029347,6.00875678813593,0.1669099107815536,,
S052865,matern,12h_prior,none,long_short,3,quarter_kelly,roi,0.15,robust_0.10c,includes_synthetic_short_yes,5,97,1.2524972577691353,0.012912342863599333,0.04891941451511793,0.26395129605667983,5.042782430548673,0.9940323948059753,0.19584392541145923,-0.09147661326776069,0.36082474226804123,49,76,1.5510204081632653,5.000677665640743,0.25046550518041666,2.2575546792441106,2.0124972577691356,0.02648022707590968,,
S069635,matern,event_day_open,none,long_short,5,quarter_kelly,logit_gap,0.07,robust_0.10c,includes_synthetic_short_yes,5,97,1.7399329485005832,0.0179374530773256,0.0679698167572143,0.2639032137073067,5.04186381855373,0.9968393942135833,0.4238018344471117,-0.07909203638561572,0.44329896907216493,92,300,3.260869565217391,12.212660103458694,0.14246961216973725,1.901369023632022,4.739932948500583,0.015799776495001944,,
S063609,matern,event_day_open,none,long_only,3,quarter_kelly,edge,0.08,robust_0.25c,observed_yes_long_only,3,97,0.4011258829736832,0.004135318381171991,0.01567348013129093,0.2638417471124449,5.040689500907765,0.9998853582387671,0.05037040524396211,-0.0089738894601223,0.17525773195876287,67,109,1.626865671641791,0.38118703943975896,1.052307244137232,3.141519910998293,1.4911258829736833,0.013680053972235626,,
S063654,matern,event_day_open,none,long_only,3,quarter_kelly,roi,0.08,robust_0.25c,observed_yes_long_only,4,97,0.4011258829736832,0.004135318381171991,0.01567348013129093,0.2638417471124449,5.040689500907765,0.9998853582387671,0.05037040524396211,-0.0089738894601223,0.17525773195876287,67,109,1.626865671641791,0.38118703943975896,1.052307244137232,3.141519910998293,1.4911258829736833,0.013680053972235626,,
S063699,matern,event_day_open,none,long_only,3,quarter_kelly,logit_gap,0.08,robust_0.25c,observed_yes_long_only,4,97,0.4011258829736832,0.004135318381171991,0.01567348013129093,0.2638417471124449,5.040689500907765,0.9998853582387671,0.05037040524396211,-0.0089738894601223,0.17525773195876287,67,109,1.626865671641791,0.38118703943975896,1.052307244137232,3.141519910998293,1.4911258829736833,0.013680053972235626,,
S064149,matern,event_day_open,none,long_only,5,quarter_kelly,edge,0.08,robust_0.25c,observed_yes_long_only,3,97,0.4011258829736832,0.004135318381171991,0.01567348013129093,0.2638417471124449,5.040689500907765,0.9998853582387671,0.05037040524396211,-0.0089738894601223,0.17525773195876287,67,109,1.626865671641791,0.38118703943975896,1.052307244137232,3.141519910998293,1.4911258829736833,0.013680053972235626,,
S064194,matern,event_day_open,none,long_only,5,quarter_kelly,roi,0.08,robust_0.25c,observed_yes_long_only,4,97,0.4011258829736832,0.004135318381171991,0.01567348013129093,0.2638417471124449,5.040689500907765,0.9998853582387671,0.05037040524396211,-0.0089738894601223,0.17525773195876287,67,109,1.626865671641791,0.38118703943975896,1.052307244137232,3.141519910998293,1.4911258829736833,0.013680053972235626,,
S064239,matern,event_day_open,none,long_only,5,quarter_kelly,logit_gap,0.08,robust_0.25c,observed_yes_long_only,4,97,0.4011258829736832,0.004135318381171991,0.01567348013129093,0.2638417471124449,5.040689500907765,0.9998853582387671,0.05037040524396211,-0.0089738894601223,0.17525773195876287,67,109,1.626865671641791,0.38118703943975896,1.052307244137232,3.141519910998293,1.4911258829736833,0.013680053972235626,,
S064689,matern,event_day_open,none,long_only,11,quarter_kelly,edge,0.08,robust_0.25c,observed_yes_long_only,3,97,0.4011258829736832,0.004135318381171991,0.01567348013129093,0.2638417471124449,5.040689500907765,0.9998853582387671,0.05037040524396211,-0.0089738894601223,0.17525773195876287,67,109,1.626865671641791,0.38118703943975896,1.052307244137232,3.141519910998293,1.4911258829736833,0.013680053972235626,,
S064734,matern,event_day_open,none,long_only,11,quarter_kelly,roi,0.08,robust_0.25c,observed_yes_long_only,4,97,0.4011258829736832,0.004135318381171991,0.01567348013129093,0.2638417471124449,5.040689500907765,0.9998853582387671,0.05037040524396211,-0.0089738894601223,0.17525773195876287,67,109,1.626865671641791,0.38118703943975896,1.052307244137232,3.141519910998293,1.4911258829736833,0.013680053972235626,,
S064779,matern,event_day_open,none,long_only,11,quarter_kelly,logit_gap,0.08,robust_0.25c,observed_yes_long_only,4,97,0.4011258829736832,0.004135318381171991,0.01567348013129093,0.2638417471124449,5.040689500907765,0.9998853582387671,0.05037040524396211,-0.0089738894601223,0.17525773195876287,67,109,1.626865671641791,0.38118703943975896,1.052307244137232,3.141519910998293,1.4911258829736833,0.013680053972235626,,
S063608,matern,event_day_open,none,long_only,3,quarter_kelly,edge,0.08,robust_0.10c,observed_yes_long_only,3,97,0.4130051427794622,0.004257784977107858,0.01616169721680951,0.26344912418476735,5.033188450406775,0.999800471569189,0.05072072103792585,-0.010718149789598239,0.1958762886597938,76,127,1.6710526315789473,0.5016673776822949,0.8232648985220994,2.8374327803166706,1.6830051427794621,0.013252008998263481,,
S063653,matern,event_day_open,none,long_only,3,quarter_kelly,roi,0.08,robust_0.10c,observed_yes_long_only,4,97,0.4130051427794622,0.004257784977107858,0.01616169721680951,0.26344912418476735,5.033188450406775,0.999800471569189,0.05072072103792585,-0.010718149789598239,0.1958762886597938,76,127,1.6710526315789473,0.5016673776822949,0.8232648985220994,2.8374327803166706,1.6830051427794621,0.013252008998263481,,
S063698,matern,event_day_open,none,long_only,3,quarter_kelly,logit_gap,0.08,robust_0.10c,observed_yes_long_only,4,97,0.4130051427794622,0.004257784977107858,0.01616169721680951,0.26344912418476735,5.033188450406775,0.999800471569189,0.05072072103792585,-0.010718149789598239,0.1958762886597938,76,127,1.6710526315789473,0.5016673776822949,0.8232648985220994,2.8374327803166706,1.6830051427794621,0.013252008998263481,,
S064148,matern,event_day_open,none,long_only,5,quarter_kelly,edge,0.08,robust_0.10c,observed_yes_long_only,3,97,0.4130051427794622,0.004257784977107858,0.01616169721680951,0.26344912418476735,5.033188450406775,0.999800471569189,0.05072072103792585,-0.010718149789598239,0.1958762886597938,76,127,1.6710526315789473,0.5016673776822949,0.8232648985220994,2.8374327803166706,1.6830051427794621,0.013252008998263481,,
S064193,matern,event_day_open,none,long_only,5,quarter_kelly,roi,0.08,robust_0.10c,observed_yes_long_only,4,97,0.4130051427794622,0.004257784977107858,0.01616169721680951,0.26344912418476735,5.033188450406775,0.999800471569189,0.05072072103792585,-0.010718149789598239,0.1958762886597938,76,127,1.6710526315789473,0.5016673776822949,0.8232648985220994,2.8374327803166706,1.6830051427794621,0.013252008998263481,,
S064238,matern,event_day_open,none,long_only,5,quarter_kelly,logit_gap,0.08,robust_0.10c,observed_yes_long_only,4,97,0.4130051427794622,0.004257784977107858,0.01616169721680951,0.26344912418476735,5.033188450406775,0.999800471569189,0.05072072103792585,-0.010718149789598239,0.1958762886597938,76,127,1.6710526315789473,0.5016673776822949,0.8232648985220994,2.8374327803166706,1.6830051427794621,0.013252008998263481,,
S064688,matern,event_day_open,none,long_only,11,quarter_kelly,edge,0.08,robust_0.10c,observed_yes_long_only,3,97,0.4130051427794622,0.004257784977107858,0.01616169721680951,0.26344912418476735,5.033188450406775,0.999800471569189,0.05072072103792585,-0.010718149789598239,0.1958762886597938,76,127,1.6710526315789473,0.5016673776822949,0.8232648985220994,2.8374327803166706,1.6830051427794621,0.013252008998263481,,
S064733,matern,event_day_open,none,long_only,11,quarter_kelly,roi,0.08,robust_0.10c,observed_yes_long_only,4,97,0.4130051427794622,0.004257784977107858,0.01616169721680951,0.26344912418476735,5.033188450406775,0.999800471569189,0.05072072103792585,-0.010718149789598239,0.1958762886597938,76,127,1.6710526315789473,0.5016673776822949,0.8232648985220994,2.8374327803166706,1.6830051427794621,0.013252008998263481,,
S064778,matern,event_day_open,none,long_only,11,quarter_kelly,logit_gap,0.08,robust_0.10c,observed_yes_long_only,4,97,0.4130051427794622,0.004257784977107858,0.01616169721680951,0.26344912418476735,5.033188450406775,0.999800471569189,0.05072072103792585,-0.010718149789598239,0.1958762886597938,76,127,1.6710526315789473,0.5016673776822949,0.8232648985220994,2.8374327803166706,1.6830051427794621,0.013252008998263481,,
S063209,matern,event_day_open,none,long_only,3,one_share,edge,0.1,robust_0.10c,observed_yes_long_only,2,97,8.6105,0.0887680412371134,0.33705701685891604,0.2633620924565103,5.0315257115730905,0.9995375801786764,1.0920000000000005,-0.2584,0.16494845360824742,63,98,1.5555555555555556,7.389500000000001,1.1652344542932538,2.8990957212174684,9.5905,0.0978622448979592,,
S063254,matern,event_day_open,none,long_only,3,one_share,roi,0.1,robust_0.10c,observed_yes_long_only,3,97,8.6105,0.0887680412371134,0.33705701685891604,0.2633620924565103,5.0315257115730905,0.9995375801786764,1.0920000000000005,-0.2584,0.16494845360824742,63,98,1.5555555555555556,7.389500000000001,1.1652344542932538,2.8990957212174684,9.5905,0.0978622448979592,,
S063299,matern,event_day_open,none,long_only,3,one_share,logit_gap,0.1,robust_0.10c,observed_yes_long_only,3,97,8.6105,0.0887680412371134,0.33705701685891604,0.2633620924565103,5.0315257115730905,0.9995375801786764,1.0920000000000005,-0.2584,0.16494845360824742,63,98,1.5555555555555556,7.389500000000001,1.1652344542932538,2.8990957212174684,9.5905,0.0978622448979592,,
S063749,matern,event_day_open,none,long_only,5,one_share,edge,0.1,robust_0.10c,observed_yes_long_only,2,97,8.6105,0.0887680412371134,0.33705701685891604,0.2633620924565103,5.0315257115730905,0.9995375801786764,1.0920000000000005,-0.2584,0.16494845360824742,63,98,1.5555555555555556,7.389500000000001,1.1652344542932538,2.8990957212174684,9.5905,0.0978622448979592,,
S063794,matern,event_day_open,none,long_only,5,one_share,roi,0.1,robust_0.10c,observed_yes_long_only,3,97,8.6105,0.0887680412371134,0.33705701685891604,0.2633620924565103,5.0315257115730905,0.9995375801786764,1.0920000000000005,-0.2584,0.16494845360824742,63,98,1.5555555555555556,7.389500000000001,1.1652344542932538,2.8990957212174684,9.5905,0.0978622448979592,,
S063839,matern,event_day_open,none,long_only,5,one_share,logit_gap,0.1,robust_0.10c,observed_yes_long_only,3,97,8.6105,0.0887680412371134,0.33705701685891604,0.2633620924565103,5.0315257115730905,0.9995375801786764,1.0920000000000005,-0.2584,0.16494845360824742,63,98,1.5555555555555556,7.389500000000001,1.1652344542932538,2.8990957212174684,9.5905,0.0978622448979592,,
S064289,matern,event_day_open,none,long_only,11,one_share,edge,0.1,robust_0.10c,observed_yes_long_only,2,97,8.6105,0.0887680412371134,0.33705701685891604,0.2633620924565103,5.0315257115730905,0.9995375801786764,1.0920000000000005,-0.2584,0.16494845360824742,63,98,1.5555555555555556,7.389500000000001,1.1652344542932538,2.8990957212174684,9.5905,0.0978622448979592,,
S064334,matern,event_day_open,none,long_only,11,one_share,roi,0.1,robust_0.10c,observed_yes_long_only,3,97,8.6105,0.0887680412371134,0.33705701685891604,0.2633620924565103,5.0315257115730905,0.9995375801786764,1.0920000000000005,-0.2584,0.16494845360824742,63,98,1.5555555555555556,7.389500000000001,1.1652344542932538,2.8990957212174684,9.5905,0.0978622448979592,,
S064379,matern,event_day_open,none,long_only,11,one_share,logit_gap,0.1,robust_0.10c,observed_yes_long_only,3,97,8.6105,0.0887680412371134,0.33705701685891604,0.2633620924565103,5.0315257115730905,0.9995375801786764,1.0920000000000005,-0.2584,0.16494845360824742,63,98,1.5555555555555556,7.389500000000001,1.1652344542932538,2.8990957212174684,9.5905,0.0978622448979592,,
S069038,matern,event_day_open,none,long_short,3,quarter_kelly,roi,0.03,robust_0.10c,includes_synthetic_short_yes,5,97,1.1848607965312785,0.012215059758054418,0.04639506012374702,0.26328362815941725,5.0300266532819675,0.9976510543262032,0.2641957801263763,-0.07203023770614794,0.36082474226804123,93,276,2.967741935483871,3.8439694724387095,0.3082388674069187,2.243527766233411,3.9448607965312785,0.014292973900475648,,
S063610,matern,event_day_open,none,long_only,3,quarter_kelly,edge,0.09,none,observed_yes_long_only,2,97,0.4125869482136761,0.004253473692924495,0.016157430291381454,0.26325186717304566,5.029419860489342,0.9997996804935156,0.05037040524396211,-0.010718149789598239,0.1958762886597938,78,127,1.6282051282051282,0.5020855722480809,0.8217462739794015,2.832163482995676,1.6825869482136762,0.01324871612766674,,
S063655,matern,event_day_open,none,long_only,3,quarter_kelly,roi,0.09,none,observed_yes_long_only,3,97,0.4125869482136761,0.004253473692924495,0.016157430291381454,0.26325186717304566,5.029419860489342,0.9997996804935156,0.05037040524396211,-0.010718149789598239,0.1958762886597938,78,127,1.6282051282051282,0.5020855722480809,0.8217462739794015,2.832163482995676,1.6825869482136762,0.01324871612766674,,
S063700,matern,event_day_open,none,long_only,3,quarter_kelly,logit_gap,0.09,none,observed_yes_long_only,3,97,0.4125869482136761,0.004253473692924495,0.016157430291381454,0.26325186717304566,5.029419860489342,0.9997996804935156,0.05037040524396211,-0.010718149789598239,0.1958762886597938,78,127,1.6282051282051282,0.5020855722480809,0.8217462739794015,2.832163482995676,1.6825869482136762,0.01324871612766674,,
S064150,matern,event_day_open,none,long_only,5,quarter_kelly,edge,0.09,none,observed_yes_long_only,2,97,0.4125869482136761,0.004253473692924495,0.016157430291381454,0.26325186717304566,5.029419860489342,0.9997996804935156,0.05037040524396211,-0.010718149789598239,0.1958762886597938,78,127,1.6282051282051282,0.5020855722480809,0.8217462739794015,2.832163482995676,1.6825869482136762,0.01324871612766674,,
S064195,matern,event_day_open,none,long_only,5,quarter_kelly,roi,0.09,none,observed_yes_long_only,3,97,0.4125869482136761,0.004253473692924495,0.016157430291381454,0.26325186717304566,5.029419860489342,0.9997996804935156,0.05037040524396211,-0.010718149789598239,0.1958762886597938,78,127,1.6282051282051282,0.5020855722480809,0.8217462739794015,2.832163482995676,1.6825869482136762,0.01324871612766674,,
S064240,matern,event_day_open,none,long_only,5,quarter_kelly,logit_gap,0.09,none,observed_yes_long_only,3,97,0.4125869482136761,0.004253473692924495,0.016157430291381454,0.26325186717304566,5.029419860489342,0.9997996804935156,0.05037040524396211,-0.010718149789598239,0.1958762886597938,78,127,1.6282051282051282,0.5020855722480809,0.8217462739794015,2.832163482995676,1.6825869482136762,0.01324871612766674,,
S064690,matern,event_day_open,none,long_only,11,quarter_kelly,edge,0.09,none,observed_yes_long_only,2,97,0.4125869482136761,0.004253473692924495,0.016157430291381454,0.26325186717304566,5.029419860489342,0.9997996804935156,0.05037040524396211,-0.010718149789598239,0.1958762886597938,78,127,1.6282051282051282,0.5020855722480809,0.8217462739794015,2.832163482995676,1.6825869482136762,0.01324871612766674,,
S064735,matern,event_day_open,none,long_only,11,quarter_kelly,roi,0.09,none,observed_yes_long_only,3,97,0.4125869482136761,0.004253473692924495,0.016157430291381454,0.26325186717304566,5.029419860489342,0.9997996804935156,0.05037040524396211,-0.010718149789598239,0.1958762886597938,78,127,1.6282051282051282,0.5020855722480809,0.8217462739794015,2.832163482995676,1.6825869482136762,0.01324871612766674,,
S064780,matern,event_day_open,none,long_only,11,quarter_kelly,logit_gap,0.09,none,observed_yes_long_only,3,97,0.4125869482136761,0.004253473692924495,0.016157430291381454,0.26325186717304566,5.029419860489342,0.9997996804935156,0.05037040524396211,-0.010718149789598239,0.1958762886597938,78,127,1.6282051282051282,0.5020855722480809,0.8217462739794015,2.832163482995676,1.6825869482136762,0.01324871612766674,,
S029306,static,event_day_open,none,long_short,3,quarter_kelly,edge,0.12,none,includes_synthetic_short_yes,3,97,1.6108784031857486,0.01660699384727576,0.06310382548123009,0.26316936763549187,5.027843709037464,0.9953987623543072,0.2722845381776595,-0.08658064567908356,0.4742268041237113,86,189,2.197674418604651,8.967573263663107,0.17963370421662228,1.8888939786640684,3.500878403185749,0.01852316615442195,,
S070125,matern,event_day_open,none,long_short,11,quarter_kelly,roi,0.05,robust_0.25c,includes_synthetic_short_yes,5,97,1.7675515745523773,0.018222181180952344,0.06926962911942852,0.26306162473506656,5.025785283815091,0.9970388979009731,0.40844209876396853,-0.07680710935299713,0.4329896907216495,92,323,3.510869565217391,12.98799045001494,0.13609122838170426,1.9138198631469185,4.997551574552377,0.015472295896446987,,
S070170,matern,event_day_open,none,long_short,11,quarter_kelly,logit_gap,0.05,robust_0.25c,includes_synthetic_short_yes,5,97,1.7675515745523773,0.018222181180952344,0.06926962911942852,0.26306162473506656,5.025785283815091,0.9970388979009731,0.40844209876396853,-0.07680710935299713,0.4329896907216495,92,323,3.510869565217391,12.98799045001494,0.13609122838170426,1.9138198631469185,4.997551574552377,0.015472295896446987,,
S070080,matern,event_day_open,none,long_short,11,quarter_kelly,edge,0.05,robust_0.25c,includes_synthetic_short_yes,4,97,1.767551574552377,0.01822218118095234,0.06926962911942852,0.2630616247350665,5.02578528381509,0.9970388979009731,0.4084420987639681,-0.07680710935299713,0.4329896907216495,92,323,3.510869565217391,12.98799045001494,0.13609122838170426,1.9138198631469185,4.997551574552377,0.015472295896446987,,
S066296,matern,event_day_open,none,short_only,3,quarter_kelly,edge,0.04,robust_0.10c,includes_synthetic_short_yes,3,97,1.4937789112612891,0.01539978259032257,0.05857616420300812,0.26290186118967024,5.022733005566025,0.9967156615327317,0.3002041499952939,-0.06619763127754143,0.4329896907216495,93,181,1.946236559139785,13.499349954256056,0.11065561796109542,1.9057075856975754,3.303778911261289,0.01825292216166458,,
S066341,matern,event_day_open,none,short_only,3,quarter_kelly,roi,0.04,robust_0.10c,includes_synthetic_short_yes,4,97,1.4937789112612891,0.01539978259032257,0.05857616420300812,0.26290186118967024,5.022733005566025,0.9967156615327317,0.3002041499952939,-0.06619763127754143,0.4329896907216495,93,181,1.946236559139785,13.499349954256056,0.11065561796109542,1.9057075856975754,3.303778911261289,0.01825292216166458,,
S070069,matern,event_day_open,none,long_short,11,quarter_kelly,edge,0.02,none,includes_synthetic_short_yes,3,97,1.8026301416042134,0.01858381589282694,0.07071912534863294,0.26278345215968063,5.020470804224449,0.9972877164309223,0.47549760970892785,-0.07602588481011423,0.41237113402061853,93,523,5.623655913978495,16.38341378221359,0.1100277491349948,1.9484600543673463,7.032630141604214,0.013446711551824501,,
S070114,matern,event_day_open,none,long_short,11,quarter_kelly,roi,0.02,none,includes_synthetic_short_yes,4,97,1.8026301416042134,0.01858381589282694,0.07071912534863294,0.26278345215968063,5.020470804224449,0.9972877164309223,0.4754976097089276,-0.07602588481011423,0.41237113402061853,93,523,5.623655913978495,16.38341378221359,0.1100277491349948,1.9484600543673463,7.032630141604214,0.013446711551824501,,
S070159,matern,event_day_open,none,long_short,11,quarter_kelly,logit_gap,0.02,none,includes_synthetic_short_yes,4,97,1.8026301416042134,0.01858381589282694,0.07071912534863294,0.26278345215968063,5.020470804224449,0.9972877164309223,0.47549760970892807,-0.07602588481011423,0.41237113402061853,93,523,5.623655913978495,16.38341378221359,0.1100277491349948,1.9484600543673463,7.032630141604214,0.013446711551824501,,
S040619,matern,24h_prior,none,short_only,1,one_share,logit_gap,0.1,robust_0.10c,includes_synthetic_short_yes,2,97,8.739999999999998,0.09010309278350515,0.343018144701562,0.2626773369726492,5.018443476422803,0.9857556204126153,2.2549999999999972,-0.6725000000000001,0.5773195876288659,70,70,1.0,47.26,0.18493440541684297,1.956759715380405,9.439999999999998,0.13485714285714281,,
S040754,matern,24h_prior,none,short_only,1,equal_budget,logit_gap,0.1,robust_0.10c,includes_synthetic_short_yes,2,97,8.739999999999998,0.09010309278350515,0.343018144701562,0.2626773369726492,5.018443476422803,0.9857556204126153,2.2549999999999972,-0.6725000000000001,0.5773195876288659,70,70,1.0,47.26,0.18493440541684297,1.956759715380405,9.439999999999998,0.13485714285714281,,
S040889,matern,24h_prior,none,short_only,1,edge_weighted,logit_gap,0.1,robust_0.10c,includes_synthetic_short_yes,3,97,8.739999999999998,0.09010309278350515,0.343018144701562,0.2626773369726492,5.018443476422803,0.9857556204126153,2.2549999999999972,-0.6725000000000001,0.5773195876288659,70,70,1.0,47.26,0.18493440541684297,1.956759715380405,9.439999999999998,0.13485714285714281,,
S062709,matern,event_day_open,none,long_only,2,one_share,roi,0.08,robust_0.25c,observed_yes_long_only,3,97,8.6555,0.0892319587628866,0.339711106293026,0.26267012502652015,5.0183056923854705,0.9995793979433565,1.1695000000000002,-0.20850000000000005,0.16494845360824742,67,105,1.5671641791044777,7.3445,1.1785009190550753,2.8615980212926115,9.7055,0.09243333333333334,,
S062754,matern,event_day_open,none,long_only,2,one_share,logit_gap,0.08,robust_0.25c,observed_yes_long_only,3,97,8.6555,0.0892319587628866,0.339711106293026,0.26267012502652015,5.0183056923854705,0.9995793979433565,1.1695000000000002,-0.20850000000000005,0.16494845360824742,67,105,1.5671641791044777,7.3445,1.1785009190550753,2.8615980212926115,9.7055,0.09243333333333334,,
S028253,static,event_day_open,none,short_only,2,quarter_kelly,logit_gap,0.08,none,includes_synthetic_short_yes,3,97,1.4631350556527198,0.015083866553120823,0.057440874963845694,0.26259813351754957,5.016930296537793,0.9952771863914633,0.3107553538272936,-0.07665567424427541,0.4742268041237113,93,148,1.5913978494623655,11.331312558607895,0.12912317510306792,1.8491683824994276,2.9431350556527196,0.019886047673329188,,
S029658,static,event_day_open,none,long_short,11,quarter_kelly,edge,0.03,none,includes_synthetic_short_yes,3,97,1.8170009048752995,0.018731968091497932,0.07134106953180823,0.26256920753264107,5.016377666372069,0.9971141148214278,0.4682917073400885,-0.08235095702596765,0.4329896907216495,93,469,5.043010752688172,16.435977775452116,0.11055021670746437,1.9561426954272807,6.5070009048753,0.013874202355810874,,
S029673,static,event_day_open,none,long_short,11,quarter_kelly,roi,0.03,none,includes_synthetic_short_yes,4,97,1.8170009048752993,0.018731968091497932,0.07134106953180823,0.26256920753264107,5.016377666372069,0.9971141148214278,0.4682917073400885,-0.08235095702596766,0.4329896907216495,93,469,5.043010752688172,16.435977775452116,0.11055021670746436,1.9561426954272807,6.5070009048753,0.013874202355810874,,
S029688,static,event_day_open,none,long_short,11,quarter_kelly,logit_gap,0.03,none,includes_synthetic_short_yes,4,97,1.8170009048752993,0.018731968091497932,0.07134106953180823,0.26256920753264107,5.016377666372069,0.9971141148214278,0.4682917073400885,-0.08235095702596765,0.4329896907216495,93,469,5.043010752688172,16.435977775452116,0.11055021670746436,1.9561426954272807,6.5070009048753,0.013874202355810874,,
S066298,matern,event_day_open,none,short_only,3,quarter_kelly,edge,0.05,none,includes_synthetic_short_yes,2,97,1.4963597634115378,0.015426389313521008,0.05875332775678994,0.2625619671685444,5.0162393394102285,0.9966314154619026,0.3102183987601772,-0.06619763127754143,0.44329896907216493,93,178,1.913978494623656,13.337912595238556,0.11218845173312328,1.9007968972648537,3.276359763411538,0.01840651552478392,,
S066343,matern,event_day_open,none,short_only,3,quarter_kelly,roi,0.05,none,includes_synthetic_short_yes,3,97,1.4963597634115378,0.015426389313521008,0.05875332775678994,0.2625619671685444,5.0162393394102285,0.9966314154619026,0.3102183987601772,-0.06619763127754143,0.44329896907216493,93,178,1.913978494623656,13.337912595238556,0.11218845173312328,1.9007968972648537,3.276359763411538,0.01840651552478392,,
S066388,matern,event_day_open,none,short_only,3,quarter_kelly,logit_gap,0.05,none,includes_synthetic_short_yes,3,97,1.4963597634115378,0.015426389313521008,0.05875332775678994,0.2625619671685444,5.0162393394102285,0.9966314154619026,0.3102183987601772,-0.06619763127754143,0.44329896907216493,93,178,1.913978494623656,13.337912595238556,0.11218845173312328,1.9007968972648537,3.276359763411538,0.01840651552478392,,
S066838,matern,event_day_open,none,short_only,5,quarter_kelly,edge,0.05,none,includes_synthetic_short_yes,2,97,1.4963597634115378,0.015426389313521008,0.05875332775678994,0.2625619671685444,5.0162393394102285,0.9966314154619026,0.3102183987601772,-0.06619763127754143,0.44329896907216493,93,178,1.913978494623656,13.337912595238556,0.11218845173312328,1.9007968972648537,3.276359763411538,0.01840651552478392,,
S066883,matern,event_day_open,none,short_only,5,quarter_kelly,roi,0.05,none,includes_synthetic_short_yes,3,97,1.4963597634115378,0.015426389313521008,0.05875332775678994,0.2625619671685444,5.0162393394102285,0.9966314154619026,0.3102183987601772,-0.06619763127754143,0.44329896907216493,93,178,1.913978494623656,13.337912595238556,0.11218845173312328,1.9007968972648537,3.276359763411538,0.01840651552478392,,
S066928,matern,event_day_open,none,short_only,5,quarter_kelly,logit_gap,0.05,none,includes_synthetic_short_yes,3,97,1.4963597634115378,0.015426389313521008,0.05875332775678994,0.2625619671685444,5.0162393394102285,0.9966314154619026,0.3102183987601772,-0.06619763127754143,0.44329896907216493,93,178,1.913978494623656,13.337912595238556,0.11218845173312328,1.9007968972648537,3.276359763411538,0.01840651552478392,,
S067378,matern,event_day_open,none,short_only,11,quarter_kelly,edge,0.05,none,includes_synthetic_short_yes,2,97,1.4963597634115378,0.015426389313521008,0.05875332775678994,0.2625619671685444,5.0162393394102285,0.9966314154619026,0.3102183987601772,-0.06619763127754143,0.44329896907216493,93,178,1.913978494623656,13.337912595238556,0.11218845173312328,1.9007968972648537,3.276359763411538,0.01840651552478392,,
S067423,matern,event_day_open,none,short_only,11,quarter_kelly,roi,0.05,none,includes_synthetic_short_yes,3,97,1.4963597634115378,0.015426389313521008,0.05875332775678994,0.2625619671685444,5.0162393394102285,0.9966314154619026,0.3102183987601772,-0.06619763127754143,0.44329896907216493,93,178,1.913978494623656,13.337912595238556,0.11218845173312328,1.9007968972648537,3.276359763411538,0.01840651552478392,,
S067468,matern,event_day_open,none,short_only,11,quarter_kelly,logit_gap,0.05,none,includes_synthetic_short_yes,3,97,1.4963597634115378,0.015426389313521008,0.05875332775678994,0.2625619671685444,5.0162393394102285,0.9966314154619026,0.3102183987601772,-0.06619763127754143,0.44329896907216493,93,178,1.913978494623656,13.337912595238556,0.11218845173312328,1.9007968972648537,3.276359763411538,0.01840651552478392,,
S029485,static,event_day_open,none,long_short,5,quarter_kelly,edge,0.1,none,includes_synthetic_short_yes,3,97,1.7165443739987596,0.017696333752564533,0.06741390682599875,0.26250271769948497,5.015107379893242,0.9963844676126116,0.35228258364510223,-0.08727233076358656,0.44329896907216493,88,255,2.897727272727273,11.02702379217489,0.1556670599746843,1.921179799664811,4.26654437399876,0.01673154656470102,,
S029665,static,event_day_open,none,long_short,11,quarter_kelly,edge,0.1,none,includes_synthetic_short_yes,3,97,1.71589577968259,0.017689647213222578,0.0674070859732249,0.26243008368955706,5.013719709082009,0.9963747223541974,0.3522825836451018,-0.08727233076358656,0.44329896907216493,88,257,2.9204545454545454,11.027672386491059,0.15559908923161056,1.92068237444035,4.28589577968259,0.01667663727502953,,
S029680,static,event_day_open,none,long_short,11,quarter_kelly,roi,0.1,none,includes_synthetic_short_yes,4,97,1.71589577968259,0.017689647213222578,0.06740708597322491,0.262430083689557,5.013719709082008,0.9963747223541974,0.3522825836451018,-0.08727233076358656,0.44329896907216493,88,257,2.9204545454545454,11.027672386491059,0.15559908923161056,1.9206823744403498,4.28589577968259,0.01667663727502953,,
S029695,static,event_day_open,none,long_short,11,quarter_kelly,logit_gap,0.1,none,includes_synthetic_short_yes,4,97,1.71589577968259,0.017689647213222578,0.06740708597322491,0.262430083689557,5.013719709082008,0.9963747223541974,0.3522825836451018,-0.08727233076358656,0.44329896907216493,88,257,2.9204545454545454,11.027672386491059,0.15559908923161056,1.92068237444035,4.28589577968259,0.01667663727502953,,
S062799,matern,event_day_open,none,long_only,2,equal_budget,edge,0.08,robust_0.25c,observed_yes_long_only,2,97,6.54,0.06742268041237114,0.2569411242974557,0.26240517393516666,5.013243808892597,0.999864211868468,0.7072500000000006,-0.12664999999999998,0.16494845360824742,67,105,1.5671641791044777,4.960000000000001,1.318548387096774,3.204246713852376,7.59,0.07228571428571429,,
S023429,static,12h_prior,none,long_short,1,one_share,roi,0.2,none,includes_synthetic_short_yes,2,97,5.7725,0.059510309278350514,0.22682811704962497,0.262358609031397,5.012354187655202,0.9942044821425605,1.2395,-0.493,0.20618556701030927,28,28,1.0,14.2275,0.4057283429977157,3.2579698806962645,6.0525,0.2161607142857143,,
S023474,static,12h_prior,none,long_short,1,equal_budget,roi,0.2,none,includes_synthetic_short_yes,2,97,5.7725,0.059510309278350514,0.22682811704962497,0.262358609031397,5.012354187655202,0.9942044821425605,1.2395,-0.493,0.20618556701030927,28,28,1.0,14.2275,0.4057283429977157,3.2579698806962645,6.0525,0.2161607142857143,,
S023519,static,12h_prior,none,long_short,1,edge_weighted,roi,0.2,none,includes_synthetic_short_yes,3,97,5.7725,0.059510309278350514,0.22682811704962497,0.262358609031397,5.012354187655202,0.9942044821425605,1.2395,-0.493,0.20618556701030927,28,28,1.0,14.2275,0.4057283429977157,3.2579698806962645,6.0525,0.2161607142857143,,
S028401,static,event_day_open,none,short_only,3,quarter_kelly,edge,0.06,none,includes_synthetic_short_yes,2,97,1.5062881529316294,0.015528743844655973,0.05920370035361186,0.26229346733237774,5.011109657242895,0.9962267627093995,0.3016640942083284,-0.07082778178542079,0.44329896907216493,93,166,1.7849462365591398,12.674681408289231,0.11884228915975105,1.8779306129846642,3.16628815293163,0.01907402501766042,,
S028416,static,event_day_open,none,short_only,3,quarter_kelly,roi,0.06,none,includes_synthetic_short_yes,3,97,1.5062881529316294,0.015528743844655973,0.05920370035361186,0.26229346733237774,5.011109657242895,0.9962267627093995,0.3016640942083284,-0.07082778178542079,0.44329896907216493,93,166,1.7849462365591398,12.674681408289231,0.11884228915975105,1.8779306129846642,3.16628815293163,0.01907402501766042,,
S028431,static,event_day_open,none,short_only,3,quarter_kelly,logit_gap,0.06,none,includes_synthetic_short_yes,3,97,1.5062881529316294,0.015528743844655973,0.05920370035361186,0.26229346733237774,5.011109657242895,0.9962267627093995,0.3016640942083284,-0.07082778178542079,0.44329896907216493,93,166,1.7849462365591398,12.674681408289231,0.11884228915975105,1.8779306129846642,3.16628815293163,0.01907402501766042,,
S028581,static,event_day_open,none,short_only,5,quarter_kelly,edge,0.06,none,includes_synthetic_short_yes,2,97,1.5062881529316294,0.015528743844655973,0.05920370035361186,0.26229346733237774,5.011109657242895,0.9962267627093995,0.3016640942083284,-0.07082778178542079,0.44329896907216493,93,166,1.7849462365591398,12.674681408289231,0.11884228915975105,1.8779306129846642,3.16628815293163,0.01907402501766042,,
S028596,static,event_day_open,none,short_only,5,quarter_kelly,roi,0.06,none,includes_synthetic_short_yes,3,97,1.5062881529316294,0.015528743844655973,0.05920370035361186,0.26229346733237774,5.011109657242895,0.9962267627093995,0.3016640942083284,-0.07082778178542079,0.44329896907216493,93,166,1.7849462365591398,12.674681408289231,0.11884228915975105,1.8779306129846642,3.16628815293163,0.01907402501766042,,
S028611,static,event_day_open,none,short_only,5,quarter_kelly,logit_gap,0.06,none,includes_synthetic_short_yes,3,97,1.5062881529316294,0.015528743844655973,0.05920370035361186,0.26229346733237774,5.011109657242895,0.9962267627093995,0.3016640942083284,-0.07082778178542079,0.44329896907216493,93,166,1.7849462365591398,12.674681408289231,0.11884228915975105,1.8779306129846642,3.16628815293163,0.01907402501766042,,
S028761,static,event_day_open,none,short_only,11,quarter_kelly,edge,0.06,none,includes_synthetic_short_yes,2,97,1.5062881529316294,0.015528743844655973,0.05920370035361186,0.26229346733237774,5.011109657242895,0.9962267627093995,0.3016640942083284,-0.07082778178542079,0.44329896907216493,93,166,1.7849462365591398,12.674681408289231,0.11884228915975105,1.8779306129846642,3.16628815293163,0.01907402501766042,,
S028776,static,event_day_open,none,short_only,11,quarter_kelly,roi,0.06,none,includes_synthetic_short_yes,3,97,1.5062881529316294,0.015528743844655973,0.05920370035361186,0.26229346733237774,5.011109657242895,0.9962267627093995,0.3016640942083284,-0.07082778178542079,0.44329896907216493,93,166,1.7849462365591398,12.674681408289231,0.11884228915975105,1.8779306129846642,3.16628815293163,0.01907402501766042,,
S028791,static,event_day_open,none,short_only,11,quarter_kelly,logit_gap,0.06,none,includes_synthetic_short_yes,3,97,1.5062881529316294,0.015528743844655973,0.05920370035361186,0.26229346733237774,5.011109657242895,0.9962267627093995,0.3016640942083284,-0.07082778178542079,0.44329896907216493,93,166,1.7849462365591398,12.674681408289231,0.11884228915975105,1.8779306129846642,3.16628815293163,0.01907402501766042,,
S028756,static,event_day_open,none,short_only,11,quarter_kelly,edge,0.01,none,includes_synthetic_short_yes,2,97,1.4916227003077374,0.015377553611419972,0.05868786332739849,0.2620227205348085,5.005937046938241,0.996546424990095,0.4304965276361057,-0.07264730653303458,0.44329896907216493,93,234,2.5161290322580645,18.337793317926636,0.08134145011055167,1.9291155913560285,3.8316227003077374,0.0163744559842211,,
S028771,static,event_day_open,none,short_only,11,quarter_kelly,roi,0.01,none,includes_synthetic_short_yes,3,97,1.4916227003077374,0.015377553611419972,0.05868786332739849,0.2620227205348085,5.005937046938241,0.996546424990095,0.4304965276361057,-0.07264730653303458,0.44329896907216493,93,234,2.5161290322580645,18.337793317926636,0.08134145011055167,1.9291155913560285,3.8316227003077374,0.0163744559842211,,
S028786,static,event_day_open,none,short_only,11,quarter_kelly,logit_gap,0.01,none,includes_synthetic_short_yes,3,97,1.4916227003077374,0.015377553611419972,0.05868786332739849,0.2620227205348085,5.005937046938241,0.996546424990095,0.43049652763610546,-0.07264730653303457,0.44329896907216493,93,234,2.5161290322580645,18.337793317926636,0.08134145011055167,1.9291155913560285,3.8316227003077374,0.0163744559842211,,
S028576,static,event_day_open,none,short_only,5,quarter_kelly,edge,0.01,none,includes_synthetic_short_yes,2,97,1.489870122373148,0.01535948579766132,0.05869931342920762,0.26166380661649685,4.999080006156927,0.9965075761452007,0.4322491055706952,-0.07264730653303458,0.44329896907216493,93,233,2.5053763440860215,18.155713841128577,0.08206067441964796,1.9270119460752466,3.819870122373148,0.016394292370700204,,
S028591,static,event_day_open,none,short_only,5,quarter_kelly,roi,0.01,none,includes_synthetic_short_yes,3,97,1.489870122373148,0.01535948579766132,0.05869931342920762,0.26166380661649685,4.999080006156927,0.9965075761452007,0.4322491055706952,-0.07264730653303458,0.44329896907216493,93,233,2.5053763440860215,18.155713841128577,0.08206067441964796,1.9270119460752466,3.819870122373148,0.016394292370700204,,
S044803,matern,24h_prior,none,long_short,3,quarter_kelly,logit_gap,0.1,none,includes_synthetic_short_yes,4,97,1.2586453707043346,0.012975725471178708,0.049616293196119376,0.2615214607002035,4.996360491244636,0.9914087975363252,0.28721265477814195,-0.09277157790064823,0.5154639175257731,75,157,2.0933333333333333,8.246089192901707,0.15263543011246902,1.9376979653857656,2.8286453707043346,0.01801684949493207,,
S029516,static,event_day_open,none,long_short,5,quarter_kelly,logit_gap,0.12,none,includes_synthetic_short_yes,4,97,1.6468028508088965,0.016977348977411304,0.0649919891965894,0.2612221781065632,4.99064270532153,0.9959343290812785,0.365580814791753,-0.08498742794957574,0.4639175257731959,86,209,2.4302325581395348,9.676579230051273,0.17018440211750024,1.908622203679458,3.736802850808896,0.017879439477554528,,
S029696,static,event_day_open,none,long_short,11,quarter_kelly,logit_gap,0.12,none,includes_synthetic_short_yes,4,97,1.6468028508088965,0.016977348977411304,0.0649919891965894,0.2612221781065632,4.99064270532153,0.9959343290812785,0.365580814791753,-0.08498742794957574,0.4639175257731959,86,209,2.4302325581395348,9.676579230051273,0.17018440211750024,1.908622203679458,3.736802850808896,0.017879439477554528,,
S029486,static,event_day_open,none,long_short,5,quarter_kelly,edge,0.12,none,includes_synthetic_short_yes,3,97,1.6468028508088965,0.016977348977411304,0.06499198919658941,0.2612221781065631,4.990642705321529,0.9959343290812785,0.365580814791753,-0.08498742794957574,0.4639175257731959,86,209,2.4302325581395348,9.676579230051273,0.17018440211750024,1.9086222036794578,3.736802850808896,0.017879439477554528,,
S029501,static,event_day_open,none,long_short,5,quarter_kelly,roi,0.12,none,includes_synthetic_short_yes,4,97,1.6468028508088965,0.016977348977411304,0.06499198919658941,0.2612221781065631,4.990642705321529,0.9959343290812785,0.365580814791753,-0.08498742794957574,0.4639175257731959,86,209,2.4302325581395348,9.676579230051273,0.17018440211750024,1.908622203679458,3.736802850808896,0.017879439477554528,,
S029666,static,event_day_open,none,long_short,11,quarter_kelly,edge,0.12,none,includes_synthetic_short_yes,3,97,1.6468028508088965,0.016977348977411304,0.06499198919658941,0.2612221781065631,4.990642705321529,0.9959343290812785,0.365580814791753,-0.08498742794957574,0.4639175257731959,86,209,2.4302325581395348,9.676579230051273,0.17018440211750024,1.9086222036794578,3.736802850808896,0.017879439477554528,,
S029681,static,event_day_open,none,long_short,11,quarter_kelly,roi,0.12,none,includes_synthetic_short_yes,4,97,1.6468028508088965,0.016977348977411304,0.06499198919658941,0.2612221781065631,4.990642705321529,0.9959343290812785,0.365580814791753,-0.08498742794957574,0.4639175257731959,86,209,2.4302325581395348,9.676579230051273,0.17018440211750024,1.908622203679458,3.736802850808896,0.017879439477554528,,
S023638,static,12h_prior,none,long_short,2,equal_budget,edge,0.18,none,includes_synthetic_short_yes,2,97,6.570499999999999,0.06773711340206184,0.2593397023450403,0.26119068075408114,4.990040949247292,0.9919065034743484,1.205,-0.602,0.28865979381443296,37,50,1.3513513513513513,20.429499999999997,0.3216182481215889,2.5672033392963622,7.070499999999999,0.14140999999999998,,
S066305,matern,event_day_open,none,short_only,3,quarter_kelly,edge,0.07,robust_0.10c,includes_synthetic_short_yes,3,97,1.4745016522104077,0.01520104796093204,0.05820887274510897,0.26114657858941814,4.989198378574467,0.9959165329488155,0.4137037108979824,-0.07433192885841448,0.44329896907216493,92,158,1.7173913043478262,11.888783076660902,0.12402460728760627,1.8688956180736707,3.0545016522104076,0.019332288938040555,,
S066350,matern,event_day_open,none,short_only,3,quarter_kelly,roi,0.07,robust_0.10c,includes_synthetic_short_yes,4,97,1.4745016522104077,0.01520104796093204,0.05820887274510897,0.26114657858941814,4.989198378574467,0.9959165329488155,0.4137037108979824,-0.07433192885841448,0.44329896907216493,92,158,1.7173913043478262,11.888783076660902,0.12402460728760627,1.8688956180736707,3.0545016522104076,0.019332288938040555,,
S066395,matern,event_day_open,none,short_only,3,quarter_kelly,logit_gap,0.07,robust_0.10c,includes_synthetic_short_yes,4,97,1.4745016522104077,0.01520104796093204,0.05820887274510897,0.26114657858941814,4.989198378574467,0.9959165329488155,0.4137037108979824,-0.07433192885841448,0.44329896907216493,92,158,1.7173913043478262,11.888783076660902,0.12402460728760627,1.8688956180736707,3.0545016522104076,0.019332288938040555,,
S066845,matern,event_day_open,none,short_only,5,quarter_kelly,edge,0.07,robust_0.10c,includes_synthetic_short_yes,3,97,1.4745016522104077,0.01520104796093204,0.05820887274510897,0.26114657858941814,4.989198378574467,0.9959165329488155,0.4137037108979824,-0.07433192885841448,0.44329896907216493,92,158,1.7173913043478262,11.888783076660902,0.12402460728760627,1.8688956180736707,3.0545016522104076,0.019332288938040555,,
S066890,matern,event_day_open,none,short_only,5,quarter_kelly,roi,0.07,robust_0.10c,includes_synthetic_short_yes,4,97,1.4745016522104077,0.01520104796093204,0.05820887274510897,0.26114657858941814,4.989198378574467,0.9959165329488155,0.4137037108979824,-0.07433192885841448,0.44329896907216493,92,158,1.7173913043478262,11.888783076660902,0.12402460728760627,1.8688956180736707,3.0545016522104076,0.019332288938040555,,
S066935,matern,event_day_open,none,short_only,5,quarter_kelly,logit_gap,0.07,robust_0.10c,includes_synthetic_short_yes,4,97,1.4745016522104077,0.01520104796093204,0.05820887274510897,0.26114657858941814,4.989198378574467,0.9959165329488155,0.4137037108979824,-0.07433192885841448,0.44329896907216493,92,158,1.7173913043478262,11.888783076660902,0.12402460728760627,1.8688956180736707,3.0545016522104076,0.019332288938040555,,
S067385,matern,event_day_open,none,short_only,11,quarter_kelly,edge,0.07,robust_0.10c,includes_synthetic_short_yes,3,97,1.4745016522104077,0.01520104796093204,0.05820887274510897,0.26114657858941814,4.989198378574467,0.9959165329488155,0.4137037108979824,-0.07433192885841448,0.44329896907216493,92,158,1.7173913043478262,11.888783076660902,0.12402460728760627,1.8688956180736707,3.0545016522104076,0.019332288938040555,,
S067430,matern,event_day_open,none,short_only,11,quarter_kelly,roi,0.07,robust_0.10c,includes_synthetic_short_yes,4,97,1.4745016522104077,0.01520104796093204,0.05820887274510897,0.26114657858941814,4.989198378574467,0.9959165329488155,0.4137037108979824,-0.07433192885841448,0.44329896907216493,92,158,1.7173913043478262,11.888783076660902,0.12402460728760627,1.8688956180736707,3.0545016522104076,0.019332288938040555,,
S067475,matern,event_day_open,none,short_only,11,quarter_kelly,logit_gap,0.07,robust_0.10c,includes_synthetic_short_yes,4,97,1.4745016522104077,0.01520104796093204,0.05820887274510897,0.26114657858941814,4.989198378574467,0.9959165329488155,0.4137037108979824,-0.07433192885841448,0.44329896907216493,92,158,1.7173913043478262,11.888783076660902,0.12402460728760627,1.8688956180736707,3.0545016522104076,0.019332288938040555,,
S041019,matern,24h_prior,none,short_only,1,quarter_kelly,logit_gap,0.08,robust_0.25c,includes_synthetic_short_yes,3,97,1.113396279286579,0.011478312157593599,0.043981971724728224,0.260977662152879,4.985971234585646,0.9866513077053083,0.283975413820152,-0.09939461722261685,0.5979381443298969,75,75,1.0,6.568466262227771,0.16950627967585205,1.9220130702427394,1.863396279286579,0.024845283723821054,,
S041021,matern,24h_prior,none,short_only,1,quarter_kelly,logit_gap,0.09,robust_0.10c,includes_synthetic_short_yes,3,97,1.113396279286579,0.011478312157593599,0.043981971724728224,0.260977662152879,4.985971234585646,0.9866513077053083,0.283975413820152,-0.09939461722261685,0.5979381443298969,75,75,1.0,6.568466262227771,0.16950627967585205,1.9220130702427394,1.863396279286579,0.024845283723821054,,
S062664,matern,event_day_open,none,long_only,2,one_share,edge,0.08,robust_0.25c,observed_yes_long_only,2,97,8.506,0.08769072164948453,0.3361522971692773,0.2608660490733634,4.983838869695574,0.9995262954406949,1.1695000000000002,-0.20850000000000005,0.16494845360824742,67,105,1.5671641791044777,7.494,1.1350413664264747,2.8278714945739765,9.556000000000001,0.09100952380952382,,
S066294,matern,event_day_open,none,short_only,3,quarter_kelly,edge,0.03,robust_0.25c,includes_synthetic_short_yes,3,97,1.4790049746527327,0.01524747396549209,0.058456932205486103,0.26083260599264113,4.9831999405355,0.9965059840981211,0.3025694045230358,-0.06619763127754143,0.4329896907216495,93,180,1.935483870967742,13.527244923342382,0.10933526989672429,1.8967498568421812,3.2790049746527328,0.018216694303626293,,
S066339,matern,event_day_open,none,short_only,3,quarter_kelly,roi,0.03,robust_0.25c,includes_synthetic_short_yes,4,97,1.4790049746527327,0.01524747396549209,0.058456932205486103,0.26083260599264113,4.9831999405355,0.9965059840981211,0.3025694045230358,-0.06619763127754143,0.4329896907216495,93,180,1.935483870967742,13.527244923342382,0.10933526989672429,1.8967498568421812,3.2790049746527328,0.018216694303626293,,
S069536,matern,event_day_open,none,long_short,5,quarter_kelly,edge,0.04,robust_0.10c,includes_synthetic_short_yes,4,97,1.7506202370790869,0.018047631310093678,0.06920287092954437,0.26079310103287506,4.982445199338908,0.9968809966068944,0.369563914818382,-0.07602818646028489,0.41237113402061853,93,376,4.043010752688172,13.153053132999952,0.13309611231531648,1.9125604422378981,5.510620237079087,0.014655904885848637,,
S069535,matern,event_day_open,none,long_short,5,quarter_kelly,edge,0.04,none,includes_synthetic_short_yes,3,97,1.7560493447403318,0.01810360149216837,0.0694375641212539,0.2607176925238237,4.98100452179635,0.9968665449890822,0.37581168445949076,-0.07602818646028489,0.41237113402061853,93,395,4.247311827956989,13.375410687949511,0.13128937762804047,1.9147927424817426,5.706049344740332,0.014445694543646411,,
S023639,static,12h_prior,none,long_short,2,equal_budget,edge,0.2,none,includes_synthetic_short_yes,2,97,5.766249999999999,0.059445876288659785,0.2280154109683551,0.26070990568663766,4.980855754480795,0.9927808986541621,1.2049999999999996,-0.545,0.2268041237113402,28,36,1.2857142857142858,15.73375,0.36648923492492247,2.983233018056749,6.12625,0.1701736111111111,,
S063203,matern,event_day_open,none,long_only,3,one_share,edge,0.08,robust_0.10c,observed_yes_long_only,2,97,9.054,0.09334020618556702,0.3580527962872566,0.2606883877278326,4.980444654455054,0.9992147080035146,1.1995,-0.273,0.1958762886597938,76,127,1.6710526315789473,9.946,0.9103157048059521,2.538095642571987,10.324,0.08129133858267716,,
S063248,matern,event_day_open,none,long_only,3,one_share,roi,0.08,robust_0.10c,observed_yes_long_only,3,97,9.054,0.09334020618556702,0.3580527962872566,0.2606883877278326,4.980444654455054,0.9992147080035146,1.1995,-0.273,0.1958762886597938,76,127,1.6710526315789473,9.946,0.9103157048059521,2.538095642571987,10.324,0.08129133858267716,,
S063293,matern,event_day_open,none,long_only,3,one_share,logit_gap,0.08,robust_0.10c,observed_yes_long_only,3,97,9.054,0.09334020618556702,0.3580527962872566,0.2606883877278326,4.980444654455054,0.9992147080035146,1.1995,-0.273,0.1958762886597938,76,127,1.6710526315789473,9.946,0.9103157048059521,2.538095642571987,10.324,0.08129133858267716,,
S063743,matern,event_day_open,none,long_only,5,one_share,edge,0.08,robust_0.10c,observed_yes_long_only,2,97,9.054,0.09334020618556702,0.3580527962872566,0.2606883877278326,4.980444654455054,0.9992147080035146,1.1995,-0.273,0.1958762886597938,76,127,1.6710526315789473,9.946,0.9103157048059521,2.538095642571987,10.324,0.08129133858267716,,
S063788,matern,event_day_open,none,long_only,5,one_share,roi,0.08,robust_0.10c,observed_yes_long_only,3,97,9.054,0.09334020618556702,0.3580527962872566,0.2606883877278326,4.980444654455054,0.9992147080035146,1.1995,-0.273,0.1958762886597938,76,127,1.6710526315789473,9.946,0.9103157048059521,2.538095642571987,10.324,0.08129133858267716,,
S063833,matern,event_day_open,none,long_only,5,one_share,logit_gap,0.08,robust_0.10c,observed_yes_long_only,3,97,9.054,0.09334020618556702,0.3580527962872566,0.2606883877278326,4.980444654455054,0.9992147080035146,1.1995,-0.273,0.1958762886597938,76,127,1.6710526315789473,9.946,0.9103157048059521,2.538095642571987,10.324,0.08129133858267716,,
S064283,matern,event_day_open,none,long_only,11,one_share,edge,0.08,robust_0.10c,observed_yes_long_only,2,97,9.054,0.09334020618556702,0.3580527962872566,0.2606883877278326,4.980444654455054,0.9992147080035146,1.1995,-0.273,0.1958762886597938,76,127,1.6710526315789473,9.946,0.9103157048059521,2.538095642571987,10.324,0.08129133858267716,,
S064328,matern,event_day_open,none,long_only,11,one_share,roi,0.08,robust_0.10c,observed_yes_long_only,3,97,9.054,0.09334020618556702,0.3580527962872566,0.2606883877278326,4.980444654455054,0.9992147080035146,1.1995,-0.273,0.1958762886597938,76,127,1.6710526315789473,9.946,0.9103157048059521,2.538095642571987,10.324,0.08129133858267716,,
S064373,matern,event_day_open,none,long_only,11,one_share,logit_gap,0.08,robust_0.10c,observed_yes_long_only,3,97,9.054,0.09334020618556702,0.3580527962872566,0.2606883877278326,4.980444654455054,0.9992147080035146,1.1995,-0.273,0.1958762886597938,76,127,1.6710526315789473,9.946,0.9103157048059521,2.538095642571987,10.324,0.08129133858267716,,
S044238,matern,24h_prior,none,long_short,2,quarter_kelly,logit_gap,0.01,robust_0.25c,includes_synthetic_short_yes,5,97,0.5142194459806368,0.005301231401862235,0.020336052884060794,0.2606814327286339,4.9803117793819345,0.9944268539211459,0.12362045715790293,-0.03779670654108541,0.24742268041237114,82,162,1.975609756097561,3.8752753588384166,0.13269236334596107,3.1343255771000678,2.134219445980637,0.013174194110991588,,
S068542,matern,event_day_open,none,long_short,2,quarter_kelly,logit_gap,0.03,none,includes_synthetic_short_yes,4,97,0.7848289842682453,0.008091020456373664,0.031045523081942014,0.2606179459440289,4.979098866065117,0.9988123805878936,0.1564060045032217,-0.049418156730592404,0.23711340206185566,93,186,2.0,2.9478647647294336,0.266236427687781,3.32996900793295,2.6448289842682455,0.014219510668108847,,
S065765,matern,event_day_open,none,short_only,2,quarter_kelly,edge,0.07,robust_0.10c,includes_synthetic_short_yes,3,97,1.4738918280215956,0.015194761113624696,0.05834636134748697,0.2604234567967476,4.975383156123569,0.9955897575103104,0.43597110660199023,-0.07433192885841448,0.4536082474226804,92,152,1.6521739130434783,10.921527840109357,0.13495289757983508,1.8566543009079952,2.993891828021596,0.01969665676329997,,
S065810,matern,event_day_open,none,short_only,2,quarter_kelly,roi,0.07,robust_0.10c,includes_synthetic_short_yes,4,97,1.4738918280215956,0.015194761113624696,0.05834636134748697,0.2604234567967476,4.975383156123569,0.9955897575103104,0.43597110660199023,-0.07433192885841448,0.4536082474226804,92,152,1.6521739130434783,10.921527840109357,0.13495289757983508,1.8566543009079952,2.993891828021596,0.01969665676329997,,
S063205,matern,event_day_open,none,long_only,3,one_share,edge,0.09,none,observed_yes_long_only,1,97,9.0375,0.09317010309278351,0.3577885555059453,0.26040548714877865,4.975039846481166,0.9992150610265086,1.1840000000000006,-0.27290000000000003,0.1958762886597938,78,127,1.6282051282051282,9.9625,0.9071518193224591,2.53100118583771,10.3075,0.08116141732283463,,
S063250,matern,event_day_open,none,long_only,3,one_share,roi,0.09,none,observed_yes_long_only,2,97,9.0375,0.09317010309278351,0.3577885555059453,0.26040548714877865,4.975039846481166,0.9992150610265086,1.1840000000000006,-0.27290000000000003,0.1958762886597938,78,127,1.6282051282051282,9.9625,0.9071518193224591,2.53100118583771,10.3075,0.08116141732283463,,
S063295,matern,event_day_open,none,long_only,3,one_share,logit_gap,0.09,none,observed_yes_long_only,2,97,9.0375,0.09317010309278351,0.3577885555059453,0.26040548714877865,4.975039846481166,0.9992150610265086,1.1840000000000006,-0.27290000000000003,0.1958762886597938,78,127,1.6282051282051282,9.9625,0.9071518193224591,2.53100118583771,10.3075,0.08116141732283463,,
S063745,matern,event_day_open,none,long_only,5,one_share,edge,0.09,none,observed_yes_long_only,1,97,9.0375,0.09317010309278351,0.3577885555059453,0.26040548714877865,4.975039846481166,0.9992150610265086,1.1840000000000006,-0.27290000000000003,0.1958762886597938,78,127,1.6282051282051282,9.9625,0.9071518193224591,2.53100118583771,10.3075,0.08116141732283463,,
S063790,matern,event_day_open,none,long_only,5,one_share,roi,0.09,none,observed_yes_long_only,2,97,9.0375,0.09317010309278351,0.3577885555059453,0.26040548714877865,4.975039846481166,0.9992150610265086,1.1840000000000006,-0.27290000000000003,0.1958762886597938,78,127,1.6282051282051282,9.9625,0.9071518193224591,2.53100118583771,10.3075,0.08116141732283463,,
S063835,matern,event_day_open,none,long_only,5,one_share,logit_gap,0.09,none,observed_yes_long_only,2,97,9.0375,0.09317010309278351,0.3577885555059453,0.26040548714877865,4.975039846481166,0.9992150610265086,1.1840000000000006,-0.27290000000000003,0.1958762886597938,78,127,1.6282051282051282,9.9625,0.9071518193224591,2.53100118583771,10.3075,0.08116141732283463,,
S064285,matern,event_day_open,none,long_only,11,one_share,edge,0.09,none,observed_yes_long_only,1,97,9.0375,0.09317010309278351,0.3577885555059453,0.26040548714877865,4.975039846481166,0.9992150610265086,1.1840000000000006,-0.27290000000000003,0.1958762886597938,78,127,1.6282051282051282,9.9625,0.9071518193224591,2.53100118583771,10.3075,0.08116141732283463,,
S064330,matern,event_day_open,none,long_only,11,one_share,roi,0.09,none,observed_yes_long_only,2,97,9.0375,0.09317010309278351,0.3577885555059453,0.26040548714877865,4.975039846481166,0.9992150610265086,1.1840000000000006,-0.27290000000000003,0.1958762886597938,78,127,1.6282051282051282,9.9625,0.9071518193224591,2.53100118583771,10.3075,0.08116141732283463,,
S064375,matern,event_day_open,none,long_only,11,one_share,logit_gap,0.09,none,observed_yes_long_only,2,97,9.0375,0.09317010309278351,0.3577885555059453,0.26040548714877865,4.975039846481166,0.9992150610265086,1.1840000000000006,-0.27290000000000003,0.1958762886597938,78,127,1.6282051282051282,9.9625,0.9071518193224591,2.53100118583771,10.3075,0.08116141732283463,,
S070115,matern,event_day_open,none,long_short,11,quarter_kelly,roi,0.02,robust_0.10c,includes_synthetic_short_yes,5,97,1.788987489898039,0.018443169998948853,0.07082801181472709,0.26039372737431565,4.974815176305511,0.9970537405972808,0.4806198935470165,-0.07601279546858378,0.4020618556701031,93,489,5.258064516129032,16.264483535068788,0.10999350124095242,1.9358923563486818,6.678987489898039,0.013658461124535866,,
S070160,matern,event_day_open,none,long_short,11,quarter_kelly,logit_gap,0.02,robust_0.10c,includes_synthetic_short_yes,5,97,1.788987489898039,0.018443169998948853,0.07082801181472709,0.26039372737431565,4.974815176305511,0.9970537405972808,0.4806198935470165,-0.07601279546858378,0.4020618556701031,93,489,5.258064516129032,16.264483535068788,0.10999350124095242,1.9358923563486816,6.678987489898039,0.013658461124535866,,
S070070,matern,event_day_open,none,long_short,11,quarter_kelly,edge,0.02,robust_0.10c,includes_synthetic_short_yes,4,97,1.7889874898980387,0.018443169998948853,0.07082801181472709,0.26039372737431565,4.974815176305511,0.9970537405972808,0.4806198935470165,-0.07601279546858376,0.4020618556701031,93,489,5.258064516129032,16.264483535068788,0.1099935012409524,1.9358923563486814,6.678987489898038,0.013658461124535864,,
S069533,matern,event_day_open,none,long_short,5,quarter_kelly,edge,0.03,robust_0.10c,includes_synthetic_short_yes,4,97,1.75201158051308,0.018061975056835877,0.0694011721072988,0.2602546111024014,4.972157363662447,0.9968431133826312,0.36741394985793363,-0.07605711446648754,0.4020618556701031,93,404,4.344086021505376,13.425523845410078,0.1304985638316123,1.9114586488815468,5.79201158051308,0.014336662328002674,,
S028606,static,event_day_open,none,short_only,5,quarter_kelly,logit_gap,0.01,none,includes_synthetic_short_yes,3,97,1.4829158854002753,0.01528779263299253,0.058750038226014545,0.2602175776325383,4.971449840214152,0.9963448756641577,0.43920334254356774,-0.07264730653303457,0.44329896907216493,93,233,2.5053763440860215,18.342774769911347,0.08084468702264082,1.9187096985718648,3.812915885400275,0.016364445860087017,,
S069093,matern,event_day_open,none,long_short,3,quarter_kelly,logit_gap,0.06,robust_0.25c,includes_synthetic_short_yes,5,97,1.5585162780369237,0.016067178124092,0.06176908371700025,0.26011682798639196,4.969525020927182,0.9951685399123201,0.5257343922546915,-0.08058853795931568,0.5051546391752577,92,242,2.630434782608696,9.656490098003834,0.16139573097673413,1.8580374651726943,3.9785162780369236,0.016440149909243487,,
S069559,matern,event_day_open,none,long_short,5,quarter_kelly,edge,0.15,none,includes_synthetic_short_yes,3,97,1.442576615970982,0.014871923875989505,0.05718216621388929,0.26007975669129485,4.968816774828806,0.9949330476892578,0.2233763263769688,-0.08555498587508022,0.44329896907216493,75,134,1.7866666666666666,7.115935346726679,0.20272480646336472,1.9513049839164522,2.7825766159709824,0.02076549713411181,,
S069604,matern,event_day_open,none,long_short,5,quarter_kelly,roi,0.15,none,includes_synthetic_short_yes,4,97,1.442576615970982,0.014871923875989505,0.05718216621388929,0.26007975669129485,4.968816774828806,0.9949330476892578,0.2233763263769688,-0.08555498587508022,0.44329896907216493,75,134,1.7866666666666666,7.115935346726679,0.20272480646336472,1.9513049839164522,2.7825766159709824,0.02076549713411181,,
S069649,matern,event_day_open,none,long_short,5,quarter_kelly,logit_gap,0.15,none,includes_synthetic_short_yes,4,97,1.442576615970982,0.014871923875989505,0.05718216621388929,0.26007975669129485,4.968816774828806,0.9949330476892578,0.2233763263769688,-0.08555498587508022,0.44329896907216493,75,134,1.7866666666666666,7.115935346726679,0.20272480646336472,1.9513049839164522,2.7825766159709824,0.02076549713411181,,
S070099,matern,event_day_open,none,long_short,11,quarter_kelly,edge,0.15,none,includes_synthetic_short_yes,3,97,1.442576615970982,0.014871923875989505,0.05718216621388929,0.26007975669129485,4.968816774828806,0.9949330476892578,0.2233763263769688,-0.08555498587508022,0.44329896907216493,75,134,1.7866666666666666,7.115935346726679,0.20272480646336472,1.9513049839164522,2.7825766159709824,0.02076549713411181,,
S070144,matern,event_day_open,none,long_short,11,quarter_kelly,roi,0.15,none,includes_synthetic_short_yes,4,97,1.442576615970982,0.014871923875989505,0.05718216621388929,0.26007975669129485,4.968816774828806,0.9949330476892578,0.2233763263769688,-0.08555498587508022,0.44329896907216493,75,134,1.7866666666666666,7.115935346726679,0.20272480646336472,1.9513049839164522,2.7825766159709824,0.02076549713411181,,
S070189,matern,event_day_open,none,long_short,11,quarter_kelly,logit_gap,0.15,none,includes_synthetic_short_yes,4,97,1.442576615970982,0.014871923875989505,0.05718216621388929,0.26007975669129485,4.968816774828806,0.9949330476892578,0.2233763263769688,-0.08555498587508022,0.44329896907216493,75,134,1.7866666666666666,7.115935346726679,0.20272480646336472,1.9513049839164522,2.7825766159709824,0.02076549713411181,,
S051796,matern,12h_prior,none,long_short,1,quarter_kelly,logit_gap,0.01,none,includes_synthetic_short_yes,3,97,0.17764490127697904,0.0018313907348142169,0.0070418250978436575,0.2600733061908942,4.9686935381916895,0.9999985695986926,0.018223131890699143,-0.00223100089928038,0.14432989690721648,88,88,1.0,2.2277922162499753,0.07974033663516757,7.903278422165709,1.057644901276979,0.01201869205996567,,
S028251,static,event_day_open,none,short_only,2,quarter_kelly,logit_gap,0.06,none,includes_synthetic_short_yes,3,97,1.5000161913952443,0.015464084447373653,0.0594682643819023,0.26003927654696724,4.968043402757325,0.9944313968355647,0.34044197723887004,-0.08571952822107316,0.4639175257731959,93,156,1.6774193548387097,11.984394972387,0.12516411507225864,1.8500414320817997,3.0600161913952446,0.019615488406379774,,
S028400,static,event_day_open,none,short_only,3,quarter_kelly,edge,0.05,none,includes_synthetic_short_yes,2,97,1.507688789036855,0.015543183392132526,0.059791905831694435,0.25995464061447277,4.966426435537416,0.9961106576839899,0.33512768740995047,-0.07082778178542079,0.44329896907216493,93,174,1.8709677419354838,13.337377874784876,0.11304236883677357,1.8817400414460754,3.247688789036855,0.018664878097912962,,
S028415,static,event_day_open,none,short_only,3,quarter_kelly,roi,0.05,none,includes_synthetic_short_yes,3,97,1.507688789036855,0.015543183392132526,0.059791905831694435,0.25995464061447277,4.966426435537416,0.9961106576839899,0.33512768740995047,-0.07082778178542079,0.44329896907216493,93,174,1.8709677419354838,13.337377874784876,0.11304236883677357,1.8817400414460754,3.247688789036855,0.018664878097912962,,
S028307,static,event_day_open,none,short_only,3,equal_budget,edge,0.02,none,includes_synthetic_short_yes,1,97,5.923166666666666,0.061063573883161505,0.23497246494922872,0.2598754449648205,4.964913404775269,0.9971034841000609,1.4108333333333345,-0.22820000000000001,0.3711340206185567,93,204,2.193548387096774,58.91016666666666,0.10054574620679509,1.908530817803001,7.963166666666666,0.039035130718954245,,
S028322,static,event_day_open,none,short_only,3,equal_budget,roi,0.02,none,includes_synthetic_short_yes,2,97,5.923166666666666,0.061063573883161505,0.23497246494922872,0.2598754449648205,4.964913404775269,0.9971034841000609,1.4108333333333345,-0.22820000000000001,0.3711340206185567,93,204,2.193548387096774,58.91016666666666,0.10054574620679509,1.908530817803001,7.963166666666666,0.039035130718954245,,
S069590,matern,event_day_open,none,long_short,5,quarter_kelly,roi,0.07,robust_0.10c,includes_synthetic_short_yes,5,97,1.7245108169082317,0.01777846202998177,0.06841837741663477,0.2598492203596053,4.96441238439612,0.9963792486981472,0.4238018344471113,-0.07909203638561572,0.44329896907216493,92,300,3.260869565217391,11.73751924677215,0.14692293836983286,1.8814677821708792,4.724510816908232,0.01574836938969411,,
S069528,matern,event_day_open,none,long_short,5,quarter_kelly,edge,0.01,robust_0.25c,includes_synthetic_short_yes,4,97,1.7472124125079234,0.01801249909801983,0.06932243682281382,0.2598364962856004,4.964169291303586,0.9968632968525385,0.3719938969616283,-0.07499407826254638,0.4020618556701031,93,437,4.698924731182796,13.982181872672573,0.12495992602719298,1.9176126443040864,6.117212412507923,0.01399819774029273,,
S069548,matern,event_day_open,none,long_short,5,quarter_kelly,edge,0.08,robust_0.10c,includes_synthetic_short_yes,4,97,1.7130567105598944,0.017660378459380354,0.06797302502531193,0.2598145139605593,4.9637493195733615,0.9962629663157705,0.5033587311582055,-0.08279737484477485,0.44329896907216493,91,275,3.021978021978022,11.42959688071461,0.14987901397033254,1.8877765749000446,4.463056710559894,0.016229297129308706,,
S069593,matern,event_day_open,none,long_short,5,quarter_kelly,roi,0.08,robust_0.10c,includes_synthetic_short_yes,5,97,1.7130567105598944,0.017660378459380354,0.06797302502531193,0.2598145139605593,4.9637493195733615,0.9962629663157705,0.5033587311582055,-0.08279737484477487,0.44329896907216493,91,275,3.021978021978022,11.42959688071461,0.14987901397033254,1.8877765749000448,4.463056710559894,0.016229297129308706,,
S023594,static,12h_prior,none,long_short,2,one_share,edge,0.2,none,includes_synthetic_short_yes,2,97,7.5725,0.07806701030927835,0.3004989135177424,0.2597913230214359,4.9633062573035165,0.9977681246185814,1.205,-0.61,0.2268041237113402,28,36,1.2857142857142858,19.427500000000002,0.3897825247715866,3.2174231332357253,7.9325,0.22034722222222222,,
S029331,static,event_day_open,none,long_short,3,quarter_kelly,logit_gap,0.06,none,includes_synthetic_short_yes,4,97,1.5080894634907565,0.015547314056605737,0.05984964758747489,0.2597728588774418,4.962953500327817,0.9936946209602551,0.4439727772055022,-0.09663805630596696,0.5670103092783505,93,258,2.774193548387097,8.582665454579189,0.1757134157764627,1.8557719175384075,4.088089463490757,0.01584530799802619,,
S023624,static,12h_prior,none,long_short,2,one_share,logit_gap,0.2,none,includes_synthetic_short_yes,3,97,7.026,0.07243298969072165,0.2788648178036752,0.25974230188375896,4.9623697097832125,0.9960439822237035,1.205,-0.61,0.2268041237113402,28,36,1.2857142857142858,18.974,0.37029619479287446,3.057393850658858,7.386,0.20516666666666666,,
S034532,static,event_day_open,confirm_12h,long_short,2,quarter_kelly,roi,0.02,none,includes_synthetic_short_yes,5,97,0.44572611571494347,0.004595114594999417,0.01769138706329644,0.2597373839913719,4.962275753581083,0.9995739680316781,0.07120545401266781,-0.014056441804758398,0.14432989690721648,83,162,1.9518072289156627,1.0678748656908374,0.41739545524989113,4.408508709115171,2.0657261157149436,0.01275139577601817,,
S065881,matern,event_day_open,none,short_only,3,one_share,edge,0.01,none,includes_synthetic_short_yes,1,97,11.2155,0.11562371134020619,0.4451838748795256,0.2597212474766656,4.9619674659004875,0.9970425856437459,2.4069999999999983,-0.4034,0.36082474226804123,93,216,2.3225806451612905,144.7845,0.0774634025051024,1.9145058708414873,13.3755,0.06192361111111112,,
S065926,matern,event_day_open,none,short_only,3,one_share,roi,0.01,none,includes_synthetic_short_yes,2,97,11.2155,0.11562371134020619,0.4451838748795256,0.2597212474766656,4.9619674659004875,0.9970425856437459,2.4069999999999983,-0.4034,0.36082474226804123,93,216,2.3225806451612905,144.7845,0.0774634025051024,1.9145058708414873,13.3755,0.06192361111111112,,
S044804,matern,24h_prior,none,long_short,3,quarter_kelly,logit_gap,0.1,robust_0.10c,includes_synthetic_short_yes,5,97,1.2460350254336847,0.012845721911687471,0.049473071638508025,0.2596507854929475,4.960621291591729,0.9913489896584123,0.21882451147328186,-0.09394592388600007,0.4948453608247423,72,143,1.9861111111111112,8.024300319277788,0.15528270077830683,1.9679886434672071,2.6760350254336847,0.018713531646389402,,
S023609,static,12h_prior,none,long_short,2,one_share,roi,0.2,none,includes_synthetic_short_yes,3,97,7.135999999999999,0.07356701030927834,0.28369614603540816,0.25931621327029386,4.954229298252984,0.9965018847525864,1.205,-0.61,0.2268041237113402,28,36,1.2857142857142858,18.864,0.378286683630195,3.0896046852122985,7.4959999999999996,0.2082222222222222,,
S069531,matern,event_day_open,none,long_short,5,quarter_kelly,edge,0.02,robust_0.25c,includes_synthetic_short_yes,4,97,1.7425332143013736,0.017964259941251275,0.06927931251497192,0.25930193717452127,4.953956553826211,0.9967609606358057,0.36477392545116727,-0.07499407826254638,0.4020618556701031,93,406,4.365591397849462,13.367587645659214,0.13035509925137595,1.9077701722940317,5.802533214301374,0.01429195372980634,,
S041013,matern,24h_prior,none,short_only,1,quarter_kelly,logit_gap,0.06,robust_0.25c,includes_synthetic_short_yes,3,97,1.1165454227519758,0.01151077755414408,0.044391674012268574,0.25930037130302486,4.953926637893277,0.9862716620108212,0.283975413820152,-0.09939461722261685,0.6288659793814433,79,79,1.0,6.7615285228552455,0.16513210274538384,1.8875580613955811,1.9065454227519758,0.02413348636394906,,
S070072,matern,event_day_open,none,long_short,11,quarter_kelly,edge,0.03,none,includes_synthetic_short_yes,3,97,1.7815143371826132,0.01836612718744962,0.07084350641201588,0.2592492681070133,4.952950312704344,0.9969119541692384,0.4916562815852368,-0.07705798763458242,0.4020618556701031,93,472,5.075268817204301,15.96490302102839,0.11158942430380363,1.9283621334508991,6.501514337182613,0.013774394782166553,,
S070117,matern,event_day_open,none,long_short,11,quarter_kelly,roi,0.03,none,includes_synthetic_short_yes,4,97,1.7815143371826132,0.01836612718744962,0.07084350641201588,0.2592492681070133,4.952950312704344,0.9969119541692384,0.4916562815852368,-0.07705798763458242,0.4020618556701031,93,472,5.075268817204301,15.964903021028391,0.11158942430380361,1.9283621334508991,6.501514337182613,0.013774394782166553,,
S070162,matern,event_day_open,none,long_short,11,quarter_kelly,logit_gap,0.03,none,includes_synthetic_short_yes,4,97,1.7815143371826132,0.01836612718744962,0.07084350641201588,0.2592492681070133,4.952950312704344,0.9969119541692384,0.4916562815852368,-0.07705798763458242,0.4020618556701031,93,472,5.075268817204301,15.96490302102839,0.11158942430380363,1.9283621334508991,6.501514337182613,0.013774394782166553,,
S043692,matern,24h_prior,none,long_short,1,quarter_kelly,roi,0.2,robust_0.25c,includes_synthetic_short_yes,4,97,0.49487579051345304,0.0051018122733345675,0.019684475597218528,0.25917948629809917,4.951617133116968,0.9994450212205619,0.06279201961779324,-0.000758746660009282,0.09278350515463918,12,12,1.0,0.9232318945903452,0.5360254486583118,8.411681428018637,0.614875790513453,0.05123964920945442,,
S043737,matern,24h_prior,none,long_short,1,quarter_kelly,logit_gap,0.2,robust_0.25c,includes_synthetic_short_yes,4,97,0.49487579051345304,0.0051018122733345675,0.019684475597218528,0.25917948629809917,4.951617133116968,0.9994450212205619,0.06279201961779324,-0.000758746660009282,0.09278350515463918,12,12,1.0,0.9232318945903452,0.5360254486583118,8.411681428018637,0.614875790513453,0.05123964920945442,,
S069637,matern,event_day_open,none,long_short,5,quarter_kelly,logit_gap,0.08,none,includes_synthetic_short_yes,4,97,1.7051864630293998,0.017579241886901027,0.06783114872297084,0.259161789500225,4.951279036268306,0.996151700411743,0.43984166330482855,-0.08285830914171026,0.44329896907216493,92,299,3.25,12.009492895647659,0.1419865499606044,1.876088895437089,4.6951864630294,0.015702964759295654,,
S069534,matern,event_day_open,none,long_short,5,quarter_kelly,edge,0.03,robust_0.25c,includes_synthetic_short_yes,4,97,1.7336031332499386,0.017872197249999368,0.06896378072786542,0.25915338546365324,4.9511184773750445,0.9967348358825802,0.36210539251971974,-0.07602818646028489,0.41237113402061853,93,374,4.021505376344086,12.98566357107718,0.13350131271775537,1.9067424105095665,5.473603133249939,0.014635302495320692,,
S065858,matern,event_day_open,none,short_only,2,quarter_kelly,logit_gap,0.08,robust_0.10c,includes_synthetic_short_yes,4,97,1.4455497535714958,0.014902574779087586,0.057510653161308704,0.25912720443789977,4.950618289580343,0.9947520052116794,0.40879440279650314,-0.07809820161450903,0.4639175257731959,91,144,1.5824175824175823,10.880874424184492,0.13285235149470426,1.833312943683524,2.885549753571496,0.02003853995535761,,
S029481,static,event_day_open,none,long_short,5,quarter_kelly,edge,0.06,none,includes_synthetic_short_yes,3,97,1.7456701670766461,0.017996599660583982,0.06945206375931524,0.2591226046637123,4.950530411017882,0.9963641600901605,0.34870770529169137,-0.08096726814241598,0.44329896907216493,93,338,3.6344086021505375,12.595265947835529,0.1385973249240232,1.884198814797857,5.125670167076646,0.01516470463632144,,
S029480,static,event_day_open,none,long_short,5,quarter_kelly,edge,0.05,none,includes_synthetic_short_yes,3,97,1.7678870911976543,0.018225640115439735,0.07036319066655145,0.259022365853339,4.948615351234652,0.9964470072802483,0.3935562846318814,-0.08096726814241598,0.44329896907216493,93,357,3.838709677419355,13.00432295119016,0.13594610790835956,1.8963230976840155,5.337887091197654,0.014952064681225922,,
S028577,static,event_day_open,none,short_only,5,quarter_kelly,edge,0.02,none,includes_synthetic_short_yes,2,97,1.4792482151859352,0.015249981599855002,0.05893101435171625,0.25877683877692964,4.943924563026227,0.9961038949360247,0.43381046571870474,-0.07417515819540216,0.44329896907216493,93,213,2.2903225806451615,16.13499312644502,0.09167950699411632,1.9068150792804524,3.609248215185935,0.01694482730134242,,
S028592,static,event_day_open,none,short_only,5,quarter_kelly,roi,0.02,none,includes_synthetic_short_yes,3,97,1.4792482151859352,0.015249981599855002,0.05893101435171625,0.25877683877692964,4.943924563026227,0.9961038949360247,0.43381046571870474,-0.07417515819540216,0.44329896907216493,93,213,2.2903225806451615,16.13499312644502,0.09167950699411632,1.9068150792804524,3.609248215185935,0.01694482730134242,,
S028607,static,event_day_open,none,short_only,5,quarter_kelly,logit_gap,0.02,none,includes_synthetic_short_yes,3,97,1.4792482151859352,0.015249981599855002,0.05893101435171625,0.25877683877692964,4.943924563026227,0.9961038949360247,0.43381046571870474,-0.07417515819540216,0.44329896907216493,93,213,2.2903225806451615,16.134993126445018,0.09167950699411635,1.9068150792804524,3.609248215185935,0.01694482730134242,,
S028757,static,event_day_open,none,short_only,11,quarter_kelly,edge,0.02,none,includes_synthetic_short_yes,2,97,1.4792482151859352,0.015249981599855002,0.05893101435171625,0.25877683877692964,4.943924563026227,0.9961038949360247,0.43381046571870474,-0.07417515819540216,0.44329896907216493,93,213,2.2903225806451615,16.13499312644502,0.09167950699411632,1.9068150792804524,3.609248215185935,0.01694482730134242,,
S028772,static,event_day_open,none,short_only,11,quarter_kelly,roi,0.02,none,includes_synthetic_short_yes,3,97,1.4792482151859352,0.015249981599855002,0.05893101435171625,0.25877683877692964,4.943924563026227,0.9961038949360247,0.43381046571870474,-0.07417515819540216,0.44329896907216493,93,213,2.2903225806451615,16.13499312644502,0.09167950699411632,1.9068150792804524,3.609248215185935,0.01694482730134242,,
S028787,static,event_day_open,none,short_only,11,quarter_kelly,logit_gap,0.02,none,includes_synthetic_short_yes,3,97,1.4792482151859352,0.015249981599855002,0.05893101435171625,0.25877683877692964,4.943924563026227,0.9961038949360247,0.43381046571870474,-0.07417515819540216,0.44329896907216493,93,213,2.2903225806451615,16.134993126445018,0.09167950699411635,1.9068150792804524,3.609248215185935,0.01694482730134242,,
S063474,matern,event_day_open,none,long_only,3,edge_weighted,edge,0.08,robust_0.25c,observed_yes_long_only,3,97,6.345723302620976,0.06541982786207191,0.2528550052869252,0.25872467024268425,4.942927884578914,0.9998548158058741,0.7551510019010594,-0.1257501503663419,0.17525773195876287,67,109,1.626865671641791,4.947857490421025,1.2825194167184883,3.1559870369612,7.435723302620976,0.06821764497817409,,
S063519,matern,event_day_open,none,long_only,3,edge_weighted,roi,0.08,robust_0.25c,observed_yes_long_only,4,97,6.345723302620976,0.06541982786207191,0.2528550052869252,0.25872467024268425,4.942927884578914,0.9998548158058741,0.7551510019010594,-0.1257501503663419,0.17525773195876287,67,109,1.626865671641791,4.947857490421025,1.2825194167184883,3.1559870369612,7.435723302620976,0.06821764497817409,,
S063564,matern,event_day_open,none,long_only,3,edge_weighted,logit_gap,0.08,robust_0.25c,observed_yes_long_only,4,97,6.345723302620976,0.06541982786207191,0.2528550052869252,0.25872467024268425,4.942927884578914,0.9998548158058741,0.7551510019010594,-0.1257501503663419,0.17525773195876287,67,109,1.626865671641791,4.947857490421025,1.2825194167184883,3.1559870369612,7.435723302620976,0.06821764497817409,,
S064014,matern,event_day_open,none,long_only,5,edge_weighted,edge,0.08,robust_0.25c,observed_yes_long_only,3,97,6.345723302620976,0.06541982786207191,0.2528550052869252,0.25872467024268425,4.942927884578914,0.9998548158058741,0.7551510019010594,-0.1257501503663419,0.17525773195876287,67,109,1.626865671641791,4.947857490421025,1.2825194167184883,3.1559870369612,7.435723302620976,0.06821764497817409,,
S064059,matern,event_day_open,none,long_only,5,edge_weighted,roi,0.08,robust_0.25c,observed_yes_long_only,4,97,6.345723302620976,0.06541982786207191,0.2528550052869252,0.25872467024268425,4.942927884578914,0.9998548158058741,0.7551510019010594,-0.1257501503663419,0.17525773195876287,67,109,1.626865671641791,4.947857490421025,1.2825194167184883,3.1559870369612,7.435723302620976,0.06821764497817409,,
S064104,matern,event_day_open,none,long_only,5,edge_weighted,logit_gap,0.08,robust_0.25c,observed_yes_long_only,4,97,6.345723302620976,0.06541982786207191,0.2528550052869252,0.25872467024268425,4.942927884578914,0.9998548158058741,0.7551510019010594,-0.1257501503663419,0.17525773195876287,67,109,1.626865671641791,4.947857490421025,1.2825194167184883,3.1559870369612,7.435723302620976,0.06821764497817409,,
S064554,matern,event_day_open,none,long_only,11,edge_weighted,edge,0.08,robust_0.25c,observed_yes_long_only,3,97,6.345723302620976,0.06541982786207191,0.2528550052869252,0.25872467024268425,4.942927884578914,0.9998548158058741,0.7551510019010594,-0.1257501503663419,0.17525773195876287,67,109,1.626865671641791,4.947857490421025,1.2825194167184883,3.1559870369612,7.435723302620976,0.06821764497817409,,
S064599,matern,event_day_open,none,long_only,11,edge_weighted,roi,0.08,robust_0.25c,observed_yes_long_only,4,97,6.345723302620976,0.06541982786207191,0.2528550052869252,0.25872467024268425,4.942927884578914,0.9998548158058741,0.7551510019010594,-0.1257501503663419,0.17525773195876287,67,109,1.626865671641791,4.947857490421025,1.2825194167184883,3.1559870369612,7.435723302620976,0.06821764497817409,,
S064644,matern,event_day_open,none,long_only,11,edge_weighted,logit_gap,0.08,robust_0.25c,observed_yes_long_only,4,97,6.345723302620976,0.06541982786207191,0.2528550052869252,0.25872467024268425,4.942927884578914,0.9998548158058741,0.7551510019010594,-0.1257501503663419,0.17525773195876287,67,109,1.626865671641791,4.947857490421025,1.2825194167184883,3.1559870369612,7.435723302620976,0.06821764497817409,,
S065853,matern,event_day_open,none,short_only,2,quarter_kelly,logit_gap,0.06,robust_0.25c,includes_synthetic_short_yes,4,97,1.4751495735954558,0.015207727562839751,0.0587956865148929,0.25865379697518537,4.941573852704556,0.994122900384713,0.38831603664793013,-0.08396911181518561,0.4742268041237113,92,151,1.641304347826087,11.44808436242969,0.12885558202528627,1.844975831194673,2.985149573595456,0.019769202474142093,,
S024043,static,12h_prior,none,long_short,5,edge_weighted,edge,0.18,none,includes_synthetic_short_yes,3,97,6.2621461598132,0.06455820783312578,0.24964574575174778,0.2585992708937393,4.9405321333812156,0.9902193103489084,1.205,-0.602,0.27835051546391754,37,57,1.5405405405405406,20.30066617143991,0.3084699835428618,2.557595607446655,6.832146159813201,0.11986221333005616,,
S024058,static,12h_prior,none,long_short,5,edge_weighted,roi,0.18,none,includes_synthetic_short_yes,4,97,6.2621461598132,0.06455820783312578,0.24964574575174778,0.2585992708937393,4.9405321333812156,0.9902193103489084,1.205,-0.602,0.27835051546391754,37,57,1.5405405405405406,20.30066617143991,0.3084699835428618,2.557595607446655,6.832146159813201,0.11986221333005616,,
S024073,static,12h_prior,none,long_short,5,edge_weighted,logit_gap,0.18,none,includes_synthetic_short_yes,4,97,6.2621461598132,0.06455820783312578,0.24964574575174778,0.2585992708937393,4.9405321333812156,0.9902193103489084,1.205,-0.602,0.27835051546391754,37,57,1.5405405405405406,20.30066617143991,0.3084699835428618,2.557595607446655,6.832146159813201,0.11986221333005616,,
S024223,static,12h_prior,none,long_short,11,edge_weighted,edge,0.18,none,includes_synthetic_short_yes,3,97,6.2621461598132,0.06455820783312578,0.24964574575174778,0.2585992708937393,4.9405321333812156,0.9902193103489084,1.205,-0.602,0.27835051546391754,37,57,1.5405405405405406,20.30066617143991,0.3084699835428618,2.557595607446655,6.832146159813201,0.11986221333005616,,
S024238,static,12h_prior,none,long_short,11,edge_weighted,roi,0.18,none,includes_synthetic_short_yes,4,97,6.2621461598132,0.06455820783312578,0.24964574575174778,0.2585992708937393,4.9405321333812156,0.9902193103489084,1.205,-0.602,0.27835051546391754,37,57,1.5405405405405406,20.30066617143991,0.3084699835428618,2.557595607446655,6.832146159813201,0.11986221333005616,,
S024253,static,12h_prior,none,long_short,11,edge_weighted,logit_gap,0.18,none,includes_synthetic_short_yes,4,97,6.2621461598132,0.06455820783312578,0.24964574575174778,0.2585992708937393,4.9405321333812156,0.9902193103489084,1.205,-0.602,0.27835051546391754,37,57,1.5405405405405406,20.30066617143991,0.3084699835428618,2.557595607446655,6.832146159813201,0.11986221333005616,,
S069538,matern,event_day_open,none,long_short,5,quarter_kelly,edge,0.05,none,includes_synthetic_short_yes,3,97,1.7313474816332217,0.017848943109620843,0.06905909970974924,0.2584589602910949,4.93785150308159,0.9965752248068689,0.3910492381205257,-0.07602818646028489,0.422680412371134,93,365,3.924731182795699,12.984949948086712,0.13333493687346326,1.8967608846883426,5.381347481633222,0.014743417757899238,,
S029679,static,event_day_open,none,long_short,11,quarter_kelly,roi,0.09,none,includes_synthetic_short_yes,4,97,1.7189903933874624,0.017721550447293427,0.06857529198783123,0.25842471732294103,4.937197292093594,0.995948901901608,0.3719524055429346,-0.08812988795006522,0.44329896907216493,90,282,3.1333333333333333,11.536526071438884,0.1490041614557772,1.8939949505662679,4.538990393387462,0.016095710614849157,,
S029664,static,event_day_open,none,long_short,11,quarter_kelly,edge,0.09,none,includes_synthetic_short_yes,3,97,1.7189903933874622,0.017721550447293424,0.06857529198783123,0.258424717322941,4.937197292093593,0.995948901901608,0.3719524055429346,-0.08812988795006522,0.44329896907216493,90,282,3.1333333333333333,11.536526071438882,0.1490041614557772,1.8939949505662674,4.538990393387462,0.016095710614849157,,
S029694,static,event_day_open,none,long_short,11,quarter_kelly,logit_gap,0.09,none,includes_synthetic_short_yes,4,97,1.7189903933874622,0.017721550447293424,0.06857529198783123,0.258424717322941,4.937197292093593,0.995948901901608,0.3719524055429342,-0.08812988795006522,0.44329896907216493,90,282,3.1333333333333333,11.536526071438884,0.1490041614557772,1.8939949505662679,4.538990393387462,0.016095710614849157,,
S069539,matern,event_day_open,none,long_short,5,quarter_kelly,edge,0.05,robust_0.10c,includes_synthetic_short_yes,4,97,1.7215632374152403,0.01774807461252825,0.0687123837437014,0.2582951375799875,4.934721674580503,0.9964319551345207,0.42388831318670706,-0.07602818646028489,0.4329896907216495,93,339,3.6451612903225805,12.496165694298412,0.1377673183543599,1.8846155468559176,5.111563237415241,0.015078357632493336,,
S023564,static,12h_prior,none,long_short,1,quarter_kelly,roi,0.2,none,includes_synthetic_short_yes,3,97,0.7855671659941449,0.008098630577259226,0.03135479336800581,0.2582900318368229,4.934624129494307,0.9894317199771425,0.19982094730800048,-0.0728894148073502,0.20618556701030927,28,28,1.0,2.153442326767721,0.36479600880385193,3.1254464985202626,1.0655671659941448,0.0380559702140766,,
S066299,matern,event_day_open,none,short_only,3,quarter_kelly,edge,0.05,robust_0.10c,includes_synthetic_short_yes,3,97,1.4682112378480225,0.015136198328330129,0.05861800709726613,0.258217552555383,4.933239414766687,0.9959460857151846,0.3512320851494253,-0.06672522755666058,0.44329896907216493,93,168,1.8064516129032258,12.733799603213553,0.11530032540150065,1.8616111812604466,3.1482112378480225,0.01873935260623823,,
S066344,matern,event_day_open,none,short_only,3,quarter_kelly,roi,0.05,robust_0.10c,includes_synthetic_short_yes,4,97,1.4682112378480225,0.015136198328330129,0.05861800709726613,0.258217552555383,4.933239414766687,0.9959460857151846,0.3512320851494253,-0.06672522755666058,0.44329896907216493,93,168,1.8064516129032258,12.733799603213553,0.11530032540150065,1.8616111812604466,3.1482112378480225,0.01873935260623823,,
S066389,matern,event_day_open,none,short_only,3,quarter_kelly,logit_gap,0.05,robust_0.10c,includes_synthetic_short_yes,4,97,1.4682112378480225,0.015136198328330129,0.05861800709726613,0.258217552555383,4.933239414766687,0.9959460857151846,0.3512320851494253,-0.06672522755666058,0.44329896907216493,93,168,1.8064516129032258,12.733799603213553,0.11530032540150065,1.8616111812604466,3.1482112378480225,0.01873935260623823,,
S066839,matern,event_day_open,none,short_only,5,quarter_kelly,edge,0.05,robust_0.10c,includes_synthetic_short_yes,3,97,1.4682112378480225,0.015136198328330129,0.05861800709726613,0.258217552555383,4.933239414766687,0.9959460857151846,0.3512320851494253,-0.06672522755666058,0.44329896907216493,93,168,1.8064516129032258,12.733799603213553,0.11530032540150065,1.8616111812604466,3.1482112378480225,0.01873935260623823,,
S066884,matern,event_day_open,none,short_only,5,quarter_kelly,roi,0.05,robust_0.10c,includes_synthetic_short_yes,4,97,1.4682112378480225,0.015136198328330129,0.05861800709726613,0.258217552555383,4.933239414766687,0.9959460857151846,0.3512320851494253,-0.06672522755666058,0.44329896907216493,93,168,1.8064516129032258,12.733799603213553,0.11530032540150065,1.8616111812604466,3.1482112378480225,0.01873935260623823,,
S066929,matern,event_day_open,none,short_only,5,quarter_kelly,logit_gap,0.05,robust_0.10c,includes_synthetic_short_yes,4,97,1.4682112378480225,0.015136198328330129,0.05861800709726613,0.258217552555383,4.933239414766687,0.9959460857151846,0.3512320851494253,-0.06672522755666058,0.44329896907216493,93,168,1.8064516129032258,12.733799603213553,0.11530032540150065,1.8616111812604466,3.1482112378480225,0.01873935260623823,,
S067379,matern,event_day_open,none,short_only,11,quarter_kelly,edge,0.05,robust_0.10c,includes_synthetic_short_yes,3,97,1.4682112378480225,0.015136198328330129,0.05861800709726613,0.258217552555383,4.933239414766687,0.9959460857151846,0.3512320851494253,-0.06672522755666058,0.44329896907216493,93,168,1.8064516129032258,12.733799603213553,0.11530032540150065,1.8616111812604466,3.1482112378480225,0.01873935260623823,,
S067424,matern,event_day_open,none,short_only,11,quarter_kelly,roi,0.05,robust_0.10c,includes_synthetic_short_yes,4,97,1.4682112378480225,0.015136198328330129,0.05861800709726613,0.258217552555383,4.933239414766687,0.9959460857151846,0.3512320851494253,-0.06672522755666058,0.44329896907216493,93,168,1.8064516129032258,12.733799603213553,0.11530032540150065,1.8616111812604466,3.1482112378480225,0.01873935260623823,,
S067469,matern,event_day_open,none,short_only,11,quarter_kelly,logit_gap,0.05,robust_0.10c,includes_synthetic_short_yes,4,97,1.4682112378480225,0.015136198328330129,0.05861800709726613,0.258217552555383,4.933239414766687,0.9959460857151846,0.3512320851494253,-0.06672522755666058,0.44329896907216493,93,168,1.8064516129032258,12.733799603213553,0.11530032540150065,1.8616111812604466,3.1482112378480225,0.01873935260623823,,
S041022,matern,24h_prior,none,short_only,1,quarter_kelly,logit_gap,0.09,robust_0.25c,includes_synthetic_short_yes,3,97,1.108413002821221,0.011426938173414648,0.04427287862814603,0.25810244392263415,4.931040267425862,0.9862582694061299,0.31003539826206294,-0.09939461722261685,0.5773195876288659,73,73,1.0,6.2325312117309615,0.17784315315340093,1.9178863759837672,1.8384130028212209,0.025183739764674258,,
S067366,matern,event_day_open,none,short_only,11,quarter_kelly,edge,0.01,none,includes_synthetic_short_yes,2,97,1.4550533743586946,0.015000550251120563,0.058131451676082184,0.2580453406652572,4.929949311225497,0.996251357043425,0.4255783443223753,-0.06901907508959551,0.44329896907216493,93,231,2.4838709677419355,17.58079074851353,0.08276381848647625,1.9084478443383912,3.7650533743586947,0.016298932356531147,,
S067411,matern,event_day_open,none,short_only,11,quarter_kelly,roi,0.01,none,includes_synthetic_short_yes,3,97,1.4550533743586946,0.015000550251120563,0.058131451676082184,0.2580453406652572,4.929949311225497,0.996251357043425,0.4255783443223753,-0.06901907508959551,0.44329896907216493,93,231,2.4838709677419355,17.58079074851353,0.08276381848647625,1.9084478443383912,3.7650533743586947,0.016298932356531147,,
S067456,matern,event_day_open,none,short_only,11,quarter_kelly,logit_gap,0.01,none,includes_synthetic_short_yes,3,97,1.4550533743586946,0.015000550251120563,0.058131451676082184,0.2580453406652572,4.929949311225497,0.996251357043425,0.4255783443223753,-0.06901907508959551,0.44329896907216493,93,231,2.4838709677419355,17.58079074851353,0.08276381848647625,1.9084478443383914,3.7650533743586947,0.016298932356531147,,
S066826,matern,event_day_open,none,short_only,5,quarter_kelly,edge,0.01,none,includes_synthetic_short_yes,2,97,1.4545516645840895,0.014995377985402984,0.05813436727525782,0.2579434280999746,4.928002274399624,0.9962394868856401,0.42608005409698047,-0.06901907508959551,0.44329896907216493,93,230,2.4731182795698925,17.350197659328725,0.08383487572558097,1.907850234255526,3.7545516645840897,0.01632413767210474,,
S066871,matern,event_day_open,none,short_only,5,quarter_kelly,roi,0.01,none,includes_synthetic_short_yes,3,97,1.4545516645840895,0.014995377985402984,0.05813436727525782,0.2579434280999746,4.928002274399624,0.9962394868856401,0.42608005409698047,-0.06901907508959551,0.44329896907216493,93,230,2.4731182795698925,17.350197659328725,0.08383487572558097,1.907850234255526,3.7545516645840897,0.01632413767210474,,
S023908,static,12h_prior,none,long_short,3,quarter_kelly,edge,0.18,none,includes_synthetic_short_yes,3,97,1.13736556965301,0.011725418243845464,0.04548813937127855,0.2577686932442208,4.92466396966779,0.9947357496957523,0.19982094730800048,-0.09157094566739055,0.27835051546391754,37,56,1.5135135135135136,4.207150633017358,0.2703410618880775,2.5611099281263603,1.69736556965301,0.030310099458089466,,
S051877,matern,12h_prior,none,long_short,2,one_share,edge,0.18,none,includes_synthetic_short_yes,2,97,8.5975,0.0886340206185567,0.3439583877104534,0.25768820818281496,4.92312630472868,0.9951375415445113,1.205,-0.6329999999999999,0.30927835051546393,40,50,1.25,27.402499999999996,0.31374874555241317,2.4810508182601207,9.0975,0.18195,,
S051338,matern,12h_prior,none,long_short,1,one_share,edge,0.18,robust_0.10c,includes_synthetic_short_yes,2,97,6.380000000000001,0.06577319587628867,0.2553208155583644,0.25761000227282066,4.921632182916148,0.9888702228667544,1.205,-0.606,0.27835051546391754,35,35,1.0,20.619999999999997,0.30940834141610096,2.5190476190476185,6.73,0.1922857142857143,,
S051473,matern,12h_prior,none,long_short,1,equal_budget,edge,0.18,robust_0.10c,includes_synthetic_short_yes,2,97,6.380000000000001,0.06577319587628867,0.2553208155583644,0.25761000227282066,4.921632182916148,0.9888702228667544,1.205,-0.606,0.27835051546391754,35,35,1.0,20.619999999999997,0.30940834141610096,2.5190476190476185,6.73,0.1922857142857143,,
S051608,matern,12h_prior,none,long_short,1,edge_weighted,edge,0.18,robust_0.10c,includes_synthetic_short_yes,3,97,6.380000000000001,0.06577319587628867,0.2553208155583644,0.25761000227282066,4.921632182916148,0.9888702228667544,1.205,-0.606,0.27835051546391754,35,35,1.0,20.619999999999997,0.30940834141610096,2.5190476190476185,6.73,0.1922857142857143,,
S023863,static,12h_prior,none,long_short,3,edge_weighted,edge,0.18,none,includes_synthetic_short_yes,3,97,6.240874925901805,0.06433891676187428,0.24979703666915462,0.2575647718635205,4.920768057159795,0.9900176918733824,1.205,-0.602,0.27835051546391754,37,56,1.5135135135135136,20.404431240864213,0.305858803523184,2.5441350095321944,6.800874925901805,0.12144419510538938,,
S024088,static,12h_prior,none,long_short,5,quarter_kelly,edge,0.18,none,includes_synthetic_short_yes,3,97,1.1365587922848261,0.011717100951389961,0.04550762865318174,0.25747553318339605,4.919063154569886,0.9946766937909131,0.19982094730800048,-0.09173230114102732,0.27835051546391754,37,57,1.5405405405405406,4.207957410385542,0.2700975037151558,2.55827700569824,1.7065587922848262,0.029939627934821512,,
S024103,static,12h_prior,none,long_short,5,quarter_kelly,roi,0.18,none,includes_synthetic_short_yes,4,97,1.1365587922848261,0.011717100951389961,0.04550762865318174,0.25747553318339605,4.919063154569886,0.9946766937909131,0.19982094730800048,-0.09173230114102732,0.27835051546391754,37,57,1.5405405405405406,4.207957410385542,0.2700975037151558,2.55827700569824,1.7065587922848262,0.029939627934821512,,
S024118,static,12h_prior,none,long_short,5,quarter_kelly,logit_gap,0.18,none,includes_synthetic_short_yes,4,97,1.1365587922848261,0.011717100951389961,0.045507628653181746,0.25747553318339605,4.919063154569886,0.9946766937909131,0.19982094730800048,-0.09173230114102732,0.27835051546391754,37,57,1.5405405405405406,4.207957410385542,0.2700975037151558,2.55827700569824,1.7065587922848262,0.029939627934821512,,
S024268,static,12h_prior,none,long_short,11,quarter_kelly,edge,0.18,none,includes_synthetic_short_yes,3,97,1.1365587922848261,0.011717100951389961,0.04550762865318174,0.25747553318339605,4.919063154569886,0.9946766937909131,0.19982094730800048,-0.09173230114102732,0.27835051546391754,37,57,1.5405405405405406,4.207957410385542,0.2700975037151558,2.55827700569824,1.7065587922848262,0.029939627934821512,,
S024283,static,12h_prior,none,long_short,11,quarter_kelly,roi,0.18,none,includes_synthetic_short_yes,4,97,1.1365587922848261,0.011717100951389961,0.04550762865318174,0.25747553318339605,4.919063154569886,0.9946766937909131,0.19982094730800048,-0.09173230114102732,0.27835051546391754,37,57,1.5405405405405406,4.207957410385542,0.2700975037151558,2.55827700569824,1.7065587922848262,0.029939627934821512,,
S024298,static,12h_prior,none,long_short,11,quarter_kelly,logit_gap,0.18,none,includes_synthetic_short_yes,4,97,1.1365587922848261,0.011717100951389961,0.045507628653181746,0.25747553318339605,4.919063154569886,0.9946766937909131,0.19982094730800048,-0.09173230114102732,0.27835051546391754,37,57,1.5405405405405406,4.207957410385542,0.2700975037151558,2.55827700569824,1.7065587922848262,0.029939627934821512,,
S069091,matern,event_day_open,none,long_short,3,quarter_kelly,logit_gap,0.06,none,includes_synthetic_short_yes,4,97,1.483912374563238,0.015298065717146784,0.059445371543491936,0.25734662463930064,4.916600360292974,0.9940185459915982,0.43300305543236717,-0.08757209577050822,0.5463917525773195,93,262,2.817204301075269,8.94231469592773,0.16594275923201426,1.8493339771490955,4.103912374563238,0.015663787689172665,,
S052282,matern,12h_prior,none,long_short,2,quarter_kelly,edge,0.18,none,includes_synthetic_short_yes,3,97,1.1040597303947481,0.011382059076234517,0.044229544872280285,0.2573406330339141,4.916485890832791,0.9921624777177417,0.19185260815984473,-0.09103203085485538,0.30927835051546393,40,50,1.25,3.9880958700156954,0.2768388139050436,2.3803693786392923,1.6040597303947481,0.032081194607894964,,
S063336,matern,event_day_open,none,long_only,3,equal_budget,edge,0.07,robust_0.25c,observed_yes_long_only,2,97,6.418500000000001,0.06617010309278351,0.25736888205878417,0.2571021895244895,4.91193043398159,0.9997840648745667,0.7375833333333337,-0.14606666666666668,0.17525773195876287,71,117,1.647887323943662,5.248166666666667,1.2229985074152878,3.008239251166793,7.588500000000001,0.06485897435897436,,
S063381,matern,event_day_open,none,long_only,3,equal_budget,roi,0.07,robust_0.25c,observed_yes_long_only,3,97,6.418500000000001,0.06617010309278351,0.25736888205878417,0.2571021895244895,4.91193043398159,0.9997840648745667,0.7375833333333337,-0.14606666666666668,0.17525773195876287,71,117,1.647887323943662,5.248166666666667,1.2229985074152878,3.008239251166793,7.588500000000001,0.06485897435897436,,
S063426,matern,event_day_open,none,long_only,3,equal_budget,logit_gap,0.07,robust_0.25c,observed_yes_long_only,3,97,6.418500000000001,0.06617010309278351,0.25736888205878417,0.2571021895244895,4.91193043398159,0.9997840648745667,0.7375833333333337,-0.14606666666666668,0.17525773195876287,71,117,1.647887323943662,5.248166666666667,1.2229985074152878,3.008239251166793,7.588500000000001,0.06485897435897436,,
S063876,matern,event_day_open,none,long_only,5,equal_budget,edge,0.07,robust_0.25c,observed_yes_long_only,2,97,6.418500000000001,0.06617010309278351,0.25736888205878417,0.2571021895244895,4.91193043398159,0.9997840648745667,0.7375833333333337,-0.14606666666666668,0.17525773195876287,71,117,1.647887323943662,5.248166666666667,1.2229985074152878,3.008239251166793,7.588500000000001,0.06485897435897436,,
S063921,matern,event_day_open,none,long_only,5,equal_budget,roi,0.07,robust_0.25c,observed_yes_long_only,3,97,6.418500000000001,0.06617010309278351,0.25736888205878417,0.2571021895244895,4.91193043398159,0.9997840648745667,0.7375833333333337,-0.14606666666666668,0.17525773195876287,71,117,1.647887323943662,5.248166666666667,1.2229985074152878,3.008239251166793,7.588500000000001,0.06485897435897436,,
S063966,matern,event_day_open,none,long_only,5,equal_budget,logit_gap,0.07,robust_0.25c,observed_yes_long_only,3,97,6.418500000000001,0.06617010309278351,0.25736888205878417,0.2571021895244895,4.91193043398159,0.9997840648745667,0.7375833333333337,-0.14606666666666668,0.17525773195876287,71,117,1.647887323943662,5.248166666666667,1.2229985074152878,3.008239251166793,7.588500000000001,0.06485897435897436,,
S064416,matern,event_day_open,none,long_only,11,equal_budget,edge,0.07,robust_0.25c,observed_yes_long_only,2,97,6.418500000000001,0.06617010309278351,0.25736888205878417,0.2571021895244895,4.91193043398159,0.9997840648745667,0.7375833333333337,-0.14606666666666668,0.17525773195876287,71,117,1.647887323943662,5.248166666666667,1.2229985074152878,3.008239251166793,7.588500000000001,0.06485897435897436,,
S064461,matern,event_day_open,none,long_only,11,equal_budget,roi,0.07,robust_0.25c,observed_yes_long_only,3,97,6.418500000000001,0.06617010309278351,0.25736888205878417,0.2571021895244895,4.91193043398159,0.9997840648745667,0.7375833333333337,-0.14606666666666668,0.17525773195876287,71,117,1.647887323943662,5.248166666666667,1.2229985074152878,3.008239251166793,7.588500000000001,0.06485897435897436,,
S064506,matern,event_day_open,none,long_only,11,equal_budget,logit_gap,0.07,robust_0.25c,observed_yes_long_only,3,97,6.418500000000001,0.06617010309278351,0.25736888205878417,0.2571021895244895,4.91193043398159,0.9997840648745667,0.7375833333333337,-0.14606666666666668,0.17525773195876287,71,117,1.647887323943662,5.248166666666667,1.2229985074152878,3.008239251166793,7.588500000000001,0.06485897435897436,,
S063201,matern,event_day_open,none,long_only,3,one_share,edge,0.07,robust_0.25c,observed_yes_long_only,2,97,8.6425,0.0890979381443299,0.346714629888959,0.25697772883960784,4.909552615935641,0.9992366560899313,1.1840000000000002,-0.24689999999999998,0.17525773195876287,71,117,1.647887323943662,8.3575,1.034101106790308,2.6474456728936326,9.8125,0.08386752136752136,,
S063246,matern,event_day_open,none,long_only,3,one_share,roi,0.07,robust_0.25c,observed_yes_long_only,3,97,8.6425,0.0890979381443299,0.346714629888959,0.25697772883960784,4.909552615935641,0.9992366560899313,1.1840000000000002,-0.24689999999999998,0.17525773195876287,71,117,1.647887323943662,8.3575,1.034101106790308,2.6474456728936326,9.8125,0.08386752136752136,,
S063291,matern,event_day_open,none,long_only,3,one_share,logit_gap,0.07,robust_0.25c,observed_yes_long_only,3,97,8.6425,0.0890979381443299,0.346714629888959,0.25697772883960784,4.909552615935641,0.9992366560899313,1.1840000000000002,-0.24689999999999998,0.17525773195876287,71,117,1.647887323943662,8.3575,1.034101106790308,2.6474456728936326,9.8125,0.08386752136752136,,
S063741,matern,event_day_open,none,long_only,5,one_share,edge,0.07,robust_0.25c,observed_yes_long_only,2,97,8.6425,0.0890979381443299,0.346714629888959,0.25697772883960784,4.909552615935641,0.9992366560899313,1.1840000000000002,-0.24689999999999998,0.17525773195876287,71,117,1.647887323943662,8.3575,1.034101106790308,2.6474456728936326,9.8125,0.08386752136752136,,
S063786,matern,event_day_open,none,long_only,5,one_share,roi,0.07,robust_0.25c,observed_yes_long_only,3,97,8.6425,0.0890979381443299,0.346714629888959,0.25697772883960784,4.909552615935641,0.9992366560899313,1.1840000000000002,-0.24689999999999998,0.17525773195876287,71,117,1.647887323943662,8.3575,1.034101106790308,2.6474456728936326,9.8125,0.08386752136752136,,
S063831,matern,event_day_open,none,long_only,5,one_share,logit_gap,0.07,robust_0.25c,observed_yes_long_only,3,97,8.6425,0.0890979381443299,0.346714629888959,0.25697772883960784,4.909552615935641,0.9992366560899313,1.1840000000000002,-0.24689999999999998,0.17525773195876287,71,117,1.647887323943662,8.3575,1.034101106790308,2.6474456728936326,9.8125,0.08386752136752136,,
S064281,matern,event_day_open,none,long_only,11,one_share,edge,0.07,robust_0.25c,observed_yes_long_only,2,97,8.6425,0.0890979381443299,0.346714629888959,0.25697772883960784,4.909552615935641,0.9992366560899313,1.1840000000000002,-0.24689999999999998,0.17525773195876287,71,117,1.647887323943662,8.3575,1.034101106790308,2.6474456728936326,9.8125,0.08386752136752136,,
S064326,matern,event_day_open,none,long_only,11,one_share,roi,0.07,robust_0.25c,observed_yes_long_only,3,97,8.6425,0.0890979381443299,0.346714629888959,0.25697772883960784,4.909552615935641,0.9992366560899313,1.1840000000000002,-0.24689999999999998,0.17525773195876287,71,117,1.647887323943662,8.3575,1.034101106790308,2.6474456728936326,9.8125,0.08386752136752136,,
S064371,matern,event_day_open,none,long_only,11,one_share,logit_gap,0.07,robust_0.25c,observed_yes_long_only,3,97,8.6425,0.0890979381443299,0.346714629888959,0.25697772883960784,4.909552615935641,0.9992366560899313,1.1840000000000002,-0.24689999999999998,0.17525773195876287,71,117,1.647887323943662,8.3575,1.034101106790308,2.6474456728936326,9.8125,0.08386752136752136,,
S029484,static,event_day_open,none,long_short,5,quarter_kelly,edge,0.09,none,includes_synthetic_short_yes,3,97,1.6973324248148633,0.017498272420771788,0.06813839929156153,0.25680486484423226,4.906250053941147,0.9956622803136099,0.3719524055429346,-0.08812988795006522,0.44329896907216493,90,278,3.088888888888889,11.343242448919005,0.14963379584438105,1.8829905689823314,4.477332424814864,0.01610551231947793,,
S023654,static,12h_prior,none,long_short,2,equal_budget,roi,0.2,none,includes_synthetic_short_yes,3,97,5.547999999999999,0.05719587628865978,0.2227775049271534,0.25673990875947017,4.905009069684243,0.9911595911054949,1.2049999999999996,-0.545,0.2268041237113402,28,36,1.2857142857142858,15.452000000000002,0.35904737250841307,2.90816852966466,5.9079999999999995,0.1641111111111111,,
S044230,matern,24h_prior,none,long_short,2,quarter_kelly,roi,0.2,none,includes_synthetic_short_yes,4,97,0.6794238452985525,0.007004369539160335,0.02728611684930526,0.25670085552458066,4.9042629586793005,0.9938746280375482,0.09565543813729976,-0.0024580811363754786,0.14432989690721648,18,22,1.2222222222222223,1.7742194548495644,0.382942393874359,4.330170570975789,0.8994238452985525,0.04088290205902511,,
S044275,matern,24h_prior,none,long_short,2,quarter_kelly,logit_gap,0.2,none,includes_synthetic_short_yes,4,97,0.6794238452985525,0.007004369539160335,0.02728611684930526,0.25670085552458066,4.9042629586793005,0.9938746280375482,0.09565543813729976,-0.0024580811363754786,0.14432989690721648,18,22,1.2222222222222223,1.7742194548495644,0.382942393874359,4.330170570975789,0.8994238452985525,0.04088290205902511,,
S028252,static,event_day_open,none,short_only,2,quarter_kelly,logit_gap,0.07,none,includes_synthetic_short_yes,3,97,1.4701790825438221,0.015156485387049713,0.059066473923076755,0.2566004770623053,4.902345230850228,0.993755967498211,0.3386654223314389,-0.08571952822107316,0.4742268041237113,93,151,1.6236559139784945,11.724093946616234,0.12539809807376542,1.8313891899692398,2.980179082543822,0.01973628531485975,,
S028402,static,event_day_open,none,short_only,3,quarter_kelly,edge,0.07,none,includes_synthetic_short_yes,2,97,1.4595481221732027,0.015046887857455699,0.058652239815201686,0.25654413036679624,4.901268728744053,0.9954286972285741,0.3167904612079018,-0.07082778178542079,0.4536082474226804,93,160,1.7204301075268817,12.381568828228398,0.11788070982132888,1.8488571718095925,3.0595481221732026,0.019122175763582515,,
S028417,static,event_day_open,none,short_only,3,quarter_kelly,roi,0.07,none,includes_synthetic_short_yes,3,97,1.4595481221732027,0.015046887857455699,0.058652239815201686,0.25654413036679624,4.901268728744053,0.9954286972285741,0.3167904612079018,-0.07082778178542079,0.4536082474226804,93,160,1.7204301075268817,12.381568828228398,0.11788070982132888,1.8488571718095925,3.0595481221732026,0.019122175763582515,,
S028432,static,event_day_open,none,short_only,3,quarter_kelly,logit_gap,0.07,none,includes_synthetic_short_yes,3,97,1.4595481221732027,0.015046887857455699,0.058652239815201686,0.25654413036679624,4.901268728744053,0.9954286972285741,0.3167904612079018,-0.07082778178542079,0.4536082474226804,93,160,1.7204301075268817,12.381568828228398,0.11788070982132888,1.8488571718095925,3.0595481221732026,0.019122175763582515,,
S028582,static,event_day_open,none,short_only,5,quarter_kelly,edge,0.07,none,includes_synthetic_short_yes,2,97,1.4595481221732027,0.015046887857455699,0.058652239815201686,0.25654413036679624,4.901268728744053,0.9954286972285741,0.3167904612079018,-0.07082778178542079,0.4536082474226804,93,160,1.7204301075268817,12.381568828228398,0.11788070982132888,1.8488571718095925,3.0595481221732026,0.019122175763582515,,
S028597,static,event_day_open,none,short_only,5,quarter_kelly,roi,0.07,none,includes_synthetic_short_yes,3,97,1.4595481221732027,0.015046887857455699,0.058652239815201686,0.25654413036679624,4.901268728744053,0.9954286972285741,0.3167904612079018,-0.07082778178542079,0.4536082474226804,93,160,1.7204301075268817,12.381568828228398,0.11788070982132888,1.8488571718095925,3.0595481221732026,0.019122175763582515,,
S028612,static,event_day_open,none,short_only,5,quarter_kelly,logit_gap,0.07,none,includes_synthetic_short_yes,3,97,1.4595481221732027,0.015046887857455699,0.058652239815201686,0.25654413036679624,4.901268728744053,0.9954286972285741,0.3167904612079018,-0.07082778178542079,0.4536082474226804,93,160,1.7204301075268817,12.381568828228398,0.11788070982132888,1.8488571718095925,3.0595481221732026,0.019122175763582515,,
S028762,static,event_day_open,none,short_only,11,quarter_kelly,edge,0.07,none,includes_synthetic_short_yes,2,97,1.4595481221732027,0.015046887857455699,0.058652239815201686,0.25654413036679624,4.901268728744053,0.9954286972285741,0.3167904612079018,-0.07082778178542079,0.4536082474226804,93,160,1.7204301075268817,12.381568828228398,0.11788070982132888,1.8488571718095925,3.0595481221732026,0.019122175763582515,,
S028777,static,event_day_open,none,short_only,11,quarter_kelly,roi,0.07,none,includes_synthetic_short_yes,3,97,1.4595481221732027,0.015046887857455699,0.058652239815201686,0.25654413036679624,4.901268728744053,0.9954286972285741,0.3167904612079018,-0.07082778178542079,0.4536082474226804,93,160,1.7204301075268817,12.381568828228398,0.11788070982132888,1.8488571718095925,3.0595481221732026,0.019122175763582515,,
S028792,static,event_day_open,none,short_only,11,quarter_kelly,logit_gap,0.07,none,includes_synthetic_short_yes,3,97,1.4595481221732027,0.015046887857455699,0.058652239815201686,0.25654413036679624,4.901268728744053,0.9954286972285741,0.3167904612079018,-0.07082778178542079,0.4536082474226804,93,160,1.7204301075268817,12.381568828228398,0.11788070982132888,1.8488571718095925,3.0595481221732026,0.019122175763582515,,
S041544,matern,24h_prior,none,short_only,2,quarter_kelly,logit_gap,0.03,robust_0.25c,includes_synthetic_short_yes,4,97,1.1444441883717644,0.011798393694554273,0.04600811719300408,0.25644156758382447,4.899309269526671,0.9938448157841531,0.30684470494623417,-0.07223757748953406,0.5051546391752577,82,149,1.8170731707317074,12.952842182829176,0.08835467708306421,1.898121877116991,2.6344441883717646,0.01768083347900513,,
S066916,matern,event_day_open,none,short_only,5,quarter_kelly,logit_gap,0.01,none,includes_synthetic_short_yes,3,97,1.4469732831438065,0.014917250341688726,0.05818381506575686,0.25638144086684395,4.898160550211685,0.9960510619669886,0.43365843553726346,-0.06901907508959551,0.44329896907216493,93,230,2.4731182795698925,17.57361407266581,0.08233783199976176,1.8988685780584889,3.7469732831438067,0.016291188187581768,,
S062979,matern,event_day_open,none,long_only,2,edge_weighted,roi,0.08,robust_0.25c,observed_yes_long_only,4,97,6.391984711324278,0.06589674960128121,0.2571224017313566,0.25628552455001813,4.896328071551726,0.9998192706240776,0.7265903181131956,-0.12270715202788285,0.16494845360824742,67,105,1.5671641791044777,4.849228356682678,1.3181447111096636,3.1571800975694364,7.441984711324277,0.07087604486975502,,
S063024,matern,event_day_open,none,long_only,2,edge_weighted,logit_gap,0.08,robust_0.25c,observed_yes_long_only,4,97,6.391984711324278,0.06589674960128121,0.2571224017313566,0.25628552455001813,4.896328071551726,0.9998192706240776,0.7265903181131956,-0.12270715202788285,0.16494845360824742,67,105,1.5671641791044777,4.849228356682678,1.3181447111096636,3.1571800975694364,7.441984711324277,0.07087604486975502,,
S023653,static,12h_prior,none,long_short,2,equal_budget,roi,0.18,none,includes_synthetic_short_yes,3,97,6.270499999999999,0.06464432989690722,0.25226647574583383,0.2562541443756417,4.895728554162052,0.9901618126157868,1.205,-0.602,0.28865979381443296,37,50,1.3513513513513513,19.2295,0.3260875217764372,2.5456954458618344,6.770499999999999,0.13540999999999997,,
S069537,matern,event_day_open,none,long_short,5,quarter_kelly,edge,0.04,robust_0.25c,includes_synthetic_short_yes,4,97,1.6997596754229718,0.017523295622917236,0.06838738822047404,0.25623577795402713,4.895377664169794,0.9961991409511237,0.43289379710690157,-0.07876830771591112,0.4329896907216495,93,339,3.6451612903225805,12.395214703564617,0.13713031327598987,1.8795365856595696,5.089759675422972,0.015014040340480742,,
S066511,matern,event_day_open,none,short_only,5,one_share,logit_gap,0.01,none,includes_synthetic_short_yes,2,97,10.943,0.11281443298969072,0.44030181599048496,0.25622068520409796,4.895089317587266,0.9968716694590181,2.673499999999997,-0.3919,0.35051546391752575,93,230,2.4731182795698925,158.05700000000002,0.06923451666171064,1.9158471774699752,13.243,0.05757826086956522,,
S029157,static,event_day_open,none,long_short,2,quarter_kelly,logit_gap,0.15,none,includes_synthetic_short_yes,4,97,1.3650524197470395,0.014072705358216902,0.054984281004594814,0.25594051792804023,4.889736729293799,0.9930231739216335,0.22561595263865186,-0.09491810413017043,0.44329896907216493,71,117,1.647887323943662,5.585980847917547,0.24437112423253848,1.9851722158552088,2.535052419747039,0.021667114698692643,,
S066303,matern,event_day_open,none,short_only,3,quarter_kelly,edge,0.06,robust_0.25c,includes_synthetic_short_yes,3,97,1.4340041798602627,0.01478354824598209,0.057770612285547175,0.25590084060231744,4.888978695050227,0.9952229271262514,0.4102175969787285,-0.07122832605101749,0.4536082474226804,92,158,1.7173913043478262,11.992063458746424,0.11957943558198654,1.8437427970453324,3.0140041798602626,0.019075975821900397,,
S066348,matern,event_day_open,none,short_only,3,quarter_kelly,roi,0.06,robust_0.25c,includes_synthetic_short_yes,4,97,1.4340041798602627,0.01478354824598209,0.057770612285547175,0.25590084060231744,4.888978695050227,0.9952229271262514,0.4102175969787285,-0.07122832605101749,0.4536082474226804,92,158,1.7173913043478262,11.992063458746424,0.11957943558198654,1.8437427970453324,3.0140041798602626,0.019075975821900397,,
S066393,matern,event_day_open,none,short_only,3,quarter_kelly,logit_gap,0.06,robust_0.25c,includes_synthetic_short_yes,4,97,1.4340041798602627,0.01478354824598209,0.057770612285547175,0.25590084060231744,4.888978695050227,0.9952229271262514,0.4102175969787285,-0.07122832605101749,0.4536082474226804,92,158,1.7173913043478262,11.992063458746424,0.11957943558198654,1.8437427970453324,3.0140041798602626,0.019075975821900397,,
S066843,matern,event_day_open,none,short_only,5,quarter_kelly,edge,0.06,robust_0.25c,includes_synthetic_short_yes,3,97,1.4340041798602627,0.01478354824598209,0.057770612285547175,0.25590084060231744,4.888978695050227,0.9952229271262514,0.4102175969787285,-0.07122832605101749,0.4536082474226804,92,158,1.7173913043478262,11.992063458746424,0.11957943558198654,1.8437427970453324,3.0140041798602626,0.019075975821900397,,
S066888,matern,event_day_open,none,short_only,5,quarter_kelly,roi,0.06,robust_0.25c,includes_synthetic_short_yes,4,97,1.4340041798602627,0.01478354824598209,0.057770612285547175,0.25590084060231744,4.888978695050227,0.9952229271262514,0.4102175969787285,-0.07122832605101749,0.4536082474226804,92,158,1.7173913043478262,11.992063458746424,0.11957943558198654,1.8437427970453324,3.0140041798602626,0.019075975821900397,,
S066933,matern,event_day_open,none,short_only,5,quarter_kelly,logit_gap,0.06,robust_0.25c,includes_synthetic_short_yes,4,97,1.4340041798602627,0.01478354824598209,0.057770612285547175,0.25590084060231744,4.888978695050227,0.9952229271262514,0.4102175969787285,-0.07122832605101749,0.4536082474226804,92,158,1.7173913043478262,11.992063458746424,0.11957943558198654,1.8437427970453324,3.0140041798602626,0.019075975821900397,,
S067383,matern,event_day_open,none,short_only,11,quarter_kelly,edge,0.06,robust_0.25c,includes_synthetic_short_yes,3,97,1.4340041798602627,0.01478354824598209,0.057770612285547175,0.25590084060231744,4.888978695050227,0.9952229271262514,0.4102175969787285,-0.07122832605101749,0.4536082474226804,92,158,1.7173913043478262,11.992063458746424,0.11957943558198654,1.8437427970453324,3.0140041798602626,0.019075975821900397,,
S067428,matern,event_day_open,none,short_only,11,quarter_kelly,roi,0.06,robust_0.25c,includes_synthetic_short_yes,4,97,1.4340041798602627,0.01478354824598209,0.057770612285547175,0.25590084060231744,4.888978695050227,0.9952229271262514,0.4102175969787285,-0.07122832605101749,0.4536082474226804,92,158,1.7173913043478262,11.992063458746424,0.11957943558198654,1.8437427970453324,3.0140041798602626,0.019075975821900397,,
S067473,matern,event_day_open,none,short_only,11,quarter_kelly,logit_gap,0.06,robust_0.25c,includes_synthetic_short_yes,4,97,1.4340041798602627,0.01478354824598209,0.057770612285547175,0.25590084060231744,4.888978695050227,0.9952229271262514,0.4102175969787285,-0.07122832605101749,0.4536082474226804,92,158,1.7173913043478262,11.992063458746424,0.11957943558198654,1.8437427970453324,3.0140041798602626,0.019075975821900397,,
S023669,static,12h_prior,none,long_short,2,equal_budget,logit_gap,0.2,none,includes_synthetic_short_yes,3,97,5.492999999999999,0.05662886597938144,0.2213000829420516,0.25589175216988036,4.888805060792318,0.990681022526966,1.2049999999999996,-0.545,0.2268041237113402,28,36,1.2857142857142858,15.507000000000001,0.35422712323466815,2.889251934651762,5.853,0.16258333333333333,,
S062841,matern,event_day_open,none,long_only,2,equal_budget,roi,0.07,robust_0.25c,observed_yes_long_only,3,97,6.43025,0.06629123711340207,0.2591023785159455,0.2558495892361035,4.887999539073552,0.999762917274084,0.7380000000000004,-0.14265,0.16494845360824742,71,111,1.5633802816901408,5.06975,1.2683564278317472,3.041673281473249,7.54025,0.06793018018018018,,
S062886,matern,event_day_open,none,long_only,2,equal_budget,logit_gap,0.07,robust_0.25c,observed_yes_long_only,3,97,6.43025,0.06629123711340207,0.2591023785159455,0.2558495892361035,4.887999539073552,0.999762917274084,0.7380000000000004,-0.14265,0.16494845360824742,71,111,1.5633802816901408,5.06975,1.2683564278317472,3.041673281473249,7.54025,0.06793018018018018,,
S029482,static,event_day_open,none,long_short,5,quarter_kelly,edge,0.07,none,includes_synthetic_short_yes,3,97,1.7065550545995012,0.017593351078345372,0.06879234027870038,0.25574578517126945,4.886016365199488,0.9959159519775249,0.3620854534975666,-0.08096726814241598,0.4536082474226804,93,316,3.3978494623655915,12.276148955671331,0.1390138764820956,1.8688597270264788,4.866555054599502,0.015400490679112347,,
S051744,matern,12h_prior,none,long_short,1,quarter_kelly,edge,0.18,robust_0.25c,includes_synthetic_short_yes,3,97,0.8867421072406848,0.009141671208666853,0.03576598808367941,0.2555967749941276,4.883169529762459,0.98919619710659,0.19185260815984473,-0.08629669103131384,0.25773195876288657,33,33,1.0,2.8699554968294305,0.30897416640094555,2.58340576019671,1.2167421072406848,0.03687097294668742,,
S029663,static,event_day_open,none,long_short,11,quarter_kelly,edge,0.08,none,includes_synthetic_short_yes,3,97,1.6967370842826897,0.017492134889512265,0.06844285754399727,0.2555728313691134,4.882712087448862,0.9958368053567911,0.3704986468155993,-0.08305709091967403,0.4536082474226804,93,304,3.2688172043010755,12.384474382374714,0.13700517534255996,1.8681095078949392,4.73673708428269,0.015581371987772007,,
S029678,static,event_day_open,none,long_short,11,quarter_kelly,roi,0.08,none,includes_synthetic_short_yes,4,97,1.6967370842826899,0.017492134889512265,0.06844285754399729,0.25557283136911335,4.882712087448861,0.9958368053567911,0.3704986468155993,-0.08305709091967403,0.4536082474226804,93,304,3.2688172043010755,12.384474382374716,0.13700517534255996,1.8681095078949392,4.73673708428269,0.015581371987772007,,
S029693,static,event_day_open,none,long_short,11,quarter_kelly,logit_gap,0.08,none,includes_synthetic_short_yes,4,97,1.6967370842826897,0.017492134889512265,0.06844285754399729,0.25557283136911335,4.882712087448861,0.9958368053567911,0.3704986468155993,-0.08305709091967403,0.4536082474226804,93,304,3.2688172043010755,12.384474382374716,0.13700517534255993,1.8681095078949392,4.73673708428269,0.015581371987772007,,
S049043,matern,12h_prior,none,short_only,1,quarter_kelly,edge,0.18,robust_0.10c,includes_synthetic_short_yes,2,97,0.917519139367006,0.009458960199659855,0.03702830844409259,0.2554521283072253,4.880406058689404,0.9889380761926188,0.19185260815984473,-0.08771897164601912,0.27835051546391754,35,35,1.0,3.095463038763496,0.29640771925789666,2.4682050327689127,1.267519139367006,0.03621483255334303,,
S049088,matern,12h_prior,none,short_only,1,quarter_kelly,roi,0.18,robust_0.10c,includes_synthetic_short_yes,3,97,0.917519139367006,0.009458960199659855,0.03702830844409259,0.2554521283072253,4.880406058689404,0.9889380761926188,0.19185260815984473,-0.08771897164601912,0.27835051546391754,35,35,1.0,3.095463038763496,0.29640771925789666,2.4682050327689127,1.267519139367006,0.03621483255334303,,
S028226,static,event_day_open,none,short_only,2,quarter_kelly,edge,0.12,none,includes_synthetic_short_yes,2,97,1.4229959857377994,0.014670061708637107,0.05745420621312261,0.2553348601531361,4.878165653751302,0.9937724069628558,0.3795285311122292,-0.08203605401631942,0.4742268041237113,85,120,1.411764705882353,9.050711253931475,0.15722476895058102,1.8447141580269504,2.6229959857377994,0.02185829988114833,,
S028241,static,event_day_open,none,short_only,2,quarter_kelly,roi,0.12,none,includes_synthetic_short_yes,3,97,1.4229959857377994,0.014670061708637107,0.05745420621312261,0.2553348601531361,4.878165653751302,0.9937724069628558,0.3795285311122292,-0.08203605401631942,0.4742268041237113,85,120,1.411764705882353,9.050711253931475,0.15722476895058102,1.8447141580269504,2.6229959857377994,0.02185829988114833,,
S069541,matern,event_day_open,none,long_short,5,quarter_kelly,edge,0.06,none,includes_synthetic_short_yes,3,97,1.7043006041253974,0.017570109320880385,0.06885736736168016,0.25516673079572794,4.874953546888166,0.9960290969265287,0.4403461355201077,-0.07727763581257222,0.4329896907216495,93,338,3.6344086021505375,12.468134822284199,0.13669250681178988,1.8697601097879348,5.0843006041253975,0.01504230947966094,,
S069592,matern,event_day_open,none,long_short,5,quarter_kelly,roi,0.08,none,includes_synthetic_short_yes,4,97,1.6897643314370483,0.0174202508395572,0.06827977756364727,0.2551304567932847,4.874260533044556,0.9956181717769119,0.4398416633048281,-0.08285830914171026,0.44329896907216493,92,299,3.25,11.534352038961115,0.14649841843991812,1.856683820024379,4.679764331437049,0.01565138572386973,,
S069544,matern,event_day_open,none,long_short,5,quarter_kelly,edge,0.07,none,includes_synthetic_short_yes,3,97,1.7060386843742374,0.017588027673961212,0.06896387048437252,0.2550324909322879,4.87238889789819,0.9959317334316282,0.41686414015069717,-0.07910304719998924,0.4329896907216495,92,321,3.489130434782609,12.213629452600353,0.13968318680333075,1.8654012350341622,4.916038684374238,0.015314762256617563,,
S065780,matern,event_day_open,none,short_only,2,quarter_kelly,edge,0.15,robust_0.10c,includes_synthetic_short_yes,3,97,1.3228546196338993,0.013637676491071126,0.05348157593303451,0.25499765579359834,4.871723373507995,0.993171826203521,0.2212899655190359,-0.0844345470979353,0.422680412371134,70,85,1.2142857142857142,6.432901373747801,0.20563887782150245,1.931912899640564,2.1728546196338994,0.025562995525104697,,
S065825,matern,event_day_open,none,short_only,2,quarter_kelly,roi,0.15,robust_0.10c,includes_synthetic_short_yes,4,97,1.3228546196338993,0.013637676491071126,0.05348157593303451,0.25499765579359834,4.871723373507995,0.993171826203521,0.2212899655190359,-0.0844345470979353,0.422680412371134,70,85,1.2142857142857142,6.432901373747801,0.20563887782150245,1.931912899640564,2.1728546196338994,0.025562995525104697,,
S065870,matern,event_day_open,none,short_only,2,quarter_kelly,logit_gap,0.15,robust_0.10c,includes_synthetic_short_yes,4,97,1.3228546196338993,0.013637676491071126,0.05348157593303451,0.25499765579359834,4.871723373507995,0.993171826203521,0.2212899655190359,-0.0844345470979353,0.422680412371134,70,85,1.2142857142857142,6.432901373747801,0.20563887782150245,1.931912899640564,2.1728546196338994,0.025562995525104697,,
S066320,matern,event_day_open,none,short_only,3,quarter_kelly,edge,0.15,robust_0.10c,includes_synthetic_short_yes,3,97,1.3228546196338993,0.013637676491071126,0.05348157593303451,0.25499765579359834,4.871723373507995,0.993171826203521,0.2212899655190359,-0.0844345470979353,0.422680412371134,70,85,1.2142857142857142,6.432901373747801,0.20563887782150245,1.931912899640564,2.1728546196338994,0.025562995525104697,,
S066365,matern,event_day_open,none,short_only,3,quarter_kelly,roi,0.15,robust_0.10c,includes_synthetic_short_yes,4,97,1.3228546196338993,0.013637676491071126,0.05348157593303451,0.25499765579359834,4.871723373507995,0.993171826203521,0.2212899655190359,-0.0844345470979353,0.422680412371134,70,85,1.2142857142857142,6.432901373747801,0.20563887782150245,1.931912899640564,2.1728546196338994,0.025562995525104697,,
S066410,matern,event_day_open,none,short_only,3,quarter_kelly,logit_gap,0.15,robust_0.10c,includes_synthetic_short_yes,4,97,1.3228546196338993,0.013637676491071126,0.05348157593303451,0.25499765579359834,4.871723373507995,0.993171826203521,0.2212899655190359,-0.0844345470979353,0.422680412371134,70,85,1.2142857142857142,6.432901373747801,0.20563887782150245,1.931912899640564,2.1728546196338994,0.025562995525104697,,
S066860,matern,event_day_open,none,short_only,5,quarter_kelly,edge,0.15,robust_0.10c,includes_synthetic_short_yes,3,97,1.3228546196338993,0.013637676491071126,0.05348157593303451,0.25499765579359834,4.871723373507995,0.993171826203521,0.2212899655190359,-0.0844345470979353,0.422680412371134,70,85,1.2142857142857142,6.432901373747801,0.20563887782150245,1.931912899640564,2.1728546196338994,0.025562995525104697,,
S066905,matern,event_day_open,none,short_only,5,quarter_kelly,roi,0.15,robust_0.10c,includes_synthetic_short_yes,4,97,1.3228546196338993,0.013637676491071126,0.05348157593303451,0.25499765579359834,4.871723373507995,0.993171826203521,0.2212899655190359,-0.0844345470979353,0.422680412371134,70,85,1.2142857142857142,6.432901373747801,0.20563887782150245,1.931912899640564,2.1728546196338994,0.025562995525104697,,
S066950,matern,event_day_open,none,short_only,5,quarter_kelly,logit_gap,0.15,robust_0.10c,includes_synthetic_short_yes,4,97,1.3228546196338993,0.013637676491071126,0.05348157593303451,0.25499765579359834,4.871723373507995,0.993171826203521,0.2212899655190359,-0.0844345470979353,0.422680412371134,70,85,1.2142857142857142,6.432901373747801,0.20563887782150245,1.931912899640564,2.1728546196338994,0.025562995525104697,,
S067400,matern,event_day_open,none,short_only,11,quarter_kelly,edge,0.15,robust_0.10c,includes_synthetic_short_yes,3,97,1.3228546196338993,0.013637676491071126,0.05348157593303451,0.25499765579359834,4.871723373507995,0.993171826203521,0.2212899655190359,-0.0844345470979353,0.422680412371134,70,85,1.2142857142857142,6.432901373747801,0.20563887782150245,1.931912899640564,2.1728546196338994,0.025562995525104697,,
S067445,matern,event_day_open,none,short_only,11,quarter_kelly,roi,0.15,robust_0.10c,includes_synthetic_short_yes,4,97,1.3228546196338993,0.013637676491071126,0.05348157593303451,0.25499765579359834,4.871723373507995,0.993171826203521,0.2212899655190359,-0.0844345470979353,0.422680412371134,70,85,1.2142857142857142,6.432901373747801,0.20563887782150245,1.931912899640564,2.1728546196338994,0.025562995525104697,,
S067490,matern,event_day_open,none,short_only,11,quarter_kelly,logit_gap,0.15,robust_0.10c,includes_synthetic_short_yes,4,97,1.3228546196338993,0.013637676491071126,0.05348157593303451,0.25499765579359834,4.871723373507995,0.993171826203521,0.2212899655190359,-0.0844345470979353,0.422680412371134,70,85,1.2142857142857142,6.432901373747801,0.20563887782150245,1.931912899640564,2.1728546196338994,0.025562995525104697,,
S069065,matern,event_day_open,none,long_short,3,quarter_kelly,roi,0.15,robust_0.10c,includes_synthetic_short_yes,5,97,1.4240889514318975,0.01468132939620513,0.057585939733733715,0.25494642379873916,4.870744587620532,0.994134671527512,0.22519220038326093,-0.08555498587508022,0.422680412371134,71,116,1.6338028169014085,6.327067647035126,0.22507882495917803,1.9513216603895518,2.584088951431897,0.022276628891654285,,
S069110,matern,event_day_open,none,long_short,3,quarter_kelly,logit_gap,0.15,robust_0.10c,includes_synthetic_short_yes,5,97,1.4240889514318975,0.01468132939620513,0.057585939733733715,0.25494642379873916,4.870744587620532,0.994134671527512,0.22519220038326093,-0.08555498587508022,0.422680412371134,71,116,1.6338028169014085,6.327067647035126,0.22507882495917803,1.9513216603895518,2.584088951431897,0.022276628891654285,,
S066301,matern,event_day_open,none,short_only,3,quarter_kelly,edge,0.06,none,includes_synthetic_short_yes,2,97,1.454170251203765,0.014991445888698609,0.05880596257903192,0.2549307116357622,4.870444407168343,0.9954631477374993,0.36527307179368274,-0.06891499039622542,0.44329896907216493,93,167,1.7956989247311828,12.702547084553753,0.11447863499534124,1.8463971074213672,3.124170251203765,0.018707606294633323,,
S066346,matern,event_day_open,none,short_only,3,quarter_kelly,roi,0.06,none,includes_synthetic_short_yes,3,97,1.454170251203765,0.014991445888698609,0.05880596257903192,0.2549307116357622,4.870444407168343,0.9954631477374993,0.36527307179368274,-0.06891499039622542,0.44329896907216493,93,167,1.7956989247311828,12.702547084553753,0.11447863499534124,1.8463971074213672,3.124170251203765,0.018707606294633323,,
S066391,matern,event_day_open,none,short_only,3,quarter_kelly,logit_gap,0.06,none,includes_synthetic_short_yes,3,97,1.454170251203765,0.014991445888698609,0.05880596257903192,0.2549307116357622,4.870444407168343,0.9954631477374993,0.36527307179368274,-0.06891499039622542,0.44329896907216493,93,167,1.7956989247311828,12.702547084553753,0.11447863499534124,1.8463971074213672,3.124170251203765,0.018707606294633323,,
S066841,matern,event_day_open,none,short_only,5,quarter_kelly,edge,0.06,none,includes_synthetic_short_yes,2,97,1.454170251203765,0.014991445888698609,0.05880596257903192,0.2549307116357622,4.870444407168343,0.9954631477374993,0.36527307179368274,-0.06891499039622542,0.44329896907216493,93,167,1.7956989247311828,12.702547084553753,0.11447863499534124,1.8463971074213672,3.124170251203765,0.018707606294633323,,
S066886,matern,event_day_open,none,short_only,5,quarter_kelly,roi,0.06,none,includes_synthetic_short_yes,3,97,1.454170251203765,0.014991445888698609,0.05880596257903192,0.2549307116357622,4.870444407168343,0.9954631477374993,0.36527307179368274,-0.06891499039622542,0.44329896907216493,93,167,1.7956989247311828,12.702547084553753,0.11447863499534124,1.8463971074213672,3.124170251203765,0.018707606294633323,,
S066931,matern,event_day_open,none,short_only,5,quarter_kelly,logit_gap,0.06,none,includes_synthetic_short_yes,3,97,1.454170251203765,0.014991445888698609,0.05880596257903192,0.2549307116357622,4.870444407168343,0.9954631477374993,0.36527307179368274,-0.06891499039622542,0.44329896907216493,93,167,1.7956989247311828,12.702547084553753,0.11447863499534124,1.8463971074213672,3.124170251203765,0.018707606294633323,,
S067381,matern,event_day_open,none,short_only,11,quarter_kelly,edge,0.06,none,includes_synthetic_short_yes,2,97,1.454170251203765,0.014991445888698609,0.05880596257903192,0.2549307116357622,4.870444407168343,0.9954631477374993,0.36527307179368274,-0.06891499039622542,0.44329896907216493,93,167,1.7956989247311828,12.702547084553753,0.11447863499534124,1.8463971074213672,3.124170251203765,0.018707606294633323,,
S067426,matern,event_day_open,none,short_only,11,quarter_kelly,roi,0.06,none,includes_synthetic_short_yes,3,97,1.454170251203765,0.014991445888698609,0.05880596257903192,0.2549307116357622,4.870444407168343,0.9954631477374993,0.36527307179368274,-0.06891499039622542,0.44329896907216493,93,167,1.7956989247311828,12.702547084553753,0.11447863499534124,1.8463971074213672,3.124170251203765,0.018707606294633323,,
S067471,matern,event_day_open,none,short_only,11,quarter_kelly,logit_gap,0.06,none,includes_synthetic_short_yes,3,97,1.454170251203765,0.014991445888698609,0.05880596257903192,0.2549307116357622,4.870444407168343,0.9954631477374993,0.36527307179368274,-0.06891499039622542,0.44329896907216493,93,167,1.7956989247311828,12.702547084553753,0.11447863499534124,1.8463971074213672,3.124170251203765,0.018707606294633323,,
S063114,matern,event_day_open,none,long_only,2,quarter_kelly,roi,0.08,robust_0.25c,observed_yes_long_only,4,97,0.38872395994261366,0.004007463504563028,0.015724802232051003,0.25484985091862294,4.868899565336523,0.9998378396659788,0.045133272384581785,-0.00770764058274454,0.16494845360824742,67,105,1.5671641791044777,0.36200788942942236,1.0737996913694332,3.1119139343662683,1.4387239599426138,0.013702132951834417,,
S063159,matern,event_day_open,none,long_only,2,quarter_kelly,logit_gap,0.08,robust_0.25c,observed_yes_long_only,4,97,0.38872395994261366,0.004007463504563028,0.015724802232051003,0.25484985091862294,4.868899565336523,0.9998378396659788,0.045133272384581785,-0.00770764058274454,0.16494845360824742,67,105,1.5671641791044777,0.36200788942942236,1.0737996913694332,3.1119139343662683,1.4387239599426138,0.013702132951834417,,
S041014,matern,24h_prior,none,short_only,1,quarter_kelly,logit_gap,0.07,none,includes_synthetic_short_yes,2,97,1.097137866165951,0.01131069965119537,0.04439416329883095,0.2547789801794332,4.867545581765443,0.9851833941833045,0.283975413820152,-0.09939461722261685,0.6185567010309279,78,78,1.0,6.77409898732788,0.16196070772191792,1.8721307147342499,1.877137866165951,0.024065870079050655,,
S069588,matern,event_day_open,none,long_short,5,quarter_kelly,roi,0.06,robust_0.25c,includes_synthetic_short_yes,5,97,1.688153810036578,0.017403647526150288,0.06832186263519767,0.2547302847856548,4.866615257573582,0.9956910096587176,0.4464894808704558,-0.07983876704908521,0.44329896907216493,92,292,3.1739130434782608,11.614973248565109,0.1453428926532508,1.8598566144394117,4.608153810036578,0.015781348664508827,,
S066297,matern,event_day_open,none,short_only,3,quarter_kelly,edge,0.04,robust_0.25c,includes_synthetic_short_yes,3,97,1.4391288356877021,0.014836379749357753,0.05825985370408084,0.2546587196170479,4.865248006947116,0.9954549238056427,0.36536318686166847,-0.0691893781614093,0.44329896907216493,93,169,1.8172043010752688,12.640127452647809,0.11385398138420183,1.8488252670417413,3.129128835687702,0.018515555240755634,,
S066342,matern,event_day_open,none,short_only,3,quarter_kelly,roi,0.04,robust_0.25c,includes_synthetic_short_yes,4,97,1.4391288356877021,0.014836379749357753,0.05825985370408084,0.2546587196170479,4.865248006947116,0.9954549238056427,0.36536318686166847,-0.0691893781614093,0.44329896907216493,93,169,1.8172043010752688,12.640127452647809,0.11385398138420183,1.8488252670417413,3.129128835687702,0.018515555240755634,,
S063068,matern,event_day_open,none,long_only,2,quarter_kelly,edge,0.08,robust_0.10c,observed_yes_long_only,3,97,0.3960663971820105,0.004083158733835159,0.016033885550028184,0.2546580940156444,4.865236054849084,0.9997125904862153,0.04548358817854553,-0.009500639296839251,0.18556701030927836,76,119,1.5657894736842106,0.48702505023834036,0.8132361918307559,2.7932222643214684,1.5860663971820104,0.013328289051949667,,
S063606,matern,event_day_open,none,long_only,3,quarter_kelly,edge,0.07,robust_0.25c,observed_yes_long_only,3,97,0.3884534790726605,0.004004675041986191,0.01573130014036239,0.25456732795474707,4.863501971690482,0.9997760403710143,0.05037040524396211,-0.009039452672913744,0.17525773195876287,71,117,1.647887323943662,0.39385944334078166,0.9862743819920454,2.9424483227952996,1.5584534790726603,0.013320115205749234,,
S063651,matern,event_day_open,none,long_only,3,quarter_kelly,roi,0.07,robust_0.25c,observed_yes_long_only,4,97,0.3884534790726605,0.004004675041986191,0.01573130014036239,0.25456732795474707,4.863501971690482,0.9997760403710143,0.05037040524396211,-0.009039452672913744,0.17525773195876287,71,117,1.647887323943662,0.39385944334078166,0.9862743819920454,2.9424483227952996,1.5584534790726603,0.013320115205749234,,
S063696,matern,event_day_open,none,long_only,3,quarter_kelly,logit_gap,0.07,robust_0.25c,observed_yes_long_only,4,97,0.3884534790726605,0.004004675041986191,0.01573130014036239,0.25456732795474707,4.863501971690482,0.9997760403710143,0.05037040524396211,-0.009039452672913744,0.17525773195876287,71,117,1.647887323943662,0.39385944334078166,0.9862743819920454,2.9424483227952996,1.5584534790726603,0.013320115205749234,,
S064146,matern,event_day_open,none,long_only,5,quarter_kelly,edge,0.07,robust_0.25c,observed_yes_long_only,3,97,0.3884534790726605,0.004004675041986191,0.01573130014036239,0.25456732795474707,4.863501971690482,0.9997760403710143,0.05037040524396211,-0.009039452672913744,0.17525773195876287,71,117,1.647887323943662,0.39385944334078166,0.9862743819920454,2.9424483227952996,1.5584534790726603,0.013320115205749234,,
S064191,matern,event_day_open,none,long_only,5,quarter_kelly,roi,0.07,robust_0.25c,observed_yes_long_only,4,97,0.3884534790726605,0.004004675041986191,0.01573130014036239,0.25456732795474707,4.863501971690482,0.9997760403710143,0.05037040524396211,-0.009039452672913744,0.17525773195876287,71,117,1.647887323943662,0.39385944334078166,0.9862743819920454,2.9424483227952996,1.5584534790726603,0.013320115205749234,,
S064236,matern,event_day_open,none,long_only,5,quarter_kelly,logit_gap,0.07,robust_0.25c,observed_yes_long_only,4,97,0.3884534790726605,0.004004675041986191,0.01573130014036239,0.25456732795474707,4.863501971690482,0.9997760403710143,0.05037040524396211,-0.009039452672913744,0.17525773195876287,71,117,1.647887323943662,0.39385944334078166,0.9862743819920454,2.9424483227952996,1.5584534790726603,0.013320115205749234,,
S064686,matern,event_day_open,none,long_only,11,quarter_kelly,edge,0.07,robust_0.25c,observed_yes_long_only,3,97,0.3884534790726605,0.004004675041986191,0.01573130014036239,0.25456732795474707,4.863501971690482,0.9997760403710143,0.05037040524396211,-0.009039452672913744,0.17525773195876287,71,117,1.647887323943662,0.39385944334078166,0.9862743819920454,2.9424483227952996,1.5584534790726603,0.013320115205749234,,
S064731,matern,event_day_open,none,long_only,11,quarter_kelly,roi,0.07,robust_0.25c,observed_yes_long_only,4,97,0.3884534790726605,0.004004675041986191,0.01573130014036239,0.25456732795474707,4.863501971690482,0.9997760403710143,0.05037040524396211,-0.009039452672913744,0.17525773195876287,71,117,1.647887323943662,0.39385944334078166,0.9862743819920454,2.9424483227952996,1.5584534790726603,0.013320115205749234,,
S064776,matern,event_day_open,none,long_only,11,quarter_kelly,logit_gap,0.07,robust_0.25c,observed_yes_long_only,4,97,0.3884534790726605,0.004004675041986191,0.01573130014036239,0.25456732795474707,4.863501971690482,0.9997760403710143,0.05037040524396211,-0.009039452672913744,0.17525773195876287,71,117,1.647887323943662,0.39385944334078166,0.9862743819920454,2.9424483227952996,1.5584534790726603,0.013320115205749234,,
S070068,matern,event_day_open,none,long_short,11,quarter_kelly,edge,0.01,robust_0.25c,includes_synthetic_short_yes,4,97,1.7513556694068406,0.01805521308666846,0.07093571403034538,0.2545292358507123,4.8627742230647355,0.9964465174415078,0.4831913717026479,-0.07727078897768531,0.3917525773195876,93,509,5.473118279569892,16.994520142843932,0.1030541406692382,1.9066875758518584,6.84135566940684,0.013440777346575325,,
S070158,matern,event_day_open,none,long_short,11,quarter_kelly,logit_gap,0.01,robust_0.25c,includes_synthetic_short_yes,5,97,1.7513556694068406,0.01805521308666846,0.07093571403034538,0.2545292358507123,4.8627742230647355,0.9964465174415078,0.4831913717026479,-0.07727078897768531,0.3917525773195876,93,509,5.473118279569892,16.994520142843935,0.10305414066923818,1.9066875758518582,6.84135566940684,0.013440777346575325,,
S070113,matern,event_day_open,none,long_short,11,quarter_kelly,roi,0.01,robust_0.25c,includes_synthetic_short_yes,5,97,1.7513556694068404,0.018055213086668458,0.07093571403034538,0.25452923585071224,4.862774223064735,0.9964465174415078,0.48319137170264703,-0.07727078897768531,0.3917525773195876,93,509,5.473118279569892,16.994520142843935,0.10305414066923817,1.9066875758518582,6.84135566940684,0.013440777346575325,,
S070086,matern,event_day_open,none,long_short,11,quarter_kelly,edge,0.07,robust_0.25c,includes_synthetic_short_yes,4,97,1.6827334683762583,0.017347767715219158,0.06817418089521884,0.2544624297266149,4.86149789385596,0.9956661551508669,0.49155088047200546,-0.08268810778195898,0.44329896907216493,91,265,2.912087912087912,11.539540551435545,0.1458232640091483,1.8639302798896844,4.332733468376258,0.016349937616514182,,
S070131,matern,event_day_open,none,long_short,11,quarter_kelly,roi,0.07,robust_0.25c,includes_synthetic_short_yes,5,97,1.6827334683762583,0.017347767715219158,0.06817418089521884,0.2544624297266149,4.86149789385596,0.9956661551508669,0.49155088047200546,-0.08268810778195898,0.44329896907216493,91,265,2.912087912087912,11.539540551435545,0.1458232640091483,1.8639302798896844,4.332733468376258,0.016349937616514182,,
S070176,matern,event_day_open,none,long_short,11,quarter_kelly,logit_gap,0.07,robust_0.25c,includes_synthetic_short_yes,5,97,1.682733468376258,0.017347767715219155,0.06817418089521884,0.25446242972661487,4.861497893855959,0.9956661551508669,0.49155088047200546,-0.08268810778195898,0.44329896907216493,91,265,2.912087912087912,11.539540551435545,0.14582326400914827,1.8639302798896846,4.332733468376258,0.016349937616514182,,
S063070,matern,event_day_open,none,long_only,2,quarter_kelly,edge,0.09,none,observed_yes_long_only,2,97,0.3956482026162244,0.0040788474496517985,0.01602953714593939,0.2544582175091097,4.861417419553518,0.9997113426813782,0.045133272384581785,-0.009500639296839251,0.18556701030927836,78,119,1.5256410256410255,0.48744324480412643,0.8116805532410469,2.7879435460388677,1.5856482026162244,0.013324774811901046,,
S049040,matern,12h_prior,none,short_only,1,quarter_kelly,edge,0.15,robust_0.10c,includes_synthetic_short_yes,2,97,1.042947139072049,0.010752032361567515,0.04225816674733211,0.2544367914930035,4.861008076090572,0.9874505936009733,0.19185260815984473,-0.09067834981743775,0.38144329896907214,49,49,1.0,4.237384192853635,0.24612994517489906,2.1204617827580035,1.532947139072049,0.03128463549126631,,
S049085,matern,12h_prior,none,short_only,1,quarter_kelly,roi,0.15,robust_0.10c,includes_synthetic_short_yes,3,97,1.042947139072049,0.010752032361567515,0.04225816674733211,0.2544367914930035,4.861008076090572,0.9874505936009733,0.19185260815984473,-0.09067834981743775,0.38144329896907214,49,49,1.0,4.237384192853635,0.24612994517489906,2.1204617827580035,1.532947139072049,0.03128463549126631,,
S040543,matern,24h_prior,none,short_only,1,one_share,edge,0.25,none,includes_synthetic_short_yes,0,97,2.45,0.025257731958762887,0.09927962177088041,0.25441003408587926,4.860496876545242,0.9999987436629302,0.0,0.0,0.061855670103092786,6,6,1.0,3.55,0.6901408450704226,,2.5100000000000002,0.4183333333333334,,
S040588,matern,24h_prior,none,short_only,1,one_share,roi,0.25,none,includes_synthetic_short_yes,1,97,2.45,0.025257731958762887,0.09927962177088041,0.25441003408587926,4.860496876545242,0.9999987436629302,0.0,0.0,0.061855670103092786,6,6,1.0,3.55,0.6901408450704226,,2.5100000000000002,0.4183333333333334,,
S040633,matern,24h_prior,none,short_only,1,one_share,logit_gap,0.25,none,includes_synthetic_short_yes,1,97,2.45,0.025257731958762887,0.09927962177088041,0.25441003408587926,4.860496876545242,0.9999987436629302,0.0,0.0,0.061855670103092786,6,6,1.0,3.55,0.6901408450704226,,2.5100000000000002,0.4183333333333334,,
S040678,matern,24h_prior,none,short_only,1,equal_budget,edge,0.25,none,includes_synthetic_short_yes,0,97,2.45,0.025257731958762887,0.09927962177088041,0.25441003408587926,4.860496876545242,0.9999987436629302,0.0,0.0,0.061855670103092786,6,6,1.0,3.55,0.6901408450704226,,2.5100000000000002,0.4183333333333334,,
S040723,matern,24h_prior,none,short_only,1,equal_budget,roi,0.25,none,includes_synthetic_short_yes,1,97,2.45,0.025257731958762887,0.09927962177088041,0.25441003408587926,4.860496876545242,0.9999987436629302,0.0,0.0,0.061855670103092786,6,6,1.0,3.55,0.6901408450704226,,2.5100000000000002,0.4183333333333334,,
S040768,matern,24h_prior,none,short_only,1,equal_budget,logit_gap,0.25,none,includes_synthetic_short_yes,1,97,2.45,0.025257731958762887,0.09927962177088041,0.25441003408587926,4.860496876545242,0.9999987436629302,0.0,0.0,0.061855670103092786,6,6,1.0,3.55,0.6901408450704226,,2.5100000000000002,0.4183333333333334,,
S040813,matern,24h_prior,none,short_only,1,edge_weighted,edge,0.25,none,includes_synthetic_short_yes,1,97,2.45,0.025257731958762887,0.09927962177088041,0.25441003408587926,4.860496876545242,0.9999987436629302,0.0,0.0,0.061855670103092786,6,6,1.0,3.55,0.6901408450704226,,2.5100000000000002,0.4183333333333334,,
S040858,matern,24h_prior,none,short_only,1,edge_weighted,roi,0.25,none,includes_synthetic_short_yes,2,97,2.45,0.025257731958762887,0.09927962177088041,0.25441003408587926,4.860496876545242,0.9999987436629302,0.0,0.0,0.061855670103092786,6,6,1.0,3.55,0.6901408450704226,,2.5100000000000002,0.4183333333333334,,
S040903,matern,24h_prior,none,short_only,1,edge_weighted,logit_gap,0.25,none,includes_synthetic_short_yes,2,97,2.45,0.025257731958762887,0.09927962177088041,0.25441003408587926,4.860496876545242,0.9999987436629302,0.0,0.0,0.061855670103092786,6,6,1.0,3.55,0.6901408450704226,,2.5100000000000002,0.4183333333333334,,
S041083,matern,24h_prior,none,short_only,2,one_share,edge,0.25,none,includes_synthetic_short_yes,1,97,2.45,0.025257731958762887,0.09927962177088041,0.25441003408587926,4.860496876545242,0.9999987436629302,0.0,0.0,0.061855670103092786,6,6,1.0,3.55,0.6901408450704226,,2.5100000000000002,0.4183333333333334,,
S041128,matern,24h_prior,none,short_only,2,one_share,roi,0.25,none,includes_synthetic_short_yes,2,97,2.45,0.025257731958762887,0.09927962177088041,0.25441003408587926,4.860496876545242,0.9999987436629302,0.0,0.0,0.061855670103092786,6,6,1.0,3.55,0.6901408450704226,,2.5100000000000002,0.4183333333333334,,
S041173,matern,24h_prior,none,short_only,2,one_share,logit_gap,0.25,none,includes_synthetic_short_yes,2,97,2.45,0.025257731958762887,0.09927962177088041,0.25441003408587926,4.860496876545242,0.9999987436629302,0.0,0.0,0.061855670103092786,6,6,1.0,3.55,0.6901408450704226,,2.5100000000000002,0.4183333333333334,,
S041218,matern,24h_prior,none,short_only,2,equal_budget,edge,0.25,none,includes_synthetic_short_yes,1,97,2.45,0.025257731958762887,0.09927962177088041,0.25441003408587926,4.860496876545242,0.9999987436629302,0.0,0.0,0.061855670103092786,6,6,1.0,3.55,0.6901408450704226,,2.5100000000000002,0.4183333333333334,,
S041263,matern,24h_prior,none,short_only,2,equal_budget,roi,0.25,none,includes_synthetic_short_yes,2,97,2.45,0.025257731958762887,0.09927962177088041,0.25441003408587926,4.860496876545242,0.9999987436629302,0.0,0.0,0.061855670103092786,6,6,1.0,3.55,0.6901408450704226,,2.5100000000000002,0.4183333333333334,,
S041308,matern,24h_prior,none,short_only,2,equal_budget,logit_gap,0.25,none,includes_synthetic_short_yes,2,97,2.45,0.025257731958762887,0.09927962177088041,0.25441003408587926,4.860496876545242,0.9999987436629302,0.0,0.0,0.061855670103092786,6,6,1.0,3.55,0.6901408450704226,,2.5100000000000002,0.4183333333333334,,
S041353,matern,24h_prior,none,short_only,2,edge_weighted,edge,0.25,none,includes_synthetic_short_yes,2,97,2.45,0.025257731958762887,0.09927962177088041,0.25441003408587926,4.860496876545242,0.9999987436629302,0.0,0.0,0.061855670103092786,6,6,1.0,3.55,0.6901408450704226,,2.5100000000000002,0.4183333333333334,,
S041398,matern,24h_prior,none,short_only,2,edge_weighted,roi,0.25,none,includes_synthetic_short_yes,3,97,2.45,0.025257731958762887,0.09927962177088041,0.25441003408587926,4.860496876545242,0.9999987436629302,0.0,0.0,0.061855670103092786,6,6,1.0,3.55,0.6901408450704226,,2.5100000000000002,0.4183333333333334,,
S041443,matern,24h_prior,none,short_only,2,edge_weighted,logit_gap,0.25,none,includes_synthetic_short_yes,3,97,2.45,0.025257731958762887,0.09927962177088041,0.25441003408587926,4.860496876545242,0.9999987436629302,0.0,0.0,0.061855670103092786,6,6,1.0,3.55,0.6901408450704226,,2.5100000000000002,0.4183333333333334,,
S041623,matern,24h_prior,none,short_only,3,one_share,edge,0.25,none,includes_synthetic_short_yes,1,97,2.45,0.025257731958762887,0.09927962177088041,0.25441003408587926,4.860496876545242,0.9999987436629302,0.0,0.0,0.061855670103092786,6,6,1.0,3.55,0.6901408450704226,,2.5100000000000002,0.4183333333333334,,
S041668,matern,24h_prior,none,short_only,3,one_share,roi,0.25,none,includes_synthetic_short_yes,2,97,2.45,0.025257731958762887,0.09927962177088041,0.25441003408587926,4.860496876545242,0.9999987436629302,0.0,0.0,0.061855670103092786,6,6,1.0,3.55,0.6901408450704226,,2.5100000000000002,0.4183333333333334,,
S041713,matern,24h_prior,none,short_only,3,one_share,logit_gap,0.25,none,includes_synthetic_short_yes,2,97,2.45,0.025257731958762887,0.09927962177088041,0.25441003408587926,4.860496876545242,0.9999987436629302,0.0,0.0,0.061855670103092786,6,6,1.0,3.55,0.6901408450704226,,2.5100000000000002,0.4183333333333334,,
S041758,matern,24h_prior,none,short_only,3,equal_budget,edge,0.25,none,includes_synthetic_short_yes,1,97,2.45,0.025257731958762887,0.09927962177088041,0.25441003408587926,4.860496876545242,0.9999987436629302,0.0,0.0,0.061855670103092786,6,6,1.0,3.55,0.6901408450704226,,2.5100000000000002,0.4183333333333334,,
S041803,matern,24h_prior,none,short_only,3,equal_budget,roi,0.25,none,includes_synthetic_short_yes,2,97,2.45,0.025257731958762887,0.09927962177088041,0.25441003408587926,4.860496876545242,0.9999987436629302,0.0,0.0,0.061855670103092786,6,6,1.0,3.55,0.6901408450704226,,2.5100000000000002,0.4183333333333334,,
S041848,matern,24h_prior,none,short_only,3,equal_budget,logit_gap,0.25,none,includes_synthetic_short_yes,2,97,2.45,0.025257731958762887,0.09927962177088041,0.25441003408587926,4.860496876545242,0.9999987436629302,0.0,0.0,0.061855670103092786,6,6,1.0,3.55,0.6901408450704226,,2.5100000000000002,0.4183333333333334,,
S041893,matern,24h_prior,none,short_only,3,edge_weighted,edge,0.25,none,includes_synthetic_short_yes,2,97,2.45,0.025257731958762887,0.09927962177088041,0.25441003408587926,4.860496876545242,0.9999987436629302,0.0,0.0,0.061855670103092786,6,6,1.0,3.55,0.6901408450704226,,2.5100000000000002,0.4183333333333334,,
S041938,matern,24h_prior,none,short_only,3,edge_weighted,roi,0.25,none,includes_synthetic_short_yes,3,97,2.45,0.025257731958762887,0.09927962177088041,0.25441003408587926,4.860496876545242,0.9999987436629302,0.0,0.0,0.061855670103092786,6,6,1.0,3.55,0.6901408450704226,,2.5100000000000002,0.4183333333333334,,
S041983,matern,24h_prior,none,short_only,3,edge_weighted,logit_gap,0.25,none,includes_synthetic_short_yes,3,97,2.45,0.025257731958762887,0.09927962177088041,0.25441003408587926,4.860496876545242,0.9999987436629302,0.0,0.0,0.061855670103092786,6,6,1.0,3.55,0.6901408450704226,,2.5100000000000002,0.4183333333333334,,
S042163,matern,24h_prior,none,short_only,5,one_share,edge,0.25,none,includes_synthetic_short_yes,1,97,2.45,0.025257731958762887,0.09927962177088041,0.25441003408587926,4.860496876545242,0.9999987436629302,0.0,0.0,0.061855670103092786,6,6,1.0,3.55,0.6901408450704226,,2.5100000000000002,0.4183333333333334,,
S042208,matern,24h_prior,none,short_only,5,one_share,roi,0.25,none,includes_synthetic_short_yes,2,97,2.45,0.025257731958762887,0.09927962177088041,0.25441003408587926,4.860496876545242,0.9999987436629302,0.0,0.0,0.061855670103092786,6,6,1.0,3.55,0.6901408450704226,,2.5100000000000002,0.4183333333333334,,
S042253,matern,24h_prior,none,short_only,5,one_share,logit_gap,0.25,none,includes_synthetic_short_yes,2,97,2.45,0.025257731958762887,0.09927962177088041,0.25441003408587926,4.860496876545242,0.9999987436629302,0.0,0.0,0.061855670103092786,6,6,1.0,3.55,0.6901408450704226,,2.5100000000000002,0.4183333333333334,,
S042298,matern,24h_prior,none,short_only,5,equal_budget,edge,0.25,none,includes_synthetic_short_yes,1,97,2.45,0.025257731958762887,0.09927962177088041,0.25441003408587926,4.860496876545242,0.9999987436629302,0.0,0.0,0.061855670103092786,6,6,1.0,3.55,0.6901408450704226,,2.5100000000000002,0.4183333333333334,,
S042343,matern,24h_prior,none,short_only,5,equal_budget,roi,0.25,none,includes_synthetic_short_yes,2,97,2.45,0.025257731958762887,0.09927962177088041,0.25441003408587926,4.860496876545242,0.9999987436629302,0.0,0.0,0.061855670103092786,6,6,1.0,3.55,0.6901408450704226,,2.5100000000000002,0.4183333333333334,,
S042388,matern,24h_prior,none,short_only,5,equal_budget,logit_gap,0.25,none,includes_synthetic_short_yes,2,97,2.45,0.025257731958762887,0.09927962177088041,0.25441003408587926,4.860496876545242,0.9999987436629302,0.0,0.0,0.061855670103092786,6,6,1.0,3.55,0.6901408450704226,,2.5100000000000002,0.4183333333333334,,
S042433,matern,24h_prior,none,short_only,5,edge_weighted,edge,0.25,none,includes_synthetic_short_yes,2,97,2.45,0.025257731958762887,0.09927962177088041,0.25441003408587926,4.860496876545242,0.9999987436629302,0.0,0.0,0.061855670103092786,6,6,1.0,3.55,0.6901408450704226,,2.5100000000000002,0.4183333333333334,,
S042478,matern,24h_prior,none,short_only,5,edge_weighted,roi,0.25,none,includes_synthetic_short_yes,3,97,2.45,0.025257731958762887,0.09927962177088041,0.25441003408587926,4.860496876545242,0.9999987436629302,0.0,0.0,0.061855670103092786,6,6,1.0,3.55,0.6901408450704226,,2.5100000000000002,0.4183333333333334,,
S042523,matern,24h_prior,none,short_only,5,edge_weighted,logit_gap,0.25,none,includes_synthetic_short_yes,3,97,2.45,0.025257731958762887,0.09927962177088041,0.25441003408587926,4.860496876545242,0.9999987436629302,0.0,0.0,0.061855670103092786,6,6,1.0,3.55,0.6901408450704226,,2.5100000000000002,0.4183333333333334,,
S042703,matern,24h_prior,none,short_only,11,one_share,edge,0.25,none,includes_synthetic_short_yes,1,97,2.45,0.025257731958762887,0.09927962177088041,0.25441003408587926,4.860496876545242,0.9999987436629302,0.0,0.0,0.061855670103092786,6,6,1.0,3.55,0.6901408450704226,,2.5100000000000002,0.4183333333333334,,
S042748,matern,24h_prior,none,short_only,11,one_share,roi,0.25,none,includes_synthetic_short_yes,2,97,2.45,0.025257731958762887,0.09927962177088041,0.25441003408587926,4.860496876545242,0.9999987436629302,0.0,0.0,0.061855670103092786,6,6,1.0,3.55,0.6901408450704226,,2.5100000000000002,0.4183333333333334,,
S042793,matern,24h_prior,none,short_only,11,one_share,logit_gap,0.25,none,includes_synthetic_short_yes,2,97,2.45,0.025257731958762887,0.09927962177088041,0.25441003408587926,4.860496876545242,0.9999987436629302,0.0,0.0,0.061855670103092786,6,6,1.0,3.55,0.6901408450704226,,2.5100000000000002,0.4183333333333334,,
S042838,matern,24h_prior,none,short_only,11,equal_budget,edge,0.25,none,includes_synthetic_short_yes,1,97,2.45,0.025257731958762887,0.09927962177088041,0.25441003408587926,4.860496876545242,0.9999987436629302,0.0,0.0,0.061855670103092786,6,6,1.0,3.55,0.6901408450704226,,2.5100000000000002,0.4183333333333334,,
S042883,matern,24h_prior,none,short_only,11,equal_budget,roi,0.25,none,includes_synthetic_short_yes,2,97,2.45,0.025257731958762887,0.09927962177088041,0.25441003408587926,4.860496876545242,0.9999987436629302,0.0,0.0,0.061855670103092786,6,6,1.0,3.55,0.6901408450704226,,2.5100000000000002,0.4183333333333334,,
S042928,matern,24h_prior,none,short_only,11,equal_budget,logit_gap,0.25,none,includes_synthetic_short_yes,2,97,2.45,0.025257731958762887,0.09927962177088041,0.25441003408587926,4.860496876545242,0.9999987436629302,0.0,0.0,0.061855670103092786,6,6,1.0,3.55,0.6901408450704226,,2.5100000000000002,0.4183333333333334,,
S042973,matern,24h_prior,none,short_only,11,edge_weighted,edge,0.25,none,includes_synthetic_short_yes,2,97,2.45,0.025257731958762887,0.09927962177088041,0.25441003408587926,4.860496876545242,0.9999987436629302,0.0,0.0,0.061855670103092786,6,6,1.0,3.55,0.6901408450704226,,2.5100000000000002,0.4183333333333334,,
S043018,matern,24h_prior,none,short_only,11,edge_weighted,roi,0.25,none,includes_synthetic_short_yes,3,97,2.45,0.025257731958762887,0.09927962177088041,0.25441003408587926,4.860496876545242,0.9999987436629302,0.0,0.0,0.061855670103092786,6,6,1.0,3.55,0.6901408450704226,,2.5100000000000002,0.4183333333333334,,
S043063,matern,24h_prior,none,short_only,11,edge_weighted,logit_gap,0.25,none,includes_synthetic_short_yes,3,97,2.45,0.025257731958762887,0.09927962177088041,0.25441003408587926,4.860496876545242,0.9999987436629302,0.0,0.0,0.061855670103092786,6,6,1.0,3.55,0.6901408450704226,,2.5100000000000002,0.4183333333333334,,
S062706,matern,event_day_open,none,long_only,2,one_share,roi,0.07,robust_0.25c,observed_yes_long_only,3,97,8.4105,0.08670618556701032,0.34089932189676403,0.25434543279399047,4.859262670596666,0.999319092305511,1.1695000000000002,-0.20625000000000004,0.16494845360824742,71,111,1.5633802816901408,7.5895,1.1081757691547534,2.718357339871284,9.5205,0.08577027027027027,,
S062751,matern,event_day_open,none,long_only,2,one_share,logit_gap,0.07,robust_0.25c,observed_yes_long_only,3,97,8.4105,0.08670618556701032,0.34089932189676403,0.25434543279399047,4.859262670596666,0.999319092305511,1.1695000000000002,-0.20625000000000004,0.16494845360824742,71,111,1.5633802816901408,7.5895,1.1081757691547534,2.718357339871284,9.5205,0.08577027027027027,,
S031856,static,event_day_open,confirm_6h,long_short,2,quarter_kelly,logit_gap,0.12,none,includes_synthetic_short_yes,5,97,1.243796268823275,0.012822641946631703,0.05042333157131134,0.25429977645362933,4.858390407438819,0.9924887109303886,0.16937501311035374,-0.09112802990802789,0.4536082474226804,78,130,1.6666666666666667,5.492796838479006,0.2264413386109673,1.9528807550490486,2.543796268823275,0.019567663606332886,,
S066307,matern,event_day_open,none,short_only,3,quarter_kelly,edge,0.08,none,includes_synthetic_short_yes,2,97,1.4385730400578007,0.014830649897503101,0.058329203004488205,0.25425771540821396,4.857586832294465,0.9948534067426723,0.4325350746784551,-0.07809820161450903,0.44329896907216493,92,156,1.6956521739130435,11.686797995531292,0.12309385689800331,1.8384196626898854,2.998573040057801,0.019221622051652572,,
S066352,matern,event_day_open,none,short_only,3,quarter_kelly,roi,0.08,none,includes_synthetic_short_yes,3,97,1.4385730400578007,0.014830649897503101,0.058329203004488205,0.25425771540821396,4.857586832294465,0.9948534067426723,0.4325350746784551,-0.07809820161450903,0.44329896907216493,92,156,1.6956521739130435,11.686797995531292,0.12309385689800331,1.8384196626898854,2.998573040057801,0.019221622051652572,,
S066397,matern,event_day_open,none,short_only,3,quarter_kelly,logit_gap,0.08,none,includes_synthetic_short_yes,3,97,1.4385730400578007,0.014830649897503101,0.058329203004488205,0.25425771540821396,4.857586832294465,0.9948534067426723,0.4325350746784551,-0.07809820161450903,0.44329896907216493,92,156,1.6956521739130435,11.686797995531292,0.12309385689800331,1.8384196626898854,2.998573040057801,0.019221622051652572,,
S066847,matern,event_day_open,none,short_only,5,quarter_kelly,edge,0.08,none,includes_synthetic_short_yes,2,97,1.4385730400578007,0.014830649897503101,0.058329203004488205,0.25425771540821396,4.857586832294465,0.9948534067426723,0.4325350746784551,-0.07809820161450903,0.44329896907216493,92,156,1.6956521739130435,11.686797995531292,0.12309385689800331,1.8384196626898854,2.998573040057801,0.019221622051652572,,
S066892,matern,event_day_open,none,short_only,5,quarter_kelly,roi,0.08,none,includes_synthetic_short_yes,3,97,1.4385730400578007,0.014830649897503101,0.058329203004488205,0.25425771540821396,4.857586832294465,0.9948534067426723,0.4325350746784551,-0.07809820161450903,0.44329896907216493,92,156,1.6956521739130435,11.686797995531292,0.12309385689800331,1.8384196626898854,2.998573040057801,0.019221622051652572,,
S066937,matern,event_day_open,none,short_only,5,quarter_kelly,logit_gap,0.08,none,includes_synthetic_short_yes,3,97,1.4385730400578007,0.014830649897503101,0.058329203004488205,0.25425771540821396,4.857586832294465,0.9948534067426723,0.4325350746784551,-0.07809820161450903,0.44329896907216493,92,156,1.6956521739130435,11.686797995531292,0.12309385689800331,1.8384196626898854,2.998573040057801,0.019221622051652572,,
S067387,matern,event_day_open,none,short_only,11,quarter_kelly,edge,0.08,none,includes_synthetic_short_yes,2,97,1.4385730400578007,0.014830649897503101,0.058329203004488205,0.25425771540821396,4.857586832294465,0.9948534067426723,0.4325350746784551,-0.07809820161450903,0.44329896907216493,92,156,1.6956521739130435,11.686797995531292,0.12309385689800331,1.8384196626898854,2.998573040057801,0.019221622051652572,,
S067432,matern,event_day_open,none,short_only,11,quarter_kelly,roi,0.08,none,includes_synthetic_short_yes,3,97,1.4385730400578007,0.014830649897503101,0.058329203004488205,0.25425771540821396,4.857586832294465,0.9948534067426723,0.4325350746784551,-0.07809820161450903,0.44329896907216493,92,156,1.6956521739130435,11.686797995531292,0.12309385689800331,1.8384196626898854,2.998573040057801,0.019221622051652572,,
S067477,matern,event_day_open,none,short_only,11,quarter_kelly,logit_gap,0.08,none,includes_synthetic_short_yes,3,97,1.4385730400578007,0.014830649897503101,0.058329203004488205,0.25425771540821396,4.857586832294465,0.9948534067426723,0.4325350746784551,-0.07809820161450903,0.44329896907216493,92,156,1.6956521739130435,11.686797995531292,0.12309385689800331,1.8384196626898854,2.998573040057801,0.019221622051652572,,
S062934,matern,event_day_open,none,long_only,2,edge_weighted,edge,0.08,robust_0.25c,observed_yes_long_only,3,97,6.2837542589048505,0.06478097174128712,0.25486623759743277,0.2541763567899888,4.856032478075755,0.9997967759214139,0.7265903181131956,-0.12270715202788285,0.16494845360824742,67,105,1.5671641791044777,4.906669783041497,1.2806556252517445,3.119285261096648,7.33375425890485,0.06984527865623667,,
S023729,static,12h_prior,none,long_short,2,quarter_kelly,edge,0.2,none,includes_synthetic_short_yes,3,97,0.975277610257417,0.010054408353169248,0.039565492373301765,0.2541206427637893,4.8549680630997685,0.9928402008042834,0.19982094730800048,-0.09077371994063109,0.2268041237113402,28,36,1.2857142857142858,3.0284859833431965,0.32203471160886527,2.8592644018642726,1.335277610257417,0.0370910447293727,,
S023623,static,12h_prior,none,long_short,2,one_share,logit_gap,0.18,none,includes_synthetic_short_yes,3,97,8.251999999999999,0.0850721649484536,0.3349667815440398,0.2539719447890051,4.852127192280407,0.9947827179008176,1.205,-0.6544999999999999,0.28865979381443296,37,50,1.3513513513513513,24.747999999999998,0.3334410861483756,2.5800861656294876,8.751999999999999,0.17503999999999997,,
S067457,matern,event_day_open,none,short_only,11,quarter_kelly,logit_gap,0.01,robust_0.10c,includes_synthetic_short_yes,4,97,1.4374874855635265,0.014819458614056974,0.05836750730488512,0.25389911781990127,4.850735834989295,0.9956645166475787,0.42982908677526344,-0.06901907508959551,0.44329896907216493,93,221,2.3763440860215055,17.315610463346474,0.083016852833828,1.884164134302908,3.647487485563526,0.016504468260468443,,
S067367,matern,event_day_open,none,short_only,11,quarter_kelly,edge,0.01,robust_0.10c,includes_synthetic_short_yes,3,97,1.4374874855635262,0.01481945861405697,0.05836750730488512,0.2538991178199012,4.850735834989294,0.9956645166475787,0.42982908677526344,-0.06901907508959551,0.44329896907216493,93,221,2.3763440860215055,17.315610463346474,0.08301685283382798,1.884164134302908,3.647487485563526,0.016504468260468443,,
S067412,matern,event_day_open,none,short_only,11,quarter_kelly,roi,0.01,robust_0.10c,includes_synthetic_short_yes,4,97,1.4374874855635262,0.01481945861405697,0.05836750730488512,0.2538991178199012,4.850735834989294,0.9956645166475787,0.42982908677526344,-0.06901907508959551,0.44329896907216493,93,221,2.3763440860215055,17.315610463346474,0.08301685283382798,1.884164134302908,3.647487485563526,0.016504468260468443,,
S066827,matern,event_day_open,none,short_only,5,quarter_kelly,edge,0.01,robust_0.10c,includes_synthetic_short_yes,3,97,1.436985775788921,0.014814286348339393,0.058370394899211954,0.25379794626915225,4.848802955226208,0.9956511524018394,0.4303307965498686,-0.06901907508959551,0.44329896907216493,93,220,2.3655913978494625,17.08501737416167,0.08410794934058013,1.8835828800838714,3.6369857757889212,0.016531753526313277,,
S066872,matern,event_day_open,none,short_only,5,quarter_kelly,roi,0.01,robust_0.10c,includes_synthetic_short_yes,4,97,1.436985775788921,0.014814286348339393,0.058370394899211954,0.25379794626915225,4.848802955226208,0.9956511524018394,0.4303307965498686,-0.06901907508959551,0.44329896907216493,93,220,2.3655913978494625,17.08501737416167,0.08410794934058013,1.8835828800838714,3.6369857757889212,0.016531753526313277,,
S065767,matern,event_day_open,none,short_only,2,quarter_kelly,edge,0.08,none,includes_synthetic_short_yes,2,97,1.4379632158689886,0.014824363050195759,0.05846636839746967,0.25355368319468485,4.844136315740977,0.9944771072544218,0.4548024703824629,-0.07809820161450903,0.4536082474226804,92,150,1.6304347826086956,10.719542758979744,0.1341440813475378,1.8267232886282754,2.9379632158689883,0.01958642143912659,,
S065812,matern,event_day_open,none,short_only,2,quarter_kelly,roi,0.08,none,includes_synthetic_short_yes,3,97,1.4379632158689886,0.014824363050195759,0.05846636839746967,0.25355368319468485,4.844136315740977,0.9944771072544218,0.4548024703824629,-0.07809820161450903,0.4536082474226804,92,150,1.6304347826086956,10.719542758979744,0.1341440813475378,1.8267232886282754,2.9379632158689883,0.01958642143912659,,
S063069,matern,event_day_open,none,long_only,2,quarter_kelly,edge,0.08,robust_0.25c,observed_yes_long_only,3,97,0.3821247236087529,0.003939430140296421,0.015537230078601591,0.253547776557801,4.844023469601759,0.9998149086382333,0.045133272384581785,-0.00770764058274454,0.16494845360824742,67,105,1.5671641791044777,0.3686071257632831,1.0366721012717228,3.070235440577242,1.4321247236087529,0.013639283081988123,,
S069636,matern,event_day_open,none,long_short,5,quarter_kelly,logit_gap,0.07,robust_0.25c,includes_synthetic_short_yes,5,97,1.662694516773573,0.017141180585294565,0.0676374878398334,0.2534272210979382,4.841720260775036,0.9954533644657801,0.49155088047200546,-0.08268810778195898,0.44329896907216493,91,263,2.89010989010989,11.527998429996824,0.1442309805010991,1.8564259315385336,4.292694516773572,0.016322032383169476,,
S069542,matern,event_day_open,none,long_short,5,quarter_kelly,edge,0.06,robust_0.10c,includes_synthetic_short_yes,4,97,1.6936200475519916,0.017460000490226717,0.06889588159573042,0.2534258955082264,4.841694935419152,0.9957550713964234,0.44707294348344684,-0.07910304719998924,0.4329896907216495,93,323,3.4731182795698925,12.274586813361626,0.13797776440901327,1.8608657736905678,4.923620047551991,0.015243405719975206,,
S029506,static,event_day_open,none,long_short,5,quarter_kelly,logit_gap,0.01,none,includes_synthetic_short_yes,4,97,1.5983537007481967,0.016477873203589656,0.06502992240314856,0.2533890952758056,4.840991867965935,0.9924614686306519,0.6029707828354156,-0.10927836740351012,0.5463917525773195,93,456,4.903225806451613,14.04558667598889,0.11379757482687447,1.8590022380167697,6.158353700748197,0.0135051616244478,,
S063344,matern,event_day_open,none,long_only,3,equal_budget,edge,0.1,robust_0.10c,observed_yes_long_only,2,97,6.3933333333333335,0.0659106529209622,0.2603548596785737,0.25315699120167573,4.836557525855982,0.9997184726056334,0.7060833333333334,-0.17196666666666666,0.16494845360824742,63,98,1.5555555555555556,4.94,1.2941970310391362,3.1030701754385963,7.373333333333333,0.07523809523809523,,
S063389,matern,event_day_open,none,long_only,3,equal_budget,roi,0.1,robust_0.10c,observed_yes_long_only,3,97,6.3933333333333335,0.0659106529209622,0.2603548596785737,0.25315699120167573,4.836557525855982,0.9997184726056334,0.7060833333333334,-0.17196666666666666,0.16494845360824742,63,98,1.5555555555555556,4.94,1.2941970310391362,3.1030701754385963,7.373333333333333,0.07523809523809523,,
S063434,matern,event_day_open,none,long_only,3,equal_budget,logit_gap,0.1,robust_0.10c,observed_yes_long_only,3,97,6.3933333333333335,0.0659106529209622,0.2603548596785737,0.25315699120167573,4.836557525855982,0.9997184726056334,0.7060833333333334,-0.17196666666666666,0.16494845360824742,63,98,1.5555555555555556,4.94,1.2941970310391362,3.1030701754385963,7.373333333333333,0.07523809523809523,,
S063884,matern,event_day_open,none,long_only,5,equal_budget,edge,0.1,robust_0.10c,observed_yes_long_only,2,97,6.3933333333333335,0.0659106529209622,0.2603548596785737,0.25315699120167573,4.836557525855982,0.9997184726056334,0.7060833333333334,-0.17196666666666666,0.16494845360824742,63,98,1.5555555555555556,4.94,1.2941970310391362,3.1030701754385963,7.373333333333333,0.07523809523809523,,
S063929,matern,event_day_open,none,long_only,5,equal_budget,roi,0.1,robust_0.10c,observed_yes_long_only,3,97,6.3933333333333335,0.0659106529209622,0.2603548596785737,0.25315699120167573,4.836557525855982,0.9997184726056334,0.7060833333333334,-0.17196666666666666,0.16494845360824742,63,98,1.5555555555555556,4.94,1.2941970310391362,3.1030701754385963,7.373333333333333,0.07523809523809523,,
S063974,matern,event_day_open,none,long_only,5,equal_budget,logit_gap,0.1,robust_0.10c,observed_yes_long_only,3,97,6.3933333333333335,0.0659106529209622,0.2603548596785737,0.25315699120167573,4.836557525855982,0.9997184726056334,0.7060833333333334,-0.17196666666666666,0.16494845360824742,63,98,1.5555555555555556,4.94,1.2941970310391362,3.1030701754385963,7.373333333333333,0.07523809523809523,,
S064424,matern,event_day_open,none,long_only,11,equal_budget,edge,0.1,robust_0.10c,observed_yes_long_only,2,97,6.3933333333333335,0.0659106529209622,0.2603548596785737,0.25315699120167573,4.836557525855982,0.9997184726056334,0.7060833333333334,-0.17196666666666666,0.16494845360824742,63,98,1.5555555555555556,4.94,1.2941970310391362,3.1030701754385963,7.373333333333333,0.07523809523809523,,
S064469,matern,event_day_open,none,long_only,11,equal_budget,roi,0.1,robust_0.10c,observed_yes_long_only,3,97,6.3933333333333335,0.0659106529209622,0.2603548596785737,0.25315699120167573,4.836557525855982,0.9997184726056334,0.7060833333333334,-0.17196666666666666,0.16494845360824742,63,98,1.5555555555555556,4.94,1.2941970310391362,3.1030701754385963,7.373333333333333,0.07523809523809523,,
S064514,matern,event_day_open,none,long_only,11,equal_budget,logit_gap,0.1,robust_0.10c,observed_yes_long_only,3,97,6.3933333333333335,0.0659106529209622,0.2603548596785737,0.25315699120167573,4.836557525855982,0.9997184726056334,0.7060833333333334,-0.17196666666666666,0.16494845360824742,63,98,1.5555555555555556,4.94,1.2941970310391362,3.1030701754385963,7.373333333333333,0.07523809523809523,,
S063111,matern,event_day_open,none,long_only,2,quarter_kelly,roi,0.07,robust_0.25c,observed_yes_long_only,4,97,0.3861161694417807,0.00398057906641011,0.01572471962725963,0.2531414970038363,4.836261509621899,0.9998196793403207,0.045133272384581785,-0.00770764058274454,0.16494845360824742,71,111,1.5633802816901408,0.3646156799302553,1.058967539508005,3.0684403657342383,1.4961161694417808,0.013478524049025052,,
S063156,matern,event_day_open,none,long_only,2,quarter_kelly,logit_gap,0.07,robust_0.25c,observed_yes_long_only,4,97,0.3861161694417807,0.00398057906641011,0.01572471962725963,0.2531414970038363,4.836261509621899,0.9998196793403207,0.045133272384581785,-0.00770764058274454,0.16494845360824742,71,111,1.5633802816901408,0.3646156799302553,1.058967539508005,3.0684403657342383,1.4961161694417808,0.013478524049025052,,
S019815,static,24h_prior,none,short_only,1,one_share,edge,0.25,none,includes_synthetic_short_yes,0,97,2.38,0.024536082474226804,0.0969377014134669,0.2531118658319886,4.835695406878618,0.9999987473840615,0.0,0.0,0.061855670103092786,6,6,1.0,3.62,0.6574585635359116,,2.44,0.4066666666666667,,
S019830,static,24h_prior,none,short_only,1,one_share,roi,0.25,none,includes_synthetic_short_yes,1,97,2.38,0.024536082474226804,0.0969377014134669,0.2531118658319886,4.835695406878618,0.9999987473840615,0.0,0.0,0.061855670103092786,6,6,1.0,3.62,0.6574585635359116,,2.44,0.4066666666666667,,
S019845,static,24h_prior,none,short_only,1,one_share,logit_gap,0.25,none,includes_synthetic_short_yes,1,97,2.38,0.024536082474226804,0.0969377014134669,0.2531118658319886,4.835695406878618,0.9999987473840615,0.0,0.0,0.061855670103092786,6,6,1.0,3.62,0.6574585635359116,,2.44,0.4066666666666667,,
S019860,static,24h_prior,none,short_only,1,equal_budget,edge,0.25,none,includes_synthetic_short_yes,0,97,2.38,0.024536082474226804,0.0969377014134669,0.2531118658319886,4.835695406878618,0.9999987473840615,0.0,0.0,0.061855670103092786,6,6,1.0,3.62,0.6574585635359116,,2.44,0.4066666666666667,,
S019875,static,24h_prior,none,short_only,1,equal_budget,roi,0.25,none,includes_synthetic_short_yes,1,97,2.38,0.024536082474226804,0.0969377014134669,0.2531118658319886,4.835695406878618,0.9999987473840615,0.0,0.0,0.061855670103092786,6,6,1.0,3.62,0.6574585635359116,,2.44,0.4066666666666667,,
S019890,static,24h_prior,none,short_only,1,equal_budget,logit_gap,0.25,none,includes_synthetic_short_yes,1,97,2.38,0.024536082474226804,0.0969377014134669,0.2531118658319886,4.835695406878618,0.9999987473840615,0.0,0.0,0.061855670103092786,6,6,1.0,3.62,0.6574585635359116,,2.44,0.4066666666666667,,
S019905,static,24h_prior,none,short_only,1,edge_weighted,edge,0.25,none,includes_synthetic_short_yes,1,97,2.38,0.024536082474226804,0.0969377014134669,0.2531118658319886,4.835695406878618,0.9999987473840615,0.0,0.0,0.061855670103092786,6,6,1.0,3.62,0.6574585635359116,,2.44,0.4066666666666667,,
S019920,static,24h_prior,none,short_only,1,edge_weighted,roi,0.25,none,includes_synthetic_short_yes,2,97,2.38,0.024536082474226804,0.0969377014134669,0.2531118658319886,4.835695406878618,0.9999987473840615,0.0,0.0,0.061855670103092786,6,6,1.0,3.62,0.6574585635359116,,2.44,0.4066666666666667,,
S019935,static,24h_prior,none,short_only,1,edge_weighted,logit_gap,0.25,none,includes_synthetic_short_yes,2,97,2.38,0.024536082474226804,0.0969377014134669,0.2531118658319886,4.835695406878618,0.9999987473840615,0.0,0.0,0.061855670103092786,6,6,1.0,3.62,0.6574585635359116,,2.44,0.4066666666666667,,
S019995,static,24h_prior,none,short_only,2,one_share,edge,0.25,none,includes_synthetic_short_yes,1,97,2.38,0.024536082474226804,0.0969377014134669,0.2531118658319886,4.835695406878618,0.9999987473840615,0.0,0.0,0.061855670103092786,6,6,1.0,3.62,0.6574585635359116,,2.44,0.4066666666666667,,
S020010,static,24h_prior,none,short_only,2,one_share,roi,0.25,none,includes_synthetic_short_yes,2,97,2.38,0.024536082474226804,0.0969377014134669,0.2531118658319886,4.835695406878618,0.9999987473840615,0.0,0.0,0.061855670103092786,6,6,1.0,3.62,0.6574585635359116,,2.44,0.4066666666666667,,
S020025,static,24h_prior,none,short_only,2,one_share,logit_gap,0.25,none,includes_synthetic_short_yes,2,97,2.38,0.024536082474226804,0.0969377014134669,0.2531118658319886,4.835695406878618,0.9999987473840615,0.0,0.0,0.061855670103092786,6,6,1.0,3.62,0.6574585635359116,,2.44,0.4066666666666667,,
S020040,static,24h_prior,none,short_only,2,equal_budget,edge,0.25,none,includes_synthetic_short_yes,1,97,2.38,0.024536082474226804,0.0969377014134669,0.2531118658319886,4.835695406878618,0.9999987473840615,0.0,0.0,0.061855670103092786,6,6,1.0,3.62,0.6574585635359116,,2.44,0.4066666666666667,,
S020055,static,24h_prior,none,short_only,2,equal_budget,roi,0.25,none,includes_synthetic_short_yes,2,97,2.38,0.024536082474226804,0.0969377014134669,0.2531118658319886,4.835695406878618,0.9999987473840615,0.0,0.0,0.061855670103092786,6,6,1.0,3.62,0.6574585635359116,,2.44,0.4066666666666667,,
S020070,static,24h_prior,none,short_only,2,equal_budget,logit_gap,0.25,none,includes_synthetic_short_yes,2,97,2.38,0.024536082474226804,0.0969377014134669,0.2531118658319886,4.835695406878618,0.9999987473840615,0.0,0.0,0.061855670103092786,6,6,1.0,3.62,0.6574585635359116,,2.44,0.4066666666666667,,
S020085,static,24h_prior,none,short_only,2,edge_weighted,edge,0.25,none,includes_synthetic_short_yes,2,97,2.38,0.024536082474226804,0.0969377014134669,0.2531118658319886,4.835695406878618,0.9999987473840615,0.0,0.0,0.061855670103092786,6,6,1.0,3.62,0.6574585635359116,,2.44,0.4066666666666667,,
S020100,static,24h_prior,none,short_only,2,edge_weighted,roi,0.25,none,includes_synthetic_short_yes,3,97,2.38,0.024536082474226804,0.0969377014134669,0.2531118658319886,4.835695406878618,0.9999987473840615,0.0,0.0,0.061855670103092786,6,6,1.0,3.62,0.6574585635359116,,2.44,0.4066666666666667,,
S020115,static,24h_prior,none,short_only,2,edge_weighted,logit_gap,0.25,none,includes_synthetic_short_yes,3,97,2.38,0.024536082474226804,0.0969377014134669,0.2531118658319886,4.835695406878618,0.9999987473840615,0.0,0.0,0.061855670103092786,6,6,1.0,3.62,0.6574585635359116,,2.44,0.4066666666666667,,
S020175,static,24h_prior,none,short_only,3,one_share,edge,0.25,none,includes_synthetic_short_yes,1,97,2.38,0.024536082474226804,0.0969377014134669,0.2531118658319886,4.835695406878618,0.9999987473840615,0.0,0.0,0.061855670103092786,6,6,1.0,3.62,0.6574585635359116,,2.44,0.4066666666666667,,
S020190,static,24h_prior,none,short_only,3,one_share,roi,0.25,none,includes_synthetic_short_yes,2,97,2.38,0.024536082474226804,0.0969377014134669,0.2531118658319886,4.835695406878618,0.9999987473840615,0.0,0.0,0.061855670103092786,6,6,1.0,3.62,0.6574585635359116,,2.44,0.4066666666666667,,
S020205,static,24h_prior,none,short_only,3,one_share,logit_gap,0.25,none,includes_synthetic_short_yes,2,97,2.38,0.024536082474226804,0.0969377014134669,0.2531118658319886,4.835695406878618,0.9999987473840615,0.0,0.0,0.061855670103092786,6,6,1.0,3.62,0.6574585635359116,,2.44,0.4066666666666667,,
S020220,static,24h_prior,none,short_only,3,equal_budget,edge,0.25,none,includes_synthetic_short_yes,1,97,2.38,0.024536082474226804,0.0969377014134669,0.2531118658319886,4.835695406878618,0.9999987473840615,0.0,0.0,0.061855670103092786,6,6,1.0,3.62,0.6574585635359116,,2.44,0.4066666666666667,,
S020235,static,24h_prior,none,short_only,3,equal_budget,roi,0.25,none,includes_synthetic_short_yes,2,97,2.38,0.024536082474226804,0.0969377014134669,0.2531118658319886,4.835695406878618,0.9999987473840615,0.0,0.0,0.061855670103092786,6,6,1.0,3.62,0.6574585635359116,,2.44,0.4066666666666667,,
S020250,static,24h_prior,none,short_only,3,equal_budget,logit_gap,0.25,none,includes_synthetic_short_yes,2,97,2.38,0.024536082474226804,0.0969377014134669,0.2531118658319886,4.835695406878618,0.9999987473840615,0.0,0.0,0.061855670103092786,6,6,1.0,3.62,0.6574585635359116,,2.44,0.4066666666666667,,
S020265,static,24h_prior,none,short_only,3,edge_weighted,edge,0.25,none,includes_synthetic_short_yes,2,97,2.38,0.024536082474226804,0.0969377014134669,0.2531118658319886,4.835695406878618,0.9999987473840615,0.0,0.0,0.061855670103092786,6,6,1.0,3.62,0.6574585635359116,,2.44,0.4066666666666667,,
S020280,static,24h_prior,none,short_only,3,edge_weighted,roi,0.25,none,includes_synthetic_short_yes,3,97,2.38,0.024536082474226804,0.0969377014134669,0.2531118658319886,4.835695406878618,0.9999987473840615,0.0,0.0,0.061855670103092786,6,6,1.0,3.62,0.6574585635359116,,2.44,0.4066666666666667,,
S020295,static,24h_prior,none,short_only,3,edge_weighted,logit_gap,0.25,none,includes_synthetic_short_yes,3,97,2.38,0.024536082474226804,0.0969377014134669,0.2531118658319886,4.835695406878618,0.9999987473840615,0.0,0.0,0.061855670103092786,6,6,1.0,3.62,0.6574585635359116,,2.44,0.4066666666666667,,
S020355,static,24h_prior,none,short_only,5,one_share,edge,0.25,none,includes_synthetic_short_yes,1,97,2.38,0.024536082474226804,0.0969377014134669,0.2531118658319886,4.835695406878618,0.9999987473840615,0.0,0.0,0.061855670103092786,6,6,1.0,3.62,0.6574585635359116,,2.44,0.4066666666666667,,
S020370,static,24h_prior,none,short_only,5,one_share,roi,0.25,none,includes_synthetic_short_yes,2,97,2.38,0.024536082474226804,0.0969377014134669,0.2531118658319886,4.835695406878618,0.9999987473840615,0.0,0.0,0.061855670103092786,6,6,1.0,3.62,0.6574585635359116,,2.44,0.4066666666666667,,
S020385,static,24h_prior,none,short_only,5,one_share,logit_gap,0.25,none,includes_synthetic_short_yes,2,97,2.38,0.024536082474226804,0.0969377014134669,0.2531118658319886,4.835695406878618,0.9999987473840615,0.0,0.0,0.061855670103092786,6,6,1.0,3.62,0.6574585635359116,,2.44,0.4066666666666667,,
S020400,static,24h_prior,none,short_only,5,equal_budget,edge,0.25,none,includes_synthetic_short_yes,1,97,2.38,0.024536082474226804,0.0969377014134669,0.2531118658319886,4.835695406878618,0.9999987473840615,0.0,0.0,0.061855670103092786,6,6,1.0,3.62,0.6574585635359116,,2.44,0.4066666666666667,,
S020415,static,24h_prior,none,short_only,5,equal_budget,roi,0.25,none,includes_synthetic_short_yes,2,97,2.38,0.024536082474226804,0.0969377014134669,0.2531118658319886,4.835695406878618,0.9999987473840615,0.0,0.0,0.061855670103092786,6,6,1.0,3.62,0.6574585635359116,,2.44,0.4066666666666667,,
S020430,static,24h_prior,none,short_only,5,equal_budget,logit_gap,0.25,none,includes_synthetic_short_yes,2,97,2.38,0.024536082474226804,0.0969377014134669,0.2531118658319886,4.835695406878618,0.9999987473840615,0.0,0.0,0.061855670103092786,6,6,1.0,3.62,0.6574585635359116,,2.44,0.4066666666666667,,
S020445,static,24h_prior,none,short_only,5,edge_weighted,edge,0.25,none,includes_synthetic_short_yes,2,97,2.38,0.024536082474226804,0.0969377014134669,0.2531118658319886,4.835695406878618,0.9999987473840615,0.0,0.0,0.061855670103092786,6,6,1.0,3.62,0.6574585635359116,,2.44,0.4066666666666667,,
S020460,static,24h_prior,none,short_only,5,edge_weighted,roi,0.25,none,includes_synthetic_short_yes,3,97,2.38,0.024536082474226804,0.0969377014134669,0.2531118658319886,4.835695406878618,0.9999987473840615,0.0,0.0,0.061855670103092786,6,6,1.0,3.62,0.6574585635359116,,2.44,0.4066666666666667,,
S020475,static,24h_prior,none,short_only,5,edge_weighted,logit_gap,0.25,none,includes_synthetic_short_yes,3,97,2.38,0.024536082474226804,0.0969377014134669,0.2531118658319886,4.835695406878618,0.9999987473840615,0.0,0.0,0.061855670103092786,6,6,1.0,3.62,0.6574585635359116,,2.44,0.4066666666666667,,
S020535,static,24h_prior,none,short_only,11,one_share,edge,0.25,none,includes_synthetic_short_yes,1,97,2.38,0.024536082474226804,0.0969377014134669,0.2531118658319886,4.835695406878618,0.9999987473840615,0.0,0.0,0.061855670103092786,6,6,1.0,3.62,0.6574585635359116,,2.44,0.4066666666666667,,
S020550,static,24h_prior,none,short_only,11,one_share,roi,0.25,none,includes_synthetic_short_yes,2,97,2.38,0.024536082474226804,0.0969377014134669,0.2531118658319886,4.835695406878618,0.9999987473840615,0.0,0.0,0.061855670103092786,6,6,1.0,3.62,0.6574585635359116,,2.44,0.4066666666666667,,
S020565,static,24h_prior,none,short_only,11,one_share,logit_gap,0.25,none,includes_synthetic_short_yes,2,97,2.38,0.024536082474226804,0.0969377014134669,0.2531118658319886,4.835695406878618,0.9999987473840615,0.0,0.0,0.061855670103092786,6,6,1.0,3.62,0.6574585635359116,,2.44,0.4066666666666667,,
S020580,static,24h_prior,none,short_only,11,equal_budget,edge,0.25,none,includes_synthetic_short_yes,1,97,2.38,0.024536082474226804,0.0969377014134669,0.2531118658319886,4.835695406878618,0.9999987473840615,0.0,0.0,0.061855670103092786,6,6,1.0,3.62,0.6574585635359116,,2.44,0.4066666666666667,,
S020595,static,24h_prior,none,short_only,11,equal_budget,roi,0.25,none,includes_synthetic_short_yes,2,97,2.38,0.024536082474226804,0.0969377014134669,0.2531118658319886,4.835695406878618,0.9999987473840615,0.0,0.0,0.061855670103092786,6,6,1.0,3.62,0.6574585635359116,,2.44,0.4066666666666667,,
S020610,static,24h_prior,none,short_only,11,equal_budget,logit_gap,0.25,none,includes_synthetic_short_yes,2,97,2.38,0.024536082474226804,0.0969377014134669,0.2531118658319886,4.835695406878618,0.9999987473840615,0.0,0.0,0.061855670103092786,6,6,1.0,3.62,0.6574585635359116,,2.44,0.4066666666666667,,
S020625,static,24h_prior,none,short_only,11,edge_weighted,edge,0.25,none,includes_synthetic_short_yes,2,97,2.38,0.024536082474226804,0.0969377014134669,0.2531118658319886,4.835695406878618,0.9999987473840615,0.0,0.0,0.061855670103092786,6,6,1.0,3.62,0.6574585635359116,,2.44,0.4066666666666667,,
S020640,static,24h_prior,none,short_only,11,edge_weighted,roi,0.25,none,includes_synthetic_short_yes,3,97,2.38,0.024536082474226804,0.0969377014134669,0.2531118658319886,4.835695406878618,0.9999987473840615,0.0,0.0,0.061855670103092786,6,6,1.0,3.62,0.6574585635359116,,2.44,0.4066666666666667,,
S020655,static,24h_prior,none,short_only,11,edge_weighted,logit_gap,0.25,none,includes_synthetic_short_yes,3,97,2.38,0.024536082474226804,0.0969377014134669,0.2531118658319886,4.835695406878618,0.9999987473840615,0.0,0.0,0.061855670103092786,6,6,1.0,3.62,0.6574585635359116,,2.44,0.4066666666666667,,
S043286,matern,24h_prior,none,long_short,1,one_share,roi,0.2,robust_0.10c,includes_synthetic_short_yes,3,97,3.294,0.03395876288659794,0.13420513818449825,0.25303623502039985,4.834250482252046,0.9983205530356233,0.4750000000000001,-0.13520000000000001,0.10309278350515463,15,15,1.0,6.706,0.49120190873844316,5.872781065088756,3.444,0.2296,,
S043331,matern,24h_prior,none,long_short,1,one_share,logit_gap,0.2,robust_0.10c,includes_synthetic_short_yes,3,97,3.294,0.03395876288659794,0.13420513818449825,0.25303623502039985,4.834250482252046,0.9983205530356233,0.4750000000000001,-0.13520000000000001,0.10309278350515463,15,15,1.0,6.706,0.49120190873844316,5.872781065088756,3.444,0.2296,,
S043421,matern,24h_prior,none,long_short,1,equal_budget,roi,0.2,robust_0.10c,includes_synthetic_short_yes,3,97,3.294,0.03395876288659794,0.13420513818449825,0.25303623502039985,4.834250482252046,0.9983205530356233,0.4750000000000001,-0.13520000000000001,0.10309278350515463,15,15,1.0,6.706,0.49120190873844316,5.872781065088756,3.444,0.2296,,
S043466,matern,24h_prior,none,long_short,1,equal_budget,logit_gap,0.2,robust_0.10c,includes_synthetic_short_yes,3,97,3.294,0.03395876288659794,0.13420513818449825,0.25303623502039985,4.834250482252046,0.9983205530356233,0.4750000000000001,-0.13520000000000001,0.10309278350515463,15,15,1.0,6.706,0.49120190873844316,5.872781065088756,3.444,0.2296,,
S043556,matern,24h_prior,none,long_short,1,edge_weighted,roi,0.2,robust_0.10c,includes_synthetic_short_yes,4,97,3.294,0.03395876288659794,0.13420513818449825,0.25303623502039985,4.834250482252046,0.9983205530356233,0.4750000000000001,-0.13520000000000001,0.10309278350515463,15,15,1.0,6.706,0.49120190873844316,5.872781065088756,3.444,0.2296,,
S043601,matern,24h_prior,none,long_short,1,edge_weighted,logit_gap,0.2,robust_0.10c,includes_synthetic_short_yes,4,97,3.294,0.03395876288659794,0.13420513818449825,0.25303623502039985,4.834250482252046,0.9983205530356233,0.4750000000000001,-0.13520000000000001,0.10309278350515463,15,15,1.0,6.706,0.49120190873844316,5.872781065088756,3.444,0.2296,,
S019973,static,24h_prior,none,short_only,1,quarter_kelly,logit_gap,0.08,none,includes_synthetic_short_yes,2,97,1.0846515128188479,0.011181974358957195,0.04419942417582224,0.2529891410909807,4.83335075399381,0.9844569612474453,0.2806847501313563,-0.09998395718967405,0.6288659793814433,79,79,1.0,6.6986377723328925,0.16192120692041886,1.8635128398302654,1.874651512818848,0.02372976598504871,,
S023833,static,12h_prior,none,long_short,3,equal_budget,roi,0.18,none,includes_synthetic_short_yes,3,97,6.132583333333333,0.06322250859106529,0.2499945273479848,0.25289557040207317,4.831563088492308,0.9889086638645658,1.205,-0.602,0.28865979381443296,37,56,1.5135135135135136,20.034083333333335,0.3061075084543423,2.4861464517953062,6.692583333333333,0.11951041666666666,,
S066304,matern,event_day_open,none,short_only,3,quarter_kelly,edge,0.07,none,includes_synthetic_short_yes,2,97,1.4417162852755439,0.01486305448737674,0.058836244223756023,0.25261732259544123,4.82624717161073,0.9950083246319037,0.3622553474952346,-0.07122832605101749,0.4329896907216495,92,163,1.7717391304347827,12.462233761046969,0.11568682733122022,1.8315847523067714,3.071716285275544,0.018844885185739534,,
S066349,matern,event_day_open,none,short_only,3,quarter_kelly,roi,0.07,none,includes_synthetic_short_yes,3,97,1.4417162852755439,0.01486305448737674,0.058836244223756023,0.25261732259544123,4.82624717161073,0.9950083246319037,0.3622553474952346,-0.07122832605101749,0.4329896907216495,92,163,1.7717391304347827,12.462233761046969,0.11568682733122022,1.8315847523067714,3.071716285275544,0.018844885185739534,,
S066394,matern,event_day_open,none,short_only,3,quarter_kelly,logit_gap,0.07,none,includes_synthetic_short_yes,3,97,1.4417162852755439,0.01486305448737674,0.058836244223756023,0.25261732259544123,4.82624717161073,0.9950083246319037,0.3622553474952346,-0.07122832605101749,0.4329896907216495,92,163,1.7717391304347827,12.462233761046969,0.11568682733122022,1.8315847523067714,3.071716285275544,0.018844885185739534,,
S066844,matern,event_day_open,none,short_only,5,quarter_kelly,edge,0.07,none,includes_synthetic_short_yes,2,97,1.4417162852755439,0.01486305448737674,0.058836244223756023,0.25261732259544123,4.82624717161073,0.9950083246319037,0.3622553474952346,-0.07122832605101749,0.4329896907216495,92,163,1.7717391304347827,12.462233761046969,0.11568682733122022,1.8315847523067714,3.071716285275544,0.018844885185739534,,
S066889,matern,event_day_open,none,short_only,5,quarter_kelly,roi,0.07,none,includes_synthetic_short_yes,3,97,1.4417162852755439,0.01486305448737674,0.058836244223756023,0.25261732259544123,4.82624717161073,0.9950083246319037,0.3622553474952346,-0.07122832605101749,0.4329896907216495,92,163,1.7717391304347827,12.462233761046969,0.11568682733122022,1.8315847523067714,3.071716285275544,0.018844885185739534,,
S066934,matern,event_day_open,none,short_only,5,quarter_kelly,logit_gap,0.07,none,includes_synthetic_short_yes,3,97,1.4417162852755439,0.01486305448737674,0.058836244223756023,0.25261732259544123,4.82624717161073,0.9950083246319037,0.3622553474952346,-0.07122832605101749,0.4329896907216495,92,163,1.7717391304347827,12.462233761046969,0.11568682733122022,1.8315847523067714,3.071716285275544,0.018844885185739534,,
S067384,matern,event_day_open,none,short_only,11,quarter_kelly,edge,0.07,none,includes_synthetic_short_yes,2,97,1.4417162852755439,0.01486305448737674,0.058836244223756023,0.25261732259544123,4.82624717161073,0.9950083246319037,0.3622553474952346,-0.07122832605101749,0.4329896907216495,92,163,1.7717391304347827,12.462233761046969,0.11568682733122022,1.8315847523067714,3.071716285275544,0.018844885185739534,,
S067429,matern,event_day_open,none,short_only,11,quarter_kelly,roi,0.07,none,includes_synthetic_short_yes,3,97,1.4417162852755439,0.01486305448737674,0.058836244223756023,0.25261732259544123,4.82624717161073,0.9950083246319037,0.3622553474952346,-0.07122832605101749,0.4329896907216495,92,163,1.7717391304347827,12.462233761046969,0.11568682733122022,1.8315847523067714,3.071716285275544,0.018844885185739534,,
S067474,matern,event_day_open,none,short_only,11,quarter_kelly,logit_gap,0.07,none,includes_synthetic_short_yes,3,97,1.4417162852755439,0.01486305448737674,0.058836244223756023,0.25261732259544123,4.82624717161073,0.9950083246319037,0.3622553474952346,-0.07122832605101749,0.4329896907216495,92,163,1.7717391304347827,12.462233761046969,0.11568682733122022,1.8315847523067714,3.071716285275544,0.018844885185739534,,
S028442,static,event_day_open,none,short_only,5,one_share,edge,0.02,none,includes_synthetic_short_yes,1,97,10.997499999999997,0.11337628865979378,0.4490129860253663,0.25250113513061906,4.824027413212083,0.9961640779381715,2.5690000000000026,-0.396,0.36082474226804123,93,213,2.2903225806451615,143.0025,0.07690424992570058,1.86160294578502,13.127499999999998,0.06163145539906102,,
S028457,static,event_day_open,none,short_only,5,one_share,roi,0.02,none,includes_synthetic_short_yes,2,97,10.997499999999997,0.11337628865979378,0.4490129860253663,0.25250113513061906,4.824027413212083,0.9961640779381715,2.5690000000000026,-0.396,0.36082474226804123,93,213,2.2903225806451615,143.0025,0.07690424992570058,1.86160294578502,13.127499999999998,0.06163145539906102,,
S028472,static,event_day_open,none,short_only,5,one_share,logit_gap,0.02,none,includes_synthetic_short_yes,2,97,10.997499999999997,0.11337628865979378,0.4490129860253663,0.25250113513061906,4.824027413212083,0.9961640779381715,2.5690000000000026,-0.396,0.36082474226804123,93,213,2.2903225806451615,143.0025,0.07690424992570058,1.8616029457850198,13.127499999999998,0.06163145539906102,,
S028622,static,event_day_open,none,short_only,11,one_share,edge,0.02,none,includes_synthetic_short_yes,1,97,10.997499999999997,0.11337628865979378,0.4490129860253663,0.25250113513061906,4.824027413212083,0.9961640779381715,2.5690000000000026,-0.396,0.36082474226804123,93,213,2.2903225806451615,143.0025,0.07690424992570058,1.86160294578502,13.127499999999998,0.06163145539906102,,
S028637,static,event_day_open,none,short_only,11,one_share,roi,0.02,none,includes_synthetic_short_yes,2,97,10.997499999999997,0.11337628865979378,0.4490129860253663,0.25250113513061906,4.824027413212083,0.9961640779381715,2.5690000000000026,-0.396,0.36082474226804123,93,213,2.2903225806451615,143.0025,0.07690424992570058,1.86160294578502,13.127499999999998,0.06163145539906102,,
S028652,static,event_day_open,none,short_only,11,one_share,logit_gap,0.02,none,includes_synthetic_short_yes,2,97,10.997499999999997,0.11337628865979378,0.4490129860253663,0.25250113513061906,4.824027413212083,0.9961640779381715,2.5690000000000026,-0.396,0.36082474226804123,93,213,2.2903225806451615,143.0025,0.07690424992570058,1.8616029457850198,13.127499999999998,0.06163145539906102,,
S070071,matern,event_day_open,none,long_short,11,quarter_kelly,edge,0.02,robust_0.25c,includes_synthetic_short_yes,4,97,1.72861340795458,0.017820756783036906,0.070635452997625,0.25229195859529774,4.820031101116026,0.9960999663206627,0.4838512840819227,-0.07748348573669099,0.3917525773195876,93,441,4.741935483870968,15.490032588269404,0.11159520795738405,1.8870312848965878,6.13861340795458,0.013919758294681587,,
S070116,matern,event_day_open,none,long_short,11,quarter_kelly,roi,0.02,robust_0.25c,includes_synthetic_short_yes,5,97,1.72861340795458,0.017820756783036906,0.070635452997625,0.25229195859529774,4.820031101116026,0.9960999663206627,0.4838512840819231,-0.077483485736691,0.3917525773195876,93,441,4.741935483870968,15.490032588269404,0.11159520795738405,1.887031284896588,6.13861340795458,0.013919758294681587,,
S070161,matern,event_day_open,none,long_short,11,quarter_kelly,logit_gap,0.02,robust_0.25c,includes_synthetic_short_yes,5,97,1.7286134079545799,0.017820756783036906,0.070635452997625,0.25229195859529774,4.820031101116026,0.9960999663206627,0.4838512840819231,-0.07748348573669099,0.3917525773195876,93,441,4.741935483870968,15.490032588269404,0.11159520795738403,1.8870312848965882,6.13861340795458,0.013919758294681587,,
S066917,matern,event_day_open,none,short_only,5,quarter_kelly,logit_gap,0.01,robust_0.10c,includes_synthetic_short_yes,4,97,1.4294073943486383,0.014736158704625137,0.05841939820402378,0.25224769781367157,4.819185500070374,0.9954393223783952,0.4379091779901516,-0.06901907508959551,0.44329896907216493,93,220,2.3655913978494625,17.308433787498753,0.0825844447798071,1.874846390267888,3.6294073943486387,0.016497306337948357,,
S028487,static,event_day_open,none,short_only,5,equal_budget,edge,0.02,none,includes_synthetic_short_yes,1,97,5.648858333333332,0.05823565292096219,0.23090521740276232,0.25220587726860744,4.8183865196787785,0.9964353796949857,1.6057249999999996,-0.22820000000000001,0.36082474226804123,93,213,2.2903225806451615,59.234474999999996,0.09536436903227948,1.8963157678998566,7.778858333333332,0.036520461658841936,,
S028502,static,event_day_open,none,short_only,5,equal_budget,roi,0.02,none,includes_synthetic_short_yes,2,97,5.648858333333332,0.05823565292096219,0.23090521740276232,0.25220587726860744,4.8183865196787785,0.9964353796949857,1.6057249999999996,-0.22820000000000001,0.36082474226804123,93,213,2.2903225806451615,59.234474999999996,0.09536436903227948,1.8963157678998566,7.778858333333332,0.036520461658841936,,
S028517,static,event_day_open,none,short_only,5,equal_budget,logit_gap,0.02,none,includes_synthetic_short_yes,2,97,5.648858333333332,0.05823565292096219,0.23090521740276232,0.25220587726860744,4.8183865196787785,0.9964353796949857,1.6057249999999996,-0.22820000000000001,0.36082474226804123,93,213,2.2903225806451615,59.234474999999996,0.09536436903227948,1.8963157678998566,7.778858333333332,0.036520461658841936,,
S028667,static,event_day_open,none,short_only,11,equal_budget,edge,0.02,none,includes_synthetic_short_yes,1,97,5.648858333333332,0.05823565292096219,0.23090521740276232,0.25220587726860744,4.8183865196787785,0.9964353796949857,1.6057249999999996,-0.22820000000000001,0.36082474226804123,93,213,2.2903225806451615,59.234474999999996,0.09536436903227948,1.8963157678998566,7.778858333333332,0.036520461658841936,,
S028682,static,event_day_open,none,short_only,11,equal_budget,roi,0.02,none,includes_synthetic_short_yes,2,97,5.648858333333332,0.05823565292096219,0.23090521740276232,0.25220587726860744,4.8183865196787785,0.9964353796949857,1.6057249999999996,-0.22820000000000001,0.36082474226804123,93,213,2.2903225806451615,59.234474999999996,0.09536436903227948,1.8963157678998566,7.778858333333332,0.036520461658841936,,
S028697,static,event_day_open,none,short_only,11,equal_budget,logit_gap,0.02,none,includes_synthetic_short_yes,2,97,5.648858333333332,0.05823565292096219,0.23090521740276232,0.25220587726860744,4.8183865196787785,0.9964353796949857,1.6057249999999996,-0.22820000000000001,0.36082474226804123,93,213,2.2903225806451615,59.234474999999996,0.09536436903227948,1.8963157678998566,7.778858333333332,0.036520461658841936,,
S041015,matern,24h_prior,none,short_only,1,quarter_kelly,logit_gap,0.07,robust_0.10c,includes_synthetic_short_yes,3,97,1.086527082760451,0.01120131013155104,0.04441879504721017,0.2521750110430914,4.817796821268296,0.9845330441508287,0.283975413820152,-0.09939461722261685,0.6082474226804123,77,77,1.0,6.691485729541688,0.16237456473435075,1.8636960499571897,1.856527082760451,0.024110741334551312,,
S041016,matern,24h_prior,none,short_only,1,quarter_kelly,logit_gap,0.07,robust_0.25c,includes_synthetic_short_yes,3,97,1.086527082760451,0.01120131013155104,0.04441879504721017,0.2521750110430914,4.817796821268296,0.9845330441508287,0.283975413820152,-0.09939461722261685,0.6082474226804123,77,77,1.0,6.691485729541688,0.16237456473435075,1.8636960499571897,1.856527082760451,0.024110741334551312,,
S041017,matern,24h_prior,none,short_only,1,quarter_kelly,logit_gap,0.08,none,includes_synthetic_short_yes,2,97,1.086527082760451,0.01120131013155104,0.04441879504721017,0.2521750110430914,4.817796821268296,0.9845330441508287,0.283975413820152,-0.09939461722261685,0.6082474226804123,77,77,1.0,6.691485729541688,0.16237456473435075,1.8636960499571897,1.856527082760451,0.024110741334551312,,
S041018,matern,24h_prior,none,short_only,1,quarter_kelly,logit_gap,0.08,robust_0.10c,includes_synthetic_short_yes,3,97,1.086527082760451,0.01120131013155104,0.04441879504721017,0.2521750110430914,4.817796821268296,0.9845330441508287,0.283975413820152,-0.09939461722261685,0.6082474226804123,77,77,1.0,6.691485729541688,0.16237456473435075,1.8636960499571897,1.856527082760451,0.024110741334551312,,
S041020,matern,24h_prior,none,short_only,1,quarter_kelly,logit_gap,0.09,none,includes_synthetic_short_yes,2,97,1.086527082760451,0.01120131013155104,0.04441879504721017,0.2521750110430914,4.817796821268296,0.9845330441508287,0.283975413820152,-0.09939461722261685,0.6082474226804123,77,77,1.0,6.691485729541688,0.16237456473435075,1.8636960499571897,1.856527082760451,0.024110741334551312,,
S069020,matern,event_day_open,none,long_short,3,quarter_kelly,edge,0.15,robust_0.10c,includes_synthetic_short_yes,4,97,1.4091791418316455,0.014527620018882944,0.057611483324448313,0.2521653528180887,4.8176123011387055,0.9937282277820362,0.22519220038326093,-0.08555498587508022,0.422680412371134,71,116,1.6338028169014085,6.476098896608259,0.2175969151072844,1.9320780290835087,2.569179141831645,0.022148096050272802,,
S070073,matern,event_day_open,none,long_short,11,quarter_kelly,edge,0.03,robust_0.10c,includes_synthetic_short_yes,4,97,1.7305780143624176,0.01784101045734451,0.07081173306082053,0.2519499196838013,4.813496456887237,0.9960345535148037,0.4941056122724554,-0.07854652194063215,0.3917525773195876,93,435,4.67741935483871,15.527036491356327,0.11145578329295516,1.8833011548350895,6.080578014362418,0.01397834026290211,,
S070118,matern,event_day_open,none,long_short,11,quarter_kelly,roi,0.03,robust_0.10c,includes_synthetic_short_yes,5,97,1.7305780143624176,0.01784101045734451,0.07081173306082053,0.2519499196838013,4.813496456887237,0.9960345535148037,0.4941056122724554,-0.07854652194063216,0.3917525773195876,93,435,4.67741935483871,15.527036491356329,0.11145578329295515,1.8833011548350895,6.080578014362418,0.01397834026290211,,
S070163,matern,event_day_open,none,long_short,11,quarter_kelly,logit_gap,0.03,robust_0.10c,includes_synthetic_short_yes,5,97,1.7305780143624172,0.017841010457344507,0.07081173306082053,0.25194991968380126,4.813496456887236,0.9960345535148037,0.4941056122724554,-0.07854652194063215,0.3917525773195876,93,435,4.67741935483871,15.527036491356329,0.11145578329295512,1.8833011548350895,6.080578014362418,0.01397834026290211,,
S070089,matern,event_day_open,none,long_short,11,quarter_kelly,edge,0.08,robust_0.25c,includes_synthetic_short_yes,4,97,1.6393734900528076,0.016900757629410387,0.06709284575496145,0.25190104010695646,4.812562613882833,0.9952169876076064,0.44222843462407035,-0.08253657031697129,0.44329896907216493,90,251,2.7888888888888888,11.018285006355656,0.14878662959863273,1.8542437560540317,4.149373490052808,0.016531368486266167,,
S070134,matern,event_day_open,none,long_short,11,quarter_kelly,roi,0.08,robust_0.25c,includes_synthetic_short_yes,5,97,1.6393734900528076,0.016900757629410387,0.06709284575496145,0.25190104010695646,4.812562613882833,0.9952169876076064,0.44222843462407035,-0.08253657031697129,0.44329896907216493,90,251,2.7888888888888888,11.018285006355656,0.14878662959863273,1.8542437560540317,4.149373490052808,0.016531368486266167,,
S070179,matern,event_day_open,none,long_short,11,quarter_kelly,logit_gap,0.08,robust_0.25c,includes_synthetic_short_yes,5,97,1.6393734900528074,0.016900757629410387,0.06709284575496145,0.25190104010695646,4.812562613882833,0.9952169876076064,0.44222843462407035,-0.08253657031697129,0.44329896907216493,90,251,2.7888888888888888,11.018285006355656,0.1487866295986327,1.8542437560540317,4.149373490052808,0.016531368486266167,,
S040948,matern,24h_prior,none,short_only,1,quarter_kelly,edge,0.25,none,includes_synthetic_short_yes,1,97,0.4546144593553468,0.004686747003663369,0.018609714677231725,0.2518441085718216,4.811474938431296,0.9999987385548951,0.0,0.0,0.061855670103092786,6,6,1.0,0.6571037055795675,0.6918458311757281,,0.5146144593553468,0.08576907655922446,,
